Opened,Closed,Symbol,Exp,Type,Legs,Quantity,Status,P/L,Risk,ROR,Premium,Reward/Risk,Open Price,Open Bid Price,Open Ask Price,Close Price,Close Bid Price,Close Ask Price,Max Loss,Max Profit,Price at Open,Price at Close
"Oct 5, 2026 1:30pm","Oct 5, 2026 2:29pm","SPX","Oct 5, 2026","ironcondor","long put 7,745 / short put 7,750 / short call 7,790 / long call 7,795","1","touch","-15","450","-3.33","50","11.11","0.5","0.4","0.6","0.65","0.55","0.75","450","50","7772.18","7781.29"
"Oct 2, 2026 1:30pm","Oct 2, 2026 4:00pm","SPX","Oct 2, 2026","ironcondor","long put 7,675 / short put 7,680 / short call 7,740 / long call 7,745","1","expired","65","435","14.94","65","14.94","0.65","0.55","0.75","0","","","435","65","7713.87","7724.38"
"Oct 1, 2026 1:30pm","Oct 1, 2026 4:00pm","SPX","Oct 1, 2026","ironcondor","long put 7,625 / short put 7,630 / short call 7,700 / long call 7,705","1","expired","70","430","16.28","70","16.28","0.7","0.6","0.8","0","","","430","70","7666.04","7667.96"
"Sep 30, 2026 1:30pm","Sep 30, 2026 4:00pm","SPX","Sep 30, 2026","ironcondor","long put 7,660 / short put 7,665 / short call 7,725 / long call 7,730","1","expired","-437","437","-100","63","14.42","0.63","0.5","0.75","5","","","437","63","7698.65","7652.38"
"Sep 29, 2026 1:30pm","Sep 29, 2026 2:42pm","SPX","Sep 29, 2026","ironcondor","long put 7,630 / short put 7,635 / short call 7,685 / long call 7,690","1","touch","-102","430","-23.72","70","16.28","0.7","0.6","0.8","1.72","1.6","1.85","430","70","7660.03","7680.79"
"Sep 28, 2026 1:30pm","Sep 28, 2026 4:00pm","SPX","Sep 28, 2026","ironcondor","long put 7,660 / short put 7,665 / short call 7,735 / long call 7,740","1","expired","60","440","13.64","60","13.64","0.6","0.5","0.7","0","","","440","60","7699.51","7684.41"
"Sep 25, 2026 1:30pm","Sep 25, 2026 4:00pm","SPX","Sep 25, 2026","ironcondor","long put 7,710 / short put 7,715 / short call 7,770 / long call 7,775","1","expired","55","445","12.36","55","12.36","0.55","0.45","0.65","0","","","445","55","7742.8","7743.41"
"Sep 24, 2026 1:30pm","Sep 24, 2026 4:00pm","SPX","Sep 24, 2026","ironcondor","long put 7,660 / short put 7,665 / short call 7,735 / long call 7,740","1","expired","63","437","14.42","63","14.42","0.63","0.5","0.75","0","","","437","63","7702.56","7704.13"
"Sep 22, 2026 1:30pm","Sep 22, 2026 4:00pm","SPX","Sep 22, 2026","ironcondor","long put 7,740 / short put 7,745 / short call 7,785 / long call 7,790","1","expired","38","462","8.23","38","8.23","0.38","0.25","0.5","0","","","462","38","7765.41","7764.64"
"Sep 18, 2026 1:30pm","Sep 18, 2026 2:23pm","SPX","Sep 18, 2026","ironcondor","long put 7,600 / short put 7,605 / short call 7,645 / long call 7,650","1","touch","-42","450","-9.33","50","11.11","0.5","0.4","0.6","0.92","0.8","1.05","450","50","7624.64","7635.53"
"Sep 16, 2026 1:30pm","Sep 16, 2026 4:00pm","SPX","Sep 16, 2026","ironcondor","long put 7,520 / short put 7,525 / short call 7,680 / long call 7,685","1","expired","87","413","21.07","87","21.07","0.87","0.75","1","0","","","413","87","7610.4","7551.81"
"Sep 15, 2026 1:30pm","Sep 15, 2026 2:14pm","SPX","Sep 15, 2026","ironcondor","long put 7,550 / short put 7,555 / short call 7,600 / long call 7,605","1","touch","-25","445","-5.62","55","12.36","0.55","0.45","0.65","0.8","0.7","0.9","445","55","7579.62","7590.15"
"Sep 14, 2026 1:30pm","Sep 14, 2026 4:00pm","SPX","Sep 14, 2026","ironcondor","long put 7,610 / short put 7,615 / short call 7,665 / long call 7,670","1","expired","52","448","11.61","52","11.61","0.52","0.4","0.65","0","","","448","52","7639.81","7619.98"
"Sep 10, 2026 1:30pm","Sep 10, 2026 4:00pm","SPX","Sep 10, 2026","ironcondor","long put 7,565 / short put 7,570 / short call 7,620 / long call 7,625","1","expired","60","440","13.64","60","13.64","0.6","0.5","0.7","0","","","440","60","7599.16","7591.7"
"Sep 9, 2026 1:30pm","Sep 9, 2026 4:00pm","SPX","Sep 9, 2026","ironcondor","long put 7,615 / short put 7,620 / short call 7,665 / long call 7,670","1","expired","48","452","10.62","48","10.62","0.48","0.35","0.6","0","","","452","48","7643.87","7636.36"
"Sep 8, 2026 1:30pm","Sep 8, 2026 2:49pm","SPX","Sep 8, 2026","ironcondor","long put 7,665 / short put 7,670 / short call 7,710 / long call 7,715","1","touch","-135","455","-29.67","45","9.89","0.45","0.35","0.55","1.8","1.25","2.35","455","45","7689.98","7676.11"
"Sep 4, 2026 1:30pm","Sep 4, 2026 4:00pm","SPX","Sep 4, 2026","ironcondor","long put 7,685 / short put 7,690 / short call 7,730 / long call 7,735","1","expired","60","440","13.64","60","13.64","0.6","0.5","0.7","0","","","440","60","7714.13","7718.6"
"Sep 2, 2026 1:30pm","Sep 2, 2026 4:00pm","SPX","Sep 2, 2026","ironcondor","long put 7,635 / short put 7,640 / short call 7,685 / long call 7,690","1","expired","45","455","9.89","45","9.89","0.45","0.35","0.55","0","","","455","45","7663.35","7666.6"
"Sep 1, 2026 1:30pm","Sep 1, 2026 2:45pm","SPX","Sep 1, 2026","ironcondor","long put 7,600 / short put 7,605 / short call 7,655 / long call 7,660","1","touch","-72","440","-16.36","60","13.64","0.6","0.5","0.7","1.32","1.2","1.45","440","60","7633.14","7613.78"
"Aug 31, 2026 1:30pm","Aug 31, 2026 1:55pm","SPX","Aug 31, 2026","ironcondor","long put 7,645 / short put 7,650 / short call 7,695 / long call 7,700","1","touch","-65","450","-14.44","50","11.11","0.5","0.4","0.6","1.15","1.05","1.25","450","50","7672.35","7685.05"
"Aug 28, 2026 1:30pm","Aug 28, 2026 4:00pm","SPX","Aug 28, 2026","ironcondor","long put 7,660 / short put 7,665 / short call 7,735 / long call 7,740","1","expired","65","435","14.94","65","14.94","0.65","0.55","0.75","0","","","435","65","7706.8","7711.76"
"Aug 26, 2026 1:30pm","Aug 26, 2026 2:47pm","SPX","Aug 26, 2026","ironcondor","long put 7,650 / short put 7,655 / short call 7,690 / long call 7,695","1","touch","-2","445","-0.45","55","12.36","0.55","0.4","0.7","0.57","0.45","0.7","445","55","7673.94","7680.7"
"Aug 25, 2026 1:30pm","Aug 25, 2026 2:49pm","SPX","Aug 25, 2026","ironcondor","long put 7,640 / short put 7,645 / short call 7,685 / long call 7,690","1","touch","0","455","0","45","9.89","0.45","0.35","0.55","0.45","0.35","0.55","455","45","7665.81","7675.67"
"Aug 24, 2026 1:30pm","Aug 24, 2026 2:15pm","SPX","Aug 24, 2026","ironcondor","long put 7,625 / short put 7,630 / short call 7,670 / long call 7,675","1","touch","-15","443","-3.39","57","12.87","0.57","0.45","0.7","0.72","0.6","0.85","443","57","7652.11","7660.49"
"Aug 21, 2026 1:30pm","Aug 21, 2026 4:00pm","SPX","Aug 21, 2026","ironcondor","long put 7,650 / short put 7,655 / short call 7,695 / long call 7,700","1","expired","55","445","12.36","55","12.36","0.55","0.45","0.65","0","","","445","55","7676.89","7674.37"
"Aug 20, 2026 1:30pm","Aug 20, 2026 4:00pm","SPX","Aug 20, 2026","ironcondor","long put 7,635 / short put 7,640 / short call 7,690 / long call 7,695","1","expired","55","445","12.36","55","12.36","0.55","0.45","0.65","0","","","445","55","7666.09","7641.16"
"Aug 19, 2026 1:30pm","Aug 19, 2026 4:00pm","SPX","Aug 19, 2026","ironcondor","long put 7,685 / short put 7,690 / short call 7,740 / long call 7,745","1","expired","58","442","13.12","58","13.12","0.58","0.45","0.7","0","","","442","58","7715.34","7707.98"
"Aug 18, 2026 1:30pm","Aug 18, 2026 4:00pm","SPX","Aug 18, 2026","ironcondor","long put 7,675 / short put 7,680 / short call 7,720 / long call 7,725","1","expired","55","445","12.36","55","12.36","0.55","0.45","0.65","0","","","445","55","7703.11","7691.76"
"Aug 17, 2026 1:30pm","Aug 17, 2026 4:00pm","SPX","Aug 17, 2026","ironcondor","long put 7,725 / short put 7,730 / short call 7,775 / long call 7,780","1","expired","52","448","11.61","52","11.61","0.52","0.4","0.65","0","","","448","52","7756.28","7745.06"
"Aug 14, 2026 1:30pm","Aug 14, 2026 4:00pm","SPX","Aug 14, 2026","ironcondor","long put 7,750 / short put 7,755 / short call 7,795 / long call 7,800","1","expired","47","453","10.38","47","10.38","0.47","0.35","0.6","0","","","453","47","7779.12","7785.76"
"Aug 13, 2026 1:30pm","Aug 13, 2026 2:47pm","SPX","Aug 13, 2026","ironcondor","long put 7,765 / short put 7,770 / short call 7,810 / long call 7,815","1","touch","-5","455","-1.1","45","9.89","0.45","0.35","0.55","0.5","0.4","0.6","455","45","7794.1","7800.61"
"Aug 12, 2026 1:30pm","Aug 12, 2026 4:00pm","SPX","Aug 12, 2026","ironcondor","long put 7,725 / short put 7,730 / short call 7,770 / long call 7,775","1","expired","50","450","11.11","50","11.11","0.5","0.4","0.6","0","","","450","50","7751.21","7748.5"
"Aug 11, 2026 1:30pm","Aug 11, 2026 4:00pm","SPX","Aug 11, 2026","ironcondor","long put 7,700 / short put 7,705 / short call 7,750 / long call 7,755","1","expired","62","438","14.16","62","14.16","0.62","0.5","0.75","0","","","438","62","7731.93","7728.2"
"Aug 10, 2026 1:30pm","Aug 10, 2026 4:00pm","SPX","Aug 10, 2026","ironcondor","long put 7,725 / short put 7,730 / short call 7,775 / long call 7,780","1","expired","35","465","7.53","35","7.53","0.35","0.25","0.45","0","","","465","35","7754.12","7753.11"
"Aug 7, 2026 1:30pm","Aug 7, 2026 4:00pm","SPX","Aug 7, 2026","ironcondor","long put 7,710 / short put 7,715 / short call 7,765 / long call 7,770","1","expired","55","445","12.36","55","12.36","0.55","0.45","0.65","0","","","445","55","7745.31","7757.64"
"Aug 6, 2026 1:30pm","Aug 6, 2026 2:22pm","SPX","Aug 6, 2026","ironcondor","long put 7,665 / short put 7,670 / short call 7,725 / long call 7,730","1","touch","-97","445","-21.8","55","12.36","0.55","0.45","0.65","1.52","1.4","1.65","445","55","7701.65","7719.27"
"Aug 5, 2026 1:30pm","Aug 5, 2026 4:00pm","SPX","Aug 5, 2026","ironcondor","long put 7,695 / short put 7,700 / short call 7,770 / long call 7,775","1","expired","53","447","11.86","53","11.86","0.53","0.4","0.65","0","","","447","53","7737.01","7723.55"
"Jul 31, 2026 1:30pm","Jul 31, 2026 4:00pm","SPX","Jul 31, 2026","ironcondor","long put 7,440 / short put 7,445 / short call 7,515 / long call 7,520","1","expired","65","435","14.94","65","14.94","0.65","0.55","0.75","0","","","435","65","7486.77","7489.72"
"Jul 29, 2026 1:30pm","Jul 29, 2026 4:00pm","SPX","Jul 29, 2026","ironcondor","long put 7,285 / short put 7,290 / short call 7,460 / long call 7,465","1","expired","103","397","25.94","103","25.94","1.03","0.85","1.2","0","","","397","103","7381.16","7316.15"
"Jul 28, 2026 1:30pm","Jul 28, 2026 4:00pm","SPX","Jul 28, 2026","ironcondor","long put 7,400 / short put 7,405 / short call 7,460 / long call 7,465","1","expired","75","425","17.65","75","17.65","0.75","0.65","0.85","0","","","425","75","7436.76","7428.78"
"Jul 27, 2026 1:30pm","Jul 27, 2026 3:17pm","SPX","Jul 27, 2026","ironcondor","long put 7,340 / short put 7,345 / short call 7,420 / long call 7,425","1","touch","-92","425","-21.65","75","17.65","0.75","0.65","0.85","1.67","1.55","1.8","425","75","7385.49","7416.57"
"Jul 24, 2026 1:30pm","Jul 24, 2026 2:36pm","SPX","Jul 24, 2026","ironcondor","long put 7,405 / short put 7,410 / short call 7,465 / long call 7,470","1","touch","-185","430","-43.02","70","16.28","0.7","0.6","0.8","2.55","2.4","2.7","430","70","7441.26","7404.85"
"Jul 22, 2026 1:30pm","Jul 22, 2026 4:00pm","SPX","Jul 22, 2026","ironcondor","long put 7,485 / short put 7,490 / short call 7,535 / long call 7,540","1","expired","38","462","8.23","38","8.23","0.38","0.25","0.5","0","","","462","38","7516.1","7498.96"
"Jul 20, 2026 1:30pm","Jul 20, 2026 4:00pm","SPX","Jul 20, 2026","ironcondor","long put 7,425 / short put 7,430 / short call 7,495 / long call 7,500","1","expired","55","445","12.36","55","12.36","0.55","0.45","0.65","0","","","445","55","7466.86","7443.28"
"Jul 17, 2026 1:30pm","Jul 17, 2026 2:16pm","SPX","Jul 17, 2026","ironcondor","long put 7,450 / short put 7,455 / short call 7,525 / long call 7,530","1","touch","-97","437","-22.2","63","14.42","0.63","0.5","0.75","1.6","1.4","1.8","437","63","7494.84","7463.31"
"Jul 16, 2026 1:30pm","Jul 16, 2026 2:05pm","SPX","Jul 16, 2026","ironcondor","long put 7,520 / short put 7,525 / short call 7,575 / long call 7,580","1","touch","-52","425","-12.24","75","17.65","0.75","0.65","0.85","1.27","1.15","1.4","425","75","7552.82","7534.14"
"Jul 15, 2026 1:30pm","Jul 15, 2026 1:50pm","SPX","Jul 15, 2026","ironcondor","long put 7,525 / short put 7,530 / short call 7,575 / long call 7,580","1","touch","-55","445","-12.36","55","12.36","0.55","0.45","0.65","1.1","1","1.2","445","55","7553.92","7565.97"
"Jul 14, 2026 1:30pm","Jul 14, 2026 4:00pm","SPX","Jul 14, 2026","ironcondor","long put 7,515 / short put 7,520 / short call 7,570 / long call 7,575","1","expired","50","450","11.11","50","11.11","0.5","0.4","0.6","0","","","450","50","7549.52","7543.59"
"Jul 13, 2026 1:30pm","Jul 13, 2026 4:00pm","SPX","Jul 13, 2026","ironcondor","long put 7,485 / short put 7,490 / short call 7,550 / long call 7,555","1","expired","62","438","14.16","62","14.16","0.62","0.5","0.75","0","","","438","62","7523.63","7515.34"
"Jul 10, 2026 1:30pm","Jul 10, 2026 1:53pm","SPX","Jul 10, 2026","ironcondor","long put 7,540 / short put 7,545 / short call 7,580 / long call 7,585","1","touch","-4","437","-0.92","63","14.42","0.63","0.5","0.75","0.67","0.55","0.8","437","63","7566.35","7570.02"
"Jul 8, 2026 1:30pm","Jul 8, 2026 4:00pm","SPX","Jul 8, 2026","ironcondor","long put 7,440 / short put 7,445 / short call 7,515 / long call 7,520","1","expired","63","437","14.42","63","14.42","0.63","0.5","0.75","0","","","437","63","7484.56","7482.71"
"Jul 7, 2026 1:30pm","Jul 7, 2026 3:10pm","SPX","Jul 7, 2026","ironcondor","long put 7,485 / short put 7,490 / short call 7,535 / long call 7,540","1","touch","-77","435","-17.7","65","14.94","0.65","0.55","0.75","1.42","1.3","1.55","435","65","7515.87","7493.65"
"Jul 6, 2026 1:30pm","Jul 6, 2026 2:17pm","SPX","Jul 6, 2026","ironcondor","long put 7,505 / short put 7,510 / short call 7,550 / long call 7,555","1","touch","-12","435","-2.76","65","14.94","0.65","0.55","0.75","0.77","0.65","0.9","435","65","7534.55","7540.82"
"Jul 2, 2026 1:30pm","Jul 2, 2026 4:00pm","SPX","Jul 2, 2026","ironcondor","long put 7,395 / short put 7,400 / short call 7,480 / long call 7,485","1","expired","-256","432","-59.26","68","15.74","0.68","0.55","0.8","3.24","","","432","68","7442.81","7483.24"
"Jul 1, 2026 1:30pm","Jul 1, 2026 4:00pm","SPX","Jul 1, 2026","ironcondor","long put 7,470 / short put 7,475 / short call 7,530 / long call 7,535","1","expired","45","455","9.89","45","9.89","0.45","0.35","0.55","0","","","455","45","7506.7","7483.23"
"Jun 30, 2026 1:30pm","Jun 30, 2026 4:00pm","SPX","Jun 30, 2026","ironcondor","long put 7,455 / short put 7,460 / short call 7,520 / long call 7,525","1","expired","50","450","11.11","50","11.11","0.5","0.4","0.6","0","","","450","50","7493.2","7499.36"
"Jun 26, 2026 1:30pm","Jun 26, 2026 4:00pm","SPX","Jun 26, 2026","ironcondor","long put 7,330 / short put 7,335 / short call 7,405 / long call 7,410","1","expired","75","425","17.65","75","17.65","0.75","0.65","0.85","0","","","425","75","7375.15","7354.02"
"Jun 25, 2026 1:30pm","Jun 25, 2026 4:00pm","SPX","Jun 25, 2026","ironcondor","long put 7,310 / short put 7,315 / short call 7,400 / long call 7,405","1","expired","75","425","17.65","75","17.65","0.75","0.65","0.85","0","","","425","75","7360.76","7357.49"
"Jun 24, 2026 1:30pm","Jun 24, 2026 4:00pm","SPX","Jun 24, 2026","ironcondor","long put 7,295 / short put 7,300 / short call 7,395 / long call 7,400","1","expired","83","417","19.9","83","19.9","0.83","0.7","0.95","0","","","417","83","7350.13","7358.22"
"Jun 22, 2026 1:30pm","Jun 22, 2026 4:00pm","SPX","Jun 22, 2026","ironcondor","long put 7,440 / short put 7,445 / short call 7,500 / long call 7,505","1","expired","60","440","13.64","60","13.64","0.6","0.45","0.75","0","","","440","60","7475.81","7472.79"
"Jun 17, 2026 1:30pm","Jun 17, 2026 3:22pm","SPX","Jun 17, 2026","ironcondor","long put 7,430 / short put 7,435 / short call 7,575 / long call 7,580","1","touch","-140","417","-33.57","83","19.9","0.83","0.7","0.95","2.23","1.95","2.5","417","83","7507.17","7436.25"
"Jun 16, 2026 1:30pm","Jun 16, 2026 4:00pm","SPX","Jun 16, 2026","ironcondor","long put 7,500 / short put 7,505 / short call 7,555 / long call 7,560","1","expired","57","443","12.87","57","12.87","0.57","0.45","0.7","0","","","443","57","7532.48","7511.35"
"Jun 12, 2026 1:30pm","Jun 12, 2026 4:00pm","SPX","Jun 12, 2026","ironcondor","long put 7,380 / short put 7,385 / short call 7,480 / long call 7,485","1","expired","65","435","14.94","65","14.94","0.65","0.5","0.8","0","","","435","65","7433.68","7431.46"
"Jun 8, 2026 1:30pm","Jun 8, 2026 4:00pm","SPX","Jun 8, 2026","ironcondor","long put 7,385 / short put 7,390 / short call 7,470 / long call 7,475","1","expired","63","437","14.42","63","14.42","0.63","0.5","0.75","0","","","437","63","7433.7","7405.73"
"Jun 4, 2026 1:30pm","Jun 4, 2026 3:06pm","SPX","Jun 4, 2026","ironcondor","long put 7,560 / short put 7,565 / short call 7,605 / long call 7,610","1","touch","10","450","2.22","50","11.11","0.5","0.4","0.6","0.4","0.3","0.5","450","50","7585.69","7595.1"
"Jun 3, 2026 1:30pm","Jun 3, 2026 4:00pm","SPX","Jun 3, 2026","ironcondor","long put 7,535 / short put 7,540 / short call 7,590 / long call 7,595","1","expired","53","447","11.86","53","11.86","0.53","0.4","0.65","0","","","447","53","7562.44","7553.68"
"Jun 2, 2026 1:30pm","Jun 2, 2026 4:00pm","SPX","Jun 2, 2026","ironcondor","long put 7,575 / short put 7,580 / short call 7,625 / long call 7,630","1","expired","50","450","11.11","50","11.11","0.5","0.4","0.6","0","","","450","50","7606.19","7609.78"
"Jun 1, 2026 1:30pm","Jun 1, 2026 1:43pm","SPX","Jun 1, 2026","ironcondor","long put 7,565 / short put 7,570 / short call 7,615 / long call 7,620","1","touch","15","390","3.85","110","28.21","1.1","0.65","1.55","0.95","0.8","1.1","390","110","7600.9","7606.26"
"May 29, 2026 1:30pm","May 29, 2026 4:00pm","SPX","May 29, 2026","ironcondor","long put 7,545 / short put 7,550 / short call 7,610 / long call 7,615","1","expired","62","438","14.16","62","14.16","0.62","0.5","0.75","0","","","438","62","7583.02","7580.06"
"May 28, 2026 1:30pm","May 28, 2026 4:00pm","SPX","May 28, 2026","ironcondor","long put 7,530 / short put 7,535 / short call 7,580 / long call 7,585","1","expired","40","460","8.7","40","8.7","0.4","0.3","0.5","0","","","460","40","7559.89","7563.63"
"May 27, 2026 1:30pm","May 27, 2026 2:31pm","SPX","May 27, 2026","ironcondor","long put 7,475 / short put 7,480 / short call 7,535 / long call 7,540","1","touch","-44","450","-9.78","50","11.11","0.5","0.4","0.6","0.94","0.8","1.1","450","50","7509.12","7525.88"
"May 26, 2026 1:30pm","May 26, 2026 4:00pm","SPX","May 26, 2026","ironcondor","long put 7,465 / short put 7,470 / short call 7,530 / long call 7,535","1","expired","58","442","13.12","58","13.12","0.58","0.45","0.7","0","","","442","58","7504.16","7519.12"
"May 21, 2026 1:30pm","May 21, 2026 4:00pm","SPX","May 21, 2026","ironcondor","long put 7,395 / short put 7,400 / short call 7,475 / long call 7,480","1","expired","62","438","14.16","62","14.16","0.62","0.5","0.75","0","","","438","62","7438.72","7445.72"
"May 19, 2026 1:30pm","May 19, 2026 4:00pm","SPX","May 19, 2026","ironcondor","long put 7,345 / short put 7,350 / short call 7,420 / long call 7,425","1","expired","68","432","15.74","68","15.74","0.68","0.55","0.8","0","","","432","68","7388.79","7353.61"
"May 18, 2026 1:30pm","May 18, 2026 2:16pm","SPX","May 18, 2026","ironcondor","long put 7,355 / short put 7,360 / short call 7,425 / long call 7,430","1","touch","-68","428","-15.89","72","16.82","0.72","0.55","0.9","1.4","1.2","1.6","428","72","7392.68","7369.09"
"May 15, 2026 1:30pm","May 15, 2026 3:19pm","SPX","May 15, 2026","ironcondor","long put 7,410 / short put 7,415 / short call 7,480 / long call 7,485","1","touch","-25","438","-5.71","62","14.16","0.62","0.45","0.8","0.87","0.75","1","438","62","7445.7","7424.32"
"May 14, 2026 1:30pm","May 14, 2026 4:00pm","SPX","May 14, 2026","ironcondor","long put 7,450 / short put 7,455 / short call 7,520 / long call 7,525","1","expired","55","445","12.36","55","12.36","0.55","0.45","0.65","0","","","445","55","7490.58","7501.24"
"May 13, 2026 1:30pm","May 13, 2026 4:00pm","SPX","May 13, 2026","ironcondor","long put 7,415 / short put 7,420 / short call 7,470 / long call 7,475","1","expired","55","445","12.36","55","12.36","0.55","0.45","0.65","0","","","445","55","7448","7444.25"
"May 12, 2026 1:30pm","May 12, 2026 2:57pm","SPX","May 12, 2026","ironcondor","long put 7,325 / short put 7,330 / short call 7,395 / long call 7,400","1","touch","-38","443","-8.58","57","12.87","0.57","0.45","0.7","0.95","0.85","1.05","443","57","7364.17","7385.34"
"May 11, 2026 1:30pm","May 11, 2026 3:05pm","SPX","May 11, 2026","ironcondor","long put 7,390 / short put 7,395 / short call 7,440 / long call 7,445","1","touch","-68","470","-14.47","30","6.38","0.3","0.2","0.4","0.98","0.8","1.15","470","30","7419.51","7404.64"
"May 7, 2026 1:30pm","May 7, 2026 4:00pm","SPX","May 7, 2026","ironcondor","long put 7,280 / short put 7,285 / short call 7,360 / long call 7,365","1","expired","72","428","16.82","72","16.82","0.72","0.55","0.9","0","","","428","72","7329.84","7337.11"
"May 4, 2026 1:30pm","May 4, 2026 4:00pm","SPX","May 4, 2026","ironcondor","long put 7,170 / short put 7,175 / short call 7,235 / long call 7,240","1","expired","45","455","9.89","45","9.89","0.45","0.3","0.6","0","","","455","45","7207.99","7200.75"
"May 1, 2026 1:30pm","May 1, 2026 4:00pm","SPX","May 1, 2026","ironcondor","long put 7,220 / short put 7,225 / short call 7,275 / long call 7,280","1","expired","38","462","8.23","38","8.23","0.38","0.25","0.5","0","","","462","38","7253.12","7230.12"
"Apr 30, 2026 1:30pm","Apr 30, 2026 2:01pm","SPX","Apr 30, 2026","ironcondor","long put 7,145 / short put 7,150 / short call 7,205 / long call 7,210","1","touch","-125","440","-28.41","60","13.64","0.6","0.45","0.75","1.85","1.65","2.05","440","60","7181.24","7199.74"
"Apr 29, 2026 1:30pm","Apr 29, 2026 4:00pm","SPX","Apr 29, 2026","ironcondor","long put 7,070 / short put 7,075 / short call 7,165 / long call 7,170","1","expired","70","430","16.28","70","16.28","0.7","0.55","0.85","0","","","430","70","7122.12","7135.95"
"Apr 28, 2026 1:30pm","Apr 28, 2026 4:00pm","SPX","Apr 28, 2026","ironcondor","long put 7,090 / short put 7,095 / short call 7,150 / long call 7,155","1","expired","44","456","9.65","44","9.65","0.44","0.3","0.55","0","","","456","44","7124.71","7138.8"
"Apr 27, 2026 1:30pm","Apr 27, 2026 1:31pm","SPX","Apr 27, 2026","ironcondor","long put 7,135 / short put 7,140 / short call 7,195 / long call 7,200","1","touch","-3","458","-0.65","42","9.17","0.42","0.3","0.55","0.45","0.35","0.55","458","42","0","0"
"Apr 24, 2026 1:30pm","Apr 24, 2026 4:00pm","SPX","Apr 24, 2026","ironcondor","long put 7,110 / short put 7,115 / short call 7,180 / long call 7,185","1","expired","39","461","8.46","39","8.46","0.39","0.25","0.5","0","","","461","39","7153.84","7165.08"
"Apr 23, 2026 1:30pm","Apr 23, 2026 4:00pm","SPX","Apr 23, 2026","ironcondor","long put 7,015 / short put 7,020 / short call 7,130 / long call 7,135","1","expired","75","425","17.65","75","17.65","0.75","0.55","0.95","0","","","425","75","7084.17","7108.4"
"Apr 21, 2026 1:30pm","Apr 21, 2026 1:43pm","SPX","Apr 21, 2026","ironcondor","long put 7,025 / short put 7,030 / short call 7,100 / long call 7,105","1","touch","-94","440","-21.36","60","13.64","0.6","0.45","0.75","1.54","1.4","1.7","440","60","7069.73","7091.27"
"Apr 20, 2026 1:30pm","Apr 20, 2026 4:00pm","SPX","Apr 20, 2026","ironcondor","long put 7,070 / short put 7,075 / short call 7,130 / long call 7,135","1","expired","46","454","10.13","46","10.13","0.46","0.3","0.6","0","","","454","46","7103.33","7109.14"
"Apr 16, 2026 1:30pm","Apr 16, 2026 4:00pm","SPX","Apr 16, 2026","ironcondor","long put 6,990 / short put 6,995 / short call 7,060 / long call 7,065","1","expired","51","449","11.36","51","11.36","0.51","0.35","0.65","0","","","449","51","7030.77","7041.28"
"Apr 15, 2026 1:30pm","Apr 15, 2026 2:32pm","SPX","Apr 15, 2026","ironcondor","long put 6,965 / short put 6,970 / short call 7,020 / long call 7,025","1","touch","-46","455","-10.11","45","9.89","0.45","0.3","0.6","0.91","0.8","1.05","455","45","6997.91","7010.92"
"Apr 13, 2026 1:30pm","Apr 13, 2026 4:00pm","SPX","Apr 13, 2026","ironcondor","long put 6,810 / short put 6,815 / short call 6,875 / long call 6,880","1","expired","-460","460","-100","40","8.7","0.4","0.3","0.5","5","","","460","40","6848.97","6886.24"
"Apr 10, 2026 1:30pm","Apr 10, 2026 4:00pm","SPX","Apr 10, 2026","ironcondor","long put 6,770 / short put 6,775 / short call 6,835 / long call 6,840","1","expired","50","450","11.11","50","11.11","0.5","0.4","0.6","0","","","450","50","6810.5","6816.89"
"Apr 7, 2026 1:30pm","Apr 7, 2026 1:31pm","SPX","Apr 7, 2026","ironcondor","long put 6,535 / short put 6,540 / short call 6,620 / long call 6,625","1","touch","10","438","2.28","62","14.16","0.62","0.5","0.7","0.52","0.4","0.65","438","62","0","0"
"Apr 6, 2026 1:30pm","Apr 6, 2026 4:00pm","SPX","Apr 6, 2026","ironcondor","long put 6,550 / short put 6,555 / short call 6,630 / long call 6,635","1","expired","51","449","11.36","51","11.36","0.51","0.4","0.6","0","","","449","51","6597.97","6611.83"
"Apr 2, 2026 1:30pm","Apr 2, 2026 4:00pm","SPX","Apr 2, 2026","ironcondor","long put 6,520 / short put 6,525 / short call 6,610 / long call 6,615","1","expired","65","435","14.94","65","14.94","0.65","0.55","0.75","0","","","435","65","6570.35","6582.69"
"Mar 30, 2026 1:30pm","Mar 30, 2026 3:11pm","SPX","Mar 30, 2026","ironcondor","long put 6,310 / short put 6,315 / short call 6,400 / long call 6,405","1","touch","-66","435","-15.17","65","14.94","0.65","0.55","0.75","1.31","1.1","1.5","435","65","6357.89","6324.35"
"Mar 24, 2026 1:30pm","Mar 24, 2026 2:40pm","SPX","Mar 24, 2026","ironcondor","long put 6,510 / short put 6,515 / short call 6,600 / long call 6,605","1","touch","-95","439","-21.64","61","13.9","0.61","0.5","0.75","1.56","1.3","1.8","439","61","6559.59","6590.64"
"Mar 19, 2026 1:30pm","Mar 19, 2026 3:05pm","SPX","Mar 19, 2026","ironcondor","long put 6,535 / short put 6,540 / short call 6,615 / long call 6,620","1","touch","-159","445","-35.73","55","12.36","0.55","0.4","0.7","2.14","1.9","2.4","445","55","6579.57","6612.17"
"Mar 18, 2026 1:30pm","Mar 18, 2026 4:00pm","SPX","Mar 18, 2026","ironcondor","long put 6,600 / short put 6,605 / short call 6,725 / long call 6,730","1","expired","70","430","16.28","70","16.28","0.7","0.55","0.85","0","","","430","70","6667.53","6624.7"
"Mar 17, 2026 1:30pm","Mar 17, 2026 4:00pm","SPX","Mar 17, 2026","ironcondor","long put 6,690 / short put 6,695 / short call 6,750 / long call 6,755","1","expired","53","447","11.86","53","11.86","0.53","0.4","0.65","0","","","447","53","6724.64","6716.09"
"Mar 13, 2026 1:30pm","Mar 13, 2026 4:00pm","SPX","Mar 13, 2026","ironcondor","long put 6,605 / short put 6,610 / short call 6,700 / long call 6,705","1","expired","71","429","16.55","71","16.55","0.71","0.55","0.85","0","","","429","71","6653.7","6632.19"
"Mar 11, 2026 1:30pm","Mar 11, 2026 4:00pm","SPX","Mar 11, 2026","ironcondor","long put 6,725 / short put 6,730 / short call 6,815 / long call 6,820","1","expired","75","425","17.65","75","17.65","0.75","0.65","0.85","0","","","425","75","6775.91","6775.8"
"Mar 10, 2026 1:30pm","Mar 10, 2026 2:15pm","SPX","Mar 10, 2026","ironcondor","long put 6,795 / short put 6,800 / short call 6,880 / long call 6,885","1","touch","-125","447","-27.96","53","11.86","0.53","0.4","0.65","1.78","1.4","2.15","447","53","6844.36","6799.01"
"Mar 9, 2026 1:30pm","Mar 9, 2026 3:20pm","SPX","Mar 9, 2026","ironcondor","long put 6,645 / short put 6,650 / short call 6,740 / long call 6,745","1","touch","-222","429","-51.75","71","16.55","0.71","0.6","0.8","2.93","2.25","3.6","429","71","6700.91","6745.56"
"Mar 2, 2026 1:30pm","Mar 2, 2026 2:22pm","SPX","Mar 2, 2026","ironcondor","long put 6,845 / short put 6,850 / short call 6,905 / long call 6,910","1","touch","-59","440","-13.41","60","13.64","0.6","0.5","0.7","1.19","1.05","1.3","440","60","6882.42","6895.56"
"Feb 25, 2026 1:30pm","Feb 25, 2026 1:31pm","SPX","Feb 25, 2026","ironcondor","long put 6,915 / short put 6,920 / short call 6,950 / long call 6,955","1","touch","-3","450","-0.67","50","11.11","0.5","0.35","0.65","0.53","0.4","0.65","450","50","6939.85","6941.13"
"Feb 24, 2026 1:30pm","Feb 24, 2026 4:00pm","SPX","Feb 24, 2026","ironcondor","long put 6,850 / short put 6,855 / short call 6,905 / long call 6,910","1","expired","65","435","14.94","65","14.94","0.65","0.55","0.75","0","","","435","65","6886.49","6890.07"
"Feb 20, 2026 1:30pm","Feb 20, 2026 1:46pm","SPX","Feb 20, 2026","ironcondor","long put 6,820 / short put 6,825 / short call 6,920 / long call 6,925","1","touch","-135","435","-31.03","65","14.94","0.65","0.5","0.8","2","1.55","2.45","435","65","6882.9","6912.36"
"Feb 19, 2026 1:30pm","Feb 19, 2026 4:00pm","SPX","Feb 19, 2026","ironcondor","long put 6,795 / short put 6,800 / short call 6,875 / long call 6,880","1","expired","73","427","17.1","73","17.1","0.73","0.6","0.85","0","","","427","73","6841.15","6861.89"
"Feb 17, 2026 1:30pm","Feb 17, 2026 1:57pm","SPX","Feb 17, 2026","ironcondor","long put 6,790 / short put 6,795 / short call 6,875 / long call 6,880","1","touch","-82","422","-19.43","78","18.48","0.78","0.65","0.9","1.6","1.4","1.8","422","78","6841.5","6865.16"
"Feb 13, 2026 1:30pm","Feb 13, 2026 4:00pm","SPX","Feb 13, 2026","ironcondor","long put 6,825 / short put 6,830 / short call 6,905 / long call 6,910","1","expired","72","428","16.82","72","16.82","0.72","0.6","0.85","0","","","428","72","6872.12","6836.17"
"Feb 11, 2026 1:30pm","Feb 11, 2026 4:00pm","SPX","Feb 11, 2026","ironcondor","long put 6,910 / short put 6,915 / short call 6,970 / long call 6,975","1","expired","70","430","16.28","70","16.28","0.7","0.6","0.8","0","","","430","70","6948.73","6941.47"
"Feb 10, 2026 1:30pm","Feb 10, 2026 4:00pm","SPX","Feb 10, 2026","ironcondor","long put 6,915 / short put 6,920 / short call 6,980 / long call 6,985","1","expired","58","442","13.12","58","13.12","0.58","0.45","0.7","0","","","442","58","6955.53","6941.81"
"Feb 9, 2026 1:30pm","Feb 9, 2026 2:22pm","SPX","Feb 9, 2026","ironcondor","long put 6,930 / short put 6,935 / short call 6,985 / long call 6,990","1","touch","-9","452","-1.99","48","10.62","0.48","0.35","0.6","0.57","0.45","0.7","452","48","6964.21","6975.43"
"Feb 4, 2026 1:30pm","Feb 4, 2026 2:56pm","SPX","Feb 4, 2026","ironcondor","long put 6,815 / short put 6,820 / short call 6,910 / long call 6,915","1","touch","-80","420","-19.05","80","19.05","0.8","0.65","0.95","1.6","1.4","1.8","420","80","6870.31","6901.1"
"Feb 2, 2026 1:30pm","Feb 2, 2026 2:08pm","SPX","Feb 2, 2026","ironcondor","long put 6,950 / short put 6,955 / short call 7,000 / long call 7,005","1","touch","-4","456","-0.88","44","9.65","0.44","0.35","0.55","0.48","0.4","0.6","456","44","6983.51","6990"
"Jan 30, 2026 1:30pm","Jan 30, 2026 2:08pm","SPX","Jan 30, 2026","ironcondor","long put 6,865 / short put 6,870 / short call 6,955 / long call 6,960","1","touch","-94","430","-21.86","70","16.28","0.7","0.55","0.85","1.64","1.4","1.9","430","70","6917.16","6945.35"
"Jan 29, 2026 1:30pm","Jan 29, 2026 4:00pm","SPX","Jan 29, 2026","ironcondor","long put 6,890 / short put 6,895 / short call 6,960 / long call 6,965","1","expired","-435","435","-100","65","14.94","0.65","0.55","0.75","5","","","435","65","6932.82","6969.01"
"Jan 28, 2026 1:30pm","Jan 28, 2026 4:00pm","SPX","Jan 28, 2026","ironcondor","long put 6,915 / short put 6,920 / short call 7,015 / long call 7,020","1","expired","77","423","18.2","77","18.2","0.77","0.65","0.85","0","","","423","77","6974.81","6978.03"
"Jan 27, 2026 1:30pm","Jan 27, 2026 2:30pm","SPX","Jan 27, 2026","ironcondor","long put 6,955 / short put 6,960 / short call 6,995 / long call 7,000","1","touch","14","459","3.05","41","8.93","0.41","0.3","0.55","0.27","0.15","0.4","459","41","6981.42","6985.2"
"Jan 26, 2026 1:30pm","Jan 26, 2026 4:00pm","SPX","Jan 26, 2026","ironcondor","long put 6,930 / short put 6,935 / short call 6,975 / long call 6,980","1","expired","44","456","9.65","44","9.65","0.44","0.35","0.55","0","","","456","44","6961.15","6950.23"
"Jan 23, 2026 1:30pm","Jan 23, 2026 4:00pm","SPX","Jan 23, 2026","ironcondor","long put 6,875 / short put 6,880 / short call 6,935 / long call 6,940","1","expired","47","453","10.38","47","10.38","0.47","0.35","0.6","0","","","453","47","6912.67","6915.61"
"Jan 21, 2026 1:30pm","Jan 21, 2026 2:28pm","SPX","Jan 21, 2026","ironcondor","long put 6,785 / short put 6,790 / short call 6,860 / long call 6,865","1","touch","-92","435","-21.15","65","14.94","0.65","0.5","0.8","1.57","1.1","2.05","435","65","6828.73","6853.5"
"Jan 16, 2026 1:30pm","Jan 16, 2026 2:06pm","SPX","Jan 16, 2026","ironcondor","long put 6,925 / short put 6,930 / short call 6,970 / long call 6,975","1","touch","-33","443","-7.45","57","12.87","0.57","0.45","0.7","0.9","0.75","1.05","443","57","6954.11","6960.47"
"Jan 15, 2026 1:30pm","Jan 15, 2026 2:31pm","SPX","Jan 15, 2026","ironcondor","long put 6,945 / short put 6,950 / short call 6,990 / long call 6,995","1","touch","-94","450","-20.89","50","11.11","0.5","0.4","0.6","1.44","1.3","1.6","450","50","6973.78","6954.6"
"Jan 13, 2026 1:30pm","Jan 13, 2026 4:00pm","SPX","Jan 13, 2026","ironcondor","long put 6,925 / short put 6,930 / short call 6,975 / long call 6,980","1","expired","61","439","13.9","61","13.9","0.61","0.5","0.75","0","","","439","61","6954.62","6963.74"
"Jan 12, 2026 1:30pm","Jan 12, 2026 2:32pm","SPX","Jan 12, 2026","ironcondor","long put 6,955 / short put 6,960 / short call 6,990 / long call 6,995","1","touch","-25","455","-5.49","45","9.89","0.45","0.3","0.6","0.7","0.55","0.85","455","45","6976.69","6983.14"
"Jan 9, 2026 1:30pm","Jan 9, 2026 1:36pm","SPX","Jan 9, 2026","ironcondor","long put 6,935 / short put 6,940 / short call 6,980 / long call 6,985","1","touch","-40","454","-8.81","46","10.13","0.46","0.35","0.55","0.86","0.75","0.95","454","46","6964.48","6970.56"
"Jan 8, 2026 1:30pm","Jan 8, 2026 4:00pm","SPX","Jan 8, 2026","ironcondor","long put 6,885 / short put 6,890 / short call 6,940 / long call 6,945","1","expired","62","438","14.16","62","14.16","0.62","0.5","0.75","0","","","438","62","6921.04","6921.46"
"Jan 7, 2026 1:30pm","Jan 7, 2026 1:48pm","SPX","Jan 7, 2026","ironcondor","long put 6,915 / short put 6,920 / short call 6,965 / long call 6,970","1","touch","-10","451","-2.22","49","10.86","0.49","0.35","0.65","0.59","0.45","0.7","451","49","6947.59","6955.21"
"Jan 6, 2026 1:30pm","Jan 6, 2026 1:46pm","SPX","Jan 6, 2026","ironcondor","long put 6,910 / short put 6,915 / short call 6,950 / long call 6,955","1","touch","-14","464","-3.02","36","7.76","0.36","0.25","0.45","0.5","0.4","0.6","464","36","6934.73","6940.32"
"Jan 5, 2026 1:30pm","Jan 5, 2026 4:00pm","SPX","Jan 5, 2026","ironcondor","long put 6,885 / short put 6,890 / short call 6,925 / long call 6,930","1","expired","43","457","9.41","43","9.41","0.43","0.3","0.55","0","","","457","43","6910.11","6902.05"
"Jan 2, 2026 1:30pm","Jan 2, 2026 2:15pm","SPX","Jan 2, 2026","ironcondor","long put 6,800 / short put 6,805 / short call 6,860 / long call 6,865","1","touch","-54","446","-12.11","54","12.11","0.54","0.45","0.65","1.08","0.95","1.2","446","54","6835.93","6850.09"
"Dec 31, 2025 1:30pm","Dec 31, 2025 3:01pm","SPX","Dec 31, 2025","ironcondor","long put 6,850 / short put 6,855 / short call 6,900 / long call 6,905","1","touch","-57","448","-12.72","52","11.61","0.52","0.4","0.65","1.09","1","1.2","448","52","6880.76","6864.69"
"Dec 30, 2025 1:30pm","Dec 30, 2025 4:00pm","SPX","Dec 30, 2025","ironcondor","long put 6,885 / short put 6,890 / short call 6,920 / long call 6,925","1","expired","56","444","12.61","56","12.61","0.56","0.45","0.65","0","","","444","56","6905.35","6896.24"
"Dec 29, 2025 1:30pm","Dec 29, 2025 1:36pm","SPX","Dec 29, 2025","ironcondor","long put 6,880 / short put 6,885 / short call 6,915 / long call 6,920","1","touch","-25","455","-5.49","45","9.89","0.45","0.35","0.55","0.7","0.6","0.8","455","45","6900.98","6905.22"
"Dec 26, 2025 1:30pm","Dec 26, 2025 1:50pm","SPX","Dec 26, 2025","ironcondor","long put 6,905 / short put 6,910 / short call 6,940 / long call 6,945","1","touch","-4","468","-0.85","32","6.84","0.32","0.2","0.4","0.36","0.25","0.5","468","32","6925.46","6930.28"
"Dec 23, 2025 1:30pm","Dec 23, 2025 4:00pm","SPX","Dec 23, 2025","ironcondor","long put 6,885 / short put 6,890 / short call 6,920 / long call 6,925","1","expired","36","464","7.76","36","7.76","0.36","0.25","0.45","0","","","464","36","6904.21","6909.79"
"Dec 22, 2025 1:30pm","Dec 22, 2025 4:00pm","SPX","Dec 22, 2025","ironcondor","long put 6,850 / short put 6,855 / short call 6,890 / long call 6,895","1","expired","31","469","6.61","31","6.61","0.31","0.2","0.45","0","","","469","31","6875.89","6878.49"
"Dec 15, 2025 1:30pm","Dec 15, 2025 4:00pm","SPX","Dec 15, 2025","ironcondor","long put 6,770 / short put 6,775 / short call 6,835 / long call 6,840","1","expired","53","447","11.86","53","11.86","0.53","0.45","0.65","0","","","447","53","6809.05","6816.51"
"Dec 11, 2025 1:30pm","Dec 11, 2025 1:42pm","SPX","Dec 11, 2025","ironcondor","long put 6,855 / short put 6,860 / short call 6,905 / long call 6,910","1","touch","-34","437","-7.78","63","14.42","0.63","0.5","0.75","0.97","0.85","1.1","437","63","6887.62","6895.35"
"Dec 10, 2025 1:30pm","Dec 10, 2025 3:07pm","SPX","Dec 10, 2025","ironcondor","long put 6,755 / short put 6,760 / short call 6,900 / long call 6,905","1","touch","-102","413","-24.7","87","21.07","0.87","0.75","1","1.89","1.7","2.1","413","87","6839.79","6892.46"
"Dec 9, 2025 1:30pm","Dec 9, 2025 3:31pm","SPX","Dec 9, 2025","ironcondor","long put 6,830 / short put 6,835 / short call 6,870 / long call 6,875","1","touch","5","453","1.1","47","10.38","0.47","0.35","0.6","0.42","0.3","0.55","453","47","6853.34","6844.71"
"Dec 8, 2025 1:30pm","Dec 8, 2025 4:00pm","SPX","Dec 8, 2025","ironcondor","long put 6,805 / short put 6,810 / short call 6,865 / long call 6,870","1","expired","58","442","13.12","58","13.12","0.58","0.45","0.7","0","","","442","58","6839.82","6846.51"
"Dec 5, 2025 1:30pm","Dec 5, 2025 4:00pm","SPX","Dec 5, 2025","ironcondor","long put 6,845 / short put 6,850 / short call 6,900 / long call 6,905","1","expired","45","455","9.89","45","9.89","0.45","0.35","0.55","0","","","455","45","6877.55","6870.4"
"Dec 4, 2025 1:30pm","Dec 4, 2025 2:23pm","SPX","Dec 4, 2025","ironcondor","long put 6,830 / short put 6,835 / short call 6,880 / long call 6,885","1","touch","-200","441","-45.35","59","13.38","0.59","0.45","0.7","2.59","2.3","2.9","441","59","6859.79","6829.84"
"Dec 3, 2025 1:30pm","Dec 3, 2025 2:51pm","SPX","Dec 3, 2025","ironcondor","long put 6,820 / short put 6,825 / short call 6,870 / long call 6,875","1","touch","1","450","0.22","50","11.11","0.5","0.4","0.6","0.49","0.4","0.6","450","50","6852.23","6860.27"
"Dec 2, 2025 1:30pm","Dec 2, 2025 3:32pm","SPX","Dec 2, 2025","ironcondor","long put 6,785 / short put 6,790 / short call 6,850 / long call 6,855","1","touch","-5","439","-1.14","61","13.9","0.61","0.45","0.75","0.66","0.55","0.8","439","61","6824.22","6841.64"
"Dec 1, 2025 1:30pm","Dec 1, 2025 2:27pm","SPX","Dec 1, 2025","ironcondor","long put 6,805 / short put 6,810 / short call 6,860 / long call 6,865","1","touch","-79","455","-17.36","45","9.89","0.45","0.35","0.55","1.24","1.1","1.4","455","45","6838.21","6819.92"
"Nov 25, 2025 1:30pm","Nov 25, 2025 3:32pm","SPX","Nov 25, 2025","ironcondor","long put 6,720 / short put 6,725 / short call 6,775 / long call 6,780","1","touch","2","445","0.45","55","12.36","0.55","0.45","0.65","0.53","0.4","0.65","445","55","6754.52","6765.15"
"Nov 20, 2025 1:30pm","Nov 20, 2025 4:00pm","SPX","Nov 20, 2025","ironcondor","long put 6,525 / short put 6,530 / short call 6,680 / long call 6,685","1","expired","80","420","19.05","80","19.05","0.8","0.6","1","0","","","420","80","6610.68","6538.76"
"Nov 19, 2025 1:30pm","Nov 19, 2025 4:00pm","SPX","Nov 19, 2025","ironcondor","long put 6,575 / short put 6,580 / short call 6,670 / long call 6,675","1","expired","80","420","19.05","80","19.05","0.8","0.65","0.95","0","","","420","80","6625.78","6642.16"
"Nov 18, 2025 1:30pm","Nov 18, 2025 4:00pm","SPX","Nov 18, 2025","ironcondor","long put 6,590 / short put 6,595 / short call 6,695 / long call 6,700","1","expired","81","419","19.33","81","19.33","0.81","0.65","0.95","0","","","419","81","6649.58","6617.32"
"Nov 17, 2025 1:30pm","Nov 17, 2025 2:44pm","SPX","Nov 17, 2025","ironcondor","long put 6,650 / short put 6,655 / short call 6,745 / long call 6,750","1","touch","-119","427","-27.87","73","17.1","0.73","0.6","0.85","1.92","1.75","2.1","427","73","6703.85","6659.25"
"Nov 14, 2025 1:30pm","Nov 14, 2025 4:00pm","SPX","Nov 14, 2025","ironcondor","long put 6,690 / short put 6,695 / short call 6,785 / long call 6,790","1","expired","70","430","16.28","70","16.28","0.7","0.6","0.8","0","","","430","70","6748.62","6734.11"
"Nov 12, 2025 1:30pm","Nov 12, 2025 4:00pm","SPX","Nov 12, 2025","ironcondor","long put 6,815 / short put 6,820 / short call 6,880 / long call 6,885","1","expired","64","436","14.68","64","14.68","0.64","0.55","0.75","0","","","436","64","6854.59","6850.92"
"Nov 11, 2025 1:30pm","Nov 11, 2025 4:00pm","SPX","Nov 11, 2025","ironcondor","long put 6,820 / short put 6,825 / short call 6,870 / long call 6,875","1","expired","53","447","11.86","53","11.86","0.53","0.4","0.65","0","","","447","53","6848.34","6846.61"
"Nov 7, 2025 1:30pm","Nov 7, 2025 2:40pm","SPX","Nov 7, 2025","ironcondor","long put 6,625 / short put 6,630 / short call 6,710 / long call 6,715","1","touch","-110","430","-25.58","70","16.28","0.7","0.55","0.85","1.8","1.6","2","430","70","6672.96","6703.63"
"Nov 3, 2025 1:30pm","Nov 3, 2025 4:00pm","SPX","Nov 3, 2025","ironcondor","long put 6,825 / short put 6,830 / short call 6,880 / long call 6,885","1","expired","50","450","11.11","50","11.11","0.5","0.35","0.65","0","","","450","50","6857.68","6851.97"
"Oct 31, 2025 1:30pm","Oct 31, 2025 3:22pm","SPX","Oct 31, 2025","ironcondor","long put 6,765 / short put 6,770 / short call 6,860 / long call 6,865","1","touch","-121","421","-28.74","79","18.76","0.79","0.65","0.95","2","1.8","2.2","421","79","6819.52","6857.53"
"Oct 30, 2025 1:30pm","Oct 30, 2025 3:15pm","SPX","Oct 30, 2025","ironcondor","long put 6,825 / short put 6,830 / short call 6,895 / long call 6,900","1","touch","-65","438","-14.84","62","14.16","0.62","0.5","0.75","1.27","1.15","1.4","438","62","6866.61","6839.04"
"Oct 29, 2025 1:30pm","Oct 29, 2025 4:00pm","SPX","Oct 29, 2025","ironcondor","long put 6,830 / short put 6,835 / short call 6,955 / long call 6,960","1","expired","79","421","18.76","79","18.76","0.79","0.65","0.95","0","","","421","79","6902.52","6890.59"
"Oct 28, 2025 1:30pm","Oct 28, 2025 2:14pm","SPX","Oct 28, 2025","ironcondor","long put 6,860 / short put 6,865 / short call 6,910 / long call 6,915","1","touch","-22","453","-4.86","47","10.38","0.47","0.35","0.55","0.69","0.55","0.8","453","47","6892.29","6900.62"
"Oct 23, 2025 1:30pm","Oct 23, 2025 1:37pm","SPX","Oct 23, 2025","ironcondor","long put 6,695 / short put 6,700 / short call 6,750 / long call 6,755","1","touch","-42","452","-9.29","48","10.62","0.48","0.35","0.6","0.9","0.75","1.05","452","48","6732.19","6740.7"
"Oct 21, 2025 1:30pm","Oct 21, 2025 2:02pm","SPX","Oct 21, 2025","ironcondor","long put 6,700 / short put 6,705 / short call 6,755 / long call 6,760","1","touch","-6","433","-1.39","67","15.47","0.67","0.55","0.8","0.73","0.6","0.85","433","67","6738.07","6745.35"
"Oct 17, 2025 1:30pm","Oct 17, 2025 2:21pm","SPX","Oct 17, 2025","ironcondor","long put 6,565 / short put 6,570 / short call 6,675 / long call 6,680","1","touch","-148","423","-34.99","77","18.2","0.77","0.65","0.9","2.25","2.1","2.4","423","77","6633.67","6671.33"
"Oct 16, 2025 1:30pm","Oct 16, 2025 2:14pm","SPX","Oct 16, 2025","ironcondor","long put 6,595 / short put 6,600 / short call 6,700 / long call 6,705","1","touch","-110","425","-25.88","75","17.65","0.75","0.6","0.9","1.85","1.6","2.1","425","75","6657.63","6606.21"
"Oct 15, 2025 1:30pm","Oct 15, 2025 2:23pm","SPX","Oct 15, 2025","ironcondor","long put 6,560 / short put 6,565 / short call 6,680 / long call 6,685","1","touch","-84","418","-20.1","82","19.62","0.82","0.7","0.95","1.66","1.5","1.8","418","82","6630.71","6670.63"
"Oct 14, 2025 1:30pm","Oct 14, 2025 4:00pm","SPX","Oct 14, 2025","ironcondor","long put 6,630 / short put 6,635 / short call 6,705 / long call 6,710","1","expired","56","444","12.61","56","12.61","0.56","0.45","0.7","0","","","444","56","6675.67","6644.31"
"Oct 9, 2025 1:30pm","Oct 9, 2025 3:25pm","SPX","Oct 9, 2025","ironcondor","long put 6,685 / short put 6,690 / short call 6,740 / long call 6,745","1","touch","34","440","7.73","60","13.64","0.6","0.45","0.75","0.26","0.1","0.4","440","60","6718.45","6730.15"
"Oct 8, 2025 1:30pm","Oct 8, 2025 4:00pm","SPX","Oct 8, 2025","ironcondor","long put 6,725 / short put 6,730 / short call 6,770 / long call 6,775","1","expired","31","469","6.61","31","6.61","0.31","0.2","0.4","0","","","469","31","6753.36","6753.72"
"Oct 7, 2025 1:30pm","Oct 7, 2025 4:00pm","SPX","Oct 7, 2025","ironcondor","long put 6,680 / short put 6,685 / short call 6,735 / long call 6,740","1","expired","55","445","12.36","55","12.36","0.55","0.45","0.65","0","","","445","55","6713.44","6714.59"
"Oct 6, 2025 1:30pm","Oct 6, 2025 4:00pm","SPX","Oct 6, 2025","ironcondor","long put 6,720 / short put 6,725 / short call 6,760 / long call 6,765","1","expired","55","445","12.36","55","12.36","0.55","0.4","0.7","0","","","445","55","6745.02","6740.28"
"Oct 3, 2025 1:30pm","Oct 3, 2025 4:00pm","SPX","Oct 3, 2025","ironcondor","long put 6,685 / short put 6,690 / short call 6,750 / long call 6,755","1","expired","54","446","12.11","54","12.11","0.54","0.4","0.65","0","","","446","54","6728.09","6715.79"
"Oct 2, 2025 1:30pm","Oct 2, 2025 2:13pm","SPX","Oct 2, 2025","ironcondor","long put 6,685 / short put 6,690 / short call 6,730 / long call 6,735","1","touch","-12","448","-2.68","52","11.61","0.52","0.35","0.7","0.64","0.55","0.75","448","52","6710.35","6720.02"
"Oct 1, 2025 1:30pm","Oct 1, 2025 2:14pm","SPX","Oct 1, 2025","ironcondor","long put 6,680 / short put 6,685 / short call 6,720 / long call 6,725","1","touch","-24","440","-5.45","60","13.64","0.6","0.5","0.7","0.84","0.75","0.95","440","60","6704.51","6710.79"
"Sep 30, 2025 1:30pm","Sep 30, 2025 2:12pm","SPX","Sep 30, 2025","ironcondor","long put 6,610 / short put 6,615 / short call 6,670 / long call 6,675","1","touch","-58","425","-13.65","75","17.65","0.75","0.65","0.85","1.33","1.15","1.5","425","75","6645.93","6660.44"
"Sep 29, 2025 1:30pm","Sep 29, 2025 2:25pm","SPX","Sep 29, 2025","ironcondor","long put 6,625 / short put 6,630 / short call 6,670 / long call 6,675","1","touch","0","450","0","50","11.11","0.5","0.4","0.6","0.5","0.4","0.6","450","50","6650.93","6660.35"
"Sep 26, 2025 1:30pm","Sep 26, 2025 4:00pm","SPX","Sep 26, 2025","ironcondor","long put 6,610 / short put 6,615 / short call 6,660 / long call 6,665","1","expired","52","448","11.61","52","11.61","0.52","0.4","0.65","0","","","448","52","6641.76","6643.7"
"Sep 25, 2025 1:30pm","Sep 25, 2025 2:04pm","SPX","Sep 25, 2025","ironcondor","long put 6,560 / short put 6,565 / short call 6,625 / long call 6,630","1","touch","-99","440","-22.5","60","13.64","0.6","0.45","0.75","1.59","1.4","1.8","440","60","6598.78","6572.48"
"Sep 24, 2025 1:30pm","Sep 24, 2025 4:00pm","SPX","Sep 24, 2025","ironcondor","long put 6,610 / short put 6,615 / short call 6,660 / long call 6,665","1","expired","54","446","12.11","54","12.11","0.54","0.45","0.65","0","","","446","54","6639.5","6637.97"
"Sep 23, 2025 1:30pm","Sep 23, 2025 4:00pm","SPX","Sep 23, 2025","ironcondor","long put 6,630 / short put 6,635 / short call 6,685 / long call 6,690","1","expired","71","429","16.55","71","16.55","0.71","0.6","0.8","0","","","429","71","6663.87","6656.92"
"Sep 22, 2025 1:30pm","Sep 22, 2025 3:03pm","SPX","Sep 22, 2025","ironcondor","long put 6,665 / short put 6,670 / short call 6,705 / long call 6,710","1","touch","24","452","5.31","48","10.62","0.48","0.4","0.6","0.24","0.15","0.35","452","48","6691.55","6695.01"
"Sep 19, 2025 1:30pm","Sep 19, 2025 3:11pm","SPX","Sep 19, 2025","ironcondor","long put 6,620 / short put 6,625 / short call 6,670 / long call 6,675","1","touch","-13","472","-2.75","28","5.93","0.28","0.15","0.4","0.41","0.3","0.55","472","28","6651.07","6660.13"
"Sep 18, 2025 1:30pm","Sep 18, 2025 4:00pm","SPX","Sep 18, 2025","ironcondor","long put 6,615 / short put 6,620 / short call 6,660 / long call 6,665","1","expired","46","454","10.13","46","10.13","0.46","0.35","0.6","0","","","454","46","6641.88","6631.96"
"Sep 17, 2025 1:30pm","Sep 17, 2025 4:00pm","SPX","Sep 17, 2025","ironcondor","long put 6,505 / short put 6,510 / short call 6,670 / long call 6,675","1","expired","70","430","16.28","70","16.28","0.7","0.55","0.85","0","","","430","70","6594.4","6600.35"
"Sep 16, 2025 1:30pm","Sep 16, 2025 2:52pm","SPX","Sep 16, 2025","ironcondor","long put 6,590 / short put 6,595 / short call 6,625 / long call 6,630","1","touch","32","433","7.39","67","15.47","0.67","0.55","0.8","0.35","0.25","0.45","433","67","6610.67","6615.14"
"Sep 15, 2025 1:30pm","Sep 15, 2025 4:00pm","SPX","Sep 15, 2025","ironcondor","long put 6,570 / short put 6,575 / short call 6,625 / long call 6,630","1","expired","29","471","6.16","29","6.16","0.29","0.2","0.4","0","","","471","29","6606.14","6615.28"
"Sep 12, 2025 1:30pm","Sep 12, 2025 2:33pm","SPX","Sep 12, 2025","ironcondor","long put 6,570 / short put 6,575 / short call 6,605 / long call 6,610","1","touch","3","461","0.65","39","8.46","0.39","0.25","0.5","0.36","0.25","0.45","461","39","6590.72","6595.35"
"Sep 11, 2025 1:30pm","Sep 11, 2025 3:34pm","SPX","Sep 11, 2025","ironcondor","long put 6,555 / short put 6,560 / short call 6,600 / long call 6,605","1","touch","7","458","1.53","42","9.17","0.42","0.3","0.55","0.35","0.25","0.45","458","42","6581.13","6590.18"
"Sep 10, 2025 1:30pm","Sep 10, 2025 4:00pm","SPX","Sep 10, 2025","ironcondor","long put 6,500 / short put 6,505 / short call 6,550 / long call 6,555","1","expired","63","437","14.42","63","14.42","0.63","0.5","0.75","0","","","437","63","6532.74","6532.04"
"Sep 9, 2025 1:30pm","Sep 9, 2025 4:00pm","SPX","Sep 9, 2025","ironcondor","long put 6,480 / short put 6,485 / short call 6,525 / long call 6,530","1","expired","36","464","7.76","36","7.76","0.36","0.25","0.45","0","","","464","36","6505.8","6512.61"
"Sep 8, 2025 1:30pm","Sep 8, 2025 1:53pm","SPX","Sep 8, 2025","ironcondor","long put 6,470 / short put 6,475 / short call 6,510 / long call 6,515","1","touch","-41","440","-9.32","60","13.64","0.6","0.4","0.8","1.01","0.85","1.15","440","60","6495.08","6483.84"
"Sep 5, 2025 1:30pm","Sep 5, 2025 4:00pm","SPX","Sep 5, 2025","ironcondor","long put 6,435 / short put 6,440 / short call 6,495 / long call 6,500","1","expired","61","439","13.9","61","13.9","0.61","0.5","0.7","0","","","439","61","6469.2","6481.5"
"Sep 4, 2025 1:30pm","Sep 4, 2025 1:54pm","SPX","Sep 4, 2025","ironcondor","long put 6,455 / short put 6,460 / short call 6,495 / long call 6,500","1","touch","-18","462","-3.9","38","8.23","0.38","0.25","0.5","0.56","0.4","0.7","462","38","6479.49","6485.55"
"Sep 3, 2025 1:30pm","Sep 3, 2025 1:46pm","SPX","Sep 3, 2025","ironcondor","long put 6,405 / short put 6,410 / short call 6,450 / long call 6,455","1","touch","-48","435","-11.03","65","14.94","0.65","0.55","0.75","1.13","0.9","1.35","435","65","6433.9","6419.66"
"Aug 28, 2025 1:30pm","Aug 28, 2025 2:30pm","SPX","Aug 28, 2025","ironcondor","long put 6,470 / short put 6,475 / short call 6,510 / long call 6,515","1","touch","10","447","2.24","53","11.86","0.53","0.4","0.65","0.43","0.35","0.55","447","53","6494.95","6500.35"
"Aug 27, 2025 1:30pm","Aug 27, 2025 1:39pm","SPX","Aug 27, 2025","ironcondor","long put 6,455 / short put 6,460 / short call 6,490 / long call 6,495","1","touch","7","455","1.54","45","9.89","0.45","0.35","0.55","0.38","0.3","0.5","455","45","6478.17","6480.18"
"Aug 26, 2025 1:30pm","Aug 26, 2025 1:55pm","SPX","Aug 26, 2025","ironcondor","long put 6,425 / short put 6,430 / short call 6,465 / long call 6,470","1","touch","-47","470","-10","30","6.38","0.3","0.15","0.45","0.77","0.65","0.9","470","30","6448.37","6438.68"
"Aug 25, 2025 1:30pm","Aug 25, 2025 2:41pm","SPX","Aug 25, 2025","ironcondor","long put 6,440 / short put 6,445 / short call 6,475 / long call 6,480","1","touch","-1","467","-0.21","33","7.07","0.33","0.2","0.45","0.34","0.25","0.45","467","33","6460.34","6454.97"
"Aug 21, 2025 1:30pm","Aug 21, 2025 1:49pm","SPX","Aug 21, 2025","ironcondor","long put 6,320 / short put 6,325 / short call 6,385 / long call 6,390","1","touch","-73","436","-16.74","64","14.68","0.64","0.5","0.8","1.37","1.25","1.5","436","64","6358.01","6375.04"
"Aug 20, 2025 1:30pm","Aug 20, 2025 3:15pm","SPX","Aug 20, 2025","ironcondor","long put 6,345 / short put 6,350 / short call 6,405 / long call 6,410","1","touch","-28","443","-6.32","57","12.87","0.57","0.45","0.7","0.85","0.75","0.95","443","57","6380.35","6397"
"Aug 19, 2025 1:30pm","Aug 19, 2025 4:00pm","SPX","Aug 19, 2025","ironcondor","long put 6,380 / short put 6,385 / short call 6,430 / long call 6,435","1","expired","55","445","12.36","55","12.36","0.55","0.45","0.65","0","","","445","55","6412.61","6411.37"
"Aug 18, 2025 1:30pm","Aug 18, 2025 4:00pm","SPX","Aug 18, 2025","ironcondor","long put 6,425 / short put 6,430 / short call 6,465 / long call 6,470","1","expired","44","456","9.65","44","9.65","0.44","0.35","0.55","0","","","456","44","6447.25","6449.15"
"Aug 15, 2025 1:30pm","Aug 15, 2025 4:00pm","SPX","Aug 15, 2025","ironcondor","long put 6,430 / short put 6,435 / short call 6,475 / long call 6,480","1","expired","46","454","10.13","46","10.13","0.46","0.35","0.55","0","","","454","46","6457.96","6449.8"
"Aug 14, 2025 1:30pm","Aug 14, 2025 4:00pm","SPX","Aug 14, 2025","ironcondor","long put 6,440 / short put 6,445 / short call 6,485 / long call 6,490","1","expired","56","444","12.61","56","12.61","0.56","0.45","0.65","0","","","444","56","6467.88","6468.54"
"Aug 13, 2025 1:30pm","Aug 13, 2025 2:58pm","SPX","Aug 13, 2025","ironcondor","long put 6,425 / short put 6,430 / short call 6,470 / long call 6,475","1","touch","3","442","0.68","58","13.12","0.58","0.5","0.7","0.55","0.45","0.65","442","58","6454.29","6460.62"
"Aug 11, 2025 1:30pm","Aug 11, 2025 4:00pm","SPX","Aug 11, 2025","ironcondor","long put 6,360 / short put 6,365 / short call 6,405 / long call 6,410","1","expired","62","438","14.16","62","14.16","0.62","0.5","0.75","0","","","438","62","6389.6","6373.45"
"Aug 8, 2025 1:30pm","Aug 8, 2025 1:43pm","SPX","Aug 8, 2025","ironcondor","long put 6,350 / short put 6,355 / short call 6,400 / long call 6,405","1","touch","-43","452","-9.51","48","10.62","0.48","0.35","0.6","0.91","0.8","1","452","48","6382.52","6390.1"
"Aug 7, 2025 1:30pm","Aug 7, 2025 4:00pm","SPX","Aug 7, 2025","ironcondor","long put 6,275 / short put 6,280 / short call 6,350 / long call 6,355","1","expired","52","448","11.61","52","11.61","0.52","0.35","0.7","0","","","448","52","6319.46","6340"
"Aug 6, 2025 1:30pm","Aug 6, 2025 2:33pm","SPX","Aug 6, 2025","ironcondor","long put 6,315 / short put 6,320 / short call 6,360 / long call 6,365","1","touch","-4","454","-0.88","46","10.13","0.46","0.35","0.6","0.5","0.4","0.6","454","46","6342.19","6350.14"
"Aug 5, 2025 1:30pm","Aug 5, 2025 4:00pm","SPX","Aug 5, 2025","ironcondor","long put 6,285 / short put 6,290 / short call 6,335 / long call 6,340","1","expired","45","455","9.89","45","9.89","0.45","0.35","0.55","0","","","455","45","6316.25","6299.19"
"Jul 31, 2025 1:30pm","Jul 31, 2025 4:00pm","SPX","Jul 31, 2025","ironcondor","long put 6,320 / short put 6,325 / short call 6,405 / long call 6,410","1","expired","75","425","17.65","75","17.65","0.75","0.6","0.9","0","","","425","75","6368.03","6339.39"
"Jul 30, 2025 1:30pm","Jul 30, 2025 3:04pm","SPX","Jul 30, 2025","ironcondor","long put 6,330 / short put 6,335 / short call 6,420 / long call 6,425","1","touch","-95","442","-21.49","58","13.12","0.58","0.45","0.7","1.53","1.25","1.8","442","58","6382.46","6344.51"
"Jul 29, 2025 1:30pm","Jul 29, 2025 1:43pm","SPX","Jul 29, 2025","ironcondor","long put 6,360 / short put 6,365 / short call 6,400 / long call 6,405","1","touch","-70","457","-15.32","43","9.41","0.43","0.25","0.6","1.13","0.95","1.3","457","43","6382.47","6373.05"
"Jul 28, 2025 1:30pm","Jul 28, 2025 4:00pm","SPX","Jul 28, 2025","ironcondor","long put 6,355 / short put 6,360 / short call 6,400 / long call 6,405","1","expired","46","454","10.13","46","10.13","0.46","0.35","0.6","0","","","454","46","6383.13","6389.77"
"Jul 25, 2025 1:30pm","Jul 25, 2025 2:22pm","SPX","Jul 25, 2025","ironcondor","long put 6,365 / short put 6,370 / short call 6,405 / long call 6,410","1","touch","2","457","0.44","43","9.41","0.43","0.3","0.55","0.41","0.3","0.5","457","43","6390.78","6395.04"
"Jul 24, 2025 1:30pm","Jul 24, 2025 2:11pm","SPX","Jul 24, 2025","ironcondor","long put 6,345 / short put 6,350 / short call 6,390 / long call 6,395","1","touch","-22","453","-4.86","47","10.38","0.47","0.35","0.6","0.69","0.6","0.8","453","47","6373.99","6380.29"
"Jul 23, 2025 1:30pm","Jul 23, 2025 1:44pm","SPX","Jul 23, 2025","ironcondor","long put 6,315 / short put 6,320 / short call 6,355 / long call 6,360","1","touch","-39","453","-8.61","47","10.38","0.47","0.35","0.6","0.86","0.75","1","453","47","6341.62","6346.8"
"Jul 22, 2025 1:30pm","Jul 22, 2025 2:18pm","SPX","Jul 22, 2025","ironcondor","long put 6,285 / short put 6,290 / short call 6,330 / long call 6,335","1","touch","-47","456","-10.31","44","9.65","0.44","0.35","0.55","0.91","0.7","1.1","456","44","6310.87","6299.34"
"Jul 21, 2025 1:30pm","Jul 21, 2025 3:08pm","SPX","Jul 21, 2025","ironcondor","long put 6,310 / short put 6,315 / short call 6,350 / long call 6,355","1","touch","-57","477","-11.95","23","4.82","0.23","0.1","0.35","0.8","0.7","0.9","477","23","6334.91","6321.41"
"Jul 18, 2025 1:30pm","Jul 18, 2025 4:00pm","SPX","Jul 18, 2025","ironcondor","long put 6,260 / short put 6,265 / short call 6,310 / long call 6,315","1","expired","45","455","9.89","45","9.89","0.45","0.3","0.6","0","","","455","45","6289.93","6296.79"
"Jul 17, 2025 1:30pm","Jul 17, 2025 1:58pm","SPX","Jul 17, 2025","ironcondor","long put 6,265 / short put 6,270 / short call 6,305 / long call 6,310","1","touch","11","442","2.49","58","13.12","0.58","0.45","0.7","0.47","0.35","0.6","442","58","6291.32","6295.15"
"Jul 16, 2025 1:30pm","Jul 16, 2025 2:56pm","SPX","Jul 16, 2025","ironcondor","long put 6,220 / short put 6,225 / short call 6,270 / long call 6,275","1","touch","-1","441","-0.23","59","13.38","0.59","0.45","0.75","0.6","0.45","0.75","441","59","6251.78","6261.7"
"Jul 15, 2025 1:30pm","Jul 15, 2025 4:00pm","SPX","Jul 15, 2025","ironcondor","long put 6,230 / short put 6,235 / short call 6,280 / long call 6,285","1","expired","42","458","9.17","42","9.17","0.42","0.3","0.55","0","","","458","42","6259.41","6243.76"
"Jul 14, 2025 1:30pm","Jul 14, 2025 4:00pm","SPX","Jul 14, 2025","ironcondor","long put 6,245 / short put 6,250 / short call 6,285 / long call 6,290","1","expired","39","461","8.46","39","8.46","0.39","0.3","0.5","0","","","461","39","6268.87","6268.56"
"Jul 11, 2025 1:30pm","Jul 11, 2025 4:00pm","SPX","Jul 11, 2025","ironcondor","long put 6,235 / short put 6,240 / short call 6,285 / long call 6,290","1","expired","45","455","9.89","45","9.89","0.45","0.35","0.55","0","","","455","45","6265.49","6259.75"
"Jul 10, 2025 1:30pm","Jul 10, 2025 4:00pm","SPX","Jul 10, 2025","ironcondor","long put 6,255 / short put 6,260 / short call 6,300 / long call 6,305","1","expired","32","468","6.84","32","6.84","0.32","0.15","0.5","0","","","468","32","6282.64","6280.46"
"Jul 9, 2025 1:30pm","Jul 9, 2025 2:53pm","SPX","Jul 9, 2025","ironcondor","long put 6,215 / short put 6,220 / short call 6,265 / long call 6,270","1","touch","3","449","0.67","51","11.36","0.51","0.4","0.6","0.48","0.35","0.6","449","51","6245.44","6255.16"
"Jul 8, 2025 1:30pm","Jul 8, 2025 4:00pm","SPX","Jul 8, 2025","ironcondor","long put 6,195 / short put 6,200 / short call 6,250 / long call 6,255","1","expired","69","431","16.01","69","16.01","0.69","0.55","0.8","0","","","431","69","6230.06","6225.52"
"Jul 2, 2025 1:30pm","Jul 2, 2025 4:00pm","SPX","Jul 2, 2025","ironcondor","long put 6,185 / short put 6,190 / short call 6,235 / long call 6,240","1","expired","35","465","7.53","35","7.53","0.35","0.2","0.5","0","","","465","35","6217.41","6227.42"
"Jul 1, 2025 1:30pm","Jul 1, 2025 4:00pm","SPX","Jul 1, 2025","ironcondor","long put 6,175 / short put 6,180 / short call 6,225 / long call 6,230","1","expired","54","446","12.11","54","12.11","0.54","0.45","0.65","0","","","446","54","6203.45","6198.01"
"Jun 30, 2025 1:30pm","Jun 30, 2025 4:00pm","SPX","Jun 30, 2025","ironcondor","long put 6,150 / short put 6,155 / short call 6,215 / long call 6,220","1","expired","62","438","14.16","62","14.16","0.62","0.5","0.75","0","","","438","62","6188.02","6204.95"
"Jun 27, 2025 1:30pm","Jun 27, 2025 1:47pm","SPX","Jun 27, 2025","ironcondor","long put 6,150 / short put 6,155 / short call 6,195 / long call 6,200","1","touch","-75","455","-16.48","45","9.89","0.45","0.35","0.55","1.2","0.9","1.5","455","45","6177.37","6163.35"
"Jun 26, 2025 1:30pm","Jun 26, 2025 2:14pm","SPX","Jun 26, 2025","ironcondor","long put 6,110 / short put 6,115 / short call 6,150 / long call 6,155","1","touch","-18","455","-3.96","45","9.89","0.45","0.35","0.55","0.63","0.55","0.75","455","45","6135.28","6141.07"
"Jun 25, 2025 1:30pm","Jun 25, 2025 4:00pm","SPX","Jun 25, 2025","ironcondor","long put 6,065 / short put 6,070 / short call 6,115 / long call 6,120","1","expired","41","459","8.93","41","8.93","0.41","0.3","0.5","0","","","459","41","6093.78","6092.16"
"Jun 23, 2025 1:30pm","Jun 23, 2025 4:00pm","SPX","Jun 23, 2025","ironcondor","long put 5,950 / short put 5,955 / short call 6,030 / long call 6,035","1","expired","68","432","15.74","68","15.74","0.68","0.5","0.85","0","","","432","68","6000.94","6025.17"
"Jun 20, 2025 1:30pm","Jun 20, 2025 4:00pm","SPX","Jun 20, 2025","ironcondor","long put 5,915 / short put 5,920 / short call 5,990 / long call 5,995","1","expired","72","428","16.82","72","16.82","0.72","0.55","0.9","0","","","428","72","5959.66","5967.84"
"Jun 18, 2025 1:30pm","Jun 18, 2025 4:00pm","SPX","Jun 18, 2025","ironcondor","long put 5,920 / short put 5,925 / short call 6,050 / long call 6,055","1","expired","64","436","14.68","64","14.68","0.64","0.5","0.75","0","","","436","64","5994.76","5980.87"
"Jun 17, 2025 1:30pm","Jun 17, 2025 4:00pm","SPX","Jun 17, 2025","ironcondor","long put 5,950 / short put 5,955 / short call 6,025 / long call 6,030","1","expired","62","438","14.16","62","14.16","0.62","0.5","0.75","0","","","438","62","5996.82","5982.72"
"Jun 13, 2025 1:30pm","Jun 13, 2025 2:37pm","SPX","Jun 13, 2025","ironcondor","long put 5,955 / short put 5,960 / short call 6,035 / long call 6,040","1","touch","-105","441","-23.81","59","13.38","0.59","0.45","0.75","1.64","1.4","1.9","441","59","6003.77","5967.42"
"Jun 12, 2025 1:30pm","Jun 12, 2025 4:00pm","SPX","Jun 12, 2025","ironcondor","long put 6,000 / short put 6,005 / short call 6,060 / long call 6,065","1","expired","58","442","13.12","58","13.12","0.58","0.45","0.7","0","","","442","58","6038.01","6045.26"
"Jun 11, 2025 1:30pm","Jun 11, 2025 2:00pm","SPX","Jun 11, 2025","ironcondor","long put 6,020 / short put 6,025 / short call 6,075 / long call 6,080","1","touch","-73","448","-16.29","52","11.61","0.52","0.4","0.65","1.25","1.1","1.4","448","52","6052.12","6033.76"
"Jun 10, 2025 1:30pm","Jun 10, 2025 3:06pm","SPX","Jun 10, 2025","ironcondor","long put 5,995 / short put 6,000 / short call 6,050 / long call 6,055","1","touch","-90","461","-19.52","39","8.46","0.39","0.25","0.55","1.29","1.1","1.45","461","39","6027.69","6042.34"
"Jun 9, 2025 1:30pm","Jun 9, 2025 4:00pm","SPX","Jun 9, 2025","ironcondor","long put 5,985 / short put 5,990 / short call 6,040 / long call 6,045","1","expired","64","436","14.68","64","14.68","0.64","0.55","0.75","0","","","436","64","6017.14","6005.88"
"Jun 5, 2025 1:30pm","Jun 5, 2025 2:16pm","SPX","Jun 5, 2025","ironcondor","long put 5,940 / short put 5,945 / short call 6,000 / long call 6,005","1","touch","-69","441","-15.65","59","13.38","0.59","0.45","0.7","1.28","1","1.55","441","59","5974.62","5954.71"
"Jun 4, 2025 1:30pm","Jun 4, 2025 4:00pm","SPX","Jun 4, 2025","ironcondor","long put 5,950 / short put 5,955 / short call 6,005 / long call 6,010","1","expired","54","446","12.11","54","12.11","0.54","0.4","0.65","0","","","446","54","5983.48","5970.81"
"Jun 3, 2025 1:30pm","Jun 3, 2025 4:00pm","SPX","Jun 3, 2025","ironcondor","long put 5,945 / short put 5,950 / short call 6,000 / long call 6,005","1","expired","49","451","10.86","49","10.86","0.49","0.35","0.6","0","","","451","49","5978.18","5970.37"
"Jun 2, 2025 1:30pm","Jun 2, 2025 2:23pm","SPX","Jun 2, 2025","ironcondor","long put 5,870 / short put 5,875 / short call 5,935 / long call 5,940","1","touch","-76","446","-17.04","54","12.11","0.54","0.4","0.7","1.3","1.1","1.5","446","54","5909.1","5925.85"
"May 30, 2025 1:30pm","May 30, 2025 3:02pm","SPX","May 30, 2025","ironcondor","long put 5,815 / short put 5,820 / short call 5,910 / long call 5,915","1","touch","-87","431","-20.19","69","16.01","0.69","0.55","0.8","1.56","1.3","1.8","431","69","5869.63","5900.35"
"May 29, 2025 1:30pm","May 29, 2025 4:00pm","SPX","May 29, 2025","ironcondor","long put 5,860 / short put 5,865 / short call 5,940 / long call 5,945","1","expired","64","436","14.68","64","14.68","0.64","0.5","0.75","0","","","436","64","5905.37","5912.17"
"May 28, 2025 1:30pm","May 28, 2025 4:00pm","SPX","May 28, 2025","ironcondor","long put 5,880 / short put 5,885 / short call 5,940 / long call 5,945","1","expired","45","455","9.89","45","9.89","0.45","0.3","0.6","0","","","455","45","5914.26","5888.55"
"May 23, 2025 1:30pm","May 23, 2025 4:00pm","SPX","May 23, 2025","ironcondor","long put 5,775 / short put 5,780 / short call 5,860 / long call 5,865","1","expired","66","434","15.21","66","15.21","0.66","0.55","0.8","0","","","434","66","5823.39","5802.82"
"May 22, 2025 1:30pm","May 22, 2025 4:00pm","SPX","May 22, 2025","ironcondor","long put 5,815 / short put 5,820 / short call 5,895 / long call 5,900","1","expired","59","441","13.38","59","13.38","0.59","0.5","0.7","0","","","441","59","5858.67","5842.01"
"May 20, 2025 1:30pm","May 20, 2025 2:22pm","SPX","May 20, 2025","ironcondor","long put 5,915 / short put 5,920 / short call 5,975 / long call 5,980","1","touch","-72","450","-16","50","11.11","0.5","0.35","0.65","1.22","0.95","1.5","450","50","5947.32","5928.35"
"May 19, 2025 1:30pm","May 19, 2025 4:00pm","SPX","May 19, 2025","ironcondor","long put 5,930 / short put 5,935 / short call 5,990 / long call 5,995","1","expired","58","442","13.12","58","13.12","0.58","0.45","0.7","0","","","442","58","5964.29","5963.6"
"May 16, 2025 1:30pm","May 16, 2025 4:00pm","SPX","May 16, 2025","ironcondor","long put 5,910 / short put 5,915 / short call 5,970 / long call 5,975","1","expired","51","449","11.36","51","11.36","0.51","0.4","0.65","0","","","449","51","5945.3","5958.38"
"May 15, 2025 1:30pm","May 15, 2025 4:00pm","SPX","May 15, 2025","ironcondor","long put 5,885 / short put 5,890 / short call 5,950 / long call 5,955","1","expired","52","448","11.61","52","11.61","0.52","0.4","0.65","0","","","448","52","5922","5916.93"
"May 14, 2025 1:30pm","May 14, 2025 4:00pm","SPX","May 14, 2025","ironcondor","long put 5,840 / short put 5,845 / short call 5,910 / long call 5,915","1","expired","66","434","15.21","66","15.21","0.66","0.5","0.8","0","","","434","66","5879.25","5892.58"
"May 9, 2025 1:30pm","May 9, 2025 4:00pm","SPX","May 9, 2025","ironcondor","long put 5,610 / short put 5,615 / short call 5,695 / long call 5,700","1","expired","56","444","12.61","56","12.61","0.56","0.45","0.65","0","","","444","56","5655.69","5659.91"
"May 7, 2025 1:30pm","May 7, 2025 4:00pm","SPX","May 7, 2025","ironcondor","long put 5,545 / short put 5,550 / short call 5,700 / long call 5,705","1","expired","65","435","14.94","65","14.94","0.65","0.4","0.9","0","","","435","65","5629.98","5631.28"
"May 6, 2025 1:30pm","May 6, 2025 4:00pm","SPX","May 6, 2025","ironcondor","long put 5,570 / short put 5,575 / short call 5,645 / long call 5,650","1","expired","62","438","14.16","62","14.16","0.62","0.45","0.8","0","","","438","62","5613.53","5606.91"
"May 5, 2025 1:30pm","May 5, 2025 4:00pm","SPX","May 5, 2025","ironcondor","long put 5,630 / short put 5,635 / short call 5,695 / long call 5,700","1","expired","49","451","10.86","49","10.86","0.49","0.35","0.65","0","","","451","49","5669.05","5650.38"
"Apr 29, 2025 1:30pm","Apr 29, 2025 2:05pm","SPX","Apr 29, 2025","ironcondor","long put 5,495 / short put 5,500 / short call 5,580 / long call 5,585","1","touch","-105","435","-24.14","65","14.94","0.65","0.55","0.75","1.7","1.45","1.95","435","65","5544.05","5570.27"
"Apr 17, 2025 1:30pm","Apr 17, 2025 4:00pm","SPX","Apr 17, 2025","ironcondor","long put 5,225 / short put 5,230 / short call 5,350 / long call 5,355","1","expired","72","428","16.82","72","16.82","0.72","0.6","0.85","0","","","428","72","5293.68","5282.7"
"Apr 14, 2025 1:30pm","Apr 14, 2025 4:00pm","SPX","Apr 14, 2025","ironcondor","long put 5,315 / short put 5,320 / short call 5,460 / long call 5,465","1","expired","70","430","16.28","70","16.28","0.7","0.55","0.85","0","","","430","70","5391.87","5405.97"
"Apr 8, 2025 1:30pm","Apr 8, 2025 4:00pm","SPX","Apr 8, 2025","ironcondor","long put 4,875 / short put 4,880 / short call 5,170 / long call 5,175","1","expired","70","430","16.28","70","16.28","0.7","0.3","1.1","0","","","430","70","5042.58","4982.77"
"Apr 7, 2025 1:30pm","Apr 7, 2025 4:00pm","SPX","Apr 7, 2025","ironcondor","long put 4,915 / short put 4,920 / short call 5,235 / long call 5,240","1","expired","70","430","16.28","70","16.28","0.7","0.3","1.1","0","","","430","70","5073.85","5062.25"
"Apr 1, 2025 1:30pm","Apr 1, 2025 4:00pm","SPX","Apr 1, 2025","ironcondor","long put 5,565 / short put 5,570 / short call 5,650 / long call 5,655","1","expired","70","430","16.28","70","16.28","0.7","0.55","0.85","0","","","430","70","5615.59","5633.07"
"Mar 31, 2025 1:30pm","Mar 31, 2025 2:32pm","SPX","Mar 31, 2025","ironcondor","long put 5,500 / short put 5,505 / short call 5,605 / long call 5,610","1","touch","-104","424","-24.53","76","17.92","0.76","0.6","0.9","1.8","1.6","2","424","76","5557.28","5595.82"
"Mar 27, 2025 1:30pm","Mar 27, 2025 4:00pm","SPX","Mar 27, 2025","ironcondor","long put 5,645 / short put 5,650 / short call 5,725 / long call 5,730","1","expired","65","435","14.94","65","14.94","0.65","0.55","0.75","0","","","435","65","5690.37","5693.31"
"Mar 25, 2025 1:30pm","Mar 25, 2025 4:00pm","SPX","Mar 25, 2025","ironcondor","long put 5,730 / short put 5,735 / short call 5,790 / long call 5,795","1","expired","50","450","11.11","50","11.11","0.5","0.35","0.65","0","","","450","50","5764.4","5776.65"
"Mar 21, 2025 1:30pm","Mar 21, 2025 4:00pm","SPX","Mar 21, 2025","ironcondor","long put 5,595 / short put 5,600 / short call 5,685 / long call 5,690","1","expired","78","422","18.48","78","18.48","0.78","0.65","0.9","0","","","422","78","5643.67","5667.56"
"Mar 20, 2025 1:30pm","Mar 20, 2025 4:00pm","SPX","Mar 20, 2025","ironcondor","long put 5,605 / short put 5,610 / short call 5,695 / long call 5,700","1","expired","64","436","14.68","64","14.68","0.64","0.55","0.75","0","","","436","64","5652.91","5662.89"
"Mar 19, 2025 1:30pm","Mar 19, 2025 3:11pm","SPX","Mar 19, 2025","ironcondor","long put 5,550 / short put 5,555 / short call 5,710 / long call 5,715","1","touch","-172","419","-41.05","81","19.33","0.81","0.65","0.95","2.53","2.25","2.8","419","81","5640","5711.59"
"Mar 17, 2025 1:30pm","Mar 17, 2025 2:12pm","SPX","Mar 17, 2025","ironcondor","long put 5,620 / short put 5,625 / short call 5,695 / long call 5,700","1","touch","-93","440","-21.14","60","13.64","0.6","0.45","0.75","1.53","1.3","1.75","440","60","5664.37","5685.73"
"Mar 7, 2025 1:30pm","Mar 7, 2025 4:00pm","SPX","Mar 7, 2025","ironcondor","long put 5,660 / short put 5,665 / short call 5,805 / long call 5,810","1","expired","87","413","21.07","87","21.07","0.87","0.7","1.05","0","","","413","87","5735.74","5770.2"
"Mar 5, 2025 1:30pm","Mar 5, 2025 3:05pm","SPX","Mar 5, 2025","ironcondor","long put 5,725 / short put 5,730 / short call 5,865 / long call 5,870","1","touch","-87","418","-20.81","82","19.62","0.82","0.7","0.95","1.69","1.5","1.9","418","82","5803.94","5855.35"
"Feb 28, 2025 1:30pm","Feb 28, 2025 3:07pm","SPX","Feb 28, 2025","ironcondor","long put 5,795 / short put 5,800 / short call 5,910 / long call 5,915","1","touch","-105","428","-24.53","72","16.82","0.72","0.55","0.9","1.77","1.55","2","428","72","5859.87","5901.85"
"Feb 27, 2025 1:30pm","Feb 27, 2025 2:46pm","SPX","Feb 27, 2025","ironcondor","long put 5,910 / short put 5,915 / short call 5,995 / long call 6,000","1","touch","-204","425","-48","75","17.65","0.75","0.65","0.85","2.79","2.5","3.1","425","75","5959.45","5908.72"
"Feb 26, 2025 1:30pm","Feb 26, 2025 4:00pm","SPX","Feb 26, 2025","ironcondor","long put 5,905 / short put 5,910 / short call 5,990 / long call 5,995","1","expired","74","426","17.37","74","17.37","0.74","0.6","0.9","0","","","426","74","5952.91","5956.06"
"Feb 25, 2025 1:30pm","Feb 25, 2025 3:24pm","SPX","Feb 25, 2025","ironcondor","long put 5,900 / short put 5,905 / short call 5,985 / long call 5,990","1","touch","-77","437","-17.62","63","14.42","0.63","0.5","0.75","1.4","1.25","1.55","437","63","5950.6","5977.7"
"Feb 24, 2025 1:30pm","Feb 24, 2025 3:01pm","SPX","Feb 24, 2025","ironcondor","long put 5,995 / short put 6,000 / short call 6,050 / long call 6,055","1","touch","-12","430","-2.79","70","16.28","0.7","0.55","0.85","0.82","0.7","0.95","430","70","6028.12","6009.44"
"Feb 19, 2025 1:30pm","Feb 19, 2025 2:15pm","SPX","Feb 19, 2025","ironcondor","long put 6,105 / short put 6,110 / short call 6,150 / long call 6,155","1","touch","-45","452","-9.96","48","10.62","0.48","0.35","0.6","0.93","0.8","1.05","452","48","6132.06","6140.77"
"Feb 18, 2025 1:30pm","Feb 18, 2025 4:00pm","SPX","Feb 18, 2025","ironcondor","long put 6,085 / short put 6,090 / short call 6,130 / long call 6,135","1","expired","59","441","13.38","59","13.38","0.59","0.5","0.7","0","","","441","59","6114.06","6129.58"
"Feb 14, 2025 1:30pm","Feb 14, 2025 4:00pm","SPX","Feb 14, 2025","ironcondor","long put 6,085 / short put 6,090 / short call 6,135 / long call 6,140","1","expired","55","445","12.36","55","12.36","0.55","0.4","0.7","0","","","445","55","6115.76","6114.63"
"Feb 13, 2025 1:30pm","Feb 13, 2025 2:08pm","SPX","Feb 13, 2025","ironcondor","long put 6,035 / short put 6,040 / short call 6,105 / long call 6,110","1","touch","-44","435","-10.11","65","14.94","0.65","0.5","0.8","1.09","0.95","1.2","435","65","6079.66","6095.98"
"Feb 12, 2025 1:30pm","Feb 12, 2025 4:00pm","SPX","Feb 12, 2025","ironcondor","long put 6,020 / short put 6,025 / short call 6,075 / long call 6,080","1","expired","55","445","12.36","55","12.36","0.55","0.4","0.7","0","","","445","55","6053.11","6051.97"
"Feb 11, 2025 1:30pm","Feb 11, 2025 1:37pm","SPX","Feb 11, 2025","ironcondor","long put 6,030 / short put 6,035 / short call 6,075 / long call 6,080","1","touch","-31","440","-7.05","60","13.64","0.6","0.5","0.7","0.91","0.8","1","440","60","6058.06","6066"
"Feb 10, 2025 1:30pm","Feb 10, 2025 4:00pm","SPX","Feb 10, 2025","ironcondor","long put 6,035 / short put 6,040 / short call 6,085 / long call 6,090","1","expired","52","448","11.61","52","11.61","0.52","0.4","0.65","0","","","448","52","6065.51","6066.44"
"Feb 7, 2025 1:30pm","Feb 7, 2025 2:31pm","SPX","Feb 7, 2025","ironcondor","long put 6,010 / short put 6,015 / short call 6,085 / long call 6,090","1","touch","-72","438","-16.44","62","14.16","0.62","0.5","0.75","1.34","1.2","1.5","438","62","6052.7","6024"
"Feb 6, 2025 1:30pm","Feb 6, 2025 2:32pm","SPX","Feb 6, 2025","ironcondor","long put 6,045 / short put 6,050 / short call 6,095 / long call 6,100","1","touch","-91","444","-20.5","56","12.61","0.56","0.4","0.7","1.47","1.15","1.8","444","56","6075.21","6054.71"
"Feb 5, 2025 1:30pm","Feb 5, 2025 2:09pm","SPX","Feb 5, 2025","ironcondor","long put 6,010 / short put 6,015 / short call 6,065 / long call 6,070","1","touch","-20","446","-4.48","54","12.11","0.54","0.45","0.65","0.74","0.65","0.85","446","54","6044.98","6055.02"
"Feb 4, 2025 1:30pm","Feb 4, 2025 4:00pm","SPX","Feb 4, 2025","ironcondor","long put 5,995 / short put 6,000 / short call 6,055 / long call 6,060","1","expired","55","445","12.36","55","12.36","0.55","0.4","0.7","0","","","445","55","6030.95","6037.88"
"Feb 3, 2025 1:30pm","Feb 3, 2025 4:00pm","SPX","Feb 3, 2025","ironcondor","long put 5,945 / short put 5,950 / short call 6,040 / long call 6,045","1","expired","71","429","16.55","71","16.55","0.71","0.55","0.85","0","","","429","71","5996.83","5994.57"
"Jan 31, 2025 1:30pm","Jan 31, 2025 2:44pm","SPX","Jan 31, 2025","ironcondor","long put 6,040 / short put 6,045 / short call 6,120 / long call 6,125","1","touch","-94","435","-21.61","65","14.94","0.65","0.45","0.85","1.59","1.4","1.8","435","65","6088.36","6053.11"
"Jan 30, 2025 1:30pm","Jan 30, 2025 2:59pm","SPX","Jan 30, 2025","ironcondor","long put 6,025 / short put 6,030 / short call 6,085 / long call 6,090","1","touch","-17","449","-3.79","51","11.36","0.51","0.4","0.65","0.68","0.6","0.8","449","51","6059.95","6076.88"
"Jan 29, 2025 1:30pm","Jan 29, 2025 4:00pm","SPX","Jan 29, 2025","ironcondor","long put 5,975 / short put 5,980 / short call 6,100 / long call 6,105","1","expired","70","430","16.28","70","16.28","0.7","0.55","0.85","0","","","430","70","6043.57","6039.31"
"Jan 24, 2025 1:30pm","Jan 24, 2025 1:58pm","SPX","Jan 24, 2025","ironcondor","long put 6,080 / short put 6,085 / short call 6,125 / long call 6,130","1","touch","-32","448","-7.14","52","11.61","0.52","0.4","0.65","0.84","0.7","0.95","448","52","6105.24","6094.85"
"Jan 23, 2025 1:30pm","Jan 23, 2025 4:00pm","SPX","Jan 23, 2025","ironcondor","long put 6,075 / short put 6,080 / short call 6,115 / long call 6,120","1","expired","-332","461","-72.02","39","8.46","0.39","0.3","0.5","3.71","","","461","39","6101.15","6118.71"
"Jan 22, 2025 1:30pm","Jan 22, 2025 1:42pm","SPX","Jan 22, 2025","ironcondor","long put 6,060 / short put 6,065 / short call 6,105 / long call 6,110","1","touch","3","446","0.67","54","12.11","0.54","0.45","0.65","0.51","0.4","0.65","446","54","6092.12","6095.04"
"Jan 16, 2025 1:30pm","Jan 16, 2025 4:00pm","SPX","Jan 16, 2025","ironcondor","long put 5,910 / short put 5,915 / short call 5,970 / long call 5,975","1","expired","69","431","16.01","69","16.01","0.69","0.6","0.8","0","","","431","69","5943.74","5937.34"
"Jan 14, 2025 1:30pm","Jan 14, 2025 3:03pm","SPX","Jan 14, 2025","ironcondor","long put 5,805 / short put 5,810 / short call 5,870 / long call 5,875","1","touch","-65","420","-15.48","80","19.05","0.8","0.65","0.95","1.45","1.3","1.6","420","80","5841.38","5817.46"
"Jan 13, 2025 1:30pm","Jan 13, 2025 4:00pm","SPX","Jan 13, 2025","ironcondor","long put 5,775 / short put 5,780 / short call 5,850 / long call 5,855","1","expired","64","436","14.68","64","14.68","0.64","0.5","0.8","0","","","436","64","5817.94","5836.22"
"Jan 8, 2025 1:30pm","Jan 8, 2025 4:00pm","SPX","Jan 8, 2025","ironcondor","long put 5,865 / short put 5,870 / short call 5,945 / long call 5,950","1","expired","65","435","14.94","65","14.94","0.65","0.55","0.75","0","","","435","65","5914.18","5918.25"
"Jan 7, 2025 1:30pm","Jan 7, 2025 3:02pm","SPX","Jan 7, 2025","ironcondor","long put 5,905 / short put 5,910 / short call 5,975 / long call 5,980","1","touch","-54","439","-12.3","61","13.9","0.61","0.5","0.7","1.15","0.95","1.35","439","61","5945.71","5918.97"
"Jan 2, 2025 1:30pm","Jan 2, 2025 4:00pm","SPX","Jan 2, 2025","ironcondor","long put 5,795 / short put 5,800 / short call 5,890 / long call 5,895","1","expired","77","423","18.2","77","18.2","0.77","0.65","0.9","0","","","423","77","5846.58","5868.55"
"Dec 31, 2024 1:30pm","Dec 31, 2024 4:00pm","SPX","Dec 31, 2024","ironcondor","long put 5,825 / short put 5,830 / short call 5,920 / long call 5,925","1","expired","78","422","18.48","78","18.48","0.78","0.6","0.95","0","","","422","78","5874.42","5881.63"
"Dec 30, 2024 1:30pm","Dec 30, 2024 4:00pm","SPX","Dec 30, 2024","ironcondor","long put 5,885 / short put 5,890 / short call 5,965 / long call 5,970","1","expired","75","425","17.65","75","17.65","0.75","0.6","0.9","0","","","425","75","5929.76","5906.94"
"Dec 26, 2024 1:30pm","Dec 26, 2024 4:00pm","SPX","Dec 26, 2024","ironcondor","long put 6,015 / short put 6,020 / short call 6,060 / long call 6,065","1","expired","66","434","15.21","66","15.21","0.66","0.55","0.75","0","","","434","66","6041.79","6037.59"
"Dec 23, 2024 1:30pm","Dec 23, 2024 4:00pm","SPX","Dec 23, 2024","ironcondor","long put 5,925 / short put 5,930 / short call 5,985 / long call 5,990","1","expired","57","443","12.87","57","12.87","0.57","0.45","0.7","0","","","443","57","5957.57","5974.07"
"Dec 19, 2024 1:30pm","Dec 19, 2024 4:00pm","SPX","Dec 19, 2024","ironcondor","long put 5,855 / short put 5,860 / short call 5,935 / long call 5,940","1","expired","67","433","15.47","67","15.47","0.67","0.5","0.85","0","","","433","67","5902.3","5867.08"
"Dec 18, 2024 1:30pm","Dec 18, 2024 2:09pm","SPX","Dec 18, 2024","ironcondor","long put 6,010 / short put 6,015 / short call 6,095 / long call 6,100","1","touch","-108","407","-26.54","93","22.85","0.93","0.75","1.1","2.01","1.75","2.25","407","93","6058.52","6022.98"
"Dec 17, 2024 1:30pm","Dec 17, 2024 2:41pm","SPX","Dec 17, 2024","ironcondor","long put 6,025 / short put 6,030 / short call 6,065 / long call 6,070","1","touch","2","463","0.43","37","7.99","0.37","0.25","0.5","0.35","0.25","0.45","463","37","6048.08","6039.45"
"Dec 16, 2024 1:30pm","Dec 16, 2024 3:39pm","SPX","Dec 16, 2024","ironcondor","long put 6,065 / short put 6,070 / short call 6,095 / long call 6,100","1","touch","30","456","6.58","44","9.65","0.44","0.35","0.55","0.14","0.05","0.25","456","44","6083.5","6079.61"
"Dec 13, 2024 1:30pm","Dec 13, 2024 4:00pm","SPX","Dec 13, 2024","ironcondor","long put 6,025 / short put 6,030 / short call 6,065 / long call 6,070","1","expired","55","445","12.36","55","12.36","0.55","0.45","0.65","0","","","445","55","6047.47","6051.09"
"Dec 12, 2024 1:30pm","Dec 12, 2024 2:01pm","SPX","Dec 12, 2024","ironcondor","long put 6,050 / short put 6,055 / short call 6,090 / long call 6,095","1","touch","-27","463","-5.83","37","7.99","0.37","0.25","0.5","0.64","0.55","0.75","463","37","6073.54","6064.49"
"Dec 10, 2024 1:30pm","Dec 10, 2024 2:12pm","SPX","Dec 10, 2024","ironcondor","long put 6,030 / short put 6,035 / short call 6,065 / long call 6,070","1","touch","0","458","0","42","9.17","0.42","0.3","0.55","0.42","0.3","0.55","458","42","6052.26","6044.99"
"Dec 9, 2024 1:30pm","Dec 9, 2024 1:47pm","SPX","Dec 9, 2024","ironcondor","long put 6,045 / short put 6,050 / short call 6,080 / long call 6,085","1","touch","-24","465","-5.16","35","7.53","0.35","0.25","0.45","0.59","0.5","0.7","465","35","6065.35","6070.23"
"Dec 6, 2024 1:30pm","Dec 6, 2024 2:10pm","SPX","Dec 6, 2024","ironcondor","long put 6,070 / short put 6,075 / short call 6,105 / long call 6,110","1","touch","-22","461","-4.77","39","8.46","0.39","0.3","0.5","0.61","0.45","0.75","461","39","6090.18","6084.31"
"Dec 5, 2024 1:30pm","Dec 5, 2024 4:00pm","SPX","Dec 5, 2024","ironcondor","long put 6,060 / short put 6,065 / short call 6,100 / long call 6,105","1","expired","51","449","11.36","51","11.36","0.51","0.4","0.6","0","","","449","51","6082.88","6075.11"
"Dec 4, 2024 1:30pm","Dec 4, 2024 1:57pm","SPX","Dec 4, 2024","ironcondor","long put 6,040 / short put 6,045 / short call 6,085 / long call 6,090","1","touch","-8","441","-1.81","59","13.38","0.59","0.45","0.75","0.67","0.55","0.8","441","59","6069.26","6075.28"
"Dec 3, 2024 1:30pm","Dec 3, 2024 2:52pm","SPX","Dec 3, 2024","ironcondor","long put 6,025 / short put 6,030 / short call 6,060 / long call 6,065","1","touch","14","459","3.05","41","8.93","0.41","0.3","0.55","0.27","0.15","0.4","459","41","6045.71","6051.05"
"Dec 2, 2024 1:30pm","Dec 2, 2024 3:16pm","SPX","Dec 2, 2024","ironcondor","long put 6,025 / short put 6,030 / short call 6,060 / long call 6,065","1","touch","10","461","2.17","39","8.46","0.39","0.3","0.5","0.29","0.2","0.4","461","39","6047.05","6051.24"
"Nov 27, 2024 1:30pm","Nov 27, 2024 4:00pm","SPX","Nov 27, 2024","ironcondor","long put 5,975 / short put 5,980 / short call 6,015 / long call 6,020","1","expired","60","440","13.64","60","13.64","0.6","0.5","0.7","0","","","440","60","5996.37","5998.74"
"Nov 26, 2024 1:30pm","Nov 26, 2024 2:05pm","SPX","Nov 26, 2024","ironcondor","long put 5,985 / short put 5,990 / short call 6,025 / long call 6,030","1","touch","-3","449","-0.67","51","11.36","0.51","0.4","0.6","0.54","0.45","0.65","449","51","6010.4","6015.26"
"Nov 25, 2024 1:30pm","Nov 25, 2024 4:00pm","SPX","Nov 25, 2024","ironcondor","long put 5,955 / short put 5,960 / short call 6,005 / long call 6,010","1","expired","50","450","11.11","50","11.11","0.5","0.4","0.6","0","","","450","50","5983.35","5987.37"
"Nov 22, 2024 1:30pm","Nov 22, 2024 4:00pm","SPX","Nov 22, 2024","ironcondor","long put 5,935 / short put 5,940 / short call 5,990 / long call 5,995","1","expired","52","448","11.61","52","11.61","0.52","0.4","0.65","0","","","448","52","5967.51","5969.34"
"Nov 21, 2024 1:30pm","Nov 21, 2024 4:00pm","SPX","Nov 21, 2024","ironcondor","long put 5,915 / short put 5,920 / short call 5,980 / long call 5,985","1","expired","64","436","14.68","64","14.68","0.64","0.55","0.75","0","","","436","64","5956.53","5948.71"
"Nov 20, 2024 1:30pm","Nov 20, 2024 3:33pm","SPX","Nov 20, 2024","ironcondor","long put 5,855 / short put 5,860 / short call 5,915 / long call 5,920","1","touch","-27","439","-6.15","61","13.9","0.61","0.45","0.75","0.88","0.75","1","439","61","5889.14","5906.93"
"Nov 19, 2024 1:30pm","Nov 19, 2024 1:46pm","SPX","Nov 19, 2024","ironcondor","long put 5,880 / short put 5,885 / short call 5,925 / long call 5,930","1","touch","-54","446","-12.11","54","12.11","0.54","0.45","0.65","1.08","0.95","1.2","446","54","5908.82","5916.7"
"Nov 18, 2024 1:30pm","Nov 18, 2024 4:00pm","SPX","Nov 18, 2024","ironcondor","long put 5,865 / short put 5,870 / short call 5,915 / long call 5,920","1","expired","40","460","8.7","40","8.7","0.4","0.3","0.5","0","","","460","40","5894.58","5893.62"
"Nov 14, 2024 1:30pm","Nov 14, 2024 3:07pm","SPX","Nov 14, 2024","ironcondor","long put 5,935 / short put 5,940 / short call 5,990 / long call 5,995","1","touch","-60","442","-13.57","58","13.12","0.58","0.4","0.75","1.18","0.9","1.45","442","58","5966.43","5948.02"
"Nov 13, 2024 1:30pm","Nov 13, 2024 2:45pm","SPX","Nov 13, 2024","ironcondor","long put 5,975 / short put 5,980 / short call 6,020 / long call 6,025","1","touch","-38","450","-8.44","50","11.11","0.5","0.35","0.65","0.88","0.7","1.05","450","50","6003.29","5986.23"
"Nov 12, 2024 1:30pm","Nov 12, 2024 1:51pm","SPX","Nov 12, 2024","ironcondor","long put 5,945 / short put 5,950 / short call 5,995 / long call 6,000","1","touch","-56","440","-12.73","60","13.64","0.6","0.5","0.7","1.16","1.05","1.25","440","60","5973.78","5986.21"
"Nov 11, 2024 1:30pm","Nov 11, 2024 1:52pm","SPX","Nov 11, 2024","ironcondor","long put 5,970 / short put 5,975 / short call 6,010 / long call 6,015","1","touch","-12","440","-2.73","60","13.64","0.6","0.45","0.75","0.72","0.6","0.85","440","60","5994.38","6001.28"
"Nov 8, 2024 1:30pm","Nov 8, 2024 1:38pm","SPX","Nov 8, 2024","ironcondor","long put 5,975 / short put 5,980 / short call 6,015 / long call 6,020","1","touch","-55","450","-12.22","50","11.11","0.5","0.4","0.6","1.05","0.95","1.15","450","50","5998.49","6005.24"
"Nov 7, 2024 1:30pm","Nov 7, 2024 4:00pm","SPX","Nov 7, 2024","ironcondor","long put 5,910 / short put 5,915 / short call 6,005 / long call 6,010","1","expired","76","424","17.92","76","17.92","0.76","0.65","0.9","0","","","424","76","5965.95","5973.1"
"Nov 4, 2024 1:30pm","Nov 4, 2024 4:00pm","SPX","Nov 4, 2024","ironcondor","long put 5,685 / short put 5,690 / short call 5,750 / long call 5,755","1","expired","56","444","12.61","56","12.61","0.56","0.45","0.7","0","","","444","56","5722.03","5712.69"
"Oct 30, 2024 1:30pm","Oct 30, 2024 4:00pm","SPX","Oct 30, 2024","ironcondor","long put 5,805 / short put 5,810 / short call 5,850 / long call 5,855","1","expired","62","438","14.16","62","14.16","0.62","0.45","0.8","0","","","438","62","5833.22","5813.67"
"Oct 29, 2024 1:30pm","Oct 29, 2024 2:42pm","SPX","Oct 29, 2024","ironcondor","long put 5,810 / short put 5,815 / short call 5,855 / long call 5,860","1","touch","-6","458","-1.31","42","9.17","0.42","0.3","0.55","0.48","0.35","0.6","458","42","5837.66","5845.97"
"Oct 28, 2024 1:30pm","Oct 28, 2024 4:00pm","SPX","Oct 28, 2024","ironcondor","long put 5,800 / short put 5,805 / short call 5,850 / long call 5,855","1","expired","57","443","12.87","57","12.87","0.57","0.45","0.7","0","","","443","57","5831.54","5823.52"
"Oct 25, 2024 1:30pm","Oct 25, 2024 4:00pm","SPX","Oct 25, 2024","ironcondor","long put 5,780 / short put 5,785 / short call 5,850 / long call 5,855","1","expired","54","446","12.11","54","12.11","0.54","0.45","0.65","0","","","446","54","5822.98","5808.12"
"Oct 24, 2024 1:30pm","Oct 24, 2024 4:00pm","SPX","Oct 24, 2024","ironcondor","long put 5,775 / short put 5,780 / short call 5,830 / long call 5,835","1","expired","60","440","13.64","60","13.64","0.6","0.5","0.7","0","","","440","60","5808.45","5809.86"
"Oct 22, 2024 1:30pm","Oct 22, 2024 1:38pm","SPX","Oct 22, 2024","ironcondor","long put 5,820 / short put 5,825 / short call 5,860 / long call 5,865","1","touch","-26","446","-5.83","54","12.11","0.54","0.4","0.65","0.8","0.65","0.95","446","54","5845.19","5850.06"
"Oct 21, 2024 1:30pm","Oct 21, 2024 4:00pm","SPX","Oct 21, 2024","ironcondor","long put 5,820 / short put 5,825 / short call 5,865 / long call 5,870","1","expired","50","450","11.11","50","11.11","0.5","0.4","0.6","0","","","450","50","5847.6","5853.98"
"Oct 18, 2024 1:30pm","Oct 18, 2024 4:00pm","SPX","Oct 18, 2024","ironcondor","long put 5,840 / short put 5,845 / short call 5,885 / long call 5,890","1","expired","47","453","10.38","47","10.38","0.47","0.35","0.6","0","","","453","47","5864.73","5864.67"
"Oct 17, 2024 1:30pm","Oct 17, 2024 2:09pm","SPX","Oct 17, 2024","ironcondor","long put 5,835 / short put 5,840 / short call 5,880 / long call 5,885","1","touch","-64","441","-14.51","59","13.38","0.59","0.5","0.7","1.23","1.05","1.4","441","59","5861.26","5849.31"
"Oct 16, 2024 1:30pm","Oct 16, 2024 2:23pm","SPX","Oct 16, 2024","ironcondor","long put 5,800 / short put 5,805 / short call 5,850 / long call 5,855","1","touch","-58","450","-12.89","50","11.11","0.5","0.4","0.6","1.08","0.95","1.2","450","50","5830.22","5842.33"
"Oct 15, 2024 1:30pm","Oct 15, 2024 3:05pm","SPX","Oct 15, 2024","ironcondor","long put 5,800 / short put 5,805 / short call 5,850 / long call 5,855","1","touch","-40","438","-9.13","62","14.16","0.62","0.5","0.75","1.02","0.85","1.2","438","62","5829.6","5812.74"
"Oct 14, 2024 1:30pm","Oct 14, 2024 2:22pm","SPX","Oct 14, 2024","ironcondor","long put 5,830 / short put 5,835 / short call 5,870 / long call 5,875","1","touch","-1","442","-0.23","58","13.12","0.58","0.45","0.7","0.59","0.5","0.7","442","58","5857.31","5860.56"
"Oct 11, 2024 1:30pm","Oct 11, 2024 3:12pm","SPX","Oct 11, 2024","ironcondor","long put 5,780 / short put 5,785 / short call 5,830 / long call 5,835","1","touch","-23","448","-5.13","52","11.61","0.52","0.4","0.65","0.75","0.6","0.9","448","52","5807.71","5821.29"
"Oct 10, 2024 1:30pm","Oct 10, 2024 4:00pm","SPX","Oct 10, 2024","ironcondor","long put 5,750 / short put 5,755 / short call 5,805 / long call 5,810","1","expired","65","435","14.94","65","14.94","0.65","0.55","0.75","0","","","435","65","5782.92","5780.05"
"Oct 9, 2024 1:30pm","Oct 9, 2024 4:00pm","SPX","Oct 9, 2024","ironcondor","long put 5,745 / short put 5,750 / short call 5,810 / long call 5,815","1","expired","49","451","10.86","49","10.86","0.49","0.4","0.6","0","","","451","49","5784.87","5792.04"
"Oct 8, 2024 1:30pm","Oct 8, 2024 2:38pm","SPX","Oct 8, 2024","ironcondor","long put 5,695 / short put 5,700 / short call 5,755 / long call 5,760","1","touch","-19","437","-4.35","63","14.42","0.63","0.5","0.75","0.82","0.65","1","437","63","5733.12","5745.74"
"Oct 7, 2024 1:30pm","Oct 7, 2024 2:36pm","SPX","Oct 7, 2024","ironcondor","long put 5,690 / short put 5,695 / short call 5,745 / long call 5,750","1","touch","-74","441","-16.78","59","13.38","0.59","0.45","0.75","1.33","1.15","1.5","441","59","5724.41","5702.93"
"Oct 4, 2024 1:30pm","Oct 4, 2024 4:00pm","SPX","Oct 4, 2024","ironcondor","long put 5,690 / short put 5,695 / short call 5,755 / long call 5,760","1","expired","76","424","17.92","76","17.92","0.76","0.65","0.85","0","","","424","76","5730.79","5751.07"
"Oct 3, 2024 1:30pm","Oct 3, 2024 4:00pm","SPX","Oct 3, 2024","ironcondor","long put 5,640 / short put 5,645 / short call 5,720 / long call 5,725","1","expired","70","430","16.28","70","16.28","0.7","0.55","0.85","0","","","430","70","5686.53","5699.94"
"Oct 2, 2024 1:30pm","Oct 2, 2024 4:00pm","SPX","Oct 2, 2024","ironcondor","long put 5,665 / short put 5,670 / short call 5,735 / long call 5,740","1","expired","61","439","13.9","61","13.9","0.61","0.45","0.75","0","","","439","61","5705.9","5709.54"
"Sep 30, 2024 1:30pm","Sep 30, 2024 2:23pm","SPX","Sep 30, 2024","ironcondor","long put 5,695 / short put 5,700 / short call 5,755 / long call 5,760","1","touch","-94","441","-21.32","59","13.38","0.59","0.5","0.7","1.53","1.2","1.85","441","59","5732.01","5708.56"
"Sep 27, 2024 1:30pm","Sep 27, 2024 4:00pm","SPX","Sep 27, 2024","ironcondor","long put 5,705 / short put 5,710 / short call 5,760 / long call 5,765","1","expired","57","443","12.87","57","12.87","0.57","0.45","0.7","0","","","443","57","5739.3","5738.17"
"Sep 26, 2024 1:30pm","Sep 26, 2024 2:12pm","SPX","Sep 26, 2024","ironcondor","long put 5,700 / short put 5,705 / short call 5,750 / long call 5,755","1","touch","-11","429","-2.56","71","16.55","0.71","0.55","0.85","0.82","0.7","0.95","429","71","5732.57","5741.28"
"Sep 25, 2024 1:30pm","Sep 25, 2024 4:00pm","SPX","Sep 25, 2024","ironcondor","long put 5,690 / short put 5,695 / short call 5,740 / long call 5,745","1","expired","59","441","13.38","59","13.38","0.59","0.45","0.7","0","","","441","59","5720","5722.26"
"Sep 24, 2024 1:30pm","Sep 24, 2024 4:00pm","SPX","Sep 24, 2024","ironcondor","long put 5,700 / short put 5,705 / short call 5,745 / long call 5,750","1","expired","54","446","12.11","54","12.11","0.54","0.45","0.65","0","","","446","54","5728.6","5732.93"
"Sep 23, 2024 1:30pm","Sep 23, 2024 4:00pm","SPX","Sep 23, 2024","ironcondor","long put 5,680 / short put 5,685 / short call 5,730 / long call 5,735","1","expired","65","435","14.94","65","14.94","0.65","0.55","0.75","0","","","435","65","5710.24","5718.57"
"Sep 20, 2024 1:30pm","Sep 20, 2024 4:00pm","SPX","Sep 20, 2024","ironcondor","long put 5,670 / short put 5,675 / short call 5,730 / long call 5,735","1","expired","53","447","11.86","53","11.86","0.53","0.45","0.65","0","","","447","53","5704.44","5702.55"
"Sep 18, 2024 1:30pm","Sep 18, 2024 4:00pm","SPX","Sep 18, 2024","ironcondor","long put 5,540 / short put 5,545 / short call 5,720 / long call 5,725","1","expired","98","402","24.38","98","24.38","0.98","0.75","1.2","0","","","402","98","5641.86","5618.26"
"Sep 17, 2024 1:30pm","Sep 17, 2024 4:00pm","SPX","Sep 17, 2024","ironcondor","long put 5,595 / short put 5,600 / short call 5,660 / long call 5,665","1","expired","72","428","16.82","72","16.82","0.72","0.55","0.9","0","","","428","72","5632.55","5634.58"
"Sep 16, 2024 1:30pm","Sep 16, 2024 4:00pm","SPX","Sep 16, 2024","ironcondor","long put 5,590 / short put 5,595 / short call 5,645 / long call 5,650","1","expired","54","446","12.11","54","12.11","0.54","0.45","0.65","0","","","446","54","5621.85","5633.09"
"Sep 13, 2024 1:30pm","Sep 13, 2024 4:00pm","SPX","Sep 13, 2024","ironcondor","long put 5,595 / short put 5,600 / short call 5,660 / long call 5,665","1","expired","49","451","10.86","49","10.86","0.49","0.4","0.6","0","","","451","49","5633.8","5626.02"
"Sep 12, 2024 1:30pm","Sep 12, 2024 4:00pm","SPX","Sep 12, 2024","ironcondor","long put 5,540 / short put 5,545 / short call 5,615 / long call 5,620","1","expired","60","440","13.64","60","13.64","0.6","0.4","0.8","0","","","440","60","5585.77","5595.76"
"Sep 11, 2024 1:30pm","Sep 11, 2024 2:28pm","SPX","Sep 11, 2024","ironcondor","long put 5,450 / short put 5,455 / short call 5,525 / long call 5,530","1","touch","-77","429","-17.95","71","16.55","0.71","0.6","0.85","1.48","1.25","1.7","429","71","5496.6","5517.03"
"Sep 10, 2024 1:30pm","Sep 10, 2024 3:06pm","SPX","Sep 10, 2024","ironcondor","long put 5,430 / short put 5,435 / short call 5,500 / long call 5,505","1","touch","-12","440","-2.73","60","13.64","0.6","0.45","0.75","0.72","0.6","0.85","440","60","5470.72","5490.16"
"Sep 5, 2024 1:30pm","Sep 5, 2024 1:45pm","SPX","Sep 5, 2024","ironcondor","long put 5,445 / short put 5,450 / short call 5,515 / long call 5,520","1","touch","-81","421","-19.24","79","18.76","0.79","0.65","0.9","1.6","1.4","1.8","421","79","5486.5","5505.79"
"Sep 4, 2024 1:30pm","Sep 4, 2024 4:00pm","SPX","Sep 4, 2024","ironcondor","long put 5,480 / short put 5,485 / short call 5,550 / long call 5,555","1","expired","63","437","14.42","63","14.42","0.63","0.45","0.8","0","","","437","63","5521.08","5520.07"
"Aug 30, 2024 1:30pm","Aug 30, 2024 3:07pm","SPX","Aug 30, 2024","ironcondor","long put 5,560 / short put 5,565 / short call 5,625 / long call 5,630","1","touch","-61","427","-14.29","73","17.1","0.73","0.6","0.85","1.34","1.15","1.55","427","73","5598.93","5617.89"
"Aug 28, 2024 1:30pm","Aug 28, 2024 1:56pm","SPX","Aug 28, 2024","ironcondor","long put 5,560 / short put 5,565 / short call 5,615 / long call 5,620","1","touch","-85","444","-19.14","56","12.61","0.56","0.45","0.65","1.41","1.2","1.6","444","56","5589.78","5573.82"
"Aug 27, 2024 1:30pm","Aug 27, 2024 4:00pm","SPX","Aug 27, 2024","ironcondor","long put 5,600 / short put 5,605 / short call 5,645 / long call 5,650","1","expired","67","433","15.47","67","15.47","0.67","0.55","0.8","0","","","433","67","5628.43","5625.8"
"Aug 26, 2024 1:30pm","Aug 26, 2024 1:47pm","SPX","Aug 26, 2024","ironcondor","long put 5,590 / short put 5,595 / short call 5,645 / long call 5,650","1","touch","-69","439","-15.72","61","13.9","0.61","0.5","0.75","1.3","1.1","1.5","439","61","5620.62","5604.99"
"Aug 22, 2024 1:30pm","Aug 22, 2024 1:55pm","SPX","Aug 22, 2024","ironcondor","long put 5,550 / short put 5,555 / short call 5,615 / long call 5,620","1","touch","-81","425","-19.06","75","17.65","0.75","0.6","0.9","1.56","1.3","1.8","425","75","5586.33","5563.7"
"Aug 21, 2024 1:30pm","Aug 21, 2024 2:31pm","SPX","Aug 21, 2024","ironcondor","long put 5,575 / short put 5,580 / short call 5,635 / long call 5,640","1","touch","-54","435","-12.41","65","14.94","0.65","0.5","0.8","1.19","1","1.4","435","65","5611.42","5627.26"
"Aug 20, 2024 1:30pm","Aug 20, 2024 2:17pm","SPX","Aug 20, 2024","ironcondor","long put 5,560 / short put 5,565 / short call 5,615 / long call 5,620","1","touch","-51","436","-11.7","64","14.68","0.64","0.55","0.75","1.15","1","1.3","436","64","5593.31","5605.02"
"Aug 19, 2024 1:30pm","Aug 19, 2024 2:41pm","SPX","Aug 19, 2024","ironcondor","long put 5,555 / short put 5,560 / short call 5,600 / long call 5,605","1","touch","-60","448","-13.39","52","11.61","0.52","0.4","0.65","1.12","1","1.25","448","52","5583.26","5593.89"
"Aug 16, 2024 1:30pm","Aug 16, 2024 4:00pm","SPX","Aug 16, 2024","ironcondor","long put 5,525 / short put 5,530 / short call 5,580 / long call 5,585","1","expired","50","450","11.11","50","11.11","0.5","0.4","0.6","0","","","450","50","5558.25","5554.25"
"Aug 14, 2024 1:30pm","Aug 14, 2024 4:00pm","SPX","Aug 14, 2024","ironcondor","long put 5,410 / short put 5,415 / short call 5,470 / long call 5,475","1","expired","81","419","19.33","81","19.33","0.81","0.7","0.9","0","","","419","81","5445.77","5455.21"
"Aug 12, 2024 1:30pm","Aug 12, 2024 4:00pm","SPX","Aug 12, 2024","ironcondor","long put 5,300 / short put 5,305 / short call 5,380 / long call 5,385","1","expired","70","430","16.28","70","16.28","0.7","0.5","0.9","0","","","430","70","5348.2","5344.39"
"Aug 9, 2024 1:30pm","Aug 9, 2024 4:00pm","SPX","Aug 9, 2024","ironcondor","long put 5,305 / short put 5,310 / short call 5,390 / long call 5,395","1","expired","83","417","19.9","83","19.9","0.83","0.65","1","0","","","417","83","5354.95","5344.16"
"Aug 7, 2024 1:30pm","Aug 7, 2024 4:00pm","SPX","Aug 7, 2024","ironcondor","long put 5,185 / short put 5,190 / short call 5,305 / long call 5,310","1","expired","79","421","18.76","79","18.76","0.79","0.65","0.95","0","","","421","79","5251.5","5199.5"
"Jul 29, 2024 1:30pm","Jul 29, 2024 4:00pm","SPX","Jul 29, 2024","ironcondor","long put 5,430 / short put 5,435 / short call 5,500 / long call 5,505","1","expired","79","421","18.76","79","18.76","0.79","0.65","0.95","0","","","421","79","5470.31","5463.54"
"Jul 25, 2024 1:30pm","Jul 25, 2024 2:49pm","SPX","Jul 25, 2024","ironcondor","long put 5,415 / short put 5,420 / short call 5,505 / long call 5,510","1","touch","-87","435","-20","65","14.94","0.65","0.5","0.8","1.52","1.25","1.8","435","65","5464.32","5428.21"
"Jul 23, 2024 1:30pm","Jul 23, 2024 4:00pm","SPX","Jul 23, 2024","ironcondor","long put 5,540 / short put 5,545 / short call 5,585 / long call 5,590","1","expired","78","422","18.48","78","18.48","0.78","0.65","0.9","0","","","422","78","5565.73","5555.74"
"Jul 19, 2024 1:30pm","Jul 19, 2024 4:00pm","SPX","Jul 19, 2024","ironcondor","long put 5,465 / short put 5,470 / short call 5,540 / long call 5,545","1","expired","66","434","15.21","66","15.21","0.66","0.5","0.8","0","","","434","66","5503.35","5505"
"Jul 18, 2024 1:30pm","Jul 18, 2024 2:29pm","SPX","Jul 18, 2024","ironcondor","long put 5,530 / short put 5,535 / short call 5,590 / long call 5,595","1","touch","-29","421","-6.89","79","18.76","0.79","0.65","0.95","1.08","0.95","1.2","421","79","5561.46","5544.76"
"Jul 16, 2024 1:30pm","Jul 16, 2024 2:36pm","SPX","Jul 16, 2024","ironcondor","long put 5,615 / short put 5,620 / short call 5,665 / long call 5,670","1","touch","1","424","0.24","76","17.92","0.76","0.65","0.85","0.75","0.65","0.85","424","76","5645.71","5655.08"
"Jul 15, 2024 1:30pm","Jul 15, 2024 4:00pm","SPX","Jul 15, 2024","ironcondor","long put 5,600 / short put 5,605 / short call 5,660 / long call 5,665","1","expired","61","439","13.9","61","13.9","0.61","0.5","0.7","0","","","439","61","5635.22","5631.22"
"Jul 10, 2024 1:30pm","Jul 10, 2024 2:48pm","SPX","Jul 10, 2024","ironcondor","long put 5,585 / short put 5,590 / short call 5,630 / long call 5,635","1","touch","2","459","0.44","41","8.93","0.41","0.3","0.5","0.39","0.3","0.5","459","41","5612.72","5620.63"
"Jul 9, 2024 1:30pm","Jul 9, 2024 4:00pm","SPX","Jul 9, 2024","ironcondor","long put 5,550 / short put 5,555 / short call 5,600 / long call 5,605","1","expired","46","454","10.13","46","10.13","0.46","0.35","0.6","0","","","454","46","5579.38","5576.98"
"Jul 8, 2024 1:30pm","Jul 8, 2024 4:00pm","SPX","Jul 8, 2024","ironcondor","long put 5,545 / short put 5,550 / short call 5,585 / long call 5,590","1","expired","34","466","7.3","34","7.3","0.34","0.25","0.45","0","","","466","34","5568.54","5572.85"
"Jul 5, 2024 1:30pm","Jul 5, 2024 3:41pm","SPX","Jul 5, 2024","ironcondor","long put 5,530 / short put 5,535 / short call 5,575 / long call 5,580","1","touch","18","457","3.94","43","9.41","0.43","0.35","0.55","0.25","0.15","0.35","457","43","5558.61","5566.05"
"Jul 2, 2024 1:30pm","Jul 2, 2024 1:58pm","SPX","Jul 2, 2024","ironcondor","long put 5,460 / short put 5,465 / short call 5,505 / long call 5,510","1","touch","-25","446","-5.61","54","12.11","0.54","0.45","0.65","0.79","0.65","0.95","446","54","5487.43","5495.37"
"Jul 1, 2024 1:30pm","Jul 1, 2024 4:00pm","SPX","Jul 1, 2024","ironcondor","long put 5,440 / short put 5,445 / short call 5,490 / long call 5,495","1","expired","63","437","14.42","63","14.42","0.63","0.5","0.75","0","","","437","63","5471","5475.09"
"Jun 28, 2024 1:30pm","Jun 28, 2024 3:32pm","SPX","Jun 28, 2024","ironcondor","long put 5,450 / short put 5,455 / short call 5,510 / long call 5,515","1","touch","-93","428","-21.73","72","16.82","0.72","0.6","0.85","1.65","1.4","1.9","428","72","5483.5","5460.06"
"Jun 27, 2024 1:30pm","Jun 27, 2024 2:01pm","SPX","Jun 27, 2024","ironcondor","long put 5,460 / short put 5,465 / short call 5,505 / long call 5,510","1","touch","-38","443","-8.58","57","12.87","0.57","0.45","0.7","0.95","0.8","1.1","443","57","5484.24","5474.89"
"Jun 26, 2024 1:30pm","Jun 26, 2024 4:00pm","SPX","Jun 26, 2024","ironcondor","long put 5,440 / short put 5,445 / short call 5,485 / long call 5,490","1","expired","64","436","14.68","64","14.68","0.64","0.5","0.8","0","","","436","64","5466.11","5477.9"
"Jun 25, 2024 1:30pm","Jun 25, 2024 2:26pm","SPX","Jun 25, 2024","ironcondor","long put 5,430 / short put 5,435 / short call 5,475 / long call 5,480","1","touch","-22","451","-4.88","49","10.86","0.49","0.4","0.6","0.71","0.6","0.8","451","49","5458","5465.56"
"Jun 24, 2024 1:30pm","Jun 24, 2024 4:00pm","SPX","Jun 24, 2024","ironcondor","long put 5,435 / short put 5,440 / short call 5,485 / long call 5,490","1","expired","69","431","16.01","69","16.01","0.69","0.6","0.8","0","","","431","69","5463.78","5447.87"
"Jun 21, 2024 1:30pm","Jun 21, 2024 4:00pm","SPX","Jun 21, 2024","ironcondor","long put 5,430 / short put 5,435 / short call 5,485 / long call 5,490","1","expired","65","435","14.94","65","14.94","0.65","0.55","0.75","0","","","435","65","5462.55","5464.62"
"Jun 20, 2024 1:30pm","Jun 20, 2024 2:05pm","SPX","Jun 20, 2024","ironcondor","long put 5,430 / short put 5,435 / short call 5,490 / long call 5,495","1","touch","-64","426","-15.02","74","17.37","0.74","0.65","0.85","1.38","1.25","1.5","426","74","5464.12","5481.1"
"Jun 18, 2024 1:30pm","Jun 18, 2024 4:00pm","SPX","Jun 18, 2024","ironcondor","long put 5,460 / short put 5,465 / short call 5,505 / long call 5,510","1","expired","61","439","13.9","61","13.9","0.61","0.5","0.75","0","","","439","61","5485.1","5487.03"
"Jun 17, 2024 1:30pm","Jun 17, 2024 2:02pm","SPX","Jun 17, 2024","ironcondor","long put 5,435 / short put 5,440 / short call 5,490 / long call 5,495","1","touch","-42","447","-9.4","53","11.86","0.53","0.4","0.65","0.95","0.8","1.1","447","53","5467.92","5480.65"
"Jun 14, 2024 1:30pm","Jun 14, 2024 4:00pm","SPX","Jun 14, 2024","ironcondor","long put 5,390 / short put 5,395 / short call 5,445 / long call 5,450","1","expired","67","433","15.47","67","15.47","0.67","0.55","0.75","0","","","433","67","5426.38","5431.6"
"Jun 13, 2024 1:30pm","Jun 13, 2024 4:00pm","SPX","Jun 13, 2024","ironcondor","long put 5,390 / short put 5,395 / short call 5,445 / long call 5,450","1","expired","60","440","13.64","60","13.64","0.6","0.5","0.7","0","","","440","60","5423.64","5433.74"
"Jun 11, 2024 1:30pm","Jun 11, 2024 2:05pm","SPX","Jun 11, 2024","ironcondor","long put 5,320 / short put 5,325 / short call 5,370 / long call 5,375","1","touch","-44","448","-9.82","52","11.61","0.52","0.4","0.65","0.96","0.85","1.05","448","52","5348.56","5360.95"
"Jun 10, 2024 1:30pm","Jun 10, 2024 1:47pm","SPX","Jun 10, 2024","ironcondor","long put 5,320 / short put 5,325 / short call 5,365 / long call 5,370","1","touch","-36","436","-8.26","64","14.68","0.64","0.5","0.75","1","0.9","1.1","436","64","5349.18","5356.76"
"Jun 7, 2024 1:30pm","Jun 7, 2024 2:09pm","SPX","Jun 7, 2024","ironcondor","long put 5,335 / short put 5,340 / short call 5,390 / long call 5,395","1","touch","-65","440","-14.77","60","13.64","0.6","0.5","0.7","1.25","1.1","1.4","440","60","5368.38","5348.96"
"Jun 6, 2024 1:30pm","Jun 6, 2024 4:00pm","SPX","Jun 6, 2024","ironcondor","long put 5,320 / short put 5,325 / short call 5,370 / long call 5,375","1","expired","57","443","12.87","57","12.87","0.57","0.45","0.7","0","","","443","57","5348.88","5352.96"
"Jun 4, 2024 1:30pm","Jun 4, 2024 2:23pm","SPX","Jun 4, 2024","ironcondor","long put 5,245 / short put 5,250 / short call 5,305 / long call 5,310","1","touch","-83","442","-18.78","58","13.12","0.58","0.45","0.7","1.41","1.2","1.6","442","58","5276.84","5295.21"
"Jun 3, 2024 1:30pm","Jun 3, 2024 4:00pm","SPX","Jun 3, 2024","ironcondor","long put 5,215 / short put 5,220 / short call 5,285 / long call 5,290","1","expired","69","431","16.01","69","16.01","0.69","0.55","0.85","0","","","431","69","5253.77","5283.4"
"May 31, 2024 1:30pm","May 31, 2024 3:22pm","SPX","May 31, 2024","ironcondor","long put 5,185 / short put 5,190 / short call 5,240 / long call 5,245","1","touch","-18","436","-4.13","64","14.68","0.64","0.5","0.75","0.82","0.7","0.95","436","64","5216.09","5230.53"
"May 30, 2024 1:30pm","May 30, 2024 3:21pm","SPX","May 30, 2024","ironcondor","long put 5,230 / short put 5,235 / short call 5,280 / long call 5,285","1","touch","10","448","2.23","52","11.61","0.52","0.4","0.65","0.42","0.3","0.55","448","52","5258.01","5244.6"
"May 29, 2024 1:30pm","May 29, 2024 4:00pm","SPX","May 29, 2024","ironcondor","long put 5,250 / short put 5,255 / short call 5,300 / long call 5,305","1","expired","55","445","12.36","55","12.36","0.55","0.4","0.7","0","","","445","55","5278.32","5266.95"
"May 28, 2024 1:30pm","May 28, 2024 2:26pm","SPX","May 28, 2024","ironcondor","long put 5,280 / short put 5,285 / short call 5,320 / long call 5,325","1","touch","-37","456","-8.11","44","9.65","0.44","0.3","0.6","0.81","0.7","0.95","456","44","5304.77","5293.32"
"May 24, 2024 1:30pm","May 24, 2024 4:00pm","SPX","May 24, 2024","ironcondor","long put 5,275 / short put 5,280 / short call 5,325 / long call 5,330","1","expired","41","459","8.93","41","8.93","0.41","0.3","0.55","0","","","459","41","5305.86","5304.72"
"May 23, 2024 1:30pm","May 23, 2024 1:52pm","SPX","May 23, 2024","ironcondor","long put 5,270 / short put 5,275 / short call 5,330 / long call 5,335","1","touch","-96","450","-21.33","50","11.11","0.5","0.35","0.65","1.46","1.2","1.7","450","50","5304.72","5283.65"
"May 22, 2024 1:30pm","May 22, 2024 1:41pm","SPX","May 22, 2024","ironcondor","long put 5,295 / short put 5,300 / short call 5,335 / long call 5,340","1","touch","-63","465","-13.55","35","7.53","0.35","0.25","0.45","0.98","0.85","1.1","465","35","5318.59","5309.76"
"May 21, 2024 1:30pm","May 21, 2024 1:55pm","SPX","May 21, 2024","ironcondor","long put 5,290 / short put 5,295 / short call 5,325 / long call 5,330","1","touch","-6","451","-1.33","49","10.86","0.49","0.4","0.6","0.55","0.45","0.65","451","49","5310.77","5315.2"
"May 20, 2024 1:30pm","May 20, 2024 4:00pm","SPX","May 20, 2024","ironcondor","long put 5,285 / short put 5,290 / short call 5,330 / long call 5,335","1","expired","36","464","7.76","36","7.76","0.36","0.25","0.45","0","","","464","36","5313.54","5308.13"
"May 17, 2024 1:30pm","May 17, 2024 2:15pm","SPX","May 17, 2024","ironcondor","long put 5,275 / short put 5,280 / short call 5,315 / long call 5,320","1","touch","-52","460","-11.3","40","8.7","0.4","0.25","0.55","0.92","0.8","1.05","460","40","5297.06","5288.62"
"May 16, 2024 1:30pm","May 16, 2024 4:00pm","SPX","May 16, 2024","ironcondor","long put 5,275 / short put 5,280 / short call 5,330 / long call 5,335","1","expired","46","454","10.13","46","10.13","0.46","0.3","0.6","0","","","454","46","5308.36","5297.1"
"May 14, 2024 1:30pm","May 14, 2024 1:43pm","SPX","May 14, 2024","ironcondor","long put 5,200 / short put 5,205 / short call 5,235 / long call 5,240","1","touch","4","431","0.93","69","16.01","0.69","0.6","0.8","0.65","0.55","0.75","431","69","5222.66","5225.18"
"May 13, 2024 1:30pm","May 13, 2024 4:00pm","SPX","May 13, 2024","ironcondor","long put 5,195 / short put 5,200 / short call 5,240 / long call 5,245","1","expired","44","456","9.65","44","9.65","0.44","0.3","0.6","0","","","456","44","5221.49","5221.42"
"May 10, 2024 1:30pm","May 10, 2024 1:59pm","SPX","May 10, 2024","ironcondor","long put 5,190 / short put 5,195 / short call 5,230 / long call 5,235","1","touch","-40","450","-8.89","50","11.11","0.5","0.4","0.6","0.9","0.8","1","450","50","5214.12","5220.6"
"May 9, 2024 1:30pm","May 9, 2024 4:00pm","SPX","May 9, 2024","ironcondor","long put 5,185 / short put 5,190 / short call 5,225 / long call 5,230","1","expired","50","450","11.11","50","11.11","0.5","0.4","0.6","0","","","450","50","5208.55","5214.08"
"May 8, 2024 1:30pm","May 8, 2024 1:59pm","SPX","May 8, 2024","ironcondor","long put 5,150 / short put 5,155 / short call 5,195 / long call 5,200","1","touch","-18","437","-4.12","63","14.42","0.63","0.55","0.75","0.81","0.7","0.9","437","63","5177.76","5185.18"
"May 7, 2024 1:30pm","May 7, 2024 1:50pm","SPX","May 7, 2024","ironcondor","long put 5,175 / short put 5,180 / short call 5,215 / long call 5,220","1","touch","-52","439","-11.85","61","13.9","0.61","0.5","0.7","1.13","1","1.25","439","61","5198.74","5187.36"
"May 6, 2024 1:30pm","May 6, 2024 2:28pm","SPX","May 6, 2024","ironcondor","long put 5,135 / short put 5,140 / short call 5,180 / long call 5,185","1","touch","-13","453","-2.87","47","10.38","0.47","0.35","0.6","0.6","0.5","0.7","453","47","5160.76","5170.15"
"May 2, 2024 1:30pm","May 2, 2024 4:00pm","SPX","May 2, 2024","ironcondor","long put 5,020 / short put 5,025 / short call 5,085 / long call 5,090","1","expired","76","424","17.92","76","17.92","0.76","0.65","0.85","0","","","424","76","5055.71","5064.2"
"May 1, 2024 1:30pm","May 1, 2024 2:45pm","SPX","May 1, 2024","ironcondor","long put 4,955 / short put 4,960 / short call 5,090 / long call 5,095","1","touch","-129","409","-31.54","91","22.25","0.91","0.75","1.05","2.2","1.9","2.5","409","91","5021.96","5082.6"
"Apr 29, 2024 1:30pm","Apr 29, 2024 2:32pm","SPX","Apr 29, 2024","ironcondor","long put 5,095 / short put 5,100 / short call 5,135 / long call 5,140","1","touch","-4","433","-0.92","67","15.47","0.67","0.55","0.8","0.71","0.6","0.8","433","67","5119.55","5109.88"
"Apr 24, 2024 1:30pm","Apr 24, 2024 4:00pm","SPX","Apr 24, 2024","ironcondor","long put 5,035 / short put 5,040 / short call 5,090 / long call 5,095","1","expired","68","432","15.74","68","15.74","0.68","0.55","0.8","0","","","432","68","5067.09","5071.63"
"Apr 19, 2024 1:30pm","Apr 19, 2024 4:00pm","SPX","Apr 19, 2024","ironcondor","long put 4,940 / short put 4,945 / short call 5,015 / long call 5,020","1","expired","77","423","18.2","77","18.2","0.77","0.6","0.95","0","","","423","77","4980.72","4967.23"
"Apr 18, 2024 1:30pm","Apr 18, 2024 4:00pm","SPX","Apr 18, 2024","ironcondor","long put 4,975 / short put 4,980 / short call 5,050 / long call 5,055","1","expired","76","424","17.92","76","17.92","0.76","0.65","0.9","0","","","424","76","5017.63","5011.12"
"Apr 17, 2024 1:30pm","Apr 17, 2024 4:00pm","SPX","Apr 17, 2024","ironcondor","long put 4,990 / short put 4,995 / short call 5,070 / long call 5,075","1","expired","62","438","14.16","62","14.16","0.62","0.5","0.75","0","","","438","62","5032.95","5022.21"
"Apr 16, 2024 1:30pm","Apr 16, 2024 4:00pm","SPX","Apr 16, 2024","ironcondor","long put 5,005 / short put 5,010 / short call 5,105 / long call 5,110","1","expired","79","421","18.76","79","18.76","0.79","0.65","0.95","0","","","421","79","5058.93","5051.41"
"Apr 11, 2024 1:30pm","Apr 11, 2024 2:35pm","SPX","Apr 11, 2024","ironcondor","long put 5,150 / short put 5,155 / short call 5,220 / long call 5,225","1","touch","-55","441","-12.47","59","13.38","0.59","0.45","0.7","1.14","1","1.3","441","59","5192.61","5210.21"
"Apr 9, 2024 1:30pm","Apr 9, 2024 3:30pm","SPX","Apr 9, 2024","ironcondor","long put 5,150 / short put 5,155 / short call 5,210 / long call 5,215","1","touch","-29","436","-6.65","64","14.68","0.64","0.55","0.75","0.93","0.8","1.05","436","64","5188.61","5202.4"
"Apr 8, 2024 1:30pm","Apr 8, 2024 4:00pm","SPX","Apr 8, 2024","ironcondor","long put 5,180 / short put 5,185 / short call 5,230 / long call 5,235","1","expired","50","450","11.11","50","11.11","0.5","0.4","0.6","0","","","450","50","5210.5","5202.39"
"Apr 4, 2024 1:30pm","Apr 4, 2024 1:59pm","SPX","Apr 4, 2024","ironcondor","long put 5,225 / short put 5,230 / short call 5,265 / long call 5,270","1","touch","-64","452","-14.16","48","10.62","0.48","0.4","0.6","1.12","0.9","1.35","452","48","5249.75","5236.88"
"Apr 3, 2024 1:30pm","Apr 3, 2024 3:15pm","SPX","Apr 3, 2024","ironcondor","long put 5,200 / short put 5,205 / short call 5,240 / long call 5,245","1","touch","-92","445","-20.67","55","12.36","0.55","0.45","0.65","1.47","1.15","1.8","445","55","5224.8","5205.71"
"Apr 1, 2024 1:30pm","Apr 1, 2024 2:41pm","SPX","Apr 1, 2024","ironcondor","long put 5,210 / short put 5,215 / short call 5,250 / long call 5,255","1","touch","19","435","4.37","65","14.94","0.65","0.55","0.75","0.46","0.35","0.6","435","65","5235.09","5240.34"
"Mar 28, 2024 1:30pm","Mar 28, 2024 2:58pm","SPX","Mar 28, 2024","ironcondor","long put 5,220 / short put 5,225 / short call 5,270 / long call 5,275","1","touch","-67","450","-14.89","50","11.11","0.5","0.4","0.6","1.17","0.95","1.4","450","50","5250.11","5260.82"
"Mar 27, 2024 1:30pm","Mar 27, 2024 3:34pm","SPX","Mar 27, 2024","ironcondor","long put 5,200 / short put 5,205 / short call 5,240 / long call 5,245","1","touch","14","448","3.13","52","11.61","0.52","0.4","0.65","0.38","0.3","0.5","448","52","5222.3","5230.37"
"Mar 26, 2024 1:30pm","Mar 26, 2024 2:35pm","SPX","Mar 26, 2024","ironcondor","long put 5,210 / short put 5,215 / short call 5,240 / long call 5,245","1","touch","27","441","6.12","59","13.38","0.59","0.5","0.7","0.32","0.2","0.4","441","59","5228.45","5230.01"
"Mar 25, 2024 1:30pm","Mar 25, 2024 4:00pm","SPX","Mar 25, 2024","ironcondor","long put 5,205 / short put 5,210 / short call 5,240 / long call 5,245","1","expired","45","455","9.89","45","9.89","0.45","0.35","0.55","0","","","455","45","5225.27","5218.19"
"Mar 22, 2024 1:30pm","Mar 22, 2024 1:54pm","SPX","Mar 22, 2024","ironcondor","long put 5,220 / short put 5,225 / short call 5,255 / long call 5,260","1","touch","-12","429","-2.8","71","16.55","0.71","0.6","0.8","0.83","0.75","0.95","429","71","5240.56","5245.21"
"Mar 21, 2024 1:30pm","Mar 21, 2024 4:00pm","SPX","Mar 21, 2024","ironcondor","long put 5,225 / short put 5,230 / short call 5,270 / long call 5,275","1","expired","62","438","14.16","62","14.16","0.62","0.5","0.75","0","","","438","62","5254.42","5241.53"
"Mar 20, 2024 1:30pm","Mar 20, 2024 4:00pm","SPX","Mar 20, 2024","ironcondor","long put 5,105 / short put 5,110 / short call 5,230 / long call 5,235","1","expired","98","402","24.38","98","24.38","0.98","0.85","1.1","0","","","402","98","5174.6","5224.62"
"Mar 19, 2024 1:30pm","Mar 19, 2024 4:00pm","SPX","Mar 19, 2024","ironcondor","long put 5,140 / short put 5,145 / short call 5,190 / long call 5,195","1","expired","44","456","9.65","44","9.65","0.44","0.35","0.55","0","","","456","44","5169.48","5178.51"
"Mar 15, 2024 1:30pm","Mar 15, 2024 4:00pm","SPX","Mar 15, 2024","ironcondor","long put 5,080 / short put 5,085 / short call 5,145 / long call 5,150","1","expired","66","434","15.21","66","15.21","0.66","0.5","0.8","0","","","434","66","5113.34","5117.09"
"Mar 14, 2024 1:30pm","Mar 14, 2024 1:58pm","SPX","Mar 14, 2024","ironcondor","long put 5,105 / short put 5,110 / short call 5,160 / long call 5,165","1","touch","-48","424","-11.32","76","17.92","0.76","0.6","0.9","1.24","1.15","1.35","424","76","5136.73","5150.65"
"Mar 13, 2024 1:30pm","Mar 13, 2024 3:07pm","SPX","Mar 13, 2024","ironcondor","long put 5,155 / short put 5,160 / short call 5,195 / long call 5,200","1","touch","33","430","7.67","70","16.28","0.7","0.55","0.85","0.37","0.25","0.5","430","70","5177.87","5169.66"
"Mar 12, 2024 1:30pm","Mar 12, 2024 2:30pm","SPX","Mar 12, 2024","ironcondor","long put 5,125 / short put 5,130 / short call 5,180 / long call 5,185","1","touch","-27","432","-6.25","68","15.74","0.68","0.55","0.8","0.95","0.8","1.1","432","68","5155.72","5170.76"
"Mar 11, 2024 1:30pm","Mar 11, 2024 4:00pm","SPX","Mar 11, 2024","ironcondor","long put 5,085 / short put 5,090 / short call 5,140 / long call 5,145","1","expired","60","440","13.64","60","13.64","0.6","0.45","0.75","0","","","440","60","5118.6","5117.94"
"Mar 8, 2024 1:30pm","Mar 8, 2024 4:00pm","SPX","Mar 8, 2024","ironcondor","long put 5,090 / short put 5,095 / short call 5,160 / long call 5,165","1","expired","64","436","14.68","64","14.68","0.64","0.5","0.8","0","","","436","64","5129.42","5123.69"
"Mar 4, 2024 1:30pm","Mar 4, 2024 2:37pm","SPX","Mar 4, 2024","ironcondor","long put 5,115 / short put 5,120 / short call 5,150 / long call 5,155","1","touch","-29","450","-6.44","50","11.11","0.5","0.4","0.6","0.79","0.7","0.9","450","50","5133.94","5143.04"
"Mar 1, 2024 1:30pm","Mar 1, 2024 4:00pm","SPX","Mar 1, 2024","ironcondor","long put 5,105 / short put 5,110 / short call 5,150 / long call 5,155","1","expired","47","453","10.38","47","10.38","0.47","0.35","0.6","0","","","453","47","5129.71","5137.08"
"Feb 29, 2024 1:30pm","Feb 29, 2024 4:00pm","SPX","Feb 29, 2024","ironcondor","long put 5,060 / short put 5,065 / short call 5,105 / long call 5,110","1","expired","64","436","14.68","64","14.68","0.64","0.5","0.8","0","","","436","64","5085.94","5096.27"
"Feb 28, 2024 1:30pm","Feb 28, 2024 2:16pm","SPX","Feb 28, 2024","ironcondor","long put 5,050 / short put 5,055 / short call 5,090 / long call 5,095","1","touch","-22","453","-4.86","47","10.38","0.47","0.35","0.6","0.69","0.6","0.8","453","47","5073.68","5064.98"
"Feb 27, 2024 1:30pm","Feb 27, 2024 2:17pm","SPX","Feb 27, 2024","ironcondor","long put 5,040 / short put 5,045 / short call 5,080 / long call 5,085","1","touch","-57","448","-12.72","52","11.61","0.52","0.4","0.65","1.09","1","1.2","448","52","5061.93","5073.25"
"Feb 26, 2024 1:30pm","Feb 26, 2024 4:00pm","SPX","Feb 26, 2024","ironcondor","long put 5,050 / short put 5,055 / short call 5,095 / long call 5,100","1","expired","57","443","12.87","57","12.87","0.57","0.4","0.75","0","","","443","57","5076.17","5069.53"
"Feb 23, 2024 1:30pm","Feb 23, 2024 2:20pm","SPX","Feb 23, 2024","ironcondor","long put 5,075 / short put 5,080 / short call 5,120 / long call 5,125","1","touch","-22","440","-5","60","13.64","0.6","0.45","0.75","0.82","0.7","0.95","440","60","5099.3","5089.94"
"Feb 21, 2024 1:30pm","Feb 21, 2024 4:00pm","SPX","Feb 21, 2024","ironcondor","long put 4,930 / short put 4,935 / short call 4,985 / long call 4,990","1","expired","58","442","13.12","58","13.12","0.58","0.45","0.7","0","","","442","58","4962.42","4981.8"
"Feb 16, 2024 1:30pm","Feb 16, 2024 2:01pm","SPX","Feb 16, 2024","ironcondor","long put 4,995 / short put 5,000 / short call 5,045 / long call 5,050","1","touch","-47","436","-10.78","64","14.68","0.64","0.5","0.75","1.11","1","1.2","436","64","5026.7","5035.16"
"Feb 15, 2024 1:30pm","Feb 15, 2024 4:00pm","SPX","Feb 15, 2024","ironcondor","long put 4,995 / short put 5,000 / short call 5,050 / long call 5,055","1","expired","54","446","12.11","54","12.11","0.54","0.4","0.65","0","","","446","54","5025.52","5029.73"
"Feb 14, 2024 1:30pm","Feb 14, 2024 3:16pm","SPX","Feb 14, 2024","ironcondor","long put 4,940 / short put 4,945 / short call 4,995 / long call 5,000","1","touch","8","443","1.81","57","12.87","0.57","0.45","0.7","0.49","0.4","0.6","443","57","4971.32","4985.92"
"Feb 12, 2024 1:30pm","Feb 12, 2024 2:17pm","SPX","Feb 12, 2024","ironcondor","long put 5,015 / short put 5,020 / short call 5,055 / long call 5,060","1","touch","-48","438","-10.96","62","14.16","0.62","0.5","0.75","1.1","0.95","1.25","438","62","5039.28","5027.06"
"Feb 9, 2024 1:30pm","Feb 9, 2024 4:00pm","SPX","Feb 9, 2024","ironcondor","long put 5,000 / short put 5,005 / short call 5,040 / long call 5,045","1","expired","48","452","10.62","48","10.62","0.48","0.35","0.6","0","","","452","48","5021.17","5026.61"
"Feb 8, 2024 1:30pm","Feb 8, 2024 4:00pm","SPX","Feb 8, 2024","ironcondor","long put 4,970 / short put 4,975 / short call 5,010 / long call 5,015","1","expired","54","446","12.11","54","12.11","0.54","0.4","0.7","0","","","446","54","4994.36","4997.91"
"Feb 6, 2024 1:30pm","Feb 6, 2024 4:00pm","SPX","Feb 6, 2024","ironcondor","long put 4,920 / short put 4,925 / short call 4,965 / long call 4,970","1","expired","65","435","14.94","65","14.94","0.65","0.55","0.75","0","","","435","65","4943.17","4954.23"
"Feb 5, 2024 1:30pm","Feb 5, 2024 2:32pm","SPX","Feb 5, 2024","ironcondor","long put 4,915 / short put 4,920 / short call 4,960 / long call 4,965","1","touch","1","445","0.22","55","12.36","0.55","0.4","0.7","0.54","0.4","0.7","445","55","4941.16","4950.68"
"Jan 30, 2024 1:30pm","Jan 30, 2024 3:29pm","SPX","Jan 30, 2024","ironcondor","long put 4,900 / short put 4,905 / short call 4,940 / long call 4,945","1","touch","25","449","5.57","51","11.36","0.51","0.4","0.65","0.26","0.15","0.35","449","51","4924.1","4930.21"
"Jan 29, 2024 1:30pm","Jan 29, 2024 2:36pm","SPX","Jan 29, 2024","ironcondor","long put 4,875 / short put 4,880 / short call 4,915 / long call 4,920","1","touch","16","448","3.57","52","11.61","0.52","0.4","0.65","0.36","0.25","0.5","448","52","4899.9","4905.08"
"Jan 26, 2024 1:30pm","Jan 26, 2024 4:00pm","SPX","Jan 26, 2024","ironcondor","long put 4,860 / short put 4,865 / short call 4,910 / long call 4,915","1","expired","52","448","11.61","52","11.61","0.52","0.4","0.65","0","","","448","52","4889.37","4890.97"
"Jan 25, 2024 1:30pm","Jan 25, 2024 4:00pm","SPX","Jan 25, 2024","ironcondor","long put 4,850 / short put 4,855 / short call 4,900 / long call 4,905","1","expired","63","437","14.42","63","14.42","0.63","0.5","0.75","0","","","437","63","4877.98","4894.16"
"Jan 24, 2024 1:30pm","Jan 24, 2024 2:15pm","SPX","Jan 24, 2024","ironcondor","long put 4,870 / short put 4,875 / short call 4,915 / long call 4,920","1","touch","-46","457","-10.07","43","9.41","0.43","0.3","0.55","0.89","0.75","1.05","457","43","4895.93","4883.08"
"Jan 23, 2024 1:30pm","Jan 23, 2024 3:23pm","SPX","Jan 23, 2024","ironcondor","long put 4,830 / short put 4,835 / short call 4,870 / long call 4,875","1","touch","-29","452","-6.42","48","10.62","0.48","0.35","0.6","0.77","0.65","0.9","452","48","4853.05","4864.07"
"Jan 22, 2024 1:30pm","Jan 22, 2024 1:57pm","SPX","Jan 22, 2024","ironcondor","long put 4,820 / short put 4,825 / short call 4,865 / long call 4,870","1","touch","-19","441","-4.31","59","13.38","0.59","0.45","0.75","0.78","0.65","0.9","441","59","4844.68","4855.12"
"Jan 18, 2024 1:30pm","Jan 18, 2024 1:49pm","SPX","Jan 18, 2024","ironcondor","long put 4,710 / short put 4,715 / short call 4,765 / long call 4,770","1","touch","-47","453","-10.38","47","10.38","0.47","0.35","0.6","0.94","0.8","1.05","453","47","4743.22","4755"
"Jan 16, 2024 1:30pm","Jan 16, 2024 1:54pm","SPX","Jan 16, 2024","ironcondor","long put 4,740 / short put 4,745 / short call 4,785 / long call 4,790","1","touch","-35","448","-7.81","52","11.61","0.52","0.4","0.65","0.87","0.7","1.05","448","52","4766.07","4754.99"
"Jan 12, 2024 1:30pm","Jan 12, 2024 4:00pm","SPX","Jan 12, 2024","ironcondor","long put 4,755 / short put 4,760 / short call 4,805 / long call 4,810","1","expired","59","441","13.38","59","13.38","0.59","0.45","0.7","0","","","441","59","4782.27","4783.83"
"Jan 11, 2024 1:30pm","Jan 11, 2024 2:01pm","SPX","Jan 11, 2024","ironcondor","long put 4,735 / short put 4,740 / short call 4,785 / long call 4,790","1","touch","-54","432","-12.5","68","15.74","0.68","0.55","0.8","1.22","1.05","1.4","432","68","4764.53","4776.09"
"Jan 10, 2024 1:30pm","Jan 10, 2024 2:04pm","SPX","Jan 10, 2024","ironcondor","long put 4,745 / short put 4,750 / short call 4,785 / long call 4,790","1","touch","-7","446","-1.57","54","12.11","0.54","0.45","0.65","0.61","0.5","0.7","446","54","4769.7","4775.2"
"Jan 9, 2024 1:30pm","Jan 9, 2024 4:00pm","SPX","Jan 9, 2024","ironcondor","long put 4,730 / short put 4,735 / short call 4,775 / long call 4,780","1","expired","47","453","10.38","47","10.38","0.47","0.35","0.6","0","","","453","47","4755.21","4756.5"
"Jan 8, 2024 1:30pm","Jan 8, 2024 1:48pm","SPX","Jan 8, 2024","ironcondor","long put 4,705 / short put 4,710 / short call 4,745 / long call 4,750","1","touch","-19","448","-4.24","52","11.61","0.52","0.4","0.65","0.71","0.6","0.8","448","52","4731.17","4735.4"
"Jan 5, 2024 1:30pm","Jan 5, 2024 2:11pm","SPX","Jan 5, 2024","ironcondor","long put 4,665 / short put 4,670 / short call 4,715 / long call 4,720","1","touch","-38","430","-8.84","70","16.28","0.7","0.55","0.85","1.08","0.95","1.2","430","70","4695.41","4706.25"
"Jan 4, 2024 1:30pm","Jan 4, 2024 2:46pm","SPX","Jan 4, 2024","ironcondor","long put 4,685 / short put 4,690 / short call 4,730 / long call 4,735","1","touch","-5","463","-1.08","37","7.99","0.37","0.25","0.5","0.42","0.3","0.55","463","37","4710.28","4699.77"
"Jan 3, 2024 1:30pm","Jan 3, 2024 2:06pm","SPX","Jan 3, 2024","ironcondor","long put 4,695 / short put 4,700 / short call 4,745 / long call 4,750","1","touch","-64","436","-14.68","64","14.68","0.64","0.5","0.8","1.28","1.1","1.45","436","64","4721.2","4708.74"
"Jan 2, 2024 1:30pm","Jan 2, 2024 2:08pm","SPX","Jan 2, 2024","ironcondor","long put 4,720 / short put 4,725 / short call 4,760 / long call 4,765","1","touch","-43","460","-9.35","40","8.7","0.4","0.3","0.5","0.83","0.7","0.95","460","40","4744.81","4733.74"
"Dec 29, 2023 1:30pm","Dec 29, 2023 3:09pm","SPX","Dec 29, 2023","ironcondor","long put 4,735 / short put 4,740 / short call 4,785 / long call 4,790","1","touch","-19","437","-4.35","63","14.42","0.63","0.5","0.75","0.82","0.7","0.95","437","63","4763.39","4775.24"
"Dec 28, 2023 1:30pm","Dec 28, 2023 4:00pm","SPX","Dec 28, 2023","ironcondor","long put 4,765 / short put 4,770 / short call 4,805 / long call 4,810","1","expired","39","461","8.46","39","8.46","0.39","0.3","0.5","0","","","461","39","4788.6","4783.35"
"Dec 27, 2023 1:30pm","Dec 27, 2023 2:01pm","SPX","Dec 27, 2023","ironcondor","long put 4,760 / short put 4,765 / short call 4,795 / long call 4,800","1","touch","-42","439","-9.57","61","13.9","0.61","0.5","0.7","1.03","0.85","1.2","439","61","4781.13","4773.54"
"Dec 26, 2023 1:30pm","Dec 26, 2023 2:33pm","SPX","Dec 26, 2023","ironcondor","long put 4,750 / short put 4,755 / short call 4,785 / long call 4,790","1","touch","18","455","3.96","45","9.89","0.45","0.35","0.55","0.27","0.15","0.35","455","45","4772.49","4775.43"
"Dec 22, 2023 1:30pm","Dec 22, 2023 2:06pm","SPX","Dec 22, 2023","ironcondor","long put 4,740 / short put 4,745 / short call 4,785 / long call 4,790","1","touch","-76","453","-16.78","47","10.38","0.47","0.3","0.65","1.23","1.05","1.4","453","47","4765.42","4752.14"
"Dec 21, 2023 1:30pm","Dec 21, 2023 3:29pm","SPX","Dec 21, 2023","ironcondor","long put 4,685 / short put 4,690 / short call 4,745 / long call 4,750","1","touch","-24","427","-5.62","73","17.1","0.73","0.6","0.85","0.97","0.85","1.1","427","73","4719.85","4737.16"
"Dec 20, 2023 1:30pm","Dec 20, 2023 2:02pm","SPX","Dec 20, 2023","ironcondor","long put 4,755 / short put 4,760 / short call 4,790 / long call 4,795","1","touch","-28","469","-5.97","31","6.61","0.31","0.2","0.4","0.59","0.5","0.7","469","31","4774.76","4769.37"
"Dec 19, 2023 1:30pm","Dec 19, 2023 4:00pm","SPX","Dec 19, 2023","ironcondor","long put 4,740 / short put 4,745 / short call 4,775 / long call 4,780","1","expired","35","465","7.53","35","7.53","0.35","0.25","0.45","0","","","465","35","4759.51","4768.37"
"Dec 18, 2023 1:30pm","Dec 18, 2023 4:00pm","SPX","Dec 18, 2023","ironcondor","long put 4,725 / short put 4,730 / short call 4,760 / long call 4,765","1","expired","42","458","9.17","42","9.17","0.42","0.3","0.5","0","","","458","42","4745.49","4740.56"
"Dec 15, 2023 1:30pm","Dec 15, 2023 2:02pm","SPX","Dec 15, 2023","ironcondor","long put 4,690 / short put 4,695 / short call 4,735 / long call 4,740","1","touch","-39","458","-8.52","42","9.17","0.42","0.3","0.55","0.81","0.7","0.95","458","42","4717.8","4704.99"
"Dec 14, 2023 1:30pm","Dec 14, 2023 1:54pm","SPX","Dec 14, 2023","ironcondor","long put 4,680 / short put 4,685 / short call 4,730 / long call 4,735","1","touch","-76","450","-16.89","50","11.11","0.5","0.4","0.6","1.26","1.1","1.4","450","50","4709.51","4694.36"
"Dec 13, 2023 1:30pm","Dec 13, 2023 2:20pm","SPX","Dec 13, 2023","ironcondor","long put 4,595 / short put 4,600 / short call 4,685 / long call 4,690","1","touch","-84","419","-20.05","81","19.33","0.81","0.7","0.9","1.65","1.4","1.9","419","81","4643.55","4675.25"
"Dec 12, 2023 1:30pm","Dec 12, 2023 2:34pm","SPX","Dec 12, 2023","ironcondor","long put 4,610 / short put 4,615 / short call 4,645 / long call 4,650","1","touch","18","464","3.88","36","7.76","0.36","0.25","0.45","0.18","0.05","0.3","464","36","4630.82","4635"
"Dec 11, 2023 1:30pm","Dec 11, 2023 2:14pm","SPX","Dec 11, 2023","ironcondor","long put 4,595 / short put 4,600 / short call 4,630 / long call 4,635","1","touch","8","462","1.73","38","8.23","0.38","0.25","0.5","0.3","0.15","0.45","462","38","4616.98","4620.52"
"Dec 8, 2023 1:30pm","Dec 8, 2023 3:02pm","SPX","Dec 8, 2023","ironcondor","long put 4,575 / short put 4,580 / short call 4,615 / long call 4,620","1","touch","8","458","1.75","42","9.17","0.42","0.3","0.55","0.34","0.2","0.5","458","42","4596.42","4605.93"
"Dec 7, 2023 1:30pm","Dec 7, 2023 4:00pm","SPX","Dec 7, 2023","ironcondor","long put 4,560 / short put 4,565 / short call 4,600 / long call 4,605","1","expired","40","460","8.7","40","8.7","0.4","0.25","0.55","0","","","460","40","4583.27","4585.59"
"Dec 6, 2023 1:30pm","Dec 6, 2023 3:09pm","SPX","Dec 6, 2023","ironcondor","long put 4,545 / short put 4,550 / short call 4,585 / long call 4,590","1","touch","25","459","5.45","41","8.93","0.41","0.3","0.5","0.16","0.05","0.25","459","41","4566.82","4559.99"
"Dec 5, 2023 1:30pm","Dec 5, 2023 3:25pm","SPX","Dec 5, 2023","ironcondor","long put 4,545 / short put 4,550 / short call 4,580 / long call 4,585","1","touch","40","439","9.11","61","13.9","0.61","0.5","0.7","0.21","0.1","0.3","439","61","4565.92","4570.24"
"Dec 4, 2023 1:30pm","Dec 4, 2023 4:00pm","SPX","Dec 4, 2023","ironcondor","long put 4,540 / short put 4,545 / short call 4,580 / long call 4,585","1","expired","43","457","9.41","43","9.41","0.43","0.3","0.55","0","","","457","43","4561.86","4569.78"
"Dec 1, 2023 1:30pm","Dec 1, 2023 4:00pm","SPX","Dec 1, 2023","ironcondor","long put 4,560 / short put 4,565 / short call 4,610 / long call 4,615","1","expired","53","447","11.86","53","11.86","0.53","0.4","0.65","0","","","447","53","4588.54","4594.63"
"Nov 30, 2023 1:30pm","Nov 30, 2023 2:08pm","SPX","Nov 30, 2023","ironcondor","long put 4,515 / short put 4,520 / short call 4,555 / long call 4,560","1","touch","-16","447","-3.58","53","11.86","0.53","0.45","0.65","0.69","0.6","0.8","447","53","4539.54","4545.17"
"Nov 29, 2023 1:30pm","Nov 29, 2023 2:38pm","SPX","Nov 29, 2023","ironcondor","long put 4,545 / short put 4,550 / short call 4,580 / long call 4,585","1","touch","3","439","0.68","61","13.9","0.61","0.45","0.75","0.58","0.4","0.75","439","61","4567.74","4557.4"
"Nov 28, 2023 1:30pm","Nov 28, 2023 4:00pm","SPX","Nov 28, 2023","ironcondor","long put 4,530 / short put 4,535 / short call 4,565 / long call 4,570","1","expired","44","456","9.65","44","9.65","0.44","0.35","0.55","0","","","456","44","4551.29","4554.89"
"Nov 27, 2023 1:30pm","Nov 27, 2023 2:21pm","SPX","Nov 27, 2023","ironcondor","long put 4,540 / short put 4,545 / short call 4,570 / long call 4,575","1","touch","13","467","2.78","33","7.07","0.33","0.2","0.45","0.2","0.1","0.3","467","33","4557.94","4554.93"
"Nov 22, 2023 1:30pm","Nov 22, 2023 3:13pm","SPX","Nov 22, 2023","ironcondor","long put 4,540 / short put 4,545 / short call 4,575 / long call 4,580","1","touch","13","464","2.8","36","7.76","0.36","0.25","0.45","0.23","0.1","0.35","464","36","4561.34","4554.99"
"Nov 21, 2023 1:30pm","Nov 21, 2023 1:51pm","SPX","Nov 21, 2023","ironcondor","long put 4,510 / short put 4,515 / short call 4,550 / long call 4,555","1","touch","-14","449","-3.12","51","11.36","0.51","0.4","0.65","0.65","0.55","0.75","449","51","4534.58","4540.09"
"Nov 20, 2023 1:30pm","Nov 20, 2023 1:44pm","SPX","Nov 20, 2023","ironcondor","long put 4,520 / short put 4,525 / short call 4,555 / long call 4,560","1","touch","-8","455","-1.76","45","9.89","0.45","0.35","0.55","0.53","0.4","0.65","455","45","4543.17","4545.77"
"Nov 17, 2023 1:30pm","Nov 17, 2023 4:00pm","SPX","Nov 17, 2023","ironcondor","long put 4,495 / short put 4,500 / short call 4,530 / long call 4,535","1","expired","49","451","10.86","49","10.86","0.49","0.4","0.6","0","","","451","49","4513.47","4514.02"
"Nov 16, 2023 1:30pm","Nov 16, 2023 4:00pm","SPX","Nov 16, 2023","ironcondor","long put 4,475 / short put 4,480 / short call 4,515 / long call 4,520","1","expired","58","442","13.12","58","13.12","0.58","0.45","0.7","0","","","442","58","4500.55","4508.24"
"Nov 15, 2023 1:30pm","Nov 15, 2023 2:02pm","SPX","Nov 15, 2023","ironcondor","long put 4,480 / short put 4,485 / short call 4,520 / long call 4,525","1","touch","-18","434","-4.15","66","15.21","0.66","0.55","0.8","0.84","0.7","0.95","434","66","4504.68","4510.42"
"Nov 13, 2023 1:30pm","Nov 13, 2023 4:00pm","SPX","Nov 13, 2023","ironcondor","long put 4,385 / short put 4,390 / short call 4,430 / long call 4,435","1","expired","43","457","9.41","43","9.41","0.43","0.25","0.6","0","","","457","43","4410.62","4411.55"
"Nov 9, 2023 1:30pm","Nov 9, 2023 2:01pm","SPX","Nov 9, 2023","ironcondor","long put 4,345 / short put 4,350 / short call 4,395 / long call 4,400","1","touch","-56","437","-12.81","63","14.42","0.63","0.5","0.75","1.19","0.95","1.4","437","63","4373.69","4359.84"
"Nov 8, 2023 1:30pm","Nov 8, 2023 2:07pm","SPX","Nov 8, 2023","ironcondor","long put 4,350 / short put 4,355 / short call 4,390 / long call 4,395","1","touch","2","454","0.44","46","10.13","0.46","0.35","0.55","0.44","0.35","0.55","454","46","4374.41","4380.52"
"Nov 7, 2023 1:30pm","Nov 7, 2023 3:39pm","SPX","Nov 7, 2023","ironcondor","long put 4,360 / short put 4,365 / short call 4,395 / long call 4,400","1","touch","42","451","9.31","49","10.86","0.49","0.4","0.6","0.07","0","0.2","451","49","4381.03","4385.49"
"Nov 6, 2023 1:30pm","Nov 6, 2023 2:44pm","SPX","Nov 6, 2023","ironcondor","long put 4,330 / short put 4,335 / short call 4,370 / long call 4,375","1","touch","4","453","0.88","47","10.38","0.47","0.35","0.6","0.43","0.35","0.55","453","47","4352.52","4360.63"
"Nov 1, 2023 1:30pm","Nov 1, 2023 4:00pm","SPX","Nov 1, 2023","ironcondor","long put 4,160 / short put 4,165 / short call 4,250 / long call 4,255","1","expired","92","408","22.55","92","22.55","0.92","0.75","1.1","0","","","408","92","4208.51","4237.86"
"Oct 31, 2023 1:30pm","Oct 31, 2023 2:51pm","SPX","Oct 31, 2023","ironcondor","long put 4,150 / short put 4,155 / short call 4,200 / long call 4,205","1","touch","4","440","0.91","60","13.64","0.6","0.5","0.7","0.56","0.45","0.7","440","60","4180","4190.27"
"Oct 27, 2023 1:30pm","Oct 27, 2023 4:00pm","SPX","Oct 27, 2023","ironcondor","long put 4,080 / short put 4,085 / short call 4,150 / long call 4,155","1","expired","62","438","14.16","62","14.16","0.62","0.45","0.8","0","","","438","62","4118.68","4117.37"
"Oct 24, 2023 1:30pm","Oct 24, 2023 2:34pm","SPX","Oct 24, 2023","ironcondor","long put 4,200 / short put 4,205 / short call 4,255 / long call 4,260","1","touch","-28","426","-6.57","74","17.37","0.74","0.6","0.85","1.02","0.85","1.2","426","74","4232.99","4246.08"
"Oct 23, 2023 1:30pm","Oct 23, 2023 4:00pm","SPX","Oct 23, 2023","ironcondor","long put 4,205 / short put 4,210 / short call 4,265 / long call 4,270","1","expired","77","423","18.2","77","18.2","0.77","0.65","0.9","0","","","423","77","4241.08","4217.04"
"Oct 20, 2023 1:30pm","Oct 20, 2023 4:00pm","SPX","Oct 20, 2023","ironcondor","long put 4,215 / short put 4,220 / short call 4,285 / long call 4,290","1","expired","75","425","17.65","75","17.65","0.75","0.65","0.85","0","","","425","75","4253.17","4224.16"
"Oct 19, 2023 1:30pm","Oct 19, 2023 2:37pm","SPX","Oct 19, 2023","ironcondor","long put 4,285 / short put 4,290 / short call 4,355 / long call 4,360","1","touch","-190","425","-44.71","75","17.65","0.75","0.6","0.9","2.65","2.4","2.9","425","75","4323.66","4287.18"
"Oct 18, 2023 1:30pm","Oct 18, 2023 2:52pm","SPX","Oct 18, 2023","ironcondor","long put 4,310 / short put 4,315 / short call 4,370 / long call 4,375","1","touch","-52","427","-12.18","73","17.1","0.73","0.6","0.85","1.25","1.05","1.45","427","73","4342.69","4321.61"
"Oct 17, 2023 1:30pm","Oct 17, 2023 3:03pm","SPX","Oct 17, 2023","ironcondor","long put 4,345 / short put 4,350 / short call 4,395 / long call 4,400","1","touch","-48","435","-11.03","65","14.94","0.65","0.55","0.75","1.13","1","1.25","435","65","4376.25","4357.1"
"Oct 12, 2023 1:30pm","Oct 12, 2023 2:10pm","SPX","Oct 12, 2023","ironcondor","long put 4,315 / short put 4,320 / short call 4,370 / long call 4,375","1","touch","-60","425","-14.12","75","17.65","0.75","0.6","0.9","1.35","1.2","1.5","425","75","4347.25","4329.09"
"Oct 11, 2023 1:30pm","Oct 11, 2023 4:00pm","SPX","Oct 11, 2023","ironcondor","long put 4,315 / short put 4,320 / short call 4,380 / long call 4,385","1","expired","58","442","13.12","58","13.12","0.58","0.45","0.7","0","","","442","58","4350.28","4376.95"
"Oct 10, 2023 1:30pm","Oct 10, 2023 4:00pm","SPX","Oct 10, 2023","ironcondor","long put 4,330 / short put 4,335 / short call 4,390 / long call 4,395","1","expired","64","436","14.68","64","14.68","0.64","0.5","0.8","0","","","436","64","4367.15","4358.24"
"Oct 9, 2023 1:30pm","Oct 9, 2023 1:44pm","SPX","Oct 9, 2023","ironcondor","long put 4,285 / short put 4,290 / short call 4,335 / long call 4,340","1","touch","-95","432","-21.99","68","15.74","0.68","0.5","0.85","1.63","1.45","1.8","432","68","4312.48","4327.86"
"Oct 5, 2023 1:30pm","Oct 5, 2023 2:01pm","SPX","Oct 5, 2023","ironcondor","long put 4,210 / short put 4,215 / short call 4,265 / long call 4,270","1","touch","-95","432","-21.99","68","15.74","0.68","0.55","0.8","1.63","1.4","1.85","432","68","4242.73","4257.65"
"Oct 4, 2023 1:30pm","Oct 4, 2023 3:18pm","SPX","Oct 4, 2023","ironcondor","long put 4,205 / short put 4,210 / short call 4,265 / long call 4,270","1","touch","-87","439","-19.82","61","13.9","0.61","0.5","0.75","1.48","1.35","1.6","439","61","4240.68","4260.13"
"Oct 2, 2023 1:30pm","Oct 2, 2023 4:00pm","SPX","Oct 2, 2023","ironcondor","long put 4,240 / short put 4,245 / short call 4,295 / long call 4,300","1","expired","70","430","16.28","70","16.28","0.7","0.55","0.85","0","","","430","70","4271.26","4288.39"
"Sep 29, 2023 1:30pm","Sep 29, 2023 4:00pm","SPX","Sep 29, 2023","ironcondor","long put 4,250 / short put 4,255 / short call 4,320 / long call 4,325","1","expired","77","423","18.2","77","18.2","0.77","0.65","0.9","0","","","423","77","4289.87","4288.05"
"Sep 28, 2023 1:30pm","Sep 28, 2023 4:00pm","SPX","Sep 28, 2023","ironcondor","long put 4,260 / short put 4,265 / short call 4,325 / long call 4,330","1","expired","64","436","14.68","64","14.68","0.64","0.55","0.75","0","","","436","64","4299.96","4299.7"
"Sep 27, 2023 1:30pm","Sep 27, 2023 2:32pm","SPX","Sep 27, 2023","ironcondor","long put 4,210 / short put 4,215 / short call 4,270 / long call 4,275","1","touch","-133","436","-30.5","64","14.68","0.64","0.5","0.8","1.97","1.75","2.2","436","64","4243.73","4266.89"
"Sep 25, 2023 1:30pm","Sep 25, 2023 4:00pm","SPX","Sep 25, 2023","ironcondor","long put 4,290 / short put 4,295 / short call 4,345 / long call 4,350","1","expired","68","432","15.74","68","15.74","0.68","0.55","0.8","0","","","432","68","4325.73","4337.44"
"Sep 22, 2023 1:30pm","Sep 22, 2023 4:00pm","SPX","Sep 22, 2023","ironcondor","long put 4,305 / short put 4,310 / short call 4,360 / long call 4,365","1","expired","55","445","12.36","55","12.36","0.55","0.4","0.7","0","","","445","55","4338.05","4320.06"
"Sep 20, 2023 1:30pm","Sep 20, 2023 4:00pm","SPX","Sep 20, 2023","ironcondor","long put 4,410 / short put 4,415 / short call 4,490 / long call 4,495","1","expired","-408","408","-100","92","22.55","0.92","0.8","1.05","5","","","408","92","4453.1","4402.2"
"Sep 19, 2023 1:30pm","Sep 19, 2023 1:46pm","SPX","Sep 19, 2023","ironcondor","long put 4,405 / short put 4,410 / short call 4,445 / long call 4,450","1","touch","-44","446","-9.87","54","12.11","0.54","0.45","0.65","0.98","0.85","1.1","446","54","4428.01","4436.41"
"Sep 18, 2023 1:30pm","Sep 18, 2023 2:54pm","SPX","Sep 18, 2023","ironcondor","long put 4,440 / short put 4,445 / short call 4,475 / long call 4,480","1","touch","11","457","2.41","43","9.41","0.43","0.35","0.55","0.32","0.2","0.45","457","43","4461.64","4454.32"
"Sep 13, 2023 1:30pm","Sep 13, 2023 2:55pm","SPX","Sep 13, 2023","ironcondor","long put 4,450 / short put 4,455 / short call 4,490 / long call 4,495","1","touch","-35","453","-7.73","47","10.38","0.47","0.35","0.6","0.82","0.65","1","453","47","4475.73","4461.15"
"Sep 12, 2023 1:30pm","Sep 12, 2023 1:43pm","SPX","Sep 12, 2023","ironcondor","long put 4,465 / short put 4,470 / short call 4,500 / long call 4,505","1","touch","-20","444","-4.5","56","12.61","0.56","0.45","0.7","0.76","0.65","0.85","444","56","4485.12","4479.66"
"Sep 11, 2023 1:30pm","Sep 11, 2023 4:00pm","SPX","Sep 11, 2023","ironcondor","long put 4,465 / short put 4,470 / short call 4,500 / long call 4,505","1","expired","55","445","12.36","55","12.36","0.55","0.45","0.65","0","","","445","55","4484.68","4487.46"
"Sep 8, 2023 1:30pm","Sep 8, 2023 4:00pm","SPX","Sep 8, 2023","ironcondor","long put 4,435 / short put 4,440 / short call 4,475 / long call 4,480","1","expired","53","447","11.86","53","11.86","0.53","0.4","0.65","0","","","447","53","4460.34","4457.49"
"Sep 7, 2023 1:30pm","Sep 7, 2023 2:40pm","SPX","Sep 7, 2023","ironcondor","long put 4,430 / short put 4,435 / short call 4,470 / long call 4,475","1","touch","-10","446","-2.24","54","12.11","0.54","0.45","0.65","0.64","0.55","0.75","446","54","4453.54","4444.64"
"Sep 5, 2023 1:30pm","Sep 5, 2023 2:19pm","SPX","Sep 5, 2023","ironcondor","long put 4,480 / short put 4,485 / short call 4,515 / long call 4,520","1","touch","2","443","0.45","57","12.87","0.57","0.45","0.7","0.55","0.45","0.65","443","57","4500.02","4505.73"
"Sep 1, 2023 1:30pm","Sep 1, 2023 3:32pm","SPX","Sep 1, 2023","ironcondor","long put 4,485 / short put 4,490 / short call 4,525 / long call 4,530","1","touch","25","452","5.53","48","10.62","0.48","0.35","0.6","0.23","0.1","0.35","452","48","4508.18","4515.44"
"Aug 31, 2023 1:30pm","Aug 31, 2023 4:00pm","SPX","Aug 31, 2023","ironcondor","long put 4,495 / short put 4,500 / short call 4,540 / long call 4,545","1","expired","55","445","12.36","55","12.36","0.55","0.4","0.7","0","","","445","55","4521.69","4507.66"
"Aug 30, 2023 1:30pm","Aug 30, 2023 4:00pm","SPX","Aug 30, 2023","ironcondor","long put 4,490 / short put 4,495 / short call 4,535 / long call 4,540","1","expired","52","448","11.61","52","11.61","0.52","0.4","0.65","0","","","448","52","4515.18","4514.87"
"Aug 28, 2023 1:30pm","Aug 28, 2023 2:16pm","SPX","Aug 28, 2023","ironcondor","long put 4,405 / short put 4,410 / short call 4,455 / long call 4,460","1","touch","-74","456","-16.23","44","9.65","0.44","0.35","0.55","1.18","1.05","1.3","456","44","4433.4","4416.91"
"Aug 25, 2023 1:30pm","Aug 25, 2023 2:21pm","SPX","Aug 25, 2023","ironcondor","long put 4,350 / short put 4,355 / short call 4,415 / long call 4,420","1","touch","-65","433","-15.01","67","15.47","0.67","0.5","0.85","1.32","1.15","1.5","433","67","4386.67","4405.76"
"Aug 22, 2023 1:30pm","Aug 22, 2023 4:00pm","SPX","Aug 22, 2023","ironcondor","long put 4,360 / short put 4,365 / short call 4,410 / long call 4,415","1","expired","63","437","14.42","63","14.42","0.63","0.5","0.75","0","","","437","63","4389.04","4387.55"
"Aug 21, 2023 1:30pm","Aug 21, 2023 2:45pm","SPX","Aug 21, 2023","ironcondor","long put 4,355 / short put 4,360 / short call 4,405 / long call 4,410","1","touch","-6","442","-1.36","58","13.12","0.58","0.45","0.7","0.64","0.55","0.75","442","58","4385.81","4395.16"
"Aug 18, 2023 1:30pm","Aug 18, 2023 4:00pm","SPX","Aug 18, 2023","ironcondor","long put 4,330 / short put 4,335 / short call 4,385 / long call 4,390","1","expired","71","429","16.55","71","16.55","0.71","0.55","0.85","0","","","429","71","4361.69","4369.71"
"Aug 17, 2023 1:30pm","Aug 17, 2023 2:46pm","SPX","Aug 17, 2023","ironcondor","long put 4,370 / short put 4,375 / short call 4,420 / long call 4,425","1","touch","-26","425","-6.12","75","17.65","0.75","0.6","0.9","1.01","0.9","1.15","425","75","4400.03","4383.48"
"Aug 16, 2023 1:30pm","Aug 16, 2023 2:32pm","SPX","Aug 16, 2023","ironcondor","long put 4,390 / short put 4,395 / short call 4,445 / long call 4,450","1","touch","-51","432","-11.81","68","15.74","0.68","0.5","0.85","1.19","1.05","1.35","432","68","4421.24","4436.07"
"Aug 14, 2023 1:30pm","Aug 14, 2023 4:00pm","SPX","Aug 14, 2023","ironcondor","long put 4,455 / short put 4,460 / short call 4,500 / long call 4,505","1","expired","52","448","11.61","52","11.61","0.52","0.4","0.65","0","","","448","52","4482.83","4489.72"
"Aug 11, 2023 1:30pm","Aug 11, 2023 4:00pm","SPX","Aug 11, 2023","ironcondor","long put 4,435 / short put 4,440 / short call 4,485 / long call 4,490","1","expired","77","423","18.2","77","18.2","0.77","0.65","0.9","0","","","423","77","4463.88","4464.05"
"Aug 10, 2023 1:30pm","Aug 10, 2023 4:00pm","SPX","Aug 10, 2023","ironcondor","long put 4,430 / short put 4,435 / short call 4,500 / long call 4,505","1","expired","63","437","14.42","63","14.42","0.63","0.5","0.75","0","","","437","63","4470.89","4468.83"
"Aug 9, 2023 1:30pm","Aug 9, 2023 2:20pm","SPX","Aug 9, 2023","ironcondor","long put 4,460 / short put 4,465 / short call 4,505 / long call 4,510","1","touch","-16","438","-3.65","62","14.16","0.62","0.45","0.8","0.78","0.65","0.9","438","62","4484.81","4495.32"
"Aug 7, 2023 1:30pm","Aug 7, 2023 2:02pm","SPX","Aug 7, 2023","ironcondor","long put 4,480 / short put 4,485 / short call 4,525 / long call 4,530","1","touch","-42","453","-9.27","47","10.38","0.47","0.3","0.65","0.89","0.75","1.05","453","47","4507.83","4515.48"
"Aug 4, 2023 1:30pm","Aug 4, 2023 2:02pm","SPX","Aug 4, 2023","ironcondor","long put 4,500 / short put 4,505 / short call 4,545 / long call 4,550","1","touch","-70","445","-15.73","55","12.36","0.55","0.45","0.65","1.25","1.05","1.45","445","55","4528.13","4512.29"
"Aug 3, 2023 1:30pm","Aug 3, 2023 1:46pm","SPX","Aug 3, 2023","ironcondor","long put 4,495 / short put 4,500 / short call 4,535 / long call 4,540","1","touch","-39","448","-8.71","52","11.61","0.52","0.4","0.65","0.91","0.8","1","448","52","4516.3","4509.89"
"Aug 1, 2023 1:30pm","Aug 1, 2023 2:18pm","SPX","Aug 1, 2023","ironcondor","long put 4,555 / short put 4,560 / short call 4,590 / long call 4,595","1","touch","3","442","0.68","58","13.12","0.58","0.4","0.75","0.55","0.45","0.65","442","58","4575.7","4581.02"
"Jul 31, 2023 1:30pm","Jul 31, 2023 4:00pm","SPX","Jul 31, 2023","ironcondor","long put 4,555 / short put 4,560 / short call 4,595 / long call 4,600","1","expired","63","437","14.42","63","14.42","0.63","0.55","0.75","0","","","437","63","4578.8","4588.96"
"Jul 27, 2023 1:30pm","Jul 27, 2023 2:14pm","SPX","Jul 27, 2023","ironcondor","long put 4,545 / short put 4,550 / short call 4,600 / long call 4,605","1","touch","-74","445","-16.63","55","12.36","0.55","0.4","0.7","1.29","1.1","1.5","445","55","4576.43","4558.34"
"Jul 26, 2023 1:30pm","Jul 26, 2023 4:00pm","SPX","Jul 26, 2023","ironcondor","long put 4,510 / short put 4,515 / short call 4,595 / long call 4,600","1","expired","83","417","19.9","83","19.9","0.83","0.7","0.95","0","","","417","83","4555.94","4566.75"
"Jul 25, 2023 1:30pm","Jul 25, 2023 2:19pm","SPX","Jul 25, 2023","ironcondor","long put 4,555 / short put 4,560 / short call 4,585 / long call 4,590","1","touch","25","438","5.71","62","14.16","0.62","0.5","0.7","0.37","0.25","0.45","438","62","4573.41","4575.03"
"Jul 24, 2023 1:30pm","Jul 24, 2023 1:53pm","SPX","Jul 24, 2023","ironcondor","long put 4,535 / short put 4,540 / short call 4,570 / long call 4,575","1","touch","3","442","0.68","58","13.12","0.58","0.4","0.75","0.55","0.45","0.65","442","58","4557.8","4560.09"
"Jul 21, 2023 1:30pm","Jul 21, 2023 3:07pm","SPX","Jul 21, 2023","ironcondor","long put 4,530 / short put 4,535 / short call 4,565 / long call 4,570","1","touch","-3","435","-0.69","65","14.94","0.65","0.55","0.75","0.68","0.55","0.8","435","65","4551.21","4541.99"
"Jul 20, 2023 1:30pm","Jul 20, 2023 2:15pm","SPX","Jul 20, 2023","ironcondor","long put 4,530 / short put 4,535 / short call 4,565 / long call 4,570","1","touch","-6","436","-1.38","64","14.68","0.64","0.55","0.75","0.7","0.6","0.8","436","64","4550.06","4544.12"
"Jul 19, 2023 1:30pm","Jul 19, 2023 4:00pm","SPX","Jul 19, 2023","ironcondor","long put 4,540 / short put 4,545 / short call 4,585 / long call 4,590","1","expired","47","453","10.38","47","10.38","0.47","0.35","0.6","0","","","453","47","4565.23","4565.72"
"Jul 18, 2023 1:30pm","Jul 18, 2023 2:02pm","SPX","Jul 18, 2023","ironcondor","long put 4,525 / short put 4,530 / short call 4,560 / long call 4,565","1","touch","4","456","0.88","44","9.65","0.44","0.3","0.55","0.4","0.3","0.5","456","44","4545.95","4550.13"
"Jul 17, 2023 1:30pm","Jul 17, 2023 3:31pm","SPX","Jul 17, 2023","ironcondor","long put 4,500 / short put 4,505 / short call 4,535 / long call 4,540","1","touch","-12","455","-2.64","45","9.89","0.45","0.35","0.55","0.57","0.45","0.7","455","45","4518.2","4528.17"
"Jul 14, 2023 1:30pm","Jul 14, 2023 4:00pm","SPX","Jul 14, 2023","ironcondor","long put 4,485 / short put 4,490 / short call 4,530 / long call 4,535","1","expired","39","461","8.46","39","8.46","0.39","0.25","0.55","0","","","461","39","4511.33","4505.42"
"Jul 13, 2023 1:30pm","Jul 13, 2023 2:16pm","SPX","Jul 13, 2023","ironcondor","long put 4,480 / short put 4,485 / short call 4,515 / long call 4,520","1","touch","0","445","0","55","12.36","0.55","0.45","0.65","0.55","0.45","0.65","445","55","4500.72","4505.65"
"Jul 11, 2023 1:30pm","Jul 11, 2023 3:43pm","SPX","Jul 11, 2023","ironcondor","long put 4,400 / short put 4,405 / short call 4,440 / long call 4,445","1","touch","36","455","7.91","45","9.89","0.45","0.35","0.55","0.09","0","0.25","455","45","4422.6","4430.78"
"Jul 10, 2023 1:30pm","Jul 10, 2023 4:00pm","SPX","Jul 10, 2023","ironcondor","long put 4,380 / short put 4,385 / short call 4,420 / long call 4,425","1","expired","53","447","11.86","53","11.86","0.53","0.4","0.65","0","","","447","53","4405.18","4409.53"
"Jul 7, 2023 1:30pm","Jul 7, 2023 1:39pm","SPX","Jul 7, 2023","ironcondor","long put 4,420 / short put 4,425 / short call 4,455 / long call 4,460","1","touch","-17","432","-3.94","68","15.74","0.68","0.6","0.8","0.85","0.75","0.95","432","68","4440.3","4434.37"
"Jul 5, 2023 1:30pm","Jul 5, 2023 2:02pm","SPX","Jul 5, 2023","ironcondor","long put 4,425 / short put 4,430 / short call 4,460 / long call 4,465","1","touch","-2","444","-0.45","56","12.61","0.56","0.45","0.7","0.58","0.45","0.7","444","56","4446.94","4450.06"
"Jun 29, 2023 1:30pm","Jun 29, 2023 2:01pm","SPX","Jun 29, 2023","ironcondor","long put 4,370 / short put 4,375 / short call 4,410 / long call 4,415","1","touch","-25","437","-5.72","63","14.42","0.63","0.5","0.75","0.88","0.75","1","437","63","4393.01","4384.99"
"Jun 28, 2023 1:30pm","Jun 28, 2023 3:06pm","SPX","Jun 28, 2023","ironcondor","long put 4,350 / short put 4,355 / short call 4,395 / long call 4,400","1","touch","-6","454","-1.32","46","10.13","0.46","0.35","0.6","0.52","0.4","0.65","454","46","4373.81","4364.84"
"Jun 26, 2023 1:30pm","Jun 26, 2023 2:23pm","SPX","Jun 26, 2023","ironcondor","long put 4,320 / short put 4,325 / short call 4,360 / long call 4,365","1","touch","-9","449","-2","51","11.36","0.51","0.4","0.65","0.6","0.5","0.7","449","51","4342.11","4334.08"
"Jun 23, 2023 1:30pm","Jun 23, 2023 2:31pm","SPX","Jun 23, 2023","ironcondor","long put 4,340 / short put 4,345 / short call 4,380 / long call 4,385","1","touch","-12","458","-2.62","42","9.17","0.42","0.3","0.55","0.54","0.4","0.7","458","42","4364.15","4354.61"
"Jun 22, 2023 1:30pm","Jun 22, 2023 2:29pm","SPX","Jun 22, 2023","ironcondor","long put 4,345 / short put 4,350 / short call 4,385 / long call 4,390","1","touch","2","448","0.45","52","11.61","0.52","0.4","0.65","0.5","0.4","0.6","448","52","4366.19","4375.32"
"Jun 21, 2023 1:30pm","Jun 21, 2023 2:00pm","SPX","Jun 21, 2023","ironcondor","long put 4,345 / short put 4,350 / short call 4,385 / long call 4,390","1","touch","-17","441","-3.85","59","13.38","0.59","0.5","0.7","0.76","0.65","0.9","441","59","4367.68","4375.07"
"Jun 20, 2023 1:30pm","Jun 20, 2023 3:09pm","SPX","Jun 20, 2023","ironcondor","long put 4,375 / short put 4,380 / short call 4,415 / long call 4,420","1","touch","27","449","6.01","51","11.36","0.51","0.4","0.65","0.24","0.1","0.35","449","51","4397.37","4389.9"
"Jun 16, 2023 1:30pm","Jun 16, 2023 3:01pm","SPX","Jun 16, 2023","ironcondor","long put 4,405 / short put 4,410 / short call 4,450 / long call 4,455","1","touch","-44","443","-9.93","57","12.87","0.57","0.45","0.7","1.01","0.85","1.15","443","57","4431.52","4416.63"
"Jun 14, 2023 1:30pm","Jun 14, 2023 4:00pm","SPX","Jun 14, 2023","ironcondor","long put 4,315 / short put 4,320 / short call 4,425 / long call 4,430","1","expired","75","425","17.65","75","17.65","0.75","0.65","0.85","0","","","425","75","4374.36","4372.59"
"Jun 12, 2023 1:30pm","Jun 12, 2023 1:59pm","SPX","Jun 12, 2023","ironcondor","long put 4,295 / short put 4,300 / short call 4,330 / long call 4,335","1","touch","-3","458","-0.65","42","9.17","0.42","0.3","0.5","0.45","0.35","0.55","458","42","4315.76","4320.3"
"Jun 9, 2023 1:30pm","Jun 9, 2023 4:00pm","SPX","Jun 9, 2023","ironcondor","long put 4,280 / short put 4,285 / short call 4,320 / long call 4,325","1","expired","55","445","12.36","55","12.36","0.55","0.45","0.65","0","","","445","55","4304.01","4298.86"
"Jun 8, 2023 1:30pm","Jun 8, 2023 1:47pm","SPX","Jun 8, 2023","ironcondor","long put 4,265 / short put 4,270 / short call 4,300 / long call 4,305","1","touch","-21","436","-4.82","64","14.68","0.64","0.55","0.75","0.85","0.75","0.95","436","64","4286.23","4279.99"
"Jun 7, 2023 1:30pm","Jun 7, 2023 4:00pm","SPX","Jun 7, 2023","ironcondor","long put 4,245 / short put 4,250 / short call 4,290 / long call 4,295","1","expired","43","457","9.41","43","9.41","0.43","0.2","0.65","0","","","457","43","4268.52","4267.52"
"Jun 6, 2023 1:30pm","Jun 6, 2023 4:00pm","SPX","Jun 6, 2023","ironcondor","long put 4,250 / short put 4,255 / short call 4,295 / long call 4,300","1","expired","49","451","10.86","49","10.86","0.49","0.35","0.65","0","","","451","49","4275.23","4283.85"
"Jun 5, 2023 1:30pm","Jun 5, 2023 2:32pm","SPX","Jun 5, 2023","ironcondor","long put 4,265 / short put 4,270 / short call 4,305 / long call 4,310","1","touch","-23","443","-5.19","57","12.87","0.57","0.45","0.7","0.8","0.7","0.9","443","57","4288.16","4278.49"
"May 31, 2023 1:30pm","May 31, 2023 2:37pm","SPX","May 31, 2023","ironcondor","long put 4,155 / short put 4,160 / short call 4,200 / long call 4,205","1","touch","-7","447","-1.57","53","11.86","0.53","0.35","0.7","0.6","0.45","0.75","447","53","4179.76","4190.24"
"May 30, 2023 1:30pm","May 30, 2023 2:45pm","SPX","May 30, 2023","ironcondor","long put 4,170 / short put 4,175 / short call 4,220 / long call 4,225","1","touch","-42","427","-9.84","73","17.1","0.73","0.55","0.9","1.15","1","1.3","427","73","4199.02","4213.49"
"May 23, 2023 1:30pm","May 23, 2023 3:02pm","SPX","May 23, 2023","ironcondor","long put 4,135 / short put 4,140 / short call 4,185 / long call 4,190","1","touch","-17","441","-3.85","59","13.38","0.59","0.45","0.75","0.76","0.55","0.95","441","59","4163.01","4149.35"
"May 22, 2023 1:30pm","May 22, 2023 2:51pm","SPX","May 22, 2023","ironcondor","long put 4,170 / short put 4,175 / short call 4,215 / long call 4,220","1","touch","5","444","1.13","56","12.61","0.56","0.45","0.65","0.51","0.4","0.6","444","56","4196.36","4205.42"
"May 19, 2023 1:30pm","May 19, 2023 4:00pm","SPX","May 19, 2023","ironcondor","long put 4,165 / short put 4,170 / short call 4,215 / long call 4,220","1","expired","58","442","13.12","58","13.12","0.58","0.5","0.7","0","","","442","58","4193.64","4191.98"
"May 18, 2023 1:30pm","May 18, 2023 3:17pm","SPX","May 18, 2023","ironcondor","long put 4,140 / short put 4,145 / short call 4,190 / long call 4,195","1","touch","-16","452","-3.54","48","10.62","0.48","0.35","0.6","0.64","0.55","0.75","452","48","4167.81","4182.01"
"May 16, 2023 1:30pm","May 16, 2023 4:00pm","SPX","May 16, 2023","ironcondor","long put 4,100 / short put 4,105 / short call 4,140 / long call 4,145","1","expired","63","437","14.42","63","14.42","0.63","0.5","0.75","0","","","437","63","4123.04","4109.9"
"May 15, 2023 1:30pm","May 15, 2023 4:00pm","SPX","May 15, 2023","ironcondor","long put 4,105 / short put 4,110 / short call 4,150 / long call 4,155","1","expired","30","470","6.38","30","6.38","0.3","0.2","0.4","0","","","470","30","4130.53","4136.28"
"May 12, 2023 1:30pm","May 12, 2023 4:00pm","SPX","May 12, 2023","ironcondor","long put 4,080 / short put 4,085 / short call 4,135 / long call 4,140","1","expired","54","446","12.11","54","12.11","0.54","0.4","0.7","0","","","446","54","4111.04","4124.08"
"May 11, 2023 1:30pm","May 11, 2023 2:43pm","SPX","May 11, 2023","ironcondor","long put 4,095 / short put 4,100 / short call 4,140 / long call 4,145","1","touch","1","435","0.23","65","14.94","0.65","0.5","0.8","0.64","0.55","0.75","435","65","4123.06","4130.8"
"May 10, 2023 1:30pm","May 10, 2023 2:06pm","SPX","May 10, 2023","ironcondor","long put 4,070 / short put 4,075 / short call 4,125 / long call 4,130","1","touch","-47","423","-11.11","77","18.2","0.77","0.65","0.9","1.24","1.1","1.35","423","77","4102.06","4116.77"
"May 9, 2023 1:30pm","May 9, 2023 2:01pm","SPX","May 9, 2023","ironcondor","long put 4,105 / short put 4,110 / short call 4,140 / long call 4,145","1","touch","-23","451","-5.1","49","10.86","0.49","0.4","0.6","0.72","0.6","0.85","451","49","4123.58","4130.15"
"May 8, 2023 1:30pm","May 8, 2023 2:42pm","SPX","May 8, 2023","ironcondor","long put 4,110 / short put 4,115 / short call 4,150 / long call 4,155","1","touch","-3","451","-0.67","49","10.86","0.49","0.4","0.6","0.52","0.4","0.65","451","49","4134.62","4140.38"
"May 4, 2023 1:30pm","May 4, 2023 4:00pm","SPX","May 4, 2023","ironcondor","long put 4,040 / short put 4,045 / short call 4,100 / long call 4,105","1","expired","65","435","14.94","65","14.94","0.65","0.5","0.8","0","","","435","65","4075.13","4061.22"
"May 3, 2023 1:30pm","May 3, 2023 4:00pm","SPX","May 3, 2023","ironcondor","long put 4,070 / short put 4,075 / short call 4,195 / long call 4,200","1","expired","86","414","20.77","86","20.77","0.86","0.75","0.95","0","","","414","86","4135.07","4090.75"
"May 1, 2023 1:30pm","May 1, 2023 2:35pm","SPX","May 1, 2023","ironcondor","long put 4,155 / short put 4,160 / short call 4,195 / long call 4,200","1","touch","-45","451","-9.98","49","10.86","0.49","0.4","0.6","0.94","0.75","1.15","451","49","4179.63","4168.02"
"Apr 28, 2023 1:30pm","Apr 28, 2023 2:42pm","SPX","Apr 28, 2023","ironcondor","long put 4,140 / short put 4,145 / short call 4,185 / long call 4,190","1","touch","-23","440","-5.23","60","13.64","0.6","0.45","0.75","0.83","0.65","1","440","60","4165.64","4153.73"
"Apr 26, 2023 1:30pm","Apr 26, 2023 2:14pm","SPX","Apr 26, 2023","ironcondor","long put 4,045 / short put 4,050 / short call 4,090 / long call 4,095","1","touch","-54","449","-12.03","51","11.36","0.51","0.4","0.6","1.05","0.9","1.2","449","51","4073.77","4059.77"
"Apr 24, 2023 1:30pm","Apr 24, 2023 2:03pm","SPX","Apr 24, 2023","ironcondor","long put 4,105 / short put 4,110 / short call 4,145 / long call 4,150","1","touch","-8","462","-1.73","38","8.23","0.38","0.25","0.5","0.46","0.35","0.55","462","38","4129.11","4135.15"
"Apr 21, 2023 1:30pm","Apr 21, 2023 2:01pm","SPX","Apr 21, 2023","ironcondor","long put 4,100 / short put 4,105 / short call 4,145 / long call 4,150","1","touch","-26","450","-5.78","50","11.11","0.5","0.4","0.6","0.76","0.65","0.85","450","50","4126.79","4135.77"
"Apr 20, 2023 1:30pm","Apr 20, 2023 2:16pm","SPX","Apr 20, 2023","ironcondor","long put 4,125 / short put 4,130 / short call 4,165 / long call 4,170","1","touch","-12","453","-2.65","47","10.38","0.47","0.3","0.65","0.59","0.5","0.7","453","47","4147.06","4139.98"
"Apr 19, 2023 1:30pm","Apr 19, 2023 2:01pm","SPX","Apr 19, 2023","ironcondor","long put 4,130 / short put 4,135 / short call 4,170 / long call 4,175","1","touch","-92","452","-20.35","48","10.62","0.48","0.4","0.6","1.4","1.15","1.65","452","48","4154.78","4161.74"
"Apr 18, 2023 1:30pm","Apr 18, 2023 1:48pm","SPX","Apr 18, 2023","ironcondor","long put 4,125 / short put 4,130 / short call 4,165 / long call 4,170","1","touch","-20","432","-4.63","68","15.74","0.68","0.55","0.8","0.88","0.75","1","432","68","4148.89","4155.46"
"Apr 17, 2023 1:30pm","Apr 17, 2023 2:04pm","SPX","Apr 17, 2023","ironcondor","long put 4,110 / short put 4,115 / short call 4,150 / long call 4,155","1","touch","-29","453","-6.4","47","10.38","0.47","0.35","0.6","0.76","0.65","0.9","453","47","4131.77","4123.89"
"Apr 14, 2023 1:30pm","Apr 14, 2023 2:24pm","SPX","Apr 14, 2023","ironcondor","long put 4,090 / short put 4,095 / short call 4,140 / long call 4,145","1","touch","-51","451","-11.31","49","10.86","0.49","0.4","0.6","1","0.85","1.15","451","49","4118.51","4130.34"
"Apr 12, 2023 1:30pm","Apr 12, 2023 2:32pm","SPX","Apr 12, 2023","ironcondor","long put 4,090 / short put 4,095 / short call 4,150 / long call 4,155","1","touch","-71","457","-15.54","43","9.41","0.43","0.3","0.55","1.14","0.9","1.4","457","43","4124.41","4103.49"
"Apr 11, 2023 1:30pm","Apr 11, 2023 4:00pm","SPX","Apr 11, 2023","ironcondor","long put 4,095 / short put 4,100 / short call 4,135 / long call 4,140","1","expired","44","456","9.65","44","9.65","0.44","0.35","0.55","0","","","456","44","4117.5","4108.94"
"Apr 10, 2023 1:30pm","Apr 10, 2023 4:00pm","SPX","Apr 10, 2023","ironcondor","long put 4,075 / short put 4,080 / short call 4,115 / long call 4,120","1","expired","72","428","16.82","72","16.82","0.72","0.6","0.85","0","","","428","72","4099.39","4109.11"
"Apr 6, 2023 1:30pm","Apr 6, 2023 4:00pm","SPX","Apr 6, 2023","ironcondor","long put 4,075 / short put 4,080 / short call 4,120 / long call 4,125","1","expired","57","443","12.87","57","12.87","0.57","0.45","0.7","0","","","443","57","4102.53","4105.02"
"Apr 5, 2023 1:30pm","Apr 5, 2023 2:38pm","SPX","Apr 5, 2023","ironcondor","long put 4,055 / short put 4,060 / short call 4,100 / long call 4,105","1","touch","-11","448","-2.46","52","11.61","0.52","0.4","0.65","0.63","0.55","0.75","448","52","4082.25","4090.5"
"Apr 4, 2023 1:30pm","Apr 4, 2023 4:00pm","SPX","Apr 4, 2023","ironcondor","long put 4,075 / short put 4,080 / short call 4,125 / long call 4,130","1","expired","46","454","10.13","46","10.13","0.46","0.35","0.6","0","","","454","46","4104.01","4100.6"
"Apr 3, 2023 1:30pm","Apr 3, 2023 2:39pm","SPX","Apr 3, 2023","ironcondor","long put 4,080 / short put 4,085 / short call 4,125 / long call 4,130","1","touch","-16","447","-3.58","53","11.86","0.53","0.4","0.65","0.69","0.55","0.85","447","53","4106.74","4115.07"
"Mar 30, 2023 1:30pm","Mar 30, 2023 2:29pm","SPX","Mar 30, 2023","ironcondor","long put 4,010 / short put 4,015 / short call 4,055 / long call 4,060","1","touch","2","438","0.46","62","14.16","0.62","0.5","0.75","0.6","0.5","0.7","438","62","4038.69","4045.34"
"Mar 28, 2023 1:30pm","Mar 28, 2023 4:00pm","SPX","Mar 28, 2023","ironcondor","long put 3,930 / short put 3,935 / short call 3,985 / long call 3,990","1","expired","66","434","15.21","66","15.21","0.66","0.5","0.8","0","","","434","66","3963.64","3971.27"
"Mar 27, 2023 1:30pm","Mar 27, 2023 4:00pm","SPX","Mar 27, 2023","ironcondor","long put 3,950 / short put 3,955 / short call 4,010 / long call 4,015","1","expired","65","435","14.94","65","14.94","0.65","0.5","0.8","0","","","435","65","3984.67","3977.53"
"Mar 24, 2023 1:30pm","Mar 24, 2023 4:00pm","SPX","Mar 24, 2023","ironcondor","long put 3,900 / short put 3,905 / short call 3,985 / long call 3,990","1","expired","80","420","19.05","80","19.05","0.8","0.65","0.95","0","","","420","80","3950.48","3970.99"
"Mar 22, 2023 1:30pm","Mar 22, 2023 4:00pm","SPX","Mar 22, 2023","ironcondor","long put 3,910 / short put 3,915 / short call 4,080 / long call 4,085","1","expired","103","397","25.94","103","25.94","1.03","0.8","1.25","0","","","397","103","3997.17","3936.97"
"Mar 13, 2023 1:30pm","Mar 13, 2023 4:00pm","SPX","Mar 13, 2023","ironcondor","long put 3,805 / short put 3,810 / short call 3,915 / long call 3,920","1","expired","65","435","14.94","65","14.94","0.65","0.5","0.8","0","","","435","65","3866.88","3855.76"
"Mar 9, 2023 1:30pm","Mar 9, 2023 2:04pm","SPX","Mar 9, 2023","ironcondor","long put 3,935 / short put 3,940 / short call 3,995 / long call 4,000","1","touch","-96","444","-21.62","56","12.61","0.56","0.4","0.7","1.52","1.3","1.75","444","56","3967.51","3948.79"
"Mar 8, 2023 1:30pm","Mar 8, 2023 4:00pm","SPX","Mar 8, 2023","ironcondor","long put 3,945 / short put 3,950 / short call 3,995 / long call 4,000","1","expired","78","422","18.48","78","18.48","0.78","0.65","0.9","0","","","422","78","3971.69","3992.01"
"Mar 6, 2023 1:30pm","Mar 6, 2023 4:00pm","SPX","Mar 6, 2023","ironcondor","long put 4,035 / short put 4,040 / short call 4,080 / long call 4,085","1","expired","72","428","16.82","72","16.82","0.72","0.6","0.85","0","","","428","72","4060.19","4048.42"
"Mar 2, 2023 1:30pm","Mar 2, 2023 1:37pm","SPX","Mar 2, 2023","ironcondor","long put 3,915 / short put 3,920 / short call 3,965 / long call 3,970","1","touch","-118","419","-28.16","81","19.33","0.81","0.65","0.95","1.99","1.65","2.35","419","81","3944.95","3961.08"
"Mar 1, 2023 1:30pm","Mar 1, 2023 4:00pm","SPX","Mar 1, 2023","ironcondor","long put 3,925 / short put 3,930 / short call 3,980 / long call 3,985","1","expired","70","430","16.28","70","16.28","0.7","0.55","0.85","0","","","430","70","3954.3","3951.39"
"Feb 28, 2023 1:30pm","Feb 28, 2023 4:00pm","SPX","Feb 28, 2023","ironcondor","long put 3,965 / short put 3,970 / short call 4,020 / long call 4,025","1","expired","58","442","13.12","58","13.12","0.58","0.45","0.7","0","","","442","58","3995.43","3970.15"
"Feb 27, 2023 1:30pm","Feb 27, 2023 4:00pm","SPX","Feb 27, 2023","ironcondor","long put 3,965 / short put 3,970 / short call 4,015 / long call 4,020","1","expired","71","429","16.55","71","16.55","0.71","0.6","0.8","0","","","429","71","3993.31","3982.24"
"Feb 23, 2023 1:30pm","Feb 23, 2023 2:17pm","SPX","Feb 23, 2023","ironcondor","long put 3,950 / short put 3,955 / short call 4,010 / long call 4,015","1","touch","-78","440","-17.73","60","13.64","0.6","0.5","0.7","1.38","1.2","1.55","440","60","3982.57","4001.5"
"Feb 22, 2023 1:30pm","Feb 22, 2023 4:00pm","SPX","Feb 22, 2023","ironcondor","long put 3,970 / short put 3,975 / short call 4,055 / long call 4,060","1","expired","76","424","17.92","76","17.92","0.76","0.65","0.85","0","","","424","76","4014.71","3991.05"
"Feb 16, 2023 1:30pm","Feb 16, 2023 4:00pm","SPX","Feb 16, 2023","ironcondor","long put 4,090 / short put 4,095 / short call 4,150 / long call 4,155","1","expired","-397","438","-90.64","62","14.16","0.62","0.5","0.75","4.59","","","438","62","4122.52","4090.41"
"Feb 15, 2023 1:30pm","Feb 15, 2023 4:00pm","SPX","Feb 15, 2023","ironcondor","long put 4,100 / short put 4,105 / short call 4,155 / long call 4,160","1","expired","55","445","12.36","55","12.36","0.55","0.35","0.75","0","","","445","55","4131.65","4147.6"
"Feb 14, 2023 1:30pm","Feb 14, 2023 4:00pm","SPX","Feb 14, 2023","ironcondor","long put 4,095 / short put 4,100 / short call 4,165 / long call 4,170","1","expired","68","432","15.74","68","15.74","0.68","0.55","0.8","0","","","432","68","4134.47","4136.13"
"Feb 10, 2023 1:30pm","Feb 10, 2023 4:00pm","SPX","Feb 10, 2023","ironcondor","long put 4,050 / short put 4,055 / short call 4,115 / long call 4,120","1","expired","77","423","18.2","77","18.2","0.77","0.6","0.95","0","","","423","77","4085.89","4090.46"
"Feb 9, 2023 1:30pm","Feb 9, 2023 3:04pm","SPX","Feb 9, 2023","ironcondor","long put 4,075 / short put 4,080 / short call 4,135 / long call 4,140","1","touch","-18","420","-4.29","80","19.05","0.8","0.65","0.95","0.98","0.85","1.1","420","80","4109.43","4089.65"
"Feb 7, 2023 1:30pm","Feb 7, 2023 2:24pm","SPX","Feb 7, 2023","ironcondor","long put 4,070 / short put 4,075 / short call 4,145 / long call 4,150","1","touch","-69","421","-16.39","79","18.76","0.79","0.55","1.05","1.48","1.2","1.75","421","79","4110.29","4135.18"
"Feb 6, 2023 1:30pm","Feb 6, 2023 4:00pm","SPX","Feb 6, 2023","ironcondor","long put 4,080 / short put 4,085 / short call 4,135 / long call 4,140","1","expired","80","420","19.05","80","19.05","0.8","0.65","0.95","0","","","420","80","4109.31","4111.08"
"Feb 1, 2023 1:30pm","Feb 1, 2023 4:00pm","SPX","Feb 1, 2023","ironcondor","long put 3,970 / short put 3,975 / short call 4,140 / long call 4,145","1","expired","98","402","24.38","98","24.38","0.98","0.8","1.15","0","","","402","98","4057.87","4119.21"
"Jan 27, 2023 1:30pm","Jan 27, 2023 3:34pm","SPX","Jan 27, 2023","ironcondor","long put 4,045 / short put 4,050 / short call 4,100 / long call 4,105","1","touch","8","431","1.86","69","16.01","0.69","0.55","0.8","0.61","0.5","0.7","431","69","4073.34","4090.45"
"Jan 26, 2023 1:30pm","Jan 26, 2023 3:21pm","SPX","Jan 26, 2023","ironcondor","long put 4,005 / short put 4,010 / short call 4,060 / long call 4,065","1","touch","13","428","3.04","72","16.82","0.72","0.55","0.9","0.59","0.45","0.75","428","72","4035.73","4050.43"
"Jan 25, 2023 1:30pm","Jan 25, 2023 3:02pm","SPX","Jan 25, 2023","ironcondor","long put 3,970 / short put 3,975 / short call 4,025 / long call 4,030","1","touch","-19","427","-4.45","73","17.1","0.73","0.6","0.85","0.92","0.75","1.1","427","73","4000.54","4015.1"
"Jan 24, 2023 1:30pm","Jan 24, 2023 4:00pm","SPX","Jan 24, 2023","ironcondor","long put 3,990 / short put 3,995 / short call 4,040 / long call 4,045","1","expired","69","431","16.01","69","16.01","0.69","0.55","0.85","0","","","431","69","4017.52","4016.95"
"Jan 19, 2023 1:30pm","Jan 19, 2023 1:41pm","SPX","Jan 19, 2023","ironcondor","long put 3,875 / short put 3,880 / short call 3,925 / long call 3,930","1","touch","-67","425","-15.76","75","17.65","0.75","0.55","0.95","1.42","1.2","1.65","425","75","3903.58","3916.19"
"Jan 17, 2023 1:30pm","Jan 17, 2023 4:00pm","SPX","Jan 17, 2023","ironcondor","long put 3,970 / short put 3,975 / short call 4,015 / long call 4,020","1","expired","70","430","16.28","70","16.28","0.7","0.55","0.85","0","","","430","70","3995.07","3990.97"
"Jan 13, 2023 1:30pm","Jan 13, 2023 2:02pm","SPX","Jan 13, 2023","ironcondor","long put 3,950 / short put 3,955 / short call 4,000 / long call 4,005","1","touch","-55","440","-12.5","60","13.64","0.6","0.45","0.75","1.15","1","1.3","440","60","3977.52","3990.51"
"Jan 12, 2023 1:30pm","Jan 12, 2023 1:55pm","SPX","Jan 12, 2023","ironcondor","long put 3,940 / short put 3,945 / short call 4,005 / long call 4,010","1","touch","-74","441","-16.78","59","13.38","0.59","0.45","0.75","1.33","1.05","1.6","441","59","3975.55","3995.73"
"Jan 10, 2023 1:30pm","Jan 10, 2023 4:00pm","SPX","Jan 10, 2023","ironcondor","long put 3,870 / short put 3,875 / short call 3,925 / long call 3,930","1","expired","60","440","13.64","60","13.64","0.6","0.45","0.75","0","","","440","60","3903.11","3919.25"
"Dec 28, 2022 1:30pm","Dec 28, 2022 3:03pm","SPX","Dec 28, 2022","ironcondor","long put 3,780 / short put 3,785 / short call 3,830 / long call 3,835","1","touch","-5","432","-1.16","68","15.74","0.68","0.55","0.8","0.73","0.6","0.85","432","68","3808.59","3794.76"
"Dec 27, 2022 1:30pm","Dec 27, 2022 4:00pm","SPX","Dec 27, 2022","ironcondor","long put 3,805 / short put 3,810 / short call 3,855 / long call 3,860","1","expired","70","430","16.28","70","16.28","0.7","0.55","0.85","0","","","430","70","3835.48","3829.25"
"Dec 23, 2022 1:30pm","Dec 23, 2022 4:00pm","SPX","Dec 23, 2022","ironcondor","long put 3,805 / short put 3,810 / short call 3,860 / long call 3,865","1","expired","71","429","16.55","71","16.55","0.71","0.55","0.85","0","","","429","71","3836.65","3844.82"
"Dec 20, 2022 1:30pm","Dec 20, 2022 4:00pm","SPX","Dec 20, 2022","ironcondor","long put 3,795 / short put 3,800 / short call 3,855 / long call 3,860","1","expired","61","439","13.9","61","13.9","0.61","0.45","0.75","0","","","439","61","3831.09","3821.62"
"Dec 19, 2022 1:30pm","Dec 19, 2022 2:04pm","SPX","Dec 19, 2022","ironcondor","long put 3,795 / short put 3,800 / short call 3,855 / long call 3,860","1","touch","-84","448","-18.75","52","11.61","0.52","0.35","0.7","1.36","1.05","1.65","448","52","3827.42","3809.07"
"Dec 14, 2022 1:30pm","Dec 14, 2022 4:00pm","SPX","Dec 14, 2022","ironcondor","long put 3,930 / short put 3,935 / short call 4,145 / long call 4,150","1","expired","100","400","25","100","25","1","0.7","1.3","0","","","400","100","4041.34","3995.32"
"Dec 13, 2022 1:30pm","Dec 13, 2022 4:00pm","SPX","Dec 13, 2022","ironcondor","long put 3,975 / short put 3,980 / short call 4,060 / long call 4,065","1","expired","82","418","19.62","82","19.62","0.82","0.65","1","0","","","418","82","4019.45","4019.65"
"Dec 12, 2022 1:30pm","Dec 12, 2022 2:55pm","SPX","Dec 12, 2022","ironcondor","long put 3,925 / short put 3,930 / short call 3,975 / long call 3,980","1","touch","-17","440","-3.86","60","13.64","0.6","0.45","0.75","0.77","0.65","0.9","440","60","3955.55","3966.01"
"Dec 9, 2022 1:30pm","Dec 9, 2022 4:00pm","SPX","Dec 9, 2022","ironcondor","long put 3,930 / short put 3,935 / short call 3,985 / long call 3,990","1","expired","0","438","0","62","14.16","0.62","0.45","0.8","0.62","","","438","62","3959.27","3934.38"
"Dec 7, 2022 1:30pm","Dec 7, 2022 4:00pm","SPX","Dec 7, 2022","ironcondor","long put 3,910 / short put 3,915 / short call 3,970 / long call 3,975","1","expired","65","435","14.94","65","14.94","0.65","0.5","0.8","0","","","435","65","3943.64","3933.92"
"Dec 2, 2022 1:30pm","Dec 2, 2022 2:56pm","SPX","Dec 2, 2022","ironcondor","long put 4,025 / short put 4,030 / short call 4,075 / long call 4,080","1","touch","-46","431","-10.67","69","16.01","0.69","0.55","0.85","1.15","1","1.3","431","69","4052.07","4065.13"
"Dec 1, 2022 1:30pm","Dec 1, 2022 4:00pm","SPX","Dec 1, 2022","ironcondor","long put 4,035 / short put 4,040 / short call 4,095 / long call 4,100","1","expired","78","422","18.48","78","18.48","0.78","0.6","0.95","0","","","422","78","4069.62","4076.57"
"Nov 30, 2022 1:30pm","Nov 30, 2022 2:07pm","SPX","Nov 30, 2022","ironcondor","long put 3,875 / short put 3,880 / short call 4,020 / long call 4,025","1","touch","-130","393","-33.08","107","27.23","1.07","0.85","1.3","2.37","2.05","2.7","393","107","3950.82","4017.34"
"Nov 29, 2022 1:30pm","Nov 29, 2022 2:01pm","SPX","Nov 29, 2022","ironcondor","long put 3,915 / short put 3,920 / short call 3,965 / long call 3,970","1","touch","-67","429","-15.62","71","16.55","0.71","0.55","0.85","1.38","1.2","1.55","429","71","3944.31","3957.57"
"Nov 23, 2022 1:30pm","Nov 23, 2022 4:00pm","SPX","Nov 23, 2022","ironcondor","long put 3,970 / short put 3,975 / short call 4,045 / long call 4,050","1","expired","80","420","19.05","80","19.05","0.8","0.7","0.9","0","","","420","80","4011.19","4027.26"
"Nov 21, 2022 1:30pm","Nov 21, 2022 4:00pm","SPX","Nov 21, 2022","ironcondor","long put 3,925 / short put 3,930 / short call 3,980 / long call 3,985","1","expired","62","438","14.16","62","14.16","0.62","0.45","0.8","0","","","438","62","3954.41","3949.94"
"Nov 18, 2022 1:30pm","Nov 18, 2022 4:00pm","SPX","Nov 18, 2022","ironcondor","long put 3,920 / short put 3,925 / short call 3,980 / long call 3,985","1","expired","73","427","17.1","73","17.1","0.73","0.6","0.85","0","","","427","73","3952.23","3965.34"
"Nov 17, 2022 1:30pm","Nov 17, 2022 4:00pm","SPX","Nov 17, 2022","ironcondor","long put 3,910 / short put 3,915 / short call 3,975 / long call 3,980","1","expired","78","422","18.48","78","18.48","0.78","0.6","0.95","0","","","422","78","3949.32","3946.56"
"Nov 16, 2022 1:30pm","Nov 16, 2022 4:00pm","SPX","Nov 16, 2022","ironcondor","long put 3,930 / short put 3,935 / short call 4,000 / long call 4,005","1","expired","66","434","15.21","66","15.21","0.66","0.5","0.8","0","","","434","66","3969.62","3958.79"
"Nov 15, 2022 1:30pm","Nov 15, 2022 4:00pm","SPX","Nov 15, 2022","ironcondor","long put 3,910 / short put 3,915 / short call 4,015 / long call 4,020","1","expired","72","428","16.82","72","16.82","0.72","0.45","1","0","","","428","72","3970.88","3991.73"
"Nov 14, 2022 1:30pm","Nov 14, 2022 3:13pm","SPX","Nov 14, 2022","ironcondor","long put 3,975 / short put 3,980 / short call 4,030 / long call 4,035","1","touch","-15","418","-3.59","82","19.62","0.82","0.65","1","0.97","0.8","1.15","418","82","4007.36","3988.39"
"Nov 11, 2022 1:30pm","Nov 11, 2022 4:00pm","SPX","Nov 11, 2022","ironcondor","long put 3,950 / short put 3,955 / short call 4,015 / long call 4,020","1","expired","73","427","17.1","73","17.1","0.73","0.55","0.9","0","","","427","73","3985.45","3992.93"
"Nov 8, 2022 1:30pm","Nov 8, 2022 2:27pm","SPX","Nov 8, 2022","ironcondor","long put 3,780 / short put 3,785 / short call 3,860 / long call 3,865","1","touch","-118","435","-27.13","65","14.94","0.65","0.45","0.85","1.83","1.45","2.2","435","65","3826.78","3792.08"
"Nov 7, 2022 1:30pm","Nov 7, 2022 2:16pm","SPX","Nov 7, 2022","ironcondor","long put 3,755 / short put 3,760 / short call 3,810 / long call 3,815","1","touch","-71","440","-16.14","60","13.64","0.6","0.45","0.75","1.31","1.1","1.5","440","60","3784.24","3800.13"
"Nov 4, 2022 1:30pm","Nov 4, 2022 3:08pm","SPX","Nov 4, 2022","ironcondor","long put 3,670 / short put 3,675 / short call 3,760 / long call 3,765","1","touch","-72","430","-16.74","70","16.28","0.7","0.5","0.9","1.42","1.2","1.65","430","70","3719.48","3752.2"
"Nov 3, 2022 1:30pm","Nov 3, 2022 4:00pm","SPX","Nov 3, 2022","ironcondor","long put 3,705 / short put 3,710 / short call 3,765 / long call 3,770","1","expired","75","425","17.65","75","17.65","0.75","0.6","0.9","0","","","425","75","3738.13","3719.89"
"Nov 2, 2022 1:30pm","Nov 2, 2022 4:00pm","SPX","Nov 2, 2022","ironcondor","long put 3,735 / short put 3,740 / short call 3,935 / long call 3,940","1","expired","97","403","24.07","97","24.07","0.97","0.75","1.2","0","","","403","97","3831.3","3759.69"
"Nov 1, 2022 1:30pm","Nov 1, 2022 4:00pm","SPX","Nov 1, 2022","ironcondor","long put 3,830 / short put 3,835 / short call 3,885 / long call 3,890","1","expired","67","433","15.47","67","15.47","0.67","0.55","0.8","0","","","433","67","3858.78","3856.1"
"Oct 31, 2022 1:30pm","Oct 31, 2022 4:00pm","SPX","Oct 31, 2022","ironcondor","long put 3,850 / short put 3,855 / short call 3,915 / long call 3,920","1","expired","77","423","18.2","77","18.2","0.77","0.65","0.9","0","","","423","77","3883.39","3871.98"
"Oct 27, 2022 1:30pm","Oct 27, 2022 4:00pm","SPX","Oct 27, 2022","ironcondor","long put 3,790 / short put 3,795 / short call 3,855 / long call 3,860","1","expired","73","427","17.1","73","17.1","0.73","0.55","0.9","0","","","427","73","3826.76","3807.3"
"Oct 26, 2022 1:30pm","Oct 26, 2022 4:00pm","SPX","Oct 26, 2022","ironcondor","long put 3,805 / short put 3,810 / short call 3,875 / long call 3,880","1","expired","68","432","15.74","68","15.74","0.68","0.5","0.85","0","","","432","68","3842.23","3830.6"
"Oct 24, 2022 1:30pm","Oct 24, 2022 3:02pm","SPX","Oct 24, 2022","ironcondor","long put 3,740 / short put 3,745 / short call 3,815 / long call 3,820","1","touch","-46","434","-10.6","66","15.21","0.66","0.5","0.8","1.12","0.95","1.3","434","66","3780.75","3805.41"
"Oct 20, 2022 1:30pm","Oct 20, 2022 4:00pm","SPX","Oct 20, 2022","ironcondor","long put 3,640 / short put 3,645 / short call 3,715 / long call 3,720","1","expired","73","427","17.1","73","17.1","0.73","0.55","0.9","0","","","427","73","3681.58","3665.78"
"Oct 12, 2022 1:30pm","Oct 12, 2022 4:00pm","SPX","Oct 12, 2022","ironcondor","long put 3,540 / short put 3,545 / short call 3,640 / long call 3,645","1","expired","75","425","17.65","75","17.65","0.75","0.6","0.9","0","","","425","75","3593.91","3577.03"
"Oct 11, 2022 1:30pm","Oct 11, 2022 2:53pm","SPX","Oct 11, 2022","ironcondor","long put 3,585 / short put 3,590 / short call 3,655 / long call 3,660","1","touch","-98","423","-23.17","77","18.2","0.77","0.6","0.95","1.75","1.4","2.1","423","77","3624.89","3595.93"
"Oct 6, 2022 1:30pm","Oct 6, 2022 4:00pm","SPX","Oct 6, 2022","ironcondor","long put 3,725 / short put 3,730 / short call 3,805 / long call 3,810","1","expired","86","414","20.77","86","20.77","0.86","0.75","1","0","","","414","86","3769.53","3744.52"
"Oct 5, 2022 1:30pm","Oct 5, 2022 3:14pm","SPX","Oct 5, 2022","ironcondor","long put 3,740 / short put 3,745 / short call 3,810 / long call 3,815","1","touch","-26","433","-6","67","15.47","0.67","0.5","0.85","0.93","0.75","1.1","433","67","3779.76","3800.46"
"Sep 30, 2022 1:30pm","Sep 30, 2022 4:00pm","SPX","Sep 30, 2022","ironcondor","long put 3,585 / short put 3,590 / short call 3,685 / long call 3,690","1","expired","-363","425","-85.41","75","17.65","0.75","0.6","0.9","4.38","","","425","75","3640.02","3585.62"
"Sep 27, 2022 1:30pm","Sep 27, 2022 4:00pm","SPX","Sep 27, 2022","ironcondor","long put 3,580 / short put 3,585 / short call 3,675 / long call 3,680","1","expired","82","418","19.62","82","19.62","0.82","0.65","1","0","","","418","82","3633.19","3647.29"
"Sep 22, 2022 1:30pm","Sep 22, 2022 4:00pm","SPX","Sep 22, 2022","ironcondor","long put 3,720 / short put 3,725 / short call 3,800 / long call 3,805","1","expired","90","410","21.95","90","21.95","0.9","0.75","1.05","0","","","410","90","3764.07","3757.99"
"Sep 21, 2022 1:30pm","Sep 21, 2022 4:00pm","SPX","Sep 21, 2022","ironcondor","long put 3,765 / short put 3,770 / short call 3,970 / long call 3,975","1","expired","105","395","26.58","105","26.58","1.05","0.8","1.3","0","","","395","105","3874.99","3789.93"
"Sep 19, 2022 1:30pm","Sep 19, 2022 4:00pm","SPX","Sep 19, 2022","ironcondor","long put 3,835 / short put 3,840 / short call 3,905 / long call 3,910","1","expired","91","409","22.25","91","22.25","0.91","0.75","1.05","0","","","409","91","3875.94","3899.89"
"Sep 15, 2022 1:30pm","Sep 15, 2022 4:00pm","SPX","Sep 15, 2022","ironcondor","long put 3,895 / short put 3,900 / short call 3,975 / long call 3,980","1","expired","80","420","19.05","80","19.05","0.8","0.65","0.95","0","","","420","80","3940.86","3901.35"
"Sep 14, 2022 1:30pm","Sep 14, 2022 4:00pm","SPX","Sep 14, 2022","ironcondor","long put 3,905 / short put 3,910 / short call 3,985 / long call 3,990","1","expired","68","432","15.74","68","15.74","0.68","0.5","0.85","0","","","432","68","3950.49","3946.01"
"Sep 8, 2022 1:30pm","Sep 8, 2022 4:00pm","SPX","Sep 8, 2022","ironcondor","long put 3,950 / short put 3,955 / short call 4,025 / long call 4,030","1","expired","78","422","18.48","78","18.48","0.78","0.6","0.95","0","","","422","78","3993.8","4006.18"
"Sep 6, 2022 1:30pm","Sep 6, 2022 4:00pm","SPX","Sep 6, 2022","ironcondor","long put 3,850 / short put 3,855 / short call 3,940 / long call 3,945","1","expired","75","425","17.65","75","17.65","0.75","0.6","0.9","0","","","425","75","3897.8","3908.19"
"Sep 2, 2022 1:30pm","Sep 2, 2022 4:00pm","SPX","Sep 2, 2022","ironcondor","long put 3,885 / short put 3,890 / short call 3,980 / long call 3,985","1","expired","93","407","22.85","93","22.85","0.93","0.7","1.15","0","","","407","93","3937.49","3924.26"
"Sep 1, 2022 1:30pm","Sep 1, 2022 4:00pm","SPX","Sep 1, 2022","ironcondor","long put 3,890 / short put 3,895 / short call 3,965 / long call 3,970","1","expired","-110","425","-25.88","75","17.65","0.75","0.6","0.9","1.85","","","425","75","3932.5","3966.85"
"Aug 31, 2022 1:30pm","Aug 31, 2022 4:00pm","SPX","Aug 31, 2022","ironcondor","long put 3,935 / short put 3,940 / short call 4,005 / long call 4,010","1","expired","77","423","18.2","77","18.2","0.77","0.6","0.95","0","","","423","77","3974.61","3955"
"Aug 29, 2022 1:30pm","Aug 29, 2022 4:00pm","SPX","Aug 29, 2022","ironcondor","long put 4,010 / short put 4,015 / short call 4,075 / long call 4,080","1","expired","85","415","20.48","85","20.48","0.85","0.65","1.05","0","","","415","85","4049.56","4030.61"
"Aug 25, 2022 1:30pm","Aug 25, 2022 3:28pm","SPX","Aug 25, 2022","ironcondor","long put 4,140 / short put 4,145 / short call 4,190 / long call 4,195","1","touch","39","430","9.07","70","16.28","0.7","0.6","0.8","0.31","0.2","0.4","430","70","4166.91","4180"
"Aug 24, 2022 1:30pm","Aug 24, 2022 3:16pm","SPX","Aug 24, 2022","ironcondor","long put 4,105 / short put 4,110 / short call 4,155 / long call 4,160","1","touch","16","445","3.6","55","12.36","0.55","0.4","0.7","0.39","0.3","0.5","445","55","4131.82","4145.76"
"Aug 23, 2022 1:30pm","Aug 23, 2022 4:00pm","SPX","Aug 23, 2022","ironcondor","long put 4,105 / short put 4,110 / short call 4,165 / long call 4,170","1","expired","65","435","14.94","65","14.94","0.65","0.5","0.8","0","","","435","65","4139.27","4128.73"
"Aug 18, 2022 1:30pm","Aug 18, 2022 3:20pm","SPX","Aug 18, 2022","ironcondor","long put 4,250 / short put 4,255 / short call 4,300 / long call 4,305","1","touch","25","425","5.88","75","17.65","0.75","0.6","0.9","0.5","0.4","0.6","425","75","4276.99","4290.3"
"Aug 17, 2022 1:30pm","Aug 17, 2022 4:00pm","SPX","Aug 17, 2022","ironcondor","long put 4,235 / short put 4,240 / short call 4,310 / long call 4,315","1","expired","71","429","16.55","71","16.55","0.71","0.6","0.85","0","","","429","71","4276.4","4274.04"
"Aug 16, 2022 1:30pm","Aug 16, 2022 2:06pm","SPX","Aug 16, 2022","ironcondor","long put 4,285 / short put 4,290 / short call 4,330 / long call 4,335","1","touch","-34","450","-7.56","50","11.11","0.5","0.35","0.65","0.84","0.7","0.95","450","50","4311.24","4320.16"
"Aug 15, 2022 1:30pm","Aug 15, 2022 4:00pm","SPX","Aug 15, 2022","ironcondor","long put 4,265 / short put 4,270 / short call 4,315 / long call 4,320","1","expired","55","445","12.36","55","12.36","0.55","0.4","0.7","0","","","445","55","4294.4","4297.14"
"Aug 11, 2022 1:30pm","Aug 11, 2022 2:13pm","SPX","Aug 11, 2022","ironcondor","long put 4,205 / short put 4,210 / short call 4,255 / long call 4,260","1","touch","-65","433","-15.01","67","15.47","0.67","0.5","0.85","1.32","1.15","1.5","433","67","4233.3","4219.46"
"Aug 9, 2022 1:30pm","Aug 9, 2022 4:00pm","SPX","Aug 9, 2022","ironcondor","long put 4,095 / short put 4,100 / short call 4,145 / long call 4,150","1","expired","67","433","15.47","67","15.47","0.67","0.5","0.85","0","","","433","67","4121.44","4122.47"
"Aug 8, 2022 1:30pm","Aug 8, 2022 4:00pm","SPX","Aug 8, 2022","ironcondor","long put 4,110 / short put 4,115 / short call 4,165 / long call 4,170","1","expired","85","415","20.48","85","20.48","0.85","0.65","1.05","0","","","415","85","4142.26","4140.06"
"Aug 5, 2022 1:30pm","Aug 5, 2022 4:00pm","SPX","Aug 5, 2022","ironcondor","long put 4,105 / short put 4,110 / short call 4,160 / long call 4,165","1","expired","61","439","13.9","61","13.9","0.61","0.5","0.75","0","","","439","61","4137.74","4145.19"
"Aug 4, 2022 1:30pm","Aug 4, 2022 4:00pm","SPX","Aug 4, 2022","ironcondor","long put 4,120 / short put 4,125 / short call 4,180 / long call 4,185","1","expired","62","438","14.16","62","14.16","0.62","0.5","0.75","0","","","438","62","4153.91","4151.94"
"Aug 2, 2022 1:30pm","Aug 2, 2022 4:00pm","SPX","Aug 2, 2022","ironcondor","long put 4,080 / short put 4,085 / short call 4,145 / long call 4,150","1","expired","59","441","13.38","59","13.38","0.59","0.45","0.75","0","","","441","59","4118.4","4091.19"
"Aug 1, 2022 1:30pm","Aug 1, 2022 4:00pm","SPX","Aug 1, 2022","ironcondor","long put 4,075 / short put 4,080 / short call 4,140 / long call 4,145","1","expired","80","420","19.05","80","19.05","0.8","0.65","0.95","0","","","420","80","4113.08","4118.63"
"Jul 25, 2022 1:30pm","Jul 25, 2022 4:00pm","SPX","Jul 25, 2022","ironcondor","long put 3,930 / short put 3,935 / short call 3,990 / long call 3,995","1","expired","81","419","19.33","81","19.33","0.81","0.7","0.95","0","","","419","81","3965.72","3966.84"
"Jul 21, 2022 1:30pm","Jul 21, 2022 4:00pm","SPX","Jul 21, 2022","ironcondor","long put 3,940 / short put 3,945 / short call 4,005 / long call 4,010","1","expired","73","427","17.1","73","17.1","0.73","0.6","0.85","0","","","427","73","3977.4","3998.95"
"Jul 20, 2022 1:30pm","Jul 20, 2022 4:00pm","SPX","Jul 20, 2022","ironcondor","long put 3,910 / short put 3,915 / short call 3,980 / long call 3,985","1","expired","76","424","17.92","76","17.92","0.76","0.6","0.9","0","","","424","76","3949.86","3959.9"
"Jul 18, 2022 1:30pm","Jul 18, 2022 1:56pm","SPX","Jul 18, 2022","ironcondor","long put 3,850 / short put 3,855 / short call 3,910 / long call 3,915","1","touch","-112","437","-25.63","63","14.42","0.63","0.5","0.75","1.75","1.5","2","437","63","3882.74","3862.3"
"Jul 13, 2022 1:30pm","Jul 13, 2022 4:00pm","SPX","Jul 13, 2022","ironcondor","long put 3,770 / short put 3,775 / short call 3,855 / long call 3,860","1","expired","75","425","17.65","75","17.65","0.75","0.55","0.95","0","","","425","75","3819","3801.78"
"Jul 12, 2022 1:30pm","Jul 12, 2022 3:06pm","SPX","Jul 12, 2022","ironcondor","long put 3,820 / short put 3,825 / short call 3,880 / long call 3,885","1","touch","-149","429","-34.73","71","16.55","0.71","0.55","0.85","2.2","1.9","2.5","429","71","3852.48","3824.9"
"Jul 11, 2022 1:30pm","Jul 11, 2022 4:00pm","SPX","Jul 11, 2022","ironcondor","long put 3,840 / short put 3,845 / short call 3,900 / long call 3,905","1","expired","70","430","16.28","70","16.28","0.7","0.5","0.9","0","","","430","70","3873.65","3854.43"
"Jul 8, 2022 1:30pm","Jul 8, 2022 4:00pm","SPX","Jul 8, 2022","ironcondor","long put 3,860 / short put 3,865 / short call 3,925 / long call 3,930","1","expired","70","430","16.28","70","16.28","0.7","0.55","0.85","0","","","430","70","3895.25","3899.38"
"Jul 6, 2022 1:30pm","Jul 6, 2022 4:00pm","SPX","Jul 6, 2022","ironcondor","long put 3,775 / short put 3,780 / short call 3,870 / long call 3,875","1","expired","86","414","20.77","86","20.77","0.86","0.7","1","0","","","414","86","3826.21","3845.08"
"Jul 1, 2022 1:30pm","Jul 1, 2022 2:24pm","SPX","Jul 1, 2022","ironcondor","long put 3,740 / short put 3,745 / short call 3,815 / long call 3,820","1","touch","-80","415","-19.28","85","20.48","0.85","0.65","1.05","1.65","1.35","1.95","415","85","3780.97","3805.42"
"Jun 30, 2022 1:30pm","Jun 30, 2022 4:00pm","SPX","Jun 30, 2022","ironcondor","long put 3,750 / short put 3,755 / short call 3,850 / long call 3,855","1","expired","90","410","21.95","90","21.95","0.9","0.7","1.1","0","","","410","90","3803.07","3785.38"
"Jun 29, 2022 1:30pm","Jun 29, 2022 4:00pm","SPX","Jun 29, 2022","ironcondor","long put 3,770 / short put 3,775 / short call 3,845 / long call 3,850","1","expired","79","421","18.76","79","18.76","0.79","0.65","0.9","0","","","421","79","3809.92","3818.83"
"Jun 27, 2022 1:30pm","Jun 27, 2022 4:00pm","SPX","Jun 27, 2022","ironcondor","long put 3,870 / short put 3,875 / short call 3,940 / long call 3,945","1","expired","73","427","17.1","73","17.1","0.73","0.55","0.9","0","","","427","73","3907.24","3900.11"
"Jun 23, 2022 1:30pm","Jun 23, 2022 3:13pm","SPX","Jun 23, 2022","ironcondor","long put 3,710 / short put 3,715 / short call 3,790 / long call 3,795","1","touch","-50","430","-11.63","70","16.28","0.7","0.5","0.9","1.2","1.05","1.35","430","70","3753.13","3780.01"
"Jun 22, 2022 1:30pm","Jun 22, 2022 4:00pm","SPX","Jun 22, 2022","ironcondor","long put 3,740 / short put 3,745 / short call 3,815 / long call 3,820","1","expired","83","417","19.9","83","19.9","0.83","0.65","1","0","","","417","83","3784.99","3759.89"
"Jun 17, 2022 1:30pm","Jun 17, 2022 4:00pm","SPX","Jun 17, 2022","ironcondor","long put 3,625 / short put 3,630 / short call 3,735 / long call 3,740","1","expired","75","425","17.65","75","17.65","0.75","0.5","1","0","","","425","75","3686.65","3674.84"
"Jun 14, 2022 1:30pm","Jun 14, 2022 4:00pm","SPX","Jun 14, 2022","ironcondor","long put 3,695 / short put 3,700 / short call 3,795 / long call 3,800","1","expired","78","422","18.48","78","18.48","0.78","0.6","0.95","0","","","422","78","3748.58","3735.48"
"Jun 9, 2022 1:30pm","Jun 9, 2022 3:05pm","SPX","Jun 9, 2022","ironcondor","long put 4,060 / short put 4,065 / short call 4,130 / long call 4,135","1","touch","-208","421","-49.41","79","18.76","0.79","0.65","0.9","2.87","2.45","3.3","421","79","4095.32","4059.49"
"Jun 7, 2022 1:30pm","Jun 7, 2022 4:00pm","SPX","Jun 7, 2022","ironcondor","long put 4,100 / short put 4,105 / short call 4,165 / long call 4,170","1","expired","77","423","18.2","77","18.2","0.77","0.65","0.9","0","","","423","77","4136.15","4160.68"
"Jun 6, 2022 1:30pm","Jun 6, 2022 4:00pm","SPX","Jun 6, 2022","ironcondor","long put 4,085 / short put 4,090 / short call 4,155 / long call 4,160","1","expired","87","413","21.07","87","21.07","0.87","0.7","1.05","0","","","413","87","4122.26","4121.43"
"May 31, 2022 1:30pm","May 31, 2022 4:00pm","SPX","May 31, 2022","ironcondor","long put 4,095 / short put 4,100 / short call 4,185 / long call 4,190","1","expired","88","412","21.36","88","21.36","0.88","0.7","1.05","0","","","412","88","4144.15","4132.15"
"May 25, 2022 1:30pm","May 25, 2022 3:09pm","SPX","May 25, 2022","ironcondor","long put 3,880 / short put 3,885 / short call 4,005 / long call 4,010","1","touch","-47","410","-11.46","90","21.95","0.9","0.6","1.2","1.37","1.15","1.6","410","90","3949.6","3996.23"
"May 19, 2022 1:30pm","May 19, 2022 3:05pm","SPX","May 19, 2022","ironcondor","long put 3,840 / short put 3,850 / short call 3,950 / long call 3,955","1","touch","-58","900","-6.44","100","11.11","1","0.8","1.2","1.58","1.15","2","900","100","3901.53","3942.11"
"May 16, 2022 1:30pm","May 16, 2022 4:00pm","SPX","May 16, 2022","ironcondor","long put 3,975 / short put 3,980 / short call 4,070 / long call 4,075","1","expired","72","428","16.82","72","16.82","0.72","0.55","0.9","0","","","428","72","4029.03","4008.01"
"May 10, 2022 1:30pm","May 10, 2022 2:00pm","SPX","May 10, 2022","ironcondor","long put 3,930 / short put 3,940 / short call 4,050 / long call 4,055","1","touch","-99","894","-11.07","106","11.86","1.06","0.85","1.25","2.05","1.7","2.4","894","106","3994.07","4040.25"
"May 6, 2022 1:30pm","May 6, 2022 4:00pm","SPX","May 6, 2022","ironcondor","long put 4,060 / short put 4,065 / short call 4,195 / long call 4,200","1","expired","82","418","19.62","82","19.62","0.82","0.55","1.1","0","","","418","82","4131.02","4123.34"
"May 4, 2022 1:30pm","May 4, 2022 3:11pm","SPX","May 4, 2022","ironcondor","long put 4,085 / short put 4,090 / short call 4,270 / long call 4,275","1","touch","-97","405","-23.95","95","23.46","0.95","0.65","1.25","1.92","1.45","2.4","405","95","4185","4260.63"
"Apr 25, 2022 1:30pm","Apr 25, 2022 2:52pm","SPX","Apr 25, 2022","ironcondor","long put 4,185 / short put 4,190 / short call 4,285 / long call 4,290","1","touch","-88","411","-21.41","89","21.65","0.89","0.65","1.15","1.77","1.45","2.1","411","89","4241.96","4275.31"
"Apr 20, 2022 1:30pm","Apr 20, 2022 2:54pm","SPX","Apr 20, 2022","ironcondor","long put 4,440 / short put 4,445 / short call 4,500 / long call 4,505","1","touch","-52","441","-11.79","59","13.38","0.59","0.45","0.7","1.11","0.9","1.3","441","59","4475.09","4454.81"
"Apr 18, 2022 1:30pm","Apr 18, 2022 1:50pm","SPX","Apr 18, 2022","ironcondor","long put 4,350 / short put 4,355 / short call 4,415 / long call 4,420","1","touch","-92","425","-21.65","75","17.65","0.75","0.6","0.9","1.67","1.4","1.95","425","75","4386.21","4406"
"Apr 8, 2022 1:30pm","Apr 8, 2022 4:00pm","SPX","Apr 8, 2022","ironcondor","long put 4,470 / short put 4,475 / short call 4,535 / long call 4,540","1","expired","70","430","16.28","70","16.28","0.7","0.5","0.9","0","","","430","70","4507.18","4488.28"
"Apr 4, 2022 1:30pm","Apr 4, 2022 4:00pm","SPX","Apr 4, 2022","ironcondor","long put 4,540 / short put 4,545 / short call 4,590 / long call 4,595","1","expired","61","439","13.9","61","13.9","0.61","0.45","0.75","0","","","439","61","4568.5","4582.64"
"Apr 1, 2022 1:30pm","Apr 1, 2022 2:06pm","SPX","Apr 1, 2022","ironcondor","long put 4,480 / short put 4,485 / short call 4,540 / long call 4,545","1","touch","-92","420","-21.9","80","19.05","0.8","0.6","1","1.72","1.4","2.05","420","80","4512.34","4532.59"
"Mar 31, 2022 1:30pm","Mar 31, 2022 4:00pm","SPX","Mar 31, 2022","ironcondor","long put 4,540 / short put 4,545 / short call 4,615 / long call 4,620","1","expired","-424","424","-100","76","17.92","0.76","0.5","1","5","","","424","76","4585.48","4530.41"
"Mar 30, 2022 1:30pm","Mar 30, 2022 4:00pm","SPX","Mar 30, 2022","ironcondor","long put 4,575 / short put 4,580 / short call 4,635 / long call 4,640","1","expired","68","432","15.74","68","15.74","0.68","0.55","0.8","0","","","432","68","4606.31","4602.45"
"Mar 28, 2022 1:30pm","Mar 28, 2022 2:46pm","SPX","Mar 28, 2022","ironcondor","long put 4,505 / short put 4,510 / short call 4,560 / long call 4,565","1","touch","-29","429","-6.76","71","16.55","0.71","0.55","0.85","1","0.8","1.2","429","71","4539.9","4550.29"
"Mar 25, 2022 1:30pm","Mar 25, 2022 2:32pm","SPX","Mar 25, 2022","ironcondor","long put 4,475 / short put 4,480 / short call 4,545 / long call 4,550","1","touch","-57","420","-13.57","80","19.05","0.8","0.65","0.95","1.37","1.15","1.6","420","80","4515.95","4536.54"
"Mar 21, 2022 1:30pm","Mar 21, 2022 4:00pm","SPX","Mar 21, 2022","ironcondor","long put 4,385 / short put 4,390 / short call 4,470 / long call 4,475","1","expired","74","426","17.37","74","17.37","0.74","0.5","1","0","","","426","74","4430.26","4461.18"
"Mar 18, 2022 1:30pm","Mar 18, 2022 3:24pm","SPX","Mar 18, 2022","ironcondor","long put 4,400 / short put 4,405 / short call 4,465 / long call 4,470","1","touch","-46","430","-10.7","70","16.28","0.7","0.5","0.9","1.16","0.95","1.35","430","70","4439.73","4456.03"
"Mar 14, 2022 1:30pm","Mar 14, 2022 4:00pm","SPX","Mar 14, 2022","ironcondor","long put 4,125 / short put 4,130 / short call 4,220 / long call 4,225","1","expired","83","417","19.9","83","19.9","0.83","0.65","1","0","","","417","83","4176.9","4173.11"
"Mar 11, 2022 1:30pm","Mar 11, 2022 4:00pm","SPX","Mar 11, 2022","ironcondor","long put 4,205 / short put 4,210 / short call 4,290 / long call 4,295","1","expired","-427","427","-100","73","17.1","0.73","0.55","0.9","5","","","427","73","4254.41","4204.31"
"Feb 16, 2022 1:30pm","Feb 16, 2022 2:25pm","SPX","Feb 16, 2022","ironcondor","long put 4,380 / short put 4,385 / short call 4,480 / long call 4,485","1","touch","-98","415","-23.61","85","20.48","0.85","0.65","1.05","1.83","1.45","2.2","415","85","4440.46","4471.08"
"Feb 14, 2022 1:30pm","Feb 14, 2022 4:00pm","SPX","Feb 14, 2022","ironcondor","long put 4,345 / short put 4,350 / short call 4,455 / long call 4,460","1","expired","76","424","17.92","76","17.92","0.76","0.5","1","0","","","424","76","4410.56","4401.67"
"Feb 7, 2022 1:30pm","Feb 7, 2022 4:00pm","SPX","Feb 7, 2022","ironcondor","long put 4,460 / short put 4,465 / short call 4,540 / long call 4,545","1","expired","70","430","16.28","70","16.28","0.7","0.5","0.9","0","","","430","70","4502.71","4483.87"
"Feb 4, 2022 1:30pm","Feb 4, 2022 4:00pm","SPX","Feb 4, 2022","ironcondor","long put 4,460 / short put 4,465 / short call 4,550 / long call 4,555","1","expired","90","410","21.95","90","21.95","0.9","0.7","1.1","0","","","410","90","4510.75","4500.53"
"Feb 2, 2022 1:30pm","Feb 2, 2022 4:00pm","SPX","Feb 2, 2022","ironcondor","long put 4,525 / short put 4,530 / short call 4,600 / long call 4,605","1","expired","75","425","17.65","75","17.65","0.75","0.5","1","0","","","425","75","4570.61","4589.38"
"Jan 19, 2022 1:30pm","Jan 19, 2022 2:34pm","SPX","Jan 19, 2022","ironcondor","long put 4,545 / short put 4,550 / short call 4,615 / long call 4,620","1","touch","-70","420","-16.67","80","19.05","0.8","0.65","0.95","1.5","1.2","1.8","420","80","4584.41","4559.76"
"Jan 12, 2022 1:30pm","Jan 12, 2022 4:00pm","SPX","Jan 12, 2022","ironcondor","long put 4,685 / short put 4,690 / short call 4,750 / long call 4,755","1","expired","73","427","17.1","73","17.1","0.73","0.55","0.9","0","","","427","73","4724.66","4726.35"
"Jan 7, 2022 1:30pm","Jan 7, 2022 4:00pm","SPX","Jan 7, 2022","ironcondor","long put 4,650 / short put 4,655 / short call 4,710 / long call 4,715","1","expired","55","445","12.36","55","12.36","0.55","0.35","0.75","0","","","445","55","4686.32","4677.03"
"Jan 5, 2022 1:30pm","Jan 5, 2022 2:14pm","SPX","Jan 5, 2022","ironcondor","long put 4,740 / short put 4,745 / short call 4,800 / long call 4,805","1","touch","-60","420","-14.29","80","19.05","0.8","0.6","1","1.4","0.95","1.85","420","80","4775.88","4754.18"
"Jan 3, 2022 1:30pm","Jan 3, 2022 1:56pm","SPX","Jan 3, 2022","ironcondor","long put 4,755 / short put 4,760 / short call 4,795 / long call 4,800","1","touch","-18","435","-4.14","65","14.94","0.65","0.45","0.85","0.83","0.65","1","435","65","4779.42","4785.97"
"Dec 31, 2021 1:30pm","Dec 31, 2021 4:00pm","SPX","Dec 31, 2021","ironcondor","long put 4,750 / short put 4,755 / short call 4,805 / long call 4,810","1","expired","60","440","13.64","60","13.64","0.6","0.45","0.75","0","","","440","60","4781.09","4766.18"
"Dec 29, 2021 1:30pm","Dec 29, 2021 3:10pm","SPX","Dec 29, 2021","ironcondor","long put 4,765 / short put 4,770 / short call 4,805 / long call 4,810","1","touch","18","447","4.03","53","11.86","0.53","0.35","0.7","0.35","0.2","0.5","447","53","4786.54","4795.6"
"Dec 23, 2021 1:30pm","Dec 23, 2021 4:00pm","SPX","Dec 23, 2021","ironcondor","long put 4,705 / short put 4,710 / short call 4,750 / long call 4,755","1","expired","43","457","9.41","43","9.41","0.43","0.25","0.6","0","","","457","43","4731.26","4725.79"
"Dec 22, 2021 1:30pm","Dec 22, 2021 4:00pm","SPX","Dec 22, 2021","ironcondor","long put 4,655 / short put 4,660 / short call 4,700 / long call 4,705","1","expired","63","437","14.42","63","14.42","0.63","0.45","0.8","0","","","437","63","4681.87","4696.56"
"Dec 17, 2021 1:30pm","Dec 17, 2021 4:00pm","SPX","Dec 17, 2021","ironcondor","long put 4,595 / short put 4,600 / short call 4,690 / long call 4,695","1","expired","70","430","16.28","70","16.28","0.7","0.5","0.9","0","","","430","70","4648.77","4620.64"
"Dec 15, 2021 1:30pm","Dec 15, 2021 3:07pm","SPX","Dec 15, 2021","ironcondor","long put 4,555 / short put 4,560 / short call 4,680 / long call 4,685","1","touch","-72","425","-16.94","75","17.65","0.75","0.55","0.95","1.47","1.05","1.9","425","75","4624.86","4670.36"
"Dec 13, 2021 1:30pm","Dec 13, 2021 3:05pm","SPX","Dec 13, 2021","ironcondor","long put 4,645 / short put 4,650 / short call 4,700 / long call 4,705","1","touch","-8","432","-1.85","68","15.74","0.68","0.5","0.85","0.76","0.65","0.9","432","68","4679.23","4690.09"
"Dec 10, 2021 1:30pm","Dec 10, 2021 4:00pm","SPX","Dec 10, 2021","ironcondor","long put 4,665 / short put 4,670 / short call 4,715 / long call 4,720","1","expired","44","456","9.65","44","9.65","0.44","0.3","0.6","0","","","456","44","4697","4712.02"
"Dec 8, 2021 1:30pm","Dec 8, 2021 4:00pm","SPX","Dec 8, 2021","ironcondor","long put 4,665 / short put 4,670 / short call 4,710 / long call 4,715","1","expired","65","435","14.94","65","14.94","0.65","0.5","0.8","0","","","435","65","4691.41","4701.21"
"Nov 24, 2021 1:30pm","Nov 24, 2021 4:00pm","SPX","Nov 24, 2021","ironcondor","long put 4,665 / short put 4,670 / short call 4,715 / long call 4,720","1","expired","50","450","11.11","50","11.11","0.5","0.35","0.65","0","","","450","50","4696.5","4701.46"
"Nov 22, 2021 1:30pm","Nov 22, 2021 2:55pm","SPX","Nov 22, 2021","ironcondor","long put 4,695 / short put 4,700 / short call 4,735 / long call 4,740","1","touch","0","462","0","38","8.23","0.38","0.2","0.55","0.38","0.25","0.5","462","38","4718.03","4726.53"
"Nov 19, 2021 1:30pm","Nov 19, 2021 4:00pm","SPX","Nov 19, 2021","ironcondor","long put 4,675 / short put 4,680 / short call 4,720 / long call 4,725","1","expired","56","444","12.61","56","12.61","0.56","0.45","0.65","0","","","444","56","4700.84","4697.96"
"Nov 17, 2021 1:30pm","Nov 17, 2021 4:00pm","SPX","Nov 17, 2021","ironcondor","long put 4,670 / short put 4,675 / short call 4,710 / long call 4,715","1","expired","42","458","9.17","42","9.17","0.42","0.3","0.55","0","","","458","42","4693.14","4688.67"
"Nov 15, 2021 1:30pm","Nov 15, 2021 4:00pm","SPX","Nov 15, 2021","ironcondor","long put 4,660 / short put 4,665 / short call 4,695 / long call 4,700","1","expired","56","444","12.61","56","12.61","0.56","0.45","0.7","0","","","444","56","4682.78","4682.8"
"Nov 12, 2021 1:30pm","Nov 12, 2021 3:35pm","SPX","Nov 12, 2021","ironcondor","long put 4,650 / short put 4,655 / short call 4,695 / long call 4,700","1","touch","0","461","0","39","8.46","0.39","0.25","0.55","0.39","0.25","0.55","461","39","4676.71","4687.16"
"Nov 10, 2021 1:30pm","Nov 10, 2021 2:24pm","SPX","Nov 10, 2021","ironcondor","long put 4,630 / short put 4,635 / short call 4,685 / long call 4,690","1","touch","-58","441","-13.15","59","13.38","0.59","0.35","0.85","1.17","0.95","1.4","441","59","4660.96","4643.71"
"Nov 8, 2021 1:30pm","Nov 8, 2021 2:08pm","SPX","Nov 8, 2021","ironcondor","long put 4,680 / short put 4,685 / short call 4,715 / long call 4,720","1","touch","-2","452","-0.44","48","10.62","0.48","0.3","0.65","0.5","0.3","0.7","452","48","4700.91","4705.52"
"Nov 5, 2021 1:30pm","Nov 5, 2021 2:06pm","SPX","Nov 5, 2021","ironcondor","long put 4,640 / short put 4,645 / short call 4,705 / long call 4,710","1","touch","-35","430","-8.14","70","16.28","0.7","0.5","0.9","1.05","0.85","1.25","430","70","4681.5","4696.69"
"Nov 3, 2021 1:30pm","Nov 3, 2021 2:50pm","SPX","Nov 3, 2021","ironcondor","long put 4,580 / short put 4,585 / short call 4,655 / long call 4,660","1","touch","-92","425","-21.65","75","17.65","0.75","0.6","0.9","1.67","1.4","1.95","425","75","4625.55","4650.25"
"Nov 1, 2021 1:30pm","Nov 1, 2021 1:55pm","SPX","Nov 1, 2021","ironcondor","long put 4,585 / short put 4,590 / short call 4,620 / long call 4,625","1","touch","-22","443","-4.97","57","12.87","0.57","0.45","0.7","0.79","0.65","0.9","443","57","4605.77","4599.81"
"Oct 29, 2021 1:30pm","Oct 29, 2021 3:19pm","SPX","Oct 29, 2021","ironcondor","long put 4,575 / short put 4,580 / short call 4,615 / long call 4,620","1","touch","-18","458","-3.93","42","9.17","0.42","0.3","0.55","0.6","0.45","0.75","458","42","4601.41","4589.09"
"Oct 27, 2021 1:30pm","Oct 27, 2021 3:02pm","SPX","Oct 27, 2021","ironcondor","long put 4,560 / short put 4,565 / short call 4,595 / long call 4,600","1","touch","-7","464","-1.51","36","7.76","0.36","0.2","0.5","0.43","0.3","0.55","464","36","4581.54","4574.31"
"Oct 25, 2021 1:30pm","Oct 25, 2021 2:26pm","SPX","Oct 25, 2021","ironcondor","long put 4,550 / short put 4,555 / short call 4,580 / long call 4,585","1","touch","16","456","3.51","44","9.65","0.44","0.3","0.6","0.28","0.1","0.45","456","44","4569.52","4570.34"
"Oct 22, 2021 1:30pm","Oct 22, 2021 2:33pm","SPX","Oct 22, 2021","ironcondor","long put 4,520 / short put 4,525 / short call 4,560 / long call 4,565","1","touch","-31","458","-6.77","42","9.17","0.42","0.25","0.6","0.73","0.6","0.85","458","42","4542.39","4551.27"
"Oct 20, 2021 1:30pm","Oct 20, 2021 2:10pm","SPX","Oct 20, 2021","ironcondor","long put 4,505 / short put 4,510 / short call 4,545 / long call 4,550","1","touch","12","437","2.75","63","14.42","0.63","0.45","0.8","0.51","0.35","0.65","437","63","4531.58","4535.12"
"Oct 18, 2021 1:30pm","Oct 18, 2021 3:23pm","SPX","Oct 18, 2021","ironcondor","long put 4,460 / short put 4,465 / short call 4,495 / long call 4,500","1","touch","14","461","3.04","39","8.46","0.39","0.25","0.55","0.25","0.15","0.35","461","39","4481.98","4486.16"
"Oct 15, 2021 1:30pm","Oct 15, 2021 1:52pm","SPX","Oct 15, 2021","ironcondor","long put 4,440 / short put 4,445 / short call 4,480 / long call 4,485","1","touch","-23","453","-5.08","47","10.38","0.47","0.3","0.65","0.7","0.5","0.9","453","47","4464.73","4470.33"
"Oct 13, 2021 1:30pm","Oct 13, 2021 4:00pm","SPX","Oct 13, 2021","ironcondor","long put 4,325 / short put 4,330 / short call 4,385 / long call 4,390","1","expired","63","437","14.42","63","14.42","0.63","0.45","0.8","0","","","437","63","4360.29","4363.8"
"Oct 11, 2021 1:30pm","Oct 11, 2021 4:00pm","SPX","Oct 11, 2021","ironcondor","long put 4,345 / short put 4,350 / short call 4,400 / long call 4,405","1","expired","75","425","17.65","75","17.65","0.75","0.55","0.95","0","","","425","75","4378.42","4361.19"
"Oct 8, 2021 1:30pm","Oct 8, 2021 2:19pm","SPX","Oct 8, 2021","ironcondor","long put 4,355 / short put 4,360 / short call 4,410 / long call 4,415","1","touch","-44","428","-10.28","72","16.82","0.72","0.55","0.9","1.16","0.95","1.35","428","72","4388.46","4400.88"
"Oct 6, 2021 1:30pm","Oct 6, 2021 2:10pm","SPX","Oct 6, 2021","ironcondor","long put 4,290 / short put 4,295 / short call 4,355 / long call 4,360","1","touch","-98","428","-22.9","72","16.82","0.72","0.5","0.95","1.7","1.4","2","428","72","4326.75","4346.61"