Opened,Closed,Symbol,Exp,Type,Legs,Quantity,Status,P/L,Risk,ROR,Premium,Reward/Risk,Open Price,Open Bid Price,Open Ask Price,Close Price,Close Bid Price,Close Ask Price,Max Loss,Max Profit,Price at Open,Price at Close
"Oct 5, 2026 1:30pm","Oct 5, 2026 1:45pm","SPX","Oct 5, 2026","ironcondor","long put 7,750 / short put 7,755 / short call 7,785 / long call 7,790","1","touch","-30","420","-7.14","80","19.05","0.8","0.7","0.9","1.1","1","1.2","420","80","7772.18","7776.85"
"Oct 2, 2026 1:30pm","Oct 2, 2026 3:42pm","SPX","Oct 2, 2026","ironcondor","long put 7,680 / short put 7,685 / short call 7,735 / long call 7,740","1","touch","65","400","16.25","100","25","1","0.9","1.1","0.35","0.25","0.45","400","100","7713.87","7725.79"
"Oct 1, 2026 1:30pm","Oct 1, 2026 4:00pm","SPX","Oct 1, 2026","ironcondor","long put 7,630 / short put 7,635 / short call 7,695 / long call 7,700","1","expired","105","395","26.58","105","26.58","1.05","0.95","1.15","0","","","395","105","7666.04","7667.96"
"Sep 30, 2026 1:30pm","Sep 30, 2026 3:48pm","SPX","Sep 30, 2026","ironcondor","long put 7,670 / short put 7,675 / short call 7,720 / long call 7,725","1","touch","28","397","7.05","103","25.94","1.03","0.9","1.15","0.75","0.65","0.85","397","103","7698.65","7683.41"
"Sep 29, 2026 1:30pm","Sep 29, 2026 2:23pm","SPX","Sep 29, 2026","ironcondor","long put 7,635 / short put 7,640 / short call 7,680 / long call 7,685","1","touch","-25","393","-6.36","107","27.23","1.07","0.95","1.2","1.32","1.2","1.45","393","107","7660.03","7672.03"
"Sep 28, 2026 1:30pm","Sep 28, 2026 3:38pm","SPX","Sep 28, 2026","ironcondor","long put 7,670 / short put 7,675 / short call 7,725 / long call 7,730","1","touch","60","380","15.79","120","31.58","1.2","1.1","1.3","0.6","0.5","0.7","380","120","7699.51","7684.5"
"Sep 25, 2026 1:30pm","Sep 25, 2026 4:00pm","SPX","Sep 25, 2026","ironcondor","long put 7,715 / short put 7,720 / short call 7,765 / long call 7,770","1","expired","85","415","20.48","85","20.48","0.85","0.75","0.95","0","","","415","85","7742.8","7743.41"
"Sep 24, 2026 1:30pm","Sep 24, 2026 4:00pm","SPX","Sep 24, 2026","ironcondor","long put 7,670 / short put 7,675 / short call 7,730 / long call 7,735","1","expired","95","405","23.46","95","23.46","0.95","0.85","1.05","0","","","405","95","7702.56","7704.13"
"Sep 22, 2026 1:30pm","Sep 22, 2026 1:53pm","SPX","Sep 22, 2026","ironcondor","long put 7,745 / short put 7,750 / short call 7,780 / long call 7,785","1","touch","-43","433","-9.93","67","15.47","0.67","0.55","0.8","1.1","0.95","1.25","433","67","7765.41","7771.18"
"Sep 18, 2026 1:30pm","Sep 18, 2026 2:17pm","SPX","Sep 18, 2026","ironcondor","long put 7,605 / short put 7,610 / short call 7,640 / long call 7,645","1","touch","20","405","4.94","95","23.46","0.95","0.85","1.05","0.75","0.65","0.85","405","95","7624.64","7630.09"
"Sep 16, 2026 1:30pm","Sep 16, 2026 2:58pm","SPX","Sep 16, 2026","ironcondor","long put 7,540 / short put 7,545 / short call 7,670 / long call 7,675","1","touch","-65","365","-17.81","135","36.99","1.35","1.1","1.6","2","1.8","2.2","365","135","7610.4","7553.37"
"Sep 15, 2026 1:30pm","Sep 15, 2026 1:57pm","SPX","Sep 15, 2026","ironcondor","long put 7,555 / short put 7,560 / short call 7,595 / long call 7,600","1","touch","-1","408","-0.24","92","22.55","0.92","0.8","1.05","0.93","0.8","1.05","408","92","7579.62","7585.24"
"Sep 14, 2026 1:30pm","Sep 14, 2026 3:23pm","SPX","Sep 14, 2026","ironcondor","long put 7,615 / short put 7,620 / short call 7,660 / long call 7,665","1","touch","51","412","12.38","88","21.36","0.88","0.75","1","0.37","0.25","0.5","412","88","7639.81","7629.51"
"Sep 10, 2026 1:30pm","Sep 10, 2026 2:11pm","SPX","Sep 10, 2026","ironcondor","long put 7,575 / short put 7,580 / short call 7,620 / long call 7,625","1","touch","-32","410","-7.8","90","21.95","0.9","0.8","1","1.22","1.1","1.35","410","90","7599.16","7588.91"
"Sep 9, 2026 1:30pm","Sep 9, 2026 4:00pm","SPX","Sep 9, 2026","ironcondor","long put 7,620 / short put 7,625 / short call 7,660 / long call 7,665","1","expired","85","415","20.48","85","20.48","0.85","0.75","0.95","0","","","415","85","7643.87","7636.36"
"Sep 8, 2026 1:30pm","Sep 8, 2026 2:50pm","SPX","Sep 8, 2026","ironcondor","long put 7,670 / short put 7,675 / short call 7,705 / long call 7,710","1","touch","-80","420","-19.05","80","19.05","0.8","0.7","0.9","1.6","1.4","1.8","420","80","7689.98","7678.73"
"Sep 4, 2026 1:30pm","Sep 4, 2026 4:00pm","SPX","Sep 4, 2026","ironcondor","long put 7,690 / short put 7,695 / short call 7,730 / long call 7,735","1","expired","67","433","15.47","67","15.47","0.67","0.55","0.8","0","","","433","67","7714.13","7718.6"
"Sep 2, 2026 1:30pm","Sep 2, 2026 2:19pm","SPX","Sep 2, 2026","ironcondor","long put 7,640 / short put 7,645 / short call 7,680 / long call 7,685","1","touch","-38","415","-9.16","85","20.48","0.85","0.75","0.95","1.23","1.1","1.35","415","85","7663.35","7673.02"
"Sep 1, 2026 1:30pm","Sep 1, 2026 2:42pm","SPX","Sep 1, 2026","ironcondor","long put 7,605 / short put 7,610 / short call 7,650 / long call 7,655","1","touch","-23","406","-5.66","94","23.15","0.94","0.8","1.1","1.17","1.05","1.3","406","94","7633.14","7619.07"
"Aug 31, 2026 1:30pm","Aug 31, 2026 1:46pm","SPX","Aug 31, 2026","ironcondor","long put 7,650 / short put 7,655 / short call 7,690 / long call 7,695","1","touch","-35","410","-8.54","90","21.95","0.9","0.8","1","1.25","1.15","1.35","410","90","7672.35","7680.11"
"Aug 28, 2026 1:30pm","Aug 28, 2026 4:00pm","SPX","Aug 28, 2026","ironcondor","long put 7,670 / short put 7,675 / short call 7,730 / long call 7,735","1","expired","110","390","28.21","110","28.21","1.1","1","1.2","0","","","390","110","7706.8","7711.76"
"Aug 26, 2026 1:30pm","Aug 26, 2026 2:47pm","SPX","Aug 26, 2026","ironcondor","long put 7,655 / short put 7,660 / short call 7,690 / long call 7,695","1","touch","18","419","4.3","81","19.33","0.81","0.65","0.95","0.63","0.5","0.75","419","81","7673.94","7680.7"
"Aug 25, 2026 1:30pm","Aug 25, 2026 2:33pm","SPX","Aug 25, 2026","ironcondor","long put 7,645 / short put 7,650 / short call 7,680 / long call 7,685","1","touch","40","420","9.52","80","19.05","0.8","0.7","0.9","0.4","0.3","0.5","420","80","7665.81","7670.02"
"Aug 24, 2026 1:30pm","Aug 24, 2026 2:07pm","SPX","Aug 24, 2026","ironcondor","long put 7,630 / short put 7,635 / short call 7,665 / long call 7,670","1","touch","38","392","9.69","108","27.55","1.08","0.95","1.2","0.7","0.6","0.8","392","108","7652.11","7655.55"
"Aug 21, 2026 1:30pm","Aug 21, 2026 2:33pm","SPX","Aug 21, 2026","ironcondor","long put 7,655 / short put 7,660 / short call 7,690 / long call 7,695","1","touch","30","400","7.5","100","25","1","0.9","1.1","0.7","0.6","0.8","400","100","7676.89","7669.98"
"Aug 20, 2026 1:30pm","Aug 20, 2026 2:09pm","SPX","Aug 20, 2026","ironcondor","long put 7,640 / short put 7,645 / short call 7,685 / long call 7,690","1","touch","-32","415","-7.71","85","20.48","0.85","0.75","0.95","1.17","1.05","1.3","415","85","7666.09","7654.39"
"Aug 19, 2026 1:30pm","Aug 19, 2026 4:00pm","SPX","Aug 19, 2026","ironcondor","long put 7,690 / short put 7,695 / short call 7,735 / long call 7,740","1","expired","87","413","21.07","87","21.07","0.87","0.75","1","0","","","413","87","7715.34","7707.98"
"Aug 18, 2026 1:30pm","Aug 18, 2026 2:10pm","SPX","Aug 18, 2026","ironcondor","long put 7,680 / short put 7,685 / short call 7,720 / long call 7,725","1","touch","5","430","1.16","70","16.28","0.7","0.6","0.8","0.65","0.55","0.75","430","70","7703.11","7694.74"
"Aug 17, 2026 1:30pm","Aug 17, 2026 4:00pm","SPX","Aug 17, 2026","ironcondor","long put 7,730 / short put 7,735 / short call 7,770 / long call 7,775","1","expired","100","400","25","100","25","1","0.85","1.15","0","","","400","100","7756.28","7745.06"
"Aug 14, 2026 1:30pm","Aug 14, 2026 2:51pm","SPX","Aug 14, 2026","ironcondor","long put 7,760 / short put 7,765 / short call 7,795 / long call 7,800","1","touch","25","425","5.88","75","17.65","0.75","0.65","0.85","0.5","0.4","0.6","425","75","7779.12","7785.77"
"Aug 13, 2026 1:30pm","Aug 13, 2026 1:31pm","SPX","Aug 13, 2026","ironcondor","long put 7,775 / short put 7,780 / short call 7,805 / long call 7,810","1","touch","-5","405","-1.23","95","23.46","0.95","0.85","1.05","1","0.9","1.1","405","95","7794.1","7795.05"
"Aug 12, 2026 1:30pm","Aug 12, 2026 2:32pm","SPX","Aug 12, 2026","ironcondor","long put 7,730 / short put 7,735 / short call 7,765 / long call 7,770","1","touch","27","418","6.46","82","19.62","0.82","0.7","0.95","0.55","0.45","0.65","418","82","7751.21","7755.72"
"Aug 11, 2026 1:30pm","Aug 11, 2026 2:30pm","SPX","Aug 11, 2026","ironcondor","long put 7,705 / short put 7,710 / short call 7,750 / long call 7,755","1","touch","-38","423","-8.98","77","18.2","0.77","0.65","0.9","1.15","1","1.3","423","77","7731.93","7717.72"
"Aug 10, 2026 1:30pm","Aug 10, 2026 4:00pm","SPX","Aug 10, 2026","ironcondor","long put 7,730 / short put 7,735 / short call 7,770 / long call 7,775","1","expired","77","423","18.2","77","18.2","0.77","0.65","0.9","0","","","423","77","7754.12","7753.11"
"Aug 7, 2026 1:30pm","Aug 7, 2026 2:45pm","SPX","Aug 7, 2026","ironcondor","long put 7,720 / short put 7,725 / short call 7,760 / long call 7,765","1","touch","15","393","3.82","107","27.23","1.07","0.95","1.2","0.92","0.8","1.05","393","107","7745.31","7733.05"
"Aug 6, 2026 1:30pm","Aug 6, 2026 2:00pm","SPX","Aug 6, 2026","ironcondor","long put 7,675 / short put 7,680 / short call 7,720 / long call 7,725","1","touch","3","385","0.78","115","29.87","1.15","1.05","1.25","1.12","1","1.25","385","115","7701.65","7710.11"
"Aug 5, 2026 1:30pm","Aug 5, 2026 4:00pm","SPX","Aug 5, 2026","ironcondor","long put 7,705 / short put 7,710 / short call 7,760 / long call 7,765","1","expired","115","385","29.87","115","29.87","1.15","1.05","1.25","0","","","385","115","7737.01","7723.55"
"Jul 31, 2026 1:30pm","Jul 31, 2026 3:23pm","SPX","Jul 31, 2026","ironcondor","long put 7,450 / short put 7,455 / short call 7,510 / long call 7,515","1","touch","-10","400","-2.5","100","25","1","0.9","1.1","1.1","1","1.2","400","100","7486.77","7501.15"
"Jul 29, 2026 1:30pm","Jul 29, 2026 2:47pm","SPX","Jul 29, 2026","ironcondor","long put 7,305 / short put 7,310 / short call 7,445 / long call 7,450","1","touch","-45","350","-12.86","150","42.86","1.5","1.1","1.9","1.95","1.7","2.2","350","150","7381.16","7435.1"
"Jul 28, 2026 1:30pm","Jul 28, 2026 4:00pm","SPX","Jul 28, 2026","ironcondor","long put 7,410 / short put 7,415 / short call 7,455 / long call 7,460","1","expired","132","368","35.87","132","35.87","1.32","1.2","1.45","0","","","368","132","7436.76","7428.78"
"Jul 27, 2026 1:30pm","Jul 27, 2026 2:53pm","SPX","Jul 27, 2026","ironcondor","long put 7,350 / short put 7,355 / short call 7,415 / long call 7,420","1","touch","-25","385","-6.49","115","29.87","1.15","1.05","1.25","1.4","1.25","1.55","385","115","7385.49","7407.18"
"Jul 24, 2026 1:30pm","Jul 24, 2026 2:21pm","SPX","Jul 24, 2026","ironcondor","long put 7,410 / short put 7,415 / short call 7,460 / long call 7,465","1","touch","-20","395","-5.06","105","26.58","1.05","0.95","1.15","1.25","1.1","1.4","395","105","7441.26","7423.17"
"Jul 22, 2026 1:30pm","Jul 22, 2026 2:02pm","SPX","Jul 22, 2026","ironcondor","long put 7,495 / short put 7,500 / short call 7,530 / long call 7,535","1","touch","7","405","1.73","95","23.46","0.95","0.85","1.05","0.88","0.75","1","405","95","7516.1","7509.74"
"Jul 20, 2026 1:30pm","Jul 20, 2026 3:14pm","SPX","Jul 20, 2026","ironcondor","long put 7,435 / short put 7,440 / short call 7,490 / long call 7,495","1","touch","-42","400","-10.5","100","25","1","0.9","1.1","1.42","1.3","1.55","400","100","7466.86","7445.24"
"Jul 17, 2026 1:30pm","Jul 17, 2026 1:54pm","SPX","Jul 17, 2026","ironcondor","long put 7,460 / short put 7,465 / short call 7,520 / long call 7,525","1","touch","-61","401","-15.21","99","24.69","0.99","0.85","1.15","1.6","1.45","1.75","401","99","7494.84","7474.6"
"Jul 16, 2026 1:30pm","Jul 16, 2026 1:41pm","SPX","Jul 16, 2026","ironcondor","long put 7,525 / short put 7,530 / short call 7,570 / long call 7,575","1","touch","-35","375","-9.33","125","33.33","1.25","1.15","1.35","1.6","1.4","1.8","375","125","7552.82","7539.2"
"Jul 15, 2026 1:30pm","Jul 15, 2026 1:47pm","SPX","Jul 15, 2026","ironcondor","long put 7,530 / short put 7,535 / short call 7,570 / long call 7,575","1","touch","-40","395","-10.13","105","26.58","1.05","0.95","1.15","1.45","1.3","1.6","395","105","7553.92","7563.09"
"Jul 14, 2026 1:30pm","Jul 14, 2026 4:00pm","SPX","Jul 14, 2026","ironcondor","long put 7,525 / short put 7,530 / short call 7,565 / long call 7,570","1","expired","105","395","26.58","105","26.58","1.05","0.95","1.15","0","","","395","105","7549.52","7543.59"
"Jul 13, 2026 1:30pm","Jul 13, 2026 4:00pm","SPX","Jul 13, 2026","ironcondor","long put 7,495 / short put 7,500 / short call 7,545 / long call 7,550","1","expired","105","395","26.58","105","26.58","1.05","0.95","1.15","0","","","395","105","7523.63","7515.34"
"Jul 10, 2026 1:30pm","Jul 10, 2026 1:53pm","SPX","Jul 10, 2026","ironcondor","long put 7,545 / short put 7,550 / short call 7,580 / long call 7,585","1","touch","10","417","2.4","83","19.9","0.83","0.7","0.95","0.73","0.6","0.85","417","83","7566.35","7570.02"
"Jul 8, 2026 1:30pm","Jul 8, 2026 4:00pm","SPX","Jul 8, 2026","ironcondor","long put 7,450 / short put 7,455 / short call 7,510 / long call 7,515","1","expired","109","391","27.88","109","27.88","1.09","0.95","1.25","0","","","391","109","7484.56","7482.71"
"Jul 7, 2026 1:30pm","Jul 7, 2026 1:42pm","SPX","Jul 7, 2026","ironcondor","long put 7,490 / short put 7,495 / short call 7,530 / long call 7,535","1","touch","-8","388","-2.06","112","28.87","1.12","1","1.25","1.2","1.1","1.3","388","112","7515.87","7520.26"
"Jul 6, 2026 1:30pm","Jul 6, 2026 1:43pm","SPX","Jul 6, 2026","ironcondor","long put 7,510 / short put 7,515 / short call 7,550 / long call 7,555","1","touch","-42","425","-9.88","75","17.65","0.75","0.65","0.85","1.17","1.05","1.3","425","75","7534.55","7524.7"
"Jul 2, 2026 1:30pm","Jul 2, 2026 2:34pm","SPX","Jul 2, 2026","ironcondor","long put 7,405 / short put 7,410 / short call 7,470 / long call 7,475","1","touch","-14","377","-3.71","123","32.63","1.23","1.1","1.35","1.37","1.25","1.5","377","123","7442.81","7460.22"
"Jul 1, 2026 1:30pm","Jul 1, 2026 2:55pm","SPX","Jul 1, 2026","ironcondor","long put 7,480 / short put 7,485 / short call 7,525 / long call 7,530","1","touch","-22","420","-5.24","80","19.05","0.8","0.7","0.9","1.02","0.9","1.15","420","80","7506.7","7491.74"
"Jun 30, 2026 1:30pm","Jun 30, 2026 3:19pm","SPX","Jun 30, 2026","ironcondor","long put 7,460 / short put 7,465 / short call 7,515 / long call 7,520","1","touch","-20","415","-4.82","85","20.48","0.85","0.75","0.95","1.05","0.95","1.15","415","85","7493.2","7506.06"
"Jun 26, 2026 1:30pm","Jun 26, 2026 2:47pm","SPX","Jun 26, 2026","ironcondor","long put 7,340 / short put 7,345 / short call 7,400 / long call 7,405","1","touch","-40","385","-10.39","115","29.87","1.15","1","1.3","1.55","1.4","1.7","385","115","7375.15","7351.07"
"Jun 25, 2026 1:30pm","Jun 25, 2026 2:26pm","SPX","Jun 25, 2026","ironcondor","long put 7,320 / short put 7,325 / short call 7,390 / long call 7,395","1","touch","-75","370","-20.27","130","35.14","1.3","1.15","1.45","2.05","1.9","2.2","370","130","7360.76","7383.09"
"Jun 24, 2026 1:30pm","Jun 24, 2026 4:00pm","SPX","Jun 24, 2026","ironcondor","long put 7,305 / short put 7,310 / short call 7,385 / long call 7,390","1","expired","125","375","33.33","125","33.33","1.25","1.05","1.45","0","","","375","125","7350.13","7358.22"
"Jun 22, 2026 1:30pm","Jun 22, 2026 2:21pm","SPX","Jun 22, 2026","ironcondor","long put 7,450 / short put 7,455 / short call 7,495 / long call 7,500","1","touch","-17","393","-4.33","107","27.23","1.07","0.95","1.2","1.24","1.1","1.4","393","107","7475.81","7485.24"
"Jun 17, 2026 1:30pm","Jun 17, 2026 2:06pm","SPX","Jun 17, 2026","ironcondor","long put 7,445 / short put 7,450 / short call 7,560 / long call 7,565","1","touch","-140","370","-37.84","130","35.14","1.3","1.1","1.5","2.7","2.15","3.25","370","130","7507.17","7445.53"
"Jun 16, 2026 1:30pm","Jun 16, 2026 3:13pm","SPX","Jun 16, 2026","ironcondor","long put 7,505 / short put 7,510 / short call 7,550 / long call 7,555","1","touch","7","408","1.72","92","22.55","0.92","0.75","1.1","0.85","0.75","0.95","408","92","7532.48","7519.59"
"Jun 12, 2026 1:30pm","Jun 12, 2026 4:00pm","SPX","Jun 12, 2026","ironcondor","long put 7,390 / short put 7,395 / short call 7,470 / long call 7,475","1","expired","105","395","26.58","105","26.58","1.05","0.9","1.2","0","","","395","105","7433.68","7431.46"
"Jun 8, 2026 1:30pm","Jun 8, 2026 3:13pm","SPX","Jun 8, 2026","ironcondor","long put 7,395 / short put 7,400 / short call 7,460 / long call 7,465","1","touch","4","378","1.06","122","32.28","1.22","1.1","1.35","1.18","0.95","1.4","378","122","7433.7","7409.26"
"Jun 4, 2026 1:30pm","Jun 4, 2026 1:56pm","SPX","Jun 4, 2026","ironcondor","long put 7,565 / short put 7,570 / short call 7,600 / long call 7,605","1","touch","10","410","2.44","90","21.95","0.9","0.8","1","0.8","0.7","0.9","410","90","7585.69","7590.37"
"Jun 3, 2026 1:30pm","Jun 3, 2026 1:53pm","SPX","Jun 3, 2026","ironcondor","long put 7,540 / short put 7,545 / short call 7,580 / long call 7,585","1","touch","-10","400","-2.5","100","25","1","0.9","1.1","1.1","1","1.2","400","100","7562.44","7570.51"
"Jun 2, 2026 1:30pm","Jun 2, 2026 3:04pm","SPX","Jun 2, 2026","ironcondor","long put 7,585 / short put 7,590 / short call 7,620 / long call 7,625","1","touch","65","400","16.25","100","25","1","0.9","1.1","0.35","0.25","0.45","400","100","7606.19","7610.05"
"Jun 1, 2026 1:30pm","Jun 1, 2026 1:31pm","SPX","Jun 1, 2026","ironcondor","long put 7,575 / short put 7,580 / short call 7,610 / long call 7,615","1","touch","21","342","6.14","158","46.2","1.58","0.65","2.5","1.37","1.2","1.55","342","158","7600.9","7602.37"
"May 29, 2026 1:30pm","May 29, 2026 4:00pm","SPX","May 29, 2026","ironcondor","long put 7,550 / short put 7,555 / short call 7,605 / long call 7,610","1","expired","98","402","24.38","98","24.38","0.98","0.85","1.1","0","","","402","98","7583.02","7580.06"
"May 28, 2026 1:30pm","May 28, 2026 1:50pm","SPX","May 28, 2026","ironcondor","long put 7,535 / short put 7,540 / short call 7,575 / long call 7,580","1","touch","-10","430","-2.33","70","16.28","0.7","0.6","0.8","0.8","0.7","0.9","430","70","7559.89","7565.19"
"May 27, 2026 1:30pm","May 27, 2026 2:19pm","SPX","May 27, 2026","ironcondor","long put 7,480 / short put 7,485 / short call 7,530 / long call 7,535","1","touch","-15","420","-3.57","80","19.05","0.8","0.7","0.9","0.95","0.8","1.1","420","80","7509.12","7520.57"
"May 26, 2026 1:30pm","May 26, 2026 2:16pm","SPX","May 26, 2026","ironcondor","long put 7,475 / short put 7,480 / short call 7,525 / long call 7,530","1","touch","7","403","1.74","97","24.07","0.97","0.85","1.1","0.9","0.8","1","403","97","7504.16","7515.36"
"May 21, 2026 1:30pm","May 21, 2026 1:53pm","SPX","May 21, 2026","ironcondor","long put 7,405 / short put 7,410 / short call 7,470 / long call 7,475","1","touch","-80","405","-19.75","95","23.46","0.95","0.8","1.1","1.75","1.55","1.95","405","95","7438.72","7461.89"
"May 19, 2026 1:30pm","May 19, 2026 2:54pm","SPX","May 19, 2026","ironcondor","long put 7,355 / short put 7,360 / short call 7,415 / long call 7,420","1","touch","-27","395","-6.84","105","26.58","1.05","0.9","1.2","1.32","1.2","1.45","395","105","7388.79","7369.84"
"May 18, 2026 1:30pm","May 18, 2026 2:07pm","SPX","May 18, 2026","ironcondor","long put 7,360 / short put 7,365 / short call 7,420 / long call 7,425","1","touch","-49","394","-12.44","106","26.9","1.06","0.9","1.2","1.55","1.35","1.75","394","106","7392.68","7374.09"
"May 15, 2026 1:30pm","May 15, 2026 2:32pm","SPX","May 15, 2026","ironcondor","long put 7,415 / short put 7,420 / short call 7,470 / long call 7,475","1","touch","-45","390","-11.54","110","28.21","1.1","0.95","1.25","1.55","1.3","1.8","390","110","7445.7","7427.58"
"May 14, 2026 1:30pm","May 14, 2026 1:46pm","SPX","May 14, 2026","ironcondor","long put 7,460 / short put 7,465 / short call 7,510 / long call 7,515","1","touch","-24","377","-6.37","123","32.63","1.23","1.1","1.35","1.47","1.35","1.6","377","123","7490.58","7501.14"
"May 13, 2026 1:30pm","May 13, 2026 2:16pm","SPX","May 13, 2026","ironcondor","long put 7,420 / short put 7,425 / short call 7,465 / long call 7,470","1","touch","-55","423","-13","77","18.2","0.77","0.65","0.9","1.32","1.2","1.45","423","77","7448","7458.44"
"May 12, 2026 1:30pm","May 12, 2026 2:26pm","SPX","May 12, 2026","ironcondor","long put 7,335 / short put 7,340 / short call 7,390 / long call 7,395","1","touch","-17","400","-4.25","100","25","1","0.85","1.15","1.17","1.05","1.3","400","100","7364.17","7381.06"
"May 11, 2026 1:30pm","May 11, 2026 1:37pm","SPX","May 11, 2026","ironcondor","long put 7,395 / short put 7,400 / short call 7,435 / long call 7,440","1","touch","-18","435","-4.14","65","14.94","0.65","0.55","0.75","0.83","0.7","0.95","435","65","7419.51","7425.01"
"May 7, 2026 1:30pm","May 7, 2026 4:00pm","SPX","May 7, 2026","ironcondor","long put 7,290 / short put 7,295 / short call 7,355 / long call 7,360","1","expired","110","390","28.21","110","28.21","1.1","0.9","1.3","0","","","390","110","7329.84","7337.11"
"May 4, 2026 1:30pm","May 4, 2026 2:44pm","SPX","May 4, 2026","ironcondor","long put 7,180 / short put 7,185 / short call 7,230 / long call 7,235","1","touch","-9","419","-2.15","81","19.33","0.81","0.65","0.95","0.9","0.8","1","419","81","7207.99","7194.79"
"May 1, 2026 1:30pm","May 1, 2026 2:15pm","SPX","May 1, 2026","ironcondor","long put 7,230 / short put 7,235 / short call 7,270 / long call 7,275","1","touch","-28","421","-6.65","79","18.76","0.79","0.65","0.95","1.07","0.9","1.25","421","79","7253.12","7241.54"
"Apr 30, 2026 1:30pm","Apr 30, 2026 1:46pm","SPX","Apr 30, 2026","ironcondor","long put 7,150 / short put 7,155 / short call 7,200 / long call 7,205","1","touch","-54","407","-13.27","93","22.85","0.93","0.8","1.05","1.47","1.3","1.65","407","93","7181.24","7190.03"
"Apr 29, 2026 1:30pm","Apr 29, 2026 4:00pm","SPX","Apr 29, 2026","ironcondor","long put 7,080 / short put 7,085 / short call 7,155 / long call 7,160","1","expired","115","385","29.87","115","29.87","1.15","1.05","1.25","0","","","385","115","7122.12","7135.95"
"Apr 28, 2026 1:30pm","Apr 28, 2026 2:16pm","SPX","Apr 28, 2026","ironcondor","long put 7,100 / short put 7,105 / short call 7,145 / long call 7,150","1","touch","-2","417","-0.48","83","19.9","0.83","0.7","0.95","0.85","0.75","0.95","417","83","7124.71","7135"
"Apr 27, 2026 1:30pm","Apr 27, 2026 1:31pm","SPX","Apr 27, 2026","ironcondor","long put 7,145 / short put 7,150 / short call 7,190 / long call 7,195","1","touch","2","423","0.47","77","18.2","0.77","0.6","0.95","0.75","0.65","0.85","423","77","0","0"
"Apr 24, 2026 1:30pm","Apr 24, 2026 3:12pm","SPX","Apr 24, 2026","ironcondor","long put 7,120 / short put 7,125 / short call 7,175 / long call 7,180","1","touch","0","432","0","68","15.74","0.68","0.55","0.8","0.68","0.55","0.8","432","68","7153.84","7165.74"
"Apr 23, 2026 1:30pm","Apr 23, 2026 2:31pm","SPX","Apr 23, 2026","ironcondor","long put 7,030 / short put 7,035 / short call 7,120 / long call 7,125","1","touch","-35","363","-9.64","137","37.74","1.37","1.15","1.6","1.72","1.45","2","363","137","7084.17","7111.75"
"Apr 21, 2026 1:30pm","Apr 21, 2026 1:39pm","SPX","Apr 21, 2026","ironcondor","long put 7,035 / short put 7,040 / short call 7,095 / long call 7,100","1","touch","-57","403","-14.14","97","24.07","0.97","0.85","1.1","1.54","0.9","2.2","403","97","7069.73","7085.63"
"Apr 20, 2026 1:30pm","Apr 20, 2026 4:00pm","SPX","Apr 20, 2026","ironcondor","long put 7,080 / short put 7,085 / short call 7,125 / long call 7,130","1","expired","82","418","19.62","82","19.62","0.82","0.7","0.95","0","","","418","82","7103.33","7109.14"
"Apr 16, 2026 1:30pm","Apr 16, 2026 4:00pm","SPX","Apr 16, 2026","ironcondor","long put 7,000 / short put 7,005 / short call 7,055 / long call 7,060","1","expired","93","407","22.85","93","22.85","0.93","0.8","1.05","0","","","407","93","7030.77","7041.28"
"Apr 15, 2026 1:30pm","Apr 15, 2026 2:07pm","SPX","Apr 15, 2026","ironcondor","long put 6,970 / short put 6,975 / short call 7,015 / long call 7,020","1","touch","-32","429","-7.46","71","16.55","0.71","0.6","0.85","1.03","0.9","1.15","429","71","6997.91","7005.26"
"Apr 13, 2026 1:30pm","Apr 13, 2026 3:23pm","SPX","Apr 13, 2026","ironcondor","long put 6,820 / short put 6,825 / short call 6,870 / long call 6,875","1","touch","5","435","1.15","65","14.94","0.65","0.55","0.75","0.6","0.45","0.75","435","65","6848.97","6860.85"
"Apr 10, 2026 1:30pm","Apr 10, 2026 3:06pm","SPX","Apr 10, 2026","ironcondor","long put 6,780 / short put 6,785 / short call 6,830 / long call 6,835","1","touch","27","411","6.57","89","21.65","0.89","0.8","1","0.62","0.5","0.75","411","89","6810.5","6820.91"
"Apr 7, 2026 1:30pm","Apr 7, 2026 1:31pm","SPX","Apr 7, 2026","ironcondor","long put 6,545 / short put 6,550 / short call 6,610 / long call 6,615","1","touch","2","392","0.51","108","27.55","1.08","0.95","1.2","1.06","0.95","1.2","392","108","0","0"
"Apr 6, 2026 1:30pm","Apr 6, 2026 4:00pm","SPX","Apr 6, 2026","ironcondor","long put 6,560 / short put 6,565 / short call 6,620 / long call 6,625","1","expired","112","388","28.87","112","28.87","1.12","1","1.25","0","","","388","112","6597.97","6611.83"
"Apr 2, 2026 1:30pm","Apr 2, 2026 4:00pm","SPX","Apr 2, 2026","ironcondor","long put 6,530 / short put 6,535 / short call 6,600 / long call 6,605","1","expired","107","393","27.23","107","27.23","1.07","0.9","1.25","0","","","393","107","6570.35","6582.69"
"Mar 30, 2026 1:30pm","Mar 30, 2026 3:09pm","SPX","Mar 30, 2026","ironcondor","long put 6,320 / short put 6,325 / short call 6,390 / long call 6,395","1","touch","-39","379","-10.29","121","31.93","1.21","1.1","1.35","1.6","1.4","1.8","379","121","6357.89","6330.46"
"Mar 24, 2026 1:30pm","Mar 24, 2026 2:39pm","SPX","Mar 24, 2026","ironcondor","long put 6,520 / short put 6,525 / short call 6,590 / long call 6,595","1","touch","-91","391","-23.27","109","27.88","1.09","1","1.2","2","1.55","2.45","391","109","6559.59","6585.87"
"Mar 19, 2026 1:30pm","Mar 19, 2026 2:59pm","SPX","Mar 19, 2026","ironcondor","long put 6,545 / short put 6,550 / short call 6,605 / long call 6,610","1","touch","-25","386","-6.48","114","29.53","1.14","1","1.3","1.39","1.2","1.6","386","114","6579.57","6595.06"
"Mar 18, 2026 1:30pm","Mar 18, 2026 4:00pm","SPX","Mar 18, 2026","ironcondor","long put 6,615 / short put 6,620 / short call 6,715 / long call 6,720","1","expired","117","383","30.55","117","30.55","1.17","1.05","1.3","0","","","383","117","6667.53","6624.7"
"Mar 17, 2026 1:30pm","Mar 17, 2026 4:00pm","SPX","Mar 17, 2026","ironcondor","long put 6,695 / short put 6,700 / short call 6,745 / long call 6,750","1","expired","94","406","23.15","94","23.15","0.94","0.8","1.05","0","","","406","94","6724.64","6716.09"
"Mar 13, 2026 1:30pm","Mar 13, 2026 3:39pm","SPX","Mar 13, 2026","ironcondor","long put 6,615 / short put 6,620 / short call 6,690 / long call 6,695","1","touch","13","385","3.38","115","29.87","1.15","1","1.3","1.02","0.85","1.2","385","115","6653.7","6629.74"
"Mar 11, 2026 1:30pm","Mar 11, 2026 1:39pm","SPX","Mar 11, 2026","ironcondor","long put 6,735 / short put 6,740 / short call 6,810 / long call 6,815","1","touch","-87","391","-22.25","109","27.88","1.09","1","1.2","1.96","1.65","2.25","391","109","6775.91","6746.64"
"Mar 10, 2026 1:30pm","Mar 10, 2026 1:38pm","SPX","Mar 10, 2026","ironcondor","long put 6,810 / short put 6,815 / short call 6,870 / long call 6,875","1","touch","-61","392","-15.56","108","27.55","1.08","0.95","1.2","1.69","1.5","1.9","392","108","6844.36","6822.16"
"Mar 9, 2026 1:30pm","Mar 9, 2026 3:20pm","SPX","Mar 9, 2026","ironcondor","long put 6,660 / short put 6,665 / short call 6,735 / long call 6,740","1","touch","-199","393","-50.64","107","27.23","1.07","0.95","1.2","3.06","2.3","3.8","393","107","6700.91","6745.56"
"Mar 2, 2026 1:30pm","Mar 2, 2026 2:17pm","SPX","Mar 2, 2026","ironcondor","long put 6,850 / short put 6,855 / short call 6,900 / long call 6,905","1","touch","-51","413","-12.35","87","21.07","0.87","0.75","1","1.38","1.25","1.5","413","87","6882.42","6890.88"
"Feb 25, 2026 1:30pm","Feb 25, 2026 1:31pm","SPX","Feb 25, 2026","ironcondor","long put 6,920 / short put 6,925 / short call 6,950 / long call 6,955","1","touch","0","440","0","60","13.64","0.6","0.45","0.75","0.6","0.5","0.7","440","60","6939.85","6941.13"
"Feb 24, 2026 1:30pm","Feb 24, 2026 4:00pm","SPX","Feb 24, 2026","ironcondor","long put 6,860 / short put 6,865 / short call 6,905 / long call 6,910","1","expired","87","413","21.07","87","21.07","0.87","0.75","1","0","","","413","87","6886.49","6890.07"
"Feb 20, 2026 1:30pm","Feb 20, 2026 1:41pm","SPX","Feb 20, 2026","ironcondor","long put 6,835 / short put 6,840 / short call 6,910 / long call 6,915","1","touch","-107","377","-28.38","123","32.63","1.23","1","1.45","2.3","2.1","2.5","377","123","6882.9","6903.62"
"Feb 19, 2026 1:30pm","Feb 19, 2026 4:00pm","SPX","Feb 19, 2026","ironcondor","long put 6,805 / short put 6,810 / short call 6,870 / long call 6,875","1","expired","115","385","29.87","115","29.87","1.15","1.05","1.25","0","","","385","115","6841.15","6861.89"
"Feb 17, 2026 1:30pm","Feb 17, 2026 1:53pm","SPX","Feb 17, 2026","ironcondor","long put 6,800 / short put 6,805 / short call 6,870 / long call 6,875","1","touch","-52","380","-13.68","120","31.58","1.2","1.1","1.3","1.72","1.55","1.9","380","120","6841.5","6860.98"
"Feb 13, 2026 1:30pm","Feb 13, 2026 3:01pm","SPX","Feb 13, 2026","ironcondor","long put 6,835 / short put 6,840 / short call 6,900 / long call 6,905","1","touch","-43","385","-11.17","115","29.87","1.15","1","1.3","1.58","1.35","1.8","385","115","6872.12","6846.03"
"Feb 11, 2026 1:30pm","Feb 11, 2026 4:00pm","SPX","Feb 11, 2026","ironcondor","long put 6,920 / short put 6,925 / short call 6,970 / long call 6,975","1","expired","90","410","21.95","90","21.95","0.9","0.8","1","0","","","410","90","6948.73","6941.47"
"Feb 10, 2026 1:30pm","Feb 10, 2026 4:00pm","SPX","Feb 10, 2026","ironcondor","long put 6,925 / short put 6,930 / short call 6,975 / long call 6,980","1","expired","102","398","25.63","102","25.63","1.02","0.9","1.15","0","","","398","102","6955.53","6941.81"
"Feb 9, 2026 1:30pm","Feb 9, 2026 1:36pm","SPX","Feb 9, 2026","ironcondor","long put 6,940 / short put 6,945 / short call 6,980 / long call 6,985","1","touch","-26","403","-6.45","97","24.07","0.97","0.85","1.1","1.23","1.1","1.35","403","97","6964.21","6970.03"
"Feb 4, 2026 1:30pm","Feb 4, 2026 2:47pm","SPX","Feb 4, 2026","ironcondor","long put 6,825 / short put 6,830 / short call 6,905 / long call 6,910","1","touch","-55","385","-14.29","115","29.87","1.15","0.95","1.35","1.7","1.5","1.9","385","115","6870.31","6896.58"
"Feb 2, 2026 1:30pm","Feb 2, 2026 2:08pm","SPX","Feb 2, 2026","ironcondor","long put 6,960 / short put 6,965 / short call 7,000 / long call 7,005","1","touch","9","438","2.05","62","14.16","0.62","0.5","0.75","0.53","0.45","0.65","438","62","6983.51","6990"
"Jan 30, 2026 1:30pm","Jan 30, 2026 1:58pm","SPX","Jan 30, 2026","ironcondor","long put 6,875 / short put 6,880 / short call 6,945 / long call 6,950","1","touch","-65","374","-17.38","126","33.69","1.26","1.1","1.4","1.91","1.65","2.15","374","126","6917.16","6935.14"
"Jan 29, 2026 1:30pm","Jan 29, 2026 3:40pm","SPX","Jan 29, 2026","ironcondor","long put 6,900 / short put 6,905 / short call 6,955 / long call 6,960","1","touch","15","390","3.85","110","28.21","1.1","1","1.2","0.95","0.85","1.05","390","110","6932.82","6949.35"
"Jan 28, 2026 1:30pm","Jan 28, 2026 4:00pm","SPX","Jan 28, 2026","ironcondor","long put 6,930 / short put 6,935 / short call 7,010 / long call 7,015","1","expired","114","386","29.53","114","29.53","1.14","1","1.3","0","","","386","114","6974.81","6978.03"
"Jan 27, 2026 1:30pm","Jan 27, 2026 1:31pm","SPX","Jan 27, 2026","ironcondor","long put 6,960 / short put 6,965 / short call 6,990 / long call 6,995","1","touch","0","405","0","95","23.46","0.95","0.85","1.05","0.95","0.85","1.05","405","95","6981.42","6982.27"
"Jan 26, 2026 1:30pm","Jan 26, 2026 4:00pm","SPX","Jan 26, 2026","ironcondor","long put 6,940 / short put 6,945 / short call 6,975 / long call 6,980","1","expired","65","435","14.94","65","14.94","0.65","0.55","0.75","0","","","435","65","6961.15","6950.23"
"Jan 23, 2026 1:30pm","Jan 23, 2026 2:09pm","SPX","Jan 23, 2026","ironcondor","long put 6,885 / short put 6,890 / short call 6,930 / long call 6,935","1","touch","-17","405","-4.2","95","23.46","0.95","0.85","1.05","1.12","1","1.25","405","95","6912.67","6921.17"
"Jan 21, 2026 1:30pm","Jan 21, 2026 2:28pm","SPX","Jan 21, 2026","ironcondor","long put 6,795 / short put 6,800 / short call 6,855 / long call 6,860","1","touch","-104","392","-26.53","108","27.55","1.08","0.95","1.2","2.12","1.6","2.65","392","108","6828.73","6853.5"
"Jan 16, 2026 1:30pm","Jan 16, 2026 2:06pm","SPX","Jan 16, 2026","ironcondor","long put 6,930 / short put 6,935 / short call 6,970 / long call 6,975","1","touch","-24","428","-5.61","72","16.82","0.72","0.6","0.85","0.96","0.8","1.1","428","72","6954.11","6960.47"
"Jan 15, 2026 1:30pm","Jan 15, 2026 1:35pm","SPX","Jan 15, 2026","ironcondor","long put 6,950 / short put 6,955 / short call 6,985 / long call 6,990","1","touch","-9","407","-2.21","93","22.85","0.93","0.8","1.05","1.02","0.9","1.15","407","93","6973.78","6975.52"
"Jan 13, 2026 1:30pm","Jan 13, 2026 1:36pm","SPX","Jan 13, 2026","ironcondor","long put 6,930 / short put 6,935 / short call 6,970 / long call 6,975","1","touch","-18","387","-4.65","113","29.2","1.13","1","1.25","1.31","1.2","1.4","387","113","6954.62","6960.23"
"Jan 12, 2026 1:30pm","Jan 12, 2026 1:34pm","SPX","Jan 12, 2026","ironcondor","long put 6,960 / short put 6,965 / short call 6,990 / long call 6,995","1","touch","-1","438","-0.23","62","14.16","0.62","0.5","0.75","0.63","0.5","0.75","438","62","6976.69","6974.92"
"Jan 9, 2026 1:30pm","Jan 9, 2026 1:36pm","SPX","Jan 9, 2026","ironcondor","long put 6,940 / short put 6,945 / short call 6,980 / long call 6,985","1","touch","-29","441","-6.58","59","13.38","0.59","0.5","0.7","0.88","0.75","1","441","59","6964.48","6970.56"
"Jan 8, 2026 1:30pm","Jan 8, 2026 2:17pm","SPX","Jan 8, 2026","ironcondor","long put 6,895 / short put 6,900 / short call 6,935 / long call 6,940","1","touch","-1","383","-0.26","117","30.55","1.17","1.05","1.3","1.18","1.05","1.3","383","117","6921.04","6909.23"
"Jan 7, 2026 1:30pm","Jan 7, 2026 1:31pm","SPX","Jan 7, 2026","ironcondor","long put 6,925 / short put 6,930 / short call 6,960 / long call 6,965","1","touch","-4","394","-1.02","106","26.9","1.06","0.95","1.15","1.1","1","1.2","394","106","6947.59","6950.21"
"Jan 6, 2026 1:30pm","Jan 6, 2026 1:31pm","SPX","Jan 6, 2026","ironcondor","long put 6,915 / short put 6,920 / short call 6,945 / long call 6,950","1","touch","4","430","0.93","70","16.28","0.7","0.55","0.85","0.66","0.55","0.75","430","70","6934.73","6935.17"
"Jan 5, 2026 1:30pm","Jan 5, 2026 1:31pm","SPX","Jan 5, 2026","ironcondor","long put 6,890 / short put 6,895 / short call 6,920 / long call 6,925","1","touch","-2","409","-0.49","91","22.25","0.91","0.8","1.05","0.93","0.8","1.05","409","91","6910.11","6911.46"
"Jan 2, 2026 1:30pm","Jan 2, 2026 1:53pm","SPX","Jan 2, 2026","ironcondor","long put 6,810 / short put 6,815 / short call 6,855 / long call 6,860","1","touch","-21","401","-5.24","99","24.69","0.99","0.85","1.1","1.2","1.05","1.35","401","99","6835.93","6824.83"
"Dec 31, 2025 1:30pm","Dec 31, 2025 2:33pm","SPX","Dec 31, 2025","ironcondor","long put 6,860 / short put 6,865 / short call 6,900 / long call 6,905","1","touch","-27","417","-6.47","83","19.9","0.83","0.7","0.95","1.1","1","1.2","417","83","6880.76","6874.04"
"Dec 30, 2025 1:30pm","Dec 30, 2025 4:00pm","SPX","Dec 30, 2025","ironcondor","long put 6,885 / short put 6,890 / short call 6,920 / long call 6,925","1","expired","56","444","12.61","56","12.61","0.56","0.45","0.65","0","","","444","56","6905.35","6896.24"
"Dec 29, 2025 1:30pm","Dec 29, 2025 1:36pm","SPX","Dec 29, 2025","ironcondor","long put 6,885 / short put 6,890 / short call 6,915 / long call 6,920","1","touch","-25","439","-5.69","61","13.9","0.61","0.5","0.75","0.86","0.75","0.95","439","61","6900.98","6905.22"
"Dec 26, 2025 1:30pm","Dec 26, 2025 1:31pm","SPX","Dec 26, 2025","ironcondor","long put 6,910 / short put 6,915 / short call 6,935 / long call 6,940","1","touch","10","426","2.35","74","17.37","0.74","0.65","0.85","0.64","0.55","0.75","426","74","6925.46","6925.73"
"Dec 23, 2025 1:30pm","Dec 23, 2025 1:32pm","SPX","Dec 23, 2025","ironcondor","long put 6,885 / short put 6,890 / short call 6,915 / long call 6,920","1","touch","1","444","0.23","56","12.61","0.56","0.45","0.65","0.55","0.45","0.65","444","56","6904.21","6905.81"
"Dec 22, 2025 1:30pm","Dec 22, 2025 1:31pm","SPX","Dec 22, 2025","ironcondor","long put 6,855 / short put 6,860 / short call 6,885 / long call 6,890","1","touch","7","411","1.7","89","21.65","0.89","0.75","1","0.82","0.7","0.95","411","89","6875.89","6876.27"
"Dec 15, 2025 1:30pm","Dec 15, 2025 1:57pm","SPX","Dec 15, 2025","ironcondor","long put 6,780 / short put 6,785 / short call 6,830 / long call 6,835","1","touch","-46","393","-11.7","107","27.23","1.07","0.95","1.2","1.53","1.35","1.7","393","107","6809.05","6823.03"
"Dec 11, 2025 1:30pm","Dec 11, 2025 1:42pm","SPX","Dec 11, 2025","ironcondor","long put 6,860 / short put 6,865 / short call 6,905 / long call 6,910","1","touch","-30","428","-7.01","72","16.82","0.72","0.6","0.85","1.02","0.9","1.15","428","72","6887.62","6895.35"
"Dec 10, 2025 1:30pm","Dec 10, 2025 2:54pm","SPX","Dec 10, 2025","ironcondor","long put 6,775 / short put 6,780 / short call 6,890 / long call 6,895","1","touch","-59","365","-16.16","135","36.99","1.35","1.1","1.6","1.94","1.7","2.2","365","135","6839.79","6880.62"
"Dec 9, 2025 1:30pm","Dec 9, 2025 1:40pm","SPX","Dec 9, 2025","ironcondor","long put 6,835 / short put 6,840 / short call 6,865 / long call 6,870","1","touch","2","404","0.5","96","23.76","0.96","0.8","1.1","0.94","0.85","1.05","404","96","6853.34","6849.87"
"Dec 8, 2025 1:30pm","Dec 8, 2025 4:00pm","SPX","Dec 8, 2025","ironcondor","long put 6,810 / short put 6,815 / short call 6,860 / long call 6,865","1","expired","82","418","19.62","82","19.62","0.82","0.7","0.95","0","","","418","82","6839.82","6846.51"
"Dec 5, 2025 1:30pm","Dec 5, 2025 4:00pm","SPX","Dec 5, 2025","ironcondor","long put 6,850 / short put 6,855 / short call 6,895 / long call 6,900","1","expired","93","407","22.85","93","22.85","0.93","0.8","1.05","0","","","407","93","6877.55","6870.4"
"Dec 4, 2025 1:30pm","Dec 4, 2025 2:13pm","SPX","Dec 4, 2025","ironcondor","long put 6,835 / short put 6,840 / short call 6,875 / long call 6,880","1","touch","18","398","4.52","102","25.63","1.02","0.85","1.2","0.84","0.75","0.95","398","102","6859.79","6849.63"
"Dec 3, 2025 1:30pm","Dec 3, 2025 1:42pm","SPX","Dec 3, 2025","ironcondor","long put 6,830 / short put 6,835 / short call 6,865 / long call 6,870","1","touch","-5","389","-1.29","111","28.53","1.11","1","1.2","1.16","1.05","1.25","389","111","6852.23","6856.23"
"Dec 2, 2025 1:30pm","Dec 2, 2025 2:52pm","SPX","Dec 2, 2025","ironcondor","long put 6,795 / short put 6,800 / short call 6,845 / long call 6,850","1","touch","-22","389","-5.66","111","28.53","1.11","0.95","1.25","1.33","1.2","1.45","389","111","6824.22","6838.19"
"Dec 1, 2025 1:30pm","Dec 1, 2025 2:17pm","SPX","Dec 1, 2025","ironcondor","long put 6,815 / short put 6,820 / short call 6,855 / long call 6,860","1","touch","-18","414","-4.35","86","20.77","0.86","0.75","1","1.04","0.9","1.15","414","86","6838.21","6829.74"
"Nov 25, 2025 1:30pm","Nov 25, 2025 2:41pm","SPX","Nov 25, 2025","ironcondor","long put 6,725 / short put 6,730 / short call 6,770 / long call 6,775","1","touch","5","411","1.22","89","21.65","0.89","0.75","1","0.84","0.75","0.95","411","89","6754.52","6739.12"
"Nov 20, 2025 1:30pm","Nov 20, 2025 1:54pm","SPX","Nov 20, 2025","ironcondor","long put 6,545 / short put 6,550 / short call 6,665 / long call 6,670","1","touch","-65","355","-18.31","145","40.85","1.45","1.1","1.8","2.1","1.75","2.45","355","145","6610.68","6557.64"
"Nov 19, 2025 1:30pm","Nov 19, 2025 3:34pm","SPX","Nov 19, 2025","ironcondor","long put 6,585 / short put 6,590 / short call 6,660 / long call 6,665","1","touch","-2","370","-0.54","130","35.14","1.3","1.15","1.45","1.32","1.2","1.45","370","130","6625.78","6650.99"
"Nov 18, 2025 1:30pm","Nov 18, 2025 4:00pm","SPX","Nov 18, 2025","ironcondor","long put 6,600 / short put 6,605 / short call 6,690 / long call 6,695","1","expired","113","387","29.2","113","29.2","1.13","0.95","1.3","0","","","387","113","6649.58","6617.32"
"Nov 17, 2025 1:30pm","Nov 17, 2025 2:04pm","SPX","Nov 17, 2025","ironcondor","long put 6,660 / short put 6,665 / short call 6,735 / long call 6,740","1","touch","-75","385","-19.48","115","29.87","1.15","1.05","1.25","1.9","1.7","2.1","385","115","6703.85","6674.06"
"Nov 14, 2025 1:30pm","Nov 14, 2025 4:00pm","SPX","Nov 14, 2025","ironcondor","long put 6,705 / short put 6,710 / short call 6,780 / long call 6,785","1","expired","124","376","32.98","124","32.98","1.24","1.1","1.35","0","","","376","124","6748.62","6734.11"
"Nov 12, 2025 1:30pm","Nov 12, 2025 4:00pm","SPX","Nov 12, 2025","ironcondor","long put 6,825 / short put 6,830 / short call 6,875 / long call 6,880","1","expired","115","385","29.87","115","29.87","1.15","1.05","1.25","0","","","385","115","6854.59","6850.92"
"Nov 11, 2025 1:30pm","Nov 11, 2025 4:00pm","SPX","Nov 11, 2025","ironcondor","long put 6,825 / short put 6,830 / short call 6,865 / long call 6,870","1","expired","89","411","21.65","89","21.65","0.89","0.8","1","0","","","411","89","6848.34","6846.61"
"Nov 7, 2025 1:30pm","Nov 7, 2025 2:33pm","SPX","Nov 7, 2025","ironcondor","long put 6,635 / short put 6,640 / short call 6,705 / long call 6,710","1","touch","-46","392","-11.73","108","27.55","1.08","0.95","1.2","1.54","1.4","1.7","392","108","6672.96","6695.38"
"Nov 3, 2025 1:30pm","Nov 3, 2025 4:00pm","SPX","Nov 3, 2025","ironcondor","long put 6,830 / short put 6,835 / short call 6,875 / long call 6,880","1","expired","85","415","20.48","85","20.48","0.85","0.7","1","0","","","415","85","6857.68","6851.97"
"Oct 31, 2025 1:30pm","Oct 31, 2025 2:09pm","SPX","Oct 31, 2025","ironcondor","long put 6,775 / short put 6,780 / short call 6,850 / long call 6,855","1","touch","-42","367","-11.44","133","36.24","1.33","1.1","1.55","1.75","1.55","1.95","367","133","6819.52","6840.52"
"Oct 30, 2025 1:30pm","Oct 30, 2025 2:42pm","SPX","Oct 30, 2025","ironcondor","long put 6,830 / short put 6,835 / short call 6,890 / long call 6,895","1","touch","-31","402","-7.71","98","24.38","0.98","0.85","1.1","1.29","1.1","1.5","402","98","6866.61","6844.54"
"Oct 29, 2025 1:30pm","Oct 29, 2025 2:40pm","SPX","Oct 29, 2025","ironcondor","long put 6,845 / short put 6,850 / short call 6,945 / long call 6,950","1","touch","-73","387","-18.86","113","29.2","1.13","0.95","1.3","1.86","1.5","2.2","387","113","6902.52","6858.47"
"Oct 28, 2025 1:30pm","Oct 28, 2025 1:36pm","SPX","Oct 28, 2025","ironcondor","long put 6,870 / short put 6,875 / short call 6,905 / long call 6,910","1","touch","6","404","1.49","96","23.76","0.96","0.85","1.1","0.9","0.75","1.05","404","96","6892.29","6895.44"
"Oct 23, 2025 1:30pm","Oct 23, 2025 1:34pm","SPX","Oct 23, 2025","ironcondor","long put 6,705 / short put 6,710 / short call 6,745 / long call 6,750","1","touch","-9","405","-2.22","95","23.46","0.95","0.85","1.05","1.04","0.9","1.2","405","95","6732.19","6735.68"
"Oct 21, 2025 1:30pm","Oct 21, 2025 2:02pm","SPX","Oct 21, 2025","ironcondor","long put 6,710 / short put 6,715 / short call 6,755 / long call 6,760","1","touch","12","417","2.88","83","19.9","0.83","0.65","1","0.71","0.6","0.8","417","83","6738.07","6745.35"
"Oct 17, 2025 1:30pm","Oct 17, 2025 2:09pm","SPX","Oct 17, 2025","ironcondor","long put 6,580 / short put 6,585 / short call 6,670 / long call 6,675","1","touch","-71","387","-18.35","113","29.2","1.13","0.95","1.3","1.84","1.65","2.05","387","113","6633.67","6660.51"
"Oct 16, 2025 1:30pm","Oct 16, 2025 2:05pm","SPX","Oct 16, 2025","ironcondor","long put 6,610 / short put 6,615 / short call 6,690 / long call 6,695","1","touch","-38","365","-10.41","135","36.99","1.35","1.15","1.55","1.73","1.5","1.95","365","135","6657.63","6624.77"
"Oct 15, 2025 1:30pm","Oct 15, 2025 1:51pm","SPX","Oct 15, 2025","ironcondor","long put 6,575 / short put 6,580 / short call 6,670 / long call 6,675","1","touch","-73","365","-20","135","36.99","1.35","1.1","1.6","2.08","1.9","2.25","365","135","6630.71","6662.46"
"Oct 14, 2025 1:30pm","Oct 14, 2025 4:00pm","SPX","Oct 14, 2025","ironcondor","long put 6,640 / short put 6,645 / short call 6,700 / long call 6,705","1","expired","19","412","4.61","88","21.36","0.88","0.7","1.05","0.69","","","412","88","6675.67","6644.31"
"Oct 9, 2025 1:30pm","Oct 9, 2025 1:41pm","SPX","Oct 9, 2025","ironcondor","long put 6,690 / short put 6,695 / short call 6,735 / long call 6,740","1","touch","-25","398","-6.28","102","25.63","1.02","0.85","1.2","1.27","1.15","1.4","398","102","6718.45","6727.1"
"Oct 8, 2025 1:30pm","Oct 8, 2025 2:14pm","SPX","Oct 8, 2025","ironcondor","long put 6,730 / short put 6,735 / short call 6,765 / long call 6,770","1","touch","17","433","3.93","67","15.47","0.67","0.55","0.8","0.5","0.4","0.6","433","67","6753.36","6755.03"
"Oct 7, 2025 1:30pm","Oct 7, 2025 2:01pm","SPX","Oct 7, 2025","ironcondor","long put 6,690 / short put 6,695 / short call 6,730 / long call 6,735","1","touch","-15","397","-3.78","103","25.94","1.03","0.9","1.15","1.18","1.05","1.3","397","103","6713.44","6704.97"
"Oct 6, 2025 1:30pm","Oct 6, 2025 4:00pm","SPX","Oct 6, 2025","ironcondor","long put 6,725 / short put 6,730 / short call 6,760 / long call 6,765","1","expired","72","428","16.82","72","16.82","0.72","0.55","0.9","0","","","428","72","6745.02","6740.28"
"Oct 3, 2025 1:30pm","Oct 3, 2025 1:54pm","SPX","Oct 3, 2025","ironcondor","long put 6,695 / short put 6,700 / short call 6,745 / long call 6,750","1","touch","-39","399","-9.77","101","25.31","1.01","0.9","1.1","1.4","1.2","1.6","399","101","6728.09","6709.3"
"Oct 2, 2025 1:30pm","Oct 2, 2025 1:43pm","SPX","Oct 2, 2025","ironcondor","long put 6,690 / short put 6,695 / short call 6,725 / long call 6,730","1","touch","0","405","0","95","23.46","0.95","0.8","1.1","0.95","0.85","1.05","405","95","6710.35","6715.49"
"Oct 1, 2025 1:30pm","Oct 1, 2025 2:14pm","SPX","Oct 1, 2025","ironcondor","long put 6,685 / short put 6,690 / short call 6,720 / long call 6,725","1","touch","-9","426","-2.11","74","17.37","0.74","0.65","0.85","0.83","0.75","0.95","426","74","6704.51","6710.79"
"Sep 30, 2025 1:30pm","Sep 30, 2025 1:55pm","SPX","Sep 30, 2025","ironcondor","long put 6,620 / short put 6,625 / short call 6,665 / long call 6,670","1","touch","-2","365","-0.55","135","36.99","1.35","1.25","1.45","1.37","1.2","1.55","365","135","6645.93","6655.03"
"Sep 29, 2025 1:30pm","Sep 29, 2025 1:53pm","SPX","Sep 29, 2025","ironcondor","long put 6,630 / short put 6,635 / short call 6,665 / long call 6,670","1","touch","13","408","3.19","92","22.55","0.92","0.8","1.05","0.79","0.65","0.95","408","92","6650.93","6655.72"
"Sep 26, 2025 1:30pm","Sep 26, 2025 2:39pm","SPX","Sep 26, 2025","ironcondor","long put 6,615 / short put 6,620 / short call 6,655 / long call 6,660","1","touch","30","400","7.5","100","25","1","0.85","1.15","0.7","0.6","0.8","400","100","6641.76","6645.52"
"Sep 25, 2025 1:30pm","Sep 25, 2025 1:58pm","SPX","Sep 25, 2025","ironcondor","long put 6,570 / short put 6,575 / short call 6,620 / long call 6,625","1","touch","-38","387","-9.82","113","29.2","1.13","0.95","1.3","1.51","1.3","1.7","387","113","6598.78","6583.1"
"Sep 24, 2025 1:30pm","Sep 24, 2025 2:08pm","SPX","Sep 24, 2025","ironcondor","long put 6,615 / short put 6,620 / short call 6,655 / long call 6,660","1","touch","-7","405","-1.73","95","23.46","0.95","0.85","1.05","1.02","0.9","1.1","405","95","6639.5","6629.89"
"Sep 23, 2025 1:30pm","Sep 23, 2025 1:42pm","SPX","Sep 23, 2025","ironcondor","long put 6,635 / short put 6,640 / short call 6,680 / long call 6,685","1","touch","-52","375","-13.87","125","33.33","1.25","1.15","1.35","1.77","1.55","2","375","125","6663.87","6646.27"
"Sep 22, 2025 1:30pm","Sep 22, 2025 3:01pm","SPX","Sep 22, 2025","ironcondor","long put 6,670 / short put 6,675 / short call 6,705 / long call 6,710","1","touch","35","438","7.99","62","14.16","0.62","0.5","0.75","0.27","0.15","0.4","438","62","6691.55","6695.32"
"Sep 19, 2025 1:30pm","Sep 19, 2025 1:51pm","SPX","Sep 19, 2025","ironcondor","long put 6,630 / short put 6,635 / short call 6,665 / long call 6,670","1","touch","5","434","1.15","66","15.21","0.66","0.5","0.8","0.61","0.5","0.75","434","66","6651.07","6655"
"Sep 18, 2025 1:30pm","Sep 18, 2025 1:58pm","SPX","Sep 18, 2025","ironcondor","long put 6,620 / short put 6,625 / short call 6,655 / long call 6,660","1","touch","-16","396","-4.04","104","26.26","1.04","0.9","1.15","1.2","1.05","1.35","396","104","6641.88","6633.81"
"Sep 17, 2025 1:30pm","Sep 17, 2025 4:00pm","SPX","Sep 17, 2025","ironcondor","long put 6,525 / short put 6,530 / short call 6,655 / long call 6,660","1","expired","125","375","33.33","125","33.33","1.25","1","1.5","0","","","375","125","6594.4","6600.35"
"Sep 16, 2025 1:30pm","Sep 16, 2025 2:52pm","SPX","Sep 16, 2025","ironcondor","long put 6,590 / short put 6,595 / short call 6,625 / long call 6,630","1","touch","32","433","7.39","67","15.47","0.67","0.55","0.8","0.35","0.25","0.45","433","67","6610.67","6615.14"
"Sep 15, 2025 1:30pm","Sep 15, 2025 1:40pm","SPX","Sep 15, 2025","ironcondor","long put 6,580 / short put 6,585 / short call 6,620 / long call 6,625","1","touch","-1","426","-0.23","74","17.37","0.74","0.65","0.85","0.75","0.65","0.85","426","74","6606.14","6610.38"
"Sep 12, 2025 1:30pm","Sep 12, 2025 1:31pm","SPX","Sep 12, 2025","ironcondor","long put 6,575 / short put 6,580 / short call 6,600 / long call 6,605","1","touch","-7","416","-1.68","84","20.19","0.84","0.7","1","0.91","0.8","1","416","84","6590.72","6591.11"
"Sep 11, 2025 1:30pm","Sep 11, 2025 2:00pm","SPX","Sep 11, 2025","ironcondor","long put 6,560 / short put 6,565 / short call 6,595 / long call 6,600","1","touch","5","422","1.18","78","18.48","0.78","0.65","0.9","0.73","0.6","0.85","422","78","6581.13","6585.33"
"Sep 10, 2025 1:30pm","Sep 10, 2025 2:27pm","SPX","Sep 10, 2025","ironcondor","long put 6,510 / short put 6,515 / short call 6,550 / long call 6,555","1","touch","7","412","1.7","88","21.36","0.88","0.75","1","0.81","0.7","0.9","412","88","6532.74","6525"
"Sep 9, 2025 1:30pm","Sep 9, 2025 2:49pm","SPX","Sep 9, 2025","ironcondor","long put 6,485 / short put 6,490 / short call 6,520 / long call 6,525","1","touch","28","431","6.5","69","16.01","0.69","0.6","0.8","0.41","0.3","0.5","431","69","6505.8","6510.52"
"Sep 8, 2025 1:30pm","Sep 8, 2025 1:49pm","SPX","Sep 8, 2025","ironcondor","long put 6,475 / short put 6,480 / short call 6,510 / long call 6,515","1","touch","-9","423","-2.13","77","18.2","0.77","0.6","0.95","0.86","0.75","0.95","423","77","6495.08","6489.75"
"Sep 5, 2025 1:30pm","Sep 5, 2025 3:17pm","SPX","Sep 5, 2025","ironcondor","long put 6,440 / short put 6,445 / short call 6,490 / long call 6,495","1","touch","-20","418","-4.78","82","19.62","0.82","0.7","0.95","1.02","0.9","1.15","418","82","6469.2","6482.29"
"Sep 4, 2025 1:30pm","Sep 4, 2025 1:42pm","SPX","Sep 4, 2025","ironcondor","long put 6,460 / short put 6,465 / short call 6,490 / long call 6,495","1","touch","6","416","1.44","84","20.19","0.84","0.75","0.95","0.78","0.65","0.9","416","84","6479.49","6480.14"
"Sep 3, 2025 1:30pm","Sep 3, 2025 1:44pm","SPX","Sep 3, 2025","ironcondor","long put 6,410 / short put 6,415 / short call 6,450 / long call 6,455","1","touch","-32","422","-7.58","78","18.48","0.78","0.65","0.9","1.1","0.95","1.25","422","78","6433.9","6424.57"
"Aug 28, 2025 1:30pm","Aug 28, 2025 2:30pm","SPX","Aug 28, 2025","ironcondor","long put 6,475 / short put 6,480 / short call 6,510 / long call 6,515","1","touch","19","427","4.45","73","17.1","0.73","0.6","0.85","0.54","0.45","0.65","427","73","6494.95","6500.35"
"Aug 27, 2025 1:30pm","Aug 27, 2025 1:39pm","SPX","Aug 27, 2025","ironcondor","long put 6,460 / short put 6,465 / short call 6,490 / long call 6,495","1","touch","1","449","0.22","51","11.36","0.51","0.4","0.65","0.5","0.4","0.6","449","51","6478.17","6480.18"
"Aug 26, 2025 1:30pm","Aug 26, 2025 1:38pm","SPX","Aug 26, 2025","ironcondor","long put 6,430 / short put 6,435 / short call 6,460 / long call 6,465","1","touch","-5","435","-1.15","65","14.94","0.65","0.5","0.8","0.7","0.6","0.8","435","65","6448.37","6444.52"
"Aug 25, 2025 1:30pm","Aug 25, 2025 1:31pm","SPX","Aug 25, 2025","ironcondor","long put 6,440 / short put 6,445 / short call 6,470 / long call 6,475","1","touch","-3","428","-0.7","72","16.82","0.72","0.6","0.85","0.75","0.65","0.85","428","72","6460.34","6461.55"
"Aug 21, 2025 1:30pm","Aug 21, 2025 1:41pm","SPX","Aug 21, 2025","ironcondor","long put 6,330 / short put 6,335 / short call 6,380 / long call 6,385","1","touch","-55","383","-14.36","117","30.55","1.17","1.05","1.3","1.72","1.5","1.95","383","117","6358.01","6371.57"
"Aug 20, 2025 1:30pm","Aug 20, 2025 1:42pm","SPX","Aug 20, 2025","ironcondor","long put 6,355 / short put 6,360 / short call 6,400 / long call 6,405","1","touch","-27","384","-7.03","116","30.21","1.16","1.05","1.3","1.43","1.3","1.55","384","116","6380.35","6390"
"Aug 19, 2025 1:30pm","Aug 19, 2025 2:21pm","SPX","Aug 19, 2025","ironcondor","long put 6,390 / short put 6,395 / short call 6,430 / long call 6,435","1","touch","-3","417","-0.72","83","19.9","0.83","0.7","0.95","0.86","0.7","1","417","83","6412.61","6404.78"
"Aug 18, 2025 1:30pm","Aug 18, 2025 1:32pm","SPX","Aug 18, 2025","ironcondor","long put 6,430 / short put 6,435 / short call 6,460 / long call 6,465","1","touch","-51","412","-12.38","88","21.36","0.88","0.75","1","1.39","1.25","1.5","412","88","6447.25","6453.22"
"Aug 15, 2025 1:30pm","Aug 15, 2025 1:32pm","SPX","Aug 15, 2025","ironcondor","long put 6,435 / short put 6,440 / short call 6,470 / long call 6,475","1","touch","-11","397","-2.77","103","25.94","1.03","0.9","1.15","1.14","1.05","1.25","397","103","6457.96","6460.9"
"Aug 14, 2025 1:30pm","Aug 14, 2025 2:15pm","SPX","Aug 14, 2025","ironcondor","long put 6,445 / short put 6,450 / short call 6,480 / long call 6,485","1","touch","21","393","5.34","107","27.23","1.07","0.95","1.2","0.86","0.7","1","393","107","6467.88","6459.36"
"Aug 13, 2025 1:30pm","Aug 13, 2025 2:58pm","SPX","Aug 13, 2025","ironcondor","long put 6,430 / short put 6,435 / short call 6,470 / long call 6,475","1","touch","13","431","3.02","69","16.01","0.69","0.6","0.8","0.56","0.45","0.65","431","69","6454.29","6460.62"
"Aug 11, 2025 1:30pm","Aug 11, 2025 2:46pm","SPX","Aug 11, 2025","ironcondor","long put 6,365 / short put 6,370 / short call 6,405 / long call 6,410","1","touch","-33","433","-7.62","67","15.47","0.67","0.55","0.8","1","0.85","1.15","433","67","6389.6","6377.87"
"Aug 8, 2025 1:30pm","Aug 8, 2025 1:32pm","SPX","Aug 8, 2025","ironcondor","long put 6,360 / short put 6,365 / short call 6,395 / long call 6,400","1","touch","2","384","0.52","116","30.21","1.16","1","1.3","1.14","1.05","1.25","384","116","6382.52","6385.37"
"Aug 7, 2025 1:30pm","Aug 7, 2025 4:00pm","SPX","Aug 7, 2025","ironcondor","long put 6,285 / short put 6,290 / short call 6,340 / long call 6,345","1","expired","117","383","30.55","117","30.55","1.17","1","1.35","0","","","383","117","6319.46","6340"
"Aug 6, 2025 1:30pm","Aug 6, 2025 1:38pm","SPX","Aug 6, 2025","ironcondor","long put 6,320 / short put 6,325 / short call 6,355 / long call 6,360","1","touch","-8","414","-1.93","86","20.77","0.86","0.7","1","0.94","0.8","1.05","414","86","6342.19","6345.16"
"Aug 5, 2025 1:30pm","Aug 5, 2025 1:47pm","SPX","Aug 5, 2025","ironcondor","long put 6,290 / short put 6,295 / short call 6,330 / long call 6,335","1","touch","-10","413","-2.42","87","21.07","0.87","0.75","1","0.97","0.85","1.1","413","87","6316.25","6320.36"
"Jul 31, 2025 1:30pm","Jul 31, 2025 2:16pm","SPX","Jul 31, 2025","ironcondor","long put 6,330 / short put 6,335 / short call 6,395 / long call 6,400","1","touch","-71","373","-19.03","127","34.05","1.27","1.1","1.45","1.98","1.75","2.2","373","127","6368.03","6341.48"
"Jul 30, 2025 1:30pm","Jul 30, 2025 2:59pm","SPX","Jul 30, 2025","ironcondor","long put 6,340 / short put 6,345 / short call 6,410 / long call 6,415","1","touch","-28","389","-7.2","111","28.53","1.11","1","1.25","1.39","1.2","1.6","389","111","6382.46","6354.24"
"Jul 29, 2025 1:30pm","Jul 29, 2025 1:39pm","SPX","Jul 29, 2025","ironcondor","long put 6,365 / short put 6,370 / short call 6,395 / long call 6,400","1","touch","-28","420","-6.67","80","19.05","0.8","0.6","1","1.08","0.9","1.25","420","80","6382.47","6378"
"Jul 28, 2025 1:30pm","Jul 28, 2025 1:32pm","SPX","Jul 28, 2025","ironcondor","long put 6,360 / short put 6,365 / short call 6,395 / long call 6,400","1","touch","-9","408","-2.21","92","22.55","0.92","0.8","1.05","1.01","0.9","1.1","408","92","6383.13","6385.69"
"Jul 25, 2025 1:30pm","Jul 25, 2025 2:22pm","SPX","Jul 25, 2025","ironcondor","long put 6,370 / short put 6,375 / short call 6,405 / long call 6,410","1","touch","15","445","3.37","55","12.36","0.55","0.4","0.7","0.4","0.3","0.5","445","55","6390.78","6395.04"
"Jul 24, 2025 1:30pm","Jul 24, 2025 2:11pm","SPX","Jul 24, 2025","ironcondor","long put 6,350 / short put 6,355 / short call 6,390 / long call 6,395","1","touch","-21","447","-4.7","53","11.86","0.53","0.45","0.65","0.74","0.65","0.85","447","53","6373.99","6380.29"
"Jul 23, 2025 1:30pm","Jul 23, 2025 1:44pm","SPX","Jul 23, 2025","ironcondor","long put 6,320 / short put 6,325 / short call 6,355 / long call 6,360","1","touch","-38","446","-8.52","54","12.11","0.54","0.45","0.65","0.92","0.8","1.05","446","54","6341.62","6346.8"
"Jul 22, 2025 1:30pm","Jul 22, 2025 1:53pm","SPX","Jul 22, 2025","ironcondor","long put 6,290 / short put 6,295 / short call 6,325 / long call 6,330","1","touch","12","412","2.91","88","21.36","0.88","0.75","1","0.76","0.6","0.9","412","88","6310.87","6304.31"
"Jul 21, 2025 1:30pm","Jul 21, 2025 1:31pm","SPX","Jul 21, 2025","ironcondor","long put 6,315 / short put 6,320 / short call 6,345 / long call 6,350","1","touch","1","443","0.23","57","12.87","0.57","0.45","0.7","0.56","0.45","0.65","443","57","6334.91","6335.18"
"Jul 18, 2025 1:30pm","Jul 18, 2025 1:42pm","SPX","Jul 18, 2025","ironcondor","long put 6,265 / short put 6,270 / short call 6,305 / long call 6,310","1","touch","-10","425","-2.35","75","17.65","0.75","0.6","0.9","0.85","0.75","0.95","425","75","6289.93","6295.02"
"Jul 17, 2025 1:30pm","Jul 17, 2025 1:58pm","SPX","Jul 17, 2025","ironcondor","long put 6,270 / short put 6,275 / short call 6,305 / long call 6,310","1","touch","8","439","1.82","61","13.9","0.61","0.5","0.75","0.53","0.4","0.65","439","61","6291.32","6295.15"
"Jul 16, 2025 1:30pm","Jul 16, 2025 2:31pm","SPX","Jul 16, 2025","ironcondor","long put 6,225 / short put 6,230 / short call 6,265 / long call 6,270","1","touch","48","397","12.09","103","25.94","1.03","0.85","1.2","0.55","0.4","0.7","397","103","6251.78","6255.38"
"Jul 15, 2025 1:30pm","Jul 15, 2025 1:55pm","SPX","Jul 15, 2025","ironcondor","long put 6,235 / short put 6,240 / short call 6,275 / long call 6,280","1","touch","6","418","1.44","82","19.62","0.82","0.7","0.95","0.76","0.65","0.9","418","82","6259.41","6265.19"
"Jul 14, 2025 1:30pm","Jul 14, 2025 1:33pm","SPX","Jul 14, 2025","ironcondor","long put 6,250 / short put 6,255 / short call 6,280 / long call 6,285","1","touch","3","416","0.72","84","20.19","0.84","0.7","0.95","0.81","0.7","0.95","416","84","6268.87","6270.08"
"Jul 11, 2025 1:30pm","Jul 11, 2025 3:07pm","SPX","Jul 11, 2025","ironcondor","long put 6,240 / short put 6,245 / short call 6,280 / long call 6,285","1","touch","1","415","0.24","85","20.48","0.85","0.7","1","0.84","0.7","1","415","85","6265.49","6254.72"
"Jul 10, 2025 1:30pm","Jul 10, 2025 1:33pm","SPX","Jul 10, 2025","ironcondor","long put 6,260 / short put 6,265 / short call 6,295 / long call 6,300","1","touch","-15","435","-3.45","65","14.94","0.65","0.45","0.85","0.8","0.7","0.9","435","65","6282.64","6285.31"
"Jul 9, 2025 1:30pm","Jul 9, 2025 2:06pm","SPX","Jul 9, 2025","ironcondor","long put 6,220 / short put 6,225 / short call 6,260 / long call 6,265","1","touch","10","405","2.47","95","23.46","0.95","0.8","1.1","0.85","0.75","0.95","405","95","6245.44","6250.62"
"Jul 8, 2025 1:30pm","Jul 8, 2025 4:00pm","SPX","Jul 8, 2025","ironcondor","long put 6,205 / short put 6,210 / short call 6,245 / long call 6,250","1","expired","113","387","29.2","113","29.2","1.13","1","1.25","0","","","387","113","6230.06","6225.52"
"Jul 2, 2025 1:30pm","Jul 2, 2025 2:33pm","SPX","Jul 2, 2025","ironcondor","long put 6,195 / short put 6,200 / short call 6,230 / long call 6,235","1","touch","29","415","6.99","85","20.48","0.85","0.7","1","0.56","0.45","0.65","415","85","6217.41","6220.33"
"Jul 1, 2025 1:30pm","Jul 1, 2025 3:02pm","SPX","Jul 1, 2025","ironcondor","long put 6,180 / short put 6,185 / short call 6,220 / long call 6,225","1","touch","-16","409","-3.91","91","22.25","0.91","0.75","1.05","1.07","0.85","1.3","409","91","6203.45","6193.47"
"Jun 30, 2025 1:30pm","Jun 30, 2025 3:22pm","SPX","Jun 30, 2025","ironcondor","long put 6,160 / short put 6,165 / short call 6,210 / long call 6,215","1","touch","-21","395","-5.32","105","26.58","1.05","0.9","1.2","1.26","1.1","1.4","395","105","6188.02","6200.08"
"Jun 27, 2025 1:30pm","Jun 27, 2025 1:46pm","SPX","Jun 27, 2025","ironcondor","long put 6,155 / short put 6,160 / short call 6,190 / long call 6,195","1","touch","-41","411","-9.98","89","21.65","0.89","0.75","1.05","1.3","1.05","1.55","411","89","6177.37","6166.46"
"Jun 26, 2025 1:30pm","Jun 26, 2025 2:14pm","SPX","Jun 26, 2025","ironcondor","long put 6,115 / short put 6,120 / short call 6,150 / long call 6,155","1","touch","-10","445","-2.25","55","12.36","0.55","0.45","0.65","0.65","0.55","0.75","445","55","6135.28","6141.07"
"Jun 25, 2025 1:30pm","Jun 25, 2025 1:41pm","SPX","Jun 25, 2025","ironcondor","long put 6,070 / short put 6,075 / short call 6,110 / long call 6,115","1","touch","-47","422","-11.14","78","18.48","0.78","0.65","0.9","1.25","1.05","1.45","422","78","6093.78","6083.49"
"Jun 23, 2025 1:30pm","Jun 23, 2025 3:03pm","SPX","Jun 23, 2025","ironcondor","long put 5,960 / short put 5,965 / short call 6,025 / long call 6,030","1","touch","0","405","0","95","23.46","0.95","0.75","1.15","0.95","0.8","1.1","405","95","6000.94","6015.48"
"Jun 20, 2025 1:30pm","Jun 20, 2025 2:20pm","SPX","Jun 20, 2025","ironcondor","long put 5,925 / short put 5,930 / short call 5,985 / long call 5,990","1","touch","-33","385","-8.57","115","29.87","1.15","0.95","1.35","1.48","1.25","1.7","385","115","5959.66","5976.1"
"Jun 18, 2025 1:30pm","Jun 18, 2025 4:00pm","SPX","Jun 18, 2025","ironcondor","long put 5,935 / short put 5,940 / short call 6,035 / long call 6,040","1","expired","118","382","30.89","118","30.89","1.18","1","1.35","0","","","382","118","5994.76","5980.87"
"Jun 17, 2025 1:30pm","Jun 17, 2025 4:00pm","SPX","Jun 17, 2025","ironcondor","long put 5,960 / short put 5,965 / short call 6,020 / long call 6,025","1","expired","106","394","26.9","106","26.9","1.06","0.95","1.2","0","","","394","106","5996.82","5982.72"
"Jun 13, 2025 1:30pm","Jun 13, 2025 2:30pm","SPX","Jun 13, 2025","ironcondor","long put 5,965 / short put 5,970 / short call 6,030 / long call 6,035","1","touch","-52","402","-12.94","98","24.38","0.98","0.8","1.15","1.5","1.3","1.7","402","98","6003.77","5979.32"
"Jun 12, 2025 1:30pm","Jun 12, 2025 4:00pm","SPX","Jun 12, 2025","ironcondor","long put 6,010 / short put 6,015 / short call 6,055 / long call 6,060","1","expired","102","398","25.63","102","25.63","1.02","0.9","1.15","0","","","398","102","6038.01","6045.26"
"Jun 11, 2025 1:30pm","Jun 11, 2025 1:53pm","SPX","Jun 11, 2025","ironcondor","long put 6,025 / short put 6,030 / short call 6,070 / long call 6,075","1","touch","-37","412","-8.98","88","21.36","0.88","0.7","1.05","1.25","1","1.5","412","88","6052.12","6039.84"
"Jun 10, 2025 1:30pm","Jun 10, 2025 2:01pm","SPX","Jun 10, 2025","ironcondor","long put 6,005 / short put 6,010 / short call 6,045 / long call 6,050","1","touch","-52","412","-12.62","88","21.36","0.88","0.75","1","1.4","1.2","1.6","412","88","6027.69","6016.59"
"Jun 9, 2025 1:30pm","Jun 9, 2025 4:00pm","SPX","Jun 9, 2025","ironcondor","long put 5,990 / short put 5,995 / short call 6,035 / long call 6,040","1","expired","100","400","25","100","25","1","0.9","1.1","0","","","400","100","6017.14","6005.88"
"Jun 5, 2025 1:30pm","Jun 5, 2025 2:07pm","SPX","Jun 5, 2025","ironcondor","long put 5,945 / short put 5,950 / short call 5,995 / long call 6,000","1","touch","-63","408","-15.44","92","22.55","0.92","0.75","1.1","1.55","1.35","1.75","408","92","5974.62","5958.23"
"Jun 4, 2025 1:30pm","Jun 4, 2025 4:00pm","SPX","Jun 4, 2025","ironcondor","long put 5,960 / short put 5,965 / short call 6,000 / long call 6,005","1","expired","105","395","26.58","105","26.58","1.05","0.9","1.2","0","","","395","105","5983.48","5970.81"
"Jun 3, 2025 1:30pm","Jun 3, 2025 2:02pm","SPX","Jun 3, 2025","ironcondor","long put 5,955 / short put 5,960 / short call 5,995 / long call 6,000","1","touch","-24","410","-5.85","90","21.95","0.9","0.75","1.05","1.14","1","1.3","410","90","5978.18","5969.06"
"Jun 2, 2025 1:30pm","Jun 2, 2025 2:21pm","SPX","Jun 2, 2025","ironcondor","long put 5,880 / short put 5,885 / short call 5,930 / long call 5,935","1","touch","-33","406","-8.13","94","23.15","0.94","0.8","1.05","1.27","1.1","1.45","406","94","5909.1","5920.72"
"May 30, 2025 1:30pm","May 30, 2025 2:20pm","SPX","May 30, 2025","ironcondor","long put 5,830 / short put 5,835 / short call 5,905 / long call 5,910","1","touch","-85","390","-21.79","110","28.21","1.1","0.95","1.25","1.95","1.65","2.25","390","110","5869.63","5895.92"
"May 29, 2025 1:30pm","May 29, 2025 4:00pm","SPX","May 29, 2025","ironcondor","long put 5,870 / short put 5,875 / short call 5,930 / long call 5,935","1","expired","121","379","31.93","121","31.93","1.21","1.05","1.35","0","","","379","121","5905.37","5912.17"
"May 28, 2025 1:30pm","May 28, 2025 2:52pm","SPX","May 28, 2025","ironcondor","long put 5,890 / short put 5,895 / short call 5,935 / long call 5,940","1","touch","-100","410","-24.39","90","21.95","0.9","0.75","1.05","1.9","1.2","2.6","410","90","5914.26","5904.22"
"May 23, 2025 1:30pm","May 23, 2025 4:00pm","SPX","May 23, 2025","ironcondor","long put 5,785 / short put 5,790 / short call 5,855 / long call 5,860","1","expired","102","398","25.63","102","25.63","1.02","0.9","1.15","0","","","398","102","5823.39","5802.82"
"May 22, 2025 1:30pm","May 22, 2025 4:00pm","SPX","May 22, 2025","ironcondor","long put 5,825 / short put 5,830 / short call 5,885 / long call 5,890","1","expired","114","386","29.53","114","29.53","1.14","1","1.3","0","","","386","114","5858.67","5842.01"
"May 20, 2025 1:30pm","May 20, 2025 2:22pm","SPX","May 20, 2025","ironcondor","long put 5,920 / short put 5,925 / short call 5,970 / long call 5,975","1","touch","-111","425","-26.12","75","17.65","0.75","0.6","0.9","1.86","1.6","2.1","425","75","5947.32","5928.35"
"May 19, 2025 1:30pm","May 19, 2025 2:19pm","SPX","May 19, 2025","ironcondor","long put 5,935 / short put 5,940 / short call 5,985 / long call 5,990","1","touch","-21","411","-5.11","89","21.65","0.89","0.8","1","1.1","0.95","1.25","411","89","5964.29","5948.17"
"May 16, 2025 1:30pm","May 16, 2025 3:07pm","SPX","May 16, 2025","ironcondor","long put 5,920 / short put 5,925 / short call 5,965 / long call 5,970","1","touch","-7","400","-1.75","100","25","1","0.9","1.1","1.07","0.95","1.2","400","100","5945.3","5956.58"
"May 15, 2025 1:30pm","May 15, 2025 2:20pm","SPX","May 15, 2025","ironcondor","long put 5,890 / short put 5,895 / short call 5,945 / long call 5,950","1","touch","-43","417","-10.31","83","19.9","0.83","0.7","0.95","1.26","1.1","1.4","417","83","5922","5903"
"May 14, 2025 1:30pm","May 14, 2025 2:35pm","SPX","May 14, 2025","ironcondor","long put 5,845 / short put 5,850 / short call 5,905 / long call 5,910","1","touch","-28","409","-6.85","91","22.25","0.91","0.8","1.05","1.19","1","1.4","409","91","5879.25","5895.79"
"May 9, 2025 1:30pm","May 9, 2025 4:00pm","SPX","May 9, 2025","ironcondor","long put 5,620 / short put 5,625 / short call 5,685 / long call 5,690","1","expired","87","413","21.07","87","21.07","0.87","0.7","1.05","0","","","413","87","5655.69","5659.91"
"May 7, 2025 1:30pm","May 7, 2025 4:00pm","SPX","May 7, 2025","ironcondor","long put 5,565 / short put 5,570 / short call 5,685 / long call 5,690","1","expired","100","400","25","100","25","1","0.6","1.4","0","","","400","100","5629.98","5631.28"
"May 6, 2025 1:30pm","May 6, 2025 4:00pm","SPX","May 6, 2025","ironcondor","long put 5,580 / short put 5,585 / short call 5,640 / long call 5,645","1","expired","105","395","26.58","105","26.58","1.05","0.9","1.2","0","","","395","105","5613.53","5606.91"
"May 5, 2025 1:30pm","May 5, 2025 2:15pm","SPX","May 5, 2025","ironcondor","long put 5,640 / short put 5,645 / short call 5,690 / long call 5,695","1","touch","2","405","0.49","95","23.46","0.95","0.75","1.15","0.93","0.75","1.1","405","95","5669.05","5680.61"
"Apr 29, 2025 1:30pm","Apr 29, 2025 1:48pm","SPX","Apr 29, 2025","ironcondor","long put 5,505 / short put 5,510 / short call 5,570 / long call 5,575","1","touch","-77","380","-20.26","120","31.58","1.2","1.05","1.35","1.97","1.7","2.25","380","120","5544.05","5562.39"
"Apr 17, 2025 1:30pm","Apr 17, 2025 4:00pm","SPX","Apr 17, 2025","ironcondor","long put 5,240 / short put 5,245 / short call 5,340 / long call 5,345","1","expired","112","388","28.87","112","28.87","1.12","0.9","1.35","0","","","388","112","5293.68","5282.7"
"Apr 14, 2025 1:30pm","Apr 14, 2025 3:08pm","SPX","Apr 14, 2025","ironcondor","long put 5,335 / short put 5,340 / short call 5,445 / long call 5,450","1","touch","-38","380","-10","120","31.58","1.2","0.8","1.6","1.58","1.35","1.8","380","120","5391.87","5437.76"
"Apr 8, 2025 1:30pm","Apr 8, 2025 4:00pm","SPX","Apr 8, 2025","ironcondor","long put 4,915 / short put 4,920 / short call 5,145 / long call 5,150","1","expired","105","395","26.58","105","26.58","1.05","0.7","1.4","0","","","395","105","5042.58","4982.77"
"Apr 7, 2025 1:30pm","Apr 7, 2025 4:00pm","SPX","Apr 7, 2025","ironcondor","long put 4,945 / short put 4,950 / short call 5,200 / long call 5,205","1","expired","115","385","29.87","115","29.87","1.15","0.7","1.6","0","","","385","115","5073.85","5062.25"
"Apr 1, 2025 1:30pm","Apr 1, 2025 2:22pm","SPX","Apr 1, 2025","ironcondor","long put 5,575 / short put 5,580 / short call 5,645 / long call 5,650","1","touch","-44","398","-11.06","102","25.63","1.02","0.9","1.1","1.46","1.3","1.6","398","102","5615.59","5589.76"
"Mar 31, 2025 1:30pm","Mar 31, 2025 2:11pm","SPX","Mar 31, 2025","ironcondor","long put 5,515 / short put 5,520 / short call 5,595 / long call 5,600","1","touch","-80","374","-21.39","126","33.69","1.26","1.1","1.4","2.06","1.8","2.3","374","126","5557.28","5588.02"
"Mar 27, 2025 1:30pm","Mar 27, 2025 2:15pm","SPX","Mar 27, 2025","ironcondor","long put 5,655 / short put 5,660 / short call 5,715 / long call 5,720","1","touch","-51","372","-13.71","128","34.41","1.28","1.1","1.45","1.79","1.65","1.95","372","128","5690.37","5706.73"
"Mar 25, 2025 1:30pm","Mar 25, 2025 4:00pm","SPX","Mar 25, 2025","ironcondor","long put 5,740 / short put 5,745 / short call 5,785 / long call 5,790","1","expired","106","394","26.9","106","26.9","1.06","0.95","1.15","0","","","394","106","5764.4","5776.65"
"Mar 21, 2025 1:30pm","Mar 21, 2025 4:00pm","SPX","Mar 21, 2025","ironcondor","long put 5,605 / short put 5,610 / short call 5,675 / long call 5,680","1","expired","127","373","34.05","127","34.05","1.27","1.1","1.45","0","","","373","127","5643.67","5667.56"
"Mar 20, 2025 1:30pm","Mar 20, 2025 4:00pm","SPX","Mar 20, 2025","ironcondor","long put 5,615 / short put 5,620 / short call 5,685 / long call 5,690","1","expired","119","381","31.23","119","31.23","1.19","1.05","1.3","0","","","381","119","5652.91","5662.89"
"Mar 19, 2025 1:30pm","Mar 19, 2025 2:54pm","SPX","Mar 19, 2025","ironcondor","long put 5,570 / short put 5,575 / short call 5,695 / long call 5,700","1","touch","-66","375","-17.6","125","33.33","1.25","1","1.5","1.91","1.6","2.2","375","125","5640","5686.26"
"Mar 17, 2025 1:30pm","Mar 17, 2025 2:01pm","SPX","Mar 17, 2025","ironcondor","long put 5,630 / short put 5,635 / short call 5,690 / long call 5,695","1","touch","-82","402","-20.4","98","24.38","0.98","0.8","1.15","1.8","1.5","2.1","402","98","5664.37","5682.95"
"Mar 7, 2025 1:30pm","Mar 7, 2025 2:24pm","SPX","Mar 7, 2025","ironcondor","long put 5,675 / short put 5,680 / short call 5,790 / long call 5,795","1","touch","-74","365","-20.27","135","36.99","1.35","1.1","1.6","2.09","1.9","2.3","365","135","5735.74","5782.19"
"Mar 5, 2025 1:30pm","Mar 5, 2025 2:08pm","SPX","Mar 5, 2025","ironcondor","long put 5,740 / short put 5,745 / short call 5,855 / long call 5,860","1","touch","-79","378","-20.9","122","32.28","1.22","0.9","1.55","2.01","1.7","2.3","378","122","5803.94","5845.61"
"Feb 28, 2025 1:30pm","Feb 28, 2025 2:49pm","SPX","Feb 28, 2025","ironcondor","long put 5,810 / short put 5,815 / short call 5,900 / long call 5,905","1","touch","-54","375","-14.4","125","33.33","1.25","1.1","1.4","1.79","1.6","2","375","125","5859.87","5890.92"
"Feb 27, 2025 1:30pm","Feb 27, 2025 2:18pm","SPX","Feb 27, 2025","ironcondor","long put 5,920 / short put 5,925 / short call 5,990 / long call 5,995","1","touch","-42","392","-10.71","108","27.55","1.08","0.95","1.2","1.5","1.3","1.7","392","108","5959.45","5934.26"
"Feb 26, 2025 1:30pm","Feb 26, 2025 4:00pm","SPX","Feb 26, 2025","ironcondor","long put 5,915 / short put 5,920 / short call 5,980 / long call 5,985","1","expired","131","369","35.5","131","35.5","1.31","1.2","1.4","0","","","369","131","5952.91","5956.06"
"Feb 25, 2025 1:30pm","Feb 25, 2025 1:39pm","SPX","Feb 25, 2025","ironcondor","long put 5,910 / short put 5,915 / short call 5,975 / long call 5,980","1","touch","-75","380","-19.74","120","31.58","1.2","1.05","1.35","1.95","1.7","2.2","380","120","5950.6","5965.85"
"Feb 24, 2025 1:30pm","Feb 24, 2025 2:22pm","SPX","Feb 24, 2025","ironcondor","long put 6,000 / short put 6,005 / short call 6,045 / long call 6,050","1","touch","-6","390","-1.54","110","28.21","1.1","0.95","1.25","1.16","0.95","1.35","390","110","6028.12","6013.09"
"Feb 19, 2025 1:30pm","Feb 19, 2025 1:39pm","SPX","Feb 19, 2025","ironcondor","long put 6,110 / short put 6,115 / short call 6,145 / long call 6,150","1","touch","-7","407","-1.72","93","22.85","0.93","0.8","1.05","1","0.9","1.1","407","93","6132.06","6135.02"
"Feb 18, 2025 1:30pm","Feb 18, 2025 2:08pm","SPX","Feb 18, 2025","ironcondor","long put 6,090 / short put 6,095 / short call 6,130 / long call 6,135","1","touch","-28","430","-6.51","70","16.28","0.7","0.6","0.8","0.98","0.8","1.15","430","70","6114.06","6104.52"
"Feb 14, 2025 1:30pm","Feb 14, 2025 1:35pm","SPX","Feb 14, 2025","ironcondor","long put 6,090 / short put 6,095 / short call 6,130 / long call 6,135","1","touch","-16","401","-3.99","99","24.69","0.99","0.85","1.1","1.15","1","1.3","401","99","6115.76","6120.26"
"Feb 13, 2025 1:30pm","Feb 13, 2025 2:02pm","SPX","Feb 13, 2025","ironcondor","long put 6,045 / short put 6,050 / short call 6,100 / long call 6,105","1","touch","3","382","0.79","118","30.89","1.18","1.05","1.3","1.15","1","1.3","382","118","6079.66","6090.21"
"Feb 12, 2025 1:30pm","Feb 12, 2025 4:00pm","SPX","Feb 12, 2025","ironcondor","long put 6,025 / short put 6,030 / short call 6,070 / long call 6,075","1","expired","89","411","21.65","89","21.65","0.89","0.75","1.05","0","","","411","89","6053.11","6051.97"
"Feb 11, 2025 1:30pm","Feb 11, 2025 1:31pm","SPX","Feb 11, 2025","ironcondor","long put 6,035 / short put 6,040 / short call 6,070 / long call 6,075","1","touch","-2","387","-0.52","113","29.2","1.13","1","1.25","1.15","1.05","1.25","387","113","6058.06","6060.04"
"Feb 10, 2025 1:30pm","Feb 10, 2025 1:53pm","SPX","Feb 10, 2025","ironcondor","long put 6,040 / short put 6,045 / short call 6,080 / long call 6,085","1","touch","8","411","1.95","89","21.65","0.89","0.75","1.05","0.81","0.7","0.95","411","89","6065.51","6070.02"
"Feb 7, 2025 1:30pm","Feb 7, 2025 1:58pm","SPX","Feb 7, 2025","ironcondor","long put 6,020 / short put 6,025 / short call 6,075 / long call 6,080","1","touch","-37","380","-9.74","120","31.58","1.2","1.05","1.35","1.57","1.35","1.8","380","120","6052.7","6034.51"
"Feb 6, 2025 1:30pm","Feb 6, 2025 2:28pm","SPX","Feb 6, 2025","ironcondor","long put 6,050 / short put 6,055 / short call 6,090 / long call 6,095","1","touch","12","405","2.96","95","23.46","0.95","0.8","1.1","0.83","0.7","0.95","405","95","6075.21","6064.65"
"Feb 5, 2025 1:30pm","Feb 5, 2025 1:40pm","SPX","Feb 5, 2025","ironcondor","long put 6,020 / short put 6,025 / short call 6,060 / long call 6,065","1","touch","-26","399","-6.52","101","25.31","1.01","0.9","1.1","1.27","1.15","1.4","399","101","6044.98","6051.3"
"Feb 4, 2025 1:30pm","Feb 4, 2025 2:21pm","SPX","Feb 4, 2025","ironcondor","long put 6,000 / short put 6,005 / short call 6,050 / long call 6,055","1","touch","-13","407","-3.19","93","22.85","0.93","0.8","1.05","1.06","0.95","1.15","407","93","6030.95","6040.39"
"Feb 3, 2025 1:30pm","Feb 3, 2025 2:46pm","SPX","Feb 3, 2025","ironcondor","long put 5,955 / short put 5,960 / short call 6,030 / long call 6,035","1","touch","-38","383","-9.92","117","30.55","1.17","1","1.35","1.55","1.4","1.7","383","117","5996.83","6020.82"
"Jan 31, 2025 1:30pm","Jan 31, 2025 2:07pm","SPX","Jan 31, 2025","ironcondor","long put 6,050 / short put 6,055 / short call 6,115 / long call 6,120","1","touch","-91","394","-23.1","106","26.9","1.06","0.95","1.2","1.97","1.75","2.2","394","106","6088.36","6060.07"
"Jan 30, 2025 1:30pm","Jan 30, 2025 1:54pm","SPX","Jan 30, 2025","ironcondor","long put 6,030 / short put 6,035 / short call 6,080 / long call 6,085","1","touch","-41","414","-9.9","86","20.77","0.86","0.7","1","1.27","1.15","1.4","414","86","6059.95","6070.02"
"Jan 29, 2025 1:30pm","Jan 29, 2025 4:00pm","SPX","Jan 29, 2025","ironcondor","long put 5,990 / short put 5,995 / short call 6,085 / long call 6,090","1","expired","128","372","34.41","128","34.41","1.28","1.1","1.45","0","","","372","128","6043.57","6039.31"
"Jan 24, 2025 1:30pm","Jan 24, 2025 1:56pm","SPX","Jan 24, 2025","ironcondor","long put 6,085 / short put 6,090 / short call 6,120 / long call 6,125","1","touch","-8","402","-1.99","98","24.38","0.98","0.85","1.1","1.06","0.95","1.15","402","98","6105.24","6099.85"
"Jan 23, 2025 1:30pm","Jan 23, 2025 2:13pm","SPX","Jan 23, 2025","ironcondor","long put 6,080 / short put 6,085 / short call 6,115 / long call 6,120","1","touch","5","450","1.11","50","11.11","0.5","0.4","0.6","0.45","0.35","0.55","450","50","6101.15","6094.38"
"Jan 22, 2025 1:30pm","Jan 22, 2025 1:42pm","SPX","Jan 22, 2025","ironcondor","long put 6,070 / short put 6,075 / short call 6,105 / long call 6,110","1","touch","7","425","1.65","75","17.65","0.75","0.6","0.9","0.68","0.55","0.8","425","75","6092.12","6095.04"
"Jan 16, 2025 1:30pm","Jan 16, 2025 4:00pm","SPX","Jan 16, 2025","ironcondor","long put 5,915 / short put 5,920 / short call 5,965 / long call 5,970","1","expired","101","399","25.31","101","25.31","1.01","0.9","1.1","0","","","399","101","5943.74","5937.34"
"Jan 14, 2025 1:30pm","Jan 14, 2025 1:51pm","SPX","Jan 14, 2025","ironcondor","long put 5,810 / short put 5,815 / short call 5,865 / long call 5,870","1","touch","-37","381","-9.71","119","31.23","1.19","1.05","1.35","1.56","1.4","1.75","381","119","5841.38","5855.16"
"Jan 13, 2025 1:30pm","Jan 13, 2025 2:43pm","SPX","Jan 13, 2025","ironcondor","long put 5,785 / short put 5,790 / short call 5,840 / long call 5,845","1","touch","5","368","1.36","132","35.87","1.32","1.2","1.45","1.27","1.15","1.4","368","132","5817.94","5830.72"
"Jan 8, 2025 1:30pm","Jan 8, 2025 4:00pm","SPX","Jan 8, 2025","ironcondor","long put 5,875 / short put 5,880 / short call 5,940 / long call 5,945","1","expired","107","393","27.23","107","27.23","1.07","0.95","1.2","0","","","393","107","5914.18","5918.25"
"Jan 7, 2025 1:30pm","Jan 7, 2025 2:32pm","SPX","Jan 7, 2025","ironcondor","long put 5,915 / short put 5,920 / short call 5,970 / long call 5,975","1","touch","-11","405","-2.72","95","23.46","0.95","0.8","1.1","1.06","0.95","1.2","405","95","5945.71","5929.67"
"Jan 2, 2025 1:30pm","Jan 2, 2025 4:00pm","SPX","Jan 2, 2025","ironcondor","long put 5,805 / short put 5,810 / short call 5,880 / long call 5,885","1","expired","127","373","34.05","127","34.05","1.27","1.1","1.45","0","","","373","127","5846.58","5868.55"
"Dec 31, 2024 1:30pm","Dec 31, 2024 4:00pm","SPX","Dec 31, 2024","ironcondor","long put 5,835 / short put 5,840 / short call 5,910 / long call 5,915","1","expired","125","375","33.33","125","33.33","1.25","1.1","1.4","0","","","375","125","5874.42","5881.63"
"Dec 30, 2024 1:30pm","Dec 30, 2024 4:00pm","SPX","Dec 30, 2024","ironcondor","long put 5,895 / short put 5,900 / short call 5,960 / long call 5,965","1","expired","112","388","28.87","112","28.87","1.12","0.95","1.3","0","","","388","112","5929.76","5906.94"
"Dec 26, 2024 1:30pm","Dec 26, 2024 2:07pm","SPX","Dec 26, 2024","ironcondor","long put 6,020 / short put 6,025 / short call 6,055 / long call 6,060","1","touch","-1","392","-0.26","108","27.55","1.08","0.95","1.2","1.09","0.95","1.2","392","108","6041.79","6034.95"
"Dec 23, 2024 1:30pm","Dec 23, 2024 4:00pm","SPX","Dec 23, 2024","ironcondor","long put 5,930 / short put 5,935 / short call 5,980 / long call 5,985","1","expired","79","421","18.76","79","18.76","0.79","0.65","0.95","0","","","421","79","5957.57","5974.07"
"Dec 19, 2024 1:30pm","Dec 19, 2024 3:36pm","SPX","Dec 19, 2024","ironcondor","long put 5,865 / short put 5,870 / short call 5,930 / long call 5,935","1","touch","-52","397","-13.1","103","25.94","1.03","0.85","1.2","1.55","1.4","1.7","397","103","5902.3","5875.97"
"Dec 18, 2024 1:30pm","Dec 18, 2024 2:06pm","SPX","Dec 18, 2024","ironcondor","long put 6,020 / short put 6,025 / short call 6,090 / long call 6,095","1","touch","-57","369","-15.45","131","35.5","1.31","1.15","1.45","1.88","1.5","2.25","369","131","6058.52","6034.53"
"Dec 17, 2024 1:30pm","Dec 17, 2024 1:47pm","SPX","Dec 17, 2024","ironcondor","long put 6,030 / short put 6,035 / short call 6,060 / long call 6,065","1","touch","10","410","2.44","90","21.95","0.9","0.8","1","0.8","0.7","0.9","410","90","6048.08","6050.22"
"Dec 16, 2024 1:30pm","Dec 16, 2024 3:39pm","SPX","Dec 16, 2024","ironcondor","long put 6,065 / short put 6,070 / short call 6,095 / long call 6,100","1","touch","30","456","6.58","44","9.65","0.44","0.35","0.55","0.14","0.05","0.25","456","44","6083.5","6079.61"
"Dec 13, 2024 1:30pm","Dec 13, 2024 1:49pm","SPX","Dec 13, 2024","ironcondor","long put 6,030 / short put 6,035 / short call 6,060 / long call 6,065","1","touch","10","404","2.48","96","23.76","0.96","0.85","1.05","0.86","0.75","0.95","404","96","6047.47","6050.32"
"Dec 12, 2024 1:30pm","Dec 12, 2024 1:36pm","SPX","Dec 12, 2024","ironcondor","long put 6,055 / short put 6,060 / short call 6,085 / long call 6,090","1","touch","-5","414","-1.21","86","20.77","0.86","0.7","1","0.91","0.8","1","414","86","6073.54","6069.68"
"Dec 10, 2024 1:30pm","Dec 10, 2024 1:49pm","SPX","Dec 10, 2024","ironcondor","long put 6,035 / short put 6,040 / short call 6,065 / long call 6,070","1","touch","12","438","2.74","62","14.16","0.62","0.5","0.75","0.5","0.4","0.6","438","62","6052.26","6049.85"
"Dec 9, 2024 1:30pm","Dec 9, 2024 1:31pm","SPX","Dec 9, 2024","ironcondor","long put 6,050 / short put 6,055 / short call 6,075 / long call 6,080","1","touch","-6","426","-1.41","74","17.37","0.74","0.65","0.85","0.8","0.7","0.9","426","74","6065.35","6065.66"
"Dec 6, 2024 1:30pm","Dec 6, 2024 1:31pm","SPX","Dec 6, 2024","ironcondor","long put 6,075 / short put 6,080 / short call 6,100 / long call 6,105","1","touch","0","411","0","89","21.65","0.89","0.8","1","0.89","0.8","1","411","89","6090.18","6088.92"
"Dec 5, 2024 1:30pm","Dec 5, 2024 1:35pm","SPX","Dec 5, 2024","ironcondor","long put 6,065 / short put 6,070 / short call 6,095 / long call 6,100","1","touch","9","408","2.21","92","22.55","0.92","0.8","1.05","0.83","0.7","0.95","408","92","6082.88","6085.88"
"Dec 4, 2024 1:30pm","Dec 4, 2024 1:57pm","SPX","Dec 4, 2024","ironcondor","long put 6,045 / short put 6,050 / short call 6,085 / long call 6,090","1","touch","9","425","2.12","75","17.65","0.75","0.6","0.9","0.66","0.55","0.8","425","75","6069.26","6075.28"
"Dec 3, 2024 1:30pm","Dec 3, 2024 1:31pm","SPX","Dec 3, 2024","ironcondor","long put 6,030 / short put 6,035 / short call 6,055 / long call 6,060","1","touch","13","402","3.23","98","24.38","0.98","0.85","1.1","0.85","0.75","0.95","402","98","6045.71","6046.09"
"Dec 2, 2024 1:30pm","Dec 2, 2024 1:33pm","SPX","Dec 2, 2024","ironcondor","long put 6,030 / short put 6,035 / short call 6,060 / long call 6,065","1","touch","2","441","0.45","59","13.38","0.59","0.5","0.7","0.57","0.45","0.7","441","59","6047.05","6044.85"
"Nov 27, 2024 1:30pm","Nov 27, 2024 1:36pm","SPX","Nov 27, 2024","ironcondor","long put 5,975 / short put 5,980 / short call 6,010 / long call 6,015","1","touch","-11","420","-2.62","80","19.05","0.8","0.7","0.9","0.91","0.8","1.05","420","80","5996.37","6000.03"
"Nov 26, 2024 1:30pm","Nov 26, 2024 2:05pm","SPX","Nov 26, 2024","ironcondor","long put 5,990 / short put 5,995 / short call 6,025 / long call 6,030","1","touch","-1","436","-0.23","64","14.68","0.64","0.55","0.75","0.65","0.55","0.75","436","64","6010.4","6015.26"
"Nov 25, 2024 1:30pm","Nov 25, 2024 4:00pm","SPX","Nov 25, 2024","ironcondor","long put 5,960 / short put 5,965 / short call 6,000 / long call 6,005","1","expired","84","416","20.19","84","20.19","0.84","0.75","0.95","0","","","416","84","5983.35","5987.37"
"Nov 22, 2024 1:30pm","Nov 22, 2024 3:15pm","SPX","Nov 22, 2024","ironcondor","long put 5,940 / short put 5,945 / short call 5,985 / long call 5,990","1","touch","22","415","5.3","85","20.48","0.85","0.7","1","0.63","0.5","0.75","415","85","5967.51","5954.92"
"Nov 21, 2024 1:30pm","Nov 21, 2024 4:00pm","SPX","Nov 21, 2024","ironcondor","long put 5,925 / short put 5,930 / short call 5,975 / long call 5,980","1","expired","106","394","26.9","106","26.9","1.06","0.95","1.15","0","","","394","106","5956.53","5948.71"
"Nov 20, 2024 1:30pm","Nov 20, 2024 1:42pm","SPX","Nov 20, 2024","ironcondor","long put 5,865 / short put 5,870 / short call 5,910 / long call 5,915","1","touch","-25","385","-6.49","115","29.87","1.15","0.95","1.35","1.4","1.2","1.6","385","115","5889.14","5879.79"
"Nov 19, 2024 1:30pm","Nov 19, 2024 1:46pm","SPX","Nov 19, 2024","ironcondor","long put 5,885 / short put 5,890 / short call 5,925 / long call 5,930","1","touch","-42","429","-9.79","71","16.55","0.71","0.6","0.8","1.13","1","1.25","429","71","5908.82","5916.7"
"Nov 18, 2024 1:30pm","Nov 18, 2024 1:45pm","SPX","Nov 18, 2024","ironcondor","long put 5,875 / short put 5,880 / short call 5,910 / long call 5,915","1","touch","-25","400","-6.25","100","25","1","0.9","1.1","1.25","1.05","1.45","400","100","5894.58","5886.96"
"Nov 14, 2024 1:30pm","Nov 14, 2024 1:58pm","SPX","Nov 14, 2024","ironcondor","long put 5,940 / short put 5,945 / short call 5,985 / long call 5,990","1","touch","-33","406","-8.13","94","23.15","0.94","0.8","1.1","1.27","1.1","1.45","406","94","5966.43","5953.34"
"Nov 13, 2024 1:30pm","Nov 13, 2024 1:48pm","SPX","Nov 13, 2024","ironcondor","long put 5,980 / short put 5,985 / short call 6,015 / long call 6,020","1","touch","0","414","0","86","20.77","0.86","0.75","1","0.86","0.75","1","414","86","6003.29","6006.59"
"Nov 12, 2024 1:30pm","Nov 12, 2024 1:36pm","SPX","Nov 12, 2024","ironcondor","long put 5,950 / short put 5,955 / short call 5,990 / long call 5,995","1","touch","-56","398","-14.07","102","25.63","1.02","0.9","1.15","1.58","1.35","1.8","398","102","5973.78","5981.81"
"Nov 11, 2024 1:30pm","Nov 11, 2024 1:52pm","SPX","Nov 11, 2024","ironcondor","long put 5,975 / short put 5,980 / short call 6,010 / long call 6,015","1","touch","-3","420","-0.71","80","19.05","0.8","0.65","0.95","0.83","0.7","0.95","420","80","5994.38","6001.28"
"Nov 8, 2024 1:30pm","Nov 8, 2024 1:34pm","SPX","Nov 8, 2024","ironcondor","long put 5,980 / short put 5,985 / short call 6,010 / long call 6,015","1","touch","-14","396","-3.54","104","26.26","1.04","0.95","1.15","1.18","1.05","1.3","396","104","5998.49","6001.55"
"Nov 7, 2024 1:30pm","Nov 7, 2024 4:00pm","SPX","Nov 7, 2024","ironcondor","long put 5,920 / short put 5,925 / short call 6,000 / long call 6,005","1","expired","113","387","29.2","113","29.2","1.13","0.95","1.3","0","","","387","113","5965.95","5973.1"
"Nov 4, 2024 1:30pm","Nov 4, 2024 4:00pm","SPX","Nov 4, 2024","ironcondor","long put 5,690 / short put 5,695 / short call 5,740 / long call 5,745","1","expired","114","386","29.53","114","29.53","1.14","1","1.25","0","","","386","114","5722.03","5712.69"
"Oct 30, 2024 1:30pm","Oct 30, 2024 1:39pm","SPX","Oct 30, 2024","ironcondor","long put 5,810 / short put 5,815 / short call 5,850 / long call 5,855","1","touch","-30","425","-7.06","75","17.65","0.75","0.6","0.9","1.05","0.85","1.25","425","75","5833.22","5824.99"
"Oct 29, 2024 1:30pm","Oct 29, 2024 2:29pm","SPX","Oct 29, 2024","ironcondor","long put 5,815 / short put 5,820 / short call 5,850 / long call 5,855","1","touch","47","407","11.55","93","22.85","0.93","0.75","1.1","0.46","0.35","0.55","407","93","5837.66","5840.49"
"Oct 28, 2024 1:30pm","Oct 28, 2024 1:55pm","SPX","Oct 28, 2024","ironcondor","long put 5,805 / short put 5,810 / short call 5,845 / long call 5,850","1","touch","11","400","2.75","100","25","1","0.85","1.15","0.89","0.75","1.05","400","100","5831.54","5835.16"
"Oct 25, 2024 1:30pm","Oct 25, 2024 1:45pm","SPX","Oct 25, 2024","ironcondor","long put 5,790 / short put 5,795 / short call 5,845 / long call 5,850","1","touch","-68","412","-16.5","88","21.36","0.88","0.7","1.05","1.56","1.35","1.75","412","88","5822.98","5804.68"
"Oct 24, 2024 1:30pm","Oct 24, 2024 4:00pm","SPX","Oct 24, 2024","ironcondor","long put 5,785 / short put 5,790 / short call 5,825 / long call 5,830","1","expired","117","383","30.55","117","30.55","1.17","1.05","1.3","0","","","383","117","5808.45","5809.86"
"Oct 22, 2024 1:30pm","Oct 22, 2024 1:38pm","SPX","Oct 22, 2024","ironcondor","long put 5,825 / short put 5,830 / short call 5,860 / long call 5,865","1","touch","-20","433","-4.62","67","15.47","0.67","0.55","0.8","0.87","0.75","1","433","67","5845.19","5850.06"
"Oct 21, 2024 1:30pm","Oct 21, 2024 1:49pm","SPX","Oct 21, 2024","ironcondor","long put 5,825 / short put 5,830 / short call 5,860 / long call 5,865","1","touch","6","418","1.44","82","19.62","0.82","0.7","0.95","0.76","0.65","0.9","418","82","5847.6","5850.08"
"Oct 18, 2024 1:30pm","Oct 18, 2024 2:18pm","SPX","Oct 18, 2024","ironcondor","long put 5,845 / short put 5,850 / short call 5,880 / long call 5,885","1","touch","19","407","4.67","93","22.85","0.93","0.8","1.05","0.74","0.65","0.85","407","93","5864.73","5870.03"
"Oct 17, 2024 1:30pm","Oct 17, 2024 1:44pm","SPX","Oct 17, 2024","ironcondor","long put 5,840 / short put 5,845 / short call 5,875 / long call 5,880","1","touch","1","400","0.25","100","25","1","0.9","1.1","0.99","0.9","1.1","400","100","5861.26","5865.21"
"Oct 16, 2024 1:30pm","Oct 16, 2024 1:58pm","SPX","Oct 16, 2024","ironcondor","long put 5,805 / short put 5,810 / short call 5,845 / long call 5,850","1","touch","-5","408","-1.23","92","22.55","0.92","0.8","1.05","0.97","0.85","1.1","408","92","5830.22","5835.24"
"Oct 15, 2024 1:30pm","Oct 15, 2024 1:44pm","SPX","Oct 15, 2024","ironcondor","long put 5,805 / short put 5,810 / short call 5,845 / long call 5,850","1","touch","-3","395","-0.76","105","26.58","1.05","0.9","1.2","1.08","0.95","1.2","395","105","5829.6","5835.48"
"Oct 14, 2024 1:30pm","Oct 14, 2024 2:22pm","SPX","Oct 14, 2024","ironcondor","long put 5,835 / short put 5,840 / short call 5,870 / long call 5,875","1","touch","2","432","0.46","68","15.74","0.68","0.55","0.8","0.66","0.55","0.8","432","68","5857.31","5860.56"
"Oct 11, 2024 1:30pm","Oct 11, 2024 2:16pm","SPX","Oct 11, 2024","ironcondor","long put 5,785 / short put 5,790 / short call 5,825 / long call 5,830","1","touch","11","409","2.69","91","22.25","0.91","0.8","1.05","0.8","0.65","0.95","409","91","5807.71","5815.66"
"Oct 10, 2024 1:30pm","Oct 10, 2024 2:44pm","SPX","Oct 10, 2024","ironcondor","long put 5,755 / short put 5,760 / short call 5,800 / long call 5,805","1","touch","9","397","2.27","103","25.94","1.03","0.9","1.15","0.94","0.8","1.1","397","103","5782.92","5768.67"
"Oct 9, 2024 1:30pm","Oct 9, 2024 4:00pm","SPX","Oct 9, 2024","ironcondor","long put 5,755 / short put 5,760 / short call 5,805 / long call 5,810","1","expired","94","406","23.15","94","23.15","0.94","0.85","1.05","0","","","406","94","5784.87","5792.04"
"Oct 8, 2024 1:30pm","Oct 8, 2024 2:30pm","SPX","Oct 8, 2024","ironcondor","long put 5,700 / short put 5,705 / short call 5,750 / long call 5,755","1","touch","39","396","9.85","104","26.26","1.04","0.9","1.2","0.65","0.55","0.75","396","104","5733.12","5740.03"
"Oct 7, 2024 1:30pm","Oct 7, 2024 2:32pm","SPX","Oct 7, 2024","ironcondor","long put 5,695 / short put 5,700 / short call 5,740 / long call 5,745","1","touch","-9","393","-2.29","107","27.23","1.07","0.9","1.25","1.16","0.95","1.35","393","107","5724.41","5709.76"
"Oct 4, 2024 1:30pm","Oct 4, 2024 3:30pm","SPX","Oct 4, 2024","ironcondor","long put 5,700 / short put 5,705 / short call 5,750 / long call 5,755","1","touch","54","378","14.29","122","32.28","1.22","1.05","1.4","0.68","0.55","0.8","378","122","5730.79","5740.33"
"Oct 3, 2024 1:30pm","Oct 3, 2024 4:00pm","SPX","Oct 3, 2024","ironcondor","long put 5,650 / short put 5,655 / short call 5,710 / long call 5,715","1","expired","126","374","33.69","126","33.69","1.26","1.1","1.4","0","","","374","126","5686.53","5699.94"
"Oct 2, 2024 1:30pm","Oct 2, 2024 4:00pm","SPX","Oct 2, 2024","ironcondor","long put 5,675 / short put 5,680 / short call 5,730 / long call 5,735","1","expired","102","398","25.63","102","25.63","1.02","0.9","1.15","0","","","398","102","5705.9","5709.54"
"Sep 30, 2024 1:30pm","Sep 30, 2024 2:20pm","SPX","Sep 30, 2024","ironcondor","long put 5,705 / short put 5,710 / short call 5,750 / long call 5,755","1","touch","-68","395","-17.22","105","26.58","1.05","0.95","1.15","1.73","1.05","2.4","395","105","5732.01","5716.34"
"Sep 27, 2024 1:30pm","Sep 27, 2024 2:00pm","SPX","Sep 27, 2024","ironcondor","long put 5,715 / short put 5,720 / short call 5,755 / long call 5,760","1","touch","10","395","2.53","105","26.58","1.05","0.9","1.2","0.95","0.85","1.05","395","105","5739.3","5746.13"
"Sep 26, 2024 1:30pm","Sep 26, 2024 2:12pm","SPX","Sep 26, 2024","ironcondor","long put 5,705 / short put 5,710 / short call 5,750 / long call 5,755","1","touch","-8","420","-1.9","80","19.05","0.8","0.65","0.95","0.88","0.75","1","420","80","5732.57","5741.28"
"Sep 25, 2024 1:30pm","Sep 25, 2024 4:00pm","SPX","Sep 25, 2024","ironcondor","long put 5,695 / short put 5,700 / short call 5,735 / long call 5,740","1","expired","94","406","23.15","94","23.15","0.94","0.8","1.1","0","","","406","94","5720","5722.26"
"Sep 24, 2024 1:30pm","Sep 24, 2024 1:31pm","SPX","Sep 24, 2024","ironcondor","long put 5,705 / short put 5,710 / short call 5,740 / long call 5,745","1","touch","-7","397","-1.76","103","25.94","1.03","0.9","1.15","1.1","1","1.2","397","103","5728.6","5730.06"
"Sep 23, 2024 1:30pm","Sep 23, 2024 1:51pm","SPX","Sep 23, 2024","ironcondor","long put 5,685 / short put 5,690 / short call 5,725 / long call 5,730","1","touch","6","392","1.53","108","27.55","1.08","0.95","1.2","1.02","0.85","1.2","392","108","5710.24","5715.36"
"Sep 20, 2024 1:30pm","Sep 20, 2024 2:11pm","SPX","Sep 20, 2024","ironcondor","long put 5,675 / short put 5,680 / short call 5,725 / long call 5,730","1","touch","-27","411","-6.57","89","21.65","0.89","0.75","1","1.16","0.95","1.35","411","89","5704.44","5689.35"
"Sep 18, 2024 1:30pm","Sep 18, 2024 4:00pm","SPX","Sep 18, 2024","ironcondor","long put 5,560 / short put 5,565 / short call 5,705 / long call 5,710","1","expired","150","350","42.86","150","42.86","1.5","1.2","1.8","0","","","350","150","5641.86","5618.26"
"Sep 17, 2024 1:30pm","Sep 17, 2024 4:00pm","SPX","Sep 17, 2024","ironcondor","long put 5,600 / short put 5,605 / short call 5,655 / long call 5,660","1","expired","111","389","28.53","111","28.53","1.11","0.95","1.25","0","","","389","111","5632.55","5634.58"
"Sep 16, 2024 1:30pm","Sep 16, 2024 1:59pm","SPX","Sep 16, 2024","ironcondor","long put 5,600 / short put 5,605 / short call 5,640 / long call 5,645","1","touch","-12","393","-3.05","107","27.23","1.07","0.95","1.2","1.19","1.05","1.35","393","107","5621.85","5630.08"
"Sep 13, 2024 1:30pm","Sep 13, 2024 2:32pm","SPX","Sep 13, 2024","ironcondor","long put 5,605 / short put 5,610 / short call 5,655 / long call 5,660","1","touch","-27","412","-6.55","88","21.36","0.88","0.75","1","1.15","0.9","1.4","412","88","5633.8","5618.89"
"Sep 12, 2024 1:30pm","Sep 12, 2024 1:56pm","SPX","Sep 12, 2024","ironcondor","long put 5,550 / short put 5,555 / short call 5,610 / long call 5,615","1","touch","-59","398","-14.82","102","25.63","1.02","0.85","1.2","1.61","1.45","1.75","398","102","5585.77","5600.34"
"Sep 11, 2024 1:30pm","Sep 11, 2024 1:48pm","SPX","Sep 11, 2024","ironcondor","long put 5,460 / short put 5,465 / short call 5,520 / long call 5,525","1","touch","-62","385","-16.1","115","29.87","1.15","1","1.3","1.77","1.5","2.05","385","115","5496.6","5510.74"
"Sep 10, 2024 1:30pm","Sep 10, 2024 2:02pm","SPX","Sep 10, 2024","ironcondor","long put 5,440 / short put 5,445 / short call 5,490 / long call 5,495","1","touch","-34","375","-9.07","125","33.33","1.25","1.1","1.4","1.59","1.45","1.75","375","125","5470.72","5483.1"
"Sep 5, 2024 1:30pm","Sep 5, 2024 1:44pm","SPX","Sep 5, 2024","ironcondor","long put 5,455 / short put 5,460 / short call 5,510 / long call 5,515","1","touch","-54","373","-14.48","127","34.05","1.27","1.15","1.4","1.81","1.65","1.95","373","127","5486.5","5501.59"
"Sep 4, 2024 1:30pm","Sep 4, 2024 4:00pm","SPX","Sep 4, 2024","ironcondor","long put 5,490 / short put 5,495 / short call 5,545 / long call 5,550","1","expired","107","393","27.23","107","27.23","1.07","0.9","1.25","0","","","393","107","5521.08","5520.07"
"Aug 30, 2024 1:30pm","Aug 30, 2024 2:38pm","SPX","Aug 30, 2024","ironcondor","long put 5,570 / short put 5,575 / short call 5,620 / long call 5,625","1","touch","10","380","2.63","120","31.58","1.2","1.05","1.35","1.1","0.95","1.25","380","120","5598.93","5610.01"
"Aug 28, 2024 1:30pm","Aug 28, 2024 1:54pm","SPX","Aug 28, 2024","ironcondor","long put 5,565 / short put 5,570 / short call 5,610 / long call 5,615","1","touch","-55","411","-13.38","89","21.65","0.89","0.8","1","1.44","1.25","1.65","411","89","5589.78","5577.1"
"Aug 27, 2024 1:30pm","Aug 27, 2024 4:00pm","SPX","Aug 27, 2024","ironcondor","long put 5,605 / short put 5,610 / short call 5,645 / long call 5,650","1","expired","80","420","19.05","80","19.05","0.8","0.7","0.9","0","","","420","80","5628.43","5625.8"
"Aug 26, 2024 1:30pm","Aug 26, 2024 1:46pm","SPX","Aug 26, 2024","ironcondor","long put 5,595 / short put 5,600 / short call 5,640 / long call 5,645","1","touch","-47","397","-11.84","103","25.94","1.03","0.9","1.15","1.5","1.3","1.7","397","103","5620.62","5607.38"
"Aug 22, 2024 1:30pm","Aug 22, 2024 1:54pm","SPX","Aug 22, 2024","ironcondor","long put 5,555 / short put 5,560 / short call 5,610 / long call 5,615","1","touch","-65","392","-16.58","108","27.55","1.08","0.95","1.2","1.73","1.45","2","392","108","5586.33","5567.72"
"Aug 21, 2024 1:30pm","Aug 21, 2024 2:01pm","SPX","Aug 21, 2024","ironcondor","long put 5,585 / short put 5,590 / short call 5,630 / long call 5,635","1","touch","-35","385","-9.09","115","29.87","1.15","1","1.3","1.5","1.35","1.65","385","115","5611.42","5622.39"
"Aug 20, 2024 1:30pm","Aug 20, 2024 2:13pm","SPX","Aug 20, 2024","ironcondor","long put 5,565 / short put 5,570 / short call 5,610 / long call 5,615","1","touch","11","387","2.84","113","29.2","1.13","1","1.25","1.02","0.9","1.15","387","113","5593.31","5600.24"
"Aug 19, 2024 1:30pm","Aug 19, 2024 1:42pm","SPX","Aug 19, 2024","ironcondor","long put 5,560 / short put 5,565 / short call 5,595 / long call 5,600","1","touch","9","392","2.3","108","27.55","1.08","0.95","1.2","0.99","0.9","1.1","392","108","5583.26","5585.06"
"Aug 16, 2024 1:30pm","Aug 16, 2024 4:00pm","SPX","Aug 16, 2024","ironcondor","long put 5,535 / short put 5,540 / short call 5,575 / long call 5,580","1","expired","95","405","23.46","95","23.46","0.95","0.8","1.1","0","","","405","95","5558.25","5554.25"
"Aug 14, 2024 1:30pm","Aug 14, 2024 2:58pm","SPX","Aug 14, 2024","ironcondor","long put 5,415 / short put 5,420 / short call 5,465 / long call 5,470","1","touch","22","375","5.87","125","33.33","1.25","1.1","1.4","1.03","0.85","1.2","375","125","5445.77","5455.58"
"Aug 12, 2024 1:30pm","Aug 12, 2024 4:00pm","SPX","Aug 12, 2024","ironcondor","long put 5,310 / short put 5,315 / short call 5,375 / long call 5,380","1","expired","108","392","27.55","108","27.55","1.08","0.9","1.25","0","","","392","108","5348.2","5344.39"
"Aug 9, 2024 1:30pm","Aug 9, 2024 4:00pm","SPX","Aug 9, 2024","ironcondor","long put 5,315 / short put 5,320 / short call 5,385 / long call 5,390","1","expired","118","382","30.89","118","30.89","1.18","1.05","1.3","0","","","382","118","5354.95","5344.16"
"Aug 7, 2024 1:30pm","Aug 7, 2024 2:15pm","SPX","Aug 7, 2024","ironcondor","long put 5,200 / short put 5,205 / short call 5,295 / long call 5,300","1","touch","-55","365","-15.07","135","36.99","1.35","1.1","1.6","1.9","1.65","2.15","365","135","5251.5","5214.84"
"Jul 29, 2024 1:30pm","Jul 29, 2024 4:00pm","SPX","Jul 29, 2024","ironcondor","long put 5,435 / short put 5,440 / short call 5,495 / long call 5,500","1","expired","113","387","29.2","113","29.2","1.13","0.95","1.3","0","","","387","113","5470.31","5463.54"
"Jul 25, 2024 1:30pm","Jul 25, 2024 2:44pm","SPX","Jul 25, 2024","ironcondor","long put 5,425 / short put 5,430 / short call 5,495 / long call 5,500","1","touch","-27","381","-7.09","119","31.23","1.19","1.05","1.3","1.46","1.2","1.7","381","119","5464.32","5439.26"
"Jul 23, 2024 1:30pm","Jul 23, 2024 1:56pm","SPX","Jul 23, 2024","ironcondor","long put 5,545 / short put 5,550 / short call 5,580 / long call 5,585","1","touch","8","371","2.16","129","34.77","1.29","1.2","1.4","1.21","1.1","1.3","371","129","5565.73","5570.13"
"Jul 19, 2024 1:30pm","Jul 19, 2024 3:21pm","SPX","Jul 19, 2024","ironcondor","long put 5,470 / short put 5,475 / short call 5,530 / long call 5,535","1","touch","1","390","0.26","110","28.21","1.1","0.9","1.3","1.09","0.95","1.25","390","110","5503.35","5520.24"
"Jul 18, 2024 1:30pm","Jul 18, 2024 2:02pm","SPX","Jul 18, 2024","ironcondor","long put 5,535 / short put 5,540 / short call 5,585 / long call 5,590","1","touch","-25","375","-6.67","125","33.33","1.25","1.1","1.4","1.5","1.25","1.75","375","125","5561.46","5549.05"
"Jul 16, 2024 1:30pm","Jul 16, 2024 2:36pm","SPX","Jul 16, 2024","ironcondor","long put 5,620 / short put 5,625 / short call 5,665 / long call 5,670","1","touch","16","404","3.96","96","23.76","0.96","0.85","1.05","0.8","0.7","0.9","404","96","5645.71","5655.08"
"Jul 15, 2024 1:30pm","Jul 15, 2024 4:00pm","SPX","Jul 15, 2024","ironcondor","long put 5,610 / short put 5,615 / short call 5,655 / long call 5,660","1","expired","109","391","27.88","109","27.88","1.09","0.95","1.25","0","","","391","109","5635.22","5631.22"
"Jul 10, 2024 1:30pm","Jul 10, 2024 1:46pm","SPX","Jul 10, 2024","ironcondor","long put 5,590 / short put 5,595 / short call 5,625 / long call 5,630","1","touch","5","417","1.2","83","19.9","0.83","0.75","0.95","0.78","0.7","0.9","417","83","5612.72","5615.03"
"Jul 9, 2024 1:30pm","Jul 9, 2024 4:00pm","SPX","Jul 9, 2024","ironcondor","long put 5,555 / short put 5,560 / short call 5,595 / long call 5,600","1","expired","87","413","21.07","87","21.07","0.87","0.75","1","0","","","413","87","5579.38","5576.98"
"Jul 8, 2024 1:30pm","Jul 8, 2024 1:33pm","SPX","Jul 8, 2024","ironcondor","long put 5,550 / short put 5,555 / short call 5,580 / long call 5,585","1","touch","5","405","1.23","95","23.46","0.95","0.85","1.05","0.9","0.8","1","405","95","5568.54","5570.37"
"Jul 5, 2024 1:30pm","Jul 5, 2024 1:35pm","SPX","Jul 5, 2024","ironcondor","long put 5,535 / short put 5,540 / short call 5,570 / long call 5,575","1","touch","-4","412","-0.97","88","21.36","0.88","0.75","1","0.92","0.8","1.05","412","88","5558.61","5560.23"
"Jul 2, 2024 1:30pm","Jul 2, 2024 1:48pm","SPX","Jul 2, 2024","ironcondor","long put 5,465 / short put 5,470 / short call 5,500 / long call 5,505","1","touch","21","395","5.32","105","26.58","1.05","0.95","1.15","0.84","0.7","1","395","105","5487.43","5490.01"
"Jul 1, 2024 1:30pm","Jul 1, 2024 2:16pm","SPX","Jul 1, 2024","ironcondor","long put 5,445 / short put 5,450 / short call 5,485 / long call 5,490","1","touch","4","392","1.02","108","27.55","1.08","0.9","1.25","1.04","0.9","1.15","392","108","5471","5476.42"
"Jun 28, 2024 1:30pm","Jun 28, 2024 3:03pm","SPX","Jun 28, 2024","ironcondor","long put 5,455 / short put 5,460 / short call 5,505 / long call 5,510","1","touch","2","399","0.5","101","25.31","1.01","0.9","1.1","0.99","0.9","1.1","399","101","5483.5","5468.58"
"Jun 27, 2024 1:30pm","Jun 27, 2024 2:00pm","SPX","Jun 27, 2024","ironcondor","long put 5,465 / short put 5,470 / short call 5,500 / long call 5,505","1","touch","9","394","2.28","106","26.9","1.06","0.9","1.2","0.97","0.85","1.1","394","106","5484.24","5479.1"
"Jun 26, 2024 1:30pm","Jun 26, 2024 2:25pm","SPX","Jun 26, 2024","ironcondor","long put 5,445 / short put 5,450 / short call 5,480 / long call 5,485","1","touch","39","384","10.16","116","30.21","1.16","1","1.3","0.77","0.6","0.95","384","116","5466.11","5470.02"
"Jun 25, 2024 1:30pm","Jun 25, 2024 1:43pm","SPX","Jun 25, 2024","ironcondor","long put 5,435 / short put 5,440 / short call 5,470 / long call 5,475","1","touch","0","399","0","101","25.31","1.01","0.9","1.1","1.01","0.9","1.1","399","101","5458","5460.09"
"Jun 24, 2024 1:30pm","Jun 24, 2024 4:00pm","SPX","Jun 24, 2024","ironcondor","long put 5,440 / short put 5,445 / short call 5,480 / long call 5,485","1","expired","113","387","29.2","113","29.2","1.13","1","1.25","0","","","387","113","5463.78","5447.87"
"Jun 21, 2024 1:30pm","Jun 21, 2024 4:00pm","SPX","Jun 21, 2024","ironcondor","long put 5,435 / short put 5,440 / short call 5,480 / long call 5,485","1","expired","110","390","28.21","110","28.21","1.1","1","1.2","0","","","390","110","5462.55","5464.62"
"Jun 20, 2024 1:30pm","Jun 20, 2024 2:01pm","SPX","Jun 20, 2024","ironcondor","long put 5,435 / short put 5,440 / short call 5,485 / long call 5,490","1","touch","-31","380","-8.16","120","31.58","1.2","1.05","1.35","1.51","1.35","1.65","380","120","5464.12","5476.76"
"Jun 18, 2024 1:30pm","Jun 18, 2024 2:04pm","SPX","Jun 18, 2024","ironcondor","long put 5,465 / short put 5,470 / short call 5,500 / long call 5,505","1","touch","-24","397","-6.05","103","25.94","1.03","0.9","1.15","1.27","1.05","1.5","397","103","5485.1","5477.85"
"Jun 17, 2024 1:30pm","Jun 17, 2024 1:36pm","SPX","Jun 17, 2024","ironcondor","long put 5,445 / short put 5,450 / short call 5,485 / long call 5,490","1","touch","-45","412","-10.92","88","21.36","0.88","0.8","1","1.33","1.25","1.45","412","88","5467.92","5475.01"
"Jun 14, 2024 1:30pm","Jun 14, 2024 4:00pm","SPX","Jun 14, 2024","ironcondor","long put 5,400 / short put 5,405 / short call 5,445 / long call 5,450","1","expired","83","417","19.9","83","19.9","0.83","0.7","0.95","0","","","417","83","5426.38","5431.6"
"Jun 13, 2024 1:30pm","Jun 13, 2024 2:45pm","SPX","Jun 13, 2024","ironcondor","long put 5,400 / short put 5,405 / short call 5,440 / long call 5,445","1","touch","56","377","14.85","123","32.63","1.23","1.1","1.35","0.67","0.55","0.8","377","123","5423.64","5430.65"
"Jun 11, 2024 1:30pm","Jun 11, 2024 1:53pm","SPX","Jun 11, 2024","ironcondor","long put 5,325 / short put 5,330 / short call 5,365 / long call 5,370","1","touch","-10","404","-2.48","96","23.76","0.96","0.8","1.1","1.06","0.95","1.15","404","96","5348.56","5355.72"
"Jun 10, 2024 1:30pm","Jun 10, 2024 1:47pm","SPX","Jun 10, 2024","ironcondor","long put 5,325 / short put 5,330 / short call 5,365 / long call 5,370","1","touch","-28","423","-6.62","77","18.2","0.77","0.65","0.9","1.05","0.95","1.15","423","77","5349.18","5356.76"
"Jun 7, 2024 1:30pm","Jun 7, 2024 2:06pm","SPX","Jun 7, 2024","ironcondor","long put 5,340 / short put 5,345 / short call 5,385 / long call 5,390","1","touch","-36","399","-9.02","101","25.31","1.01","0.9","1.1","1.37","1.15","1.6","399","101","5368.38","5352.72"
"Jun 6, 2024 1:30pm","Jun 6, 2024 2:09pm","SPX","Jun 6, 2024","ironcondor","long put 5,325 / short put 5,330 / short call 5,365 / long call 5,370","1","touch","-23","406","-5.66","94","23.15","0.94","0.85","1.05","1.17","1","1.35","406","94","5348.88","5339.94"
"Jun 4, 2024 1:30pm","Jun 4, 2024 2:17pm","SPX","Jun 4, 2024","ironcondor","long put 5,250 / short put 5,255 / short call 5,295 / long call 5,300","1","touch","-9","377","-2.39","123","32.63","1.23","1.05","1.4","1.32","1.2","1.45","377","123","5276.84","5285.65"
"Jun 3, 2024 1:30pm","Jun 3, 2024 3:25pm","SPX","Jun 3, 2024","ironcondor","long put 5,220 / short put 5,225 / short call 5,280 / long call 5,285","1","touch","20","397","5.04","103","25.94","1.03","0.9","1.15","0.83","0.7","0.95","397","103","5253.77","5271.44"
"May 31, 2024 1:30pm","May 31, 2024 2:46pm","SPX","May 31, 2024","ironcondor","long put 5,190 / short put 5,195 / short call 5,235 / long call 5,240","1","touch","4","400","1","100","25","1","0.9","1.1","0.96","0.85","1.05","400","100","5216.09","5225.18"
"May 30, 2024 1:30pm","May 30, 2024 2:17pm","SPX","May 30, 2024","ironcondor","long put 5,235 / short put 5,240 / short call 5,275 / long call 5,280","1","touch","-15","412","-3.64","88","21.36","0.88","0.75","1","1.03","0.85","1.2","412","88","5258.01","5248.19"
"May 29, 2024 1:30pm","May 29, 2024 4:00pm","SPX","May 29, 2024","ironcondor","long put 5,255 / short put 5,260 / short call 5,295 / long call 5,300","1","expired","99","401","24.69","99","24.69","0.99","0.85","1.1","0","","","401","99","5278.32","5266.95"
"May 28, 2024 1:30pm","May 28, 2024 1:32pm","SPX","May 28, 2024","ironcondor","long put 5,285 / short put 5,290 / short call 5,315 / long call 5,320","1","touch","-2","400","-0.5","100","25","1","0.85","1.15","1.02","0.9","1.15","400","100","5304.77","5305.1"
"May 24, 2024 1:30pm","May 24, 2024 2:09pm","SPX","May 24, 2024","ironcondor","long put 5,285 / short put 5,290 / short call 5,320 / long call 5,325","1","touch","17","412","4.13","88","21.36","0.88","0.75","1","0.71","0.6","0.85","412","88","5305.86","5310.07"
"May 23, 2024 1:30pm","May 23, 2024 1:38pm","SPX","May 23, 2024","ironcondor","long put 5,280 / short put 5,285 / short call 5,325 / long call 5,330","1","touch","-61","406","-15.02","94","23.15","0.94","0.8","1.1","1.55","1.4","1.7","406","94","5304.72","5292.35"
"May 22, 2024 1:30pm","May 22, 2024 1:37pm","SPX","May 22, 2024","ironcondor","long put 5,300 / short put 5,305 / short call 5,330 / long call 5,335","1","touch","-41","432","-9.49","68","15.74","0.68","0.6","0.8","1.09","0.95","1.25","432","68","5318.59","5313.65"
"May 21, 2024 1:30pm","May 21, 2024 1:31pm","SPX","May 21, 2024","ironcondor","long put 5,295 / short put 5,300 / short call 5,320 / long call 5,325","1","touch","1","386","0.26","114","29.53","1.14","1.05","1.25","1.13","1","1.25","386","114","5310.77","5311.01"
"May 20, 2024 1:30pm","May 20, 2024 2:08pm","SPX","May 20, 2024","ironcondor","long put 5,295 / short put 5,300 / short call 5,325 / long call 5,330","1","touch","14","405","3.46","95","23.46","0.95","0.85","1.05","0.81","0.7","0.9","405","95","5313.54","5309.8"
"May 17, 2024 1:30pm","May 17, 2024 2:04pm","SPX","May 17, 2024","ironcondor","long put 5,280 / short put 5,285 / short call 5,310 / long call 5,315","1","touch","14","420","3.33","80","19.05","0.8","0.65","0.95","0.66","0.55","0.75","420","80","5297.06","5294.25"
"May 16, 2024 1:30pm","May 16, 2024 4:00pm","SPX","May 16, 2024","ironcondor","long put 5,280 / short put 5,285 / short call 5,325 / long call 5,330","1","expired","90","410","21.95","90","21.95","0.9","0.75","1.05","0","","","410","90","5308.36","5297.1"
"May 14, 2024 1:30pm","May 14, 2024 1:43pm","SPX","May 14, 2024","ironcondor","long put 5,205 / short put 5,210 / short call 5,235 / long call 5,240","1","touch","10","415","2.41","85","20.48","0.85","0.75","0.95","0.75","0.65","0.85","415","85","5222.66","5225.18"
"May 13, 2024 1:30pm","May 13, 2024 4:00pm","SPX","May 13, 2024","ironcondor","long put 5,200 / short put 5,205 / short call 5,235 / long call 5,240","1","expired","80","420","19.05","80","19.05","0.8","0.65","0.95","0","","","420","80","5221.49","5221.42"
"May 10, 2024 1:30pm","May 10, 2024 1:33pm","SPX","May 10, 2024","ironcondor","long put 5,195 / short put 5,200 / short call 5,225 / long call 5,230","1","touch","13","389","3.34","111","28.53","1.11","1","1.2","0.98","0.85","1.1","389","111","5214.12","5215.11"
"May 9, 2024 1:30pm","May 9, 2024 2:01pm","SPX","May 9, 2024","ironcondor","long put 5,190 / short put 5,195 / short call 5,220 / long call 5,225","1","touch","27","400","6.75","100","25","1","0.9","1.1","0.73","0.6","0.85","400","100","5208.55","5204.4"
"May 8, 2024 1:30pm","May 8, 2024 1:43pm","SPX","May 8, 2024","ironcondor","long put 5,155 / short put 5,160 / short call 5,190 / long call 5,195","1","touch","-5","391","-1.28","109","27.88","1.09","0.95","1.2","1.14","1","1.25","391","109","5177.76","5180.91"
"May 7, 2024 1:30pm","May 7, 2024 1:43pm","SPX","May 7, 2024","ironcondor","long put 5,180 / short put 5,185 / short call 5,210 / long call 5,215","1","touch","18","383","4.7","117","30.55","1.17","1.05","1.3","0.99","0.85","1.15","383","117","5198.74","5194.96"
"May 6, 2024 1:30pm","May 6, 2024 2:02pm","SPX","May 6, 2024","ironcondor","long put 5,140 / short put 5,145 / short call 5,175 / long call 5,180","1","touch","5","412","1.21","88","21.36","0.88","0.75","1","0.83","0.75","0.95","412","88","5160.76","5165.35"
"May 2, 2024 1:30pm","May 2, 2024 2:59pm","SPX","May 2, 2024","ironcondor","long put 5,025 / short put 5,030 / short call 5,080 / long call 5,085","1","touch","8","400","2","100","25","1","0.9","1.1","0.92","0.8","1.05","400","100","5055.71","5070"
"May 1, 2024 1:30pm","May 1, 2024 2:42pm","SPX","May 1, 2024","ironcondor","long put 4,965 / short put 4,970 / short call 5,075 / long call 5,080","1","touch","-100","363","-27.55","137","37.74","1.37","1.2","1.55","2.37","2","2.75","363","137","5021.96","5071.13"
"Apr 29, 2024 1:30pm","Apr 29, 2024 2:01pm","SPX","Apr 29, 2024","ironcondor","long put 5,100 / short put 5,105 / short call 5,135 / long call 5,140","1","touch","11","410","2.68","90","21.95","0.9","0.75","1.05","0.79","0.7","0.9","410","90","5119.55","5114.97"
"Apr 24, 2024 1:30pm","Apr 24, 2024 1:42pm","SPX","Apr 24, 2024","ironcondor","long put 5,040 / short put 5,045 / short call 5,085 / long call 5,090","1","touch","-41","390","-10.51","110","28.21","1.1","0.95","1.25","1.51","1.35","1.65","390","110","5067.09","5075.66"
"Apr 19, 2024 1:30pm","Apr 19, 2024 2:45pm","SPX","Apr 19, 2024","ironcondor","long put 4,945 / short put 4,950 / short call 5,010 / long call 5,015","1","touch","-39","388","-10.05","112","28.87","1.12","0.95","1.3","1.51","1.3","1.7","388","112","4980.72","4958.43"
"Apr 18, 2024 1:30pm","Apr 18, 2024 4:00pm","SPX","Apr 18, 2024","ironcondor","long put 4,985 / short put 4,990 / short call 5,045 / long call 5,050","1","expired","124","376","32.98","124","32.98","1.24","1.1","1.35","0","","","376","124","5017.63","5011.12"
"Apr 17, 2024 1:30pm","Apr 17, 2024 2:43pm","SPX","Apr 17, 2024","ironcondor","long put 5,000 / short put 5,005 / short call 5,060 / long call 5,065","1","touch","-21","372","-5.65","128","34.41","1.28","1.15","1.4","1.49","1.35","1.65","372","128","5032.95","5050.91"
"Apr 16, 2024 1:30pm","Apr 16, 2024 4:00pm","SPX","Apr 16, 2024","ironcondor","long put 5,015 / short put 5,020 / short call 5,095 / long call 5,100","1","expired","129","371","34.77","129","34.77","1.29","1.1","1.5","0","","","371","129","5058.93","5051.41"
"Apr 11, 2024 1:30pm","Apr 11, 2024 2:08pm","SPX","Apr 11, 2024","ironcondor","long put 5,160 / short put 5,165 / short call 5,215 / long call 5,220","1","touch","-43","399","-10.78","101","25.31","1.01","0.9","1.15","1.44","1.3","1.6","399","101","5192.61","5206.16"
"Apr 9, 2024 1:30pm","Apr 9, 2024 3:27pm","SPX","Apr 9, 2024","ironcondor","long put 5,160 / short put 5,165 / short call 5,205 / long call 5,210","1","touch","35","381","9.19","119","31.23","1.19","1.05","1.35","0.84","0.7","1","381","119","5188.61","5195.91"
"Apr 8, 2024 1:30pm","Apr 8, 2024 4:00pm","SPX","Apr 8, 2024","ironcondor","long put 5,185 / short put 5,190 / short call 5,225 / long call 5,230","1","expired","88","412","21.36","88","21.36","0.88","0.8","1","0","","","412","88","5210.5","5202.39"
"Apr 4, 2024 1:30pm","Apr 4, 2024 1:44pm","SPX","Apr 4, 2024","ironcondor","long put 5,230 / short put 5,235 / short call 5,265 / long call 5,270","1","touch","-32","431","-7.42","69","16.01","0.69","0.6","0.8","1.01","0.9","1.1","431","69","5249.75","5243.87"
"Apr 3, 2024 1:30pm","Apr 3, 2024 2:32pm","SPX","Apr 3, 2024","ironcondor","long put 5,205 / short put 5,210 / short call 5,240 / long call 5,245","1","touch","20","429","4.66","71","16.55","0.71","0.6","0.85","0.51","0.4","0.6","429","71","5224.8","5219.63"
"Apr 1, 2024 1:30pm","Apr 1, 2024 2:41pm","SPX","Apr 1, 2024","ironcondor","long put 5,215 / short put 5,220 / short call 5,250 / long call 5,255","1","touch","38","415","9.16","85","20.48","0.85","0.75","0.95","0.47","0.35","0.6","415","85","5235.09","5240.34"
"Mar 28, 2024 1:30pm","Mar 28, 2024 2:14pm","SPX","Mar 28, 2024","ironcondor","long put 5,225 / short put 5,230 / short call 5,265 / long call 5,270","1","touch","-23","415","-5.54","85","20.48","0.85","0.75","0.95","1.08","0.95","1.2","415","85","5250.11","5255.02"
"Mar 27, 2024 1:30pm","Mar 27, 2024 2:05pm","SPX","Mar 27, 2024","ironcondor","long put 5,205 / short put 5,210 / short call 5,235 / long call 5,240","1","touch","15","400","3.75","100","25","1","0.85","1.15","0.85","0.7","1","400","100","5222.3","5219.97"
"Mar 26, 2024 1:30pm","Mar 26, 2024 2:35pm","SPX","Mar 26, 2024","ironcondor","long put 5,210 / short put 5,215 / short call 5,240 / long call 5,245","1","touch","27","441","6.12","59","13.38","0.59","0.5","0.7","0.32","0.2","0.4","441","59","5228.45","5230.01"
"Mar 25, 2024 1:30pm","Mar 25, 2024 1:31pm","SPX","Mar 25, 2024","ironcondor","long put 5,210 / short put 5,215 / short call 5,235 / long call 5,240","1","touch","4","383","1.04","117","30.55","1.17","1.05","1.3","1.13","1","1.25","383","117","5225.27","5224.74"
"Mar 22, 2024 1:30pm","Mar 22, 2024 1:54pm","SPX","Mar 22, 2024","ironcondor","long put 5,220 / short put 5,225 / short call 5,255 / long call 5,260","1","touch","-12","429","-2.8","71","16.55","0.71","0.6","0.8","0.83","0.75","0.95","429","71","5240.56","5245.21"
"Mar 21, 2024 1:30pm","Mar 21, 2024 2:36pm","SPX","Mar 21, 2024","ironcondor","long put 5,230 / short put 5,235 / short call 5,270 / long call 5,275","1","touch","-15","429","-3.5","71","16.55","0.71","0.6","0.85","0.86","0.75","1","429","71","5254.42","5243.99"
"Mar 20, 2024 1:30pm","Mar 20, 2024 2:47pm","SPX","Mar 20, 2024","ironcondor","long put 5,120 / short put 5,125 / short call 5,220 / long call 5,225","1","touch","-47","358","-13.13","142","39.66","1.42","1.2","1.65","1.89","1.7","2.1","358","142","5174.6","5210.27"
"Mar 19, 2024 1:30pm","Mar 19, 2024 4:00pm","SPX","Mar 19, 2024","ironcondor","long put 5,145 / short put 5,150 / short call 5,185 / long call 5,190","1","expired","89","411","21.65","89","21.65","0.89","0.75","1","0","","","411","89","5169.48","5178.51"
"Mar 15, 2024 1:30pm","Mar 15, 2024 4:00pm","SPX","Mar 15, 2024","ironcondor","long put 5,085 / short put 5,090 / short call 5,135 / long call 5,140","1","expired","124","376","32.98","124","32.98","1.24","1.1","1.4","0","","","376","124","5113.34","5117.09"
"Mar 14, 2024 1:30pm","Mar 14, 2024 1:52pm","SPX","Mar 14, 2024","ironcondor","long put 5,110 / short put 5,115 / short call 5,155 / long call 5,160","1","touch","-17","380","-4.47","120","31.58","1.2","1.05","1.35","1.37","1.2","1.55","380","120","5136.73","5145.71"
"Mar 13, 2024 1:30pm","Mar 13, 2024 3:25pm","SPX","Mar 13, 2024","ironcondor","long put 5,155 / short put 5,160 / short call 5,190 / long call 5,195","1","touch","80","393","20.36","107","27.23","1.07","0.9","1.25","0.27","0.15","0.4","393","107","5177.87","5169.1"
"Mar 12, 2024 1:30pm","Mar 12, 2024 2:06pm","SPX","Mar 12, 2024","ironcondor","long put 5,130 / short put 5,135 / short call 5,175 / long call 5,180","1","touch","3","390","0.77","110","28.21","1.1","0.95","1.25","1.07","0.95","1.2","390","110","5155.72","5165.62"
"Mar 11, 2024 1:30pm","Mar 11, 2024 1:48pm","SPX","Mar 11, 2024","ironcondor","long put 5,095 / short put 5,100 / short call 5,135 / long call 5,140","1","touch","-12","382","-3.14","118","30.89","1.18","1.05","1.3","1.3","1.15","1.45","382","118","5118.6","5109.79"
"Mar 8, 2024 1:30pm","Mar 8, 2024 2:36pm","SPX","Mar 8, 2024","ironcondor","long put 5,100 / short put 5,105 / short call 5,155 / long call 5,160","1","touch","-9","393","-2.29","107","27.23","1.07","0.95","1.2","1.16","1","1.3","393","107","5129.42","5145.76"
"Mar 4, 2024 1:30pm","Mar 4, 2024 1:38pm","SPX","Mar 4, 2024","ironcondor","long put 5,115 / short put 5,120 / short call 5,145 / long call 5,150","1","touch","3","420","0.71","80","19.05","0.8","0.7","0.9","0.77","0.65","0.9","420","80","5133.94","5135.16"
"Mar 1, 2024 1:30pm","Mar 1, 2024 2:01pm","SPX","Mar 1, 2024","ironcondor","long put 5,110 / short put 5,115 / short call 5,145 / long call 5,150","1","touch","-42","415","-10.12","85","20.48","0.85","0.7","1","1.27","1.15","1.4","415","85","5129.71","5137.03"
"Feb 29, 2024 1:30pm","Feb 29, 2024 2:19pm","SPX","Feb 29, 2024","ironcondor","long put 5,065 / short put 5,070 / short call 5,100 / long call 5,105","1","touch","27","373","7.24","127","34.05","1.27","1.15","1.4","1","0.9","1.1","373","127","5085.94","5090.62"
"Feb 28, 2024 1:30pm","Feb 28, 2024 1:32pm","SPX","Feb 28, 2024","ironcondor","long put 5,055 / short put 5,060 / short call 5,085 / long call 5,090","1","touch","-15","395","-3.8","105","26.58","1.05","0.9","1.2","1.2","1.1","1.3","395","105","5073.68","5075.3"
"Feb 27, 2024 1:30pm","Feb 27, 2024 1:57pm","SPX","Feb 27, 2024","ironcondor","long put 5,040 / short put 5,045 / short call 5,075 / long call 5,080","1","touch","9","417","2.16","83","19.9","0.83","0.7","0.95","0.74","0.6","0.9","417","83","5061.93","5065.62"
"Feb 26, 2024 1:30pm","Feb 26, 2024 2:03pm","SPX","Feb 26, 2024","ironcondor","long put 5,055 / short put 5,060 / short call 5,090 / long call 5,095","1","touch","31","384","8.07","116","30.21","1.16","1","1.3","0.85","0.75","0.95","384","116","5076.17","5080.55"
"Feb 23, 2024 1:30pm","Feb 23, 2024 2:20pm","SPX","Feb 23, 2024","ironcondor","long put 5,075 / short put 5,080 / short call 5,115 / long call 5,120","1","touch","0","414","0","86","20.77","0.86","0.75","1","0.86","0.7","1","414","86","5099.3","5089.94"
"Feb 21, 2024 1:30pm","Feb 21, 2024 2:26pm","SPX","Feb 21, 2024","ironcondor","long put 4,940 / short put 4,945 / short call 4,980 / long call 4,985","1","touch","-10","378","-2.65","122","32.28","1.22","1.05","1.4","1.32","1.15","1.5","378","122","4962.42","4952.84"
"Feb 16, 2024 1:30pm","Feb 16, 2024 2:01pm","SPX","Feb 16, 2024","ironcondor","long put 5,000 / short put 5,005 / short call 5,045 / long call 5,050","1","touch","-43","423","-10.17","77","18.2","0.77","0.65","0.9","1.2","1.1","1.3","423","77","5026.7","5035.16"
"Feb 15, 2024 1:30pm","Feb 15, 2024 4:00pm","SPX","Feb 15, 2024","ironcondor","long put 5,000 / short put 5,005 / short call 5,045 / long call 5,050","1","expired","81","419","19.33","81","19.33","0.81","0.7","0.95","0","","","419","81","5025.52","5029.73"
"Feb 14, 2024 1:30pm","Feb 14, 2024 1:38pm","SPX","Feb 14, 2024","ironcondor","long put 4,945 / short put 4,950 / short call 4,990 / long call 4,995","1","touch","-41","399","-10.28","101","25.31","1.01","0.9","1.1","1.42","1.25","1.6","399","101","4971.32","4980.58"
"Feb 12, 2024 1:30pm","Feb 12, 2024 1:39pm","SPX","Feb 12, 2024","ironcondor","long put 5,020 / short put 5,025 / short call 5,055 / long call 5,060","1","touch","-10","415","-2.41","85","20.48","0.85","0.75","0.95","0.95","0.8","1.1","415","85","5039.28","5034.75"
"Feb 9, 2024 1:30pm","Feb 9, 2024 2:31pm","SPX","Feb 9, 2024","ironcondor","long put 5,000 / short put 5,005 / short call 5,035 / long call 5,040","1","touch","19","433","4.39","67","15.47","0.67","0.55","0.8","0.48","0.35","0.6","433","67","5021.17","5025.27"
"Feb 8, 2024 1:30pm","Feb 8, 2024 2:38pm","SPX","Feb 8, 2024","ironcondor","long put 4,975 / short put 4,980 / short call 5,010 / long call 5,015","1","touch","28","428","6.54","72","16.82","0.72","0.6","0.85","0.44","0.35","0.55","428","72","4994.36","4989.82"
"Feb 6, 2024 1:30pm","Feb 6, 2024 4:00pm","SPX","Feb 6, 2024","ironcondor","long put 4,920 / short put 4,925 / short call 4,960 / long call 4,965","1","expired","88","412","21.36","88","21.36","0.88","0.75","1","0","","","412","88","4943.17","4954.23"
"Feb 5, 2024 1:30pm","Feb 5, 2024 1:36pm","SPX","Feb 5, 2024","ironcondor","long put 4,920 / short put 4,925 / short call 4,955 / long call 4,960","1","touch","-8","397","-2.02","103","25.94","1.03","0.85","1.2","1.11","0.95","1.25","397","103","4941.16","4945.38"
"Jan 30, 2024 1:30pm","Jan 30, 2024 4:00pm","SPX","Jan 30, 2024","ironcondor","long put 4,905 / short put 4,910 / short call 4,940 / long call 4,945","1","expired","72","428","16.82","72","16.82","0.72","0.6","0.85","0","","","428","72","4924.1","4924.97"
"Jan 29, 2024 1:30pm","Jan 29, 2024 1:37pm","SPX","Jan 29, 2024","ironcondor","long put 4,880 / short put 4,885 / short call 4,910 / long call 4,915","1","touch","5","401","1.25","99","24.69","0.99","0.85","1.15","0.94","0.8","1.05","401","99","4899.9","4900.08"
"Jan 26, 2024 1:30pm","Jan 26, 2024 2:52pm","SPX","Jan 26, 2024","ironcondor","long put 4,865 / short put 4,870 / short call 4,905 / long call 4,910","1","touch","21","414","5.07","86","20.77","0.86","0.75","1","0.65","0.55","0.75","414","86","4889.37","4896.51"
"Jan 25, 2024 1:30pm","Jan 25, 2024 2:09pm","SPX","Jan 25, 2024","ironcondor","long put 4,855 / short put 4,860 / short call 4,895 / long call 4,900","1","touch","8","395","2.03","105","26.58","1.05","0.9","1.2","0.97","0.85","1.1","395","105","4877.98","4869.94"
"Jan 24, 2024 1:30pm","Jan 24, 2024 1:40pm","SPX","Jan 24, 2024","ironcondor","long put 4,875 / short put 4,880 / short call 4,910 / long call 4,915","1","touch","-56","416","-13.46","84","20.19","0.84","0.7","1","1.4","1.25","1.55","416","84","4895.93","4887.64"
"Jan 23, 2024 1:30pm","Jan 23, 2024 1:53pm","SPX","Jan 23, 2024","ironcondor","long put 4,835 / short put 4,840 / short call 4,865 / long call 4,870","1","touch","18","408","4.41","92","22.55","0.92","0.8","1.05","0.74","0.65","0.85","408","92","4853.05","4855.58"
"Jan 22, 2024 1:30pm","Jan 22, 2024 1:47pm","SPX","Jan 22, 2024","ironcondor","long put 4,825 / short put 4,830 / short call 4,860 / long call 4,865","1","touch","0","401","0","99","24.69","0.99","0.85","1.1","0.99","0.85","1.15","401","99","4844.68","4850.52"
"Jan 18, 2024 1:30pm","Jan 18, 2024 1:39pm","SPX","Jan 18, 2024","ironcondor","long put 4,720 / short put 4,725 / short call 4,760 / long call 4,765","1","touch","-24","393","-6.11","107","27.23","1.07","0.95","1.2","1.31","1.2","1.45","393","107","4743.22","4751.83"
"Jan 16, 2024 1:30pm","Jan 16, 2024 1:45pm","SPX","Jan 16, 2024","ironcondor","long put 4,745 / short put 4,750 / short call 4,780 / long call 4,785","1","touch","-7","398","-1.76","102","25.63","1.02","0.9","1.15","1.09","0.95","1.25","398","102","4766.07","4759.68"
"Jan 12, 2024 1:30pm","Jan 12, 2024 3:24pm","SPX","Jan 12, 2024","ironcondor","long put 4,760 / short put 4,765 / short call 4,800 / long call 4,805","1","touch","46","406","11.33","94","23.15","0.94","0.85","1.05","0.48","0.35","0.6","406","94","4782.27","4774.52"
"Jan 11, 2024 1:30pm","Jan 11, 2024 1:56pm","SPX","Jan 11, 2024","ironcondor","long put 4,740 / short put 4,745 / short call 4,780 / long call 4,785","1","touch","-32","393","-8.14","107","27.23","1.07","0.95","1.2","1.39","1.25","1.55","393","107","4764.53","4771.76"
"Jan 10, 2024 1:30pm","Jan 10, 2024 2:04pm","SPX","Jan 10, 2024","ironcondor","long put 4,750 / short put 4,755 / short call 4,785 / long call 4,790","1","touch","17","424","4.01","76","17.92","0.76","0.65","0.85","0.59","0.5","0.7","424","76","4769.7","4775.2"
"Jan 9, 2024 1:30pm","Jan 9, 2024 1:34pm","SPX","Jan 9, 2024","ironcondor","long put 4,735 / short put 4,740 / short call 4,770 / long call 4,775","1","touch","-36","411","-8.76","89","21.65","0.89","0.75","1.05","1.25","1.1","1.4","411","89","4755.21","4748.73"
"Jan 8, 2024 1:30pm","Jan 8, 2024 1:48pm","SPX","Jan 8, 2024","ironcondor","long put 4,710 / short put 4,715 / short call 4,745 / long call 4,750","1","touch","-8","432","-1.85","68","15.74","0.68","0.55","0.8","0.76","0.65","0.85","432","68","4731.17","4735.4"
"Jan 5, 2024 1:30pm","Jan 5, 2024 2:11pm","SPX","Jan 5, 2024","ironcondor","long put 4,670 / short put 4,675 / short call 4,715 / long call 4,720","1","touch","-30","419","-7.16","81","19.33","0.81","0.65","0.95","1.11","0.95","1.25","419","81","4695.41","4706.25"
"Jan 4, 2024 1:30pm","Jan 4, 2024 2:11pm","SPX","Jan 4, 2024","ironcondor","long put 4,690 / short put 4,695 / short call 4,725 / long call 4,730","1","touch","9","419","2.15","81","19.33","0.81","0.65","0.95","0.72","0.6","0.85","419","81","4710.28","4704.11"
"Jan 3, 2024 1:30pm","Jan 3, 2024 2:03pm","SPX","Jan 3, 2024","ironcondor","long put 4,700 / short put 4,705 / short call 4,740 / long call 4,745","1","touch","-10","390","-2.56","110","28.21","1.1","0.95","1.25","1.2","1","1.4","390","110","4721.2","4714.99"
"Jan 2, 2024 1:30pm","Jan 2, 2024 1:35pm","SPX","Jan 2, 2024","ironcondor","long put 4,725 / short put 4,730 / short call 4,755 / long call 4,760","1","touch","2","397","0.5","103","25.94","1.03","0.9","1.15","1.01","0.9","1.15","397","103","4744.81","4745.91"
"Dec 29, 2023 1:30pm","Dec 29, 2023 1:49pm","SPX","Dec 29, 2023","ironcondor","long put 4,740 / short put 4,745 / short call 4,780 / long call 4,785","1","touch","-16","398","-4.02","102","25.63","1.02","0.9","1.15","1.18","1.05","1.3","398","102","4763.39","4770.13"
"Dec 28, 2023 1:30pm","Dec 28, 2023 1:34pm","SPX","Dec 28, 2023","ironcondor","long put 4,770 / short put 4,775 / short call 4,800 / long call 4,805","1","touch","-1","411","-0.24","89","21.65","0.89","0.8","1","0.9","0.75","1.05","411","89","4788.6","4790.03"
"Dec 27, 2023 1:30pm","Dec 27, 2023 2:00pm","SPX","Dec 27, 2023","ironcondor","long put 4,765 / short put 4,770 / short call 4,795 / long call 4,800","1","touch","18","416","4.33","84","20.19","0.84","0.7","0.95","0.66","0.55","0.75","416","84","4781.13","4779.44"
"Dec 26, 2023 1:30pm","Dec 26, 2023 2:33pm","SPX","Dec 26, 2023","ironcondor","long put 4,755 / short put 4,760 / short call 4,785 / long call 4,790","1","touch","33","437","7.55","63","14.42","0.63","0.55","0.75","0.3","0.2","0.4","437","63","4772.49","4775.43"
"Dec 22, 2023 1:30pm","Dec 22, 2023 2:03pm","SPX","Dec 22, 2023","ironcondor","long put 4,745 / short put 4,750 / short call 4,780 / long call 4,785","1","touch","8","412","1.94","88","21.36","0.88","0.7","1.05","0.8","0.7","0.9","412","88","4765.42","4759.9"
"Dec 21, 2023 1:30pm","Dec 21, 2023 3:28pm","SPX","Dec 21, 2023","ironcondor","long put 4,690 / short put 4,695 / short call 4,740 / long call 4,745","1","touch","24","384","6.25","116","30.21","1.16","1","1.3","0.92","0.8","1.05","384","116","4719.85","4733.57"
"Dec 20, 2023 1:30pm","Dec 20, 2023 1:31pm","SPX","Dec 20, 2023","ironcondor","long put 4,760 / short put 4,765 / short call 4,785 / long call 4,790","1","touch","-2","414","-0.48","86","20.77","0.86","0.75","1","0.88","0.8","1","414","86","4774.76","4775.65"
"Dec 19, 2023 1:30pm","Dec 19, 2023 1:31pm","SPX","Dec 19, 2023","ironcondor","long put 4,745 / short put 4,750 / short call 4,770 / long call 4,775","1","touch","10","392","2.55","108","27.55","1.08","0.95","1.2","0.98","0.85","1.1","392","108","4759.51","4760.33"
"Dec 18, 2023 1:30pm","Dec 18, 2023 1:31pm","SPX","Dec 18, 2023","ironcondor","long put 4,730 / short put 4,735 / short call 4,755 / long call 4,760","1","touch","8","410","1.95","90","21.95","0.9","0.8","1","0.82","0.7","0.95","410","90","4745.49","4745.72"
"Dec 15, 2023 1:30pm","Dec 15, 2023 1:38pm","SPX","Dec 15, 2023","ironcondor","long put 4,700 / short put 4,705 / short call 4,730 / long call 4,735","1","touch","10","390","2.56","110","28.21","1.1","1","1.2","1","0.85","1.15","390","110","4717.8","4714.77"
"Dec 14, 2023 1:30pm","Dec 14, 2023 1:52pm","SPX","Dec 14, 2023","ironcondor","long put 4,685 / short put 4,690 / short call 4,725 / long call 4,730","1","touch","-31","411","-7.54","89","21.65","0.89","0.8","1","1.2","1.05","1.35","411","89","4709.51","4699.53"
"Dec 13, 2023 1:30pm","Dec 13, 2023 2:03pm","SPX","Dec 13, 2023","ironcondor","long put 4,605 / short put 4,610 / short call 4,675 / long call 4,680","1","touch","-65","365","-17.81","135","36.99","1.35","1.2","1.5","2","1.75","2.25","365","135","4643.55","4665.96"
"Dec 12, 2023 1:30pm","Dec 12, 2023 1:31pm","SPX","Dec 12, 2023","ironcondor","long put 4,615 / short put 4,620 / short call 4,640 / long call 4,645","1","touch","1","402","0.25","98","24.38","0.98","0.9","1.1","0.97","0.85","1.1","402","98","4630.82","4630.86"
"Dec 11, 2023 1:30pm","Dec 11, 2023 1:31pm","SPX","Dec 11, 2023","ironcondor","long put 4,600 / short put 4,605 / short call 4,625 / long call 4,630","1","touch","-3","411","-0.73","89","21.65","0.89","0.75","1.05","0.92","0.8","1.05","411","89","4616.98","4617.18"
"Dec 8, 2023 1:30pm","Dec 8, 2023 1:41pm","SPX","Dec 8, 2023","ironcondor","long put 4,580 / short put 4,585 / short call 4,610 / long call 4,615","1","touch","3","414","0.72","86","20.77","0.86","0.7","1","0.83","0.7","0.95","414","86","4596.42","4594.89"
"Dec 7, 2023 1:30pm","Dec 7, 2023 1:42pm","SPX","Dec 7, 2023","ironcondor","long put 4,565 / short put 4,570 / short call 4,595 / long call 4,600","1","touch","2","420","0.48","80","19.05","0.8","0.65","0.95","0.78","0.65","0.9","420","80","4583.27","4585.2"
"Dec 6, 2023 1:30pm","Dec 6, 2023 1:35pm","SPX","Dec 6, 2023","ironcondor","long put 4,550 / short put 4,555 / short call 4,580 / long call 4,585","1","touch","4","410","0.98","90","21.95","0.9","0.8","1","0.86","0.75","0.95","410","90","4566.82","4564.97"
"Dec 5, 2023 1:30pm","Dec 5, 2023 1:31pm","SPX","Dec 5, 2023","ironcondor","long put 4,550 / short put 4,555 / short call 4,580 / long call 4,585","1","touch","-3","413","-0.73","87","21.07","0.87","0.75","0.95","0.9","0.8","1","413","87","4565.92","4564.83"
"Dec 4, 2023 1:30pm","Dec 4, 2023 1:38pm","SPX","Dec 4, 2023","ironcondor","long put 4,545 / short put 4,550 / short call 4,575 / long call 4,580","1","touch","-2","413","-0.48","87","21.07","0.87","0.75","1","0.89","0.75","1.05","413","87","4561.86","4565.01"
"Dec 1, 2023 1:30pm","Dec 1, 2023 4:00pm","SPX","Dec 1, 2023","ironcondor","long put 4,565 / short put 4,570 / short call 4,605 / long call 4,610","1","expired","93","407","22.85","93","22.85","0.93","0.8","1.05","0","","","407","93","4588.54","4594.63"
"Nov 30, 2023 1:30pm","Nov 30, 2023 2:08pm","SPX","Nov 30, 2023","ironcondor","long put 4,520 / short put 4,525 / short call 4,555 / long call 4,560","1","touch","-3","428","-0.7","72","16.82","0.72","0.6","0.85","0.75","0.65","0.85","428","72","4539.54","4545.17"
"Nov 29, 2023 1:30pm","Nov 29, 2023 1:34pm","SPX","Nov 29, 2023","ironcondor","long put 4,550 / short put 4,555 / short call 4,580 / long call 4,585","1","touch","-16","412","-3.88","88","21.36","0.88","0.75","1","1.04","0.9","1.15","412","88","4567.74","4562.14"
"Nov 28, 2023 1:30pm","Nov 28, 2023 1:31pm","SPX","Nov 28, 2023","ironcondor","long put 4,535 / short put 4,540 / short call 4,560 / long call 4,565","1","touch","6","410","1.46","90","21.95","0.9","0.8","1","0.84","0.7","1","410","90","4551.29","4550.76"
"Nov 27, 2023 1:30pm","Nov 27, 2023 1:31pm","SPX","Nov 27, 2023","ironcondor","long put 4,545 / short put 4,550 / short call 4,565 / long call 4,570","1","touch","5","396","1.26","104","26.26","1.04","0.9","1.15","0.99","0.85","1.1","396","104","4557.94","4557.78"
"Nov 22, 2023 1:30pm","Nov 22, 2023 1:31pm","SPX","Nov 22, 2023","ironcondor","long put 4,545 / short put 4,550 / short call 4,570 / long call 4,575","1","touch","8","411","1.95","89","21.65","0.89","0.8","1","0.81","0.7","0.95","411","89","4561.34","4561.81"
"Nov 21, 2023 1:30pm","Nov 21, 2023 1:51pm","SPX","Nov 21, 2023","ironcondor","long put 4,515 / short put 4,520 / short call 4,550 / long call 4,555","1","touch","1","425","0.24","75","17.65","0.75","0.6","0.9","0.74","0.65","0.85","425","75","4534.58","4540.09"
"Nov 20, 2023 1:30pm","Nov 20, 2023 1:44pm","SPX","Nov 20, 2023","ironcondor","long put 4,525 / short put 4,530 / short call 4,555 / long call 4,560","1","touch","5","438","1.14","62","14.16","0.62","0.5","0.75","0.57","0.45","0.7","438","62","4543.17","4545.77"
"Nov 17, 2023 1:30pm","Nov 17, 2023 1:31pm","SPX","Nov 17, 2023","ironcondor","long put 4,495 / short put 4,500 / short call 4,525 / long call 4,530","1","touch","-12","432","-2.78","68","15.74","0.68","0.6","0.8","0.8","0.7","0.9","432","68","4513.47","4515.36"
"Nov 16, 2023 1:30pm","Nov 16, 2023 1:49pm","SPX","Nov 16, 2023","ironcondor","long put 4,480 / short put 4,485 / short call 4,515 / long call 4,520","1","touch","-40","423","-9.46","77","18.2","0.77","0.65","0.9","1.17","1.05","1.25","423","77","4500.55","4492.6"
"Nov 15, 2023 1:30pm","Nov 15, 2023 2:02pm","SPX","Nov 15, 2023","ironcondor","long put 4,485 / short put 4,490 / short call 4,520 / long call 4,525","1","touch","-5","412","-1.21","88","21.36","0.88","0.75","1","0.93","0.8","1.05","412","88","4504.68","4510.42"
"Nov 13, 2023 1:30pm","Nov 13, 2023 1:43pm","SPX","Nov 13, 2023","ironcondor","long put 4,390 / short put 4,395 / short call 4,425 / long call 4,430","1","touch","-15","410","-3.66","90","21.95","0.9","0.75","1.05","1.05","0.95","1.15","410","90","4410.62","4415.85"
"Nov 9, 2023 1:30pm","Nov 9, 2023 1:53pm","SPX","Nov 9, 2023","ironcondor","long put 4,350 / short put 4,355 / short call 4,390 / long call 4,395","1","touch","-18","389","-4.63","111","28.53","1.11","1","1.2","1.29","1.1","1.5","389","111","4373.69","4364.29"
"Nov 8, 2023 1:30pm","Nov 8, 2023 1:33pm","SPX","Nov 8, 2023","ironcondor","long put 4,355 / short put 4,360 / short call 4,385 / long call 4,390","1","touch","0","403","0","97","24.07","0.97","0.85","1.1","0.97","0.85","1.1","403","97","4374.41","4375.36"
"Nov 7, 2023 1:30pm","Nov 7, 2023 1:31pm","SPX","Nov 7, 2023","ironcondor","long put 4,365 / short put 4,370 / short call 4,390 / long call 4,395","1","touch","-1","375","-0.27","125","33.33","1.25","1.15","1.35","1.26","1.1","1.4","375","125","4381.03","4381.9"
"Nov 6, 2023 1:30pm","Nov 6, 2023 1:40pm","SPX","Nov 6, 2023","ironcondor","long put 4,335 / short put 4,340 / short call 4,365 / long call 4,370","1","touch","10","385","2.6","115","29.87","1.15","1","1.3","1.05","0.95","1.15","385","115","4352.52","4355.04"
"Nov 1, 2023 1:30pm","Nov 1, 2023 3:03pm","SPX","Nov 1, 2023","ironcondor","long put 4,165 / short put 4,170 / short call 4,245 / long call 4,250","1","touch","-30","375","-8","125","33.33","1.25","1.05","1.45","1.55","1.25","1.85","375","125","4208.51","4236.45"
"Oct 31, 2023 1:30pm","Oct 31, 2023 1:43pm","SPX","Oct 31, 2023","ironcondor","long put 4,155 / short put 4,160 / short call 4,195 / long call 4,200","1","touch","-30","388","-7.73","112","28.87","1.12","1","1.25","1.42","1.3","1.55","388","112","4180","4187.38"
"Oct 27, 2023 1:30pm","Oct 27, 2023 4:00pm","SPX","Oct 27, 2023","ironcondor","long put 4,090 / short put 4,095 / short call 4,145 / long call 4,150","1","expired","111","389","28.53","111","28.53","1.11","0.95","1.25","0","","","389","111","4118.68","4117.37"
"Oct 24, 2023 1:30pm","Oct 24, 2023 2:27pm","SPX","Oct 24, 2023","ironcondor","long put 4,205 / short put 4,210 / short call 4,250 / long call 4,255","1","touch","19","385","4.94","115","29.87","1.15","1","1.3","0.96","0.85","1.05","385","115","4232.99","4240.1"
"Oct 23, 2023 1:30pm","Oct 23, 2023 3:24pm","SPX","Oct 23, 2023","ironcondor","long put 4,210 / short put 4,215 / short call 4,260 / long call 4,265","1","touch","20","378","5.29","122","32.28","1.22","1.1","1.35","1.02","0.9","1.15","378","122","4241.08","4223.48"
"Oct 20, 2023 1:30pm","Oct 20, 2023 2:43pm","SPX","Oct 20, 2023","ironcondor","long put 4,220 / short put 4,225 / short call 4,275 / long call 4,280","1","touch","10","368","2.72","132","35.87","1.32","1.2","1.45","1.22","1.05","1.4","368","132","4253.17","4234.6"
"Oct 19, 2023 1:30pm","Oct 19, 2023 1:45pm","SPX","Oct 19, 2023","ironcondor","long put 4,290 / short put 4,295 / short call 4,350 / long call 4,355","1","touch","-49","394","-12.44","106","26.9","1.06","0.9","1.2","1.55","1.3","1.8","394","106","4323.66","4304.97"
"Oct 18, 2023 1:30pm","Oct 18, 2023 1:37pm","SPX","Oct 18, 2023","ironcondor","long put 4,315 / short put 4,320 / short call 4,365 / long call 4,370","1","touch","-46","389","-11.83","111","28.53","1.11","1","1.25","1.57","1.4","1.75","389","111","4342.69","4329.45"
"Oct 17, 2023 1:30pm","Oct 17, 2023 1:53pm","SPX","Oct 17, 2023","ironcondor","long put 4,350 / short put 4,355 / short call 4,395 / long call 4,400","1","touch","-43","422","-10.19","78","18.48","0.78","0.65","0.9","1.21","1","1.4","422","78","4376.25","4364.41"
"Oct 12, 2023 1:30pm","Oct 12, 2023 2:05pm","SPX","Oct 12, 2023","ironcondor","long put 4,320 / short put 4,325 / short call 4,365 / long call 4,370","1","touch","-22","377","-5.84","123","32.63","1.23","1.05","1.4","1.45","1.3","1.6","377","123","4347.25","4334.05"
"Oct 11, 2023 1:30pm","Oct 11, 2023 2:24pm","SPX","Oct 11, 2023","ironcondor","long put 4,325 / short put 4,330 / short call 4,370 / long call 4,375","1","touch","23","357","6.44","143","40.06","1.43","1.3","1.55","1.2","1.1","1.3","357","143","4350.28","4360.66"
"Oct 10, 2023 1:30pm","Oct 10, 2023 4:00pm","SPX","Oct 10, 2023","ironcondor","long put 4,340 / short put 4,345 / short call 4,385 / long call 4,390","1","expired","123","377","32.63","123","32.63","1.23","1.1","1.35","0","","","377","123","4367.15","4358.24"
"Oct 9, 2023 1:30pm","Oct 9, 2023 1:40pm","SPX","Oct 9, 2023","ironcondor","long put 4,290 / short put 4,295 / short call 4,330 / long call 4,335","1","touch","-24","379","-6.33","121","31.93","1.21","1.1","1.35","1.45","1.3","1.6","379","121","4312.48","4320.78"
"Oct 5, 2023 1:30pm","Oct 5, 2023 1:37pm","SPX","Oct 5, 2023","ironcondor","long put 4,220 / short put 4,225 / short call 4,260 / long call 4,265","1","touch","-31","358","-8.66","142","39.66","1.42","1.25","1.6","1.73","1.55","1.9","358","142","4242.73","4250.69"
"Oct 4, 2023 1:30pm","Oct 4, 2023 3:11pm","SPX","Oct 4, 2023","ironcondor","long put 4,215 / short put 4,220 / short call 4,260 / long call 4,265","1","touch","28","388","7.22","112","28.87","1.12","0.95","1.3","0.84","0.75","0.95","388","112","4240.68","4251.93"
"Oct 2, 2023 1:30pm","Oct 2, 2023 2:13pm","SPX","Oct 2, 2023","ironcondor","long put 4,245 / short put 4,250 / short call 4,290 / long call 4,295","1","touch","-21","390","-5.38","110","28.21","1.1","0.95","1.25","1.31","1.15","1.5","390","110","4271.26","4281.28"
"Sep 29, 2023 1:30pm","Sep 29, 2023 4:00pm","SPX","Sep 29, 2023","ironcondor","long put 4,255 / short put 4,260 / short call 4,315 / long call 4,320","1","expired","113","387","29.2","113","29.2","1.13","1","1.25","0","","","387","113","4289.87","4288.05"
"Sep 28, 2023 1:30pm","Sep 28, 2023 3:25pm","SPX","Sep 28, 2023","ironcondor","long put 4,270 / short put 4,275 / short call 4,320 / long call 4,325","1","touch","60","390","15.38","110","28.21","1.1","0.95","1.25","0.5","0.35","0.65","390","110","4299.96","4310.31"
"Sep 27, 2023 1:30pm","Sep 27, 2023 2:28pm","SPX","Sep 27, 2023","ironcondor","long put 4,215 / short put 4,220 / short call 4,265 / long call 4,270","1","touch","4","391","1.02","109","27.88","1.09","0.95","1.2","1.05","0.9","1.2","391","109","4243.73","4255"
"Sep 25, 2023 1:30pm","Sep 25, 2023 4:00pm","SPX","Sep 25, 2023","ironcondor","long put 4,300 / short put 4,305 / short call 4,345 / long call 4,350","1","expired","93","407","22.85","93","22.85","0.93","0.8","1.05","0","","","407","93","4325.73","4337.44"
"Sep 22, 2023 1:30pm","Sep 22, 2023 2:17pm","SPX","Sep 22, 2023","ironcondor","long put 4,310 / short put 4,315 / short call 4,355 / long call 4,360","1","touch","-25","400","-6.25","100","25","1","0.85","1.15","1.25","1.1","1.4","400","100","4338.05","4323.23"
"Sep 20, 2023 1:30pm","Sep 20, 2023 3:13pm","SPX","Sep 20, 2023","ironcondor","long put 4,415 / short put 4,420 / short call 4,485 / long call 4,490","1","touch","-2","384","-0.52","116","30.21","1.16","1.05","1.25","1.18","1.05","1.3","384","116","4453.1","4428.68"
"Sep 19, 2023 1:30pm","Sep 19, 2023 1:31pm","SPX","Sep 19, 2023","ironcondor","long put 4,410 / short put 4,415 / short call 4,440 / long call 4,445","1","touch","-7","392","-1.79","108","27.55","1.08","0.95","1.2","1.15","1","1.3","392","108","4428.01","4430.22"
"Sep 18, 2023 1:30pm","Sep 18, 2023 1:31pm","SPX","Sep 18, 2023","ironcondor","long put 4,445 / short put 4,450 / short call 4,470 / long call 4,475","1","touch","-1","391","-0.26","109","27.88","1.09","0.95","1.2","1.1","0.95","1.25","391","109","4461.64","4462.49"
"Sep 13, 2023 1:30pm","Sep 13, 2023 2:50pm","SPX","Sep 13, 2023","ironcondor","long put 4,455 / short put 4,460 / short call 4,490 / long call 4,495","1","touch","10","437","2.29","63","14.42","0.63","0.5","0.75","0.53","0.35","0.7","437","63","4475.73","4468.61"
"Sep 12, 2023 1:30pm","Sep 12, 2023 1:31pm","SPX","Sep 12, 2023","ironcondor","long put 4,465 / short put 4,470 / short call 4,495 / long call 4,500","1","touch","-10","403","-2.48","97","24.07","0.97","0.85","1.1","1.07","0.95","1.2","403","97","4485.12","4486.51"
"Sep 11, 2023 1:30pm","Sep 11, 2023 1:31pm","SPX","Sep 11, 2023","ironcondor","long put 4,465 / short put 4,470 / short call 4,495 / long call 4,500","1","touch","-17","421","-4.04","79","18.76","0.79","0.7","0.9","0.96","0.8","1.1","421","79","4484.68","4485.92"
"Sep 8, 2023 1:30pm","Sep 8, 2023 2:15pm","SPX","Sep 8, 2023","ironcondor","long put 4,440 / short put 4,445 / short call 4,475 / long call 4,480","1","touch","3","424","0.71","76","17.92","0.76","0.6","0.9","0.73","0.6","0.85","424","76","4460.34","4454.79"
"Sep 7, 2023 1:30pm","Sep 7, 2023 2:02pm","SPX","Sep 7, 2023","ironcondor","long put 4,435 / short put 4,440 / short call 4,465 / long call 4,470","1","touch","25","385","6.49","115","29.87","1.15","1.05","1.25","0.9","0.8","1","385","115","4453.54","4455.05"
"Sep 5, 2023 1:30pm","Sep 5, 2023 2:19pm","SPX","Sep 5, 2023","ironcondor","long put 4,480 / short put 4,485 / short call 4,515 / long call 4,520","1","touch","2","443","0.45","57","12.87","0.57","0.45","0.7","0.55","0.45","0.65","443","57","4500.02","4505.73"
"Sep 1, 2023 1:30pm","Sep 1, 2023 1:37pm","SPX","Sep 1, 2023","ironcondor","long put 4,490 / short put 4,495 / short call 4,520 / long call 4,525","1","touch","1","407","0.25","93","22.85","0.93","0.8","1.05","0.92","0.8","1.05","407","93","4508.18","4510.75"
"Aug 31, 2023 1:30pm","Aug 31, 2023 2:17pm","SPX","Aug 31, 2023","ironcondor","long put 4,500 / short put 4,505 / short call 4,535 / long call 4,540","1","touch","23","399","5.76","101","25.31","1.01","0.9","1.15","0.78","0.65","0.9","399","101","4521.69","4525.05"
"Aug 30, 2023 1:30pm","Aug 30, 2023 1:57pm","SPX","Aug 30, 2023","ironcondor","long put 4,495 / short put 4,500 / short call 4,530 / long call 4,535","1","touch","-14","406","-3.45","94","23.15","0.94","0.8","1.1","1.08","0.95","1.2","406","94","4515.18","4509.57"
"Aug 28, 2023 1:30pm","Aug 28, 2023 1:55pm","SPX","Aug 28, 2023","ironcondor","long put 4,410 / short put 4,415 / short call 4,450 / long call 4,455","1","touch","-57","415","-13.73","85","20.48","0.85","0.7","1","1.42","1.2","1.65","415","85","4433.4","4421.34"
"Aug 25, 2023 1:30pm","Aug 25, 2023 2:19pm","SPX","Aug 25, 2023","ironcondor","long put 4,355 / short put 4,360 / short call 4,410 / long call 4,415","1","touch","-38","394","-9.64","106","26.9","1.06","0.9","1.2","1.44","1.3","1.6","394","106","4386.67","4400.96"
"Aug 22, 2023 1:30pm","Aug 22, 2023 2:36pm","SPX","Aug 22, 2023","ironcondor","long put 4,365 / short put 4,370 / short call 4,405 / long call 4,410","1","touch","12","394","3.05","106","26.9","1.06","0.9","1.2","0.94","0.8","1.05","394","106","4389.04","4395.16"
"Aug 21, 2023 1:30pm","Aug 21, 2023 1:45pm","SPX","Aug 21, 2023","ironcondor","long put 4,360 / short put 4,365 / short call 4,400 / long call 4,405","1","touch","-19","393","-4.83","107","27.23","1.07","0.9","1.25","1.26","1.15","1.4","393","107","4385.81","4390.1"
"Aug 18, 2023 1:30pm","Aug 18, 2023 2:33pm","SPX","Aug 18, 2023","ironcondor","long put 4,335 / short put 4,340 / short call 4,380 / long call 4,385","1","touch","0","387","0","113","29.2","1.13","1","1.25","1.13","1","1.25","387","113","4361.69","4370.17"
"Aug 17, 2023 1:30pm","Aug 17, 2023 2:16pm","SPX","Aug 17, 2023","ironcondor","long put 4,375 / short put 4,380 / short call 4,420 / long call 4,425","1","touch","-15","404","-3.71","96","23.76","0.96","0.8","1.1","1.11","0.95","1.25","404","96","4400.03","4389.09"
"Aug 16, 2023 1:30pm","Aug 16, 2023 1:48pm","SPX","Aug 16, 2023","ironcondor","long put 4,395 / short put 4,400 / short call 4,440 / long call 4,445","1","touch","-37","392","-9.44","108","27.55","1.08","0.9","1.25","1.45","1.25","1.65","392","108","4421.24","4430.97"
"Aug 14, 2023 1:30pm","Aug 14, 2023 2:33pm","SPX","Aug 14, 2023","ironcondor","long put 4,460 / short put 4,465 / short call 4,495 / long call 4,500","1","touch","35","394","8.88","106","26.9","1.06","0.9","1.2","0.71","0.55","0.85","394","106","4482.83","4474.66"
"Aug 11, 2023 1:30pm","Aug 11, 2023 4:00pm","SPX","Aug 11, 2023","ironcondor","long put 4,440 / short put 4,445 / short call 4,485 / long call 4,490","1","expired","98","402","24.38","98","24.38","0.98","0.85","1.1","0","","","402","98","4463.88","4464.05"
"Aug 10, 2023 1:30pm","Aug 10, 2023 4:00pm","SPX","Aug 10, 2023","ironcondor","long put 4,440 / short put 4,445 / short call 4,495 / long call 4,500","1","expired","105","395","26.58","105","26.58","1.05","0.9","1.2","0","","","395","105","4470.89","4468.83"
"Aug 9, 2023 1:30pm","Aug 9, 2023 2:10pm","SPX","Aug 9, 2023","ironcondor","long put 4,465 / short put 4,470 / short call 4,500 / long call 4,505","1","touch","27","382","7.07","118","30.89","1.18","1","1.35","0.91","0.8","1.05","382","118","4484.81","4490.05"
"Aug 7, 2023 1:30pm","Aug 7, 2023 1:50pm","SPX","Aug 7, 2023","ironcondor","long put 4,485 / short put 4,490 / short call 4,520 / long call 4,525","1","touch","-1","395","-0.25","105","26.58","1.05","0.9","1.2","1.06","0.95","1.2","395","105","4507.83","4511.3"
"Aug 4, 2023 1:30pm","Aug 4, 2023 1:59pm","SPX","Aug 4, 2023","ironcondor","long put 4,505 / short put 4,510 / short call 4,545 / long call 4,550","1","touch","-46","432","-10.65","68","15.74","0.68","0.6","0.8","1.14","0.95","1.3","432","68","4528.13","4518.47"
"Aug 3, 2023 1:30pm","Aug 3, 2023 1:46pm","SPX","Aug 3, 2023","ironcondor","long put 4,495 / short put 4,500 / short call 4,530 / long call 4,535","1","touch","-16","419","-3.82","81","19.33","0.81","0.65","0.95","0.97","0.85","1.1","419","81","4516.3","4509.89"
"Aug 1, 2023 1:30pm","Aug 1, 2023 2:18pm","SPX","Aug 1, 2023","ironcondor","long put 4,555 / short put 4,560 / short call 4,590 / long call 4,595","1","touch","3","442","0.68","58","13.12","0.58","0.4","0.75","0.55","0.45","0.65","442","58","4575.7","4581.02"
"Jul 31, 2023 1:30pm","Jul 31, 2023 1:32pm","SPX","Jul 31, 2023","ironcondor","long put 4,560 / short put 4,565 / short call 4,590 / long call 4,595","1","touch","1","377","0.27","123","32.63","1.23","1.1","1.35","1.22","1.1","1.35","377","123","4578.8","4580.14"
"Jul 27, 2023 1:30pm","Jul 27, 2023 2:11pm","SPX","Jul 27, 2023","ironcondor","long put 4,550 / short put 4,555 / short call 4,595 / long call 4,600","1","touch","-40","407","-9.83","93","22.85","0.93","0.75","1.1","1.33","1.15","1.5","407","93","4576.43","4562.69"
"Jul 26, 2023 1:30pm","Jul 26, 2023 2:42pm","SPX","Jul 26, 2023","ironcondor","long put 4,520 / short put 4,525 / short call 4,590 / long call 4,595","1","touch","-49","383","-12.79","117","30.55","1.17","1.05","1.3","1.66","1.4","1.9","383","117","4555.94","4581.78"
"Jul 25, 2023 1:30pm","Jul 25, 2023 2:19pm","SPX","Jul 25, 2023","ironcondor","long put 4,555 / short put 4,560 / short call 4,585 / long call 4,590","1","touch","25","438","5.71","62","14.16","0.62","0.5","0.7","0.37","0.25","0.45","438","62","4573.41","4575.03"
"Jul 24, 2023 1:30pm","Jul 24, 2023 1:53pm","SPX","Jul 24, 2023","ironcondor","long put 4,540 / short put 4,545 / short call 4,570 / long call 4,575","1","touch","16","415","3.86","85","20.48","0.85","0.7","1","0.69","0.6","0.8","415","85","4557.8","4560.09"
"Jul 21, 2023 1:30pm","Jul 21, 2023 3:07pm","SPX","Jul 21, 2023","ironcondor","long put 4,530 / short put 4,535 / short call 4,565 / long call 4,570","1","touch","-3","435","-0.69","65","14.94","0.65","0.55","0.75","0.68","0.55","0.8","435","65","4551.21","4541.99"
"Jul 20, 2023 1:30pm","Jul 20, 2023 2:15pm","SPX","Jul 20, 2023","ironcondor","long put 4,530 / short put 4,535 / short call 4,565 / long call 4,570","1","touch","-6","436","-1.38","64","14.68","0.64","0.55","0.75","0.7","0.6","0.8","436","64","4550.06","4544.12"
"Jul 19, 2023 1:30pm","Jul 19, 2023 2:09pm","SPX","Jul 19, 2023","ironcondor","long put 4,545 / short put 4,550 / short call 4,580 / long call 4,585","1","touch","12","403","2.98","97","24.07","0.97","0.85","1.1","0.85","0.75","0.95","403","97","4565.23","4559.9"
"Jul 18, 2023 1:30pm","Jul 18, 2023 1:31pm","SPX","Jul 18, 2023","ironcondor","long put 4,530 / short put 4,535 / short call 4,555 / long call 4,560","1","touch","3","392","0.77","108","27.55","1.08","1","1.2","1.05","0.9","1.2","392","108","4545.95","4545.41"
"Jul 17, 2023 1:30pm","Jul 17, 2023 1:46pm","SPX","Jul 17, 2023","ironcondor","long put 4,500 / short put 4,505 / short call 4,530 / long call 4,535","1","touch","5","430","1.16","70","16.28","0.7","0.6","0.8","0.65","0.55","0.75","430","70","4518.2","4520.72"
"Jul 14, 2023 1:30pm","Jul 14, 2023 2:06pm","SPX","Jul 14, 2023","ironcondor","long put 4,490 / short put 4,495 / short call 4,525 / long call 4,530","1","touch","12","415","2.89","85","20.48","0.85","0.7","1","0.73","0.6","0.85","415","85","4511.33","4515.06"
"Jul 13, 2023 1:30pm","Jul 13, 2023 2:16pm","SPX","Jul 13, 2023","ironcondor","long put 4,485 / short put 4,490 / short call 4,515 / long call 4,520","1","touch","19","413","4.6","87","21.07","0.87","0.75","1","0.68","0.55","0.8","413","87","4500.72","4505.65"
"Jul 11, 2023 1:30pm","Jul 11, 2023 1:48pm","SPX","Jul 11, 2023","ironcondor","long put 4,405 / short put 4,410 / short call 4,435 / long call 4,440","1","touch","0","403","0","97","24.07","0.97","0.85","1.1","0.97","0.85","1.1","403","97","4422.6","4419.55"
"Jul 10, 2023 1:30pm","Jul 10, 2023 2:05pm","SPX","Jul 10, 2023","ironcondor","long put 4,385 / short put 4,390 / short call 4,420 / long call 4,425","1","touch","-1","427","-0.23","73","17.1","0.73","0.6","0.85","0.74","0.6","0.85","427","73","4405.18","4399.67"
"Jul 7, 2023 1:30pm","Jul 7, 2023 1:39pm","SPX","Jul 7, 2023","ironcondor","long put 4,420 / short put 4,425 / short call 4,455 / long call 4,460","1","touch","-17","432","-3.94","68","15.74","0.68","0.6","0.8","0.85","0.75","0.95","432","68","4440.3","4434.37"
"Jul 5, 2023 1:30pm","Jul 5, 2023 2:02pm","SPX","Jul 5, 2023","ironcondor","long put 4,430 / short put 4,435 / short call 4,460 / long call 4,465","1","touch","15","413","3.63","87","21.07","0.87","0.75","1","0.72","0.6","0.85","413","87","4446.94","4450.06"
"Jun 29, 2023 1:30pm","Jun 29, 2023 1:46pm","SPX","Jun 29, 2023","ironcondor","long put 4,375 / short put 4,380 / short call 4,410 / long call 4,415","1","touch","-8","406","-1.97","94","23.15","0.94","0.85","1.05","1.02","0.9","1.15","406","94","4393.01","4389.76"
"Jun 28, 2023 1:30pm","Jun 28, 2023 1:35pm","SPX","Jun 28, 2023","ironcondor","long put 4,355 / short put 4,360 / short call 4,390 / long call 4,395","1","touch","-28","416","-6.73","84","20.19","0.84","0.7","0.95","1.12","1","1.25","416","84","4373.81","4369.38"
"Jun 26, 2023 1:30pm","Jun 26, 2023 1:37pm","SPX","Jun 26, 2023","ironcondor","long put 4,325 / short put 4,330 / short call 4,355 / long call 4,360","1","touch","-9","396","-2.27","104","26.26","1.04","0.9","1.15","1.13","1","1.25","396","104","4342.11","4338.87"
"Jun 23, 2023 1:30pm","Jun 23, 2023 1:31pm","SPX","Jun 23, 2023","ironcondor","long put 4,345 / short put 4,350 / short call 4,375 / long call 4,380","1","touch","-5","406","-1.23","94","23.15","0.94","0.85","1.05","0.99","0.9","1.1","406","94","4364.15","4365.32"
"Jun 22, 2023 1:30pm","Jun 22, 2023 1:44pm","SPX","Jun 22, 2023","ironcondor","long put 4,350 / short put 4,355 / short call 4,380 / long call 4,385","1","touch","18","393","4.58","107","27.23","1.07","0.95","1.2","0.89","0.8","1","393","107","4366.19","4370.36"
"Jun 21, 2023 1:30pm","Jun 21, 2023 1:40pm","SPX","Jun 21, 2023","ironcondor","long put 4,350 / short put 4,355 / short call 4,380 / long call 4,385","1","touch","1","377","0.27","123","32.63","1.23","1.1","1.35","1.22","1.1","1.35","377","123","4367.68","4371.07"
"Jun 20, 2023 1:30pm","Jun 20, 2023 1:55pm","SPX","Jun 20, 2023","ironcondor","long put 4,380 / short put 4,385 / short call 4,410 / long call 4,415","1","touch","12","390","3.08","110","28.21","1.1","0.95","1.25","0.98","0.85","1.1","390","110","4397.37","4394.22"
"Jun 16, 2023 1:30pm","Jun 16, 2023 2:32pm","SPX","Jun 16, 2023","ironcondor","long put 4,410 / short put 4,415 / short call 4,450 / long call 4,455","1","touch","-11","419","-2.63","81","19.33","0.81","0.65","0.95","0.92","0.8","1.05","419","81","4431.52","4423.3"
"Jun 14, 2023 1:30pm","Jun 14, 2023 2:08pm","SPX","Jun 14, 2023","ironcondor","long put 4,330 / short put 4,335 / short call 4,415 / long call 4,420","1","touch","-73","368","-19.84","132","35.87","1.32","1.1","1.55","2.05","1.75","2.35","368","132","4374.36","4340.8"
"Jun 12, 2023 1:30pm","Jun 12, 2023 1:31pm","SPX","Jun 12, 2023","ironcondor","long put 4,300 / short put 4,305 / short call 4,325 / long call 4,330","1","touch","0","394","0","106","26.9","1.06","0.95","1.2","1.06","0.95","1.2","394","106","4315.76","4315.91"
"Jun 9, 2023 1:30pm","Jun 9, 2023 4:00pm","SPX","Jun 9, 2023","ironcondor","long put 4,285 / short put 4,290 / short call 4,320 / long call 4,325","1","expired","77","423","18.2","77","18.2","0.77","0.65","0.9","0","","","423","77","4304.01","4298.86"
"Jun 8, 2023 1:30pm","Jun 8, 2023 1:34pm","SPX","Jun 8, 2023","ironcondor","long put 4,270 / short put 4,275 / short call 4,300 / long call 4,305","1","touch","-5","413","-1.21","87","21.07","0.87","0.75","1","0.92","0.8","1.05","413","87","4286.23","4284.63"
"Jun 7, 2023 1:30pm","Jun 7, 2023 1:36pm","SPX","Jun 7, 2023","ironcondor","long put 4,250 / short put 4,255 / short call 4,285 / long call 4,290","1","touch","-15","417","-3.6","83","19.9","0.83","0.45","1.2","0.98","0.9","1.1","417","83","4268.52","4264.94"
"Jun 6, 2023 1:30pm","Jun 6, 2023 1:56pm","SPX","Jun 6, 2023","ironcondor","long put 4,255 / short put 4,260 / short call 4,290 / long call 4,295","1","touch","-7","407","-1.72","93","22.85","0.93","0.75","1.1","1","0.85","1.15","407","93","4275.23","4268.91"
"Jun 5, 2023 1:30pm","Jun 5, 2023 1:38pm","SPX","Jun 5, 2023","ironcondor","long put 4,270 / short put 4,275 / short call 4,300 / long call 4,305","1","touch","-9","380","-2.37","120","31.58","1.2","1.05","1.35","1.29","1.15","1.45","380","120","4288.16","4284.06"
"May 31, 2023 1:30pm","May 31, 2023 1:41pm","SPX","May 31, 2023","ironcondor","long put 4,160 / short put 4,165 / short call 4,195 / long call 4,200","1","touch","-29","398","-7.29","102","25.63","1.02","0.85","1.2","1.31","1.1","1.5","398","102","4179.76","4186.39"
"May 30, 2023 1:30pm","May 30, 2023 2:29pm","SPX","May 30, 2023","ironcondor","long put 4,175 / short put 4,180 / short call 4,215 / long call 4,220","1","touch","38","373","10.19","127","34.05","1.27","1.1","1.45","0.89","0.75","1.05","373","127","4199.02","4205.32"
"May 23, 2023 1:30pm","May 23, 2023 2:22pm","SPX","May 23, 2023","ironcondor","long put 4,140 / short put 4,145 / short call 4,180 / long call 4,185","1","touch","-17","402","-4.23","98","24.38","0.98","0.8","1.15","1.15","1.05","1.25","402","98","4163.01","4152.79"
"May 22, 2023 1:30pm","May 22, 2023 2:27pm","SPX","May 22, 2023","ironcondor","long put 4,175 / short put 4,180 / short call 4,210 / long call 4,215","1","touch","34","402","8.46","98","24.38","0.98","0.85","1.1","0.64","0.55","0.75","402","98","4196.36","4200.08"
"May 19, 2023 1:30pm","May 19, 2023 2:03pm","SPX","May 19, 2023","ironcondor","long put 4,170 / short put 4,175 / short call 4,210 / long call 4,215","1","touch","-3","404","-0.74","96","23.76","0.96","0.85","1.05","0.99","0.85","1.15","404","96","4193.64","4184.96"
"May 18, 2023 1:30pm","May 18, 2023 2:48pm","SPX","May 18, 2023","ironcondor","long put 4,145 / short put 4,150 / short call 4,185 / long call 4,190","1","touch","26","415","6.27","85","20.48","0.85","0.75","0.95","0.59","0.5","0.7","415","85","4167.81","4175.74"
"May 16, 2023 1:30pm","May 16, 2023 1:53pm","SPX","May 16, 2023","ironcondor","long put 4,105 / short put 4,110 / short call 4,135 / long call 4,140","1","touch","15","377","3.98","123","32.63","1.23","1.1","1.35","1.08","0.95","1.2","377","123","4123.04","4125.02"
"May 15, 2023 1:30pm","May 15, 2023 1:44pm","SPX","May 15, 2023","ironcondor","long put 4,110 / short put 4,115 / short call 4,145 / long call 4,150","1","touch","-10","428","-2.34","72","16.82","0.72","0.6","0.85","0.82","0.7","0.95","428","72","4130.53","4124.92"
"May 12, 2023 1:30pm","May 12, 2023 2:01pm","SPX","May 12, 2023","ironcondor","long put 4,085 / short put 4,090 / short call 4,130 / long call 4,135","1","touch","-39","415","-9.4","85","20.48","0.85","0.7","1","1.24","1.1","1.4","415","85","4111.04","4099.73"
"May 11, 2023 1:30pm","May 11, 2023 1:48pm","SPX","May 11, 2023","ironcondor","long put 4,100 / short put 4,105 / short call 4,140 / long call 4,145","1","touch","-46","418","-11","82","19.62","0.82","0.65","1","1.28","1.05","1.5","418","82","4123.06","4113.94"
"May 10, 2023 1:30pm","May 10, 2023 1:57pm","SPX","May 10, 2023","ironcondor","long put 4,075 / short put 4,080 / short call 4,120 / long call 4,125","1","touch","-12","376","-3.19","124","32.98","1.24","1.1","1.4","1.36","1.25","1.45","376","124","4102.06","4110.61"
"May 9, 2023 1:30pm","May 9, 2023 1:34pm","SPX","May 9, 2023","ironcondor","long put 4,105 / short put 4,110 / short call 4,135 / long call 4,140","1","touch","-1","428","-0.23","72","16.82","0.72","0.6","0.85","0.73","0.6","0.85","428","72","4123.58","4125.21"
"May 8, 2023 1:30pm","May 8, 2023 2:08pm","SPX","May 8, 2023","ironcondor","long put 4,115 / short put 4,120 / short call 4,150 / long call 4,155","1","touch","-79","432","-18.29","68","15.74","0.68","0.55","0.8","1.47","1.25","1.7","432","68","4134.62","4125.88"
"May 4, 2023 1:30pm","May 4, 2023 2:27pm","SPX","May 4, 2023","ironcondor","long put 4,050 / short put 4,055 / short call 4,095 / long call 4,100","1","touch","16","374","4.28","126","33.69","1.26","1.1","1.4","1.1","0.95","1.25","374","126","4075.13","4064.73"
"May 3, 2023 1:30pm","May 3, 2023 4:00pm","SPX","May 3, 2023","ironcondor","long put 4,080 / short put 4,085 / short call 4,180 / long call 4,185","1","expired","127","373","34.05","127","34.05","1.27","0.95","1.6","0","","","373","127","4135.07","4090.75"
"May 1, 2023 1:30pm","May 1, 2023 2:33pm","SPX","May 1, 2023","ironcondor","long put 4,160 / short put 4,165 / short call 4,195 / long call 4,200","1","touch","-13","437","-2.97","63","14.42","0.63","0.5","0.75","0.76","0.65","0.9","437","63","4179.63","4173.46"
"Apr 28, 2023 1:30pm","Apr 28, 2023 1:38pm","SPX","Apr 28, 2023","ironcondor","long put 4,145 / short put 4,150 / short call 4,180 / long call 4,185","1","touch","-21","393","-5.34","107","27.23","1.07","0.9","1.25","1.28","1.15","1.4","393","107","4165.64","4159.33"
"Apr 26, 2023 1:30pm","Apr 26, 2023 1:35pm","SPX","Apr 26, 2023","ironcondor","long put 4,050 / short put 4,055 / short call 4,085 / long call 4,090","1","touch","1","388","0.26","112","28.87","1.12","1","1.25","1.11","1","1.25","388","112","4073.77","4075.42"
"Apr 24, 2023 1:30pm","Apr 24, 2023 1:33pm","SPX","Apr 24, 2023","ironcondor","long put 4,110 / short put 4,115 / short call 4,140 / long call 4,145","1","touch","0","409","0","91","22.25","0.91","0.8","1.05","0.91","0.75","1.05","409","91","4129.11","4130.66"
"Apr 21, 2023 1:30pm","Apr 21, 2023 1:33pm","SPX","Apr 21, 2023","ironcondor","long put 4,105 / short put 4,110 / short call 4,140 / long call 4,145","1","touch","-9","399","-2.26","101","25.31","1.01","0.9","1.15","1.1","0.95","1.25","399","101","4126.79","4130.36"
"Apr 20, 2023 1:30pm","Apr 20, 2023 1:58pm","SPX","Apr 20, 2023","ironcondor","long put 4,130 / short put 4,135 / short call 4,160 / long call 4,165","1","touch","12","407","2.95","93","22.85","0.93","0.75","1.1","0.81","0.7","0.9","407","93","4147.06","4143.6"
"Apr 19, 2023 1:30pm","Apr 19, 2023 1:33pm","SPX","Apr 19, 2023","ironcondor","long put 4,135 / short put 4,140 / short call 4,165 / long call 4,170","1","touch","5","391","1.28","109","27.88","1.09","0.95","1.2","1.04","0.9","1.2","391","109","4154.78","4155.05"
"Apr 18, 2023 1:30pm","Apr 18, 2023 1:48pm","SPX","Apr 18, 2023","ironcondor","long put 4,130 / short put 4,135 / short call 4,165 / long call 4,170","1","touch","11","400","2.75","100","25","1","0.85","1.15","0.89","0.75","1.05","400","100","4148.89","4155.46"
"Apr 17, 2023 1:30pm","Apr 17, 2023 1:46pm","SPX","Apr 17, 2023","ironcondor","long put 4,115 / short put 4,120 / short call 4,145 / long call 4,150","1","touch","9","392","2.3","108","27.55","1.08","0.9","1.25","0.99","0.85","1.15","392","108","4131.77","4129.95"
"Apr 14, 2023 1:30pm","Apr 14, 2023 2:15pm","SPX","Apr 14, 2023","ironcondor","long put 4,095 / short put 4,100 / short call 4,135 / long call 4,140","1","touch","0","408","0","92","22.55","0.92","0.8","1.05","0.92","0.8","1.05","408","92","4118.51","4125.26"
"Apr 12, 2023 1:30pm","Apr 12, 2023 2:28pm","SPX","Apr 12, 2023","ironcondor","long put 4,100 / short put 4,105 / short call 4,145 / long call 4,150","1","touch","-27","408","-6.62","92","22.55","0.92","0.8","1.05","1.19","1.05","1.3","408","92","4124.41","4112.96"
"Apr 11, 2023 1:30pm","Apr 11, 2023 1:49pm","SPX","Apr 11, 2023","ironcondor","long put 4,100 / short put 4,105 / short call 4,130 / long call 4,135","1","touch","32","390","8.21","110","28.21","1.1","1","1.2","0.78","0.65","0.9","390","110","4117.5","4120.16"
"Apr 10, 2023 1:30pm","Apr 10, 2023 4:00pm","SPX","Apr 10, 2023","ironcondor","long put 4,080 / short put 4,085 / short call 4,115 / long call 4,120","1","expired","91","409","22.25","91","22.25","0.91","0.8","1.05","0","","","409","91","4099.39","4109.11"
"Apr 6, 2023 1:30pm","Apr 6, 2023 4:00pm","SPX","Apr 6, 2023","ironcondor","long put 4,080 / short put 4,085 / short call 4,120 / long call 4,125","1","expired","76","424","17.92","76","17.92","0.76","0.6","0.9","0","","","424","76","4102.53","4105.02"
"Apr 5, 2023 1:30pm","Apr 5, 2023 2:00pm","SPX","Apr 5, 2023","ironcondor","long put 4,060 / short put 4,065 / short call 4,095 / long call 4,100","1","touch","17","396","4.29","104","26.26","1.04","0.9","1.15","0.87","0.75","1","396","104","4082.25","4085.06"
"Apr 4, 2023 1:30pm","Apr 4, 2023 2:28pm","SPX","Apr 4, 2023","ironcondor","long put 4,080 / short put 4,085 / short call 4,120 / long call 4,125","1","touch","-6","412","-1.46","88","21.36","0.88","0.7","1.05","0.94","0.8","1.05","412","88","4104.01","4094.42"
"Apr 3, 2023 1:30pm","Apr 3, 2023 1:37pm","SPX","Apr 3, 2023","ironcondor","long put 4,085 / short put 4,090 / short call 4,120 / long call 4,125","1","touch","-9","390","-2.31","110","28.21","1.1","0.95","1.25","1.19","1.05","1.35","390","110","4106.74","4110"
"Mar 30, 2023 1:30pm","Mar 30, 2023 2:29pm","SPX","Mar 30, 2023","ironcondor","long put 4,015 / short put 4,020 / short call 4,055 / long call 4,060","1","touch","13","428","3.04","72","16.82","0.72","0.6","0.85","0.59","0.5","0.7","428","72","4038.69","4045.34"
"Mar 28, 2023 1:30pm","Mar 28, 2023 1:54pm","SPX","Mar 28, 2023","ironcondor","long put 3,940 / short put 3,945 / short call 3,980 / long call 3,985","1","touch","-9","366","-2.46","134","36.61","1.34","1.2","1.5","1.43","1.3","1.55","366","134","3963.64","3954.76"
"Mar 27, 2023 1:30pm","Mar 27, 2023 3:00pm","SPX","Mar 27, 2023","ironcondor","long put 3,960 / short put 3,965 / short call 4,005 / long call 4,010","1","touch","37","375","9.87","125","33.33","1.25","1.1","1.4","0.88","0.75","1","375","125","3984.67","3995.11"
"Mar 24, 2023 1:30pm","Mar 24, 2023 4:00pm","SPX","Mar 24, 2023","ironcondor","long put 3,910 / short put 3,915 / short call 3,980 / long call 3,985","1","expired","115","385","29.87","115","29.87","1.15","0.95","1.35","0","","","385","115","3950.48","3970.99"
"Mar 22, 2023 1:30pm","Mar 22, 2023 4:00pm","SPX","Mar 22, 2023","ironcondor","long put 3,925 / short put 3,930 / short call 4,065 / long call 4,070","1","expired","160","340","47.06","160","47.06","1.6","1.2","2","0","","","340","160","3997.17","3936.97"
"Mar 13, 2023 1:30pm","Mar 13, 2023 4:00pm","SPX","Mar 13, 2023","ironcondor","long put 3,820 / short put 3,825 / short call 3,905 / long call 3,910","1","expired","118","382","30.89","118","30.89","1.18","0.9","1.45","0","","","382","118","3866.88","3855.76"
"Mar 9, 2023 1:30pm","Mar 9, 2023 1:50pm","SPX","Mar 9, 2023","ironcondor","long put 3,940 / short put 3,945 / short call 3,990 / long call 3,995","1","touch","-68","410","-16.59","90","21.95","0.9","0.75","1.05","1.58","1.35","1.8","410","90","3967.51","3953.46"
"Mar 8, 2023 1:30pm","Mar 8, 2023 2:13pm","SPX","Mar 8, 2023","ironcondor","long put 3,945 / short put 3,950 / short call 3,990 / long call 3,995","1","touch","-10","397","-2.52","103","25.94","1.03","0.9","1.15","1.13","1","1.25","397","103","3971.69","3980.22"
"Mar 6, 2023 1:30pm","Mar 6, 2023 1:39pm","SPX","Mar 6, 2023","ironcondor","long put 4,040 / short put 4,045 / short call 4,075 / long call 4,080","1","touch","-3","367","-0.82","133","36.24","1.33","1.15","1.5","1.36","1.25","1.5","367","133","4060.19","4054.89"
"Mar 2, 2023 1:30pm","Mar 2, 2023 1:37pm","SPX","Mar 2, 2023","ironcondor","long put 3,920 / short put 3,925 / short call 3,965 / long call 3,970","1","touch","-104","403","-25.81","97","24.07","0.97","0.8","1.15","2.01","1.65","2.35","403","97","3944.95","3961.08"
"Mar 1, 2023 1:30pm","Mar 1, 2023 2:31pm","SPX","Mar 1, 2023","ironcondor","long put 3,930 / short put 3,935 / short call 3,975 / long call 3,980","1","touch","-8","392","-2.04","108","27.55","1.08","0.9","1.25","1.16","1","1.3","392","108","3954.3","3944.87"
"Feb 28, 2023 1:30pm","Feb 28, 2023 2:58pm","SPX","Feb 28, 2023","ironcondor","long put 3,970 / short put 3,975 / short call 4,015 / long call 4,020","1","touch","4","398","1.01","102","25.63","1.02","0.9","1.15","0.98","0.85","1.1","398","102","3995.43","3983.95"
"Feb 27, 2023 1:30pm","Feb 27, 2023 2:12pm","SPX","Feb 27, 2023","ironcondor","long put 3,970 / short put 3,975 / short call 4,010 / long call 4,015","1","touch","-1","373","-0.27","127","34.05","1.27","1.15","1.4","1.28","1.15","1.4","373","127","3993.31","4000.05"
"Feb 23, 2023 1:30pm","Feb 23, 2023 2:15pm","SPX","Feb 23, 2023","ironcondor","long put 3,955 / short put 3,960 / short call 4,005 / long call 4,010","1","touch","-28","397","-7.05","103","25.94","1.03","0.9","1.15","1.31","1.1","1.5","397","103","3982.57","3995.22"
"Feb 22, 2023 1:30pm","Feb 22, 2023 2:44pm","SPX","Feb 22, 2023","ironcondor","long put 3,975 / short put 3,980 / short call 4,045 / long call 4,050","1","touch","-35","383","-9.14","117","30.55","1.17","1.05","1.3","1.52","1.3","1.75","383","117","4014.71","3987.47"
"Feb 16, 2023 1:30pm","Feb 16, 2023 2:36pm","SPX","Feb 16, 2023","ironcondor","long put 4,095 / short put 4,100 / short call 4,145 / long call 4,150","1","touch","4","399","1","101","25.31","1.01","0.85","1.15","0.97","0.85","1.1","399","101","4122.52","4135.01"
"Feb 15, 2023 1:30pm","Feb 15, 2023 2:10pm","SPX","Feb 15, 2023","ironcondor","long put 4,105 / short put 4,110 / short call 4,150 / long call 4,155","1","touch","-21","399","-5.26","101","25.31","1.01","0.85","1.15","1.22","1.05","1.4","399","101","4131.65","4140.78"
"Feb 14, 2023 1:30pm","Feb 14, 2023 4:00pm","SPX","Feb 14, 2023","ironcondor","long put 4,105 / short put 4,110 / short call 4,160 / long call 4,165","1","expired","120","380","31.58","120","31.58","1.2","1.05","1.35","0","","","380","120","4134.47","4136.13"
"Feb 10, 2023 1:30pm","Feb 10, 2023 4:00pm","SPX","Feb 10, 2023","ironcondor","long put 4,055 / short put 4,060 / short call 4,110 / long call 4,115","1","expired","108","392","27.55","108","27.55","1.08","0.9","1.25","0","","","392","108","4085.89","4090.46"
"Feb 9, 2023 1:30pm","Feb 9, 2023 2:25pm","SPX","Feb 9, 2023","ironcondor","long put 4,080 / short put 4,085 / short call 4,130 / long call 4,135","1","touch","-18","370","-4.86","130","35.14","1.3","1.15","1.45","1.48","1.25","1.7","370","130","4109.43","4094.71"
"Feb 7, 2023 1:30pm","Feb 7, 2023 1:35pm","SPX","Feb 7, 2023","ironcondor","long put 4,075 / short put 4,080 / short call 4,140 / long call 4,145","1","touch","-71","386","-18.39","114","29.53","1.14","0.9","1.35","1.85","1.4","2.3","386","114","4110.29","4089.02"
"Feb 6, 2023 1:30pm","Feb 6, 2023 2:17pm","SPX","Feb 6, 2023","ironcondor","long put 4,085 / short put 4,090 / short call 4,130 / long call 4,135","1","touch","-15","377","-3.98","123","32.63","1.23","1.1","1.35","1.38","1.2","1.55","377","123","4109.31","4120.73"
"Feb 1, 2023 1:30pm","Feb 1, 2023 3:08pm","SPX","Feb 1, 2023","ironcondor","long put 3,985 / short put 3,990 / short call 4,125 / long call 4,130","1","touch","-95","360","-26.39","140","38.89","1.4","1.1","1.7","2.35","2","2.7","360","140","4057.87","4123.08"
"Jan 27, 2023 1:30pm","Jan 27, 2023 2:43pm","SPX","Jan 27, 2023","ironcondor","long put 4,050 / short put 4,055 / short call 4,095 / long call 4,100","1","touch","9","393","2.29","107","27.23","1.07","0.9","1.25","0.98","0.85","1.1","393","107","4073.34","4085.3"
"Jan 26, 2023 1:30pm","Jan 26, 2023 1:46pm","SPX","Jan 26, 2023","ironcondor","long put 4,010 / short put 4,015 / short call 4,055 / long call 4,060","1","touch","-37","384","-9.64","116","30.21","1.16","1","1.3","1.53","1.35","1.7","384","116","4035.73","4045.87"
"Jan 25, 2023 1:30pm","Jan 25, 2023 2:16pm","SPX","Jan 25, 2023","ironcondor","long put 3,975 / short put 3,980 / short call 4,020 / long call 4,025","1","touch","-44","381","-11.55","119","31.23","1.19","1.05","1.35","1.63","1.25","2","381","119","4000.54","4012.38"
"Jan 24, 2023 1:30pm","Jan 24, 2023 4:00pm","SPX","Jan 24, 2023","ironcondor","long put 3,995 / short put 4,000 / short call 4,035 / long call 4,040","1","expired","115","385","29.87","115","29.87","1.15","1","1.3","0","","","385","115","4017.52","4016.95"
"Jan 19, 2023 1:30pm","Jan 19, 2023 1:37pm","SPX","Jan 19, 2023","ironcondor","long put 3,880 / short put 3,885 / short call 3,920 / long call 3,925","1","touch","-22","375","-5.87","125","33.33","1.25","1.05","1.45","1.47","1.35","1.6","375","125","3903.58","3910.41"
"Jan 17, 2023 1:30pm","Jan 17, 2023 1:40pm","SPX","Jan 17, 2023","ironcondor","long put 3,970 / short put 3,975 / short call 4,010 / long call 4,015","1","touch","-13","398","-3.27","102","25.63","1.02","0.9","1.15","1.15","1","1.3","398","102","3995.07","4000.43"
"Jan 13, 2023 1:30pm","Jan 13, 2023 1:43pm","SPX","Jan 13, 2023","ironcondor","long put 3,955 / short put 3,960 / short call 3,995 / long call 4,000","1","touch","-33","392","-8.42","108","27.55","1.08","0.9","1.25","1.41","1.25","1.6","392","108","3977.52","3986.35"
"Jan 12, 2023 1:30pm","Jan 12, 2023 1:48pm","SPX","Jan 12, 2023","ironcondor","long put 3,945 / short put 3,950 / short call 4,000 / long call 4,005","1","touch","-41","412","-9.95","88","21.36","0.88","0.7","1.05","1.29","1.1","1.5","412","88","3975.55","3990.07"
"Jan 10, 2023 1:30pm","Jan 10, 2023 2:01pm","SPX","Jan 10, 2023","ironcondor","long put 3,875 / short put 3,880 / short call 3,920 / long call 3,925","1","touch","-28","388","-7.22","112","28.87","1.12","0.95","1.3","1.4","1.25","1.55","388","112","3903.11","3910.8"
"Dec 28, 2022 1:30pm","Dec 28, 2022 2:12pm","SPX","Dec 28, 2022","ironcondor","long put 3,785 / short put 3,790 / short call 3,825 / long call 3,830","1","touch","-4","398","-1","102","25.63","1.02","0.85","1.2","1.06","0.9","1.2","398","102","3808.59","3799.59"
"Dec 27, 2022 1:30pm","Dec 27, 2022 2:21pm","SPX","Dec 27, 2022","ironcondor","long put 3,810 / short put 3,815 / short call 3,855 / long call 3,860","1","touch","-27","416","-6.49","84","20.19","0.84","0.7","1","1.11","0.95","1.25","416","84","3835.48","3824.93"
"Dec 23, 2022 1:30pm","Dec 23, 2022 3:03pm","SPX","Dec 23, 2022","ironcondor","long put 3,810 / short put 3,815 / short call 3,855 / long call 3,860","1","touch","-3","390","-0.77","110","28.21","1.1","0.9","1.3","1.13","0.95","1.3","390","110","3836.65","3845.62"
"Dec 20, 2022 1:30pm","Dec 20, 2022 3:03pm","SPX","Dec 20, 2022","ironcondor","long put 3,805 / short put 3,810 / short call 3,850 / long call 3,855","1","touch","23","385","5.97","115","29.87","1.15","0.95","1.35","0.92","0.8","1.05","385","115","3831.09","3819.51"
"Dec 19, 2022 1:30pm","Dec 19, 2022 1:44pm","SPX","Dec 19, 2022","ironcondor","long put 3,805 / short put 3,810 / short call 3,845 / long call 3,850","1","touch","-22","377","-5.84","123","32.63","1.23","1.05","1.4","1.45","1.25","1.65","377","123","3827.42","3819.75"
"Dec 14, 2022 1:30pm","Dec 14, 2022 4:00pm","SPX","Dec 14, 2022","ironcondor","long put 3,950 / short put 3,955 / short call 4,125 / long call 4,130","1","expired","155","345","44.93","155","44.93","1.55","1.2","1.9","0","","","345","155","4041.34","3995.32"
"Dec 13, 2022 1:30pm","Dec 13, 2022 4:00pm","SPX","Dec 13, 2022","ironcondor","long put 3,980 / short put 3,985 / short call 4,050 / long call 4,055","1","expired","128","372","34.41","128","34.41","1.28","1.1","1.45","0","","","372","128","4019.45","4019.65"
"Dec 12, 2022 1:30pm","Dec 12, 2022 1:47pm","SPX","Dec 12, 2022","ironcondor","long put 3,930 / short put 3,935 / short call 3,970 / long call 3,975","1","touch","-27","387","-6.98","113","29.2","1.13","1","1.25","1.4","1.25","1.55","387","113","3955.55","3960.51"
"Dec 9, 2022 1:30pm","Dec 9, 2022 4:00pm","SPX","Dec 9, 2022","ironcondor","long put 3,935 / short put 3,940 / short call 3,980 / long call 3,985","1","expired","-397","397","-100","103","25.94","1.03","0.85","1.2","5","","","397","103","3959.27","3934.38"
"Dec 7, 2022 1:30pm","Dec 7, 2022 2:02pm","SPX","Dec 7, 2022","ironcondor","long put 3,915 / short put 3,920 / short call 3,965 / long call 3,970","1","touch","-38","397","-9.57","103","25.94","1.03","0.85","1.2","1.41","1.2","1.6","397","103","3943.64","3929.41"
"Dec 2, 2022 1:30pm","Dec 2, 2022 2:53pm","SPX","Dec 2, 2022","ironcondor","long put 4,030 / short put 4,035 / short call 4,070 / long call 4,075","1","touch","11","388","2.84","112","28.87","1.12","0.95","1.3","1.01","0.9","1.1","388","112","4052.07","4060.17"
"Dec 1, 2022 1:30pm","Dec 1, 2022 2:50pm","SPX","Dec 1, 2022","ironcondor","long put 4,040 / short put 4,045 / short call 4,090 / long call 4,095","1","touch","37","380","9.74","120","31.58","1.2","0.95","1.45","0.83","0.65","1","380","120","4069.62","4080.97"
"Nov 30, 2022 1:30pm","Nov 30, 2022 1:58pm","SPX","Nov 30, 2022","ironcondor","long put 3,885 / short put 3,890 / short call 4,005 / long call 4,010","1","touch","-48","340","-14.12","160","47.06","1.6","1.1","2.1","2.08","1.8","2.35","340","160","3950.82","3995.8"
"Nov 29, 2022 1:30pm","Nov 29, 2022 1:44pm","SPX","Nov 29, 2022","ironcondor","long put 3,920 / short put 3,925 / short call 3,960 / long call 3,965","1","touch","-29","382","-7.59","118","30.89","1.18","1","1.35","1.47","1.35","1.6","382","118","3944.31","3950.36"
"Nov 23, 2022 1:30pm","Nov 23, 2022 2:05pm","SPX","Nov 23, 2022","ironcondor","long put 3,975 / short put 3,980 / short call 4,040 / long call 4,045","1","touch","-68","396","-17.17","104","26.26","1.04","0.95","1.15","1.72","1.4","2.05","396","104","4011.19","4031.56"
"Nov 21, 2022 1:30pm","Nov 21, 2022 4:00pm","SPX","Nov 21, 2022","ironcondor","long put 3,930 / short put 3,935 / short call 3,975 / long call 3,980","1","expired","108","392","27.55","108","27.55","1.08","0.9","1.25","0","","","392","108","3954.41","3949.94"
"Nov 18, 2022 1:30pm","Nov 18, 2022 1:54pm","SPX","Nov 18, 2022","ironcondor","long put 3,925 / short put 3,930 / short call 3,975 / long call 3,980","1","touch","-49","392","-12.5","108","27.55","1.08","0.9","1.25","1.57","1.3","1.85","392","108","3952.23","3939.54"
"Nov 17, 2022 1:30pm","Nov 17, 2022 2:37pm","SPX","Nov 17, 2022","ironcondor","long put 3,920 / short put 3,925 / short call 3,970 / long call 3,975","1","touch","13","363","3.58","137","37.74","1.37","1.15","1.6","1.24","1","1.45","363","137","3949.32","3934.37"
"Nov 16, 2022 1:30pm","Nov 16, 2022 4:00pm","SPX","Nov 16, 2022","ironcondor","long put 3,940 / short put 3,945 / short call 3,995 / long call 4,000","1","expired","112","388","28.87","112","28.87","1.12","0.95","1.3","0","","","388","112","3969.62","3958.79"
"Nov 15, 2022 1:30pm","Nov 15, 2022 2:25pm","SPX","Nov 15, 2022","ironcondor","long put 3,925 / short put 3,930 / short call 4,005 / long call 4,010","1","touch","-48","376","-12.77","124","32.98","1.24","0.9","1.6","1.72","1.4","2.05","376","124","3970.88","3995.24"
"Nov 14, 2022 1:30pm","Nov 14, 2022 2:48pm","SPX","Nov 14, 2022","ironcondor","long put 3,980 / short put 3,985 / short call 4,025 / long call 4,030","1","touch","32","367","8.72","133","36.24","1.33","1.15","1.5","1.01","0.8","1.25","367","133","4007.36","3994.95"
"Nov 11, 2022 1:30pm","Nov 11, 2022 2:59pm","SPX","Nov 11, 2022","ironcondor","long put 3,955 / short put 3,960 / short call 4,010 / long call 4,015","1","touch","-30","393","-7.63","107","27.23","1.07","0.9","1.25","1.37","1.15","1.6","393","107","3985.45","4001.34"
"Nov 8, 2022 1:30pm","Nov 8, 2022 2:22pm","SPX","Nov 8, 2022","ironcondor","long put 3,790 / short put 3,795 / short call 3,855 / long call 3,860","1","touch","-63","387","-16.28","113","29.2","1.13","0.9","1.35","1.76","1.45","2.05","387","113","3826.78","3804.3"
"Nov 7, 2022 1:30pm","Nov 7, 2022 2:13pm","SPX","Nov 7, 2022","ironcondor","long put 3,760 / short put 3,765 / short call 3,805 / long call 3,810","1","touch","-26","396","-6.57","104","26.26","1.04","0.9","1.2","1.3","1.05","1.55","396","104","3784.24","3795.62"
"Nov 4, 2022 1:30pm","Nov 4, 2022 2:44pm","SPX","Nov 4, 2022","ironcondor","long put 3,680 / short put 3,685 / short call 3,750 / long call 3,755","1","touch","-42","376","-11.17","124","32.98","1.24","1","1.5","1.66","1.4","1.9","376","124","3719.48","3743.39"
"Nov 3, 2022 1:30pm","Nov 3, 2022 4:00pm","SPX","Nov 3, 2022","ironcondor","long put 3,710 / short put 3,715 / short call 3,760 / long call 3,765","1","expired","122","378","32.28","122","32.28","1.22","1","1.45","0","","","378","122","3738.13","3719.89"
"Nov 2, 2022 1:30pm","Nov 2, 2022 4:00pm","SPX","Nov 2, 2022","ironcondor","long put 3,750 / short put 3,755 / short call 3,915 / long call 3,920","1","expired","150","350","42.86","150","42.86","1.5","1.1","1.9","0","","","350","150","3831.3","3759.69"
"Nov 1, 2022 1:30pm","Nov 1, 2022 4:00pm","SPX","Nov 1, 2022","ironcondor","long put 3,835 / short put 3,840 / short call 3,880 / long call 3,885","1","expired","108","392","27.55","108","27.55","1.08","0.9","1.25","0","","","392","108","3858.78","3856.1"
"Oct 31, 2022 1:30pm","Oct 31, 2022 3:09pm","SPX","Oct 31, 2022","ironcondor","long put 3,855 / short put 3,860 / short call 3,910 / long call 3,915","1","touch","-12","389","-3.08","111","28.53","1.11","0.9","1.3","1.23","1","1.45","389","111","3883.39","3869.2"
"Oct 27, 2022 1:30pm","Oct 27, 2022 2:59pm","SPX","Oct 27, 2022","ironcondor","long put 3,795 / short put 3,800 / short call 3,850 / long call 3,855","1","touch","10","388","2.58","112","28.87","1.12","0.95","1.3","1.02","0.85","1.2","388","112","3826.76","3809.16"
"Oct 26, 2022 1:30pm","Oct 26, 2022 4:00pm","SPX","Oct 26, 2022","ironcondor","long put 3,810 / short put 3,815 / short call 3,865 / long call 3,870","1","expired","117","383","30.55","117","30.55","1.17","1","1.35","0","","","383","117","3842.23","3830.6"
"Oct 24, 2022 1:30pm","Oct 24, 2022 2:43pm","SPX","Oct 24, 2022","ironcondor","long put 3,750 / short put 3,755 / short call 3,805 / long call 3,810","1","touch","-26","371","-7.01","129","34.77","1.29","1.05","1.55","1.55","1.35","1.75","371","129","3780.75","3797.94"
"Oct 20, 2022 1:30pm","Oct 20, 2022 2:08pm","SPX","Oct 20, 2022","ironcondor","long put 3,650 / short put 3,655 / short call 3,710 / long call 3,715","1","touch","-34","376","-9.04","124","32.98","1.24","1.05","1.45","1.58","1.3","1.85","376","124","3681.58","3664.22"
"Oct 12, 2022 1:30pm","Oct 12, 2022 4:00pm","SPX","Oct 12, 2022","ironcondor","long put 3,550 / short put 3,555 / short call 3,630 / long call 3,635","1","expired","115","385","29.87","115","29.87","1.15","0.95","1.35","0","","","385","115","3593.91","3577.03"
"Oct 11, 2022 1:30pm","Oct 11, 2022 2:47pm","SPX","Oct 11, 2022","ironcondor","long put 3,595 / short put 3,600 / short call 3,650 / long call 3,655","1","touch","-13","369","-3.52","131","35.5","1.31","1.1","1.5","1.44","1.2","1.7","369","131","3624.89","3608.43"
"Oct 6, 2022 1:30pm","Oct 6, 2022 2:46pm","SPX","Oct 6, 2022","ironcondor","long put 3,735 / short put 3,740 / short call 3,800 / long call 3,805","1","touch","-25","368","-6.79","132","35.87","1.32","1.15","1.5","1.57","1.25","1.9","368","132","3769.53","3747.75"
"Oct 5, 2022 1:30pm","Oct 5, 2022 3:05pm","SPX","Oct 5, 2022","ironcondor","long put 3,750 / short put 3,755 / short call 3,805 / long call 3,810","1","touch","-16","381","-4.2","119","31.23","1.19","1.05","1.35","1.35","1.15","1.55","381","119","3779.76","3796.93"
"Sep 30, 2022 1:30pm","Sep 30, 2022 2:48pm","SPX","Sep 30, 2022","ironcondor","long put 3,595 / short put 3,600 / short call 3,675 / long call 3,680","1","touch","-72","382","-18.85","118","30.89","1.18","1","1.35","1.9","1.6","2.2","382","118","3640.02","3608.06"
"Sep 27, 2022 1:30pm","Sep 27, 2022 4:00pm","SPX","Sep 27, 2022","ironcondor","long put 3,590 / short put 3,595 / short call 3,670 / long call 3,675","1","expired","121","379","31.93","121","31.93","1.21","1","1.4","0","","","379","121","3633.19","3647.29"
"Sep 22, 2022 1:30pm","Sep 22, 2022 4:00pm","SPX","Sep 22, 2022","ironcondor","long put 3,725 / short put 3,730 / short call 3,795 / long call 3,800","1","expired","117","383","30.55","117","30.55","1.17","1","1.35","0","","","383","117","3764.07","3757.99"
"Sep 21, 2022 1:30pm","Sep 21, 2022 4:00pm","SPX","Sep 21, 2022","ironcondor","long put 3,785 / short put 3,790 / short call 3,955 / long call 3,960","1","expired","153","340","45","160","47.06","1.6","1.3","1.9","0.07","","","340","160","3874.99","3789.93"
"Sep 19, 2022 1:30pm","Sep 19, 2022 3:12pm","SPX","Sep 19, 2022","ironcondor","long put 3,845 / short put 3,850 / short call 3,900 / long call 3,905","1","touch","-6","365","-1.64","135","36.99","1.35","1.15","1.55","1.41","1.1","1.7","365","135","3875.94","3892.71"
"Sep 15, 2022 1:30pm","Sep 15, 2022 2:02pm","SPX","Sep 15, 2022","ironcondor","long put 3,905 / short put 3,910 / short call 3,970 / long call 3,975","1","touch","-51","380","-13.42","120","31.58","1.2","1","1.4","1.71","1.45","1.95","380","120","3940.86","3919.61"
"Sep 14, 2022 1:30pm","Sep 14, 2022 1:49pm","SPX","Sep 14, 2022","ironcondor","long put 3,915 / short put 3,920 / short call 3,975 / long call 3,980","1","touch","-56","375","-14.93","125","33.33","1.25","1.05","1.45","1.81","1.45","2.15","375","125","3950.49","3929.54"
"Sep 8, 2022 1:30pm","Sep 8, 2022 4:00pm","SPX","Sep 8, 2022","ironcondor","long put 3,960 / short put 3,965 / short call 4,020 / long call 4,025","1","expired","115","385","29.87","115","29.87","1.15","0.95","1.35","0","","","385","115","3993.8","4006.18"
"Sep 6, 2022 1:30pm","Sep 6, 2022 4:00pm","SPX","Sep 6, 2022","ironcondor","long put 3,860 / short put 3,865 / short call 3,930 / long call 3,935","1","expired","127","373","34.05","127","34.05","1.27","1.05","1.5","0","","","373","127","3897.8","3908.19"
"Sep 2, 2022 1:30pm","Sep 2, 2022 4:00pm","SPX","Sep 2, 2022","ironcondor","long put 3,895 / short put 3,900 / short call 3,975 / long call 3,980","1","expired","135","365","36.99","135","36.99","1.35","1.1","1.6","0","","","365","135","3937.49","3924.26"
"Sep 1, 2022 1:30pm","Sep 1, 2022 2:36pm","SPX","Sep 1, 2022","ironcondor","long put 3,900 / short put 3,905 / short call 3,960 / long call 3,965","1","touch","-29","370","-7.84","130","35.14","1.3","1.1","1.5","1.59","1.35","1.85","370","130","3932.5","3951.91"
"Aug 31, 2022 1:30pm","Aug 31, 2022 2:44pm","SPX","Aug 31, 2022","ironcondor","long put 3,945 / short put 3,950 / short call 4,000 / long call 4,005","1","touch","-21","381","-5.51","119","31.23","1.19","1","1.4","1.4","1.15","1.65","381","119","3974.61","3957.78"
"Aug 29, 2022 1:30pm","Aug 29, 2022 1:45pm","SPX","Aug 29, 2022","ironcondor","long put 4,015 / short put 4,020 / short call 4,070 / long call 4,075","1","touch","-45","385","-11.69","115","29.87","1.15","0.95","1.35","1.6","1.4","1.8","385","115","4049.56","4060.18"
"Aug 25, 2022 1:30pm","Aug 25, 2022 1:49pm","SPX","Aug 25, 2022","ironcondor","long put 4,145 / short put 4,150 / short call 4,185 / long call 4,190","1","touch","3","380","0.79","120","31.58","1.2","1.1","1.3","1.17","1.05","1.3","380","120","4166.91","4175.07"
"Aug 24, 2022 1:30pm","Aug 24, 2022 3:05pm","SPX","Aug 24, 2022","ironcondor","long put 4,110 / short put 4,115 / short call 4,150 / long call 4,155","1","touch","44","408","10.78","92","22.55","0.92","0.8","1.05","0.48","0.4","0.6","408","92","4131.82","4140.32"
"Aug 23, 2022 1:30pm","Aug 23, 2022 4:00pm","SPX","Aug 23, 2022","ironcondor","long put 4,110 / short put 4,115 / short call 4,160 / long call 4,165","1","expired","101","399","25.31","101","25.31","1.01","0.85","1.15","0","","","399","101","4139.27","4128.73"
"Aug 18, 2022 1:30pm","Aug 18, 2022 3:06pm","SPX","Aug 18, 2022","ironcondor","long put 4,255 / short put 4,260 / short call 4,295 / long call 4,300","1","touch","61","373","16.35","127","34.05","1.27","1.1","1.45","0.66","0.5","0.8","373","127","4276.99","4285.47"
"Aug 17, 2022 1:30pm","Aug 17, 2022 2:16pm","SPX","Aug 17, 2022","ironcondor","long put 4,245 / short put 4,250 / short call 4,305 / long call 4,310","1","touch","-30","385","-7.79","115","29.87","1.15","0.95","1.35","1.45","1.15","1.75","385","115","4276.4","4297.7"
"Aug 16, 2022 1:30pm","Aug 16, 2022 1:37pm","SPX","Aug 16, 2022","ironcondor","long put 4,290 / short put 4,295 / short call 4,325 / long call 4,330","1","touch","-12","410","-2.93","90","21.95","0.9","0.75","1.05","1.02","0.9","1.15","410","90","4311.24","4315.31"
"Aug 15, 2022 1:30pm","Aug 15, 2022 4:00pm","SPX","Aug 15, 2022","ironcondor","long put 4,270 / short put 4,275 / short call 4,310 / long call 4,315","1","expired","113","387","29.2","113","29.2","1.13","1","1.25","0","","","387","113","4294.4","4297.14"
"Aug 11, 2022 1:30pm","Aug 11, 2022 2:02pm","SPX","Aug 11, 2022","ironcondor","long put 4,210 / short put 4,215 / short call 4,250 / long call 4,255","1","touch","-6","378","-1.59","122","32.28","1.22","1.05","1.4","1.28","1.1","1.45","378","122","4233.3","4224.63"
"Aug 9, 2022 1:30pm","Aug 9, 2022 1:43pm","SPX","Aug 9, 2022","ironcondor","long put 4,100 / short put 4,105 / short call 4,140 / long call 4,145","1","touch","-34","387","-8.79","113","29.2","1.13","0.95","1.3","1.47","1.25","1.7","387","113","4121.44","4113.79"
"Aug 8, 2022 1:30pm","Aug 8, 2022 2:54pm","SPX","Aug 8, 2022","ironcondor","long put 4,115 / short put 4,120 / short call 4,160 / long call 4,165","1","touch","20","363","5.51","137","37.74","1.37","1.2","1.55","1.17","1.05","1.3","363","137","4142.26","4129.52"
"Aug 5, 2022 1:30pm","Aug 5, 2022 4:00pm","SPX","Aug 5, 2022","ironcondor","long put 4,110 / short put 4,115 / short call 4,155 / long call 4,160","1","expired","106","394","26.9","106","26.9","1.06","0.9","1.2","0","","","394","106","4137.74","4145.19"
"Aug 4, 2022 1:30pm","Aug 4, 2022 4:00pm","SPX","Aug 4, 2022","ironcondor","long put 4,125 / short put 4,130 / short call 4,175 / long call 4,180","1","expired","103","397","25.94","103","25.94","1.03","0.85","1.2","0","","","397","103","4153.91","4151.94"
"Aug 2, 2022 1:30pm","Aug 2, 2022 1:37pm","SPX","Aug 2, 2022","ironcondor","long put 4,090 / short put 4,095 / short call 4,140 / long call 4,145","1","touch","-60","390","-15.38","110","28.21","1.1","0.9","1.3","1.7","1.4","2","390","110","4118.4","4104.94"
"Aug 1, 2022 1:30pm","Aug 1, 2022 2:58pm","SPX","Aug 1, 2022","ironcondor","long put 4,085 / short put 4,090 / short call 4,135 / long call 4,140","1","touch","6","378","1.59","122","32.28","1.22","1.05","1.4","1.16","0.95","1.35","378","122","4113.08","4125.87"
"Jul 25, 2022 1:30pm","Jul 25, 2022 3:05pm","SPX","Jul 25, 2022","ironcondor","long put 3,935 / short put 3,940 / short call 3,985 / long call 3,990","1","touch","-3","375","-0.8","125","33.33","1.25","1.1","1.4","1.28","1.1","1.45","375","125","3965.72","3945.8"
"Jul 21, 2022 1:30pm","Jul 21, 2022 4:00pm","SPX","Jul 21, 2022","ironcondor","long put 3,945 / short put 3,950 / short call 4,000 / long call 4,005","1","expired","102","398","25.63","102","25.63","1.02","0.9","1.15","0","","","398","102","3977.4","3998.95"
"Jul 20, 2022 1:30pm","Jul 20, 2022 3:19pm","SPX","Jul 20, 2022","ironcondor","long put 3,915 / short put 3,920 / short call 3,975 / long call 3,980","1","touch","-24","391","-6.14","109","27.88","1.09","0.95","1.25","1.33","1.15","1.5","391","109","3949.86","3968.13"
"Jul 18, 2022 1:30pm","Jul 18, 2022 1:47pm","SPX","Jul 18, 2022","ironcondor","long put 3,855 / short put 3,860 / short call 3,905 / long call 3,910","1","touch","-59","401","-14.71","99","24.69","0.99","0.85","1.15","1.58","1.3","1.85","401","99","3882.74","3869.7"
"Jul 13, 2022 1:30pm","Jul 13, 2022 4:00pm","SPX","Jul 13, 2022","ironcondor","long put 3,780 / short put 3,785 / short call 3,850 / long call 3,855","1","expired","108","392","27.55","108","27.55","1.08","0.85","1.3","0","","","392","108","3819","3801.78"
"Jul 12, 2022 1:30pm","Jul 12, 2022 2:57pm","SPX","Jul 12, 2022","ironcondor","long put 3,825 / short put 3,830 / short call 3,875 / long call 3,880","1","touch","3","388","0.77","112","28.87","1.12","0.95","1.3","1.09","0.95","1.25","388","112","3852.48","3838.91"
"Jul 11, 2022 1:30pm","Jul 11, 2022 3:00pm","SPX","Jul 11, 2022","ironcondor","long put 3,845 / short put 3,850 / short call 3,895 / long call 3,900","1","touch","-9","385","-2.34","115","29.87","1.15","0.95","1.35","1.24","1.1","1.4","385","115","3873.65","3858.58"
"Jul 8, 2022 1:30pm","Jul 8, 2022 2:35pm","SPX","Jul 8, 2022","ironcondor","long put 3,865 / short put 3,870 / short call 3,920 / long call 3,925","1","touch","-24","394","-6.09","106","26.9","1.06","0.9","1.2","1.3","1.1","1.5","394","106","3895.25","3910.64"
"Jul 6, 2022 1:30pm","Jul 6, 2022 2:43pm","SPX","Jul 6, 2022","ironcondor","long put 3,785 / short put 3,790 / short call 3,865 / long call 3,870","1","touch","-58","390","-14.87","110","28.21","1.1","0.9","1.3","1.68","1.25","2.1","390","110","3826.21","3858.57"
"Jul 1, 2022 1:30pm","Jul 1, 2022 2:22pm","SPX","Jul 1, 2022","ironcondor","long put 3,745 / short put 3,750 / short call 3,810 / long call 3,815","1","touch","-67","390","-17.18","110","28.21","1.1","0.9","1.3","1.77","1.5","2.05","390","110","3780.97","3801.76"
"Jun 30, 2022 1:30pm","Jun 30, 2022 3:07pm","SPX","Jun 30, 2022","ironcondor","long put 3,760 / short put 3,765 / short call 3,840 / long call 3,845","1","touch","-40","357","-11.2","143","40.06","1.43","1.2","1.65","1.83","1.55","2.1","357","143","3803.07","3773.77"
"Jun 29, 2022 1:30pm","Jun 29, 2022 2:07pm","SPX","Jun 29, 2022","ironcondor","long put 3,775 / short put 3,780 / short call 3,840 / long call 3,845","1","touch","-67","402","-16.67","98","24.38","0.98","0.9","1.1","1.65","1.3","2","402","98","3809.92","3830.13"
"Jun 27, 2022 1:30pm","Jun 27, 2022 4:00pm","SPX","Jun 27, 2022","ironcondor","long put 3,875 / short put 3,880 / short call 3,935 / long call 3,940","1","expired","105","395","26.58","105","26.58","1.05","0.85","1.25","0","","","395","105","3907.24","3900.11"
"Jun 23, 2022 1:30pm","Jun 23, 2022 2:31pm","SPX","Jun 23, 2022","ironcondor","long put 3,720 / short put 3,725 / short call 3,780 / long call 3,785","1","touch","-14","359","-3.9","141","39.28","1.41","1.2","1.6","1.55","1.25","1.85","359","141","3753.13","3770.81"
"Jun 22, 2022 1:30pm","Jun 22, 2022 2:16pm","SPX","Jun 22, 2022","ironcondor","long put 3,750 / short put 3,755 / short call 3,810 / long call 3,815","1","touch","-29","367","-7.9","133","36.24","1.33","1.1","1.55","1.62","1.35","1.9","367","133","3784.99","3800.18"
"Jun 17, 2022 1:30pm","Jun 17, 2022 4:00pm","SPX","Jun 17, 2022","ironcondor","long put 3,640 / short put 3,645 / short call 3,725 / long call 3,730","1","expired","121","379","31.93","121","31.93","1.21","0.9","1.5","0","","","379","121","3686.65","3674.84"
"Jun 14, 2022 1:30pm","Jun 14, 2022 3:03pm","SPX","Jun 14, 2022","ironcondor","long put 3,705 / short put 3,710 / short call 3,785 / long call 3,790","1","touch","-52","377","-13.79","123","32.63","1.23","1.05","1.4","1.75","1.4","2.1","377","123","3748.58","3719.73"
"Jun 9, 2022 1:30pm","Jun 9, 2022 2:35pm","SPX","Jun 9, 2022","ironcondor","long put 4,065 / short put 4,070 / short call 4,120 / long call 4,125","1","touch","-27","371","-7.28","129","34.77","1.29","1.15","1.45","1.56","1.35","1.75","371","129","4095.32","4079.3"
"Jun 7, 2022 1:30pm","Jun 7, 2022 2:34pm","SPX","Jun 7, 2022","ironcondor","long put 4,105 / short put 4,110 / short call 4,160 / long call 4,165","1","touch","-27","390","-6.92","110","28.21","1.1","0.95","1.25","1.37","1","1.75","390","110","4136.15","4150.56"
"Jun 6, 2022 1:30pm","Jun 6, 2022 1:59pm","SPX","Jun 6, 2022","ironcondor","long put 4,090 / short put 4,095 / short call 4,150 / long call 4,155","1","touch","-30","375","-8","125","33.33","1.25","1.05","1.45","1.55","1.3","1.8","375","125","4122.26","4140.98"
"May 31, 2022 1:30pm","May 31, 2022 4:00pm","SPX","May 31, 2022","ironcondor","long put 4,105 / short put 4,110 / short call 4,180 / long call 4,185","1","expired","133","367","36.24","133","36.24","1.33","1.1","1.55","0","","","367","133","4144.15","4132.15"
"May 25, 2022 1:30pm","May 25, 2022 3:06pm","SPX","May 25, 2022","ironcondor","long put 3,895 / short put 3,900 / short call 3,995 / long call 4,000","1","touch","-77","360","-21.39","140","38.89","1.4","1","1.8","2.17","1.75","2.6","360","140","3949.6","3992.72"
"May 19, 2022 1:30pm","May 19, 2022 2:50pm","SPX","May 19, 2022","ironcondor","long put 3,850 / short put 3,860 / short call 3,940 / long call 3,945","1","touch","-20","852","-2.35","148","17.37","1.48","1.25","1.7","1.68","1.3","2.05","852","148","3901.53","3930.68"
"May 16, 2022 1:30pm","May 16, 2022 4:00pm","SPX","May 16, 2022","ironcondor","long put 3,985 / short put 3,990 / short call 4,060 / long call 4,065","1","expired","123","377","32.63","123","32.63","1.23","1","1.45","0","","","377","123","4029.03","4008.01"
"May 10, 2022 1:30pm","May 10, 2022 1:48pm","SPX","May 10, 2022","ironcondor","long put 3,945 / short put 3,950 / short call 4,040 / long call 4,045","1","touch","-79","369","-21.41","131","35.5","1.31","1.05","1.55","2.1","1.75","2.45","369","131","3994.07","4031.9"
"May 6, 2022 1:30pm","May 6, 2022 4:00pm","SPX","May 6, 2022","ironcondor","long put 4,070 / short put 4,075 / short call 4,180 / long call 4,185","1","expired","130","370","35.14","130","35.14","1.3","0.9","1.7","0","","","370","130","4131.02","4123.34"
"May 4, 2022 1:30pm","May 4, 2022 2:54pm","SPX","May 4, 2022","ironcondor","long put 4,105 / short put 4,110 / short call 4,255 / long call 4,260","1","touch","-67","360","-18.61","140","38.89","1.4","1","1.8","2.07","1.6","2.55","360","140","4185","4247.19"
"Apr 25, 2022 1:30pm","Apr 25, 2022 2:47pm","SPX","Apr 25, 2022","ironcondor","long put 4,195 / short put 4,200 / short call 4,280 / long call 4,285","1","touch","-81","388","-20.88","112","28.87","1.12","0.85","1.4","1.93","1.55","2.3","388","112","4241.96","4272.45"
"Apr 20, 2022 1:30pm","Apr 20, 2022 2:43pm","SPX","Apr 20, 2022","ironcondor","long put 4,445 / short put 4,450 / short call 4,495 / long call 4,500","1","touch","-30","408","-7.35","92","22.55","0.92","0.75","1.1","1.22","1","1.45","408","92","4475.09","4459.9"
"Apr 18, 2022 1:30pm","Apr 18, 2022 1:36pm","SPX","Apr 18, 2022","ironcondor","long put 4,355 / short put 4,360 / short call 4,410 / long call 4,415","1","touch","-66","386","-17.1","114","29.53","1.14","1","1.3","1.8","1.5","2.1","386","114","4386.21","4401.57"
"Apr 8, 2022 1:30pm","Apr 8, 2022 4:00pm","SPX","Apr 8, 2022","ironcondor","long put 4,475 / short put 4,480 / short call 4,530 / long call 4,535","1","expired","99","401","24.69","99","24.69","0.99","0.75","1.25","0","","","401","99","4507.18","4488.28"
"Apr 4, 2022 1:30pm","Apr 4, 2022 2:34pm","SPX","Apr 4, 2022","ironcondor","long put 4,545 / short put 4,550 / short call 4,585 / long call 4,590","1","touch","-5","408","-1.23","92","22.55","0.92","0.75","1.1","0.97","0.8","1.15","408","92","4568.5","4575.39"
"Apr 1, 2022 1:30pm","Apr 1, 2022 2:04pm","SPX","Apr 1, 2022","ironcondor","long put 4,485 / short put 4,490 / short call 4,535 / long call 4,540","1","touch","-48","385","-12.47","115","29.87","1.15","0.95","1.35","1.63","1.4","1.85","385","115","4512.34","4525.88"
"Mar 31, 2022 1:30pm","Mar 31, 2022 3:34pm","SPX","Mar 31, 2022","ironcondor","long put 4,550 / short put 4,555 / short call 4,610 / long call 4,615","1","touch","-20","376","-5.32","124","32.98","1.24","0.95","1.55","1.44","1.2","1.7","376","124","4585.48","4563.75"
"Mar 30, 2022 1:30pm","Mar 30, 2022 2:59pm","SPX","Mar 30, 2022","ironcondor","long put 4,580 / short put 4,585 / short call 4,625 / long call 4,630","1","touch","14","372","3.76","128","34.41","1.28","1.1","1.45","1.14","0.95","1.3","372","128","4606.31","4594.73"
"Mar 28, 2022 1:30pm","Mar 28, 2022 2:46pm","SPX","Mar 28, 2022","ironcondor","long put 4,515 / short put 4,520 / short call 4,560 / long call 4,565","1","touch","-5","397","-1.26","103","25.94","1.03","0.85","1.2","1.08","0.85","1.3","397","103","4539.9","4550.29"
"Mar 25, 2022 1:30pm","Mar 25, 2022 2:02pm","SPX","Mar 25, 2022","ironcondor","long put 4,485 / short put 4,490 / short call 4,540 / long call 4,545","1","touch","-19","372","-5.11","128","34.41","1.28","1.1","1.45","1.47","1.25","1.7","372","128","4515.95","4530.41"
"Mar 21, 2022 1:30pm","Mar 21, 2022 2:28pm","SPX","Mar 21, 2022","ironcondor","long put 4,395 / short put 4,400 / short call 4,460 / long call 4,465","1","touch","-29","374","-7.75","126","33.69","1.26","0.95","1.55","1.55","1.25","1.85","374","126","4430.26","4450.85"
"Mar 18, 2022 1:30pm","Mar 18, 2022 3:11pm","SPX","Mar 18, 2022","ironcondor","long put 4,410 / short put 4,415 / short call 4,460 / long call 4,465","1","touch","6","381","1.57","119","31.23","1.19","0.95","1.45","1.13","0.95","1.3","381","119","4439.73","4450.35"
"Mar 14, 2022 1:30pm","Mar 14, 2022 4:00pm","SPX","Mar 14, 2022","ironcondor","long put 4,135 / short put 4,140 / short call 4,210 / long call 4,215","1","expired","140","360","38.89","140","38.89","1.4","1.2","1.6","0","","","360","140","4176.9","4173.11"
"Mar 11, 2022 1:30pm","Mar 11, 2022 3:10pm","SPX","Mar 11, 2022","ironcondor","long put 4,215 / short put 4,220 / short call 4,285 / long call 4,290","1","touch","-30","403","-7.44","97","24.07","0.97","0.75","1.2","1.27","0.95","1.6","403","97","4254.41","4229.62"
"Feb 16, 2022 1:30pm","Feb 16, 2022 2:22pm","SPX","Feb 16, 2022","ironcondor","long put 4,390 / short put 4,395 / short call 4,475 / long call 4,480","1","touch","-74","387","-19.12","113","29.2","1.13","0.85","1.4","1.87","1.35","2.4","387","113","4440.46","4465.47"
"Feb 14, 2022 1:30pm","Feb 14, 2022 2:00pm","SPX","Feb 14, 2022","ironcondor","long put 4,360 / short put 4,365 / short call 4,450 / long call 4,455","1","touch","-69","386","-17.88","114","29.53","1.14","0.85","1.45","1.83","1.05","2.6","386","114","4410.56","4373.99"
"Feb 7, 2022 1:30pm","Feb 7, 2022 3:15pm","SPX","Feb 7, 2022","ironcondor","long put 4,470 / short put 4,475 / short call 4,530 / long call 4,535","1","touch","-4","372","-1.08","128","34.41","1.28","1.05","1.5","1.32","1.1","1.55","372","128","4502.71","4521.8"
"Feb 4, 2022 1:30pm","Feb 4, 2022 3:12pm","SPX","Feb 4, 2022","ironcondor","long put 4,470 / short put 4,475 / short call 4,545 / long call 4,550","1","touch","-23","381","-6.04","119","31.23","1.19","0.95","1.45","1.42","1.05","1.8","381","119","4510.75","4535.57"
"Feb 2, 2022 1:30pm","Feb 2, 2022 2:41pm","SPX","Feb 2, 2022","ironcondor","long put 4,535 / short put 4,540 / short call 4,595 / long call 4,600","1","touch","-22","387","-5.68","113","29.2","1.13","0.9","1.35","1.35","1.05","1.65","387","113","4570.61","4585.03"
"Jan 19, 2022 1:30pm","Jan 19, 2022 2:22pm","SPX","Jan 19, 2022","ironcondor","long put 4,550 / short put 4,555 / short call 4,610 / long call 4,615","1","touch","-57","400","-14.25","100","25","1","0.8","1.2","1.57","1.3","1.85","400","100","4584.41","4563.98"
"Jan 12, 2022 1:30pm","Jan 12, 2022 4:00pm","SPX","Jan 12, 2022","ironcondor","long put 4,695 / short put 4,700 / short call 4,745 / long call 4,750","1","expired","120","380","31.58","120","31.58","1.2","1","1.4","0","","","380","120","4724.66","4726.35"
"Jan 7, 2022 1:30pm","Jan 7, 2022 3:07pm","SPX","Jan 7, 2022","ironcondor","long put 4,660 / short put 4,665 / short call 4,705 / long call 4,710","1","touch","27","390","6.92","110","28.21","1.1","0.9","1.3","0.83","0.65","1","390","110","4686.32","4695.45"
"Jan 5, 2022 1:30pm","Jan 5, 2022 2:13pm","SPX","Jan 5, 2022","ironcondor","long put 4,745 / short put 4,750 / short call 4,795 / long call 4,800","1","touch","-43","381","-11.29","119","31.23","1.19","1.05","1.35","1.62","1.25","2","381","119","4775.88","4757.4"
"Jan 3, 2022 1:30pm","Jan 3, 2022 1:56pm","SPX","Jan 3, 2022","ironcondor","long put 4,760 / short put 4,765 / short call 4,795 / long call 4,800","1","touch","-4","410","-0.98","90","21.95","0.9","0.7","1.1","0.94","0.8","1.1","410","90","4779.42","4785.97"
"Dec 31, 2021 1:30pm","Dec 31, 2021 4:00pm","SPX","Dec 31, 2021","ironcondor","long put 4,755 / short put 4,760 / short call 4,800 / long call 4,805","1","expired","96","404","23.76","96","23.76","0.96","0.8","1.1","0","","","404","96","4781.09","4766.18"
"Dec 29, 2021 1:30pm","Dec 29, 2021 1:56pm","SPX","Dec 29, 2021","ironcondor","long put 4,765 / short put 4,770 / short call 4,800 / long call 4,805","1","touch","-5","420","-1.19","80","19.05","0.8","0.65","0.95","0.85","0.65","1.05","420","80","4786.54","4790.68"
"Dec 23, 2021 1:30pm","Dec 23, 2021 2:25pm","SPX","Dec 23, 2021","ironcondor","long put 4,710 / short put 4,715 / short call 4,745 / long call 4,750","1","touch","5","423","1.18","77","18.2","0.77","0.6","0.95","0.72","0.55","0.9","423","77","4731.26","4735.03"
"Dec 22, 2021 1:30pm","Dec 22, 2021 2:02pm","SPX","Dec 22, 2021","ironcondor","long put 4,660 / short put 4,665 / short call 4,695 / long call 4,700","1","touch","8","375","2.13","125","33.33","1.25","1.05","1.45","1.17","0.95","1.4","375","125","4681.87","4674.69"
"Dec 17, 2021 1:30pm","Dec 17, 2021 4:00pm","SPX","Dec 17, 2021","ironcondor","long put 4,605 / short put 4,610 / short call 4,680 / long call 4,685","1","expired","120","380","31.58","120","31.58","1.2","1","1.4","0","","","380","120","4648.77","4620.64"
"Dec 15, 2021 1:30pm","Dec 15, 2021 3:07pm","SPX","Dec 15, 2021","ironcondor","long put 4,570 / short put 4,575 / short call 4,670 / long call 4,675","1","touch","-102","370","-27.57","130","35.14","1.3","1","1.6","2.32","2.05","2.6","370","130","4624.86","4670.36"
"Dec 13, 2021 1:30pm","Dec 13, 2021 2:21pm","SPX","Dec 13, 2021","ironcondor","long put 4,655 / short put 4,660 / short call 4,695 / long call 4,700","1","touch","5","373","1.34","127","34.05","1.27","1.1","1.45","1.22","1","1.45","373","127","4679.23","4685.77"
"Dec 10, 2021 1:30pm","Dec 10, 2021 3:04pm","SPX","Dec 10, 2021","ironcondor","long put 4,675 / short put 4,680 / short call 4,710 / long call 4,715","1","touch","44","386","11.4","114","29.53","1.14","1","1.25","0.7","0.5","0.9","386","114","4697","4689.72"
"Dec 8, 2021 1:30pm","Dec 8, 2021 1:46pm","SPX","Dec 8, 2021","ironcondor","long put 4,670 / short put 4,675 / short call 4,705 / long call 4,710","1","touch","-10","402","-2.49","98","24.38","0.98","0.8","1.15","1.08","0.9","1.25","402","98","4691.41","4695.35"
"Nov 24, 2021 1:30pm","Nov 24, 2021 2:11pm","SPX","Nov 24, 2021","ironcondor","long put 4,670 / short put 4,675 / short call 4,710 / long call 4,715","1","touch","-32","412","-7.77","88","21.36","0.88","0.75","1","1.2","0.85","1.55","412","88","4696.5","4681.99"
"Nov 22, 2021 1:30pm","Nov 22, 2021 2:01pm","SPX","Nov 22, 2021","ironcondor","long put 4,700 / short put 4,705 / short call 4,730 / long call 4,735","1","touch","7","413","1.7","87","21.07","0.87","0.7","1.05","0.8","0.65","0.95","413","87","4718.03","4714.89"
"Nov 19, 2021 1:30pm","Nov 19, 2021 2:10pm","SPX","Nov 19, 2021","ironcondor","long put 4,680 / short put 4,685 / short call 4,715 / long call 4,720","1","touch","10","400","2.5","100","25","1","0.85","1.15","0.9","0.7","1.1","400","100","4700.84","4705.02"
"Nov 17, 2021 1:30pm","Nov 17, 2021 1:56pm","SPX","Nov 17, 2021","ironcondor","long put 4,675 / short put 4,680 / short call 4,705 / long call 4,710","1","touch","17","417","4.08","83","19.9","0.83","0.65","1","0.66","0.5","0.8","417","83","4693.14","4695.11"
"Nov 15, 2021 1:30pm","Nov 15, 2021 2:01pm","SPX","Nov 15, 2021","ironcondor","long put 4,665 / short put 4,670 / short call 4,695 / long call 4,700","1","touch","6","410","1.46","90","21.95","0.9","0.75","1.05","0.84","0.7","0.95","410","90","4682.78","4679.66"
"Nov 12, 2021 1:30pm","Nov 12, 2021 3:21pm","SPX","Nov 12, 2021","ironcondor","long put 4,655 / short put 4,660 / short call 4,690 / long call 4,695","1","touch","33","427","7.73","73","17.1","0.73","0.55","0.9","0.4","0.25","0.55","427","73","4676.71","4680.87"
"Nov 10, 2021 1:30pm","Nov 10, 2021 2:02pm","SPX","Nov 10, 2021","ironcondor","long put 4,635 / short put 4,640 / short call 4,680 / long call 4,685","1","touch","-34","397","-8.56","103","25.94","1.03","0.8","1.25","1.37","1.2","1.55","397","103","4660.96","4648.6"
"Nov 8, 2021 1:30pm","Nov 8, 2021 1:31pm","SPX","Nov 8, 2021","ironcondor","long put 4,685 / short put 4,690 / short call 4,710 / long call 4,715","1","touch","1","395","0.25","105","26.58","1.05","0.85","1.25","1.04","0.9","1.2","395","105","4700.91","4700.7"
"Nov 5, 2021 1:30pm","Nov 5, 2021 1:35pm","SPX","Nov 5, 2021","ironcondor","long put 4,650 / short put 4,655 / short call 4,700 / long call 4,705","1","touch","-5","375","-1.33","125","33.33","1.25","1.05","1.45","1.3","1.1","1.5","375","125","4681.5","4690.79"
"Nov 3, 2021 1:30pm","Nov 3, 2021 2:44pm","SPX","Nov 3, 2021","ironcondor","long put 4,590 / short put 4,595 / short call 4,650 / long call 4,655","1","touch","1","378","0.26","122","32.28","1.22","1.05","1.4","1.21","1","1.4","378","122","4625.55","4641.35"
"Nov 1, 2021 1:30pm","Nov 1, 2021 1:31pm","SPX","Nov 1, 2021","ironcondor","long put 4,585 / short put 4,590 / short call 4,615 / long call 4,620","1","touch","2","399","0.5","101","25.31","1.01","0.85","1.15","0.99","0.85","1.15","399","101","4605.77","4605.01"
"Oct 29, 2021 1:30pm","Oct 29, 2021 2:23pm","SPX","Oct 29, 2021","ironcondor","long put 4,580 / short put 4,585 / short call 4,615 / long call 4,620","1","touch","-8","444","-1.8","56","12.61","0.56","0.45","0.65","0.64","0.5","0.8","444","56","4601.41","4594.79"
"Oct 27, 2021 1:30pm","Oct 27, 2021 1:31pm","SPX","Oct 27, 2021","ironcondor","long put 4,565 / short put 4,570 / short call 4,590 / long call 4,595","1","touch","-2","392","-0.51","108","27.55","1.08","0.85","1.3","1.1","0.95","1.25","392","108","4581.54","4581.21"
"Oct 25, 2021 1:30pm","Oct 25, 2021 1:31pm","SPX","Oct 25, 2021","ironcondor","long put 4,555 / short put 4,560 / short call 4,580 / long call 4,585","1","touch","4","431","0.93","69","16.01","0.69","0.55","0.85","0.65","0.5","0.8","431","69","4569.52","4569.82"
"Oct 22, 2021 1:30pm","Oct 22, 2021 1:37pm","SPX","Oct 22, 2021","ironcondor","long put 4,525 / short put 4,530 / short call 4,555 / long call 4,560","1","touch","-7","407","-1.72","93","22.85","0.93","0.75","1.1","1","0.75","1.25","407","93","4542.39","4545.15"
"Oct 20, 2021 1:30pm","Oct 20, 2021 2:10pm","SPX","Oct 20, 2021","ironcondor","long put 4,510 / short put 4,515 / short call 4,545 / long call 4,550","1","touch","25","421","5.94","79","18.76","0.79","0.65","0.95","0.54","0.4","0.7","421","79","4531.58","4535.12"
"Oct 18, 2021 1:30pm","Oct 18, 2021 2:01pm","SPX","Oct 18, 2021","ironcondor","long put 4,465 / short put 4,470 / short call 4,495 / long call 4,500","1","touch","-2","440","-0.45","60","13.64","0.6","0.45","0.75","0.62","0.4","0.85","440","60","4481.98","4479.69"
"Oct 15, 2021 1:30pm","Oct 15, 2021 1:31pm","SPX","Oct 15, 2021","ironcondor","long put 4,445 / short put 4,450 / short call 4,475 / long call 4,480","1","touch","1","402","0.25","98","24.38","0.98","0.8","1.15","0.97","0.8","1.15","402","98","4464.73","4465.32"
"Oct 13, 2021 1:30pm","Oct 13, 2021 2:02pm","SPX","Oct 13, 2021","ironcondor","long put 4,330 / short put 4,335 / short call 4,380 / long call 4,385","1","touch","-42","398","-10.55","102","25.63","1.02","0.85","1.2","1.44","0.8","2.1","398","102","4360.29","4371.23"
"Oct 11, 2021 1:30pm","Oct 11, 2021 4:00pm","SPX","Oct 11, 2021","ironcondor","long put 4,350 / short put 4,355 / short call 4,400 / long call 4,405","1","expired","95","405","23.46","95","23.46","0.95","0.75","1.15","0","","","405","95","4378.42","4361.19"
"Oct 8, 2021 1:30pm","Oct 8, 2021 2:02pm","SPX","Oct 8, 2021","ironcondor","long put 4,360 / short put 4,365 / short call 4,405 / long call 4,410","1","touch","-36","394","-9.14","106","26.9","1.06","0.85","1.25","1.42","1.2","1.65","394","106","4388.46","4395.59"
"Oct 6, 2021 1:30pm","Oct 6, 2021 1:40pm","SPX","Oct 6, 2021","ironcondor","long put 4,295 / short put 4,300 / short call 4,350 / long call 4,355","1","touch","-89","402","-22.14","98","24.38","0.98","0.75","1.2","1.87","1.6","2.15","402","98","4326.75","4340.82"