Opened,Closed,Symbol,Exp,Type,Legs,Quantity,Status,P/L,Risk,ROR,Premium,Reward/Risk,Open Price,Open Bid Price,Open Ask Price,Close Price,Close Bid Price,Close Ask Price,Max Loss,Max Profit,Price at Open,Price at Close
"Oct 5, 2026 1:30pm","Oct 5, 2026 4:00pm","SPX","Oct 5, 2026","ironcondor","long put 7,750 / short put 7,755 / short call 7,785 / long call 7,790","1","expired","80","420","19.05","80","19.05","0.8","0.7","0.9","0","","","420","80","7772.18","7773.95"
"Oct 2, 2026 1:30pm","Oct 2, 2026 4:00pm","SPX","Oct 2, 2026","ironcondor","long put 7,680 / short put 7,685 / short call 7,735 / long call 7,740","1","expired","100","400","25","100","25","1","0.9","1.1","0","","","400","100","7713.87","7724.38"
"Oct 1, 2026 1:30pm","Oct 1, 2026 4:00pm","SPX","Oct 1, 2026","ironcondor","long put 7,630 / short put 7,635 / short call 7,695 / long call 7,700","1","expired","105","395","26.58","105","26.58","1.05","0.95","1.15","0","","","395","105","7666.04","7667.96"
"Sep 30, 2026 1:30pm","Sep 30, 2026 4:00pm","SPX","Sep 30, 2026","ironcondor","long put 7,670 / short put 7,675 / short call 7,720 / long call 7,725","1","expired","-397","397","-100","103","25.94","1.03","0.9","1.15","5","","","397","103","7698.65","7652.38"
"Sep 29, 2026 1:30pm","Sep 29, 2026 4:00pm","SPX","Sep 29, 2026","ironcondor","long put 7,635 / short put 7,640 / short call 7,680 / long call 7,685","1","expired","107","393","27.23","107","27.23","1.07","0.95","1.2","0","","","393","107","7660.03","7672.57"
"Sep 28, 2026 1:30pm","Sep 28, 2026 4:00pm","SPX","Sep 28, 2026","ironcondor","long put 7,670 / short put 7,675 / short call 7,725 / long call 7,730","1","expired","120","380","31.58","120","31.58","1.2","1.1","1.3","0","","","380","120","7699.51","7684.41"
"Sep 25, 2026 1:30pm","Sep 25, 2026 4:00pm","SPX","Sep 25, 2026","ironcondor","long put 7,715 / short put 7,720 / short call 7,765 / long call 7,770","1","expired","85","415","20.48","85","20.48","0.85","0.75","0.95","0","","","415","85","7742.8","7743.41"
"Sep 24, 2026 1:30pm","Sep 24, 2026 4:00pm","SPX","Sep 24, 2026","ironcondor","long put 7,670 / short put 7,675 / short call 7,730 / long call 7,735","1","expired","95","405","23.46","95","23.46","0.95","0.85","1.05","0","","","405","95","7702.56","7704.13"
"Sep 22, 2026 1:30pm","Sep 22, 2026 4:00pm","SPX","Sep 22, 2026","ironcondor","long put 7,745 / short put 7,750 / short call 7,780 / long call 7,785","1","expired","67","433","15.47","67","15.47","0.67","0.55","0.8","0","","","433","67","7765.41","7764.64"
"Sep 18, 2026 1:30pm","Sep 18, 2026 4:00pm","SPX","Sep 18, 2026","ironcondor","long put 7,605 / short put 7,610 / short call 7,640 / long call 7,645","1","expired","-405","405","-100","95","23.46","0.95","0.85","1.05","5","","","405","95","7624.64","7650.5"
"Sep 16, 2026 1:30pm","Sep 16, 2026 4:00pm","SPX","Sep 16, 2026","ironcondor","long put 7,540 / short put 7,545 / short call 7,670 / long call 7,675","1","expired","135","365","36.99","135","36.99","1.35","1.1","1.6","0","","","365","135","7610.4","7551.81"
"Sep 15, 2026 1:30pm","Sep 15, 2026 4:00pm","SPX","Sep 15, 2026","ironcondor","long put 7,555 / short put 7,560 / short call 7,595 / long call 7,600","1","expired","92","408","22.55","92","22.55","0.92","0.8","1.05","0","","","408","92","7579.62","7585.73"
"Sep 14, 2026 1:30pm","Sep 14, 2026 4:00pm","SPX","Sep 14, 2026","ironcondor","long put 7,615 / short put 7,620 / short call 7,660 / long call 7,665","1","expired","86","412","20.87","88","21.36","0.88","0.75","1","0.02","","","412","88","7639.81","7619.98"
"Sep 10, 2026 1:30pm","Sep 10, 2026 4:00pm","SPX","Sep 10, 2026","ironcondor","long put 7,575 / short put 7,580 / short call 7,620 / long call 7,625","1","expired","90","410","21.95","90","21.95","0.9","0.8","1","0","","","410","90","7599.16","7591.7"
"Sep 9, 2026 1:30pm","Sep 9, 2026 4:00pm","SPX","Sep 9, 2026","ironcondor","long put 7,620 / short put 7,625 / short call 7,660 / long call 7,665","1","expired","85","415","20.48","85","20.48","0.85","0.75","0.95","0","","","415","85","7643.87","7636.36"
"Sep 8, 2026 1:30pm","Sep 8, 2026 4:00pm","SPX","Sep 8, 2026","ironcondor","long put 7,670 / short put 7,675 / short call 7,705 / long call 7,710","1","expired","-68","420","-16.19","80","19.05","0.8","0.7","0.9","1.48","","","420","80","7689.98","7673.52"
"Sep 4, 2026 1:30pm","Sep 4, 2026 4:00pm","SPX","Sep 4, 2026","ironcondor","long put 7,690 / short put 7,695 / short call 7,730 / long call 7,735","1","expired","67","433","15.47","67","15.47","0.67","0.55","0.8","0","","","433","67","7714.13","7718.6"
"Sep 2, 2026 1:30pm","Sep 2, 2026 4:00pm","SPX","Sep 2, 2026","ironcondor","long put 7,640 / short put 7,645 / short call 7,680 / long call 7,685","1","expired","85","415","20.48","85","20.48","0.85","0.75","0.95","0","","","415","85","7663.35","7666.6"
"Sep 1, 2026 1:30pm","Sep 1, 2026 4:00pm","SPX","Sep 1, 2026","ironcondor","long put 7,605 / short put 7,610 / short call 7,650 / long call 7,655","1","expired","94","406","23.15","94","23.15","0.94","0.8","1.1","0","","","406","94","7633.14","7631.47"
"Aug 31, 2026 1:30pm","Aug 31, 2026 4:00pm","SPX","Aug 31, 2026","ironcondor","long put 7,650 / short put 7,655 / short call 7,690 / long call 7,695","1","expired","90","410","21.95","90","21.95","0.9","0.8","1","0","","","410","90","7672.35","7686.14"
"Aug 28, 2026 1:30pm","Aug 28, 2026 4:00pm","SPX","Aug 28, 2026","ironcondor","long put 7,670 / short put 7,675 / short call 7,730 / long call 7,735","1","expired","110","390","28.21","110","28.21","1.1","1","1.2","0","","","390","110","7706.8","7711.76"
"Aug 26, 2026 1:30pm","Aug 26, 2026 4:00pm","SPX","Aug 26, 2026","ironcondor","long put 7,655 / short put 7,660 / short call 7,690 / long call 7,695","1","expired","81","419","19.33","81","19.33","0.81","0.65","0.95","0","","","419","81","7673.94","7675.7"
"Aug 25, 2026 1:30pm","Aug 25, 2026 4:00pm","SPX","Aug 25, 2026","ironcondor","long put 7,645 / short put 7,650 / short call 7,680 / long call 7,685","1","expired","80","420","19.05","80","19.05","0.8","0.7","0.9","0","","","420","80","7665.81","7677.28"
"Aug 24, 2026 1:30pm","Aug 24, 2026 4:00pm","SPX","Aug 24, 2026","ironcondor","long put 7,630 / short put 7,635 / short call 7,665 / long call 7,670","1","expired","108","392","27.55","108","27.55","1.08","0.95","1.2","0","","","392","108","7652.11","7652.86"
"Aug 21, 2026 1:30pm","Aug 21, 2026 4:00pm","SPX","Aug 21, 2026","ironcondor","long put 7,655 / short put 7,660 / short call 7,690 / long call 7,695","1","expired","100","400","25","100","25","1","0.9","1.1","0","","","400","100","7676.89","7674.37"
"Aug 20, 2026 1:30pm","Aug 20, 2026 4:00pm","SPX","Aug 20, 2026","ironcondor","long put 7,640 / short put 7,645 / short call 7,685 / long call 7,690","1","expired","-299","415","-72.05","85","20.48","0.85","0.75","0.95","3.84","","","415","85","7666.09","7641.16"
"Aug 19, 2026 1:30pm","Aug 19, 2026 4:00pm","SPX","Aug 19, 2026","ironcondor","long put 7,690 / short put 7,695 / short call 7,735 / long call 7,740","1","expired","87","413","21.07","87","21.07","0.87","0.75","1","0","","","413","87","7715.34","7707.98"
"Aug 18, 2026 1:30pm","Aug 18, 2026 4:00pm","SPX","Aug 18, 2026","ironcondor","long put 7,680 / short put 7,685 / short call 7,720 / long call 7,725","1","expired","70","430","16.28","70","16.28","0.7","0.6","0.8","0","","","430","70","7703.11","7691.76"
"Aug 17, 2026 1:30pm","Aug 17, 2026 4:00pm","SPX","Aug 17, 2026","ironcondor","long put 7,730 / short put 7,735 / short call 7,770 / long call 7,775","1","expired","100","400","25","100","25","1","0.85","1.15","0","","","400","100","7756.28","7745.06"
"Aug 14, 2026 1:30pm","Aug 14, 2026 4:00pm","SPX","Aug 14, 2026","ironcondor","long put 7,760 / short put 7,765 / short call 7,795 / long call 7,800","1","expired","75","425","17.65","75","17.65","0.75","0.65","0.85","0","","","425","75","7779.12","7785.76"
"Aug 13, 2026 1:30pm","Aug 13, 2026 4:00pm","SPX","Aug 13, 2026","ironcondor","long put 7,775 / short put 7,780 / short call 7,805 / long call 7,810","1","expired","95","405","23.46","95","23.46","0.95","0.85","1.05","0","","","405","95","7794.1","7798.99"
"Aug 12, 2026 1:30pm","Aug 12, 2026 4:00pm","SPX","Aug 12, 2026","ironcondor","long put 7,730 / short put 7,735 / short call 7,765 / long call 7,770","1","expired","82","418","19.62","82","19.62","0.82","0.7","0.95","0","","","418","82","7751.21","7748.5"
"Aug 11, 2026 1:30pm","Aug 11, 2026 4:00pm","SPX","Aug 11, 2026","ironcondor","long put 7,705 / short put 7,710 / short call 7,750 / long call 7,755","1","expired","77","423","18.2","77","18.2","0.77","0.65","0.9","0","","","423","77","7731.93","7728.2"
"Aug 10, 2026 1:30pm","Aug 10, 2026 4:00pm","SPX","Aug 10, 2026","ironcondor","long put 7,730 / short put 7,735 / short call 7,770 / long call 7,775","1","expired","77","423","18.2","77","18.2","0.77","0.65","0.9","0","","","423","77","7754.12","7753.11"
"Aug 7, 2026 1:30pm","Aug 7, 2026 4:00pm","SPX","Aug 7, 2026","ironcondor","long put 7,720 / short put 7,725 / short call 7,760 / long call 7,765","1","expired","107","393","27.23","107","27.23","1.07","0.95","1.2","0","","","393","107","7745.31","7757.64"
"Aug 6, 2026 1:30pm","Aug 6, 2026 4:00pm","SPX","Aug 6, 2026","ironcondor","long put 7,675 / short put 7,680 / short call 7,720 / long call 7,725","1","expired","115","385","29.87","115","29.87","1.15","1.05","1.25","0","","","385","115","7701.65","7709.96"
"Aug 5, 2026 1:30pm","Aug 5, 2026 4:00pm","SPX","Aug 5, 2026","ironcondor","long put 7,705 / short put 7,710 / short call 7,760 / long call 7,765","1","expired","115","385","29.87","115","29.87","1.15","1.05","1.25","0","","","385","115","7737.01","7723.55"
"Jul 31, 2026 1:30pm","Jul 31, 2026 4:00pm","SPX","Jul 31, 2026","ironcondor","long put 7,450 / short put 7,455 / short call 7,510 / long call 7,515","1","expired","100","400","25","100","25","1","0.9","1.1","0","","","400","100","7486.77","7489.72"
"Jul 29, 2026 1:30pm","Jul 29, 2026 4:00pm","SPX","Jul 29, 2026","ironcondor","long put 7,305 / short put 7,310 / short call 7,445 / long call 7,450","1","expired","150","350","42.86","150","42.86","1.5","1.1","1.9","0","","","350","150","7381.16","7316.15"
"Jul 28, 2026 1:30pm","Jul 28, 2026 4:00pm","SPX","Jul 28, 2026","ironcondor","long put 7,410 / short put 7,415 / short call 7,455 / long call 7,460","1","expired","132","368","35.87","132","35.87","1.32","1.2","1.45","0","","","368","132","7436.76","7428.78"
"Jul 27, 2026 1:30pm","Jul 27, 2026 4:00pm","SPX","Jul 27, 2026","ironcondor","long put 7,350 / short put 7,355 / short call 7,415 / long call 7,420","1","expired","115","385","29.87","115","29.87","1.15","1.05","1.25","0","","","385","115","7385.49","7413.18"
"Jul 24, 2026 1:30pm","Jul 24, 2026 4:00pm","SPX","Jul 24, 2026","ironcondor","long put 7,410 / short put 7,415 / short call 7,460 / long call 7,465","1","expired","-197","395","-49.87","105","26.58","1.05","0.95","1.15","3.02","","","395","105","7441.26","7411.98"
"Jul 22, 2026 1:30pm","Jul 22, 2026 4:00pm","SPX","Jul 22, 2026","ironcondor","long put 7,495 / short put 7,500 / short call 7,530 / long call 7,535","1","expired","-9","405","-2.22","95","23.46","0.95","0.85","1.05","1.04","","","405","95","7516.1","7498.96"
"Jul 20, 2026 1:30pm","Jul 20, 2026 4:00pm","SPX","Jul 20, 2026","ironcondor","long put 7,435 / short put 7,440 / short call 7,490 / long call 7,495","1","expired","100","400","25","100","25","1","0.9","1.1","0","","","400","100","7466.86","7443.28"
"Jul 17, 2026 1:30pm","Jul 17, 2026 4:00pm","SPX","Jul 17, 2026","ironcondor","long put 7,460 / short put 7,465 / short call 7,520 / long call 7,525","1","expired","-401","401","-100","99","24.69","0.99","0.85","1.15","5","","","401","99","7494.84","7457.69"
"Jul 16, 2026 1:30pm","Jul 16, 2026 4:00pm","SPX","Jul 16, 2026","ironcondor","long put 7,525 / short put 7,530 / short call 7,570 / long call 7,575","1","expired","125","375","33.33","125","33.33","1.25","1.15","1.35","0","","","375","125","7552.82","7533.77"
"Jul 15, 2026 1:30pm","Jul 15, 2026 4:00pm","SPX","Jul 15, 2026","ironcondor","long put 7,530 / short put 7,535 / short call 7,570 / long call 7,575","1","expired","-135","395","-34.18","105","26.58","1.05","0.95","1.15","2.4","","","395","105","7553.92","7572.4"
"Jul 14, 2026 1:30pm","Jul 14, 2026 4:00pm","SPX","Jul 14, 2026","ironcondor","long put 7,525 / short put 7,530 / short call 7,565 / long call 7,570","1","expired","105","395","26.58","105","26.58","1.05","0.95","1.15","0","","","395","105","7549.52","7543.59"
"Jul 13, 2026 1:30pm","Jul 13, 2026 4:00pm","SPX","Jul 13, 2026","ironcondor","long put 7,495 / short put 7,500 / short call 7,545 / long call 7,550","1","expired","105","395","26.58","105","26.58","1.05","0.95","1.15","0","","","395","105","7523.63","7515.34"
"Jul 10, 2026 1:30pm","Jul 10, 2026 4:00pm","SPX","Jul 10, 2026","ironcondor","long put 7,545 / short put 7,550 / short call 7,580 / long call 7,585","1","expired","83","417","19.9","83","19.9","0.83","0.7","0.95","0","","","417","83","7566.35","7575.39"
"Jul 8, 2026 1:30pm","Jul 8, 2026 4:00pm","SPX","Jul 8, 2026","ironcondor","long put 7,450 / short put 7,455 / short call 7,510 / long call 7,515","1","expired","109","391","27.88","109","27.88","1.09","0.95","1.25","0","","","391","109","7484.56","7482.71"
"Jul 7, 2026 1:30pm","Jul 7, 2026 4:00pm","SPX","Jul 7, 2026","ironcondor","long put 7,490 / short put 7,495 / short call 7,530 / long call 7,535","1","expired","112","388","28.87","112","28.87","1.12","1","1.25","0","","","388","112","7515.87","7503.85"
"Jul 6, 2026 1:30pm","Jul 6, 2026 4:00pm","SPX","Jul 6, 2026","ironcondor","long put 7,510 / short put 7,515 / short call 7,550 / long call 7,555","1","expired","75","425","17.65","75","17.65","0.75","0.65","0.85","0","","","425","75","7534.55","7537.43"
"Jul 2, 2026 1:30pm","Jul 2, 2026 4:00pm","SPX","Jul 2, 2026","ironcondor","long put 7,405 / short put 7,410 / short call 7,470 / long call 7,475","1","expired","-377","377","-100","123","32.63","1.23","1.1","1.35","5","","","377","123","7442.81","7483.24"
"Jul 1, 2026 1:30pm","Jul 1, 2026 4:00pm","SPX","Jul 1, 2026","ironcondor","long put 7,480 / short put 7,485 / short call 7,525 / long call 7,530","1","expired","-97","420","-23.1","80","19.05","0.8","0.7","0.9","1.77","","","420","80","7506.7","7483.23"
"Jun 30, 2026 1:30pm","Jun 30, 2026 4:00pm","SPX","Jun 30, 2026","ironcondor","long put 7,460 / short put 7,465 / short call 7,515 / long call 7,520","1","expired","85","415","20.48","85","20.48","0.85","0.75","0.95","0","","","415","85","7493.2","7499.36"
"Jun 26, 2026 1:30pm","Jun 26, 2026 4:00pm","SPX","Jun 26, 2026","ironcondor","long put 7,340 / short put 7,345 / short call 7,400 / long call 7,405","1","expired","115","385","29.87","115","29.87","1.15","1","1.3","0","","","385","115","7375.15","7354.02"
"Jun 25, 2026 1:30pm","Jun 25, 2026 4:00pm","SPX","Jun 25, 2026","ironcondor","long put 7,320 / short put 7,325 / short call 7,390 / long call 7,395","1","expired","130","370","35.14","130","35.14","1.3","1.15","1.45","0","","","370","130","7360.76","7357.49"
"Jun 24, 2026 1:30pm","Jun 24, 2026 4:00pm","SPX","Jun 24, 2026","ironcondor","long put 7,305 / short put 7,310 / short call 7,385 / long call 7,390","1","expired","125","375","33.33","125","33.33","1.25","1.05","1.45","0","","","375","125","7350.13","7358.22"
"Jun 22, 2026 1:30pm","Jun 22, 2026 4:00pm","SPX","Jun 22, 2026","ironcondor","long put 7,450 / short put 7,455 / short call 7,495 / long call 7,500","1","expired","107","393","27.23","107","27.23","1.07","0.95","1.2","0","","","393","107","7475.81","7472.79"
"Jun 17, 2026 1:30pm","Jun 17, 2026 4:00pm","SPX","Jun 17, 2026","ironcondor","long put 7,445 / short put 7,450 / short call 7,560 / long call 7,565","1","expired","-370","370","-100","130","35.14","1.3","1.1","1.5","5","","","370","130","7507.17","7420.1"
"Jun 16, 2026 1:30pm","Jun 16, 2026 4:00pm","SPX","Jun 16, 2026","ironcondor","long put 7,505 / short put 7,510 / short call 7,550 / long call 7,555","1","expired","92","408","22.55","92","22.55","0.92","0.75","1.1","0","","","408","92","7532.48","7511.35"
"Jun 12, 2026 1:30pm","Jun 12, 2026 4:00pm","SPX","Jun 12, 2026","ironcondor","long put 7,390 / short put 7,395 / short call 7,470 / long call 7,475","1","expired","105","395","26.58","105","26.58","1.05","0.9","1.2","0","","","395","105","7433.68","7431.46"
"Jun 8, 2026 1:30pm","Jun 8, 2026 4:00pm","SPX","Jun 8, 2026","ironcondor","long put 7,395 / short put 7,400 / short call 7,460 / long call 7,465","1","expired","122","378","32.28","122","32.28","1.22","1.1","1.35","0","","","378","122","7433.7","7405.73"
"Jun 4, 2026 1:30pm","Jun 4, 2026 4:00pm","SPX","Jun 4, 2026","ironcondor","long put 7,565 / short put 7,570 / short call 7,600 / long call 7,605","1","expired","90","410","21.95","90","21.95","0.9","0.8","1","0","","","410","90","7585.69","7584.31"
"Jun 3, 2026 1:30pm","Jun 3, 2026 4:00pm","SPX","Jun 3, 2026","ironcondor","long put 7,540 / short put 7,545 / short call 7,580 / long call 7,585","1","expired","100","400","25","100","25","1","0.9","1.1","0","","","400","100","7562.44","7553.68"
"Jun 2, 2026 1:30pm","Jun 2, 2026 4:00pm","SPX","Jun 2, 2026","ironcondor","long put 7,585 / short put 7,590 / short call 7,620 / long call 7,625","1","expired","100","400","25","100","25","1","0.9","1.1","0","","","400","100","7606.19","7609.78"
"Jun 1, 2026 1:30pm","Jun 1, 2026 4:00pm","SPX","Jun 1, 2026","ironcondor","long put 7,575 / short put 7,580 / short call 7,610 / long call 7,615","1","expired","158","342","46.2","158","46.2","1.58","0.65","2.5","0","","","342","158","7600.9","7599.96"
"May 29, 2026 1:30pm","May 29, 2026 4:00pm","SPX","May 29, 2026","ironcondor","long put 7,550 / short put 7,555 / short call 7,605 / long call 7,610","1","expired","98","402","24.38","98","24.38","0.98","0.85","1.1","0","","","402","98","7583.02","7580.06"
"May 28, 2026 1:30pm","May 28, 2026 4:00pm","SPX","May 28, 2026","ironcondor","long put 7,535 / short put 7,540 / short call 7,575 / long call 7,580","1","expired","70","430","16.28","70","16.28","0.7","0.6","0.8","0","","","430","70","7559.89","7563.63"
"May 27, 2026 1:30pm","May 27, 2026 4:00pm","SPX","May 27, 2026","ironcondor","long put 7,480 / short put 7,485 / short call 7,530 / long call 7,535","1","expired","80","420","19.05","80","19.05","0.8","0.7","0.9","0","","","420","80","7509.12","7520.36"
"May 26, 2026 1:30pm","May 26, 2026 4:00pm","SPX","May 26, 2026","ironcondor","long put 7,475 / short put 7,480 / short call 7,525 / long call 7,530","1","expired","97","403","24.07","97","24.07","0.97","0.85","1.1","0","","","403","97","7504.16","7519.12"
"May 21, 2026 1:30pm","May 21, 2026 4:00pm","SPX","May 21, 2026","ironcondor","long put 7,405 / short put 7,410 / short call 7,470 / long call 7,475","1","expired","95","405","23.46","95","23.46","0.95","0.8","1.1","0","","","405","95","7438.72","7445.72"
"May 19, 2026 1:30pm","May 19, 2026 4:00pm","SPX","May 19, 2026","ironcondor","long put 7,355 / short put 7,360 / short call 7,415 / long call 7,420","1","expired","-395","395","-100","105","26.58","1.05","0.9","1.2","5","","","395","105","7388.79","7353.61"
"May 18, 2026 1:30pm","May 18, 2026 4:00pm","SPX","May 18, 2026","ironcondor","long put 7,360 / short put 7,365 / short call 7,420 / long call 7,425","1","expired","106","394","26.9","106","26.9","1.06","0.9","1.2","0","","","394","106","7392.68","7403.05"
"May 15, 2026 1:30pm","May 15, 2026 4:00pm","SPX","May 15, 2026","ironcondor","long put 7,415 / short put 7,420 / short call 7,470 / long call 7,475","1","expired","-390","390","-100","110","28.21","1.1","0.95","1.25","5","","","390","110","7445.7","7408.5"
"May 14, 2026 1:30pm","May 14, 2026 4:00pm","SPX","May 14, 2026","ironcondor","long put 7,460 / short put 7,465 / short call 7,510 / long call 7,515","1","expired","123","377","32.63","123","32.63","1.23","1.1","1.35","0","","","377","123","7490.58","7501.24"
"May 13, 2026 1:30pm","May 13, 2026 4:00pm","SPX","May 13, 2026","ironcondor","long put 7,420 / short put 7,425 / short call 7,465 / long call 7,470","1","expired","77","423","18.2","77","18.2","0.77","0.65","0.9","0","","","423","77","7448","7444.25"
"May 12, 2026 1:30pm","May 12, 2026 4:00pm","SPX","May 12, 2026","ironcondor","long put 7,335 / short put 7,340 / short call 7,390 / long call 7,395","1","expired","-400","400","-100","100","25","1","0.85","1.15","5","","","400","100","7364.17","7400.96"
"May 11, 2026 1:30pm","May 11, 2026 4:00pm","SPX","May 11, 2026","ironcondor","long put 7,395 / short put 7,400 / short call 7,435 / long call 7,440","1","expired","65","435","14.94","65","14.94","0.65","0.55","0.75","0","","","435","65","7419.51","7412.84"
"May 7, 2026 1:30pm","May 7, 2026 4:00pm","SPX","May 7, 2026","ironcondor","long put 7,290 / short put 7,295 / short call 7,355 / long call 7,360","1","expired","110","390","28.21","110","28.21","1.1","0.9","1.3","0","","","390","110","7329.84","7337.11"
"May 4, 2026 1:30pm","May 4, 2026 4:00pm","SPX","May 4, 2026","ironcondor","long put 7,180 / short put 7,185 / short call 7,230 / long call 7,235","1","expired","81","419","19.33","81","19.33","0.81","0.65","0.95","0","","","419","81","7207.99","7200.75"
"May 1, 2026 1:30pm","May 1, 2026 4:00pm","SPX","May 1, 2026","ironcondor","long put 7,230 / short put 7,235 / short call 7,270 / long call 7,275","1","expired","-409","421","-97.15","79","18.76","0.79","0.65","0.95","4.88","","","421","79","7253.12","7230.12"
"Apr 30, 2026 1:30pm","Apr 30, 2026 4:00pm","SPX","Apr 30, 2026","ironcondor","long put 7,150 / short put 7,155 / short call 7,200 / long call 7,205","1","expired","-407","407","-100","93","22.85","0.93","0.8","1.05","5","","","407","93","7181.24","7209.01"
"Apr 29, 2026 1:30pm","Apr 29, 2026 4:00pm","SPX","Apr 29, 2026","ironcondor","long put 7,080 / short put 7,085 / short call 7,155 / long call 7,160","1","expired","115","385","29.87","115","29.87","1.15","1.05","1.25","0","","","385","115","7122.12","7135.95"
"Apr 28, 2026 1:30pm","Apr 28, 2026 4:00pm","SPX","Apr 28, 2026","ironcondor","long put 7,100 / short put 7,105 / short call 7,145 / long call 7,150","1","expired","83","417","19.9","83","19.9","0.83","0.7","0.95","0","","","417","83","7124.71","7138.8"
"Apr 27, 2026 1:30pm","Apr 27, 2026 4:00pm","SPX","Apr 27, 2026","ironcondor","long put 7,145 / short put 7,150 / short call 7,190 / long call 7,195","1","expired","77","423","18.2","77","18.2","0.77","0.6","0.95","0","","","423","77","0","7173.91"
"Apr 24, 2026 1:30pm","Apr 24, 2026 4:00pm","SPX","Apr 24, 2026","ironcondor","long put 7,120 / short put 7,125 / short call 7,175 / long call 7,180","1","expired","68","432","15.74","68","15.74","0.68","0.55","0.8","0","","","432","68","7153.84","7165.08"
"Apr 23, 2026 1:30pm","Apr 23, 2026 4:00pm","SPX","Apr 23, 2026","ironcondor","long put 7,030 / short put 7,035 / short call 7,120 / long call 7,125","1","expired","137","363","37.74","137","37.74","1.37","1.15","1.6","0","","","363","137","7084.17","7108.4"
"Apr 21, 2026 1:30pm","Apr 21, 2026 4:00pm","SPX","Apr 21, 2026","ironcondor","long put 7,035 / short put 7,040 / short call 7,095 / long call 7,100","1","expired","97","403","24.07","97","24.07","0.97","0.85","1.1","0","","","403","97","7069.73","7064.01"
"Apr 20, 2026 1:30pm","Apr 20, 2026 4:00pm","SPX","Apr 20, 2026","ironcondor","long put 7,080 / short put 7,085 / short call 7,125 / long call 7,130","1","expired","82","418","19.62","82","19.62","0.82","0.7","0.95","0","","","418","82","7103.33","7109.14"
"Apr 16, 2026 1:30pm","Apr 16, 2026 4:00pm","SPX","Apr 16, 2026","ironcondor","long put 7,000 / short put 7,005 / short call 7,055 / long call 7,060","1","expired","93","407","22.85","93","22.85","0.93","0.8","1.05","0","","","407","93","7030.77","7041.28"
"Apr 15, 2026 1:30pm","Apr 15, 2026 4:00pm","SPX","Apr 15, 2026","ironcondor","long put 6,970 / short put 6,975 / short call 7,015 / long call 7,020","1","expired","-429","429","-100","71","16.55","0.71","0.6","0.85","5","","","429","71","6997.91","7022.95"
"Apr 13, 2026 1:30pm","Apr 13, 2026 4:00pm","SPX","Apr 13, 2026","ironcondor","long put 6,820 / short put 6,825 / short call 6,870 / long call 6,875","1","expired","-435","435","-100","65","14.94","0.65","0.55","0.75","5","","","435","65","6848.97","6886.24"
"Apr 10, 2026 1:30pm","Apr 10, 2026 4:00pm","SPX","Apr 10, 2026","ironcondor","long put 6,780 / short put 6,785 / short call 6,830 / long call 6,835","1","expired","89","411","21.65","89","21.65","0.89","0.8","1","0","","","411","89","6810.5","6816.89"
"Apr 7, 2026 1:30pm","Apr 7, 2026 4:00pm","SPX","Apr 7, 2026","ironcondor","long put 6,545 / short put 6,550 / short call 6,610 / long call 6,615","1","expired","-392","392","-100","108","27.55","1.08","0.95","1.2","5","","","392","108","0","6616.85"
"Apr 6, 2026 1:30pm","Apr 6, 2026 4:00pm","SPX","Apr 6, 2026","ironcondor","long put 6,560 / short put 6,565 / short call 6,620 / long call 6,625","1","expired","112","388","28.87","112","28.87","1.12","1","1.25","0","","","388","112","6597.97","6611.83"
"Apr 2, 2026 1:30pm","Apr 2, 2026 4:00pm","SPX","Apr 2, 2026","ironcondor","long put 6,530 / short put 6,535 / short call 6,600 / long call 6,605","1","expired","107","393","27.23","107","27.23","1.07","0.9","1.25","0","","","393","107","6570.35","6582.69"
"Mar 30, 2026 1:30pm","Mar 30, 2026 4:00pm","SPX","Mar 30, 2026","ironcondor","long put 6,320 / short put 6,325 / short call 6,390 / long call 6,395","1","expired","121","379","31.93","121","31.93","1.21","1.1","1.35","0","","","379","121","6357.89","6343.72"
"Mar 24, 2026 1:30pm","Mar 24, 2026 4:00pm","SPX","Mar 24, 2026","ironcondor","long put 6,520 / short put 6,525 / short call 6,590 / long call 6,595","1","expired","109","391","27.88","109","27.88","1.09","1","1.2","0","","","391","109","6559.59","6556.37"
"Mar 19, 2026 1:30pm","Mar 19, 2026 4:00pm","SPX","Mar 19, 2026","ironcondor","long put 6,545 / short put 6,550 / short call 6,605 / long call 6,610","1","expired","-35","386","-9.07","114","29.53","1.14","1","1.3","1.49","","","386","114","6579.57","6606.49"
"Mar 18, 2026 1:30pm","Mar 18, 2026 4:00pm","SPX","Mar 18, 2026","ironcondor","long put 6,615 / short put 6,620 / short call 6,715 / long call 6,720","1","expired","117","383","30.55","117","30.55","1.17","1.05","1.3","0","","","383","117","6667.53","6624.7"
"Mar 17, 2026 1:30pm","Mar 17, 2026 4:00pm","SPX","Mar 17, 2026","ironcondor","long put 6,695 / short put 6,700 / short call 6,745 / long call 6,750","1","expired","94","406","23.15","94","23.15","0.94","0.8","1.05","0","","","406","94","6724.64","6716.09"
"Mar 13, 2026 1:30pm","Mar 13, 2026 4:00pm","SPX","Mar 13, 2026","ironcondor","long put 6,615 / short put 6,620 / short call 6,690 / long call 6,695","1","expired","115","385","29.87","115","29.87","1.15","1","1.3","0","","","385","115","6653.7","6632.19"
"Mar 11, 2026 1:30pm","Mar 11, 2026 4:00pm","SPX","Mar 11, 2026","ironcondor","long put 6,735 / short put 6,740 / short call 6,810 / long call 6,815","1","expired","109","391","27.88","109","27.88","1.09","1","1.2","0","","","391","109","6775.91","6775.8"
"Mar 10, 2026 1:30pm","Mar 10, 2026 4:00pm","SPX","Mar 10, 2026","ironcondor","long put 6,810 / short put 6,815 / short call 6,870 / long call 6,875","1","expired","-392","392","-100","108","27.55","1.08","0.95","1.2","5","","","392","108","6844.36","6781.48"
"Mar 9, 2026 1:30pm","Mar 9, 2026 4:00pm","SPX","Mar 9, 2026","ironcondor","long put 6,660 / short put 6,665 / short call 6,735 / long call 6,740","1","expired","-393","393","-100","107","27.23","1.07","0.95","1.2","5","","","393","107","6700.91","6795.99"
"Mar 2, 2026 1:30pm","Mar 2, 2026 4:00pm","SPX","Mar 2, 2026","ironcondor","long put 6,850 / short put 6,855 / short call 6,900 / long call 6,905","1","expired","87","413","21.07","87","21.07","0.87","0.75","1","0","","","413","87","6882.42","6881.62"
"Feb 25, 2026 1:30pm","Feb 25, 2026 4:00pm","SPX","Feb 25, 2026","ironcondor","long put 6,920 / short put 6,925 / short call 6,950 / long call 6,955","1","expired","60","440","13.64","60","13.64","0.6","0.45","0.75","0","","","440","60","6939.85","6946.13"
"Feb 24, 2026 1:30pm","Feb 24, 2026 4:00pm","SPX","Feb 24, 2026","ironcondor","long put 6,860 / short put 6,865 / short call 6,905 / long call 6,910","1","expired","87","413","21.07","87","21.07","0.87","0.75","1","0","","","413","87","6886.49","6890.07"
"Feb 20, 2026 1:30pm","Feb 20, 2026 4:00pm","SPX","Feb 20, 2026","ironcondor","long put 6,835 / short put 6,840 / short call 6,910 / long call 6,915","1","expired","123","377","32.63","123","32.63","1.23","1","1.45","0","","","377","123","6882.9","6909.51"
"Feb 19, 2026 1:30pm","Feb 19, 2026 4:00pm","SPX","Feb 19, 2026","ironcondor","long put 6,805 / short put 6,810 / short call 6,870 / long call 6,875","1","expired","115","385","29.87","115","29.87","1.15","1.05","1.25","0","","","385","115","6841.15","6861.89"
"Feb 17, 2026 1:30pm","Feb 17, 2026 4:00pm","SPX","Feb 17, 2026","ironcondor","long put 6,800 / short put 6,805 / short call 6,870 / long call 6,875","1","expired","120","380","31.58","120","31.58","1.2","1.1","1.3","0","","","380","120","6841.5","6843.22"
"Feb 13, 2026 1:30pm","Feb 13, 2026 4:00pm","SPX","Feb 13, 2026","ironcondor","long put 6,835 / short put 6,840 / short call 6,900 / long call 6,905","1","expired","-268","385","-69.61","115","29.87","1.15","1","1.3","3.83","","","385","115","6872.12","6836.17"
"Feb 11, 2026 1:30pm","Feb 11, 2026 4:00pm","SPX","Feb 11, 2026","ironcondor","long put 6,920 / short put 6,925 / short call 6,970 / long call 6,975","1","expired","90","410","21.95","90","21.95","0.9","0.8","1","0","","","410","90","6948.73","6941.47"
"Feb 10, 2026 1:30pm","Feb 10, 2026 4:00pm","SPX","Feb 10, 2026","ironcondor","long put 6,925 / short put 6,930 / short call 6,975 / long call 6,980","1","expired","102","398","25.63","102","25.63","1.02","0.9","1.15","0","","","398","102","6955.53","6941.81"
"Feb 9, 2026 1:30pm","Feb 9, 2026 4:00pm","SPX","Feb 9, 2026","ironcondor","long put 6,940 / short put 6,945 / short call 6,980 / long call 6,985","1","expired","97","403","24.07","97","24.07","0.97","0.85","1.1","0","","","403","97","6964.21","6964.82"
"Feb 4, 2026 1:30pm","Feb 4, 2026 4:00pm","SPX","Feb 4, 2026","ironcondor","long put 6,825 / short put 6,830 / short call 6,905 / long call 6,910","1","expired","115","385","29.87","115","29.87","1.15","0.95","1.35","0","","","385","115","6870.31","6882.72"
"Feb 2, 2026 1:30pm","Feb 2, 2026 4:00pm","SPX","Feb 2, 2026","ironcondor","long put 6,960 / short put 6,965 / short call 7,000 / long call 7,005","1","expired","62","438","14.16","62","14.16","0.62","0.5","0.75","0","","","438","62","6983.51","6976.44"
"Jan 30, 2026 1:30pm","Jan 30, 2026 4:00pm","SPX","Jan 30, 2026","ironcondor","long put 6,875 / short put 6,880 / short call 6,945 / long call 6,950","1","expired","126","374","33.69","126","33.69","1.26","1.1","1.4","0","","","374","126","6917.16","6939.03"
"Jan 29, 2026 1:30pm","Jan 29, 2026 4:00pm","SPX","Jan 29, 2026","ironcondor","long put 6,900 / short put 6,905 / short call 6,955 / long call 6,960","1","expired","-390","390","-100","110","28.21","1.1","1","1.2","5","","","390","110","6932.82","6969.01"
"Jan 28, 2026 1:30pm","Jan 28, 2026 4:00pm","SPX","Jan 28, 2026","ironcondor","long put 6,930 / short put 6,935 / short call 7,010 / long call 7,015","1","expired","114","386","29.53","114","29.53","1.14","1","1.3","0","","","386","114","6974.81","6978.03"
"Jan 27, 2026 1:30pm","Jan 27, 2026 4:00pm","SPX","Jan 27, 2026","ironcondor","long put 6,960 / short put 6,965 / short call 6,990 / long call 6,995","1","expired","95","405","23.46","95","23.46","0.95","0.85","1.05","0","","","405","95","6981.42","6978.6"
"Jan 26, 2026 1:30pm","Jan 26, 2026 4:00pm","SPX","Jan 26, 2026","ironcondor","long put 6,940 / short put 6,945 / short call 6,975 / long call 6,980","1","expired","65","435","14.94","65","14.94","0.65","0.55","0.75","0","","","435","65","6961.15","6950.23"
"Jan 23, 2026 1:30pm","Jan 23, 2026 4:00pm","SPX","Jan 23, 2026","ironcondor","long put 6,885 / short put 6,890 / short call 6,930 / long call 6,935","1","expired","95","405","23.46","95","23.46","0.95","0.85","1.05","0","","","405","95","6912.67","6915.61"
"Jan 21, 2026 1:30pm","Jan 21, 2026 4:00pm","SPX","Jan 21, 2026","ironcondor","long put 6,795 / short put 6,800 / short call 6,855 / long call 6,860","1","expired","-392","392","-100","108","27.55","1.08","0.95","1.2","5","","","392","108","6828.73","6875.62"
"Jan 16, 2026 1:30pm","Jan 16, 2026 4:00pm","SPX","Jan 16, 2026","ironcondor","long put 6,930 / short put 6,935 / short call 6,970 / long call 6,975","1","expired","72","428","16.82","72","16.82","0.72","0.6","0.85","0","","","428","72","6954.11","6940.01"
"Jan 15, 2026 1:30pm","Jan 15, 2026 4:00pm","SPX","Jan 15, 2026","ironcondor","long put 6,950 / short put 6,955 / short call 6,985 / long call 6,990","1","expired","-407","407","-100","93","22.85","0.93","0.8","1.05","5","","","407","93","6973.78","6944.47"
"Jan 13, 2026 1:30pm","Jan 13, 2026 4:00pm","SPX","Jan 13, 2026","ironcondor","long put 6,930 / short put 6,935 / short call 6,970 / long call 6,975","1","expired","113","387","29.2","113","29.2","1.13","1","1.25","0","","","387","113","6954.62","6963.74"
"Jan 12, 2026 1:30pm","Jan 12, 2026 4:00pm","SPX","Jan 12, 2026","ironcondor","long put 6,960 / short put 6,965 / short call 6,990 / long call 6,995","1","expired","62","438","14.16","62","14.16","0.62","0.5","0.75","0","","","438","62","6976.69","6977.27"
"Jan 9, 2026 1:30pm","Jan 9, 2026 4:00pm","SPX","Jan 9, 2026","ironcondor","long put 6,940 / short put 6,945 / short call 6,980 / long call 6,985","1","expired","59","441","13.38","59","13.38","0.59","0.5","0.7","0","","","441","59","6964.48","6966.28"
"Jan 8, 2026 1:30pm","Jan 8, 2026 4:00pm","SPX","Jan 8, 2026","ironcondor","long put 6,895 / short put 6,900 / short call 6,935 / long call 6,940","1","expired","117","383","30.55","117","30.55","1.17","1.05","1.3","0","","","383","117","6921.04","6921.46"
"Jan 7, 2026 1:30pm","Jan 7, 2026 4:00pm","SPX","Jan 7, 2026","ironcondor","long put 6,925 / short put 6,930 / short call 6,960 / long call 6,965","1","expired","-394","394","-100","106","26.9","1.06","0.95","1.15","5","","","394","106","6947.59","6920.93"
"Jan 6, 2026 1:30pm","Jan 6, 2026 4:00pm","SPX","Jan 6, 2026","ironcondor","long put 6,915 / short put 6,920 / short call 6,945 / long call 6,950","1","expired","70","430","16.28","70","16.28","0.7","0.55","0.85","0","","","430","70","6934.73","6944.82"
"Jan 5, 2026 1:30pm","Jan 5, 2026 4:00pm","SPX","Jan 5, 2026","ironcondor","long put 6,890 / short put 6,895 / short call 6,920 / long call 6,925","1","expired","91","409","22.25","91","22.25","0.91","0.8","1.05","0","","","409","91","6910.11","6902.05"
"Jan 2, 2026 1:30pm","Jan 2, 2026 4:00pm","SPX","Jan 2, 2026","ironcondor","long put 6,810 / short put 6,815 / short call 6,855 / long call 6,860","1","expired","-248","401","-61.85","99","24.69","0.99","0.85","1.1","3.47","","","401","99","6835.93","6858.47"
"Dec 31, 2025 1:30pm","Dec 31, 2025 4:00pm","SPX","Dec 31, 2025","ironcondor","long put 6,860 / short put 6,865 / short call 6,900 / long call 6,905","1","expired","-417","417","-100","83","19.9","0.83","0.7","0.95","5","","","417","83","6880.76","6845.5"
"Dec 30, 2025 1:30pm","Dec 30, 2025 4:00pm","SPX","Dec 30, 2025","ironcondor","long put 6,885 / short put 6,890 / short call 6,920 / long call 6,925","1","expired","56","444","12.61","56","12.61","0.56","0.45","0.65","0","","","444","56","6905.35","6896.24"
"Dec 29, 2025 1:30pm","Dec 29, 2025 4:00pm","SPX","Dec 29, 2025","ironcondor","long put 6,885 / short put 6,890 / short call 6,915 / long call 6,920","1","expired","61","439","13.9","61","13.9","0.61","0.5","0.75","0","","","439","61","6900.98","6905.74"
"Dec 26, 2025 1:30pm","Dec 26, 2025 4:00pm","SPX","Dec 26, 2025","ironcondor","long put 6,910 / short put 6,915 / short call 6,935 / long call 6,940","1","expired","74","426","17.37","74","17.37","0.74","0.65","0.85","0","","","426","74","6925.46","6929.94"
"Dec 23, 2025 1:30pm","Dec 23, 2025 4:00pm","SPX","Dec 23, 2025","ironcondor","long put 6,885 / short put 6,890 / short call 6,915 / long call 6,920","1","expired","56","444","12.61","56","12.61","0.56","0.45","0.65","0","","","444","56","6904.21","6909.79"
"Dec 22, 2025 1:30pm","Dec 22, 2025 4:00pm","SPX","Dec 22, 2025","ironcondor","long put 6,855 / short put 6,860 / short call 6,885 / long call 6,890","1","expired","89","411","21.65","89","21.65","0.89","0.75","1","0","","","411","89","6875.89","6878.49"
"Dec 15, 2025 1:30pm","Dec 15, 2025 4:00pm","SPX","Dec 15, 2025","ironcondor","long put 6,780 / short put 6,785 / short call 6,830 / long call 6,835","1","expired","107","393","27.23","107","27.23","1.07","0.95","1.2","0","","","393","107","6809.05","6816.51"
"Dec 11, 2025 1:30pm","Dec 11, 2025 4:00pm","SPX","Dec 11, 2025","ironcondor","long put 6,860 / short put 6,865 / short call 6,905 / long call 6,910","1","expired","72","428","16.82","72","16.82","0.72","0.6","0.85","0","","","428","72","6887.62","6901"
"Dec 10, 2025 1:30pm","Dec 10, 2025 4:00pm","SPX","Dec 10, 2025","ironcondor","long put 6,775 / short put 6,780 / short call 6,890 / long call 6,895","1","expired","135","365","36.99","135","36.99","1.35","1.1","1.6","0","","","365","135","6839.79","6886.68"
"Dec 9, 2025 1:30pm","Dec 9, 2025 4:00pm","SPX","Dec 9, 2025","ironcondor","long put 6,835 / short put 6,840 / short call 6,865 / long call 6,870","1","expired","96","404","23.76","96","23.76","0.96","0.8","1.1","0","","","404","96","6853.34","6840.51"
"Dec 8, 2025 1:30pm","Dec 8, 2025 4:00pm","SPX","Dec 8, 2025","ironcondor","long put 6,810 / short put 6,815 / short call 6,860 / long call 6,865","1","expired","82","418","19.62","82","19.62","0.82","0.7","0.95","0","","","418","82","6839.82","6846.51"
"Dec 5, 2025 1:30pm","Dec 5, 2025 4:00pm","SPX","Dec 5, 2025","ironcondor","long put 6,850 / short put 6,855 / short call 6,895 / long call 6,900","1","expired","93","407","22.85","93","22.85","0.93","0.8","1.05","0","","","407","93","6877.55","6870.4"
"Dec 4, 2025 1:30pm","Dec 4, 2025 4:00pm","SPX","Dec 4, 2025","ironcondor","long put 6,835 / short put 6,840 / short call 6,875 / long call 6,880","1","expired","102","398","25.63","102","25.63","1.02","0.85","1.2","0","","","398","102","6859.79","6857.12"
"Dec 3, 2025 1:30pm","Dec 3, 2025 4:00pm","SPX","Dec 3, 2025","ironcondor","long put 6,830 / short put 6,835 / short call 6,865 / long call 6,870","1","expired","111","389","28.53","111","28.53","1.11","1","1.2","0","","","389","111","6852.23","6849.72"
"Dec 2, 2025 1:30pm","Dec 2, 2025 4:00pm","SPX","Dec 2, 2025","ironcondor","long put 6,795 / short put 6,800 / short call 6,845 / long call 6,850","1","expired","111","389","28.53","111","28.53","1.11","0.95","1.25","0","","","389","111","6824.22","6829.37"
"Dec 1, 2025 1:30pm","Dec 1, 2025 4:00pm","SPX","Dec 1, 2025","ironcondor","long put 6,815 / short put 6,820 / short call 6,855 / long call 6,860","1","expired","-414","414","-100","86","20.77","0.86","0.75","1","5","","","414","86","6838.21","6812.63"
"Nov 25, 2025 1:30pm","Nov 25, 2025 4:00pm","SPX","Nov 25, 2025","ironcondor","long put 6,725 / short put 6,730 / short call 6,770 / long call 6,775","1","expired","89","411","21.65","89","21.65","0.89","0.75","1","0","","","411","89","6754.52","6765.88"
"Nov 20, 2025 1:30pm","Nov 20, 2025 4:00pm","SPX","Nov 20, 2025","ironcondor","long put 6,545 / short put 6,550 / short call 6,665 / long call 6,670","1","expired","-355","355","-100","145","40.85","1.45","1.1","1.8","5","","","355","145","6610.68","6538.76"
"Nov 19, 2025 1:30pm","Nov 19, 2025 4:00pm","SPX","Nov 19, 2025","ironcondor","long put 6,585 / short put 6,590 / short call 6,660 / long call 6,665","1","expired","130","370","35.14","130","35.14","1.3","1.15","1.45","0","","","370","130","6625.78","6642.16"
"Nov 18, 2025 1:30pm","Nov 18, 2025 4:00pm","SPX","Nov 18, 2025","ironcondor","long put 6,600 / short put 6,605 / short call 6,690 / long call 6,695","1","expired","113","387","29.2","113","29.2","1.13","0.95","1.3","0","","","387","113","6649.58","6617.32"
"Nov 17, 2025 1:30pm","Nov 17, 2025 4:00pm","SPX","Nov 17, 2025","ironcondor","long put 6,660 / short put 6,665 / short call 6,735 / long call 6,740","1","expired","115","385","29.87","115","29.87","1.15","1.05","1.25","0","","","385","115","6703.85","6672.41"
"Nov 14, 2025 1:30pm","Nov 14, 2025 4:00pm","SPX","Nov 14, 2025","ironcondor","long put 6,705 / short put 6,710 / short call 6,780 / long call 6,785","1","expired","124","376","32.98","124","32.98","1.24","1.1","1.35","0","","","376","124","6748.62","6734.11"
"Nov 12, 2025 1:30pm","Nov 12, 2025 4:00pm","SPX","Nov 12, 2025","ironcondor","long put 6,825 / short put 6,830 / short call 6,875 / long call 6,880","1","expired","115","385","29.87","115","29.87","1.15","1.05","1.25","0","","","385","115","6854.59","6850.92"
"Nov 11, 2025 1:30pm","Nov 11, 2025 4:00pm","SPX","Nov 11, 2025","ironcondor","long put 6,825 / short put 6,830 / short call 6,865 / long call 6,870","1","expired","89","411","21.65","89","21.65","0.89","0.8","1","0","","","411","89","6848.34","6846.61"
"Nov 7, 2025 1:30pm","Nov 7, 2025 4:00pm","SPX","Nov 7, 2025","ironcondor","long put 6,635 / short put 6,640 / short call 6,705 / long call 6,710","1","expired","-392","392","-100","108","27.55","1.08","0.95","1.2","5","","","392","108","6672.96","6728.8"
"Nov 3, 2025 1:30pm","Nov 3, 2025 4:00pm","SPX","Nov 3, 2025","ironcondor","long put 6,830 / short put 6,835 / short call 6,875 / long call 6,880","1","expired","85","415","20.48","85","20.48","0.85","0.7","1","0","","","415","85","6857.68","6851.97"
"Oct 31, 2025 1:30pm","Oct 31, 2025 4:00pm","SPX","Oct 31, 2025","ironcondor","long put 6,775 / short put 6,780 / short call 6,850 / long call 6,855","1","expired","133","367","36.24","133","36.24","1.33","1.1","1.55","0","","","367","133","6819.52","6840.2"
"Oct 30, 2025 1:30pm","Oct 30, 2025 4:00pm","SPX","Oct 30, 2025","ironcondor","long put 6,830 / short put 6,835 / short call 6,890 / long call 6,895","1","expired","-402","402","-100","98","24.38","0.98","0.85","1.1","5","","","402","98","6866.61","6822.34"
"Oct 29, 2025 1:30pm","Oct 29, 2025 4:00pm","SPX","Oct 29, 2025","ironcondor","long put 6,845 / short put 6,850 / short call 6,945 / long call 6,950","1","expired","113","387","29.2","113","29.2","1.13","0.95","1.3","0","","","387","113","6902.52","6890.59"
"Oct 28, 2025 1:30pm","Oct 28, 2025 4:00pm","SPX","Oct 28, 2025","ironcondor","long put 6,870 / short put 6,875 / short call 6,905 / long call 6,910","1","expired","96","404","23.76","96","23.76","0.96","0.85","1.1","0","","","404","96","6892.29","6890.89"
"Oct 23, 2025 1:30pm","Oct 23, 2025 4:00pm","SPX","Oct 23, 2025","ironcondor","long put 6,705 / short put 6,710 / short call 6,745 / long call 6,750","1","expired","95","405","23.46","95","23.46","0.95","0.85","1.05","0","","","405","95","6732.19","6738.44"
"Oct 21, 2025 1:30pm","Oct 21, 2025 4:00pm","SPX","Oct 21, 2025","ironcondor","long put 6,710 / short put 6,715 / short call 6,755 / long call 6,760","1","expired","83","417","19.9","83","19.9","0.83","0.65","1","0","","","417","83","6738.07","6735.35"
"Oct 17, 2025 1:30pm","Oct 17, 2025 4:00pm","SPX","Oct 17, 2025","ironcondor","long put 6,580 / short put 6,585 / short call 6,670 / long call 6,675","1","expired","113","387","29.2","113","29.2","1.13","0.95","1.3","0","","","387","113","6633.67","6664.01"
"Oct 16, 2025 1:30pm","Oct 16, 2025 4:00pm","SPX","Oct 16, 2025","ironcondor","long put 6,610 / short put 6,615 / short call 6,690 / long call 6,695","1","expired","135","365","36.99","135","36.99","1.35","1.15","1.55","0","","","365","135","6657.63","6629.07"
"Oct 15, 2025 1:30pm","Oct 15, 2025 4:00pm","SPX","Oct 15, 2025","ironcondor","long put 6,575 / short put 6,580 / short call 6,670 / long call 6,675","1","expired","29","365","7.95","135","36.99","1.35","1.1","1.6","1.06","","","365","135","6630.71","6671.06"
"Oct 14, 2025 1:30pm","Oct 14, 2025 4:00pm","SPX","Oct 14, 2025","ironcondor","long put 6,640 / short put 6,645 / short call 6,700 / long call 6,705","1","expired","19","412","4.61","88","21.36","0.88","0.7","1.05","0.69","","","412","88","6675.67","6644.31"
"Oct 9, 2025 1:30pm","Oct 9, 2025 4:00pm","SPX","Oct 9, 2025","ironcondor","long put 6,690 / short put 6,695 / short call 6,735 / long call 6,740","1","expired","91","398","22.86","102","25.63","1.02","0.85","1.2","0.11","","","398","102","6718.45","6735.11"
"Oct 8, 2025 1:30pm","Oct 8, 2025 4:00pm","SPX","Oct 8, 2025","ironcondor","long put 6,730 / short put 6,735 / short call 6,765 / long call 6,770","1","expired","67","433","15.47","67","15.47","0.67","0.55","0.8","0","","","433","67","6753.36","6753.72"
"Oct 7, 2025 1:30pm","Oct 7, 2025 4:00pm","SPX","Oct 7, 2025","ironcondor","long put 6,690 / short put 6,695 / short call 6,730 / long call 6,735","1","expired","103","397","25.94","103","25.94","1.03","0.9","1.15","0","","","397","103","6713.44","6714.59"
"Oct 6, 2025 1:30pm","Oct 6, 2025 4:00pm","SPX","Oct 6, 2025","ironcondor","long put 6,725 / short put 6,730 / short call 6,760 / long call 6,765","1","expired","72","428","16.82","72","16.82","0.72","0.55","0.9","0","","","428","72","6745.02","6740.28"
"Oct 3, 2025 1:30pm","Oct 3, 2025 4:00pm","SPX","Oct 3, 2025","ironcondor","long put 6,695 / short put 6,700 / short call 6,745 / long call 6,750","1","expired","101","399","25.31","101","25.31","1.01","0.9","1.1","0","","","399","101","6728.09","6715.79"
"Oct 2, 2025 1:30pm","Oct 2, 2025 4:00pm","SPX","Oct 2, 2025","ironcondor","long put 6,690 / short put 6,695 / short call 6,725 / long call 6,730","1","expired","95","405","23.46","95","23.46","0.95","0.8","1.1","0","","","405","95","6710.35","6715.35"
"Oct 1, 2025 1:30pm","Oct 1, 2025 4:00pm","SPX","Oct 1, 2025","ironcondor","long put 6,685 / short put 6,690 / short call 6,720 / long call 6,725","1","expired","74","426","17.37","74","17.37","0.74","0.65","0.85","0","","","426","74","6704.51","6711.2"
"Sep 30, 2025 1:30pm","Sep 30, 2025 4:00pm","SPX","Sep 30, 2025","ironcondor","long put 6,620 / short put 6,625 / short call 6,665 / long call 6,670","1","expired","-365","365","-100","135","36.99","1.35","1.25","1.45","5","","","365","135","6645.93","6688.46"
"Sep 29, 2025 1:30pm","Sep 29, 2025 4:00pm","SPX","Sep 29, 2025","ironcondor","long put 6,630 / short put 6,635 / short call 6,665 / long call 6,670","1","expired","92","408","22.55","92","22.55","0.92","0.8","1.05","0","","","408","92","6650.93","6661.21"
"Sep 26, 2025 1:30pm","Sep 26, 2025 4:00pm","SPX","Sep 26, 2025","ironcondor","long put 6,615 / short put 6,620 / short call 6,655 / long call 6,660","1","expired","100","400","25","100","25","1","0.85","1.15","0","","","400","100","6641.76","6643.7"
"Sep 25, 2025 1:30pm","Sep 25, 2025 4:00pm","SPX","Sep 25, 2025","ironcondor","long put 6,570 / short put 6,575 / short call 6,620 / long call 6,625","1","expired","113","387","29.2","113","29.2","1.13","0.95","1.3","0","","","387","113","6598.78","6604.72"
"Sep 24, 2025 1:30pm","Sep 24, 2025 4:00pm","SPX","Sep 24, 2025","ironcondor","long put 6,615 / short put 6,620 / short call 6,655 / long call 6,660","1","expired","95","405","23.46","95","23.46","0.95","0.85","1.05","0","","","405","95","6639.5","6637.97"
"Sep 23, 2025 1:30pm","Sep 23, 2025 4:00pm","SPX","Sep 23, 2025","ironcondor","long put 6,635 / short put 6,640 / short call 6,680 / long call 6,685","1","expired","125","375","33.33","125","33.33","1.25","1.15","1.35","0","","","375","125","6663.87","6656.92"
"Sep 22, 2025 1:30pm","Sep 22, 2025 4:00pm","SPX","Sep 22, 2025","ironcondor","long put 6,670 / short put 6,675 / short call 6,705 / long call 6,710","1","expired","62","438","14.16","62","14.16","0.62","0.5","0.75","0","","","438","62","6691.55","6693.75"
"Sep 19, 2025 1:30pm","Sep 19, 2025 4:00pm","SPX","Sep 19, 2025","ironcondor","long put 6,630 / short put 6,635 / short call 6,665 / long call 6,670","1","expired","66","434","15.21","66","15.21","0.66","0.5","0.8","0","","","434","66","6651.07","6664.36"
"Sep 18, 2025 1:30pm","Sep 18, 2025 4:00pm","SPX","Sep 18, 2025","ironcondor","long put 6,620 / short put 6,625 / short call 6,655 / long call 6,660","1","expired","104","396","26.26","104","26.26","1.04","0.9","1.15","0","","","396","104","6641.88","6631.96"
"Sep 17, 2025 1:30pm","Sep 17, 2025 4:00pm","SPX","Sep 17, 2025","ironcondor","long put 6,525 / short put 6,530 / short call 6,655 / long call 6,660","1","expired","125","375","33.33","125","33.33","1.25","1","1.5","0","","","375","125","6594.4","6600.35"
"Sep 16, 2025 1:30pm","Sep 16, 2025 4:00pm","SPX","Sep 16, 2025","ironcondor","long put 6,590 / short put 6,595 / short call 6,625 / long call 6,630","1","expired","67","433","15.47","67","15.47","0.67","0.55","0.8","0","","","433","67","6610.67","6606.76"
"Sep 15, 2025 1:30pm","Sep 15, 2025 4:00pm","SPX","Sep 15, 2025","ironcondor","long put 6,580 / short put 6,585 / short call 6,620 / long call 6,625","1","expired","74","426","17.37","74","17.37","0.74","0.65","0.85","0","","","426","74","6606.14","6615.28"
"Sep 12, 2025 1:30pm","Sep 12, 2025 4:00pm","SPX","Sep 12, 2025","ironcondor","long put 6,575 / short put 6,580 / short call 6,600 / long call 6,605","1","expired","84","416","20.19","84","20.19","0.84","0.7","1","0","","","416","84","6590.72","6584.29"
"Sep 11, 2025 1:30pm","Sep 11, 2025 4:00pm","SPX","Sep 11, 2025","ironcondor","long put 6,560 / short put 6,565 / short call 6,595 / long call 6,600","1","expired","78","422","18.48","78","18.48","0.78","0.65","0.9","0","","","422","78","6581.13","6587.47"
"Sep 10, 2025 1:30pm","Sep 10, 2025 4:00pm","SPX","Sep 10, 2025","ironcondor","long put 6,510 / short put 6,515 / short call 6,550 / long call 6,555","1","expired","88","412","21.36","88","21.36","0.88","0.75","1","0","","","412","88","6532.74","6532.04"
"Sep 9, 2025 1:30pm","Sep 9, 2025 4:00pm","SPX","Sep 9, 2025","ironcondor","long put 6,485 / short put 6,490 / short call 6,520 / long call 6,525","1","expired","69","431","16.01","69","16.01","0.69","0.6","0.8","0","","","431","69","6505.8","6512.61"
"Sep 8, 2025 1:30pm","Sep 8, 2025 4:00pm","SPX","Sep 8, 2025","ironcondor","long put 6,475 / short put 6,480 / short call 6,510 / long call 6,515","1","expired","77","423","18.2","77","18.2","0.77","0.6","0.95","0","","","423","77","6495.08","6495.15"
"Sep 5, 2025 1:30pm","Sep 5, 2025 4:00pm","SPX","Sep 5, 2025","ironcondor","long put 6,440 / short put 6,445 / short call 6,490 / long call 6,495","1","expired","82","418","19.62","82","19.62","0.82","0.7","0.95","0","","","418","82","6469.2","6481.5"
"Sep 4, 2025 1:30pm","Sep 4, 2025 4:00pm","SPX","Sep 4, 2025","ironcondor","long put 6,460 / short put 6,465 / short call 6,490 / long call 6,495","1","expired","-416","416","-100","84","20.19","0.84","0.75","0.95","5","","","416","84","6479.49","6502.08"
"Sep 3, 2025 1:30pm","Sep 3, 2025 4:00pm","SPX","Sep 3, 2025","ironcondor","long put 6,410 / short put 6,415 / short call 6,450 / long call 6,455","1","expired","78","422","18.48","78","18.48","0.78","0.65","0.9","0","","","422","78","6433.9","6448.26"
"Aug 28, 2025 1:30pm","Aug 28, 2025 4:00pm","SPX","Aug 28, 2025","ironcondor","long put 6,475 / short put 6,480 / short call 6,510 / long call 6,515","1","expired","73","427","17.1","73","17.1","0.73","0.6","0.85","0","","","427","73","6494.95","6501.86"
"Aug 27, 2025 1:30pm","Aug 27, 2025 4:00pm","SPX","Aug 27, 2025","ironcondor","long put 6,460 / short put 6,465 / short call 6,490 / long call 6,495","1","expired","51","449","11.36","51","11.36","0.51","0.4","0.65","0","","","449","51","6478.17","6481.4"
"Aug 26, 2025 1:30pm","Aug 26, 2025 4:00pm","SPX","Aug 26, 2025","ironcondor","long put 6,430 / short put 6,435 / short call 6,460 / long call 6,465","1","expired","-435","435","-100","65","14.94","0.65","0.5","0.8","5","","","435","65","6448.37","6465.94"
"Aug 25, 2025 1:30pm","Aug 25, 2025 4:00pm","SPX","Aug 25, 2025","ironcondor","long put 6,440 / short put 6,445 / short call 6,470 / long call 6,475","1","expired","-428","428","-100","72","16.82","0.72","0.6","0.85","5","","","428","72","6460.34","6439.32"
"Aug 21, 2025 1:30pm","Aug 21, 2025 4:00pm","SPX","Aug 21, 2025","ironcondor","long put 6,330 / short put 6,335 / short call 6,380 / long call 6,385","1","expired","117","383","30.55","117","30.55","1.17","1.05","1.3","0","","","383","117","6358.01","6370.17"
"Aug 20, 2025 1:30pm","Aug 20, 2025 4:00pm","SPX","Aug 20, 2025","ironcondor","long put 6,355 / short put 6,360 / short call 6,400 / long call 6,405","1","expired","116","384","30.21","116","30.21","1.16","1.05","1.3","0","","","384","116","6380.35","6395.78"
"Aug 19, 2025 1:30pm","Aug 19, 2025 4:00pm","SPX","Aug 19, 2025","ironcondor","long put 6,390 / short put 6,395 / short call 6,430 / long call 6,435","1","expired","83","417","19.9","83","19.9","0.83","0.7","0.95","0","","","417","83","6412.61","6411.37"
"Aug 18, 2025 1:30pm","Aug 18, 2025 4:00pm","SPX","Aug 18, 2025","ironcondor","long put 6,430 / short put 6,435 / short call 6,460 / long call 6,465","1","expired","88","412","21.36","88","21.36","0.88","0.75","1","0","","","412","88","6447.25","6449.15"
"Aug 15, 2025 1:30pm","Aug 15, 2025 4:00pm","SPX","Aug 15, 2025","ironcondor","long put 6,435 / short put 6,440 / short call 6,470 / long call 6,475","1","expired","103","397","25.94","103","25.94","1.03","0.9","1.15","0","","","397","103","6457.96","6449.8"
"Aug 14, 2025 1:30pm","Aug 14, 2025 4:00pm","SPX","Aug 14, 2025","ironcondor","long put 6,445 / short put 6,450 / short call 6,480 / long call 6,485","1","expired","107","393","27.23","107","27.23","1.07","0.95","1.2","0","","","393","107","6467.88","6468.54"
"Aug 13, 2025 1:30pm","Aug 13, 2025 4:00pm","SPX","Aug 13, 2025","ironcondor","long put 6,430 / short put 6,435 / short call 6,470 / long call 6,475","1","expired","69","431","16.01","69","16.01","0.69","0.6","0.8","0","","","431","69","6454.29","6466.58"
"Aug 11, 2025 1:30pm","Aug 11, 2025 4:00pm","SPX","Aug 11, 2025","ironcondor","long put 6,365 / short put 6,370 / short call 6,405 / long call 6,410","1","expired","67","433","15.47","67","15.47","0.67","0.55","0.8","0","","","433","67","6389.6","6373.45"
"Aug 8, 2025 1:30pm","Aug 8, 2025 4:00pm","SPX","Aug 8, 2025","ironcondor","long put 6,360 / short put 6,365 / short call 6,395 / long call 6,400","1","expired","116","384","30.21","116","30.21","1.16","1","1.3","0","","","384","116","6382.52","6389.45"
"Aug 7, 2025 1:30pm","Aug 7, 2025 4:00pm","SPX","Aug 7, 2025","ironcondor","long put 6,285 / short put 6,290 / short call 6,340 / long call 6,345","1","expired","117","383","30.55","117","30.55","1.17","1","1.35","0","","","383","117","6319.46","6340"
"Aug 6, 2025 1:30pm","Aug 6, 2025 4:00pm","SPX","Aug 6, 2025","ironcondor","long put 6,320 / short put 6,325 / short call 6,355 / long call 6,360","1","expired","86","414","20.77","86","20.77","0.86","0.7","1","0","","","414","86","6342.19","6345.06"
"Aug 5, 2025 1:30pm","Aug 5, 2025 4:00pm","SPX","Aug 5, 2025","ironcondor","long put 6,290 / short put 6,295 / short call 6,330 / long call 6,335","1","expired","87","413","21.07","87","21.07","0.87","0.75","1","0","","","413","87","6316.25","6299.19"
"Jul 31, 2025 1:30pm","Jul 31, 2025 4:00pm","SPX","Jul 31, 2025","ironcondor","long put 6,330 / short put 6,335 / short call 6,395 / long call 6,400","1","expired","127","373","34.05","127","34.05","1.27","1.1","1.45","0","","","373","127","6368.03","6339.39"
"Jul 30, 2025 1:30pm","Jul 30, 2025 4:00pm","SPX","Jul 30, 2025","ironcondor","long put 6,340 / short put 6,345 / short call 6,410 / long call 6,415","1","expired","111","389","28.53","111","28.53","1.11","1","1.25","0","","","389","111","6382.46","6362.9"
"Jul 29, 2025 1:30pm","Jul 29, 2025 4:00pm","SPX","Jul 29, 2025","ironcondor","long put 6,365 / short put 6,370 / short call 6,395 / long call 6,400","1","expired","80","420","19.05","80","19.05","0.8","0.6","1","0","","","420","80","6382.47","6370.86"
"Jul 28, 2025 1:30pm","Jul 28, 2025 4:00pm","SPX","Jul 28, 2025","ironcondor","long put 6,360 / short put 6,365 / short call 6,395 / long call 6,400","1","expired","92","408","22.55","92","22.55","0.92","0.8","1.05","0","","","408","92","6383.13","6389.77"
"Jul 25, 2025 1:30pm","Jul 25, 2025 4:00pm","SPX","Jul 25, 2025","ironcondor","long put 6,370 / short put 6,375 / short call 6,405 / long call 6,410","1","expired","55","445","12.36","55","12.36","0.55","0.4","0.7","0","","","445","55","6390.78","6388.64"
"Jul 24, 2025 1:30pm","Jul 24, 2025 4:00pm","SPX","Jul 24, 2025","ironcondor","long put 6,350 / short put 6,355 / short call 6,390 / long call 6,395","1","expired","53","447","11.86","53","11.86","0.53","0.45","0.65","0","","","447","53","6373.99","6363.35"
"Jul 23, 2025 1:30pm","Jul 23, 2025 4:00pm","SPX","Jul 23, 2025","ironcondor","long put 6,320 / short put 6,325 / short call 6,355 / long call 6,360","1","expired","-337","446","-75.56","54","12.11","0.54","0.45","0.65","3.91","","","446","54","6341.62","6358.91"
"Jul 22, 2025 1:30pm","Jul 22, 2025 4:00pm","SPX","Jul 22, 2025","ironcondor","long put 6,290 / short put 6,295 / short call 6,325 / long call 6,330","1","expired","88","412","21.36","88","21.36","0.88","0.75","1","0","","","412","88","6310.87","6309.62"
"Jul 21, 2025 1:30pm","Jul 21, 2025 4:00pm","SPX","Jul 21, 2025","ironcondor","long put 6,315 / short put 6,320 / short call 6,345 / long call 6,350","1","expired","-443","443","-100","57","12.87","0.57","0.45","0.7","5","","","443","57","6334.91","6305.6"
"Jul 18, 2025 1:30pm","Jul 18, 2025 4:00pm","SPX","Jul 18, 2025","ironcondor","long put 6,265 / short put 6,270 / short call 6,305 / long call 6,310","1","expired","75","425","17.65","75","17.65","0.75","0.6","0.9","0","","","425","75","6289.93","6296.79"
"Jul 17, 2025 1:30pm","Jul 17, 2025 4:00pm","SPX","Jul 17, 2025","ironcondor","long put 6,270 / short put 6,275 / short call 6,305 / long call 6,310","1","expired","61","439","13.9","61","13.9","0.61","0.5","0.75","0","","","439","61","6291.32","6297.36"
"Jul 16, 2025 1:30pm","Jul 16, 2025 4:00pm","SPX","Jul 16, 2025","ironcondor","long put 6,225 / short put 6,230 / short call 6,265 / long call 6,270","1","expired","103","397","25.94","103","25.94","1.03","0.85","1.2","0","","","397","103","6251.78","6263.7"
"Jul 15, 2025 1:30pm","Jul 15, 2025 4:00pm","SPX","Jul 15, 2025","ironcondor","long put 6,235 / short put 6,240 / short call 6,275 / long call 6,280","1","expired","82","418","19.62","82","19.62","0.82","0.7","0.95","0","","","418","82","6259.41","6243.76"
"Jul 14, 2025 1:30pm","Jul 14, 2025 4:00pm","SPX","Jul 14, 2025","ironcondor","long put 6,250 / short put 6,255 / short call 6,280 / long call 6,285","1","expired","84","416","20.19","84","20.19","0.84","0.7","0.95","0","","","416","84","6268.87","6268.56"
"Jul 11, 2025 1:30pm","Jul 11, 2025 4:00pm","SPX","Jul 11, 2025","ironcondor","long put 6,240 / short put 6,245 / short call 6,280 / long call 6,285","1","expired","85","415","20.48","85","20.48","0.85","0.7","1","0","","","415","85","6265.49","6259.75"
"Jul 10, 2025 1:30pm","Jul 10, 2025 4:00pm","SPX","Jul 10, 2025","ironcondor","long put 6,260 / short put 6,265 / short call 6,295 / long call 6,300","1","expired","65","435","14.94","65","14.94","0.65","0.45","0.85","0","","","435","65","6282.64","6280.46"
"Jul 9, 2025 1:30pm","Jul 9, 2025 4:00pm","SPX","Jul 9, 2025","ironcondor","long put 6,220 / short put 6,225 / short call 6,260 / long call 6,265","1","expired","-231","405","-57.04","95","23.46","0.95","0.8","1.1","3.26","","","405","95","6245.44","6263.26"
"Jul 8, 2025 1:30pm","Jul 8, 2025 4:00pm","SPX","Jul 8, 2025","ironcondor","long put 6,205 / short put 6,210 / short call 6,245 / long call 6,250","1","expired","113","387","29.2","113","29.2","1.13","1","1.25","0","","","387","113","6230.06","6225.52"
"Jul 2, 2025 1:30pm","Jul 2, 2025 4:00pm","SPX","Jul 2, 2025","ironcondor","long put 6,195 / short put 6,200 / short call 6,230 / long call 6,235","1","expired","85","415","20.48","85","20.48","0.85","0.7","1","0","","","415","85","6217.41","6227.42"
"Jul 1, 2025 1:30pm","Jul 1, 2025 4:00pm","SPX","Jul 1, 2025","ironcondor","long put 6,180 / short put 6,185 / short call 6,220 / long call 6,225","1","expired","91","409","22.25","91","22.25","0.91","0.75","1.05","0","","","409","91","6203.45","6198.01"
"Jun 30, 2025 1:30pm","Jun 30, 2025 4:00pm","SPX","Jun 30, 2025","ironcondor","long put 6,160 / short put 6,165 / short call 6,210 / long call 6,215","1","expired","105","395","26.58","105","26.58","1.05","0.9","1.2","0","","","395","105","6188.02","6204.95"
"Jun 27, 2025 1:30pm","Jun 27, 2025 4:00pm","SPX","Jun 27, 2025","ironcondor","long put 6,155 / short put 6,160 / short call 6,190 / long call 6,195","1","expired","89","411","21.65","89","21.65","0.89","0.75","1.05","0","","","411","89","6177.37","6173.07"
"Jun 26, 2025 1:30pm","Jun 26, 2025 4:00pm","SPX","Jun 26, 2025","ironcondor","long put 6,115 / short put 6,120 / short call 6,150 / long call 6,155","1","expired","55","445","12.36","55","12.36","0.55","0.45","0.65","0","","","445","55","6135.28","6141.02"
"Jun 25, 2025 1:30pm","Jun 25, 2025 4:00pm","SPX","Jun 25, 2025","ironcondor","long put 6,070 / short put 6,075 / short call 6,110 / long call 6,115","1","expired","78","422","18.48","78","18.48","0.78","0.65","0.9","0","","","422","78","6093.78","6092.16"
"Jun 23, 2025 1:30pm","Jun 23, 2025 4:00pm","SPX","Jun 23, 2025","ironcondor","long put 5,960 / short put 5,965 / short call 6,025 / long call 6,030","1","expired","78","405","19.26","95","23.46","0.95","0.75","1.15","0.17","","","405","95","6000.94","6025.17"
"Jun 20, 2025 1:30pm","Jun 20, 2025 4:00pm","SPX","Jun 20, 2025","ironcondor","long put 5,925 / short put 5,930 / short call 5,985 / long call 5,990","1","expired","115","385","29.87","115","29.87","1.15","0.95","1.35","0","","","385","115","5959.66","5967.84"
"Jun 18, 2025 1:30pm","Jun 18, 2025 4:00pm","SPX","Jun 18, 2025","ironcondor","long put 5,935 / short put 5,940 / short call 6,035 / long call 6,040","1","expired","118","382","30.89","118","30.89","1.18","1","1.35","0","","","382","118","5994.76","5980.87"
"Jun 17, 2025 1:30pm","Jun 17, 2025 4:00pm","SPX","Jun 17, 2025","ironcondor","long put 5,960 / short put 5,965 / short call 6,020 / long call 6,025","1","expired","106","394","26.9","106","26.9","1.06","0.95","1.2","0","","","394","106","5996.82","5982.72"
"Jun 13, 2025 1:30pm","Jun 13, 2025 4:00pm","SPX","Jun 13, 2025","ironcondor","long put 5,965 / short put 5,970 / short call 6,030 / long call 6,035","1","expired","98","402","24.38","98","24.38","0.98","0.8","1.15","0","","","402","98","6003.77","5976.97"
"Jun 12, 2025 1:30pm","Jun 12, 2025 4:00pm","SPX","Jun 12, 2025","ironcondor","long put 6,010 / short put 6,015 / short call 6,055 / long call 6,060","1","expired","102","398","25.63","102","25.63","1.02","0.9","1.15","0","","","398","102","6038.01","6045.26"
"Jun 11, 2025 1:30pm","Jun 11, 2025 4:00pm","SPX","Jun 11, 2025","ironcondor","long put 6,025 / short put 6,030 / short call 6,070 / long call 6,075","1","expired","-412","412","-100","88","21.36","0.88","0.7","1.05","5","","","412","88","6052.12","6022.24"
"Jun 10, 2025 1:30pm","Jun 10, 2025 4:00pm","SPX","Jun 10, 2025","ironcondor","long put 6,005 / short put 6,010 / short call 6,045 / long call 6,050","1","expired","88","412","21.36","88","21.36","0.88","0.75","1","0","","","412","88","6027.69","6038.81"
"Jun 9, 2025 1:30pm","Jun 9, 2025 4:00pm","SPX","Jun 9, 2025","ironcondor","long put 5,990 / short put 5,995 / short call 6,035 / long call 6,040","1","expired","100","400","25","100","25","1","0.9","1.1","0","","","400","100","6017.14","6005.88"
"Jun 5, 2025 1:30pm","Jun 5, 2025 4:00pm","SPX","Jun 5, 2025","ironcondor","long put 5,945 / short put 5,950 / short call 5,995 / long call 6,000","1","expired","-408","408","-100","92","22.55","0.92","0.75","1.1","5","","","408","92","5974.62","5939.3"
"Jun 4, 2025 1:30pm","Jun 4, 2025 4:00pm","SPX","Jun 4, 2025","ironcondor","long put 5,960 / short put 5,965 / short call 6,000 / long call 6,005","1","expired","105","395","26.58","105","26.58","1.05","0.9","1.2","0","","","395","105","5983.48","5970.81"
"Jun 3, 2025 1:30pm","Jun 3, 2025 4:00pm","SPX","Jun 3, 2025","ironcondor","long put 5,955 / short put 5,960 / short call 5,995 / long call 6,000","1","expired","90","410","21.95","90","21.95","0.9","0.75","1.05","0","","","410","90","5978.18","5970.37"
"Jun 2, 2025 1:30pm","Jun 2, 2025 4:00pm","SPX","Jun 2, 2025","ironcondor","long put 5,880 / short put 5,885 / short call 5,930 / long call 5,935","1","expired","-406","406","-100","94","23.15","0.94","0.8","1.05","5","","","406","94","5909.1","5935.94"
"May 30, 2025 1:30pm","May 30, 2025 4:00pm","SPX","May 30, 2025","ironcondor","long put 5,830 / short put 5,835 / short call 5,905 / long call 5,910","1","expired","-390","390","-100","110","28.21","1.1","0.95","1.25","5","","","390","110","5869.63","5911.69"
"May 29, 2025 1:30pm","May 29, 2025 4:00pm","SPX","May 29, 2025","ironcondor","long put 5,870 / short put 5,875 / short call 5,930 / long call 5,935","1","expired","121","379","31.93","121","31.93","1.21","1.05","1.35","0","","","379","121","5905.37","5912.17"
"May 28, 2025 1:30pm","May 28, 2025 4:00pm","SPX","May 28, 2025","ironcondor","long put 5,890 / short put 5,895 / short call 5,935 / long call 5,940","1","expired","-410","410","-100","90","21.95","0.9","0.75","1.05","5","","","410","90","5914.26","5888.55"
"May 23, 2025 1:30pm","May 23, 2025 4:00pm","SPX","May 23, 2025","ironcondor","long put 5,785 / short put 5,790 / short call 5,855 / long call 5,860","1","expired","102","398","25.63","102","25.63","1.02","0.9","1.15","0","","","398","102","5823.39","5802.82"
"May 22, 2025 1:30pm","May 22, 2025 4:00pm","SPX","May 22, 2025","ironcondor","long put 5,825 / short put 5,830 / short call 5,885 / long call 5,890","1","expired","114","386","29.53","114","29.53","1.14","1","1.3","0","","","386","114","5858.67","5842.01"
"May 20, 2025 1:30pm","May 20, 2025 4:00pm","SPX","May 20, 2025","ironcondor","long put 5,920 / short put 5,925 / short call 5,970 / long call 5,975","1","expired","75","425","17.65","75","17.65","0.75","0.6","0.9","0","","","425","75","5947.32","5940.46"
"May 19, 2025 1:30pm","May 19, 2025 4:00pm","SPX","May 19, 2025","ironcondor","long put 5,935 / short put 5,940 / short call 5,985 / long call 5,990","1","expired","89","411","21.65","89","21.65","0.89","0.8","1","0","","","411","89","5964.29","5963.6"
"May 16, 2025 1:30pm","May 16, 2025 4:00pm","SPX","May 16, 2025","ironcondor","long put 5,920 / short put 5,925 / short call 5,965 / long call 5,970","1","expired","100","400","25","100","25","1","0.9","1.1","0","","","400","100","5945.3","5958.38"
"May 15, 2025 1:30pm","May 15, 2025 4:00pm","SPX","May 15, 2025","ironcondor","long put 5,890 / short put 5,895 / short call 5,945 / long call 5,950","1","expired","83","417","19.9","83","19.9","0.83","0.7","0.95","0","","","417","83","5922","5916.93"
"May 14, 2025 1:30pm","May 14, 2025 4:00pm","SPX","May 14, 2025","ironcondor","long put 5,845 / short put 5,850 / short call 5,905 / long call 5,910","1","expired","91","409","22.25","91","22.25","0.91","0.8","1.05","0","","","409","91","5879.25","5892.58"
"May 9, 2025 1:30pm","May 9, 2025 4:00pm","SPX","May 9, 2025","ironcondor","long put 5,620 / short put 5,625 / short call 5,685 / long call 5,690","1","expired","87","413","21.07","87","21.07","0.87","0.7","1.05","0","","","413","87","5655.69","5659.91"
"May 7, 2025 1:30pm","May 7, 2025 4:00pm","SPX","May 7, 2025","ironcondor","long put 5,565 / short put 5,570 / short call 5,685 / long call 5,690","1","expired","100","400","25","100","25","1","0.6","1.4","0","","","400","100","5629.98","5631.28"
"May 6, 2025 1:30pm","May 6, 2025 4:00pm","SPX","May 6, 2025","ironcondor","long put 5,580 / short put 5,585 / short call 5,640 / long call 5,645","1","expired","105","395","26.58","105","26.58","1.05","0.9","1.2","0","","","395","105","5613.53","5606.91"
"May 5, 2025 1:30pm","May 5, 2025 4:00pm","SPX","May 5, 2025","ironcondor","long put 5,640 / short put 5,645 / short call 5,690 / long call 5,695","1","expired","95","405","23.46","95","23.46","0.95","0.75","1.15","0","","","405","95","5669.05","5650.38"
"Apr 29, 2025 1:30pm","Apr 29, 2025 4:00pm","SPX","Apr 29, 2025","ironcondor","long put 5,505 / short put 5,510 / short call 5,570 / long call 5,575","1","expired","120","380","31.58","120","31.58","1.2","1.05","1.35","0","","","380","120","5544.05","5560.83"
"Apr 17, 2025 1:30pm","Apr 17, 2025 4:00pm","SPX","Apr 17, 2025","ironcondor","long put 5,240 / short put 5,245 / short call 5,340 / long call 5,345","1","expired","112","388","28.87","112","28.87","1.12","0.9","1.35","0","","","388","112","5293.68","5282.7"
"Apr 14, 2025 1:30pm","Apr 14, 2025 4:00pm","SPX","Apr 14, 2025","ironcondor","long put 5,335 / short put 5,340 / short call 5,445 / long call 5,450","1","expired","120","380","31.58","120","31.58","1.2","0.8","1.6","0","","","380","120","5391.87","5405.97"
"Apr 8, 2025 1:30pm","Apr 8, 2025 4:00pm","SPX","Apr 8, 2025","ironcondor","long put 4,915 / short put 4,920 / short call 5,145 / long call 5,150","1","expired","105","395","26.58","105","26.58","1.05","0.7","1.4","0","","","395","105","5042.58","4982.77"
"Apr 7, 2025 1:30pm","Apr 7, 2025 4:00pm","SPX","Apr 7, 2025","ironcondor","long put 4,945 / short put 4,950 / short call 5,200 / long call 5,205","1","expired","115","385","29.87","115","29.87","1.15","0.7","1.6","0","","","385","115","5073.85","5062.25"
"Apr 1, 2025 1:30pm","Apr 1, 2025 4:00pm","SPX","Apr 1, 2025","ironcondor","long put 5,575 / short put 5,580 / short call 5,645 / long call 5,650","1","expired","102","398","25.63","102","25.63","1.02","0.9","1.1","0","","","398","102","5615.59","5633.07"
"Mar 31, 2025 1:30pm","Mar 31, 2025 4:00pm","SPX","Mar 31, 2025","ironcondor","long put 5,515 / short put 5,520 / short call 5,595 / long call 5,600","1","expired","-374","374","-100","126","33.69","1.26","1.1","1.4","5","","","374","126","5557.28","5611.85"
"Mar 27, 2025 1:30pm","Mar 27, 2025 4:00pm","SPX","Mar 27, 2025","ironcondor","long put 5,655 / short put 5,660 / short call 5,715 / long call 5,720","1","expired","128","372","34.41","128","34.41","1.28","1.1","1.45","0","","","372","128","5690.37","5693.31"
"Mar 25, 2025 1:30pm","Mar 25, 2025 4:00pm","SPX","Mar 25, 2025","ironcondor","long put 5,740 / short put 5,745 / short call 5,785 / long call 5,790","1","expired","106","394","26.9","106","26.9","1.06","0.95","1.15","0","","","394","106","5764.4","5776.65"
"Mar 21, 2025 1:30pm","Mar 21, 2025 4:00pm","SPX","Mar 21, 2025","ironcondor","long put 5,605 / short put 5,610 / short call 5,675 / long call 5,680","1","expired","127","373","34.05","127","34.05","1.27","1.1","1.45","0","","","373","127","5643.67","5667.56"
"Mar 20, 2025 1:30pm","Mar 20, 2025 4:00pm","SPX","Mar 20, 2025","ironcondor","long put 5,615 / short put 5,620 / short call 5,685 / long call 5,690","1","expired","119","381","31.23","119","31.23","1.19","1.05","1.3","0","","","381","119","5652.91","5662.89"
"Mar 19, 2025 1:30pm","Mar 19, 2025 4:00pm","SPX","Mar 19, 2025","ironcondor","long put 5,570 / short put 5,575 / short call 5,695 / long call 5,700","1","expired","125","375","33.33","125","33.33","1.25","1","1.5","0","","","375","125","5640","5675.29"
"Mar 17, 2025 1:30pm","Mar 17, 2025 4:00pm","SPX","Mar 17, 2025","ironcondor","long put 5,630 / short put 5,635 / short call 5,690 / long call 5,695","1","expired","98","402","24.38","98","24.38","0.98","0.8","1.15","0","","","402","98","5664.37","5675.12"
"Mar 7, 2025 1:30pm","Mar 7, 2025 4:00pm","SPX","Mar 7, 2025","ironcondor","long put 5,675 / short put 5,680 / short call 5,790 / long call 5,795","1","expired","135","365","36.99","135","36.99","1.35","1.1","1.6","0","","","365","135","5735.74","5770.2"
"Mar 5, 2025 1:30pm","Mar 5, 2025 4:00pm","SPX","Mar 5, 2025","ironcondor","long put 5,740 / short put 5,745 / short call 5,855 / long call 5,860","1","expired","122","378","32.28","122","32.28","1.22","0.9","1.55","0","","","378","122","5803.94","5842.63"
"Feb 28, 2025 1:30pm","Feb 28, 2025 4:00pm","SPX","Feb 28, 2025","ironcondor","long put 5,810 / short put 5,815 / short call 5,900 / long call 5,905","1","expired","-375","375","-100","125","33.33","1.25","1.1","1.4","5","","","375","125","5859.87","5954.5"
"Feb 27, 2025 1:30pm","Feb 27, 2025 4:00pm","SPX","Feb 27, 2025","ironcondor","long put 5,920 / short put 5,925 / short call 5,990 / long call 5,995","1","expired","-392","392","-100","108","27.55","1.08","0.95","1.2","5","","","392","108","5959.45","5861.57"
"Feb 26, 2025 1:30pm","Feb 26, 2025 4:00pm","SPX","Feb 26, 2025","ironcondor","long put 5,915 / short put 5,920 / short call 5,980 / long call 5,985","1","expired","131","369","35.5","131","35.5","1.31","1.2","1.4","0","","","369","131","5952.91","5956.06"
"Feb 25, 2025 1:30pm","Feb 25, 2025 4:00pm","SPX","Feb 25, 2025","ironcondor","long put 5,910 / short put 5,915 / short call 5,975 / long call 5,980","1","expired","120","380","31.58","120","31.58","1.2","1.05","1.35","0","","","380","120","5950.6","5955.25"
"Feb 24, 2025 1:30pm","Feb 24, 2025 4:00pm","SPX","Feb 24, 2025","ironcondor","long put 6,000 / short put 6,005 / short call 6,045 / long call 6,050","1","expired","-390","390","-100","110","28.21","1.1","0.95","1.25","5","","","390","110","6028.12","5983.25"
"Feb 19, 2025 1:30pm","Feb 19, 2025 4:00pm","SPX","Feb 19, 2025","ironcondor","long put 6,110 / short put 6,115 / short call 6,145 / long call 6,150","1","expired","93","407","22.85","93","22.85","0.93","0.8","1.05","0","","","407","93","6132.06","6144.15"
"Feb 18, 2025 1:30pm","Feb 18, 2025 4:00pm","SPX","Feb 18, 2025","ironcondor","long put 6,090 / short put 6,095 / short call 6,130 / long call 6,135","1","expired","70","430","16.28","70","16.28","0.7","0.6","0.8","0","","","430","70","6114.06","6129.58"
"Feb 14, 2025 1:30pm","Feb 14, 2025 4:00pm","SPX","Feb 14, 2025","ironcondor","long put 6,090 / short put 6,095 / short call 6,130 / long call 6,135","1","expired","99","401","24.69","99","24.69","0.99","0.85","1.1","0","","","401","99","6115.76","6114.63"
"Feb 13, 2025 1:30pm","Feb 13, 2025 4:00pm","SPX","Feb 13, 2025","ironcondor","long put 6,045 / short put 6,050 / short call 6,100 / long call 6,105","1","expired","-382","382","-100","118","30.89","1.18","1.05","1.3","5","","","382","118","6079.66","6115.07"
"Feb 12, 2025 1:30pm","Feb 12, 2025 4:00pm","SPX","Feb 12, 2025","ironcondor","long put 6,025 / short put 6,030 / short call 6,070 / long call 6,075","1","expired","89","411","21.65","89","21.65","0.89","0.75","1.05","0","","","411","89","6053.11","6051.97"
"Feb 11, 2025 1:30pm","Feb 11, 2025 4:00pm","SPX","Feb 11, 2025","ironcondor","long put 6,035 / short put 6,040 / short call 6,070 / long call 6,075","1","expired","113","387","29.2","113","29.2","1.13","1","1.25","0","","","387","113","6058.06","6068.5"
"Feb 10, 2025 1:30pm","Feb 10, 2025 4:00pm","SPX","Feb 10, 2025","ironcondor","long put 6,040 / short put 6,045 / short call 6,080 / long call 6,085","1","expired","89","411","21.65","89","21.65","0.89","0.75","1.05","0","","","411","89","6065.51","6066.44"
"Feb 7, 2025 1:30pm","Feb 7, 2025 4:00pm","SPX","Feb 7, 2025","ironcondor","long put 6,020 / short put 6,025 / short call 6,075 / long call 6,080","1","expired","120","380","31.58","120","31.58","1.2","1.05","1.35","0","","","380","120","6052.7","6025.99"
"Feb 6, 2025 1:30pm","Feb 6, 2025 4:00pm","SPX","Feb 6, 2025","ironcondor","long put 6,050 / short put 6,055 / short call 6,090 / long call 6,095","1","expired","95","405","23.46","95","23.46","0.95","0.8","1.1","0","","","405","95","6075.21","6083.57"
"Feb 5, 2025 1:30pm","Feb 5, 2025 4:00pm","SPX","Feb 5, 2025","ironcondor","long put 6,020 / short put 6,025 / short call 6,060 / long call 6,065","1","expired","-47","399","-11.78","101","25.31","1.01","0.9","1.1","1.48","","","399","101","6044.98","6061.48"
"Feb 4, 2025 1:30pm","Feb 4, 2025 4:00pm","SPX","Feb 4, 2025","ironcondor","long put 6,000 / short put 6,005 / short call 6,050 / long call 6,055","1","expired","93","407","22.85","93","22.85","0.93","0.8","1.05","0","","","407","93","6030.95","6037.88"
"Feb 3, 2025 1:30pm","Feb 3, 2025 4:00pm","SPX","Feb 3, 2025","ironcondor","long put 5,955 / short put 5,960 / short call 6,030 / long call 6,035","1","expired","117","383","30.55","117","30.55","1.17","1","1.35","0","","","383","117","5996.83","5994.57"
"Jan 31, 2025 1:30pm","Jan 31, 2025 4:00pm","SPX","Jan 31, 2025","ironcondor","long put 6,050 / short put 6,055 / short call 6,115 / long call 6,120","1","expired","-394","394","-100","106","26.9","1.06","0.95","1.2","5","","","394","106","6088.36","6040.53"
"Jan 30, 2025 1:30pm","Jan 30, 2025 4:00pm","SPX","Jan 30, 2025","ironcondor","long put 6,030 / short put 6,035 / short call 6,080 / long call 6,085","1","expired","86","414","20.77","86","20.77","0.86","0.7","1","0","","","414","86","6059.95","6071.17"
"Jan 29, 2025 1:30pm","Jan 29, 2025 4:00pm","SPX","Jan 29, 2025","ironcondor","long put 5,990 / short put 5,995 / short call 6,085 / long call 6,090","1","expired","128","372","34.41","128","34.41","1.28","1.1","1.45","0","","","372","128","6043.57","6039.31"
"Jan 24, 2025 1:30pm","Jan 24, 2025 4:00pm","SPX","Jan 24, 2025","ironcondor","long put 6,085 / short put 6,090 / short call 6,120 / long call 6,125","1","expired","98","402","24.38","98","24.38","0.98","0.85","1.1","0","","","402","98","6105.24","6101.24"
"Jan 23, 2025 1:30pm","Jan 23, 2025 4:00pm","SPX","Jan 23, 2025","ironcondor","long put 6,080 / short put 6,085 / short call 6,115 / long call 6,120","1","expired","-321","450","-71.33","50","11.11","0.5","0.4","0.6","3.71","","","450","50","6101.15","6118.71"
"Jan 22, 2025 1:30pm","Jan 22, 2025 4:00pm","SPX","Jan 22, 2025","ironcondor","long put 6,070 / short put 6,075 / short call 6,105 / long call 6,110","1","expired","75","425","17.65","75","17.65","0.75","0.6","0.9","0","","","425","75","6092.12","6086.37"
"Jan 16, 2025 1:30pm","Jan 16, 2025 4:00pm","SPX","Jan 16, 2025","ironcondor","long put 5,915 / short put 5,920 / short call 5,965 / long call 5,970","1","expired","101","399","25.31","101","25.31","1.01","0.9","1.1","0","","","399","101","5943.74","5937.34"
"Jan 14, 2025 1:30pm","Jan 14, 2025 4:00pm","SPX","Jan 14, 2025","ironcondor","long put 5,810 / short put 5,815 / short call 5,865 / long call 5,870","1","expired","119","381","31.23","119","31.23","1.19","1.05","1.35","0","","","381","119","5841.38","5842.91"
"Jan 13, 2025 1:30pm","Jan 13, 2025 4:00pm","SPX","Jan 13, 2025","ironcondor","long put 5,785 / short put 5,790 / short call 5,840 / long call 5,845","1","expired","132","368","35.87","132","35.87","1.32","1.2","1.45","0","","","368","132","5817.94","5836.22"
"Jan 8, 2025 1:30pm","Jan 8, 2025 4:00pm","SPX","Jan 8, 2025","ironcondor","long put 5,875 / short put 5,880 / short call 5,940 / long call 5,945","1","expired","107","393","27.23","107","27.23","1.07","0.95","1.2","0","","","393","107","5914.18","5918.25"
"Jan 7, 2025 1:30pm","Jan 7, 2025 4:00pm","SPX","Jan 7, 2025","ironcondor","long put 5,915 / short put 5,920 / short call 5,970 / long call 5,975","1","expired","-405","405","-100","95","23.46","0.95","0.8","1.1","5","","","405","95","5945.71","5909.03"
"Jan 2, 2025 1:30pm","Jan 2, 2025 4:00pm","SPX","Jan 2, 2025","ironcondor","long put 5,805 / short put 5,810 / short call 5,880 / long call 5,885","1","expired","127","373","34.05","127","34.05","1.27","1.1","1.45","0","","","373","127","5846.58","5868.55"
"Dec 31, 2024 1:30pm","Dec 31, 2024 4:00pm","SPX","Dec 31, 2024","ironcondor","long put 5,835 / short put 5,840 / short call 5,910 / long call 5,915","1","expired","125","375","33.33","125","33.33","1.25","1.1","1.4","0","","","375","125","5874.42","5881.63"
"Dec 30, 2024 1:30pm","Dec 30, 2024 4:00pm","SPX","Dec 30, 2024","ironcondor","long put 5,895 / short put 5,900 / short call 5,960 / long call 5,965","1","expired","112","388","28.87","112","28.87","1.12","0.95","1.3","0","","","388","112","5929.76","5906.94"
"Dec 26, 2024 1:30pm","Dec 26, 2024 4:00pm","SPX","Dec 26, 2024","ironcondor","long put 6,020 / short put 6,025 / short call 6,055 / long call 6,060","1","expired","108","392","27.55","108","27.55","1.08","0.95","1.2","0","","","392","108","6041.79","6037.59"
"Dec 23, 2024 1:30pm","Dec 23, 2024 4:00pm","SPX","Dec 23, 2024","ironcondor","long put 5,930 / short put 5,935 / short call 5,980 / long call 5,985","1","expired","79","421","18.76","79","18.76","0.79","0.65","0.95","0","","","421","79","5957.57","5974.07"
"Dec 19, 2024 1:30pm","Dec 19, 2024 4:00pm","SPX","Dec 19, 2024","ironcondor","long put 5,865 / short put 5,870 / short call 5,930 / long call 5,935","1","expired","-189","397","-47.61","103","25.94","1.03","0.85","1.2","2.92","","","397","103","5902.3","5867.08"
"Dec 18, 2024 1:30pm","Dec 18, 2024 4:00pm","SPX","Dec 18, 2024","ironcondor","long put 6,020 / short put 6,025 / short call 6,090 / long call 6,095","1","expired","-369","369","-100","131","35.5","1.31","1.15","1.45","5","","","369","131","6058.52","5872.16"
"Dec 17, 2024 1:30pm","Dec 17, 2024 4:00pm","SPX","Dec 17, 2024","ironcondor","long put 6,030 / short put 6,035 / short call 6,060 / long call 6,065","1","expired","90","410","21.95","90","21.95","0.9","0.8","1","0","","","410","90","6048.08","6050.61"
"Dec 16, 2024 1:30pm","Dec 16, 2024 4:00pm","SPX","Dec 16, 2024","ironcondor","long put 6,065 / short put 6,070 / short call 6,095 / long call 6,100","1","expired","44","456","9.65","44","9.65","0.44","0.35","0.55","0","","","456","44","6083.5","6074.08"
"Dec 13, 2024 1:30pm","Dec 13, 2024 4:00pm","SPX","Dec 13, 2024","ironcondor","long put 6,030 / short put 6,035 / short call 6,060 / long call 6,065","1","expired","96","404","23.76","96","23.76","0.96","0.85","1.05","0","","","404","96","6047.47","6051.09"
"Dec 12, 2024 1:30pm","Dec 12, 2024 4:00pm","SPX","Dec 12, 2024","ironcondor","long put 6,055 / short put 6,060 / short call 6,085 / long call 6,090","1","expired","-414","414","-100","86","20.77","0.86","0.7","1","5","","","414","86","6073.54","6051.25"
"Dec 10, 2024 1:30pm","Dec 10, 2024 4:00pm","SPX","Dec 10, 2024","ironcondor","long put 6,035 / short put 6,040 / short call 6,065 / long call 6,070","1","expired","-438","438","-100","62","14.16","0.62","0.5","0.75","5","","","438","62","6052.26","6034.91"
"Dec 9, 2024 1:30pm","Dec 9, 2024 4:00pm","SPX","Dec 9, 2024","ironcondor","long put 6,050 / short put 6,055 / short call 6,075 / long call 6,080","1","expired","-141","426","-33.1","74","17.37","0.74","0.65","0.85","2.15","","","426","74","6065.35","6052.85"
"Dec 6, 2024 1:30pm","Dec 6, 2024 4:00pm","SPX","Dec 6, 2024","ironcondor","long put 6,075 / short put 6,080 / short call 6,100 / long call 6,105","1","expired","89","411","21.65","89","21.65","0.89","0.8","1","0","","","411","89","6090.18","6090.27"
"Dec 5, 2024 1:30pm","Dec 5, 2024 4:00pm","SPX","Dec 5, 2024","ironcondor","long put 6,065 / short put 6,070 / short call 6,095 / long call 6,100","1","expired","92","408","22.55","92","22.55","0.92","0.8","1.05","0","","","408","92","6082.88","6075.11"
"Dec 4, 2024 1:30pm","Dec 4, 2024 4:00pm","SPX","Dec 4, 2024","ironcondor","long put 6,045 / short put 6,050 / short call 6,085 / long call 6,090","1","expired","-74","425","-17.41","75","17.65","0.75","0.6","0.9","1.49","","","425","75","6069.26","6086.49"
"Dec 3, 2024 1:30pm","Dec 3, 2024 4:00pm","SPX","Dec 3, 2024","ironcondor","long put 6,030 / short put 6,035 / short call 6,055 / long call 6,060","1","expired","98","402","24.38","98","24.38","0.98","0.85","1.1","0","","","402","98","6045.71","6049.88"
"Dec 2, 2024 1:30pm","Dec 2, 2024 4:00pm","SPX","Dec 2, 2024","ironcondor","long put 6,030 / short put 6,035 / short call 6,060 / long call 6,065","1","expired","59","441","13.38","59","13.38","0.59","0.5","0.7","0","","","441","59","6047.05","6047.15"
"Nov 27, 2024 1:30pm","Nov 27, 2024 4:00pm","SPX","Nov 27, 2024","ironcondor","long put 5,975 / short put 5,980 / short call 6,010 / long call 6,015","1","expired","80","420","19.05","80","19.05","0.8","0.7","0.9","0","","","420","80","5996.37","5998.74"
"Nov 26, 2024 1:30pm","Nov 26, 2024 4:00pm","SPX","Nov 26, 2024","ironcondor","long put 5,990 / short put 5,995 / short call 6,025 / long call 6,030","1","expired","64","436","14.68","64","14.68","0.64","0.55","0.75","0","","","436","64","6010.4","6021.63"
"Nov 25, 2024 1:30pm","Nov 25, 2024 4:00pm","SPX","Nov 25, 2024","ironcondor","long put 5,960 / short put 5,965 / short call 6,000 / long call 6,005","1","expired","84","416","20.19","84","20.19","0.84","0.75","0.95","0","","","416","84","5983.35","5987.37"
"Nov 22, 2024 1:30pm","Nov 22, 2024 4:00pm","SPX","Nov 22, 2024","ironcondor","long put 5,940 / short put 5,945 / short call 5,985 / long call 5,990","1","expired","85","415","20.48","85","20.48","0.85","0.7","1","0","","","415","85","5967.51","5969.34"
"Nov 21, 2024 1:30pm","Nov 21, 2024 4:00pm","SPX","Nov 21, 2024","ironcondor","long put 5,925 / short put 5,930 / short call 5,975 / long call 5,980","1","expired","106","394","26.9","106","26.9","1.06","0.95","1.15","0","","","394","106","5956.53","5948.71"
"Nov 20, 2024 1:30pm","Nov 20, 2024 4:00pm","SPX","Nov 20, 2024","ironcondor","long put 5,865 / short put 5,870 / short call 5,910 / long call 5,915","1","expired","-385","385","-100","115","29.87","1.15","0.95","1.35","5","","","385","115","5889.14","5917.11"
"Nov 19, 2024 1:30pm","Nov 19, 2024 4:00pm","SPX","Nov 19, 2024","ironcondor","long put 5,885 / short put 5,890 / short call 5,925 / long call 5,930","1","expired","71","429","16.55","71","16.55","0.71","0.6","0.8","0","","","429","71","5908.82","5916.98"
"Nov 18, 2024 1:30pm","Nov 18, 2024 4:00pm","SPX","Nov 18, 2024","ironcondor","long put 5,875 / short put 5,880 / short call 5,910 / long call 5,915","1","expired","100","400","25","100","25","1","0.9","1.1","0","","","400","100","5894.58","5893.62"
"Nov 14, 2024 1:30pm","Nov 14, 2024 4:00pm","SPX","Nov 14, 2024","ironcondor","long put 5,940 / short put 5,945 / short call 5,985 / long call 5,990","1","expired","94","406","23.15","94","23.15","0.94","0.8","1.1","0","","","406","94","5966.43","5949.17"
"Nov 13, 2024 1:30pm","Nov 13, 2024 4:00pm","SPX","Nov 13, 2024","ironcondor","long put 5,980 / short put 5,985 / short call 6,015 / long call 6,020","1","expired","86","414","20.77","86","20.77","0.86","0.75","1","0","","","414","86","6003.29","5985.38"
"Nov 12, 2024 1:30pm","Nov 12, 2024 4:00pm","SPX","Nov 12, 2024","ironcondor","long put 5,950 / short put 5,955 / short call 5,990 / long call 5,995","1","expired","102","398","25.63","102","25.63","1.02","0.9","1.15","0","","","398","102","5973.78","5983.99"
"Nov 11, 2024 1:30pm","Nov 11, 2024 4:00pm","SPX","Nov 11, 2024","ironcondor","long put 5,975 / short put 5,980 / short call 6,010 / long call 6,015","1","expired","80","420","19.05","80","19.05","0.8","0.65","0.95","0","","","420","80","5994.38","6001.35"
"Nov 8, 2024 1:30pm","Nov 8, 2024 4:00pm","SPX","Nov 8, 2024","ironcondor","long put 5,980 / short put 5,985 / short call 6,010 / long call 6,015","1","expired","104","396","26.26","104","26.26","1.04","0.95","1.15","0","","","396","104","5998.49","5995.54"
"Nov 7, 2024 1:30pm","Nov 7, 2024 4:00pm","SPX","Nov 7, 2024","ironcondor","long put 5,920 / short put 5,925 / short call 6,000 / long call 6,005","1","expired","113","387","29.2","113","29.2","1.13","0.95","1.3","0","","","387","113","5965.95","5973.1"
"Nov 4, 2024 1:30pm","Nov 4, 2024 4:00pm","SPX","Nov 4, 2024","ironcondor","long put 5,690 / short put 5,695 / short call 5,740 / long call 5,745","1","expired","114","386","29.53","114","29.53","1.14","1","1.25","0","","","386","114","5722.03","5712.69"
"Oct 30, 2024 1:30pm","Oct 30, 2024 4:00pm","SPX","Oct 30, 2024","ironcondor","long put 5,810 / short put 5,815 / short call 5,850 / long call 5,855","1","expired","-58","425","-13.65","75","17.65","0.75","0.6","0.9","1.33","","","425","75","5833.22","5813.67"
"Oct 29, 2024 1:30pm","Oct 29, 2024 4:00pm","SPX","Oct 29, 2024","ironcondor","long put 5,815 / short put 5,820 / short call 5,850 / long call 5,855","1","expired","93","407","22.85","93","22.85","0.93","0.75","1.1","0","","","407","93","5837.66","5832.92"
"Oct 28, 2024 1:30pm","Oct 28, 2024 4:00pm","SPX","Oct 28, 2024","ironcondor","long put 5,805 / short put 5,810 / short call 5,845 / long call 5,850","1","expired","100","400","25","100","25","1","0.85","1.15","0","","","400","100","5831.54","5823.52"
"Oct 25, 2024 1:30pm","Oct 25, 2024 4:00pm","SPX","Oct 25, 2024","ironcondor","long put 5,790 / short put 5,795 / short call 5,845 / long call 5,850","1","expired","88","412","21.36","88","21.36","0.88","0.7","1.05","0","","","412","88","5822.98","5808.12"
"Oct 24, 2024 1:30pm","Oct 24, 2024 4:00pm","SPX","Oct 24, 2024","ironcondor","long put 5,785 / short put 5,790 / short call 5,825 / long call 5,830","1","expired","117","383","30.55","117","30.55","1.17","1.05","1.3","0","","","383","117","5808.45","5809.86"
"Oct 22, 2024 1:30pm","Oct 22, 2024 4:00pm","SPX","Oct 22, 2024","ironcondor","long put 5,825 / short put 5,830 / short call 5,860 / long call 5,865","1","expired","67","433","15.47","67","15.47","0.67","0.55","0.8","0","","","433","67","5845.19","5851.2"
"Oct 21, 2024 1:30pm","Oct 21, 2024 4:00pm","SPX","Oct 21, 2024","ironcondor","long put 5,825 / short put 5,830 / short call 5,860 / long call 5,865","1","expired","82","418","19.62","82","19.62","0.82","0.7","0.95","0","","","418","82","5847.6","5853.98"
"Oct 18, 2024 1:30pm","Oct 18, 2024 4:00pm","SPX","Oct 18, 2024","ironcondor","long put 5,845 / short put 5,850 / short call 5,880 / long call 5,885","1","expired","93","407","22.85","93","22.85","0.93","0.8","1.05","0","","","407","93","5864.73","5864.67"
"Oct 17, 2024 1:30pm","Oct 17, 2024 4:00pm","SPX","Oct 17, 2024","ironcondor","long put 5,840 / short put 5,845 / short call 5,875 / long call 5,880","1","expired","-253","400","-63.25","100","25","1","0.9","1.1","3.53","","","400","100","5861.26","5841.47"
"Oct 16, 2024 1:30pm","Oct 16, 2024 4:00pm","SPX","Oct 16, 2024","ironcondor","long put 5,805 / short put 5,810 / short call 5,845 / long call 5,850","1","expired","92","408","22.55","92","22.55","0.92","0.8","1.05","0","","","408","92","5830.22","5842.47"
"Oct 15, 2024 1:30pm","Oct 15, 2024 4:00pm","SPX","Oct 15, 2024","ironcondor","long put 5,805 / short put 5,810 / short call 5,845 / long call 5,850","1","expired","105","395","26.58","105","26.58","1.05","0.9","1.2","0","","","395","105","5829.6","5815.26"
"Oct 14, 2024 1:30pm","Oct 14, 2024 4:00pm","SPX","Oct 14, 2024","ironcondor","long put 5,835 / short put 5,840 / short call 5,870 / long call 5,875","1","expired","68","432","15.74","68","15.74","0.68","0.55","0.8","0","","","432","68","5857.31","5859.85"
"Oct 11, 2024 1:30pm","Oct 11, 2024 4:00pm","SPX","Oct 11, 2024","ironcondor","long put 5,785 / short put 5,790 / short call 5,825 / long call 5,830","1","expired","91","409","22.25","91","22.25","0.91","0.8","1.05","0","","","409","91","5807.71","5815.03"
"Oct 10, 2024 1:30pm","Oct 10, 2024 4:00pm","SPX","Oct 10, 2024","ironcondor","long put 5,755 / short put 5,760 / short call 5,800 / long call 5,805","1","expired","103","397","25.94","103","25.94","1.03","0.9","1.15","0","","","397","103","5782.92","5780.05"
"Oct 9, 2024 1:30pm","Oct 9, 2024 4:00pm","SPX","Oct 9, 2024","ironcondor","long put 5,755 / short put 5,760 / short call 5,805 / long call 5,810","1","expired","94","406","23.15","94","23.15","0.94","0.85","1.05","0","","","406","94","5784.87","5792.04"
"Oct 8, 2024 1:30pm","Oct 8, 2024 4:00pm","SPX","Oct 8, 2024","ironcondor","long put 5,700 / short put 5,705 / short call 5,750 / long call 5,755","1","expired","-9","396","-2.27","104","26.26","1.04","0.9","1.2","1.13","","","396","104","5733.12","5751.13"
"Oct 7, 2024 1:30pm","Oct 7, 2024 4:00pm","SPX","Oct 7, 2024","ironcondor","long put 5,695 / short put 5,700 / short call 5,740 / long call 5,745","1","expired","-299","393","-76.08","107","27.23","1.07","0.9","1.25","4.06","","","393","107","5724.41","5695.94"
"Oct 4, 2024 1:30pm","Oct 4, 2024 4:00pm","SPX","Oct 4, 2024","ironcondor","long put 5,700 / short put 5,705 / short call 5,750 / long call 5,755","1","expired","15","378","3.97","122","32.28","1.22","1.05","1.4","1.07","","","378","122","5730.79","5751.07"
"Oct 3, 2024 1:30pm","Oct 3, 2024 4:00pm","SPX","Oct 3, 2024","ironcondor","long put 5,650 / short put 5,655 / short call 5,710 / long call 5,715","1","expired","126","374","33.69","126","33.69","1.26","1.1","1.4","0","","","374","126","5686.53","5699.94"
"Oct 2, 2024 1:30pm","Oct 2, 2024 4:00pm","SPX","Oct 2, 2024","ironcondor","long put 5,675 / short put 5,680 / short call 5,730 / long call 5,735","1","expired","102","398","25.63","102","25.63","1.02","0.9","1.15","0","","","398","102","5705.9","5709.54"
"Sep 30, 2024 1:30pm","Sep 30, 2024 4:00pm","SPX","Sep 30, 2024","ironcondor","long put 5,705 / short put 5,710 / short call 5,750 / long call 5,755","1","expired","-395","395","-100","105","26.58","1.05","0.95","1.15","5","","","395","105","5732.01","5762.48"
"Sep 27, 2024 1:30pm","Sep 27, 2024 4:00pm","SPX","Sep 27, 2024","ironcondor","long put 5,715 / short put 5,720 / short call 5,755 / long call 5,760","1","expired","105","395","26.58","105","26.58","1.05","0.9","1.2","0","","","395","105","5739.3","5738.17"
"Sep 26, 2024 1:30pm","Sep 26, 2024 4:00pm","SPX","Sep 26, 2024","ironcondor","long put 5,705 / short put 5,710 / short call 5,750 / long call 5,755","1","expired","80","420","19.05","80","19.05","0.8","0.65","0.95","0","","","420","80","5732.57","5745.37"
"Sep 25, 2024 1:30pm","Sep 25, 2024 4:00pm","SPX","Sep 25, 2024","ironcondor","long put 5,695 / short put 5,700 / short call 5,735 / long call 5,740","1","expired","94","406","23.15","94","23.15","0.94","0.8","1.1","0","","","406","94","5720","5722.26"
"Sep 24, 2024 1:30pm","Sep 24, 2024 4:00pm","SPX","Sep 24, 2024","ironcondor","long put 5,705 / short put 5,710 / short call 5,740 / long call 5,745","1","expired","103","397","25.94","103","25.94","1.03","0.9","1.15","0","","","397","103","5728.6","5732.93"
"Sep 23, 2024 1:30pm","Sep 23, 2024 4:00pm","SPX","Sep 23, 2024","ironcondor","long put 5,685 / short put 5,690 / short call 5,725 / long call 5,730","1","expired","108","392","27.55","108","27.55","1.08","0.95","1.2","0","","","392","108","5710.24","5718.57"
"Sep 20, 2024 1:30pm","Sep 20, 2024 4:00pm","SPX","Sep 20, 2024","ironcondor","long put 5,675 / short put 5,680 / short call 5,725 / long call 5,730","1","expired","89","411","21.65","89","21.65","0.89","0.75","1","0","","","411","89","5704.44","5702.55"
"Sep 18, 2024 1:30pm","Sep 18, 2024 4:00pm","SPX","Sep 18, 2024","ironcondor","long put 5,560 / short put 5,565 / short call 5,705 / long call 5,710","1","expired","150","350","42.86","150","42.86","1.5","1.2","1.8","0","","","350","150","5641.86","5618.26"
"Sep 17, 2024 1:30pm","Sep 17, 2024 4:00pm","SPX","Sep 17, 2024","ironcondor","long put 5,600 / short put 5,605 / short call 5,655 / long call 5,660","1","expired","111","389","28.53","111","28.53","1.11","0.95","1.25","0","","","389","111","5632.55","5634.58"
"Sep 16, 2024 1:30pm","Sep 16, 2024 4:00pm","SPX","Sep 16, 2024","ironcondor","long put 5,600 / short put 5,605 / short call 5,640 / long call 5,645","1","expired","107","393","27.23","107","27.23","1.07","0.95","1.2","0","","","393","107","5621.85","5633.09"
"Sep 13, 2024 1:30pm","Sep 13, 2024 4:00pm","SPX","Sep 13, 2024","ironcondor","long put 5,605 / short put 5,610 / short call 5,655 / long call 5,660","1","expired","88","412","21.36","88","21.36","0.88","0.75","1","0","","","412","88","5633.8","5626.02"
"Sep 12, 2024 1:30pm","Sep 12, 2024 4:00pm","SPX","Sep 12, 2024","ironcondor","long put 5,550 / short put 5,555 / short call 5,610 / long call 5,615","1","expired","102","398","25.63","102","25.63","1.02","0.85","1.2","0","","","398","102","5585.77","5595.76"
"Sep 11, 2024 1:30pm","Sep 11, 2024 4:00pm","SPX","Sep 11, 2024","ironcondor","long put 5,460 / short put 5,465 / short call 5,520 / long call 5,525","1","expired","-385","385","-100","115","29.87","1.15","1","1.3","5","","","385","115","5496.6","5554.13"
"Sep 10, 2024 1:30pm","Sep 10, 2024 4:00pm","SPX","Sep 10, 2024","ironcondor","long put 5,440 / short put 5,445 / short call 5,490 / long call 5,495","1","expired","-375","375","-100","125","33.33","1.25","1.1","1.4","5","","","375","125","5470.72","5495.52"
"Sep 5, 2024 1:30pm","Sep 5, 2024 4:00pm","SPX","Sep 5, 2024","ironcondor","long put 5,455 / short put 5,460 / short call 5,510 / long call 5,515","1","expired","127","373","34.05","127","34.05","1.27","1.15","1.4","0","","","373","127","5486.5","5503.41"
"Sep 4, 2024 1:30pm","Sep 4, 2024 4:00pm","SPX","Sep 4, 2024","ironcondor","long put 5,490 / short put 5,495 / short call 5,545 / long call 5,550","1","expired","107","393","27.23","107","27.23","1.07","0.9","1.25","0","","","393","107","5521.08","5520.07"
"Aug 30, 2024 1:30pm","Aug 30, 2024 4:00pm","SPX","Aug 30, 2024","ironcondor","long put 5,570 / short put 5,575 / short call 5,620 / long call 5,625","1","expired","-380","380","-100","120","31.58","1.2","1.05","1.35","5","","","380","120","5598.93","5648.4"
"Aug 28, 2024 1:30pm","Aug 28, 2024 4:00pm","SPX","Aug 28, 2024","ironcondor","long put 5,565 / short put 5,570 / short call 5,610 / long call 5,615","1","expired","89","411","21.65","89","21.65","0.89","0.8","1","0","","","411","89","5589.78","5592.18"
"Aug 27, 2024 1:30pm","Aug 27, 2024 4:00pm","SPX","Aug 27, 2024","ironcondor","long put 5,605 / short put 5,610 / short call 5,645 / long call 5,650","1","expired","80","420","19.05","80","19.05","0.8","0.7","0.9","0","","","420","80","5628.43","5625.8"
"Aug 26, 2024 1:30pm","Aug 26, 2024 4:00pm","SPX","Aug 26, 2024","ironcondor","long put 5,595 / short put 5,600 / short call 5,640 / long call 5,645","1","expired","103","397","25.94","103","25.94","1.03","0.9","1.15","0","","","397","103","5620.62","5616.84"
"Aug 22, 2024 1:30pm","Aug 22, 2024 4:00pm","SPX","Aug 22, 2024","ironcondor","long put 5,555 / short put 5,560 / short call 5,610 / long call 5,615","1","expired","108","392","27.55","108","27.55","1.08","0.95","1.2","0","","","392","108","5586.33","5570.64"
"Aug 21, 2024 1:30pm","Aug 21, 2024 4:00pm","SPX","Aug 21, 2024","ironcondor","long put 5,585 / short put 5,590 / short call 5,630 / long call 5,635","1","expired","115","385","29.87","115","29.87","1.15","1","1.3","0","","","385","115","5611.42","5620.85"
"Aug 20, 2024 1:30pm","Aug 20, 2024 4:00pm","SPX","Aug 20, 2024","ironcondor","long put 5,565 / short put 5,570 / short call 5,610 / long call 5,615","1","expired","113","387","29.2","113","29.2","1.13","1","1.25","0","","","387","113","5593.31","5597.12"
"Aug 19, 2024 1:30pm","Aug 19, 2024 4:00pm","SPX","Aug 19, 2024","ironcondor","long put 5,560 / short put 5,565 / short call 5,595 / long call 5,600","1","expired","-392","392","-100","108","27.55","1.08","0.95","1.2","5","","","392","108","5583.26","5608.25"
"Aug 16, 2024 1:30pm","Aug 16, 2024 4:00pm","SPX","Aug 16, 2024","ironcondor","long put 5,535 / short put 5,540 / short call 5,575 / long call 5,580","1","expired","95","405","23.46","95","23.46","0.95","0.8","1.1","0","","","405","95","5558.25","5554.25"
"Aug 14, 2024 1:30pm","Aug 14, 2024 4:00pm","SPX","Aug 14, 2024","ironcondor","long put 5,415 / short put 5,420 / short call 5,465 / long call 5,470","1","expired","125","375","33.33","125","33.33","1.25","1.1","1.4","0","","","375","125","5445.77","5455.21"
"Aug 12, 2024 1:30pm","Aug 12, 2024 4:00pm","SPX","Aug 12, 2024","ironcondor","long put 5,310 / short put 5,315 / short call 5,375 / long call 5,380","1","expired","108","392","27.55","108","27.55","1.08","0.9","1.25","0","","","392","108","5348.2","5344.39"
"Aug 9, 2024 1:30pm","Aug 9, 2024 4:00pm","SPX","Aug 9, 2024","ironcondor","long put 5,315 / short put 5,320 / short call 5,385 / long call 5,390","1","expired","118","382","30.89","118","30.89","1.18","1.05","1.3","0","","","382","118","5354.95","5344.16"
"Aug 7, 2024 1:30pm","Aug 7, 2024 4:00pm","SPX","Aug 7, 2024","ironcondor","long put 5,200 / short put 5,205 / short call 5,295 / long call 5,300","1","expired","-365","365","-100","135","36.99","1.35","1.1","1.6","5","","","365","135","5251.5","5199.5"
"Jul 29, 2024 1:30pm","Jul 29, 2024 4:00pm","SPX","Jul 29, 2024","ironcondor","long put 5,435 / short put 5,440 / short call 5,495 / long call 5,500","1","expired","113","387","29.2","113","29.2","1.13","0.95","1.3","0","","","387","113","5470.31","5463.54"
"Jul 25, 2024 1:30pm","Jul 25, 2024 4:00pm","SPX","Jul 25, 2024","ironcondor","long put 5,425 / short put 5,430 / short call 5,495 / long call 5,500","1","expired","-381","381","-100","119","31.23","1.19","1.05","1.3","5","","","381","119","5464.32","5399.22"
"Jul 23, 2024 1:30pm","Jul 23, 2024 4:00pm","SPX","Jul 23, 2024","ironcondor","long put 5,545 / short put 5,550 / short call 5,580 / long call 5,585","1","expired","129","371","34.77","129","34.77","1.29","1.2","1.4","0","","","371","129","5565.73","5555.74"
"Jul 19, 2024 1:30pm","Jul 19, 2024 4:00pm","SPX","Jul 19, 2024","ironcondor","long put 5,470 / short put 5,475 / short call 5,530 / long call 5,535","1","expired","110","390","28.21","110","28.21","1.1","0.9","1.3","0","","","390","110","5503.35","5505"
"Jul 18, 2024 1:30pm","Jul 18, 2024 4:00pm","SPX","Jul 18, 2024","ironcondor","long put 5,535 / short put 5,540 / short call 5,585 / long call 5,590","1","expired","125","375","33.33","125","33.33","1.25","1.1","1.4","0","","","375","125","5561.46","5544.59"
"Jul 16, 2024 1:30pm","Jul 16, 2024 4:00pm","SPX","Jul 16, 2024","ironcondor","long put 5,620 / short put 5,625 / short call 5,665 / long call 5,670","1","expired","-124","404","-30.69","96","23.76","0.96","0.85","1.05","2.2","","","404","96","5645.71","5667.2"
"Jul 15, 2024 1:30pm","Jul 15, 2024 4:00pm","SPX","Jul 15, 2024","ironcondor","long put 5,610 / short put 5,615 / short call 5,655 / long call 5,660","1","expired","109","391","27.88","109","27.88","1.09","0.95","1.25","0","","","391","109","5635.22","5631.22"
"Jul 10, 2024 1:30pm","Jul 10, 2024 4:00pm","SPX","Jul 10, 2024","ironcondor","long put 5,590 / short put 5,595 / short call 5,625 / long call 5,630","1","expired","-417","417","-100","83","19.9","0.83","0.75","0.95","5","","","417","83","5612.72","5633.91"
"Jul 9, 2024 1:30pm","Jul 9, 2024 4:00pm","SPX","Jul 9, 2024","ironcondor","long put 5,555 / short put 5,560 / short call 5,595 / long call 5,600","1","expired","87","413","21.07","87","21.07","0.87","0.75","1","0","","","413","87","5579.38","5576.98"
"Jul 8, 2024 1:30pm","Jul 8, 2024 4:00pm","SPX","Jul 8, 2024","ironcondor","long put 5,550 / short put 5,555 / short call 5,580 / long call 5,585","1","expired","95","405","23.46","95","23.46","0.95","0.85","1.05","0","","","405","95","5568.54","5572.85"
"Jul 5, 2024 1:30pm","Jul 5, 2024 4:00pm","SPX","Jul 5, 2024","ironcondor","long put 5,535 / short put 5,540 / short call 5,570 / long call 5,575","1","expired","88","412","21.36","88","21.36","0.88","0.75","1","0","","","412","88","5558.61","5567.19"
"Jul 2, 2024 1:30pm","Jul 2, 2024 4:00pm","SPX","Jul 2, 2024","ironcondor","long put 5,465 / short put 5,470 / short call 5,500 / long call 5,505","1","expired","-395","395","-100","105","26.58","1.05","0.95","1.15","5","","","395","105","5487.43","5509.01"
"Jul 1, 2024 1:30pm","Jul 1, 2024 4:00pm","SPX","Jul 1, 2024","ironcondor","long put 5,445 / short put 5,450 / short call 5,485 / long call 5,490","1","expired","108","392","27.55","108","27.55","1.08","0.9","1.25","0","","","392","108","5471","5475.09"
"Jun 28, 2024 1:30pm","Jun 28, 2024 4:00pm","SPX","Jun 28, 2024","ironcondor","long put 5,455 / short put 5,460 / short call 5,505 / long call 5,510","1","expired","101","399","25.31","101","25.31","1.01","0.9","1.1","0","","","399","101","5483.5","5460.48"
"Jun 27, 2024 1:30pm","Jun 27, 2024 4:00pm","SPX","Jun 27, 2024","ironcondor","long put 5,465 / short put 5,470 / short call 5,500 / long call 5,505","1","expired","106","394","26.9","106","26.9","1.06","0.9","1.2","0","","","394","106","5484.24","5482.87"
"Jun 26, 2024 1:30pm","Jun 26, 2024 4:00pm","SPX","Jun 26, 2024","ironcondor","long put 5,445 / short put 5,450 / short call 5,480 / long call 5,485","1","expired","116","384","30.21","116","30.21","1.16","1","1.3","0","","","384","116","5466.11","5477.9"
"Jun 25, 2024 1:30pm","Jun 25, 2024 4:00pm","SPX","Jun 25, 2024","ironcondor","long put 5,435 / short put 5,440 / short call 5,470 / long call 5,475","1","expired","101","399","25.31","101","25.31","1.01","0.9","1.1","0","","","399","101","5458","5469.3"
"Jun 24, 2024 1:30pm","Jun 24, 2024 4:00pm","SPX","Jun 24, 2024","ironcondor","long put 5,440 / short put 5,445 / short call 5,480 / long call 5,485","1","expired","113","387","29.2","113","29.2","1.13","1","1.25","0","","","387","113","5463.78","5447.87"
"Jun 21, 2024 1:30pm","Jun 21, 2024 4:00pm","SPX","Jun 21, 2024","ironcondor","long put 5,435 / short put 5,440 / short call 5,480 / long call 5,485","1","expired","110","390","28.21","110","28.21","1.1","1","1.2","0","","","390","110","5462.55","5464.62"
"Jun 20, 2024 1:30pm","Jun 20, 2024 4:00pm","SPX","Jun 20, 2024","ironcondor","long put 5,435 / short put 5,440 / short call 5,485 / long call 5,490","1","expired","120","380","31.58","120","31.58","1.2","1.05","1.35","0","","","380","120","5464.12","5473.17"
"Jun 18, 2024 1:30pm","Jun 18, 2024 4:00pm","SPX","Jun 18, 2024","ironcondor","long put 5,465 / short put 5,470 / short call 5,500 / long call 5,505","1","expired","103","397","25.94","103","25.94","1.03","0.9","1.15","0","","","397","103","5485.1","5487.03"
"Jun 17, 2024 1:30pm","Jun 17, 2024 4:00pm","SPX","Jun 17, 2024","ironcondor","long put 5,445 / short put 5,450 / short call 5,485 / long call 5,490","1","expired","88","412","21.36","88","21.36","0.88","0.8","1","0","","","412","88","5467.92","5473.23"
"Jun 14, 2024 1:30pm","Jun 14, 2024 4:00pm","SPX","Jun 14, 2024","ironcondor","long put 5,400 / short put 5,405 / short call 5,445 / long call 5,450","1","expired","83","417","19.9","83","19.9","0.83","0.7","0.95","0","","","417","83","5426.38","5431.6"
"Jun 13, 2024 1:30pm","Jun 13, 2024 4:00pm","SPX","Jun 13, 2024","ironcondor","long put 5,400 / short put 5,405 / short call 5,440 / long call 5,445","1","expired","123","377","32.63","123","32.63","1.23","1.1","1.35","0","","","377","123","5423.64","5433.74"
"Jun 11, 2024 1:30pm","Jun 11, 2024 4:00pm","SPX","Jun 11, 2024","ironcondor","long put 5,325 / short put 5,330 / short call 5,365 / long call 5,370","1","expired","-404","404","-100","96","23.76","0.96","0.8","1.1","5","","","404","96","5348.56","5375.32"
"Jun 10, 2024 1:30pm","Jun 10, 2024 4:00pm","SPX","Jun 10, 2024","ironcondor","long put 5,325 / short put 5,330 / short call 5,365 / long call 5,370","1","expired","77","423","18.2","77","18.2","0.77","0.65","0.9","0","","","423","77","5349.18","5360.79"
"Jun 7, 2024 1:30pm","Jun 7, 2024 4:00pm","SPX","Jun 7, 2024","ironcondor","long put 5,340 / short put 5,345 / short call 5,385 / long call 5,390","1","expired","101","399","25.31","101","25.31","1.01","0.9","1.1","0","","","399","101","5368.38","5346.99"
"Jun 6, 2024 1:30pm","Jun 6, 2024 4:00pm","SPX","Jun 6, 2024","ironcondor","long put 5,325 / short put 5,330 / short call 5,365 / long call 5,370","1","expired","94","406","23.15","94","23.15","0.94","0.85","1.05","0","","","406","94","5348.88","5352.96"
"Jun 4, 2024 1:30pm","Jun 4, 2024 4:00pm","SPX","Jun 4, 2024","ironcondor","long put 5,250 / short put 5,255 / short call 5,295 / long call 5,300","1","expired","123","377","32.63","123","32.63","1.23","1.05","1.4","0","","","377","123","5276.84","5291.34"
"Jun 3, 2024 1:30pm","Jun 3, 2024 4:00pm","SPX","Jun 3, 2024","ironcondor","long put 5,220 / short put 5,225 / short call 5,280 / long call 5,285","1","expired","-237","397","-59.7","103","25.94","1.03","0.9","1.15","3.4","","","397","103","5253.77","5283.4"
"May 31, 2024 1:30pm","May 31, 2024 4:00pm","SPX","May 31, 2024","ironcondor","long put 5,190 / short put 5,195 / short call 5,235 / long call 5,240","1","expired","-400","400","-100","100","25","1","0.9","1.1","5","","","400","100","5216.09","5277.51"
"May 30, 2024 1:30pm","May 30, 2024 4:00pm","SPX","May 30, 2024","ironcondor","long put 5,235 / short put 5,240 / short call 5,275 / long call 5,280","1","expired","-364","412","-88.35","88","21.36","0.88","0.75","1","4.52","","","412","88","5258.01","5235.48"
"May 29, 2024 1:30pm","May 29, 2024 4:00pm","SPX","May 29, 2024","ironcondor","long put 5,255 / short put 5,260 / short call 5,295 / long call 5,300","1","expired","99","401","24.69","99","24.69","0.99","0.85","1.1","0","","","401","99","5278.32","5266.95"
"May 28, 2024 1:30pm","May 28, 2024 4:00pm","SPX","May 28, 2024","ironcondor","long put 5,285 / short put 5,290 / short call 5,315 / long call 5,320","1","expired","100","400","25","100","25","1","0.85","1.15","0","","","400","100","5304.77","5306.04"
"May 24, 2024 1:30pm","May 24, 2024 4:00pm","SPX","May 24, 2024","ironcondor","long put 5,285 / short put 5,290 / short call 5,320 / long call 5,325","1","expired","88","412","21.36","88","21.36","0.88","0.75","1","0","","","412","88","5305.86","5304.72"
"May 23, 2024 1:30pm","May 23, 2024 4:00pm","SPX","May 23, 2024","ironcondor","long put 5,280 / short put 5,285 / short call 5,325 / long call 5,330","1","expired","-406","406","-100","94","23.15","0.94","0.8","1.1","5","","","406","94","5304.72","5267.84"
"May 22, 2024 1:30pm","May 22, 2024 4:00pm","SPX","May 22, 2024","ironcondor","long put 5,300 / short put 5,305 / short call 5,330 / long call 5,335","1","expired","68","432","15.74","68","15.74","0.68","0.6","0.8","0","","","432","68","5318.59","5307.01"
"May 21, 2024 1:30pm","May 21, 2024 4:00pm","SPX","May 21, 2024","ironcondor","long put 5,295 / short put 5,300 / short call 5,320 / long call 5,325","1","expired","-27","386","-6.99","114","29.53","1.14","1.05","1.25","1.41","","","386","114","5310.77","5321.41"
"May 20, 2024 1:30pm","May 20, 2024 4:00pm","SPX","May 20, 2024","ironcondor","long put 5,295 / short put 5,300 / short call 5,325 / long call 5,330","1","expired","95","405","23.46","95","23.46","0.95","0.85","1.05","0","","","405","95","5313.54","5308.13"
"May 17, 2024 1:30pm","May 17, 2024 4:00pm","SPX","May 17, 2024","ironcondor","long put 5,280 / short put 5,285 / short call 5,310 / long call 5,315","1","expired","80","420","19.05","80","19.05","0.8","0.65","0.95","0","","","420","80","5297.06","5303.27"
"May 16, 2024 1:30pm","May 16, 2024 4:00pm","SPX","May 16, 2024","ironcondor","long put 5,280 / short put 5,285 / short call 5,325 / long call 5,330","1","expired","90","410","21.95","90","21.95","0.9","0.75","1.05","0","","","410","90","5308.36","5297.1"
"May 14, 2024 1:30pm","May 14, 2024 4:00pm","SPX","May 14, 2024","ironcondor","long put 5,205 / short put 5,210 / short call 5,235 / long call 5,240","1","expired","-415","415","-100","85","20.48","0.85","0.75","0.95","5","","","415","85","5222.66","5246.68"
"May 13, 2024 1:30pm","May 13, 2024 4:00pm","SPX","May 13, 2024","ironcondor","long put 5,200 / short put 5,205 / short call 5,235 / long call 5,240","1","expired","80","420","19.05","80","19.05","0.8","0.65","0.95","0","","","420","80","5221.49","5221.42"
"May 10, 2024 1:30pm","May 10, 2024 4:00pm","SPX","May 10, 2024","ironcondor","long put 5,195 / short put 5,200 / short call 5,225 / long call 5,230","1","expired","111","389","28.53","111","28.53","1.11","1","1.2","0","","","389","111","5214.12","5222.68"
"May 9, 2024 1:30pm","May 9, 2024 4:00pm","SPX","May 9, 2024","ironcondor","long put 5,190 / short put 5,195 / short call 5,220 / long call 5,225","1","expired","100","400","25","100","25","1","0.9","1.1","0","","","400","100","5208.55","5214.08"
"May 8, 2024 1:30pm","May 8, 2024 4:00pm","SPX","May 8, 2024","ironcondor","long put 5,155 / short put 5,160 / short call 5,190 / long call 5,195","1","expired","109","391","27.88","109","27.88","1.09","0.95","1.2","0","","","391","109","5177.76","5187.67"
"May 7, 2024 1:30pm","May 7, 2024 4:00pm","SPX","May 7, 2024","ironcondor","long put 5,180 / short put 5,185 / short call 5,210 / long call 5,215","1","expired","117","383","30.55","117","30.55","1.17","1.05","1.3","0","","","383","117","5198.74","5187.7"
"May 6, 2024 1:30pm","May 6, 2024 4:00pm","SPX","May 6, 2024","ironcondor","long put 5,140 / short put 5,145 / short call 5,175 / long call 5,180","1","expired","-412","412","-100","88","21.36","0.88","0.75","1","5","","","412","88","5160.76","5180.74"
"May 2, 2024 1:30pm","May 2, 2024 4:00pm","SPX","May 2, 2024","ironcondor","long put 5,025 / short put 5,030 / short call 5,080 / long call 5,085","1","expired","100","400","25","100","25","1","0.9","1.1","0","","","400","100","5055.71","5064.2"
"May 1, 2024 1:30pm","May 1, 2024 4:00pm","SPX","May 1, 2024","ironcondor","long put 4,965 / short put 4,970 / short call 5,075 / long call 5,080","1","expired","137","363","37.74","137","37.74","1.37","1.2","1.55","0","","","363","137","5021.96","5018.39"
"Apr 29, 2024 1:30pm","Apr 29, 2024 4:00pm","SPX","Apr 29, 2024","ironcondor","long put 5,100 / short put 5,105 / short call 5,135 / long call 5,140","1","expired","90","410","21.95","90","21.95","0.9","0.75","1.05","0","","","410","90","5119.55","5116.17"
"Apr 24, 2024 1:30pm","Apr 24, 2024 4:00pm","SPX","Apr 24, 2024","ironcondor","long put 5,040 / short put 5,045 / short call 5,085 / long call 5,090","1","expired","110","390","28.21","110","28.21","1.1","0.95","1.25","0","","","390","110","5067.09","5071.63"
"Apr 19, 2024 1:30pm","Apr 19, 2024 4:00pm","SPX","Apr 19, 2024","ironcondor","long put 4,945 / short put 4,950 / short call 5,010 / long call 5,015","1","expired","112","388","28.87","112","28.87","1.12","0.95","1.3","0","","","388","112","4980.72","4967.23"
"Apr 18, 2024 1:30pm","Apr 18, 2024 4:00pm","SPX","Apr 18, 2024","ironcondor","long put 4,985 / short put 4,990 / short call 5,045 / long call 5,050","1","expired","124","376","32.98","124","32.98","1.24","1.1","1.35","0","","","376","124","5017.63","5011.12"
"Apr 17, 2024 1:30pm","Apr 17, 2024 4:00pm","SPX","Apr 17, 2024","ironcondor","long put 5,000 / short put 5,005 / short call 5,060 / long call 5,065","1","expired","128","372","34.41","128","34.41","1.28","1.15","1.4","0","","","372","128","5032.95","5022.21"
"Apr 16, 2024 1:30pm","Apr 16, 2024 4:00pm","SPX","Apr 16, 2024","ironcondor","long put 5,015 / short put 5,020 / short call 5,095 / long call 5,100","1","expired","129","371","34.77","129","34.77","1.29","1.1","1.5","0","","","371","129","5058.93","5051.41"
"Apr 11, 2024 1:30pm","Apr 11, 2024 4:00pm","SPX","Apr 11, 2024","ironcondor","long put 5,160 / short put 5,165 / short call 5,215 / long call 5,220","1","expired","101","399","25.31","101","25.31","1.01","0.9","1.15","0","","","399","101","5192.61","5199.06"
"Apr 9, 2024 1:30pm","Apr 9, 2024 4:00pm","SPX","Apr 9, 2024","ironcondor","long put 5,160 / short put 5,165 / short call 5,205 / long call 5,210","1","expired","-372","381","-97.64","119","31.23","1.19","1.05","1.35","4.91","","","381","119","5188.61","5209.91"
"Apr 8, 2024 1:30pm","Apr 8, 2024 4:00pm","SPX","Apr 8, 2024","ironcondor","long put 5,185 / short put 5,190 / short call 5,225 / long call 5,230","1","expired","88","412","21.36","88","21.36","0.88","0.8","1","0","","","412","88","5210.5","5202.39"
"Apr 4, 2024 1:30pm","Apr 4, 2024 4:00pm","SPX","Apr 4, 2024","ironcondor","long put 5,230 / short put 5,235 / short call 5,265 / long call 5,270","1","expired","-431","431","-100","69","16.01","0.69","0.6","0.8","5","","","431","69","5249.75","5147.21"
"Apr 3, 2024 1:30pm","Apr 3, 2024 4:00pm","SPX","Apr 3, 2024","ironcondor","long put 5,205 / short put 5,210 / short call 5,240 / long call 5,245","1","expired","71","429","16.55","71","16.55","0.71","0.6","0.85","0","","","429","71","5224.8","5211.49"
"Apr 1, 2024 1:30pm","Apr 1, 2024 4:00pm","SPX","Apr 1, 2024","ironcondor","long put 5,215 / short put 5,220 / short call 5,250 / long call 5,255","1","expired","85","415","20.48","85","20.48","0.85","0.75","0.95","0","","","415","85","5235.09","5243.77"
"Mar 28, 2024 1:30pm","Mar 28, 2024 4:00pm","SPX","Mar 28, 2024","ironcondor","long put 5,225 / short put 5,230 / short call 5,265 / long call 5,270","1","expired","85","415","20.48","85","20.48","0.85","0.75","0.95","0","","","415","85","5250.11","5254.35"
"Mar 27, 2024 1:30pm","Mar 27, 2024 4:00pm","SPX","Mar 27, 2024","ironcondor","long put 5,205 / short put 5,210 / short call 5,235 / long call 5,240","1","expired","-400","400","-100","100","25","1","0.85","1.15","5","","","400","100","5222.3","5248.49"
"Mar 26, 2024 1:30pm","Mar 26, 2024 4:00pm","SPX","Mar 26, 2024","ironcondor","long put 5,210 / short put 5,215 / short call 5,240 / long call 5,245","1","expired","-441","441","-100","59","13.38","0.59","0.5","0.7","5","","","441","59","5228.45","5203.58"
"Mar 25, 2024 1:30pm","Mar 25, 2024 4:00pm","SPX","Mar 25, 2024","ironcondor","long put 5,210 / short put 5,215 / short call 5,235 / long call 5,240","1","expired","117","383","30.55","117","30.55","1.17","1.05","1.3","0","","","383","117","5225.27","5218.19"
"Mar 22, 2024 1:30pm","Mar 22, 2024 4:00pm","SPX","Mar 22, 2024","ironcondor","long put 5,220 / short put 5,225 / short call 5,255 / long call 5,260","1","expired","71","429","16.55","71","16.55","0.71","0.6","0.8","0","","","429","71","5240.56","5234.18"
"Mar 21, 2024 1:30pm","Mar 21, 2024 4:00pm","SPX","Mar 21, 2024","ironcondor","long put 5,230 / short put 5,235 / short call 5,270 / long call 5,275","1","expired","71","429","16.55","71","16.55","0.71","0.6","0.85","0","","","429","71","5254.42","5241.53"
"Mar 20, 2024 1:30pm","Mar 20, 2024 4:00pm","SPX","Mar 20, 2024","ironcondor","long put 5,120 / short put 5,125 / short call 5,220 / long call 5,225","1","expired","-320","358","-89.39","142","39.66","1.42","1.2","1.65","4.62","","","358","142","5174.6","5224.62"
"Mar 19, 2024 1:30pm","Mar 19, 2024 4:00pm","SPX","Mar 19, 2024","ironcondor","long put 5,145 / short put 5,150 / short call 5,185 / long call 5,190","1","expired","89","411","21.65","89","21.65","0.89","0.75","1","0","","","411","89","5169.48","5178.51"
"Mar 15, 2024 1:30pm","Mar 15, 2024 4:00pm","SPX","Mar 15, 2024","ironcondor","long put 5,085 / short put 5,090 / short call 5,135 / long call 5,140","1","expired","124","376","32.98","124","32.98","1.24","1.1","1.4","0","","","376","124","5113.34","5117.09"
"Mar 14, 2024 1:30pm","Mar 14, 2024 4:00pm","SPX","Mar 14, 2024","ironcondor","long put 5,110 / short put 5,115 / short call 5,155 / long call 5,160","1","expired","120","380","31.58","120","31.58","1.2","1.05","1.35","0","","","380","120","5136.73","5150.48"
"Mar 13, 2024 1:30pm","Mar 13, 2024 4:00pm","SPX","Mar 13, 2024","ironcondor","long put 5,155 / short put 5,160 / short call 5,190 / long call 5,195","1","expired","107","393","27.23","107","27.23","1.07","0.9","1.25","0","","","393","107","5177.87","5165.31"
"Mar 12, 2024 1:30pm","Mar 12, 2024 4:00pm","SPX","Mar 12, 2024","ironcondor","long put 5,130 / short put 5,135 / short call 5,175 / long call 5,180","1","expired","83","390","21.28","110","28.21","1.1","0.95","1.25","0.27","","","390","110","5155.72","5175.27"
"Mar 11, 2024 1:30pm","Mar 11, 2024 4:00pm","SPX","Mar 11, 2024","ironcondor","long put 5,095 / short put 5,100 / short call 5,135 / long call 5,140","1","expired","118","382","30.89","118","30.89","1.18","1.05","1.3","0","","","382","118","5118.6","5117.94"
"Mar 8, 2024 1:30pm","Mar 8, 2024 4:00pm","SPX","Mar 8, 2024","ironcondor","long put 5,100 / short put 5,105 / short call 5,155 / long call 5,160","1","expired","107","393","27.23","107","27.23","1.07","0.95","1.2","0","","","393","107","5129.42","5123.69"
"Mar 4, 2024 1:30pm","Mar 4, 2024 4:00pm","SPX","Mar 4, 2024","ironcondor","long put 5,115 / short put 5,120 / short call 5,145 / long call 5,150","1","expired","80","420","19.05","80","19.05","0.8","0.7","0.9","0","","","420","80","5133.94","5130.95"
"Mar 1, 2024 1:30pm","Mar 1, 2024 4:00pm","SPX","Mar 1, 2024","ironcondor","long put 5,110 / short put 5,115 / short call 5,145 / long call 5,150","1","expired","85","415","20.48","85","20.48","0.85","0.7","1","0","","","415","85","5129.71","5137.08"
"Feb 29, 2024 1:30pm","Feb 29, 2024 4:00pm","SPX","Feb 29, 2024","ironcondor","long put 5,065 / short put 5,070 / short call 5,100 / long call 5,105","1","expired","127","373","34.05","127","34.05","1.27","1.15","1.4","0","","","373","127","5085.94","5096.27"
"Feb 28, 2024 1:30pm","Feb 28, 2024 4:00pm","SPX","Feb 28, 2024","ironcondor","long put 5,055 / short put 5,060 / short call 5,085 / long call 5,090","1","expired","105","395","26.58","105","26.58","1.05","0.9","1.2","0","","","395","105","5073.68","5069.76"
"Feb 27, 2024 1:30pm","Feb 27, 2024 4:00pm","SPX","Feb 27, 2024","ironcondor","long put 5,040 / short put 5,045 / short call 5,075 / long call 5,080","1","expired","-235","417","-56.35","83","19.9","0.83","0.7","0.95","3.18","","","417","83","5061.93","5078.18"
"Feb 26, 2024 1:30pm","Feb 26, 2024 4:00pm","SPX","Feb 26, 2024","ironcondor","long put 5,055 / short put 5,060 / short call 5,090 / long call 5,095","1","expired","116","384","30.21","116","30.21","1.16","1","1.3","0","","","384","116","5076.17","5069.53"
"Feb 23, 2024 1:30pm","Feb 23, 2024 4:00pm","SPX","Feb 23, 2024","ironcondor","long put 5,075 / short put 5,080 / short call 5,115 / long call 5,120","1","expired","86","414","20.77","86","20.77","0.86","0.75","1","0","","","414","86","5099.3","5088.8"
"Feb 21, 2024 1:30pm","Feb 21, 2024 4:00pm","SPX","Feb 21, 2024","ironcondor","long put 4,940 / short put 4,945 / short call 4,980 / long call 4,985","1","expired","-58","378","-15.34","122","32.28","1.22","1.05","1.4","1.8","","","378","122","4962.42","4981.8"
"Feb 16, 2024 1:30pm","Feb 16, 2024 4:00pm","SPX","Feb 16, 2024","ironcondor","long put 5,000 / short put 5,005 / short call 5,045 / long call 5,050","1","expired","77","423","18.2","77","18.2","0.77","0.65","0.9","0","","","423","77","5026.7","5005.57"
"Feb 15, 2024 1:30pm","Feb 15, 2024 4:00pm","SPX","Feb 15, 2024","ironcondor","long put 5,000 / short put 5,005 / short call 5,045 / long call 5,050","1","expired","81","419","19.33","81","19.33","0.81","0.7","0.95","0","","","419","81","5025.52","5029.73"
"Feb 14, 2024 1:30pm","Feb 14, 2024 4:00pm","SPX","Feb 14, 2024","ironcondor","long put 4,945 / short put 4,950 / short call 4,990 / long call 4,995","1","expired","-399","399","-100","101","25.31","1.01","0.9","1.1","5","","","399","101","4971.32","5000.62"
"Feb 12, 2024 1:30pm","Feb 12, 2024 4:00pm","SPX","Feb 12, 2024","ironcondor","long put 5,020 / short put 5,025 / short call 5,055 / long call 5,060","1","expired","-231","415","-55.66","85","20.48","0.85","0.75","0.95","3.16","","","415","85","5039.28","5021.84"
"Feb 9, 2024 1:30pm","Feb 9, 2024 4:00pm","SPX","Feb 9, 2024","ironcondor","long put 5,000 / short put 5,005 / short call 5,035 / long call 5,040","1","expired","67","433","15.47","67","15.47","0.67","0.55","0.8","0","","","433","67","5021.17","5026.61"
"Feb 8, 2024 1:30pm","Feb 8, 2024 4:00pm","SPX","Feb 8, 2024","ironcondor","long put 4,975 / short put 4,980 / short call 5,010 / long call 5,015","1","expired","72","428","16.82","72","16.82","0.72","0.6","0.85","0","","","428","72","4994.36","4997.91"
"Feb 6, 2024 1:30pm","Feb 6, 2024 4:00pm","SPX","Feb 6, 2024","ironcondor","long put 4,920 / short put 4,925 / short call 4,960 / long call 4,965","1","expired","88","412","21.36","88","21.36","0.88","0.75","1","0","","","412","88","4943.17","4954.23"
"Feb 5, 2024 1:30pm","Feb 5, 2024 4:00pm","SPX","Feb 5, 2024","ironcondor","long put 4,920 / short put 4,925 / short call 4,955 / long call 4,960","1","expired","103","397","25.94","103","25.94","1.03","0.85","1.2","0","","","397","103","4941.16","4942.81"
"Jan 30, 2024 1:30pm","Jan 30, 2024 4:00pm","SPX","Jan 30, 2024","ironcondor","long put 4,905 / short put 4,910 / short call 4,940 / long call 4,945","1","expired","72","428","16.82","72","16.82","0.72","0.6","0.85","0","","","428","72","4924.1","4924.97"
"Jan 29, 2024 1:30pm","Jan 29, 2024 4:00pm","SPX","Jan 29, 2024","ironcondor","long put 4,880 / short put 4,885 / short call 4,910 / long call 4,915","1","expired","-401","401","-100","99","24.69","0.99","0.85","1.15","5","","","401","99","4899.9","4927.93"
"Jan 26, 2024 1:30pm","Jan 26, 2024 4:00pm","SPX","Jan 26, 2024","ironcondor","long put 4,865 / short put 4,870 / short call 4,905 / long call 4,910","1","expired","86","414","20.77","86","20.77","0.86","0.75","1","0","","","414","86","4889.37","4890.97"
"Jan 25, 2024 1:30pm","Jan 25, 2024 4:00pm","SPX","Jan 25, 2024","ironcondor","long put 4,855 / short put 4,860 / short call 4,895 / long call 4,900","1","expired","105","395","26.58","105","26.58","1.05","0.9","1.2","0","","","395","105","4877.98","4894.16"
"Jan 24, 2024 1:30pm","Jan 24, 2024 4:00pm","SPX","Jan 24, 2024","ironcondor","long put 4,875 / short put 4,880 / short call 4,910 / long call 4,915","1","expired","-416","416","-100","84","20.19","0.84","0.7","1","5","","","416","84","4895.93","4868.55"
"Jan 23, 2024 1:30pm","Jan 23, 2024 4:00pm","SPX","Jan 23, 2024","ironcondor","long put 4,835 / short put 4,840 / short call 4,865 / long call 4,870","1","expired","92","408","22.55","92","22.55","0.92","0.8","1.05","0","","","408","92","4853.05","4864.6"
"Jan 22, 2024 1:30pm","Jan 22, 2024 4:00pm","SPX","Jan 22, 2024","ironcondor","long put 4,825 / short put 4,830 / short call 4,860 / long call 4,865","1","expired","99","401","24.69","99","24.69","0.99","0.85","1.1","0","","","401","99","4844.68","4850.43"
"Jan 18, 2024 1:30pm","Jan 18, 2024 4:00pm","SPX","Jan 18, 2024","ironcondor","long put 4,720 / short put 4,725 / short call 4,760 / long call 4,765","1","expired","-393","393","-100","107","27.23","1.07","0.95","1.2","5","","","393","107","4743.22","4780.94"
"Jan 16, 2024 1:30pm","Jan 16, 2024 4:00pm","SPX","Jan 16, 2024","ironcondor","long put 4,745 / short put 4,750 / short call 4,780 / long call 4,785","1","expired","102","398","25.63","102","25.63","1.02","0.9","1.15","0","","","398","102","4766.07","4765.98"
"Jan 12, 2024 1:30pm","Jan 12, 2024 4:00pm","SPX","Jan 12, 2024","ironcondor","long put 4,760 / short put 4,765 / short call 4,800 / long call 4,805","1","expired","94","406","23.15","94","23.15","0.94","0.85","1.05","0","","","406","94","4782.27","4783.83"
"Jan 11, 2024 1:30pm","Jan 11, 2024 4:00pm","SPX","Jan 11, 2024","ironcondor","long put 4,740 / short put 4,745 / short call 4,780 / long call 4,785","1","expired","83","393","21.12","107","27.23","1.07","0.95","1.2","0.24","","","393","107","4764.53","4780.24"
"Jan 10, 2024 1:30pm","Jan 10, 2024 4:00pm","SPX","Jan 10, 2024","ironcondor","long put 4,750 / short put 4,755 / short call 4,785 / long call 4,790","1","expired","76","424","17.92","76","17.92","0.76","0.65","0.85","0","","","424","76","4769.7","4783.45"
"Jan 9, 2024 1:30pm","Jan 9, 2024 4:00pm","SPX","Jan 9, 2024","ironcondor","long put 4,735 / short put 4,740 / short call 4,770 / long call 4,775","1","expired","89","411","21.65","89","21.65","0.89","0.75","1.05","0","","","411","89","4755.21","4756.5"
"Jan 8, 2024 1:30pm","Jan 8, 2024 4:00pm","SPX","Jan 8, 2024","ironcondor","long put 4,710 / short put 4,715 / short call 4,745 / long call 4,750","1","expired","-432","432","-100","68","15.74","0.68","0.55","0.8","5","","","432","68","4731.17","4763.54"
"Jan 5, 2024 1:30pm","Jan 5, 2024 4:00pm","SPX","Jan 5, 2024","ironcondor","long put 4,670 / short put 4,675 / short call 4,715 / long call 4,720","1","expired","81","419","19.33","81","19.33","0.81","0.65","0.95","0","","","419","81","4695.41","4697.24"
"Jan 4, 2024 1:30pm","Jan 4, 2024 4:00pm","SPX","Jan 4, 2024","ironcondor","long put 4,690 / short put 4,695 / short call 4,725 / long call 4,730","1","expired","-419","419","-100","81","19.33","0.81","0.65","0.95","5","","","419","81","4710.28","4688.68"
"Jan 3, 2024 1:30pm","Jan 3, 2024 4:00pm","SPX","Jan 3, 2024","ironcondor","long put 4,700 / short put 4,705 / short call 4,740 / long call 4,745","1","expired","91","390","23.33","110","28.21","1.1","0.95","1.25","0.19","","","390","110","4721.2","4704.81"
"Jan 2, 2024 1:30pm","Jan 2, 2024 4:00pm","SPX","Jan 2, 2024","ironcondor","long put 4,725 / short put 4,730 / short call 4,755 / long call 4,760","1","expired","103","397","25.94","103","25.94","1.03","0.9","1.15","0","","","397","103","4744.81","4742.83"
"Dec 29, 2023 1:30pm","Dec 29, 2023 4:00pm","SPX","Dec 29, 2023","ironcondor","long put 4,740 / short put 4,745 / short call 4,780 / long call 4,785","1","expired","102","398","25.63","102","25.63","1.02","0.9","1.15","0","","","398","102","4763.39","4769.83"
"Dec 28, 2023 1:30pm","Dec 28, 2023 4:00pm","SPX","Dec 28, 2023","ironcondor","long put 4,770 / short put 4,775 / short call 4,800 / long call 4,805","1","expired","89","411","21.65","89","21.65","0.89","0.8","1","0","","","411","89","4788.6","4783.35"
"Dec 27, 2023 1:30pm","Dec 27, 2023 4:00pm","SPX","Dec 27, 2023","ironcondor","long put 4,765 / short put 4,770 / short call 4,795 / long call 4,800","1","expired","84","416","20.19","84","20.19","0.84","0.7","0.95","0","","","416","84","4781.13","4781.58"
"Dec 26, 2023 1:30pm","Dec 26, 2023 4:00pm","SPX","Dec 26, 2023","ironcondor","long put 4,755 / short put 4,760 / short call 4,785 / long call 4,790","1","expired","63","437","14.42","63","14.42","0.63","0.55","0.75","0","","","437","63","4772.49","4774.75"
"Dec 22, 2023 1:30pm","Dec 22, 2023 4:00pm","SPX","Dec 22, 2023","ironcondor","long put 4,745 / short put 4,750 / short call 4,780 / long call 4,785","1","expired","88","412","21.36","88","21.36","0.88","0.7","1.05","0","","","412","88","4765.42","4754.63"
"Dec 21, 2023 1:30pm","Dec 21, 2023 4:00pm","SPX","Dec 21, 2023","ironcondor","long put 4,690 / short put 4,695 / short call 4,740 / long call 4,745","1","expired","-384","384","-100","116","30.21","1.16","1","1.3","5","","","384","116","4719.85","4746.75"
"Dec 20, 2023 1:30pm","Dec 20, 2023 4:00pm","SPX","Dec 20, 2023","ironcondor","long put 4,760 / short put 4,765 / short call 4,785 / long call 4,790","1","expired","-414","414","-100","86","20.77","0.86","0.75","1","5","","","414","86","4774.76","4698.35"
"Dec 19, 2023 1:30pm","Dec 19, 2023 4:00pm","SPX","Dec 19, 2023","ironcondor","long put 4,745 / short put 4,750 / short call 4,770 / long call 4,775","1","expired","108","392","27.55","108","27.55","1.08","0.95","1.2","0","","","392","108","4759.51","4768.37"
"Dec 18, 2023 1:30pm","Dec 18, 2023 4:00pm","SPX","Dec 18, 2023","ironcondor","long put 4,730 / short put 4,735 / short call 4,755 / long call 4,760","1","expired","90","410","21.95","90","21.95","0.9","0.8","1","0","","","410","90","4745.49","4740.56"
"Dec 15, 2023 1:30pm","Dec 15, 2023 4:00pm","SPX","Dec 15, 2023","ironcondor","long put 4,700 / short put 4,705 / short call 4,730 / long call 4,735","1","expired","110","390","28.21","110","28.21","1.1","1","1.2","0","","","390","110","4717.8","4719.19"
"Dec 14, 2023 1:30pm","Dec 14, 2023 4:00pm","SPX","Dec 14, 2023","ironcondor","long put 4,685 / short put 4,690 / short call 4,725 / long call 4,730","1","expired","89","411","21.65","89","21.65","0.89","0.8","1","0","","","411","89","4709.51","4719.55"
"Dec 13, 2023 1:30pm","Dec 13, 2023 4:00pm","SPX","Dec 13, 2023","ironcondor","long put 4,605 / short put 4,610 / short call 4,675 / long call 4,680","1","expired","-365","365","-100","135","36.99","1.35","1.2","1.5","5","","","365","135","4643.55","4707.09"
"Dec 12, 2023 1:30pm","Dec 12, 2023 4:00pm","SPX","Dec 12, 2023","ironcondor","long put 4,615 / short put 4,620 / short call 4,640 / long call 4,645","1","expired","-272","402","-67.66","98","24.38","0.98","0.9","1.1","3.7","","","402","98","4630.82","4643.7"
"Dec 11, 2023 1:30pm","Dec 11, 2023 4:00pm","SPX","Dec 11, 2023","ironcondor","long put 4,600 / short put 4,605 / short call 4,625 / long call 4,630","1","expired","89","411","21.65","89","21.65","0.89","0.75","1.05","0","","","411","89","4616.98","4622.44"
"Dec 8, 2023 1:30pm","Dec 8, 2023 4:00pm","SPX","Dec 8, 2023","ironcondor","long put 4,580 / short put 4,585 / short call 4,610 / long call 4,615","1","expired","86","414","20.77","86","20.77","0.86","0.7","1","0","","","414","86","4596.42","4604.37"
"Dec 7, 2023 1:30pm","Dec 7, 2023 4:00pm","SPX","Dec 7, 2023","ironcondor","long put 4,565 / short put 4,570 / short call 4,595 / long call 4,600","1","expired","80","420","19.05","80","19.05","0.8","0.65","0.95","0","","","420","80","4583.27","4585.59"
"Dec 6, 2023 1:30pm","Dec 6, 2023 4:00pm","SPX","Dec 6, 2023","ironcondor","long put 4,550 / short put 4,555 / short call 4,580 / long call 4,585","1","expired","-410","410","-100","90","21.95","0.9","0.8","1","5","","","410","90","4566.82","4549.34"
"Dec 5, 2023 1:30pm","Dec 5, 2023 4:00pm","SPX","Dec 5, 2023","ironcondor","long put 4,550 / short put 4,555 / short call 4,580 / long call 4,585","1","expired","87","413","21.07","87","21.07","0.87","0.75","0.95","0","","","413","87","4565.92","4567.18"
"Dec 4, 2023 1:30pm","Dec 4, 2023 4:00pm","SPX","Dec 4, 2023","ironcondor","long put 4,545 / short put 4,550 / short call 4,575 / long call 4,580","1","expired","87","413","21.07","87","21.07","0.87","0.75","1","0","","","413","87","4561.86","4569.78"
"Dec 1, 2023 1:30pm","Dec 1, 2023 4:00pm","SPX","Dec 1, 2023","ironcondor","long put 4,565 / short put 4,570 / short call 4,605 / long call 4,610","1","expired","93","407","22.85","93","22.85","0.93","0.8","1.05","0","","","407","93","4588.54","4594.63"
"Nov 30, 2023 1:30pm","Nov 30, 2023 4:00pm","SPX","Nov 30, 2023","ironcondor","long put 4,520 / short put 4,525 / short call 4,555 / long call 4,560","1","expired","-428","428","-100","72","16.82","0.72","0.6","0.85","5","","","428","72","4539.54","4567.8"
"Nov 29, 2023 1:30pm","Nov 29, 2023 4:00pm","SPX","Nov 29, 2023","ironcondor","long put 4,550 / short put 4,555 / short call 4,580 / long call 4,585","1","expired","-354","412","-85.92","88","21.36","0.88","0.75","1","4.42","","","412","88","4567.74","4550.58"
"Nov 28, 2023 1:30pm","Nov 28, 2023 4:00pm","SPX","Nov 28, 2023","ironcondor","long put 4,535 / short put 4,540 / short call 4,560 / long call 4,565","1","expired","90","410","21.95","90","21.95","0.9","0.8","1","0","","","410","90","4551.29","4554.89"
"Nov 27, 2023 1:30pm","Nov 27, 2023 4:00pm","SPX","Nov 27, 2023","ironcondor","long put 4,545 / short put 4,550 / short call 4,565 / long call 4,570","1","expired","104","396","26.26","104","26.26","1.04","0.9","1.15","0","","","396","104","4557.94","4550.43"
"Nov 22, 2023 1:30pm","Nov 22, 2023 4:00pm","SPX","Nov 22, 2023","ironcondor","long put 4,545 / short put 4,550 / short call 4,570 / long call 4,575","1","expired","89","411","21.65","89","21.65","0.89","0.8","1","0","","","411","89","4561.34","4556.62"
"Nov 21, 2023 1:30pm","Nov 21, 2023 4:00pm","SPX","Nov 21, 2023","ironcondor","long put 4,515 / short put 4,520 / short call 4,550 / long call 4,555","1","expired","75","425","17.65","75","17.65","0.75","0.6","0.9","0","","","425","75","4534.58","4538.19"
"Nov 20, 2023 1:30pm","Nov 20, 2023 4:00pm","SPX","Nov 20, 2023","ironcondor","long put 4,525 / short put 4,530 / short call 4,555 / long call 4,560","1","expired","62","438","14.16","62","14.16","0.62","0.5","0.75","0","","","438","62","4543.17","4547.38"
"Nov 17, 2023 1:30pm","Nov 17, 2023 4:00pm","SPX","Nov 17, 2023","ironcondor","long put 4,495 / short put 4,500 / short call 4,525 / long call 4,530","1","expired","68","432","15.74","68","15.74","0.68","0.6","0.8","0","","","432","68","4513.47","4514.02"
"Nov 16, 2023 1:30pm","Nov 16, 2023 4:00pm","SPX","Nov 16, 2023","ironcondor","long put 4,480 / short put 4,485 / short call 4,515 / long call 4,520","1","expired","77","423","18.2","77","18.2","0.77","0.65","0.9","0","","","423","77","4500.55","4508.24"
"Nov 15, 2023 1:30pm","Nov 15, 2023 4:00pm","SPX","Nov 15, 2023","ironcondor","long put 4,485 / short put 4,490 / short call 4,520 / long call 4,525","1","expired","88","412","21.36","88","21.36","0.88","0.75","1","0","","","412","88","4504.68","4502.88"
"Nov 13, 2023 1:30pm","Nov 13, 2023 4:00pm","SPX","Nov 13, 2023","ironcondor","long put 4,390 / short put 4,395 / short call 4,425 / long call 4,430","1","expired","90","410","21.95","90","21.95","0.9","0.75","1.05","0","","","410","90","4410.62","4411.55"
"Nov 9, 2023 1:30pm","Nov 9, 2023 4:00pm","SPX","Nov 9, 2023","ironcondor","long put 4,350 / short put 4,355 / short call 4,390 / long call 4,395","1","expired","-389","389","-100","111","28.53","1.11","1","1.2","5","","","389","111","4373.69","4347.35"
"Nov 8, 2023 1:30pm","Nov 8, 2023 4:00pm","SPX","Nov 8, 2023","ironcondor","long put 4,355 / short put 4,360 / short call 4,385 / long call 4,390","1","expired","97","403","24.07","97","24.07","0.97","0.85","1.1","0","","","403","97","4374.41","4382.78"
"Nov 7, 2023 1:30pm","Nov 7, 2023 4:00pm","SPX","Nov 7, 2023","ironcondor","long put 4,365 / short put 4,370 / short call 4,390 / long call 4,395","1","expired","125","375","33.33","125","33.33","1.25","1.15","1.35","0","","","375","125","4381.03","4378.38"
"Nov 6, 2023 1:30pm","Nov 6, 2023 4:00pm","SPX","Nov 6, 2023","ironcondor","long put 4,335 / short put 4,340 / short call 4,365 / long call 4,370","1","expired","17","385","4.42","115","29.87","1.15","1","1.3","0.98","","","385","115","4352.52","4365.98"
"Nov 1, 2023 1:30pm","Nov 1, 2023 4:00pm","SPX","Nov 1, 2023","ironcondor","long put 4,165 / short put 4,170 / short call 4,245 / long call 4,250","1","expired","125","375","33.33","125","33.33","1.25","1.05","1.45","0","","","375","125","4208.51","4237.86"
"Oct 31, 2023 1:30pm","Oct 31, 2023 4:00pm","SPX","Oct 31, 2023","ironcondor","long put 4,155 / short put 4,160 / short call 4,195 / long call 4,200","1","expired","112","388","28.87","112","28.87","1.12","1","1.25","0","","","388","112","4180","4193.8"
"Oct 27, 2023 1:30pm","Oct 27, 2023 4:00pm","SPX","Oct 27, 2023","ironcondor","long put 4,090 / short put 4,095 / short call 4,145 / long call 4,150","1","expired","111","389","28.53","111","28.53","1.11","0.95","1.25","0","","","389","111","4118.68","4117.37"
"Oct 24, 2023 1:30pm","Oct 24, 2023 4:00pm","SPX","Oct 24, 2023","ironcondor","long put 4,205 / short put 4,210 / short call 4,250 / long call 4,255","1","expired","115","385","29.87","115","29.87","1.15","1","1.3","0","","","385","115","4232.99","4247.68"
"Oct 23, 2023 1:30pm","Oct 23, 2023 4:00pm","SPX","Oct 23, 2023","ironcondor","long put 4,210 / short put 4,215 / short call 4,260 / long call 4,265","1","expired","122","378","32.28","122","32.28","1.22","1.1","1.35","0","","","378","122","4241.08","4217.04"
"Oct 20, 2023 1:30pm","Oct 20, 2023 4:00pm","SPX","Oct 20, 2023","ironcondor","long put 4,220 / short put 4,225 / short call 4,275 / long call 4,280","1","expired","48","368","13.04","132","35.87","1.32","1.2","1.45","0.84","","","368","132","4253.17","4224.16"
"Oct 19, 2023 1:30pm","Oct 19, 2023 4:00pm","SPX","Oct 19, 2023","ironcondor","long put 4,290 / short put 4,295 / short call 4,350 / long call 4,355","1","expired","-394","394","-100","106","26.9","1.06","0.9","1.2","5","","","394","106","4323.66","4278"
"Oct 18, 2023 1:30pm","Oct 18, 2023 4:00pm","SPX","Oct 18, 2023","ironcondor","long put 4,315 / short put 4,320 / short call 4,365 / long call 4,370","1","expired","-389","389","-100","111","28.53","1.11","1","1.25","5","","","389","111","4342.69","4314.6"
"Oct 17, 2023 1:30pm","Oct 17, 2023 4:00pm","SPX","Oct 17, 2023","ironcondor","long put 4,350 / short put 4,355 / short call 4,395 / long call 4,400","1","expired","78","422","18.48","78","18.48","0.78","0.65","0.9","0","","","422","78","4376.25","4373.2"
"Oct 12, 2023 1:30pm","Oct 12, 2023 4:00pm","SPX","Oct 12, 2023","ironcondor","long put 4,320 / short put 4,325 / short call 4,365 / long call 4,370","1","expired","123","377","32.63","123","32.63","1.23","1.05","1.4","0","","","377","123","4347.25","4349.61"
"Oct 11, 2023 1:30pm","Oct 11, 2023 4:00pm","SPX","Oct 11, 2023","ironcondor","long put 4,325 / short put 4,330 / short call 4,370 / long call 4,375","1","expired","-357","357","-100","143","40.06","1.43","1.3","1.55","5","","","357","143","4350.28","4376.95"
"Oct 10, 2023 1:30pm","Oct 10, 2023 4:00pm","SPX","Oct 10, 2023","ironcondor","long put 4,340 / short put 4,345 / short call 4,385 / long call 4,390","1","expired","123","377","32.63","123","32.63","1.23","1.1","1.35","0","","","377","123","4367.15","4358.24"
"Oct 9, 2023 1:30pm","Oct 9, 2023 4:00pm","SPX","Oct 9, 2023","ironcondor","long put 4,290 / short put 4,295 / short call 4,330 / long call 4,335","1","expired","-379","379","-100","121","31.93","1.21","1.1","1.35","5","","","379","121","4312.48","4335.66"
"Oct 5, 2023 1:30pm","Oct 5, 2023 4:00pm","SPX","Oct 5, 2023","ironcondor","long put 4,220 / short put 4,225 / short call 4,260 / long call 4,265","1","expired","142","358","39.66","142","39.66","1.42","1.25","1.6","0","","","358","142","4242.73","4258.19"
"Oct 4, 2023 1:30pm","Oct 4, 2023 4:00pm","SPX","Oct 4, 2023","ironcondor","long put 4,215 / short put 4,220 / short call 4,260 / long call 4,265","1","expired","-263","388","-67.78","112","28.87","1.12","0.95","1.3","3.75","","","388","112","4240.68","4263.75"
"Oct 2, 2023 1:30pm","Oct 2, 2023 4:00pm","SPX","Oct 2, 2023","ironcondor","long put 4,245 / short put 4,250 / short call 4,290 / long call 4,295","1","expired","110","390","28.21","110","28.21","1.1","0.95","1.25","0","","","390","110","4271.26","4288.39"
"Sep 29, 2023 1:30pm","Sep 29, 2023 4:00pm","SPX","Sep 29, 2023","ironcondor","long put 4,255 / short put 4,260 / short call 4,315 / long call 4,320","1","expired","113","387","29.2","113","29.2","1.13","1","1.25","0","","","387","113","4289.87","4288.05"
"Sep 28, 2023 1:30pm","Sep 28, 2023 4:00pm","SPX","Sep 28, 2023","ironcondor","long put 4,270 / short put 4,275 / short call 4,320 / long call 4,325","1","expired","110","390","28.21","110","28.21","1.1","0.95","1.25","0","","","390","110","4299.96","4299.7"
"Sep 27, 2023 1:30pm","Sep 27, 2023 4:00pm","SPX","Sep 27, 2023","ironcondor","long put 4,215 / short put 4,220 / short call 4,265 / long call 4,270","1","expired","-391","391","-100","109","27.88","1.09","0.95","1.2","5","","","391","109","4243.73","4274.51"
"Sep 25, 2023 1:30pm","Sep 25, 2023 4:00pm","SPX","Sep 25, 2023","ironcondor","long put 4,300 / short put 4,305 / short call 4,345 / long call 4,350","1","expired","93","407","22.85","93","22.85","0.93","0.8","1.05","0","","","407","93","4325.73","4337.44"
"Sep 22, 2023 1:30pm","Sep 22, 2023 4:00pm","SPX","Sep 22, 2023","ironcondor","long put 4,310 / short put 4,315 / short call 4,355 / long call 4,360","1","expired","100","400","25","100","25","1","0.85","1.15","0","","","400","100","4338.05","4320.06"
"Sep 20, 2023 1:30pm","Sep 20, 2023 4:00pm","SPX","Sep 20, 2023","ironcondor","long put 4,415 / short put 4,420 / short call 4,485 / long call 4,490","1","expired","-384","384","-100","116","30.21","1.16","1.05","1.25","5","","","384","116","4453.1","4402.2"
"Sep 19, 2023 1:30pm","Sep 19, 2023 4:00pm","SPX","Sep 19, 2023","ironcondor","long put 4,410 / short put 4,415 / short call 4,440 / long call 4,445","1","expired","-287","392","-73.21","108","27.55","1.08","0.95","1.2","3.95","","","392","108","4428.01","4443.95"
"Sep 18, 2023 1:30pm","Sep 18, 2023 4:00pm","SPX","Sep 18, 2023","ironcondor","long put 4,445 / short put 4,450 / short call 4,470 / long call 4,475","1","expired","109","391","27.88","109","27.88","1.09","0.95","1.2","0","","","391","109","4461.64","4453.53"
"Sep 13, 2023 1:30pm","Sep 13, 2023 4:00pm","SPX","Sep 13, 2023","ironcondor","long put 4,455 / short put 4,460 / short call 4,490 / long call 4,495","1","expired","63","437","14.42","63","14.42","0.63","0.5","0.75","0","","","437","63","4475.73","4467.44"
"Sep 12, 2023 1:30pm","Sep 12, 2023 4:00pm","SPX","Sep 12, 2023","ironcondor","long put 4,465 / short put 4,470 / short call 4,495 / long call 4,500","1","expired","-403","403","-100","97","24.07","0.97","0.85","1.1","5","","","403","97","4485.12","4461.9"
"Sep 11, 2023 1:30pm","Sep 11, 2023 4:00pm","SPX","Sep 11, 2023","ironcondor","long put 4,465 / short put 4,470 / short call 4,495 / long call 4,500","1","expired","79","421","18.76","79","18.76","0.79","0.7","0.9","0","","","421","79","4484.68","4487.46"
"Sep 8, 2023 1:30pm","Sep 8, 2023 4:00pm","SPX","Sep 8, 2023","ironcondor","long put 4,440 / short put 4,445 / short call 4,475 / long call 4,480","1","expired","76","424","17.92","76","17.92","0.76","0.6","0.9","0","","","424","76","4460.34","4457.49"
"Sep 7, 2023 1:30pm","Sep 7, 2023 4:00pm","SPX","Sep 7, 2023","ironcondor","long put 4,435 / short put 4,440 / short call 4,465 / long call 4,470","1","expired","115","385","29.87","115","29.87","1.15","1.05","1.25","0","","","385","115","4453.54","4451.14"
"Sep 5, 2023 1:30pm","Sep 5, 2023 4:00pm","SPX","Sep 5, 2023","ironcondor","long put 4,480 / short put 4,485 / short call 4,515 / long call 4,520","1","expired","57","443","12.87","57","12.87","0.57","0.45","0.7","0","","","443","57","4500.02","4496.83"
"Sep 1, 2023 1:30pm","Sep 1, 2023 4:00pm","SPX","Sep 1, 2023","ironcondor","long put 4,490 / short put 4,495 / short call 4,520 / long call 4,525","1","expired","93","407","22.85","93","22.85","0.93","0.8","1.05","0","","","407","93","4508.18","4515.77"
"Aug 31, 2023 1:30pm","Aug 31, 2023 4:00pm","SPX","Aug 31, 2023","ironcondor","long put 4,500 / short put 4,505 / short call 4,535 / long call 4,540","1","expired","101","399","25.31","101","25.31","1.01","0.9","1.15","0","","","399","101","4521.69","4507.66"
"Aug 30, 2023 1:30pm","Aug 30, 2023 4:00pm","SPX","Aug 30, 2023","ironcondor","long put 4,495 / short put 4,500 / short call 4,530 / long call 4,535","1","expired","94","406","23.15","94","23.15","0.94","0.8","1.1","0","","","406","94","4515.18","4514.87"
"Aug 28, 2023 1:30pm","Aug 28, 2023 4:00pm","SPX","Aug 28, 2023","ironcondor","long put 4,410 / short put 4,415 / short call 4,450 / long call 4,455","1","expired","85","415","20.48","85","20.48","0.85","0.7","1","0","","","415","85","4433.4","4433.31"
"Aug 25, 2023 1:30pm","Aug 25, 2023 4:00pm","SPX","Aug 25, 2023","ironcondor","long put 4,355 / short put 4,360 / short call 4,410 / long call 4,415","1","expired","106","394","26.9","106","26.9","1.06","0.9","1.2","0","","","394","106","4386.67","4405.71"
"Aug 22, 2023 1:30pm","Aug 22, 2023 4:00pm","SPX","Aug 22, 2023","ironcondor","long put 4,365 / short put 4,370 / short call 4,405 / long call 4,410","1","expired","106","394","26.9","106","26.9","1.06","0.9","1.2","0","","","394","106","4389.04","4387.55"
"Aug 21, 2023 1:30pm","Aug 21, 2023 4:00pm","SPX","Aug 21, 2023","ironcondor","long put 4,360 / short put 4,365 / short call 4,400 / long call 4,405","1","expired","107","393","27.23","107","27.23","1.07","0.9","1.25","0","","","393","107","4385.81","4399.77"
"Aug 18, 2023 1:30pm","Aug 18, 2023 4:00pm","SPX","Aug 18, 2023","ironcondor","long put 4,335 / short put 4,340 / short call 4,380 / long call 4,385","1","expired","113","387","29.2","113","29.2","1.13","1","1.25","0","","","387","113","4361.69","4369.71"
"Aug 17, 2023 1:30pm","Aug 17, 2023 4:00pm","SPX","Aug 17, 2023","ironcondor","long put 4,375 / short put 4,380 / short call 4,420 / long call 4,425","1","expired","-404","404","-100","96","23.76","0.96","0.8","1.1","5","","","404","96","4400.03","4370.36"
"Aug 16, 2023 1:30pm","Aug 16, 2023 4:00pm","SPX","Aug 16, 2023","ironcondor","long put 4,395 / short put 4,400 / short call 4,440 / long call 4,445","1","expired","108","392","27.55","108","27.55","1.08","0.9","1.25","0","","","392","108","4421.24","4404.33"
"Aug 14, 2023 1:30pm","Aug 14, 2023 4:00pm","SPX","Aug 14, 2023","ironcondor","long put 4,460 / short put 4,465 / short call 4,495 / long call 4,500","1","expired","106","394","26.9","106","26.9","1.06","0.9","1.2","0","","","394","106","4482.83","4489.72"
"Aug 11, 2023 1:30pm","Aug 11, 2023 4:00pm","SPX","Aug 11, 2023","ironcondor","long put 4,440 / short put 4,445 / short call 4,485 / long call 4,490","1","expired","98","402","24.38","98","24.38","0.98","0.85","1.1","0","","","402","98","4463.88","4464.05"
"Aug 10, 2023 1:30pm","Aug 10, 2023 4:00pm","SPX","Aug 10, 2023","ironcondor","long put 4,440 / short put 4,445 / short call 4,495 / long call 4,500","1","expired","105","395","26.58","105","26.58","1.05","0.9","1.2","0","","","395","105","4470.89","4468.83"
"Aug 9, 2023 1:30pm","Aug 9, 2023 4:00pm","SPX","Aug 9, 2023","ironcondor","long put 4,465 / short put 4,470 / short call 4,500 / long call 4,505","1","expired","-111","382","-29.06","118","30.89","1.18","1","1.35","2.29","","","382","118","4484.81","4467.71"
"Aug 7, 2023 1:30pm","Aug 7, 2023 4:00pm","SPX","Aug 7, 2023","ironcondor","long put 4,485 / short put 4,490 / short call 4,520 / long call 4,525","1","expired","105","395","26.58","105","26.58","1.05","0.9","1.2","0","","","395","105","4507.83","4518.44"
"Aug 4, 2023 1:30pm","Aug 4, 2023 4:00pm","SPX","Aug 4, 2023","ironcondor","long put 4,505 / short put 4,510 / short call 4,545 / long call 4,550","1","expired","-432","432","-100","68","15.74","0.68","0.6","0.8","5","","","432","68","4528.13","4478.03"
"Aug 3, 2023 1:30pm","Aug 3, 2023 4:00pm","SPX","Aug 3, 2023","ironcondor","long put 4,495 / short put 4,500 / short call 4,530 / long call 4,535","1","expired","81","419","19.33","81","19.33","0.81","0.65","0.95","0","","","419","81","4516.3","4501.89"
"Aug 1, 2023 1:30pm","Aug 1, 2023 4:00pm","SPX","Aug 1, 2023","ironcondor","long put 4,555 / short put 4,560 / short call 4,590 / long call 4,595","1","expired","58","442","13.12","58","13.12","0.58","0.4","0.75","0","","","442","58","4575.7","4576.73"
"Jul 31, 2023 1:30pm","Jul 31, 2023 4:00pm","SPX","Jul 31, 2023","ironcondor","long put 4,560 / short put 4,565 / short call 4,590 / long call 4,595","1","expired","123","377","32.63","123","32.63","1.23","1.1","1.35","0","","","377","123","4578.8","4588.96"
"Jul 27, 2023 1:30pm","Jul 27, 2023 4:00pm","SPX","Jul 27, 2023","ironcondor","long put 4,550 / short put 4,555 / short call 4,595 / long call 4,600","1","expired","-407","407","-100","93","22.85","0.93","0.75","1.1","5","","","407","93","4576.43","4537.41"
"Jul 26, 2023 1:30pm","Jul 26, 2023 4:00pm","SPX","Jul 26, 2023","ironcondor","long put 4,520 / short put 4,525 / short call 4,590 / long call 4,595","1","expired","117","383","30.55","117","30.55","1.17","1.05","1.3","0","","","383","117","4555.94","4566.75"
"Jul 25, 2023 1:30pm","Jul 25, 2023 4:00pm","SPX","Jul 25, 2023","ironcondor","long put 4,555 / short put 4,560 / short call 4,585 / long call 4,590","1","expired","62","438","14.16","62","14.16","0.62","0.5","0.7","0","","","438","62","4573.41","4567.46"
"Jul 24, 2023 1:30pm","Jul 24, 2023 4:00pm","SPX","Jul 24, 2023","ironcondor","long put 4,540 / short put 4,545 / short call 4,570 / long call 4,575","1","expired","85","415","20.48","85","20.48","0.85","0.7","1","0","","","415","85","4557.8","4554.64"
"Jul 21, 2023 1:30pm","Jul 21, 2023 4:00pm","SPX","Jul 21, 2023","ironcondor","long put 4,530 / short put 4,535 / short call 4,565 / long call 4,570","1","expired","65","435","14.94","65","14.94","0.65","0.55","0.75","0","","","435","65","4551.21","4536.34"
"Jul 20, 2023 1:30pm","Jul 20, 2023 4:00pm","SPX","Jul 20, 2023","ironcondor","long put 4,530 / short put 4,535 / short call 4,565 / long call 4,570","1","expired","51","436","11.7","64","14.68","0.64","0.55","0.75","0.13","","","436","64","4550.06","4534.87"
"Jul 19, 2023 1:30pm","Jul 19, 2023 4:00pm","SPX","Jul 19, 2023","ironcondor","long put 4,545 / short put 4,550 / short call 4,580 / long call 4,585","1","expired","97","403","24.07","97","24.07","0.97","0.85","1.1","0","","","403","97","4565.23","4565.72"
"Jul 18, 2023 1:30pm","Jul 18, 2023 4:00pm","SPX","Jul 18, 2023","ironcondor","long put 4,530 / short put 4,535 / short call 4,555 / long call 4,560","1","expired","108","392","27.55","108","27.55","1.08","1","1.2","0","","","392","108","4545.95","4554.98"
"Jul 17, 2023 1:30pm","Jul 17, 2023 4:00pm","SPX","Jul 17, 2023","ironcondor","long put 4,500 / short put 4,505 / short call 4,530 / long call 4,535","1","expired","70","430","16.28","70","16.28","0.7","0.6","0.8","0","","","430","70","4518.2","4522.79"
"Jul 14, 2023 1:30pm","Jul 14, 2023 4:00pm","SPX","Jul 14, 2023","ironcondor","long put 4,490 / short put 4,495 / short call 4,525 / long call 4,530","1","expired","85","415","20.48","85","20.48","0.85","0.7","1","0","","","415","85","4511.33","4505.42"
"Jul 13, 2023 1:30pm","Jul 13, 2023 4:00pm","SPX","Jul 13, 2023","ironcondor","long put 4,485 / short put 4,490 / short call 4,515 / long call 4,520","1","expired","87","413","21.07","87","21.07","0.87","0.75","1","0","","","413","87","4500.72","4510.04"
"Jul 11, 2023 1:30pm","Jul 11, 2023 4:00pm","SPX","Jul 11, 2023","ironcondor","long put 4,405 / short put 4,410 / short call 4,435 / long call 4,440","1","expired","-329","403","-81.64","97","24.07","0.97","0.85","1.1","4.26","","","403","97","4422.6","4439.26"
"Jul 10, 2023 1:30pm","Jul 10, 2023 4:00pm","SPX","Jul 10, 2023","ironcondor","long put 4,385 / short put 4,390 / short call 4,420 / long call 4,425","1","expired","73","427","17.1","73","17.1","0.73","0.6","0.85","0","","","427","73","4405.18","4409.53"
"Jul 7, 2023 1:30pm","Jul 7, 2023 4:00pm","SPX","Jul 7, 2023","ironcondor","long put 4,420 / short put 4,425 / short call 4,455 / long call 4,460","1","expired","-432","432","-100","68","15.74","0.68","0.6","0.8","5","","","432","68","4440.3","4398.95"
"Jul 5, 2023 1:30pm","Jul 5, 2023 4:00pm","SPX","Jul 5, 2023","ironcondor","long put 4,430 / short put 4,435 / short call 4,460 / long call 4,465","1","expired","87","413","21.07","87","21.07","0.87","0.75","1","0","","","413","87","4446.94","4446.82"
"Jun 29, 2023 1:30pm","Jun 29, 2023 4:00pm","SPX","Jun 29, 2023","ironcondor","long put 4,375 / short put 4,380 / short call 4,410 / long call 4,415","1","expired","94","406","23.15","94","23.15","0.94","0.85","1.05","0","","","406","94","4393.01","4396.44"
"Jun 28, 2023 1:30pm","Jun 28, 2023 4:00pm","SPX","Jun 28, 2023","ironcondor","long put 4,355 / short put 4,360 / short call 4,390 / long call 4,395","1","expired","84","416","20.19","84","20.19","0.84","0.7","0.95","0","","","416","84","4373.81","4376.86"
"Jun 26, 2023 1:30pm","Jun 26, 2023 4:00pm","SPX","Jun 26, 2023","ironcondor","long put 4,325 / short put 4,330 / short call 4,355 / long call 4,360","1","expired","-14","396","-3.54","104","26.26","1.04","0.9","1.15","1.18","","","396","104","4342.11","4328.82"
"Jun 23, 2023 1:30pm","Jun 23, 2023 4:00pm","SPX","Jun 23, 2023","ironcondor","long put 4,345 / short put 4,350 / short call 4,375 / long call 4,380","1","expired","-73","406","-17.98","94","23.15","0.94","0.85","1.05","1.67","","","406","94","4364.15","4348.33"
"Jun 22, 2023 1:30pm","Jun 22, 2023 4:00pm","SPX","Jun 22, 2023","ironcondor","long put 4,350 / short put 4,355 / short call 4,380 / long call 4,385","1","expired","-82","393","-20.87","107","27.23","1.07","0.95","1.2","1.89","","","393","107","4366.19","4381.89"
"Jun 21, 2023 1:30pm","Jun 21, 2023 4:00pm","SPX","Jun 21, 2023","ironcondor","long put 4,350 / short put 4,355 / short call 4,380 / long call 4,385","1","expired","123","377","32.63","123","32.63","1.23","1.1","1.35","0","","","377","123","4367.68","4365.69"
"Jun 20, 2023 1:30pm","Jun 20, 2023 4:00pm","SPX","Jun 20, 2023","ironcondor","long put 4,380 / short put 4,385 / short call 4,410 / long call 4,415","1","expired","110","390","28.21","110","28.21","1.1","0.95","1.25","0","","","390","110","4397.37","4388.71"
"Jun 16, 2023 1:30pm","Jun 16, 2023 4:00pm","SPX","Jun 16, 2023","ironcondor","long put 4,410 / short put 4,415 / short call 4,450 / long call 4,455","1","expired","-419","419","-100","81","19.33","0.81","0.65","0.95","5","","","419","81","4431.52","4409.59"
"Jun 14, 2023 1:30pm","Jun 14, 2023 4:00pm","SPX","Jun 14, 2023","ironcondor","long put 4,330 / short put 4,335 / short call 4,415 / long call 4,420","1","expired","132","368","35.87","132","35.87","1.32","1.1","1.55","0","","","368","132","4374.36","4372.59"
"Jun 12, 2023 1:30pm","Jun 12, 2023 4:00pm","SPX","Jun 12, 2023","ironcondor","long put 4,300 / short put 4,305 / short call 4,325 / long call 4,330","1","expired","-394","394","-100","106","26.9","1.06","0.95","1.2","5","","","394","106","4315.76","4338.93"
"Jun 9, 2023 1:30pm","Jun 9, 2023 4:00pm","SPX","Jun 9, 2023","ironcondor","long put 4,285 / short put 4,290 / short call 4,320 / long call 4,325","1","expired","77","423","18.2","77","18.2","0.77","0.65","0.9","0","","","423","77","4304.01","4298.86"
"Jun 8, 2023 1:30pm","Jun 8, 2023 4:00pm","SPX","Jun 8, 2023","ironcondor","long put 4,270 / short put 4,275 / short call 4,300 / long call 4,305","1","expired","87","413","21.07","87","21.07","0.87","0.75","1","0","","","413","87","4286.23","4293.93"
"Jun 7, 2023 1:30pm","Jun 7, 2023 4:00pm","SPX","Jun 7, 2023","ironcondor","long put 4,250 / short put 4,255 / short call 4,285 / long call 4,290","1","expired","83","417","19.9","83","19.9","0.83","0.45","1.2","0","","","417","83","4268.52","4267.52"
"Jun 6, 2023 1:30pm","Jun 6, 2023 4:00pm","SPX","Jun 6, 2023","ironcondor","long put 4,255 / short put 4,260 / short call 4,290 / long call 4,295","1","expired","93","407","22.85","93","22.85","0.93","0.75","1.1","0","","","407","93","4275.23","4283.85"
"Jun 5, 2023 1:30pm","Jun 5, 2023 4:00pm","SPX","Jun 5, 2023","ironcondor","long put 4,270 / short put 4,275 / short call 4,300 / long call 4,305","1","expired","-1","380","-0.26","120","31.58","1.2","1.05","1.35","1.21","","","380","120","4288.16","4273.79"
"May 31, 2023 1:30pm","May 31, 2023 4:00pm","SPX","May 31, 2023","ironcondor","long put 4,160 / short put 4,165 / short call 4,195 / long call 4,200","1","expired","102","398","25.63","102","25.63","1.02","0.85","1.2","0","","","398","102","4179.76","4179.83"
"May 30, 2023 1:30pm","May 30, 2023 4:00pm","SPX","May 30, 2023","ironcondor","long put 4,175 / short put 4,180 / short call 4,215 / long call 4,220","1","expired","127","373","34.05","127","34.05","1.27","1.1","1.45","0","","","373","127","4199.02","4205.52"
"May 23, 2023 1:30pm","May 23, 2023 4:00pm","SPX","May 23, 2023","ironcondor","long put 4,140 / short put 4,145 / short call 4,180 / long call 4,185","1","expired","98","402","24.38","98","24.38","0.98","0.8","1.15","0","","","402","98","4163.01","4145.58"
"May 22, 2023 1:30pm","May 22, 2023 4:00pm","SPX","May 22, 2023","ironcondor","long put 4,175 / short put 4,180 / short call 4,210 / long call 4,215","1","expired","98","402","24.38","98","24.38","0.98","0.85","1.1","0","","","402","98","4196.36","4192.63"
"May 19, 2023 1:30pm","May 19, 2023 4:00pm","SPX","May 19, 2023","ironcondor","long put 4,170 / short put 4,175 / short call 4,210 / long call 4,215","1","expired","96","404","23.76","96","23.76","0.96","0.85","1.05","0","","","404","96","4193.64","4191.98"
"May 18, 2023 1:30pm","May 18, 2023 4:00pm","SPX","May 18, 2023","ironcondor","long put 4,145 / short put 4,150 / short call 4,185 / long call 4,190","1","expired","-415","415","-100","85","20.48","0.85","0.75","0.95","5","","","415","85","4167.81","4198.05"
"May 16, 2023 1:30pm","May 16, 2023 4:00pm","SPX","May 16, 2023","ironcondor","long put 4,105 / short put 4,110 / short call 4,135 / long call 4,140","1","expired","113","377","29.97","123","32.63","1.23","1.1","1.35","0.1","","","377","123","4123.04","4109.9"
"May 15, 2023 1:30pm","May 15, 2023 4:00pm","SPX","May 15, 2023","ironcondor","long put 4,110 / short put 4,115 / short call 4,145 / long call 4,150","1","expired","72","428","16.82","72","16.82","0.72","0.6","0.85","0","","","428","72","4130.53","4136.28"
"May 12, 2023 1:30pm","May 12, 2023 4:00pm","SPX","May 12, 2023","ironcondor","long put 4,085 / short put 4,090 / short call 4,130 / long call 4,135","1","expired","85","415","20.48","85","20.48","0.85","0.7","1","0","","","415","85","4111.04","4124.08"
"May 11, 2023 1:30pm","May 11, 2023 4:00pm","SPX","May 11, 2023","ironcondor","long put 4,100 / short put 4,105 / short call 4,140 / long call 4,145","1","expired","82","418","19.62","82","19.62","0.82","0.65","1","0","","","418","82","4123.06","4130.62"
"May 10, 2023 1:30pm","May 10, 2023 4:00pm","SPX","May 10, 2023","ironcondor","long put 4,075 / short put 4,080 / short call 4,120 / long call 4,125","1","expired","-376","376","-100","124","32.98","1.24","1.1","1.4","5","","","376","124","4102.06","4137.64"
"May 9, 2023 1:30pm","May 9, 2023 4:00pm","SPX","May 9, 2023","ironcondor","long put 4,105 / short put 4,110 / short call 4,135 / long call 4,140","1","expired","72","428","16.82","72","16.82","0.72","0.6","0.85","0","","","428","72","4123.58","4119.17"
"May 8, 2023 1:30pm","May 8, 2023 4:00pm","SPX","May 8, 2023","ironcondor","long put 4,115 / short put 4,120 / short call 4,150 / long call 4,155","1","expired","68","432","15.74","68","15.74","0.68","0.55","0.8","0","","","432","68","4134.62","4138.12"
"May 4, 2023 1:30pm","May 4, 2023 4:00pm","SPX","May 4, 2023","ironcondor","long put 4,050 / short put 4,055 / short call 4,095 / long call 4,100","1","expired","126","374","33.69","126","33.69","1.26","1.1","1.4","0","","","374","126","4075.13","4061.22"
"May 3, 2023 1:30pm","May 3, 2023 4:00pm","SPX","May 3, 2023","ironcondor","long put 4,080 / short put 4,085 / short call 4,180 / long call 4,185","1","expired","127","373","34.05","127","34.05","1.27","0.95","1.6","0","","","373","127","4135.07","4090.75"
"May 1, 2023 1:30pm","May 1, 2023 4:00pm","SPX","May 1, 2023","ironcondor","long put 4,160 / short put 4,165 / short call 4,195 / long call 4,200","1","expired","63","437","14.42","63","14.42","0.63","0.5","0.75","0","","","437","63","4179.63","4167.87"
"Apr 28, 2023 1:30pm","Apr 28, 2023 4:00pm","SPX","Apr 28, 2023","ironcondor","long put 4,145 / short put 4,150 / short call 4,180 / long call 4,185","1","expired","107","393","27.23","107","27.23","1.07","0.9","1.25","0","","","393","107","4165.64","4169.48"
"Apr 26, 2023 1:30pm","Apr 26, 2023 4:00pm","SPX","Apr 26, 2023","ironcondor","long put 4,050 / short put 4,055 / short call 4,085 / long call 4,090","1","expired","112","388","28.87","112","28.87","1.12","1","1.25","0","","","388","112","4073.77","4055.99"
"Apr 24, 2023 1:30pm","Apr 24, 2023 4:00pm","SPX","Apr 24, 2023","ironcondor","long put 4,110 / short put 4,115 / short call 4,140 / long call 4,145","1","expired","91","409","22.25","91","22.25","0.91","0.8","1.05","0","","","409","91","4129.11","4137.04"
"Apr 21, 2023 1:30pm","Apr 21, 2023 4:00pm","SPX","Apr 21, 2023","ironcondor","long put 4,105 / short put 4,110 / short call 4,140 / long call 4,145","1","expired","101","399","25.31","101","25.31","1.01","0.9","1.15","0","","","399","101","4126.79","4133.52"
"Apr 20, 2023 1:30pm","Apr 20, 2023 4:00pm","SPX","Apr 20, 2023","ironcondor","long put 4,130 / short put 4,135 / short call 4,160 / long call 4,165","1","expired","-407","407","-100","93","22.85","0.93","0.75","1.1","5","","","407","93","4147.06","4129.79"
"Apr 19, 2023 1:30pm","Apr 19, 2023 4:00pm","SPX","Apr 19, 2023","ironcondor","long put 4,135 / short put 4,140 / short call 4,165 / long call 4,170","1","expired","109","391","27.88","109","27.88","1.09","0.95","1.2","0","","","391","109","4154.78","4154.52"
"Apr 18, 2023 1:30pm","Apr 18, 2023 4:00pm","SPX","Apr 18, 2023","ironcondor","long put 4,130 / short put 4,135 / short call 4,165 / long call 4,170","1","expired","100","400","25","100","25","1","0.85","1.15","0","","","400","100","4148.89","4154.87"
"Apr 17, 2023 1:30pm","Apr 17, 2023 4:00pm","SPX","Apr 17, 2023","ironcondor","long put 4,115 / short put 4,120 / short call 4,145 / long call 4,150","1","expired","-392","392","-100","108","27.55","1.08","0.9","1.25","5","","","392","108","4131.77","4151.32"
"Apr 14, 2023 1:30pm","Apr 14, 2023 4:00pm","SPX","Apr 14, 2023","ironcondor","long put 4,095 / short put 4,100 / short call 4,135 / long call 4,140","1","expired","-172","408","-42.16","92","22.55","0.92","0.8","1.05","2.64","","","408","92","4118.51","4137.64"
"Apr 12, 2023 1:30pm","Apr 12, 2023 4:00pm","SPX","Apr 12, 2023","ironcondor","long put 4,100 / short put 4,105 / short call 4,145 / long call 4,150","1","expired","-408","408","-100","92","22.55","0.92","0.8","1.05","5","","","408","92","4124.41","4091.95"
"Apr 11, 2023 1:30pm","Apr 11, 2023 4:00pm","SPX","Apr 11, 2023","ironcondor","long put 4,100 / short put 4,105 / short call 4,130 / long call 4,135","1","expired","110","390","28.21","110","28.21","1.1","1","1.2","0","","","390","110","4117.5","4108.94"
"Apr 10, 2023 1:30pm","Apr 10, 2023 4:00pm","SPX","Apr 10, 2023","ironcondor","long put 4,080 / short put 4,085 / short call 4,115 / long call 4,120","1","expired","91","409","22.25","91","22.25","0.91","0.8","1.05","0","","","409","91","4099.39","4109.11"
"Apr 6, 2023 1:30pm","Apr 6, 2023 4:00pm","SPX","Apr 6, 2023","ironcondor","long put 4,080 / short put 4,085 / short call 4,120 / long call 4,125","1","expired","76","424","17.92","76","17.92","0.76","0.6","0.9","0","","","424","76","4102.53","4105.02"
"Apr 5, 2023 1:30pm","Apr 5, 2023 4:00pm","SPX","Apr 5, 2023","ironcondor","long put 4,060 / short put 4,065 / short call 4,095 / long call 4,100","1","expired","104","396","26.26","104","26.26","1.04","0.9","1.15","0","","","396","104","4082.25","4090.38"
"Apr 4, 2023 1:30pm","Apr 4, 2023 4:00pm","SPX","Apr 4, 2023","ironcondor","long put 4,080 / short put 4,085 / short call 4,120 / long call 4,125","1","expired","88","412","21.36","88","21.36","0.88","0.7","1.05","0","","","412","88","4104.01","4100.6"
"Apr 3, 2023 1:30pm","Apr 3, 2023 4:00pm","SPX","Apr 3, 2023","ironcondor","long put 4,085 / short put 4,090 / short call 4,120 / long call 4,125","1","expired","-341","390","-87.44","110","28.21","1.1","0.95","1.25","4.51","","","390","110","4106.74","4124.51"
"Mar 30, 2023 1:30pm","Mar 30, 2023 4:00pm","SPX","Mar 30, 2023","ironcondor","long put 4,015 / short put 4,020 / short call 4,055 / long call 4,060","1","expired","72","428","16.82","72","16.82","0.72","0.6","0.85","0","","","428","72","4038.69","4050.83"
"Mar 28, 2023 1:30pm","Mar 28, 2023 4:00pm","SPX","Mar 28, 2023","ironcondor","long put 3,940 / short put 3,945 / short call 3,980 / long call 3,985","1","expired","134","366","36.61","134","36.61","1.34","1.2","1.5","0","","","366","134","3963.64","3971.27"
"Mar 27, 2023 1:30pm","Mar 27, 2023 4:00pm","SPX","Mar 27, 2023","ironcondor","long put 3,960 / short put 3,965 / short call 4,005 / long call 4,010","1","expired","125","375","33.33","125","33.33","1.25","1.1","1.4","0","","","375","125","3984.67","3977.53"
"Mar 24, 2023 1:30pm","Mar 24, 2023 4:00pm","SPX","Mar 24, 2023","ironcondor","long put 3,910 / short put 3,915 / short call 3,980 / long call 3,985","1","expired","115","385","29.87","115","29.87","1.15","0.95","1.35","0","","","385","115","3950.48","3970.99"
"Mar 22, 2023 1:30pm","Mar 22, 2023 4:00pm","SPX","Mar 22, 2023","ironcondor","long put 3,925 / short put 3,930 / short call 4,065 / long call 4,070","1","expired","160","340","47.06","160","47.06","1.6","1.2","2","0","","","340","160","3997.17","3936.97"
"Mar 13, 2023 1:30pm","Mar 13, 2023 4:00pm","SPX","Mar 13, 2023","ironcondor","long put 3,820 / short put 3,825 / short call 3,905 / long call 3,910","1","expired","118","382","30.89","118","30.89","1.18","0.9","1.45","0","","","382","118","3866.88","3855.76"
"Mar 9, 2023 1:30pm","Mar 9, 2023 4:00pm","SPX","Mar 9, 2023","ironcondor","long put 3,940 / short put 3,945 / short call 3,990 / long call 3,995","1","expired","-410","410","-100","90","21.95","0.9","0.75","1.05","5","","","410","90","3967.51","3918.32"
"Mar 8, 2023 1:30pm","Mar 8, 2023 4:00pm","SPX","Mar 8, 2023","ironcondor","long put 3,945 / short put 3,950 / short call 3,990 / long call 3,995","1","expired","-98","397","-24.69","103","25.94","1.03","0.9","1.15","2.01","","","397","103","3971.69","3992.01"
"Mar 6, 2023 1:30pm","Mar 6, 2023 4:00pm","SPX","Mar 6, 2023","ironcondor","long put 4,040 / short put 4,045 / short call 4,075 / long call 4,080","1","expired","133","367","36.24","133","36.24","1.33","1.15","1.5","0","","","367","133","4060.19","4048.42"
"Mar 2, 2023 1:30pm","Mar 2, 2023 4:00pm","SPX","Mar 2, 2023","ironcondor","long put 3,920 / short put 3,925 / short call 3,965 / long call 3,970","1","expired","-403","403","-100","97","24.07","0.97","0.8","1.15","5","","","403","97","3944.95","3981.35"
"Mar 1, 2023 1:30pm","Mar 1, 2023 4:00pm","SPX","Mar 1, 2023","ironcondor","long put 3,930 / short put 3,935 / short call 3,975 / long call 3,980","1","expired","108","392","27.55","108","27.55","1.08","0.9","1.25","0","","","392","108","3954.3","3951.39"
"Feb 28, 2023 1:30pm","Feb 28, 2023 4:00pm","SPX","Feb 28, 2023","ironcondor","long put 3,970 / short put 3,975 / short call 4,015 / long call 4,020","1","expired","-383","398","-96.23","102","25.63","1.02","0.9","1.15","4.85","","","398","102","3995.43","3970.15"
"Feb 27, 2023 1:30pm","Feb 27, 2023 4:00pm","SPX","Feb 27, 2023","ironcondor","long put 3,970 / short put 3,975 / short call 4,010 / long call 4,015","1","expired","127","373","34.05","127","34.05","1.27","1.15","1.4","0","","","373","127","3993.31","3982.24"
"Feb 23, 2023 1:30pm","Feb 23, 2023 4:00pm","SPX","Feb 23, 2023","ironcondor","long put 3,955 / short put 3,960 / short call 4,005 / long call 4,010","1","expired","-397","397","-100","103","25.94","1.03","0.9","1.15","5","","","397","103","3982.57","4012.32"
"Feb 22, 2023 1:30pm","Feb 22, 2023 4:00pm","SPX","Feb 22, 2023","ironcondor","long put 3,975 / short put 3,980 / short call 4,045 / long call 4,050","1","expired","117","383","30.55","117","30.55","1.17","1.05","1.3","0","","","383","117","4014.71","3991.05"
"Feb 16, 2023 1:30pm","Feb 16, 2023 4:00pm","SPX","Feb 16, 2023","ironcondor","long put 4,095 / short put 4,100 / short call 4,145 / long call 4,150","1","expired","-399","399","-100","101","25.31","1.01","0.85","1.15","5","","","399","101","4122.52","4090.41"
"Feb 15, 2023 1:30pm","Feb 15, 2023 4:00pm","SPX","Feb 15, 2023","ironcondor","long put 4,105 / short put 4,110 / short call 4,150 / long call 4,155","1","expired","101","399","25.31","101","25.31","1.01","0.85","1.15","0","","","399","101","4131.65","4147.6"
"Feb 14, 2023 1:30pm","Feb 14, 2023 4:00pm","SPX","Feb 14, 2023","ironcondor","long put 4,105 / short put 4,110 / short call 4,160 / long call 4,165","1","expired","120","380","31.58","120","31.58","1.2","1.05","1.35","0","","","380","120","4134.47","4136.13"
"Feb 10, 2023 1:30pm","Feb 10, 2023 4:00pm","SPX","Feb 10, 2023","ironcondor","long put 4,055 / short put 4,060 / short call 4,110 / long call 4,115","1","expired","108","392","27.55","108","27.55","1.08","0.9","1.25","0","","","392","108","4085.89","4090.46"
"Feb 9, 2023 1:30pm","Feb 9, 2023 4:00pm","SPX","Feb 9, 2023","ironcondor","long put 4,080 / short put 4,085 / short call 4,130 / long call 4,135","1","expired","-220","370","-59.46","130","35.14","1.3","1.15","1.45","3.5","","","370","130","4109.43","4081.5"
"Feb 7, 2023 1:30pm","Feb 7, 2023 4:00pm","SPX","Feb 7, 2023","ironcondor","long put 4,075 / short put 4,080 / short call 4,140 / long call 4,145","1","expired","-386","386","-100","114","29.53","1.14","0.9","1.35","5","","","386","114","4110.29","4164"
"Feb 6, 2023 1:30pm","Feb 6, 2023 4:00pm","SPX","Feb 6, 2023","ironcondor","long put 4,085 / short put 4,090 / short call 4,130 / long call 4,135","1","expired","123","377","32.63","123","32.63","1.23","1.1","1.35","0","","","377","123","4109.31","4111.08"
"Feb 1, 2023 1:30pm","Feb 1, 2023 4:00pm","SPX","Feb 1, 2023","ironcondor","long put 3,985 / short put 3,990 / short call 4,125 / long call 4,130","1","expired","140","360","38.89","140","38.89","1.4","1.1","1.7","0","","","360","140","4057.87","4119.21"
"Jan 27, 2023 1:30pm","Jan 27, 2023 4:00pm","SPX","Jan 27, 2023","ironcondor","long put 4,050 / short put 4,055 / short call 4,095 / long call 4,100","1","expired","107","393","27.23","107","27.23","1.07","0.9","1.25","0","","","393","107","4073.34","4070.56"
"Jan 26, 2023 1:30pm","Jan 26, 2023 4:00pm","SPX","Jan 26, 2023","ironcondor","long put 4,010 / short put 4,015 / short call 4,055 / long call 4,060","1","expired","-384","384","-100","116","30.21","1.16","1","1.3","5","","","384","116","4035.73","4060.43"
"Jan 25, 2023 1:30pm","Jan 25, 2023 4:00pm","SPX","Jan 25, 2023","ironcondor","long put 3,975 / short put 3,980 / short call 4,020 / long call 4,025","1","expired","119","381","31.23","119","31.23","1.19","1.05","1.35","0","","","381","119","4000.54","4016.22"
"Jan 24, 2023 1:30pm","Jan 24, 2023 4:00pm","SPX","Jan 24, 2023","ironcondor","long put 3,995 / short put 4,000 / short call 4,035 / long call 4,040","1","expired","115","385","29.87","115","29.87","1.15","1","1.3","0","","","385","115","4017.52","4016.95"
"Jan 19, 2023 1:30pm","Jan 19, 2023 4:00pm","SPX","Jan 19, 2023","ironcondor","long put 3,880 / short put 3,885 / short call 3,920 / long call 3,925","1","expired","125","375","33.33","125","33.33","1.25","1.05","1.45","0","","","375","125","3903.58","3898.85"
"Jan 17, 2023 1:30pm","Jan 17, 2023 4:00pm","SPX","Jan 17, 2023","ironcondor","long put 3,970 / short put 3,975 / short call 4,010 / long call 4,015","1","expired","102","398","25.63","102","25.63","1.02","0.9","1.15","0","","","398","102","3995.07","3990.97"
"Jan 13, 2023 1:30pm","Jan 13, 2023 4:00pm","SPX","Jan 13, 2023","ironcondor","long put 3,955 / short put 3,960 / short call 3,995 / long call 4,000","1","expired","-301","392","-76.79","108","27.55","1.08","0.9","1.25","4.09","","","392","108","3977.52","3999.09"
"Jan 12, 2023 1:30pm","Jan 12, 2023 4:00pm","SPX","Jan 12, 2023","ironcondor","long put 3,945 / short put 3,950 / short call 4,000 / long call 4,005","1","expired","88","412","21.36","88","21.36","0.88","0.7","1.05","0","","","412","88","3975.55","3983.17"
"Jan 10, 2023 1:30pm","Jan 10, 2023 4:00pm","SPX","Jan 10, 2023","ironcondor","long put 3,875 / short put 3,880 / short call 3,920 / long call 3,925","1","expired","112","388","28.87","112","28.87","1.12","0.95","1.3","0","","","388","112","3903.11","3919.25"
"Dec 28, 2022 1:30pm","Dec 28, 2022 4:00pm","SPX","Dec 28, 2022","ironcondor","long put 3,785 / short put 3,790 / short call 3,825 / long call 3,830","1","expired","-398","398","-100","102","25.63","1.02","0.85","1.2","5","","","398","102","3808.59","3783.22"
"Dec 27, 2022 1:30pm","Dec 27, 2022 4:00pm","SPX","Dec 27, 2022","ironcondor","long put 3,810 / short put 3,815 / short call 3,855 / long call 3,860","1","expired","84","416","20.19","84","20.19","0.84","0.7","1","0","","","416","84","3835.48","3829.25"
"Dec 23, 2022 1:30pm","Dec 23, 2022 4:00pm","SPX","Dec 23, 2022","ironcondor","long put 3,810 / short put 3,815 / short call 3,855 / long call 3,860","1","expired","110","390","28.21","110","28.21","1.1","0.9","1.3","0","","","390","110","3836.65","3844.82"
"Dec 20, 2022 1:30pm","Dec 20, 2022 4:00pm","SPX","Dec 20, 2022","ironcondor","long put 3,805 / short put 3,810 / short call 3,850 / long call 3,855","1","expired","115","385","29.87","115","29.87","1.15","0.95","1.35","0","","","385","115","3831.09","3821.62"
"Dec 19, 2022 1:30pm","Dec 19, 2022 4:00pm","SPX","Dec 19, 2022","ironcondor","long put 3,805 / short put 3,810 / short call 3,845 / long call 3,850","1","expired","123","377","32.63","123","32.63","1.23","1.05","1.4","0","","","377","123","3827.42","3817.66"
"Dec 14, 2022 1:30pm","Dec 14, 2022 4:00pm","SPX","Dec 14, 2022","ironcondor","long put 3,950 / short put 3,955 / short call 4,125 / long call 4,130","1","expired","155","345","44.93","155","44.93","1.55","1.2","1.9","0","","","345","155","4041.34","3995.32"
"Dec 13, 2022 1:30pm","Dec 13, 2022 4:00pm","SPX","Dec 13, 2022","ironcondor","long put 3,980 / short put 3,985 / short call 4,050 / long call 4,055","1","expired","128","372","34.41","128","34.41","1.28","1.1","1.45","0","","","372","128","4019.45","4019.65"
"Dec 12, 2022 1:30pm","Dec 12, 2022 4:00pm","SPX","Dec 12, 2022","ironcondor","long put 3,930 / short put 3,935 / short call 3,970 / long call 3,975","1","expired","-387","387","-100","113","29.2","1.13","1","1.25","5","","","387","113","3955.55","3990.56"
"Dec 9, 2022 1:30pm","Dec 9, 2022 4:00pm","SPX","Dec 9, 2022","ironcondor","long put 3,935 / short put 3,940 / short call 3,980 / long call 3,985","1","expired","-397","397","-100","103","25.94","1.03","0.85","1.2","5","","","397","103","3959.27","3934.38"
"Dec 7, 2022 1:30pm","Dec 7, 2022 4:00pm","SPX","Dec 7, 2022","ironcondor","long put 3,915 / short put 3,920 / short call 3,965 / long call 3,970","1","expired","103","397","25.94","103","25.94","1.03","0.85","1.2","0","","","397","103","3943.64","3933.92"
"Dec 2, 2022 1:30pm","Dec 2, 2022 4:00pm","SPX","Dec 2, 2022","ironcondor","long put 4,030 / short put 4,035 / short call 4,070 / long call 4,075","1","expired","-58","388","-14.95","112","28.87","1.12","0.95","1.3","1.7","","","388","112","4052.07","4071.7"
"Dec 1, 2022 1:30pm","Dec 1, 2022 4:00pm","SPX","Dec 1, 2022","ironcondor","long put 4,040 / short put 4,045 / short call 4,090 / long call 4,095","1","expired","120","380","31.58","120","31.58","1.2","0.95","1.45","0","","","380","120","4069.62","4076.57"
"Nov 30, 2022 1:30pm","Nov 30, 2022 4:00pm","SPX","Nov 30, 2022","ironcondor","long put 3,885 / short put 3,890 / short call 4,005 / long call 4,010","1","expired","-340","340","-100","160","47.06","1.6","1.1","2.1","5","","","340","160","3950.82","4080.11"
"Nov 29, 2022 1:30pm","Nov 29, 2022 4:00pm","SPX","Nov 29, 2022","ironcondor","long put 3,920 / short put 3,925 / short call 3,960 / long call 3,965","1","expired","118","382","30.89","118","30.89","1.18","1","1.35","0","","","382","118","3944.31","3957.63"
"Nov 23, 2022 1:30pm","Nov 23, 2022 4:00pm","SPX","Nov 23, 2022","ironcondor","long put 3,975 / short put 3,980 / short call 4,040 / long call 4,045","1","expired","104","396","26.26","104","26.26","1.04","0.95","1.15","0","","","396","104","4011.19","4027.26"
"Nov 21, 2022 1:30pm","Nov 21, 2022 4:00pm","SPX","Nov 21, 2022","ironcondor","long put 3,930 / short put 3,935 / short call 3,975 / long call 3,980","1","expired","108","392","27.55","108","27.55","1.08","0.9","1.25","0","","","392","108","3954.41","3949.94"
"Nov 18, 2022 1:30pm","Nov 18, 2022 4:00pm","SPX","Nov 18, 2022","ironcondor","long put 3,925 / short put 3,930 / short call 3,975 / long call 3,980","1","expired","108","392","27.55","108","27.55","1.08","0.9","1.25","0","","","392","108","3952.23","3965.34"
"Nov 17, 2022 1:30pm","Nov 17, 2022 4:00pm","SPX","Nov 17, 2022","ironcondor","long put 3,920 / short put 3,925 / short call 3,970 / long call 3,975","1","expired","137","363","37.74","137","37.74","1.37","1.15","1.6","0","","","363","137","3949.32","3946.56"
"Nov 16, 2022 1:30pm","Nov 16, 2022 4:00pm","SPX","Nov 16, 2022","ironcondor","long put 3,940 / short put 3,945 / short call 3,995 / long call 4,000","1","expired","112","388","28.87","112","28.87","1.12","0.95","1.3","0","","","388","112","3969.62","3958.79"
"Nov 15, 2022 1:30pm","Nov 15, 2022 4:00pm","SPX","Nov 15, 2022","ironcondor","long put 3,925 / short put 3,930 / short call 4,005 / long call 4,010","1","expired","124","376","32.98","124","32.98","1.24","0.9","1.6","0","","","376","124","3970.88","3991.73"
"Nov 14, 2022 1:30pm","Nov 14, 2022 4:00pm","SPX","Nov 14, 2022","ironcondor","long put 3,980 / short put 3,985 / short call 4,025 / long call 4,030","1","expired","-367","367","-100","133","36.24","1.33","1.15","1.5","5","","","367","133","4007.36","3957.25"
"Nov 11, 2022 1:30pm","Nov 11, 2022 4:00pm","SPX","Nov 11, 2022","ironcondor","long put 3,955 / short put 3,960 / short call 4,010 / long call 4,015","1","expired","107","393","27.23","107","27.23","1.07","0.9","1.25","0","","","393","107","3985.45","3992.93"
"Nov 8, 2022 1:30pm","Nov 8, 2022 4:00pm","SPX","Nov 8, 2022","ironcondor","long put 3,790 / short put 3,795 / short call 3,855 / long call 3,860","1","expired","113","387","29.2","113","29.2","1.13","0.9","1.35","0","","","387","113","3826.78","3828.11"
"Nov 7, 2022 1:30pm","Nov 7, 2022 4:00pm","SPX","Nov 7, 2022","ironcondor","long put 3,760 / short put 3,765 / short call 3,805 / long call 3,810","1","expired","-76","396","-19.19","104","26.26","1.04","0.9","1.2","1.8","","","396","104","3784.24","3806.8"
"Nov 4, 2022 1:30pm","Nov 4, 2022 4:00pm","SPX","Nov 4, 2022","ironcondor","long put 3,680 / short put 3,685 / short call 3,750 / long call 3,755","1","expired","-376","376","-100","124","32.98","1.24","1","1.5","5","","","376","124","3719.48","3770.55"
"Nov 3, 2022 1:30pm","Nov 3, 2022 4:00pm","SPX","Nov 3, 2022","ironcondor","long put 3,710 / short put 3,715 / short call 3,760 / long call 3,765","1","expired","122","378","32.28","122","32.28","1.22","1","1.45","0","","","378","122","3738.13","3719.89"
"Nov 2, 2022 1:30pm","Nov 2, 2022 4:00pm","SPX","Nov 2, 2022","ironcondor","long put 3,750 / short put 3,755 / short call 3,915 / long call 3,920","1","expired","150","350","42.86","150","42.86","1.5","1.1","1.9","0","","","350","150","3831.3","3759.69"
"Nov 1, 2022 1:30pm","Nov 1, 2022 4:00pm","SPX","Nov 1, 2022","ironcondor","long put 3,835 / short put 3,840 / short call 3,880 / long call 3,885","1","expired","108","392","27.55","108","27.55","1.08","0.9","1.25","0","","","392","108","3858.78","3856.1"
"Oct 31, 2022 1:30pm","Oct 31, 2022 4:00pm","SPX","Oct 31, 2022","ironcondor","long put 3,855 / short put 3,860 / short call 3,910 / long call 3,915","1","expired","111","389","28.53","111","28.53","1.11","0.9","1.3","0","","","389","111","3883.39","3871.98"
"Oct 27, 2022 1:30pm","Oct 27, 2022 4:00pm","SPX","Oct 27, 2022","ironcondor","long put 3,795 / short put 3,800 / short call 3,850 / long call 3,855","1","expired","112","388","28.87","112","28.87","1.12","0.95","1.3","0","","","388","112","3826.76","3807.3"
"Oct 26, 2022 1:30pm","Oct 26, 2022 4:00pm","SPX","Oct 26, 2022","ironcondor","long put 3,810 / short put 3,815 / short call 3,865 / long call 3,870","1","expired","117","383","30.55","117","30.55","1.17","1","1.35","0","","","383","117","3842.23","3830.6"
"Oct 24, 2022 1:30pm","Oct 24, 2022 4:00pm","SPX","Oct 24, 2022","ironcondor","long put 3,750 / short put 3,755 / short call 3,805 / long call 3,810","1","expired","129","371","34.77","129","34.77","1.29","1.05","1.55","0","","","371","129","3780.75","3797.34"
"Oct 20, 2022 1:30pm","Oct 20, 2022 4:00pm","SPX","Oct 20, 2022","ironcondor","long put 3,650 / short put 3,655 / short call 3,710 / long call 3,715","1","expired","124","376","32.98","124","32.98","1.24","1.05","1.45","0","","","376","124","3681.58","3665.78"
"Oct 12, 2022 1:30pm","Oct 12, 2022 4:00pm","SPX","Oct 12, 2022","ironcondor","long put 3,550 / short put 3,555 / short call 3,630 / long call 3,635","1","expired","115","385","29.87","115","29.87","1.15","0.95","1.35","0","","","385","115","3593.91","3577.03"
"Oct 11, 2022 1:30pm","Oct 11, 2022 4:00pm","SPX","Oct 11, 2022","ironcondor","long put 3,595 / short put 3,600 / short call 3,650 / long call 3,655","1","expired","-369","369","-100","131","35.5","1.31","1.1","1.5","5","","","369","131","3624.89","3588.84"
"Oct 6, 2022 1:30pm","Oct 6, 2022 4:00pm","SPX","Oct 6, 2022","ironcondor","long put 3,735 / short put 3,740 / short call 3,800 / long call 3,805","1","expired","132","368","35.87","132","35.87","1.32","1.15","1.5","0","","","368","132","3769.53","3744.52"
"Oct 5, 2022 1:30pm","Oct 5, 2022 4:00pm","SPX","Oct 5, 2022","ironcondor","long put 3,750 / short put 3,755 / short call 3,805 / long call 3,810","1","expired","119","381","31.23","119","31.23","1.19","1.05","1.35","0","","","381","119","3779.76","3783.28"
"Sep 30, 2022 1:30pm","Sep 30, 2022 4:00pm","SPX","Sep 30, 2022","ironcondor","long put 3,595 / short put 3,600 / short call 3,675 / long call 3,680","1","expired","-382","382","-100","118","30.89","1.18","1","1.35","5","","","382","118","3640.02","3585.62"
"Sep 27, 2022 1:30pm","Sep 27, 2022 4:00pm","SPX","Sep 27, 2022","ironcondor","long put 3,590 / short put 3,595 / short call 3,670 / long call 3,675","1","expired","121","379","31.93","121","31.93","1.21","1","1.4","0","","","379","121","3633.19","3647.29"
"Sep 22, 2022 1:30pm","Sep 22, 2022 4:00pm","SPX","Sep 22, 2022","ironcondor","long put 3,725 / short put 3,730 / short call 3,795 / long call 3,800","1","expired","117","383","30.55","117","30.55","1.17","1","1.35","0","","","383","117","3764.07","3757.99"
"Sep 21, 2022 1:30pm","Sep 21, 2022 4:00pm","SPX","Sep 21, 2022","ironcondor","long put 3,785 / short put 3,790 / short call 3,955 / long call 3,960","1","expired","153","340","45","160","47.06","1.6","1.3","1.9","0.07","","","340","160","3874.99","3789.93"
"Sep 19, 2022 1:30pm","Sep 19, 2022 4:00pm","SPX","Sep 19, 2022","ironcondor","long put 3,845 / short put 3,850 / short call 3,900 / long call 3,905","1","expired","135","365","36.99","135","36.99","1.35","1.15","1.55","0","","","365","135","3875.94","3899.89"
"Sep 15, 2022 1:30pm","Sep 15, 2022 4:00pm","SPX","Sep 15, 2022","ironcondor","long put 3,905 / short put 3,910 / short call 3,970 / long call 3,975","1","expired","-380","380","-100","120","31.58","1.2","1","1.4","5","","","380","120","3940.86","3901.35"
"Sep 14, 2022 1:30pm","Sep 14, 2022 4:00pm","SPX","Sep 14, 2022","ironcondor","long put 3,915 / short put 3,920 / short call 3,975 / long call 3,980","1","expired","125","375","33.33","125","33.33","1.25","1.05","1.45","0","","","375","125","3950.49","3946.01"
"Sep 8, 2022 1:30pm","Sep 8, 2022 4:00pm","SPX","Sep 8, 2022","ironcondor","long put 3,960 / short put 3,965 / short call 4,020 / long call 4,025","1","expired","115","385","29.87","115","29.87","1.15","0.95","1.35","0","","","385","115","3993.8","4006.18"
"Sep 6, 2022 1:30pm","Sep 6, 2022 4:00pm","SPX","Sep 6, 2022","ironcondor","long put 3,860 / short put 3,865 / short call 3,930 / long call 3,935","1","expired","127","373","34.05","127","34.05","1.27","1.05","1.5","0","","","373","127","3897.8","3908.19"
"Sep 2, 2022 1:30pm","Sep 2, 2022 4:00pm","SPX","Sep 2, 2022","ironcondor","long put 3,895 / short put 3,900 / short call 3,975 / long call 3,980","1","expired","135","365","36.99","135","36.99","1.35","1.1","1.6","0","","","365","135","3937.49","3924.26"
"Sep 1, 2022 1:30pm","Sep 1, 2022 4:00pm","SPX","Sep 1, 2022","ironcondor","long put 3,900 / short put 3,905 / short call 3,960 / long call 3,965","1","expired","-370","370","-100","130","35.14","1.3","1.1","1.5","5","","","370","130","3932.5","3966.85"
"Aug 31, 2022 1:30pm","Aug 31, 2022 4:00pm","SPX","Aug 31, 2022","ironcondor","long put 3,945 / short put 3,950 / short call 4,000 / long call 4,005","1","expired","119","381","31.23","119","31.23","1.19","1","1.4","0","","","381","119","3974.61","3955"
"Aug 29, 2022 1:30pm","Aug 29, 2022 4:00pm","SPX","Aug 29, 2022","ironcondor","long put 4,015 / short put 4,020 / short call 4,070 / long call 4,075","1","expired","115","385","29.87","115","29.87","1.15","0.95","1.35","0","","","385","115","4049.56","4030.61"
"Aug 25, 2022 1:30pm","Aug 25, 2022 4:00pm","SPX","Aug 25, 2022","ironcondor","long put 4,145 / short put 4,150 / short call 4,185 / long call 4,190","1","expired","-380","380","-100","120","31.58","1.2","1.1","1.3","5","","","380","120","4166.91","4199.12"
"Aug 24, 2022 1:30pm","Aug 24, 2022 4:00pm","SPX","Aug 24, 2022","ironcondor","long put 4,110 / short put 4,115 / short call 4,150 / long call 4,155","1","expired","92","408","22.55","92","22.55","0.92","0.8","1.05","0","","","408","92","4131.82","4140.77"
"Aug 23, 2022 1:30pm","Aug 23, 2022 4:00pm","SPX","Aug 23, 2022","ironcondor","long put 4,110 / short put 4,115 / short call 4,160 / long call 4,165","1","expired","101","399","25.31","101","25.31","1.01","0.85","1.15","0","","","399","101","4139.27","4128.73"
"Aug 18, 2022 1:30pm","Aug 18, 2022 4:00pm","SPX","Aug 18, 2022","ironcondor","long put 4,255 / short put 4,260 / short call 4,295 / long call 4,300","1","expired","127","373","34.05","127","34.05","1.27","1.1","1.45","0","","","373","127","4276.99","4283.74"
"Aug 17, 2022 1:30pm","Aug 17, 2022 4:00pm","SPX","Aug 17, 2022","ironcondor","long put 4,245 / short put 4,250 / short call 4,305 / long call 4,310","1","expired","115","385","29.87","115","29.87","1.15","0.95","1.35","0","","","385","115","4276.4","4274.04"
"Aug 16, 2022 1:30pm","Aug 16, 2022 4:00pm","SPX","Aug 16, 2022","ironcondor","long put 4,290 / short put 4,295 / short call 4,325 / long call 4,330","1","expired","90","410","21.95","90","21.95","0.9","0.75","1.05","0","","","410","90","4311.24","4305.2"
"Aug 15, 2022 1:30pm","Aug 15, 2022 4:00pm","SPX","Aug 15, 2022","ironcondor","long put 4,270 / short put 4,275 / short call 4,310 / long call 4,315","1","expired","113","387","29.2","113","29.2","1.13","1","1.25","0","","","387","113","4294.4","4297.14"
"Aug 11, 2022 1:30pm","Aug 11, 2022 4:00pm","SPX","Aug 11, 2022","ironcondor","long put 4,210 / short put 4,215 / short call 4,250 / long call 4,255","1","expired","-378","378","-100","122","32.28","1.22","1.05","1.4","5","","","378","122","4233.3","4207.27"
"Aug 9, 2022 1:30pm","Aug 9, 2022 4:00pm","SPX","Aug 9, 2022","ironcondor","long put 4,100 / short put 4,105 / short call 4,140 / long call 4,145","1","expired","113","387","29.2","113","29.2","1.13","0.95","1.3","0","","","387","113","4121.44","4122.47"
"Aug 8, 2022 1:30pm","Aug 8, 2022 4:00pm","SPX","Aug 8, 2022","ironcondor","long put 4,115 / short put 4,120 / short call 4,160 / long call 4,165","1","expired","137","363","37.74","137","37.74","1.37","1.2","1.55","0","","","363","137","4142.26","4140.06"
"Aug 5, 2022 1:30pm","Aug 5, 2022 4:00pm","SPX","Aug 5, 2022","ironcondor","long put 4,110 / short put 4,115 / short call 4,155 / long call 4,160","1","expired","106","394","26.9","106","26.9","1.06","0.9","1.2","0","","","394","106","4137.74","4145.19"
"Aug 4, 2022 1:30pm","Aug 4, 2022 4:00pm","SPX","Aug 4, 2022","ironcondor","long put 4,125 / short put 4,130 / short call 4,175 / long call 4,180","1","expired","103","397","25.94","103","25.94","1.03","0.85","1.2","0","","","397","103","4153.91","4151.94"
"Aug 2, 2022 1:30pm","Aug 2, 2022 4:00pm","SPX","Aug 2, 2022","ironcondor","long put 4,090 / short put 4,095 / short call 4,140 / long call 4,145","1","expired","-271","390","-69.49","110","28.21","1.1","0.9","1.3","3.81","","","390","110","4118.4","4091.19"
"Aug 1, 2022 1:30pm","Aug 1, 2022 4:00pm","SPX","Aug 1, 2022","ironcondor","long put 4,085 / short put 4,090 / short call 4,135 / long call 4,140","1","expired","122","378","32.28","122","32.28","1.22","1.05","1.4","0","","","378","122","4113.08","4118.63"
"Jul 25, 2022 1:30pm","Jul 25, 2022 4:00pm","SPX","Jul 25, 2022","ironcondor","long put 3,935 / short put 3,940 / short call 3,985 / long call 3,990","1","expired","125","375","33.33","125","33.33","1.25","1.1","1.4","0","","","375","125","3965.72","3966.84"
"Jul 21, 2022 1:30pm","Jul 21, 2022 4:00pm","SPX","Jul 21, 2022","ironcondor","long put 3,945 / short put 3,950 / short call 4,000 / long call 4,005","1","expired","102","398","25.63","102","25.63","1.02","0.9","1.15","0","","","398","102","3977.4","3998.95"
"Jul 20, 2022 1:30pm","Jul 20, 2022 4:00pm","SPX","Jul 20, 2022","ironcondor","long put 3,915 / short put 3,920 / short call 3,975 / long call 3,980","1","expired","109","391","27.88","109","27.88","1.09","0.95","1.25","0","","","391","109","3949.86","3959.9"
"Jul 18, 2022 1:30pm","Jul 18, 2022 4:00pm","SPX","Jul 18, 2022","ironcondor","long put 3,855 / short put 3,860 / short call 3,905 / long call 3,910","1","expired","-401","401","-100","99","24.69","0.99","0.85","1.15","5","","","401","99","3882.74","3830.85"
"Jul 13, 2022 1:30pm","Jul 13, 2022 4:00pm","SPX","Jul 13, 2022","ironcondor","long put 3,780 / short put 3,785 / short call 3,850 / long call 3,855","1","expired","108","392","27.55","108","27.55","1.08","0.85","1.3","0","","","392","108","3819","3801.78"
"Jul 12, 2022 1:30pm","Jul 12, 2022 4:00pm","SPX","Jul 12, 2022","ironcondor","long put 3,825 / short put 3,830 / short call 3,875 / long call 3,880","1","expired","-388","388","-100","112","28.87","1.12","0.95","1.3","5","","","388","112","3852.48","3818.8"
"Jul 11, 2022 1:30pm","Jul 11, 2022 4:00pm","SPX","Jul 11, 2022","ironcondor","long put 3,845 / short put 3,850 / short call 3,895 / long call 3,900","1","expired","115","385","29.87","115","29.87","1.15","0.95","1.35","0","","","385","115","3873.65","3854.43"
"Jul 8, 2022 1:30pm","Jul 8, 2022 4:00pm","SPX","Jul 8, 2022","ironcondor","long put 3,865 / short put 3,870 / short call 3,920 / long call 3,925","1","expired","106","394","26.9","106","26.9","1.06","0.9","1.2","0","","","394","106","3895.25","3899.38"
"Jul 6, 2022 1:30pm","Jul 6, 2022 4:00pm","SPX","Jul 6, 2022","ironcondor","long put 3,785 / short put 3,790 / short call 3,865 / long call 3,870","1","expired","110","390","28.21","110","28.21","1.1","0.9","1.3","0","","","390","110","3826.21","3845.08"
"Jul 1, 2022 1:30pm","Jul 1, 2022 4:00pm","SPX","Jul 1, 2022","ironcondor","long put 3,745 / short put 3,750 / short call 3,810 / long call 3,815","1","expired","-390","390","-100","110","28.21","1.1","0.9","1.3","5","","","390","110","3780.97","3825.33"
"Jun 30, 2022 1:30pm","Jun 30, 2022 4:00pm","SPX","Jun 30, 2022","ironcondor","long put 3,760 / short put 3,765 / short call 3,840 / long call 3,845","1","expired","143","357","40.06","143","40.06","1.43","1.2","1.65","0","","","357","143","3803.07","3785.38"
"Jun 29, 2022 1:30pm","Jun 29, 2022 4:00pm","SPX","Jun 29, 2022","ironcondor","long put 3,775 / short put 3,780 / short call 3,840 / long call 3,845","1","expired","98","402","24.38","98","24.38","0.98","0.9","1.1","0","","","402","98","3809.92","3818.83"
"Jun 27, 2022 1:30pm","Jun 27, 2022 4:00pm","SPX","Jun 27, 2022","ironcondor","long put 3,875 / short put 3,880 / short call 3,935 / long call 3,940","1","expired","105","395","26.58","105","26.58","1.05","0.85","1.25","0","","","395","105","3907.24","3900.11"
"Jun 23, 2022 1:30pm","Jun 23, 2022 4:00pm","SPX","Jun 23, 2022","ironcondor","long put 3,720 / short put 3,725 / short call 3,780 / long call 3,785","1","expired","-359","359","-100","141","39.28","1.41","1.2","1.6","5","","","359","141","3753.13","3795.73"
"Jun 22, 2022 1:30pm","Jun 22, 2022 4:00pm","SPX","Jun 22, 2022","ironcondor","long put 3,750 / short put 3,755 / short call 3,810 / long call 3,815","1","expired","133","367","36.24","133","36.24","1.33","1.1","1.55","0","","","367","133","3784.99","3759.89"
"Jun 17, 2022 1:30pm","Jun 17, 2022 4:00pm","SPX","Jun 17, 2022","ironcondor","long put 3,640 / short put 3,645 / short call 3,725 / long call 3,730","1","expired","121","379","31.93","121","31.93","1.21","0.9","1.5","0","","","379","121","3686.65","3674.84"
"Jun 14, 2022 1:30pm","Jun 14, 2022 4:00pm","SPX","Jun 14, 2022","ironcondor","long put 3,705 / short put 3,710 / short call 3,785 / long call 3,790","1","expired","123","377","32.63","123","32.63","1.23","1.05","1.4","0","","","377","123","3748.58","3735.48"
"Jun 9, 2022 1:30pm","Jun 9, 2022 4:00pm","SPX","Jun 9, 2022","ironcondor","long put 4,065 / short put 4,070 / short call 4,120 / long call 4,125","1","expired","-371","371","-100","129","34.77","1.29","1.15","1.45","5","","","371","129","4095.32","4017.82"
"Jun 7, 2022 1:30pm","Jun 7, 2022 4:00pm","SPX","Jun 7, 2022","ironcondor","long put 4,105 / short put 4,110 / short call 4,160 / long call 4,165","1","expired","42","390","10.77","110","28.21","1.1","0.95","1.25","0.68","","","390","110","4136.15","4160.68"
"Jun 6, 2022 1:30pm","Jun 6, 2022 4:00pm","SPX","Jun 6, 2022","ironcondor","long put 4,090 / short put 4,095 / short call 4,150 / long call 4,155","1","expired","125","375","33.33","125","33.33","1.25","1.05","1.45","0","","","375","125","4122.26","4121.43"
"May 31, 2022 1:30pm","May 31, 2022 4:00pm","SPX","May 31, 2022","ironcondor","long put 4,105 / short put 4,110 / short call 4,180 / long call 4,185","1","expired","133","367","36.24","133","36.24","1.33","1.1","1.55","0","","","367","133","4144.15","4132.15"
"May 25, 2022 1:30pm","May 25, 2022 4:00pm","SPX","May 25, 2022","ironcondor","long put 3,895 / short put 3,900 / short call 3,995 / long call 4,000","1","expired","140","360","38.89","140","38.89","1.4","1","1.8","0","","","360","140","3949.6","3978.73"
"May 19, 2022 1:30pm","May 19, 2022 4:00pm","SPX","May 19, 2022","ironcondor","long put 3,850 / short put 3,860 / short call 3,940 / long call 3,945","1","expired","148","852","17.37","148","17.37","1.48","1.25","1.7","0","","","852","148","3901.53","3900.79"
"May 16, 2022 1:30pm","May 16, 2022 4:00pm","SPX","May 16, 2022","ironcondor","long put 3,985 / short put 3,990 / short call 4,060 / long call 4,065","1","expired","123","377","32.63","123","32.63","1.23","1","1.45","0","","","377","123","4029.03","4008.01"
"May 10, 2022 1:30pm","May 10, 2022 4:00pm","SPX","May 10, 2022","ironcondor","long put 3,945 / short put 3,950 / short call 4,040 / long call 4,045","1","expired","131","369","35.5","131","35.5","1.31","1.05","1.55","0","","","369","131","3994.07","4001.05"
"May 6, 2022 1:30pm","May 6, 2022 4:00pm","SPX","May 6, 2022","ironcondor","long put 4,070 / short put 4,075 / short call 4,180 / long call 4,185","1","expired","130","370","35.14","130","35.14","1.3","0.9","1.7","0","","","370","130","4131.02","4123.34"
"May 4, 2022 1:30pm","May 4, 2022 4:00pm","SPX","May 4, 2022","ironcondor","long put 4,105 / short put 4,110 / short call 4,255 / long call 4,260","1","expired","-360","360","-100","140","38.89","1.4","1","1.8","5","","","360","140","4185","4300.17"
"Apr 25, 2022 1:30pm","Apr 25, 2022 4:00pm","SPX","Apr 25, 2022","ironcondor","long put 4,195 / short put 4,200 / short call 4,280 / long call 4,285","1","expired","-388","388","-100","112","28.87","1.12","0.85","1.4","5","","","388","112","4241.96","4296.12"
"Apr 20, 2022 1:30pm","Apr 20, 2022 4:00pm","SPX","Apr 20, 2022","ironcondor","long put 4,445 / short put 4,450 / short call 4,495 / long call 4,500","1","expired","92","408","22.55","92","22.55","0.92","0.75","1.1","0","","","408","92","4475.09","4459.45"
"Apr 18, 2022 1:30pm","Apr 18, 2022 4:00pm","SPX","Apr 18, 2022","ironcondor","long put 4,355 / short put 4,360 / short call 4,410 / long call 4,415","1","expired","114","386","29.53","114","29.53","1.14","1","1.3","0","","","386","114","4386.21","4391.69"
"Apr 8, 2022 1:30pm","Apr 8, 2022 4:00pm","SPX","Apr 8, 2022","ironcondor","long put 4,475 / short put 4,480 / short call 4,530 / long call 4,535","1","expired","99","401","24.69","99","24.69","0.99","0.75","1.25","0","","","401","99","4507.18","4488.28"
"Apr 4, 2022 1:30pm","Apr 4, 2022 4:00pm","SPX","Apr 4, 2022","ironcondor","long put 4,545 / short put 4,550 / short call 4,585 / long call 4,590","1","expired","92","408","22.55","92","22.55","0.92","0.75","1.1","0","","","408","92","4568.5","4582.64"
"Apr 1, 2022 1:30pm","Apr 1, 2022 4:00pm","SPX","Apr 1, 2022","ironcondor","long put 4,485 / short put 4,490 / short call 4,535 / long call 4,540","1","expired","-385","385","-100","115","29.87","1.15","0.95","1.35","5","","","385","115","4512.34","4545.86"
"Mar 31, 2022 1:30pm","Mar 31, 2022 4:00pm","SPX","Mar 31, 2022","ironcondor","long put 4,550 / short put 4,555 / short call 4,610 / long call 4,615","1","expired","-376","376","-100","124","32.98","1.24","0.95","1.55","5","","","376","124","4585.48","4530.41"
"Mar 30, 2022 1:30pm","Mar 30, 2022 4:00pm","SPX","Mar 30, 2022","ironcondor","long put 4,580 / short put 4,585 / short call 4,625 / long call 4,630","1","expired","128","372","34.41","128","34.41","1.28","1.1","1.45","0","","","372","128","4606.31","4602.45"
"Mar 28, 2022 1:30pm","Mar 28, 2022 4:00pm","SPX","Mar 28, 2022","ironcondor","long put 4,515 / short put 4,520 / short call 4,560 / long call 4,565","1","expired","-397","397","-100","103","25.94","1.03","0.85","1.2","5","","","397","103","4539.9","4575.52"
"Mar 25, 2022 1:30pm","Mar 25, 2022 4:00pm","SPX","Mar 25, 2022","ironcondor","long put 4,485 / short put 4,490 / short call 4,540 / long call 4,545","1","expired","-178","372","-47.85","128","34.41","1.28","1.1","1.45","3.06","","","372","128","4515.95","4543.06"
"Mar 21, 2022 1:30pm","Mar 21, 2022 4:00pm","SPX","Mar 21, 2022","ironcondor","long put 4,395 / short put 4,400 / short call 4,460 / long call 4,465","1","expired","8","374","2.14","126","33.69","1.26","0.95","1.55","1.18","","","374","126","4430.26","4461.18"
"Mar 18, 2022 1:30pm","Mar 18, 2022 4:00pm","SPX","Mar 18, 2022","ironcondor","long put 4,410 / short put 4,415 / short call 4,460 / long call 4,465","1","expired","-193","381","-50.66","119","31.23","1.19","0.95","1.45","3.12","","","381","119","4439.73","4463.12"
"Mar 14, 2022 1:30pm","Mar 14, 2022 4:00pm","SPX","Mar 14, 2022","ironcondor","long put 4,135 / short put 4,140 / short call 4,210 / long call 4,215","1","expired","140","360","38.89","140","38.89","1.4","1.2","1.6","0","","","360","140","4176.9","4173.11"
"Mar 11, 2022 1:30pm","Mar 11, 2022 4:00pm","SPX","Mar 11, 2022","ironcondor","long put 4,215 / short put 4,220 / short call 4,285 / long call 4,290","1","expired","-403","403","-100","97","24.07","0.97","0.75","1.2","5","","","403","97","4254.41","4204.31"
"Feb 16, 2022 1:30pm","Feb 16, 2022 4:00pm","SPX","Feb 16, 2022","ironcondor","long put 4,390 / short put 4,395 / short call 4,475 / long call 4,480","1","expired","112","387","28.94","113","29.2","1.13","0.85","1.4","0.01","","","387","113","4440.46","4475.01"
"Feb 14, 2022 1:30pm","Feb 14, 2022 4:00pm","SPX","Feb 14, 2022","ironcondor","long put 4,360 / short put 4,365 / short call 4,450 / long call 4,455","1","expired","114","386","29.53","114","29.53","1.14","0.85","1.45","0","","","386","114","4410.56","4401.67"
"Feb 7, 2022 1:30pm","Feb 7, 2022 4:00pm","SPX","Feb 7, 2022","ironcondor","long put 4,470 / short put 4,475 / short call 4,530 / long call 4,535","1","expired","128","372","34.41","128","34.41","1.28","1.05","1.5","0","","","372","128","4502.71","4483.87"
"Feb 4, 2022 1:30pm","Feb 4, 2022 4:00pm","SPX","Feb 4, 2022","ironcondor","long put 4,470 / short put 4,475 / short call 4,545 / long call 4,550","1","expired","119","381","31.23","119","31.23","1.19","0.95","1.45","0","","","381","119","4510.75","4500.53"
"Feb 2, 2022 1:30pm","Feb 2, 2022 4:00pm","SPX","Feb 2, 2022","ironcondor","long put 4,535 / short put 4,540 / short call 4,595 / long call 4,600","1","expired","113","387","29.2","113","29.2","1.13","0.9","1.35","0","","","387","113","4570.61","4589.38"
"Jan 19, 2022 1:30pm","Jan 19, 2022 4:00pm","SPX","Jan 19, 2022","ironcondor","long put 4,550 / short put 4,555 / short call 4,610 / long call 4,615","1","expired","-400","400","-100","100","25","1","0.8","1.2","5","","","400","100","4584.41","4532.76"
"Jan 12, 2022 1:30pm","Jan 12, 2022 4:00pm","SPX","Jan 12, 2022","ironcondor","long put 4,695 / short put 4,700 / short call 4,745 / long call 4,750","1","expired","120","380","31.58","120","31.58","1.2","1","1.4","0","","","380","120","4724.66","4726.35"
"Jan 7, 2022 1:30pm","Jan 7, 2022 4:00pm","SPX","Jan 7, 2022","ironcondor","long put 4,660 / short put 4,665 / short call 4,705 / long call 4,710","1","expired","110","390","28.21","110","28.21","1.1","0.9","1.3","0","","","390","110","4686.32","4677.03"
"Jan 5, 2022 1:30pm","Jan 5, 2022 4:00pm","SPX","Jan 5, 2022","ironcondor","long put 4,745 / short put 4,750 / short call 4,795 / long call 4,800","1","expired","-381","381","-100","119","31.23","1.19","1.05","1.35","5","","","381","119","4775.88","4700.58"
"Jan 3, 2022 1:30pm","Jan 3, 2022 4:00pm","SPX","Jan 3, 2022","ironcondor","long put 4,760 / short put 4,765 / short call 4,795 / long call 4,800","1","expired","-66","410","-16.1","90","21.95","0.9","0.7","1.1","1.56","","","410","90","4779.42","4796.56"
"Dec 31, 2021 1:30pm","Dec 31, 2021 4:00pm","SPX","Dec 31, 2021","ironcondor","long put 4,755 / short put 4,760 / short call 4,800 / long call 4,805","1","expired","96","404","23.76","96","23.76","0.96","0.8","1.1","0","","","404","96","4781.09","4766.18"
"Dec 29, 2021 1:30pm","Dec 29, 2021 4:00pm","SPX","Dec 29, 2021","ironcondor","long put 4,765 / short put 4,770 / short call 4,800 / long call 4,805","1","expired","80","420","19.05","80","19.05","0.8","0.65","0.95","0","","","420","80","4786.54","4793.06"
"Dec 23, 2021 1:30pm","Dec 23, 2021 4:00pm","SPX","Dec 23, 2021","ironcondor","long put 4,710 / short put 4,715 / short call 4,745 / long call 4,750","1","expired","77","423","18.2","77","18.2","0.77","0.6","0.95","0","","","423","77","4731.26","4725.79"
"Dec 22, 2021 1:30pm","Dec 22, 2021 4:00pm","SPX","Dec 22, 2021","ironcondor","long put 4,660 / short put 4,665 / short call 4,695 / long call 4,700","1","expired","-31","375","-8.27","125","33.33","1.25","1.05","1.45","1.56","","","375","125","4681.87","4696.56"
"Dec 17, 2021 1:30pm","Dec 17, 2021 4:00pm","SPX","Dec 17, 2021","ironcondor","long put 4,605 / short put 4,610 / short call 4,680 / long call 4,685","1","expired","120","380","31.58","120","31.58","1.2","1","1.4","0","","","380","120","4648.77","4620.64"
"Dec 15, 2021 1:30pm","Dec 15, 2021 4:00pm","SPX","Dec 15, 2021","ironcondor","long put 4,570 / short put 4,575 / short call 4,670 / long call 4,675","1","expired","-370","370","-100","130","35.14","1.3","1","1.6","5","","","370","130","4624.86","4709.85"
"Dec 13, 2021 1:30pm","Dec 13, 2021 4:00pm","SPX","Dec 13, 2021","ironcondor","long put 4,655 / short put 4,660 / short call 4,695 / long call 4,700","1","expired","127","373","34.05","127","34.05","1.27","1.1","1.45","0","","","373","127","4679.23","4668.97"
"Dec 10, 2021 1:30pm","Dec 10, 2021 4:00pm","SPX","Dec 10, 2021","ironcondor","long put 4,675 / short put 4,680 / short call 4,710 / long call 4,715","1","expired","-88","386","-22.8","114","29.53","1.14","1","1.25","2.02","","","386","114","4697","4712.02"
"Dec 8, 2021 1:30pm","Dec 8, 2021 4:00pm","SPX","Dec 8, 2021","ironcondor","long put 4,670 / short put 4,675 / short call 4,705 / long call 4,710","1","expired","98","402","24.38","98","24.38","0.98","0.8","1.15","0","","","402","98","4691.41","4701.21"
"Nov 24, 2021 1:30pm","Nov 24, 2021 4:00pm","SPX","Nov 24, 2021","ironcondor","long put 4,670 / short put 4,675 / short call 4,710 / long call 4,715","1","expired","88","412","21.36","88","21.36","0.88","0.75","1","0","","","412","88","4696.5","4701.46"
"Nov 22, 2021 1:30pm","Nov 22, 2021 4:00pm","SPX","Nov 22, 2021","ironcondor","long put 4,700 / short put 4,705 / short call 4,730 / long call 4,735","1","expired","-413","413","-100","87","21.07","0.87","0.7","1.05","5","","","413","87","4718.03","4682.94"
"Nov 19, 2021 1:30pm","Nov 19, 2021 4:00pm","SPX","Nov 19, 2021","ironcondor","long put 4,680 / short put 4,685 / short call 4,715 / long call 4,720","1","expired","100","400","25","100","25","1","0.85","1.15","0","","","400","100","4700.84","4697.96"
"Nov 17, 2021 1:30pm","Nov 17, 2021 4:00pm","SPX","Nov 17, 2021","ironcondor","long put 4,675 / short put 4,680 / short call 4,705 / long call 4,710","1","expired","83","417","19.9","83","19.9","0.83","0.65","1","0","","","417","83","4693.14","4688.67"
"Nov 15, 2021 1:30pm","Nov 15, 2021 4:00pm","SPX","Nov 15, 2021","ironcondor","long put 4,665 / short put 4,670 / short call 4,695 / long call 4,700","1","expired","90","410","21.95","90","21.95","0.9","0.75","1.05","0","","","410","90","4682.78","4682.8"
"Nov 12, 2021 1:30pm","Nov 12, 2021 4:00pm","SPX","Nov 12, 2021","ironcondor","long put 4,655 / short put 4,660 / short call 4,690 / long call 4,695","1","expired","73","427","17.1","73","17.1","0.73","0.55","0.9","0","","","427","73","4676.71","4682.85"
"Nov 10, 2021 1:30pm","Nov 10, 2021 4:00pm","SPX","Nov 10, 2021","ironcondor","long put 4,635 / short put 4,640 / short call 4,680 / long call 4,685","1","expired","103","397","25.94","103","25.94","1.03","0.8","1.25","0","","","397","103","4660.96","4646.71"
"Nov 8, 2021 1:30pm","Nov 8, 2021 4:00pm","SPX","Nov 8, 2021","ironcondor","long put 4,685 / short put 4,690 / short call 4,710 / long call 4,715","1","expired","105","395","26.58","105","26.58","1.05","0.85","1.25","0","","","395","105","4700.91","4701.7"
"Nov 5, 2021 1:30pm","Nov 5, 2021 4:00pm","SPX","Nov 5, 2021","ironcondor","long put 4,650 / short put 4,655 / short call 4,700 / long call 4,705","1","expired","125","375","33.33","125","33.33","1.25","1.05","1.45","0","","","375","125","4681.5","4697.53"
"Nov 3, 2021 1:30pm","Nov 3, 2021 4:00pm","SPX","Nov 3, 2021","ironcondor","long put 4,590 / short put 4,595 / short call 4,650 / long call 4,655","1","expired","-378","378","-100","122","32.28","1.22","1.05","1.4","5","","","378","122","4625.55","4660.57"
"Nov 1, 2021 1:30pm","Nov 1, 2021 4:00pm","SPX","Nov 1, 2021","ironcondor","long put 4,585 / short put 4,590 / short call 4,615 / long call 4,620","1","expired","101","399","25.31","101","25.31","1.01","0.85","1.15","0","","","399","101","4605.77","4613.67"
"Oct 29, 2021 1:30pm","Oct 29, 2021 4:00pm","SPX","Oct 29, 2021","ironcondor","long put 4,580 / short put 4,585 / short call 4,615 / long call 4,620","1","expired","56","444","12.61","56","12.61","0.56","0.45","0.65","0","","","444","56","4601.41","4605.38"
"Oct 27, 2021 1:30pm","Oct 27, 2021 4:00pm","SPX","Oct 27, 2021","ironcondor","long put 4,565 / short put 4,570 / short call 4,590 / long call 4,595","1","expired","-392","392","-100","108","27.55","1.08","0.85","1.3","5","","","392","108","4581.54","4551.68"
"Oct 25, 2021 1:30pm","Oct 25, 2021 4:00pm","SPX","Oct 25, 2021","ironcondor","long put 4,555 / short put 4,560 / short call 4,580 / long call 4,585","1","expired","69","431","16.01","69","16.01","0.69","0.55","0.85","0","","","431","69","4569.52","4566.48"
"Oct 22, 2021 1:30pm","Oct 22, 2021 4:00pm","SPX","Oct 22, 2021","ironcondor","long put 4,525 / short put 4,530 / short call 4,555 / long call 4,560","1","expired","93","407","22.85","93","22.85","0.93","0.75","1.1","0","","","407","93","4542.39","4544.9"
"Oct 20, 2021 1:30pm","Oct 20, 2021 4:00pm","SPX","Oct 20, 2021","ironcondor","long put 4,510 / short put 4,515 / short call 4,545 / long call 4,550","1","expired","79","421","18.76","79","18.76","0.79","0.65","0.95","0","","","421","79","4531.58","4536.19"
"Oct 18, 2021 1:30pm","Oct 18, 2021 4:00pm","SPX","Oct 18, 2021","ironcondor","long put 4,465 / short put 4,470 / short call 4,495 / long call 4,500","1","expired","60","440","13.64","60","13.64","0.6","0.45","0.75","0","","","440","60","4481.98","4486.46"
"Oct 15, 2021 1:30pm","Oct 15, 2021 4:00pm","SPX","Oct 15, 2021","ironcondor","long put 4,445 / short put 4,450 / short call 4,475 / long call 4,480","1","expired","98","402","24.38","98","24.38","0.98","0.8","1.15","0","","","402","98","4464.73","4471.37"
"Oct 13, 2021 1:30pm","Oct 13, 2021 4:00pm","SPX","Oct 13, 2021","ironcondor","long put 4,330 / short put 4,335 / short call 4,380 / long call 4,385","1","expired","102","398","25.63","102","25.63","1.02","0.85","1.2","0","","","398","102","4360.29","4363.8"
"Oct 11, 2021 1:30pm","Oct 11, 2021 4:00pm","SPX","Oct 11, 2021","ironcondor","long put 4,350 / short put 4,355 / short call 4,400 / long call 4,405","1","expired","95","405","23.46","95","23.46","0.95","0.75","1.15","0","","","405","95","4378.42","4361.19"
"Oct 8, 2021 1:30pm","Oct 8, 2021 4:00pm","SPX","Oct 8, 2021","ironcondor","long put 4,360 / short put 4,365 / short call 4,405 / long call 4,410","1","expired","106","394","26.9","106","26.9","1.06","0.85","1.25","0","","","394","106","4388.46","4391.34"
"Oct 6, 2021 1:30pm","Oct 6, 2021 4:00pm","SPX","Oct 6, 2021","ironcondor","long put 4,295 / short put 4,300 / short call 4,350 / long call 4,355","1","expired","-402","402","-100","98","24.38","0.98","0.75","1.2","5","","","402","98","4326.75","4363.55"