window_start,window_end,date,bot,trade_id,rule,severity,axis,tier,observed,threshold,detail,verify_by
2026-03-05,2026-07-02,2026-06-01,IC-SPX-FastPT25-S2,,EXPIRY_RATIO_FLIP,RED,MECHANICS,S,40% expired over the last 10 vs 0% over the prior 300,jump >= 40% from a baseline <= 25%,first expiry of the onset window: 2026-06-01 (T00179); tripped on the position opened 2026-06-02. Positions stopped CLOSING and started EXPIRING — the signature of an exit that no longer generates orders,the Trades list of T00179 (2026-06-01): is there an exit order at all?
2026-03-05,2026-07-02,2026-06-12,QQQ-IC-0DTE-Fortress,,EXPIRY_RATIO_FLIP,RED,MECHANICS,S,50% expired over the last 10 vs 4% over the prior 25,jump >= 40% from a baseline <= 25%,first expiry of the onset window: 2026-06-12 (T00136); tripped on the position opened 2026-06-22. Positions stopped CLOSING and started EXPIRING — the signature of an exit that no longer generates orders,the Trades list of T00136 (2026-06-12): is there an exit order at all?
2026-03-05,2026-07-02,2026-06-12,QQQ-IC-0DTE-Fortress-NoPT50,,EXPIRY_RATIO_FLIP,RED,MECHANICS,S,40% expired over the last 10 vs 0% over the prior 18,jump >= 40% from a baseline <= 25%,first expiry of the onset window: 2026-06-12 (T00138); tripped on the position opened 2026-06-17. Positions stopped CLOSING and started EXPIRING — the signature of an exit that no longer generates orders,the Trades list of T00138 (2026-06-12): is there an exit order at all?
2026-03-05,2026-07-02,2026-06-11,IC-SPX-FastPT25-S2,T00147,FILL_WORSE_THAN_MAE,RED,MECHANICS,S,$5.05/contract (4.81 credits),$0.50 and 0.25 credits,exit 7.5 vs worst recorded mark 2.45 — the fill is outside the price path the position ever traded at,the Trades list: exit ORDER TYPE (Market vs SmartPricing) and fill time
2026-03-05,2026-07-02,2026-03-31,QQQ-IC-0DTE-Raw-HoldToExp,T00845,IMPOSSIBLE_FILL,RED,MECHANICS,S,R=-1.1050,R >= -1.0000,pnl -200 on risk 181 — a loss larger than max loss is structurally impossible for this spread,the position's Trades list + Trade Details (exit order type and fill)
2026-03-05,2026-07-02,2026-06-11,IC-SPX-FastPT25-S2,T00147,IMPOSSIBLE_FILL,RED,MECHANICS,S,R=-1.6329,R >= -1.0000,"pnl -7,740 on risk 4,740 — a loss larger than max loss is structurally impossible for this spread",the position's Trades list + Trade Details (exit order type and fill)
2026-03-05,2026-07-02,,IC-SPX-Fortress-Defang,,DUPLICATE_ARM,AMBER,FIRE,S,10 positions identical to IC-SPX-Fortress-Unstopped,< 5,'IC-SPX-Fortress-Defang' and 'IC-SPX-Fortress-Unstopped' produced identical P/L at an identical entry minute 10 times — they are not independent arms and cannot be ranked against each other,a capture-diff of the two bots' automation trees
2026-03-05,2026-07-02,,QQQ-IC-0DTE-Fortress,,DUPLICATE_ARM,AMBER,FIRE,S,14 positions identical to QQQ-IC-0DTE-Fortress-NoPT50,< 5,'QQQ-IC-0DTE-Fortress' and 'QQQ-IC-0DTE-Fortress-NoPT50' produced identical P/L at an identical entry minute 14 times — they are not independent arms and cannot be ranked against each other,a capture-diff of the two bots' automation trees
2026-03-05,2026-07-02,,QQQ-IC-0DTE-HedgeA-S1,,DUPLICATE_ARM,AMBER,FIRE,S,73 positions identical to QQQ-IC-0DTE-HedgeD-Conditional,< 5,'QQQ-IC-0DTE-HedgeA-S1' and 'QQQ-IC-0DTE-HedgeD-Conditional' produced identical P/L at an identical entry minute 73 times — they are not independent arms and cannot be ranked against each other,a capture-diff of the two bots' automation trees
2026-03-05,2026-07-02,,QQQ-IC-0DTE-HedgeA-S1,,DUPLICATE_ARM,AMBER,FIRE,S,73 positions identical to QQQ-IC-0DTE-HedgeTest,< 5,'QQQ-IC-0DTE-HedgeA-S1' and 'QQQ-IC-0DTE-HedgeTest' produced identical P/L at an identical entry minute 73 times — they are not independent arms and cannot be ranked against each other,a capture-diff of the two bots' automation trees
2026-03-05,2026-07-02,,QQQ-IC-0DTE-HedgeA-S1,,DUPLICATE_ARM,AMBER,FIRE,S,42 positions identical to QQQ-IC-0DTE-HedgeC-S3,< 5,'QQQ-IC-0DTE-HedgeA-S1' and 'QQQ-IC-0DTE-HedgeC-S3' produced identical P/L at an identical entry minute 42 times — they are not independent arms and cannot be ranked against each other,a capture-diff of the two bots' automation trees
2026-03-05,2026-07-02,,QQQ-IC-0DTE-HedgeA-S1,,DUPLICATE_ARM,AMBER,FIRE,S,17 positions identical to QQQ-IC-0DTE-HedgeB-S2,< 5,'QQQ-IC-0DTE-HedgeA-S1' and 'QQQ-IC-0DTE-HedgeB-S2' produced identical P/L at an identical entry minute 17 times — they are not independent arms and cannot be ranked against each other,a capture-diff of the two bots' automation trees
2026-03-05,2026-07-02,,QQQ-IC-0DTE-HedgeB-S2,,DUPLICATE_ARM,AMBER,FIRE,S,18 positions identical to QQQ-IC-0DTE-HedgeC-S3,< 5,'QQQ-IC-0DTE-HedgeB-S2' and 'QQQ-IC-0DTE-HedgeC-S3' produced identical P/L at an identical entry minute 18 times — they are not independent arms and cannot be ranked against each other,a capture-diff of the two bots' automation trees
2026-03-05,2026-07-02,,QQQ-IC-0DTE-HedgeB-S2,,DUPLICATE_ARM,AMBER,FIRE,S,17 positions identical to QQQ-IC-0DTE-HedgeD-Conditional,< 5,'QQQ-IC-0DTE-HedgeB-S2' and 'QQQ-IC-0DTE-HedgeD-Conditional' produced identical P/L at an identical entry minute 17 times — they are not independent arms and cannot be ranked against each other,a capture-diff of the two bots' automation trees
2026-03-05,2026-07-02,,QQQ-IC-0DTE-HedgeB-S2,,DUPLICATE_ARM,AMBER,FIRE,S,17 positions identical to QQQ-IC-0DTE-HedgeTest,< 5,'QQQ-IC-0DTE-HedgeB-S2' and 'QQQ-IC-0DTE-HedgeTest' produced identical P/L at an identical entry minute 17 times — they are not independent arms and cannot be ranked against each other,a capture-diff of the two bots' automation trees
2026-03-05,2026-07-02,,QQQ-IC-0DTE-HedgeC-S3,,DUPLICATE_ARM,AMBER,FIRE,S,42 positions identical to QQQ-IC-0DTE-HedgeD-Conditional,< 5,'QQQ-IC-0DTE-HedgeC-S3' and 'QQQ-IC-0DTE-HedgeD-Conditional' produced identical P/L at an identical entry minute 42 times — they are not independent arms and cannot be ranked against each other,a capture-diff of the two bots' automation trees
2026-03-05,2026-07-02,,QQQ-IC-0DTE-HedgeC-S3,,DUPLICATE_ARM,AMBER,FIRE,S,42 positions identical to QQQ-IC-0DTE-HedgeTest,< 5,'QQQ-IC-0DTE-HedgeC-S3' and 'QQQ-IC-0DTE-HedgeTest' produced identical P/L at an identical entry minute 42 times — they are not independent arms and cannot be ranked against each other,a capture-diff of the two bots' automation trees
2026-03-05,2026-07-02,,QQQ-IC-0DTE-HedgeD-Conditional,,DUPLICATE_ARM,AMBER,FIRE,S,70 positions identical to QQQ-IC-0DTE-HedgeTest,< 5,'QQQ-IC-0DTE-HedgeD-Conditional' and 'QQQ-IC-0DTE-HedgeTest' produced identical P/L at an identical entry minute 70 times — they are not independent arms and cannot be ranked against each other,a capture-diff of the two bots' automation trees
2026-03-05,2026-07-02,,DIR-SPX-PutVIX22-SL75,,SILENT_BOT,AMBER,FIRE,S,0 positions in the window,"1 position, or a scanner run in the logs","correctly-gated and switched-off are indistinguishable from position data — this is unverifiable here, not a failure",OA bot logs: a scanner run recorded with no entry closes this GREEN; zero log entries closes it RED
2026-03-05,2026-07-02,2026-03-18,QQQ-IC-0DTE-HedgeTest,T00920,CLOSED_AT_MAE,INFO,MECHANICS,S,mae_date == close_date (2026-03-18 15:42),close should not coincide with the worst mark,"the exit fired at the worst point of the position's life — expected for a stop, a finding for anything else",the Trades list: which mechanic generated the closing order
2026-03-05,2026-07-02,2026-03-19,QQQ-IC-0DTE-HedgeC-S3,T00918,CLOSED_AT_MAE,INFO,MECHANICS,S,mae_date == close_date (2026-03-19 11:32),close should not coincide with the worst mark,"the exit fired at the worst point of the position's life — expected for a stop, a finding for anything else",the Trades list: which mechanic generated the closing order
2026-03-05,2026-07-02,2026-03-19,QQQ-IC-0DTE-HedgeC-S3,T00918,CLOSED_AT_MAE,INFO,MECHANICS,S,mae_date == close_date (2026-03-19 11:06),close should not coincide with the worst mark,"the exit fired at the worst point of the position's life — expected for a stop, a finding for anything else",the Trades list: which mechanic generated the closing order
2026-03-05,2026-07-02,2026-03-20,QQQ-IC-0DTE-HedgeA-S1,T00905,CLOSED_AT_MAE,INFO,MECHANICS,S,mae_date == close_date (2026-03-20 14:23),close should not coincide with the worst mark,"the exit fired at the worst point of the position's life — expected for a stop, a finding for anything else",the Trades list: which mechanic generated the closing order
2026-03-05,2026-07-02,2026-03-20,QQQ-IC-0DTE-HedgeC-S3,T00906,CLOSED_AT_MAE,INFO,MECHANICS,S,mae_date == close_date (2026-03-20 11:03),close should not coincide with the worst mark,"the exit fired at the worst point of the position's life — expected for a stop, a finding for anything else",the Trades list: which mechanic generated the closing order
2026-03-05,2026-07-02,2026-03-20,QQQ-IC-0DTE-HedgeD-Conditional,T00903,CLOSED_AT_MAE,INFO,MECHANICS,S,mae_date == close_date (2026-03-20 14:37),close should not coincide with the worst mark,"the exit fired at the worst point of the position's life — expected for a stop, a finding for anything else",the Trades list: which mechanic generated the closing order
2026-03-05,2026-07-02,2026-03-20,QQQ-IC-0DTE-HedgeTest,T00904,CLOSED_AT_MAE,INFO,MECHANICS,S,mae_date == close_date (2026-03-20 14:23),close should not coincide with the worst mark,"the exit fired at the worst point of the position's life — expected for a stop, a finding for anything else",the Trades list: which mechanic generated the closing order
2026-03-05,2026-07-02,2026-03-23,QQQ-IC-0DTE-HedgeA-S1,T00899,CLOSED_AT_MAE,INFO,MECHANICS,S,mae_date == close_date (2026-03-23 11:56),close should not coincide with the worst mark,"the exit fired at the worst point of the position's life — expected for a stop, a finding for anything else",the Trades list: which mechanic generated the closing order
2026-03-05,2026-07-02,2026-03-23,QQQ-IC-0DTE-HedgeB-S2,T00900,CLOSED_AT_MAE,INFO,MECHANICS,S,mae_date == close_date (2026-03-23 11:37),close should not coincide with the worst mark,"the exit fired at the worst point of the position's life — expected for a stop, a finding for anything else",the Trades list: which mechanic generated the closing order
2026-03-05,2026-07-02,2026-03-23,QQQ-IC-0DTE-HedgeC-S3,T00901,CLOSED_AT_MAE,INFO,MECHANICS,S,mae_date == close_date (2026-03-23 11:37),close should not coincide with the worst mark,"the exit fired at the worst point of the position's life — expected for a stop, a finding for anything else",the Trades list: which mechanic generated the closing order
2026-03-05,2026-07-02,2026-03-23,QQQ-IC-0DTE-HedgeC-S3,T00901,CLOSED_AT_MAE,INFO,MECHANICS,S,mae_date == close_date (2026-03-23 11:03),close should not coincide with the worst mark,"the exit fired at the worst point of the position's life — expected for a stop, a finding for anything else",the Trades list: which mechanic generated the closing order
2026-03-05,2026-07-02,2026-03-23,QQQ-IC-0DTE-HedgeD-Conditional,T00897,CLOSED_AT_MAE,INFO,MECHANICS,S,mae_date == close_date (2026-03-23 11:59),close should not coincide with the worst mark,"the exit fired at the worst point of the position's life — expected for a stop, a finding for anything else",the Trades list: which mechanic generated the closing order
2026-03-05,2026-07-02,2026-03-23,QQQ-IC-0DTE-HedgeTest,T00898,CLOSED_AT_MAE,INFO,MECHANICS,S,mae_date == close_date (2026-03-23 11:56),close should not coincide with the worst mark,"the exit fired at the worst point of the position's life — expected for a stop, a finding for anything else",the Trades list: which mechanic generated the closing order
2026-03-05,2026-07-02,2026-03-24,QQQ-IC-0DTE-HedgeB-S2,T00895,CLOSED_AT_MAE,INFO,MECHANICS,S,mae_date == close_date (2026-03-24 11:23),close should not coincide with the worst mark,"the exit fired at the worst point of the position's life — expected for a stop, a finding for anything else",the Trades list: which mechanic generated the closing order
2026-03-05,2026-07-02,2026-03-24,QQQ-IC-0DTE-HedgeC-S3,T00894,CLOSED_AT_MAE,INFO,MECHANICS,S,mae_date == close_date (2026-03-24 11:26),close should not coincide with the worst mark,"the exit fired at the worst point of the position's life — expected for a stop, a finding for anything else",the Trades list: which mechanic generated the closing order
2026-03-05,2026-07-02,2026-03-25,QQQ-IC-0DTE-HedgeA-S1,T00880,CLOSED_AT_MAE,INFO,MECHANICS,S,mae_date == close_date (2026-03-25 11:18),close should not coincide with the worst mark,"the exit fired at the worst point of the position's life — expected for a stop, a finding for anything else",the Trades list: which mechanic generated the closing order
2026-03-05,2026-07-02,2026-03-25,QQQ-IC-0DTE-HedgeB-S2,T00879,CLOSED_AT_MAE,INFO,MECHANICS,S,mae_date == close_date (2026-03-25 11:15),close should not coincide with the worst mark,"the exit fired at the worst point of the position's life — expected for a stop, a finding for anything else",the Trades list: which mechanic generated the closing order
2026-03-05,2026-07-02,2026-03-25,QQQ-IC-0DTE-HedgeC-S3,T00882,CLOSED_AT_MAE,INFO,MECHANICS,S,mae_date == close_date (2026-03-25 11:10),close should not coincide with the worst mark,"the exit fired at the worst point of the position's life — expected for a stop, a finding for anything else",the Trades list: which mechanic generated the closing order
2026-03-05,2026-07-02,2026-03-25,QQQ-IC-0DTE-HedgeTest,T00881,CLOSED_AT_MAE,INFO,MECHANICS,S,mae_date == close_date (2026-03-25 11:18),close should not coincide with the worst mark,"the exit fired at the worst point of the position's life — expected for a stop, a finding for anything else",the Trades list: which mechanic generated the closing order
2026-03-05,2026-07-02,2026-03-26,QQQ-IC-0DTE-HedgeC-S3,T00874,CLOSED_AT_MAE,INFO,MECHANICS,S,mae_date == close_date (2026-03-26 11:32),close should not coincide with the worst mark,"the exit fired at the worst point of the position's life — expected for a stop, a finding for anything else",the Trades list: which mechanic generated the closing order
2026-03-05,2026-07-02,2026-03-26,QQQ-IC-0DTE-HedgeD-Conditional,T00870,CLOSED_AT_MAE,INFO,MECHANICS,S,mae_date == close_date (2026-03-26 13:55),close should not coincide with the worst mark,"the exit fired at the worst point of the position's life — expected for a stop, a finding for anything else",the Trades list: which mechanic generated the closing order
2026-03-05,2026-07-02,2026-03-27,QQQ-IC-0DTE-HedgeB-S2,T00867,CLOSED_AT_MAE,INFO,MECHANICS,S,mae_date == close_date (2026-03-27 11:31),close should not coincide with the worst mark,"the exit fired at the worst point of the position's life — expected for a stop, a finding for anything else",the Trades list: which mechanic generated the closing order
2026-03-05,2026-07-02,2026-03-27,QQQ-IC-0DTE-HedgeC-S3,T00866,CLOSED_AT_MAE,INFO,MECHANICS,S,mae_date == close_date (2026-03-27 11:31),close should not coincide with the worst mark,"the exit fired at the worst point of the position's life — expected for a stop, a finding for anything else",the Trades list: which mechanic generated the closing order
2026-03-05,2026-07-02,2026-03-30,QQQ-IC-0DTE-HedgeA-S1,T00857,CLOSED_AT_MAE,INFO,MECHANICS,S,mae_date == close_date (2026-03-30 13:28),close should not coincide with the worst mark,"the exit fired at the worst point of the position's life — expected for a stop, a finding for anything else",the Trades list: which mechanic generated the closing order
2026-03-05,2026-07-02,2026-03-30,QQQ-IC-0DTE-HedgeB-S2,T00859,CLOSED_AT_MAE,INFO,MECHANICS,S,mae_date == close_date (2026-03-30 11:15),close should not coincide with the worst mark,"the exit fired at the worst point of the position's life — expected for a stop, a finding for anything else",the Trades list: which mechanic generated the closing order
2026-03-05,2026-07-02,2026-03-30,QQQ-IC-0DTE-HedgeC-S3,T00860,CLOSED_AT_MAE,INFO,MECHANICS,S,mae_date == close_date (2026-03-30 11:15),close should not coincide with the worst mark,"the exit fired at the worst point of the position's life — expected for a stop, a finding for anything else",the Trades list: which mechanic generated the closing order
2026-03-05,2026-07-02,2026-03-30,QQQ-IC-0DTE-HedgeD-Conditional,T00856,CLOSED_AT_MAE,INFO,MECHANICS,S,mae_date == close_date (2026-03-30 14:28),close should not coincide with the worst mark,"the exit fired at the worst point of the position's life — expected for a stop, a finding for anything else",the Trades list: which mechanic generated the closing order
2026-03-05,2026-07-02,2026-03-30,QQQ-IC-0DTE-HedgeTest,T00858,CLOSED_AT_MAE,INFO,MECHANICS,S,mae_date == close_date (2026-03-30 13:28),close should not coincide with the worst mark,"the exit fired at the worst point of the position's life — expected for a stop, a finding for anything else",the Trades list: which mechanic generated the closing order
2026-03-05,2026-07-02,2026-03-31,QQQ-IC-0DTE-Baseline,T00844,CLOSED_AT_MAE,INFO,MECHANICS,S,mae_date == close_date (2026-03-31 15:50),close should not coincide with the worst mark,"the exit fired at the worst point of the position's life — expected for a stop, a finding for anything else",the Trades list: which mechanic generated the closing order
2026-03-05,2026-07-02,2026-03-31,QQQ-IC-0DTE-HedgeA-S1,T00847,CLOSED_AT_MAE,INFO,MECHANICS,S,mae_date == close_date (2026-03-31 12:40),close should not coincide with the worst mark,"the exit fired at the worst point of the position's life — expected for a stop, a finding for anything else",the Trades list: which mechanic generated the closing order
2026-03-05,2026-07-02,2026-03-31,QQQ-IC-0DTE-HedgeB-S2,T00850,CLOSED_AT_MAE,INFO,MECHANICS,S,mae_date == close_date (2026-03-31 11:15),close should not coincide with the worst mark,"the exit fired at the worst point of the position's life — expected for a stop, a finding for anything else",the Trades list: which mechanic generated the closing order
2026-03-05,2026-07-02,2026-03-31,QQQ-IC-0DTE-HedgeC-S3,T00849,CLOSED_AT_MAE,INFO,MECHANICS,S,mae_date == close_date (2026-03-31 11:06),close should not coincide with the worst mark,"the exit fired at the worst point of the position's life — expected for a stop, a finding for anything else",the Trades list: which mechanic generated the closing order
2026-03-05,2026-07-02,2026-03-31,QQQ-IC-0DTE-HedgeD-Conditional,T00848,CLOSED_AT_MAE,INFO,MECHANICS,S,mae_date == close_date (2026-03-31 12:40),close should not coincide with the worst mark,"the exit fired at the worst point of the position's life — expected for a stop, a finding for anything else",the Trades list: which mechanic generated the closing order
2026-03-05,2026-07-02,2026-03-31,QQQ-IC-0DTE-HedgeTest,T00846,CLOSED_AT_MAE,INFO,MECHANICS,S,mae_date == close_date (2026-03-31 12:40),close should not coincide with the worst mark,"the exit fired at the worst point of the position's life — expected for a stop, a finding for anything else",the Trades list: which mechanic generated the closing order
2026-03-05,2026-07-02,2026-04-01,QQQ-IC-0DTE-HedgeB-S2,T00843,CLOSED_AT_MAE,INFO,MECHANICS,S,mae_date == close_date (2026-04-01 11:31),close should not coincide with the worst mark,"the exit fired at the worst point of the position's life — expected for a stop, a finding for anything else",the Trades list: which mechanic generated the closing order
2026-03-05,2026-07-02,2026-04-06,QQQ-IC-0DTE-HedgeB-S2,T00823,CLOSED_AT_MAE,INFO,MECHANICS,S,mae_date == close_date (2026-04-06 11:26),close should not coincide with the worst mark,"the exit fired at the worst point of the position's life — expected for a stop, a finding for anything else",the Trades list: which mechanic generated the closing order
2026-03-05,2026-07-02,2026-04-07,QQQ-IC-0DTE-HedgeA-S1,T00809,CLOSED_AT_MAE,INFO,MECHANICS,S,mae_date == close_date (2026-04-07 12:03),close should not coincide with the worst mark,"the exit fired at the worst point of the position's life — expected for a stop, a finding for anything else",the Trades list: which mechanic generated the closing order
2026-03-05,2026-07-02,2026-04-07,QQQ-IC-0DTE-HedgeB-S2,T00811,CLOSED_AT_MAE,INFO,MECHANICS,S,mae_date == close_date (2026-04-07 11:37),close should not coincide with the worst mark,"the exit fired at the worst point of the position's life — expected for a stop, a finding for anything else",the Trades list: which mechanic generated the closing order
2026-03-05,2026-07-02,2026-04-07,QQQ-IC-0DTE-HedgeC-S3,T00812,CLOSED_AT_MAE,INFO,MECHANICS,S,mae_date == close_date (2026-04-07 11:16),close should not coincide with the worst mark,"the exit fired at the worst point of the position's life — expected for a stop, a finding for anything else",the Trades list: which mechanic generated the closing order
2026-03-05,2026-07-02,2026-04-07,QQQ-IC-0DTE-HedgeC-S3,T00812,CLOSED_AT_MAE,INFO,MECHANICS,S,mae_date == close_date (2026-04-07 11:06),close should not coincide with the worst mark,"the exit fired at the worst point of the position's life — expected for a stop, a finding for anything else",the Trades list: which mechanic generated the closing order
2026-03-05,2026-07-02,2026-04-07,QQQ-IC-0DTE-HedgeD-Conditional,T00808,CLOSED_AT_MAE,INFO,MECHANICS,S,mae_date == close_date (2026-04-07 12:46),close should not coincide with the worst mark,"the exit fired at the worst point of the position's life — expected for a stop, a finding for anything else",the Trades list: which mechanic generated the closing order
2026-03-05,2026-07-02,2026-04-07,QQQ-IC-0DTE-HedgeTest,T00810,CLOSED_AT_MAE,INFO,MECHANICS,S,mae_date == close_date (2026-04-07 12:03),close should not coincide with the worst mark,"the exit fired at the worst point of the position's life — expected for a stop, a finding for anything else",the Trades list: which mechanic generated the closing order
2026-03-05,2026-07-02,2026-04-08,QQQ-IC-0DTE-HedgeC-S3,T00797,CLOSED_AT_MAE,INFO,MECHANICS,S,mae_date == close_date (2026-04-08 11:46),close should not coincide with the worst mark,"the exit fired at the worst point of the position's life — expected for a stop, a finding for anything else",the Trades list: which mechanic generated the closing order
2026-03-05,2026-07-02,2026-04-09,IC-SPX-FastPT25-S2,T00786,CLOSED_AT_MAE,INFO,MECHANICS,S,mae_date == close_date (2026-04-09 09:37),close should not coincide with the worst mark,"the exit fired at the worst point of the position's life — expected for a stop, a finding for anything else",the Trades list: which mechanic generated the closing order
2026-03-05,2026-07-02,2026-04-09,IC-SPX-FastPT25-S2,T00787,CLOSED_AT_MAE,INFO,MECHANICS,S,mae_date == close_date (2026-04-09 09:43),close should not coincide with the worst mark,"the exit fired at the worst point of the position's life — expected for a stop, a finding for anything else",the Trades list: which mechanic generated the closing order
2026-03-05,2026-07-02,2026-04-09,QQQ-IC-0DTE-HedgeA-S1,T00782,CLOSED_AT_MAE,INFO,MECHANICS,S,mae_date == close_date (2026-04-09 12:02),close should not coincide with the worst mark,"the exit fired at the worst point of the position's life — expected for a stop, a finding for anything else",the Trades list: which mechanic generated the closing order
2026-03-05,2026-07-02,2026-04-09,QQQ-IC-0DTE-HedgeB-S2,T00784,CLOSED_AT_MAE,INFO,MECHANICS,S,mae_date == close_date (2026-04-09 11:33),close should not coincide with the worst mark,"the exit fired at the worst point of the position's life — expected for a stop, a finding for anything else",the Trades list: which mechanic generated the closing order
2026-03-05,2026-07-02,2026-04-09,QQQ-IC-0DTE-HedgeC-S3,T00783,CLOSED_AT_MAE,INFO,MECHANICS,S,mae_date == close_date (2026-04-09 11:15),close should not coincide with the worst mark,"the exit fired at the worst point of the position's life — expected for a stop, a finding for anything else",the Trades list: which mechanic generated the closing order
2026-03-05,2026-07-02,2026-04-09,QQQ-IC-0DTE-HedgeD-Conditional,T00780,CLOSED_AT_MAE,INFO,MECHANICS,S,mae_date == close_date (2026-04-09 12:04),close should not coincide with the worst mark,"the exit fired at the worst point of the position's life — expected for a stop, a finding for anything else",the Trades list: which mechanic generated the closing order
2026-03-05,2026-07-02,2026-04-09,QQQ-IC-0DTE-HedgeTest,T00781,CLOSED_AT_MAE,INFO,MECHANICS,S,mae_date == close_date (2026-04-09 12:02),close should not coincide with the worst mark,"the exit fired at the worst point of the position's life — expected for a stop, a finding for anything else",the Trades list: which mechanic generated the closing order
2026-03-05,2026-07-02,2026-04-10,IC-SPX-FastPT25-S2,T00771,CLOSED_AT_MAE,INFO,MECHANICS,S,mae_date == close_date (2026-04-10 10:02),close should not coincide with the worst mark,"the exit fired at the worst point of the position's life — expected for a stop, a finding for anything else",the Trades list: which mechanic generated the closing order
2026-03-05,2026-07-02,2026-04-10,IC-SPX-FastPT25-S2,T00772,CLOSED_AT_MAE,INFO,MECHANICS,S,mae_date == close_date (2026-04-10 09:55),close should not coincide with the worst mark,"the exit fired at the worst point of the position's life — expected for a stop, a finding for anything else",the Trades list: which mechanic generated the closing order
2026-03-05,2026-07-02,2026-04-10,IC-SPX-FastPT25-S2,T00774,CLOSED_AT_MAE,INFO,MECHANICS,S,mae_date == close_date (2026-04-10 09:35),close should not coincide with the worst mark,"the exit fired at the worst point of the position's life — expected for a stop, a finding for anything else",the Trades list: which mechanic generated the closing order
2026-03-05,2026-07-02,2026-04-10,QQQ-IC-0DTE-HedgeC-S3,T00769,CLOSED_AT_MAE,INFO,MECHANICS,S,mae_date == close_date (2026-04-10 11:41),close should not coincide with the worst mark,"the exit fired at the worst point of the position's life — expected for a stop, a finding for anything else",the Trades list: which mechanic generated the closing order
2026-03-05,2026-07-02,2026-04-13,IC-SPX-FastPT25-S2,T00760,CLOSED_AT_MAE,INFO,MECHANICS,S,mae_date == close_date (2026-04-13 09:49),close should not coincide with the worst mark,"the exit fired at the worst point of the position's life — expected for a stop, a finding for anything else",the Trades list: which mechanic generated the closing order
2026-03-05,2026-07-02,2026-04-13,IC-SPX-FastPT25-S2,T00761,CLOSED_AT_MAE,INFO,MECHANICS,S,mae_date == close_date (2026-04-13 09:46),close should not coincide with the worst mark,"the exit fired at the worst point of the position's life — expected for a stop, a finding for anything else",the Trades list: which mechanic generated the closing order
2026-03-05,2026-07-02,2026-04-13,IC-SPX-FastPT25-S2,T00763,CLOSED_AT_MAE,INFO,MECHANICS,S,mae_date == close_date (2026-04-13 09:37),close should not coincide with the worst mark,"the exit fired at the worst point of the position's life — expected for a stop, a finding for anything else",the Trades list: which mechanic generated the closing order
2026-03-05,2026-07-02,2026-04-13,QQQ-IC-0DTE-HedgeC-S3,T00757,CLOSED_AT_MAE,INFO,MECHANICS,S,mae_date == close_date (2026-04-13 11:12),close should not coincide with the worst mark,"the exit fired at the worst point of the position's life — expected for a stop, a finding for anything else",the Trades list: which mechanic generated the closing order
2026-03-05,2026-07-02,2026-04-14,IC-SPX-FastPT25-S2,T00748,CLOSED_AT_MAE,INFO,MECHANICS,S,mae_date == close_date (2026-04-14 10:08),close should not coincide with the worst mark,"the exit fired at the worst point of the position's life — expected for a stop, a finding for anything else",the Trades list: which mechanic generated the closing order
2026-03-05,2026-07-02,2026-04-15,IC-SPX-FastPT25-S2,T00736,CLOSED_AT_MAE,INFO,MECHANICS,S,mae_date == close_date (2026-04-15 10:15),close should not coincide with the worst mark,"the exit fired at the worst point of the position's life — expected for a stop, a finding for anything else",the Trades list: which mechanic generated the closing order
2026-03-05,2026-07-02,2026-04-15,QQQ-IC-0DTE-HedgeC-S3,T00731,CLOSED_AT_MAE,INFO,MECHANICS,S,mae_date == close_date (2026-04-15 12:19),close should not coincide with the worst mark,"the exit fired at the worst point of the position's life — expected for a stop, a finding for anything else",the Trades list: which mechanic generated the closing order
2026-03-05,2026-07-02,2026-04-16,IC-SPX-FastPT25-S2,T00721,CLOSED_AT_MAE,INFO,MECHANICS,S,mae_date == close_date (2026-04-16 09:42),close should not coincide with the worst mark,"the exit fired at the worst point of the position's life — expected for a stop, a finding for anything else",the Trades list: which mechanic generated the closing order
2026-03-05,2026-07-02,2026-04-16,IC-SPX-FastPT25-S2,T00722,CLOSED_AT_MAE,INFO,MECHANICS,S,mae_date == close_date (2026-04-16 09:52),close should not coincide with the worst mark,"the exit fired at the worst point of the position's life — expected for a stop, a finding for anything else",the Trades list: which mechanic generated the closing order
2026-03-05,2026-07-02,2026-04-16,QQQ-IC-0DTE-HedgeC-S3,T00718,CLOSED_AT_MAE,INFO,MECHANICS,S,mae_date == close_date (2026-04-16 11:09),close should not coincide with the worst mark,"the exit fired at the worst point of the position's life — expected for a stop, a finding for anything else",the Trades list: which mechanic generated the closing order
2026-03-05,2026-07-02,2026-04-17,IC-SPX-FastPT25-S2,T00705,CLOSED_AT_MAE,INFO,MECHANICS,S,mae_date == close_date (2026-04-17 09:38),close should not coincide with the worst mark,"the exit fired at the worst point of the position's life — expected for a stop, a finding for anything else",the Trades list: which mechanic generated the closing order
2026-03-05,2026-07-02,2026-04-17,IC-SPX-FastPT25-S2,T00707,CLOSED_AT_MAE,INFO,MECHANICS,S,mae_date == close_date (2026-04-17 09:50),close should not coincide with the worst mark,"the exit fired at the worst point of the position's life — expected for a stop, a finding for anything else",the Trades list: which mechanic generated the closing order
2026-03-05,2026-07-02,2026-04-17,QQQ-IC-0DTE-HedgeC-S3,T00703,CLOSED_AT_MAE,INFO,MECHANICS,S,mae_date == close_date (2026-04-17 11:03),close should not coincide with the worst mark,"the exit fired at the worst point of the position's life — expected for a stop, a finding for anything else",the Trades list: which mechanic generated the closing order
2026-03-05,2026-07-02,2026-04-20,IC-SPX-FastPT25-S2,T00693,CLOSED_AT_MAE,INFO,MECHANICS,S,mae_date == close_date (2026-04-20 10:12),close should not coincide with the worst mark,"the exit fired at the worst point of the position's life — expected for a stop, a finding for anything else",the Trades list: which mechanic generated the closing order
2026-03-05,2026-07-02,2026-04-20,QQQ-IC-0DTE-HedgeC-S3,T00692,CLOSED_AT_MAE,INFO,MECHANICS,S,mae_date == close_date (2026-04-20 11:26),close should not coincide with the worst mark,"the exit fired at the worst point of the position's life — expected for a stop, a finding for anything else",the Trades list: which mechanic generated the closing order
2026-03-05,2026-07-02,2026-04-20,QQQ-IC-0DTE-HedgeC-S3,T00692,CLOSED_AT_MAE,INFO,MECHANICS,S,mae_date == close_date (2026-04-20 11:05),close should not coincide with the worst mark,"the exit fired at the worst point of the position's life — expected for a stop, a finding for anything else",the Trades list: which mechanic generated the closing order
2026-03-05,2026-07-02,2026-04-21,IC-SPX-FastPT25-S2,T00680,CLOSED_AT_MAE,INFO,MECHANICS,S,mae_date == close_date (2026-04-21 09:49),close should not coincide with the worst mark,"the exit fired at the worst point of the position's life — expected for a stop, a finding for anything else",the Trades list: which mechanic generated the closing order
2026-03-05,2026-07-02,2026-04-21,IC-SPX-FastPT25-S2,T00681,CLOSED_AT_MAE,INFO,MECHANICS,S,mae_date == close_date (2026-04-21 09:44),close should not coincide with the worst mark,"the exit fired at the worst point of the position's life — expected for a stop, a finding for anything else",the Trades list: which mechanic generated the closing order
2026-03-05,2026-07-02,2026-04-21,IC-SPX-FastPT25-S2,T00684,CLOSED_AT_MAE,INFO,MECHANICS,S,mae_date == close_date (2026-04-21 10:05),close should not coincide with the worst mark,"the exit fired at the worst point of the position's life — expected for a stop, a finding for anything else",the Trades list: which mechanic generated the closing order
2026-03-05,2026-07-02,2026-04-21,QQQ-IC-0DTE-HedgeC-S3,T00677,CLOSED_AT_MAE,INFO,MECHANICS,S,mae_date == close_date (2026-04-21 11:20),close should not coincide with the worst mark,"the exit fired at the worst point of the position's life — expected for a stop, a finding for anything else",the Trades list: which mechanic generated the closing order
2026-03-05,2026-07-02,2026-04-21,QQQ-IC-0DTE-HedgeC-S3,T00677,CLOSED_AT_MAE,INFO,MECHANICS,S,mae_date == close_date (2026-04-21 11:04),close should not coincide with the worst mark,"the exit fired at the worst point of the position's life — expected for a stop, a finding for anything else",the Trades list: which mechanic generated the closing order
2026-03-05,2026-07-02,2026-04-22,IC-SPX-FastPT25-S2,T00662,CLOSED_AT_MAE,INFO,MECHANICS,S,mae_date == close_date (2026-04-22 09:50),close should not coincide with the worst mark,"the exit fired at the worst point of the position's life — expected for a stop, a finding for anything else",the Trades list: which mechanic generated the closing order
2026-03-05,2026-07-02,2026-04-22,IC-SPX-FastPT25-S2,T00664,CLOSED_AT_MAE,INFO,MECHANICS,S,mae_date == close_date (2026-04-22 09:36),close should not coincide with the worst mark,"the exit fired at the worst point of the position's life — expected for a stop, a finding for anything else",the Trades list: which mechanic generated the closing order
2026-03-05,2026-07-02,2026-04-22,IC-SPX-FastPT25-S2,T00665,CLOSED_AT_MAE,INFO,MECHANICS,S,mae_date == close_date (2026-04-22 10:00),close should not coincide with the worst mark,"the exit fired at the worst point of the position's life — expected for a stop, a finding for anything else",the Trades list: which mechanic generated the closing order
2026-03-05,2026-07-02,2026-04-22,QQQ-IC-0DTE-HedgeB-S2,T00659,CLOSED_AT_MAE,INFO,MECHANICS,S,mae_date == close_date (2026-04-22 11:24),close should not coincide with the worst mark,"the exit fired at the worst point of the position's life — expected for a stop, a finding for anything else",the Trades list: which mechanic generated the closing order
2026-03-05,2026-07-02,2026-04-23,QQQ-IC-0DTE-Fortress-S2,T00630,CLOSED_AT_MAE,INFO,MECHANICS,S,mae_date == close_date (2026-04-23 13:42),close should not coincide with the worst mark,"the exit fired at the worst point of the position's life — expected for a stop, a finding for anything else",the Trades list: which mechanic generated the closing order
2026-03-05,2026-07-02,2026-04-23,QQQ-IC-0DTE-HedgeA-S1,T00634,CLOSED_AT_MAE,INFO,MECHANICS,S,mae_date == close_date (2026-04-23 13:17),close should not coincide with the worst mark,"the exit fired at the worst point of the position's life — expected for a stop, a finding for anything else",the Trades list: which mechanic generated the closing order
2026-03-05,2026-07-02,2026-04-23,QQQ-IC-0DTE-HedgeC-S3,T00637,CLOSED_AT_MAE,INFO,MECHANICS,S,mae_date == close_date (2026-04-23 13:35),close should not coincide with the worst mark,"the exit fired at the worst point of the position's life — expected for a stop, a finding for anything else",the Trades list: which mechanic generated the closing order
2026-03-05,2026-07-02,2026-04-23,QQQ-IC-0DTE-HedgeC-S3,T00638,CLOSED_AT_MAE,INFO,MECHANICS,S,mae_date == close_date (2026-04-23 12:05),close should not coincide with the worst mark,"the exit fired at the worst point of the position's life — expected for a stop, a finding for anything else",the Trades list: which mechanic generated the closing order
2026-03-05,2026-07-02,2026-04-23,QQQ-IC-0DTE-HedgeD-Conditional,T00636,CLOSED_AT_MAE,INFO,MECHANICS,S,mae_date == close_date (2026-04-23 13:37),close should not coincide with the worst mark,"the exit fired at the worst point of the position's life — expected for a stop, a finding for anything else",the Trades list: which mechanic generated the closing order
2026-03-05,2026-07-02,2026-04-23,QQQ-IC-0DTE-HedgeTest,T00632,CLOSED_AT_MAE,INFO,MECHANICS,S,mae_date == close_date (2026-04-23 13:17),close should not coincide with the worst mark,"the exit fired at the worst point of the position's life — expected for a stop, a finding for anything else",the Trades list: which mechanic generated the closing order
2026-03-05,2026-07-02,2026-04-24,IC-SPX-FastPT25-S2,T00610,CLOSED_AT_MAE,INFO,MECHANICS,S,mae_date == close_date (2026-04-24 10:13),close should not coincide with the worst mark,"the exit fired at the worst point of the position's life — expected for a stop, a finding for anything else",the Trades list: which mechanic generated the closing order
2026-03-05,2026-07-02,2026-04-24,IC-SPX-FastPT25-S2,T00611,CLOSED_AT_MAE,INFO,MECHANICS,S,mae_date == close_date (2026-04-24 09:55),close should not coincide with the worst mark,"the exit fired at the worst point of the position's life — expected for a stop, a finding for anything else",the Trades list: which mechanic generated the closing order
2026-03-05,2026-07-02,2026-04-24,QQQ-IC-0DTE-HedgeB-S2,T00607,CLOSED_AT_MAE,INFO,MECHANICS,S,mae_date == close_date (2026-04-24 11:45),close should not coincide with the worst mark,"the exit fired at the worst point of the position's life — expected for a stop, a finding for anything else",the Trades list: which mechanic generated the closing order
2026-03-05,2026-07-02,2026-04-24,QQQ-IC-0DTE-HedgeC-S3,T00606,CLOSED_AT_MAE,INFO,MECHANICS,S,mae_date == close_date (2026-04-24 11:45),close should not coincide with the worst mark,"the exit fired at the worst point of the position's life — expected for a stop, a finding for anything else",the Trades list: which mechanic generated the closing order
2026-03-05,2026-07-02,2026-04-27,IC-SPX-FastPT25-S2,T00592,CLOSED_AT_MAE,INFO,MECHANICS,S,mae_date == close_date (2026-04-27 09:44),close should not coincide with the worst mark,"the exit fired at the worst point of the position's life — expected for a stop, a finding for anything else",the Trades list: which mechanic generated the closing order
2026-03-05,2026-07-02,2026-04-27,QQQ-IC-0DTE-HedgeC-S3,T00590,CLOSED_AT_MAE,INFO,MECHANICS,S,mae_date == close_date (2026-04-27 11:04),close should not coincide with the worst mark,"the exit fired at the worst point of the position's life — expected for a stop, a finding for anything else",the Trades list: which mechanic generated the closing order
2026-03-05,2026-07-02,2026-04-28,IC-SPX-FastPT25-S2,T00575,CLOSED_AT_MAE,INFO,MECHANICS,S,mae_date == close_date (2026-04-28 09:40),close should not coincide with the worst mark,"the exit fired at the worst point of the position's life — expected for a stop, a finding for anything else",the Trades list: which mechanic generated the closing order
2026-03-05,2026-07-02,2026-04-28,IC-SPX-FastPT25-S2,T00576,CLOSED_AT_MAE,INFO,MECHANICS,S,mae_date == close_date (2026-04-28 09:55),close should not coincide with the worst mark,"the exit fired at the worst point of the position's life — expected for a stop, a finding for anything else",the Trades list: which mechanic generated the closing order
2026-03-05,2026-07-02,2026-04-28,QQQ-IC-0DTE-HedgeC-S3,T00572,CLOSED_AT_MAE,INFO,MECHANICS,S,mae_date == close_date (2026-04-28 11:07),close should not coincide with the worst mark,"the exit fired at the worst point of the position's life — expected for a stop, a finding for anything else",the Trades list: which mechanic generated the closing order
2026-03-05,2026-07-02,2026-04-30,IC-SPX-FastPT25-S2,T00545,CLOSED_AT_MAE,INFO,MECHANICS,S,mae_date == close_date (2026-04-30 09:53),close should not coincide with the worst mark,"the exit fired at the worst point of the position's life — expected for a stop, a finding for anything else",the Trades list: which mechanic generated the closing order
2026-03-05,2026-07-02,2026-04-30,IC-SPX-FastPT25-S2,T00546,CLOSED_AT_MAE,INFO,MECHANICS,S,mae_date == close_date (2026-04-30 09:44),close should not coincide with the worst mark,"the exit fired at the worst point of the position's life — expected for a stop, a finding for anything else",the Trades list: which mechanic generated the closing order
2026-03-05,2026-07-02,2026-04-30,IC-SPX-FastPT25-S2,T00547,CLOSED_AT_MAE,INFO,MECHANICS,S,mae_date == close_date (2026-04-30 09:41),close should not coincide with the worst mark,"the exit fired at the worst point of the position's life — expected for a stop, a finding for anything else",the Trades list: which mechanic generated the closing order
2026-03-05,2026-07-02,2026-04-30,IC-SPX-FastPT25-S2,T00548,CLOSED_AT_MAE,INFO,MECHANICS,S,mae_date == close_date (2026-04-30 09:38),close should not coincide with the worst mark,"the exit fired at the worst point of the position's life — expected for a stop, a finding for anything else",the Trades list: which mechanic generated the closing order
2026-03-05,2026-07-02,2026-04-30,IC-SPX-FastPT25-S2,T00550,CLOSED_AT_MAE,INFO,MECHANICS,S,mae_date == close_date (2026-04-30 09:56),close should not coincide with the worst mark,"the exit fired at the worst point of the position's life — expected for a stop, a finding for anything else",the Trades list: which mechanic generated the closing order
2026-03-05,2026-07-02,2026-05-01,QQQ-IC-0DTE-HedgeC-S3,T00519,CLOSED_AT_MAE,INFO,MECHANICS,S,mae_date == close_date (2026-05-01 11:14),close should not coincide with the worst mark,"the exit fired at the worst point of the position's life — expected for a stop, a finding for anything else",the Trades list: which mechanic generated the closing order
2026-03-05,2026-07-02,2026-05-01,QQQ-IC-0DTE-HedgeC-S3,T00520,CLOSED_AT_MAE,INFO,MECHANICS,S,mae_date == close_date (2026-05-01 11:02),close should not coincide with the worst mark,"the exit fired at the worst point of the position's life — expected for a stop, a finding for anything else",the Trades list: which mechanic generated the closing order
2026-03-05,2026-07-02,2026-05-04,QQQ-IC-0DTE-HedgeA-S1,T00494,CLOSED_AT_MAE,INFO,MECHANICS,S,mae_date == close_date (2026-05-04 12:08),close should not coincide with the worst mark,"the exit fired at the worst point of the position's life — expected for a stop, a finding for anything else",the Trades list: which mechanic generated the closing order
2026-03-05,2026-07-02,2026-05-04,QQQ-IC-0DTE-HedgeC-S3,T00492,CLOSED_AT_MAE,INFO,MECHANICS,S,mae_date == close_date (2026-05-04 11:13),close should not coincide with the worst mark,"the exit fired at the worst point of the position's life — expected for a stop, a finding for anything else",the Trades list: which mechanic generated the closing order
2026-03-05,2026-07-02,2026-05-04,QQQ-IC-0DTE-HedgeD-Conditional,T00498,CLOSED_AT_MAE,INFO,MECHANICS,S,mae_date == close_date (2026-05-04 12:08),close should not coincide with the worst mark,"the exit fired at the worst point of the position's life — expected for a stop, a finding for anything else",the Trades list: which mechanic generated the closing order
2026-03-05,2026-07-02,2026-05-04,QQQ-IC-0DTE-HedgeTest,T00496,CLOSED_AT_MAE,INFO,MECHANICS,S,mae_date == close_date (2026-05-04 12:08),close should not coincide with the worst mark,"the exit fired at the worst point of the position's life — expected for a stop, a finding for anything else",the Trades list: which mechanic generated the closing order
2026-03-05,2026-07-02,2026-05-05,QQQ-IC-0DTE-HedgeC-S3,T00474,CLOSED_AT_MAE,INFO,MECHANICS,S,mae_date == close_date (2026-05-05 11:05),close should not coincide with the worst mark,"the exit fired at the worst point of the position's life — expected for a stop, a finding for anything else",the Trades list: which mechanic generated the closing order
2026-03-05,2026-07-02,2026-05-06,IC-SPX-FastPT25-S2,T00461,CLOSED_AT_MAE,INFO,MECHANICS,S,mae_date == close_date (2026-05-06 09:54),close should not coincide with the worst mark,"the exit fired at the worst point of the position's life — expected for a stop, a finding for anything else",the Trades list: which mechanic generated the closing order
2026-03-05,2026-07-02,2026-05-06,IC-SPX-FastPT25-S2,T00464,CLOSED_AT_MAE,INFO,MECHANICS,S,mae_date == close_date (2026-05-06 09:51),close should not coincide with the worst mark,"the exit fired at the worst point of the position's life — expected for a stop, a finding for anything else",the Trades list: which mechanic generated the closing order
2026-03-05,2026-07-02,2026-05-07,IC-SPX-FastPT25-S2,T00446,CLOSED_AT_MAE,INFO,MECHANICS,S,mae_date == close_date (2026-05-07 09:50),close should not coincide with the worst mark,"the exit fired at the worst point of the position's life — expected for a stop, a finding for anything else",the Trades list: which mechanic generated the closing order
2026-03-05,2026-07-02,2026-05-07,IC-SPX-FastPT25-S2,T00447,CLOSED_AT_MAE,INFO,MECHANICS,S,mae_date == close_date (2026-05-07 09:46),close should not coincide with the worst mark,"the exit fired at the worst point of the position's life — expected for a stop, a finding for anything else",the Trades list: which mechanic generated the closing order
2026-03-05,2026-07-02,2026-05-07,IC-SPX-FastPT25-S2,T00449,CLOSED_AT_MAE,INFO,MECHANICS,S,mae_date == close_date (2026-05-07 09:33),close should not coincide with the worst mark,"the exit fired at the worst point of the position's life — expected for a stop, a finding for anything else",the Trades list: which mechanic generated the closing order
2026-03-05,2026-07-02,2026-05-07,QQQ-IC-0DTE-HedgeA-S1,T00441,CLOSED_AT_MAE,INFO,MECHANICS,S,mae_date == close_date (2026-05-07 12:16),close should not coincide with the worst mark,"the exit fired at the worst point of the position's life — expected for a stop, a finding for anything else",the Trades list: which mechanic generated the closing order
2026-03-05,2026-07-02,2026-05-07,QQQ-IC-0DTE-HedgeC-S3,T00443,CLOSED_AT_MAE,INFO,MECHANICS,S,mae_date == close_date (2026-05-07 11:06),close should not coincide with the worst mark,"the exit fired at the worst point of the position's life — expected for a stop, a finding for anything else",the Trades list: which mechanic generated the closing order
2026-03-05,2026-07-02,2026-05-07,QQQ-IC-0DTE-HedgeD-Conditional,T00440,CLOSED_AT_MAE,INFO,MECHANICS,S,mae_date == close_date (2026-05-07 13:18),close should not coincide with the worst mark,"the exit fired at the worst point of the position's life — expected for a stop, a finding for anything else",the Trades list: which mechanic generated the closing order
2026-03-05,2026-07-02,2026-05-07,QQQ-IC-0DTE-HedgeTest,T00442,CLOSED_AT_MAE,INFO,MECHANICS,S,mae_date == close_date (2026-05-07 12:16),close should not coincide with the worst mark,"the exit fired at the worst point of the position's life — expected for a stop, a finding for anything else",the Trades list: which mechanic generated the closing order
2026-03-05,2026-07-02,2026-05-08,IC-SPX-FastPT25-S2,T00427,CLOSED_AT_MAE,INFO,MECHANICS,S,mae_date == close_date (2026-05-08 10:00),close should not coincide with the worst mark,"the exit fired at the worst point of the position's life — expected for a stop, a finding for anything else",the Trades list: which mechanic generated the closing order
2026-03-05,2026-07-02,2026-05-08,IC-SPX-FastPT25-S2,T00428,CLOSED_AT_MAE,INFO,MECHANICS,S,mae_date == close_date (2026-05-08 10:07),close should not coincide with the worst mark,"the exit fired at the worst point of the position's life — expected for a stop, a finding for anything else",the Trades list: which mechanic generated the closing order
2026-03-05,2026-07-02,2026-05-08,QQQ-IC-0DTE-HedgeC-S3,T00421,CLOSED_AT_MAE,INFO,MECHANICS,S,mae_date == close_date (2026-05-08 11:21),close should not coincide with the worst mark,"the exit fired at the worst point of the position's life — expected for a stop, a finding for anything else",the Trades list: which mechanic generated the closing order
2026-03-05,2026-07-02,2026-05-11,QQQ-IC-0DTE-HedgeC-S3,T00402,CLOSED_AT_MAE,INFO,MECHANICS,S,mae_date == close_date (2026-05-11 11:48),close should not coincide with the worst mark,"the exit fired at the worst point of the position's life — expected for a stop, a finding for anything else",the Trades list: which mechanic generated the closing order
2026-03-05,2026-07-02,2026-05-12,IC-SPX-FastPT25-S2,T00391,CLOSED_AT_MAE,INFO,MECHANICS,S,mae_date == close_date (2026-05-12 10:01),close should not coincide with the worst mark,"the exit fired at the worst point of the position's life — expected for a stop, a finding for anything else",the Trades list: which mechanic generated the closing order
2026-03-05,2026-07-02,2026-05-12,QQQ-IC-0DTE-Baseline,T00380,CLOSED_AT_MAE,INFO,MECHANICS,S,mae_date == close_date (2026-05-12 15:50),close should not coincide with the worst mark,"the exit fired at the worst point of the position's life — expected for a stop, a finding for anything else",the Trades list: which mechanic generated the closing order
2026-03-05,2026-07-02,2026-05-12,QQQ-IC-0DTE-HedgeA-S1,T00385,CLOSED_AT_MAE,INFO,MECHANICS,S,mae_date == close_date (2026-05-12 12:42),close should not coincide with the worst mark,"the exit fired at the worst point of the position's life — expected for a stop, a finding for anything else",the Trades list: which mechanic generated the closing order
2026-03-05,2026-07-02,2026-05-12,QQQ-IC-0DTE-HedgeB-S2,T00387,CLOSED_AT_MAE,INFO,MECHANICS,S,mae_date == close_date (2026-05-12 11:17),close should not coincide with the worst mark,"the exit fired at the worst point of the position's life — expected for a stop, a finding for anything else",the Trades list: which mechanic generated the closing order
2026-03-05,2026-07-02,2026-05-12,QQQ-IC-0DTE-HedgeC-S3,T00386,CLOSED_AT_MAE,INFO,MECHANICS,S,mae_date == close_date (2026-05-12 11:16),close should not coincide with the worst mark,"the exit fired at the worst point of the position's life — expected for a stop, a finding for anything else",the Trades list: which mechanic generated the closing order
2026-03-05,2026-07-02,2026-05-12,QQQ-IC-0DTE-HedgeD-Conditional,T00383,CLOSED_AT_MAE,INFO,MECHANICS,S,mae_date == close_date (2026-05-12 12:54),close should not coincide with the worst mark,"the exit fired at the worst point of the position's life — expected for a stop, a finding for anything else",the Trades list: which mechanic generated the closing order
2026-03-05,2026-07-02,2026-05-12,QQQ-IC-0DTE-HedgeTest,T00384,CLOSED_AT_MAE,INFO,MECHANICS,S,mae_date == close_date (2026-05-12 12:42),close should not coincide with the worst mark,"the exit fired at the worst point of the position's life — expected for a stop, a finding for anything else",the Trades list: which mechanic generated the closing order
2026-03-05,2026-07-02,2026-05-13,IC-SPX-FastPT25-S2,T00370,CLOSED_AT_MAE,INFO,MECHANICS,S,mae_date == close_date (2026-05-13 09:46),close should not coincide with the worst mark,"the exit fired at the worst point of the position's life — expected for a stop, a finding for anything else",the Trades list: which mechanic generated the closing order
2026-03-05,2026-07-02,2026-05-13,IC-SPX-FastPT25-S2,T00371,CLOSED_AT_MAE,INFO,MECHANICS,S,mae_date == close_date (2026-05-13 09:37),close should not coincide with the worst mark,"the exit fired at the worst point of the position's life — expected for a stop, a finding for anything else",the Trades list: which mechanic generated the closing order
2026-03-05,2026-07-02,2026-05-13,IC-SPX-FastPT25-S2,T00374,CLOSED_AT_MAE,INFO,MECHANICS,S,mae_date == close_date (2026-05-13 09:49),close should not coincide with the worst mark,"the exit fired at the worst point of the position's life — expected for a stop, a finding for anything else",the Trades list: which mechanic generated the closing order
2026-03-05,2026-07-02,2026-05-13,QQQ-IC-0DTE-HedgeA-S1,T00364,CLOSED_AT_MAE,INFO,MECHANICS,S,mae_date == close_date (2026-05-13 14:16),close should not coincide with the worst mark,"the exit fired at the worst point of the position's life — expected for a stop, a finding for anything else",the Trades list: which mechanic generated the closing order
2026-03-05,2026-07-02,2026-05-13,QQQ-IC-0DTE-HedgeC-S3,T00366,CLOSED_AT_MAE,INFO,MECHANICS,S,mae_date == close_date (2026-05-13 12:25),close should not coincide with the worst mark,"the exit fired at the worst point of the position's life — expected for a stop, a finding for anything else",the Trades list: which mechanic generated the closing order
2026-03-05,2026-07-02,2026-05-13,QQQ-IC-0DTE-HedgeC-S3,T00366,CLOSED_AT_MAE,INFO,MECHANICS,S,mae_date == close_date (2026-05-13 11:28),close should not coincide with the worst mark,"the exit fired at the worst point of the position's life — expected for a stop, a finding for anything else",the Trades list: which mechanic generated the closing order
2026-03-05,2026-07-02,2026-05-13,QQQ-IC-0DTE-HedgeTest,T00365,CLOSED_AT_MAE,INFO,MECHANICS,S,mae_date == close_date (2026-05-13 14:16),close should not coincide with the worst mark,"the exit fired at the worst point of the position's life — expected for a stop, a finding for anything else",the Trades list: which mechanic generated the closing order
2026-03-05,2026-07-02,2026-05-14,IC-SPX-FastPT25-S2,T00353,CLOSED_AT_MAE,INFO,MECHANICS,S,mae_date == close_date (2026-05-14 10:00),close should not coincide with the worst mark,"the exit fired at the worst point of the position's life — expected for a stop, a finding for anything else",the Trades list: which mechanic generated the closing order
2026-03-05,2026-07-02,2026-05-14,QQQ-IC-0DTE-HedgeB-S2,T00351,CLOSED_AT_MAE,INFO,MECHANICS,S,mae_date == close_date (2026-05-14 11:21),close should not coincide with the worst mark,"the exit fired at the worst point of the position's life — expected for a stop, a finding for anything else",the Trades list: which mechanic generated the closing order
2026-03-05,2026-07-02,2026-05-14,QQQ-IC-0DTE-HedgeC-S3,T00350,CLOSED_AT_MAE,INFO,MECHANICS,S,mae_date == close_date (2026-05-14 11:19),close should not coincide with the worst mark,"the exit fired at the worst point of the position's life — expected for a stop, a finding for anything else",the Trades list: which mechanic generated the closing order
2026-03-05,2026-07-02,2026-05-15,IC-SPX-FastPT25-S2,T00324,CLOSED_AT_MAE,INFO,MECHANICS,S,mae_date == close_date (2026-05-15 10:26),close should not coincide with the worst mark,"the exit fired at the worst point of the position's life — expected for a stop, a finding for anything else",the Trades list: which mechanic generated the closing order
2026-03-05,2026-07-02,2026-05-15,QQQ-IC-0DTE-HedgeC-S3,T00333,CLOSED_AT_MAE,INFO,MECHANICS,S,mae_date == close_date (2026-05-15 11:32),close should not coincide with the worst mark,"the exit fired at the worst point of the position's life — expected for a stop, a finding for anything else",the Trades list: which mechanic generated the closing order
2026-03-05,2026-07-02,2026-05-18,IC-SPX-FastPT25-S2,T00305,CLOSED_AT_MAE,INFO,MECHANICS,S,mae_date == close_date (2026-05-18 09:53),close should not coincide with the worst mark,"the exit fired at the worst point of the position's life — expected for a stop, a finding for anything else",the Trades list: which mechanic generated the closing order
2026-03-05,2026-07-02,2026-05-18,IC-SPX-FastPT25-S2,T00306,CLOSED_AT_MAE,INFO,MECHANICS,S,mae_date == close_date (2026-05-18 09:37),close should not coincide with the worst mark,"the exit fired at the worst point of the position's life — expected for a stop, a finding for anything else",the Trades list: which mechanic generated the closing order
2026-03-05,2026-07-02,2026-05-18,QQQ-IC-0DTE-HedgeA-S1,T00299,CLOSED_AT_MAE,INFO,MECHANICS,S,mae_date == close_date (2026-05-18 12:29),close should not coincide with the worst mark,"the exit fired at the worst point of the position's life — expected for a stop, a finding for anything else",the Trades list: which mechanic generated the closing order
2026-03-05,2026-07-02,2026-05-18,QQQ-IC-0DTE-HedgeC-S3,T00300,CLOSED_AT_MAE,INFO,MECHANICS,S,mae_date == close_date (2026-05-18 11:04),close should not coincide with the worst mark,"the exit fired at the worst point of the position's life — expected for a stop, a finding for anything else",the Trades list: which mechanic generated the closing order
2026-03-05,2026-07-02,2026-05-18,QQQ-IC-0DTE-HedgeD-Conditional,T00297,CLOSED_AT_MAE,INFO,MECHANICS,S,mae_date == close_date (2026-05-18 12:31),close should not coincide with the worst mark,"the exit fired at the worst point of the position's life — expected for a stop, a finding for anything else",the Trades list: which mechanic generated the closing order
2026-03-05,2026-07-02,2026-05-18,QQQ-IC-0DTE-HedgeTest,T00298,CLOSED_AT_MAE,INFO,MECHANICS,S,mae_date == close_date (2026-05-18 12:29),close should not coincide with the worst mark,"the exit fired at the worst point of the position's life — expected for a stop, a finding for anything else",the Trades list: which mechanic generated the closing order
2026-03-05,2026-07-02,2026-05-19,IC-SPX-FastPT25-S2,T00281,CLOSED_AT_MAE,INFO,MECHANICS,S,mae_date == close_date (2026-05-19 10:08),close should not coincide with the worst mark,"the exit fired at the worst point of the position's life — expected for a stop, a finding for anything else",the Trades list: which mechanic generated the closing order
2026-03-05,2026-07-02,2026-05-19,QQQ-IC-0DTE-HedgeA-S1,T00275,CLOSED_AT_MAE,INFO,MECHANICS,S,mae_date == close_date (2026-05-19 12:55),close should not coincide with the worst mark,"the exit fired at the worst point of the position's life — expected for a stop, a finding for anything else",the Trades list: which mechanic generated the closing order
2026-03-05,2026-07-02,2026-05-19,QQQ-IC-0DTE-HedgeC-S3,T00276,CLOSED_AT_MAE,INFO,MECHANICS,S,mae_date == close_date (2026-05-19 12:26),close should not coincide with the worst mark,"the exit fired at the worst point of the position's life — expected for a stop, a finding for anything else",the Trades list: which mechanic generated the closing order
2026-03-05,2026-07-02,2026-05-19,QQQ-IC-0DTE-HedgeD-Conditional,T00273,CLOSED_AT_MAE,INFO,MECHANICS,S,mae_date == close_date (2026-05-19 13:10),close should not coincide with the worst mark,"the exit fired at the worst point of the position's life — expected for a stop, a finding for anything else",the Trades list: which mechanic generated the closing order
2026-03-05,2026-07-02,2026-05-19,QQQ-IC-0DTE-HedgeTest,T00274,CLOSED_AT_MAE,INFO,MECHANICS,S,mae_date == close_date (2026-05-19 12:56),close should not coincide with the worst mark,"the exit fired at the worst point of the position's life — expected for a stop, a finding for anything else",the Trades list: which mechanic generated the closing order
2026-03-05,2026-07-02,2026-05-20,IC-SPX-FastPT25-S2,T00254,CLOSED_AT_MAE,INFO,MECHANICS,S,mae_date == close_date (2026-05-20 09:46),close should not coincide with the worst mark,"the exit fired at the worst point of the position's life — expected for a stop, a finding for anything else",the Trades list: which mechanic generated the closing order
2026-03-05,2026-07-02,2026-05-20,IC-SPX-FastPT25-S2,T00255,CLOSED_AT_MAE,INFO,MECHANICS,S,mae_date == close_date (2026-05-20 09:41),close should not coincide with the worst mark,"the exit fired at the worst point of the position's life — expected for a stop, a finding for anything else",the Trades list: which mechanic generated the closing order
2026-03-05,2026-07-02,2026-05-20,IC-SPX-FastPT25-S2,T00256,CLOSED_AT_MAE,INFO,MECHANICS,S,mae_date == close_date (2026-05-20 09:36),close should not coincide with the worst mark,"the exit fired at the worst point of the position's life — expected for a stop, a finding for anything else",the Trades list: which mechanic generated the closing order
2026-03-05,2026-07-02,2026-05-20,IC-SPX-FastPT25-S2,T00257,CLOSED_AT_MAE,INFO,MECHANICS,S,mae_date == close_date (2026-05-20 10:05),close should not coincide with the worst mark,"the exit fired at the worst point of the position's life — expected for a stop, a finding for anything else",the Trades list: which mechanic generated the closing order
2026-03-05,2026-07-02,2026-05-20,QQQ-IC-0DTE-HedgeC-S3,T00248,CLOSED_AT_MAE,INFO,MECHANICS,S,mae_date == close_date (2026-05-20 11:16),close should not coincide with the worst mark,"the exit fired at the worst point of the position's life — expected for a stop, a finding for anything else",the Trades list: which mechanic generated the closing order
2026-03-05,2026-07-02,2026-06-02,Trendy-Paper-v1,T00167,CLOSED_AT_MAE,INFO,MECHANICS,S,mae_date == close_date (2026-06-05 09:45),close should not coincide with the worst mark,"the exit fired at the worst point of the position's life — expected for a stop, a finding for anything else",the Trades list: which mechanic generated the closing order
2026-03-05,2026-07-02,2026-06-05,IC-SPX-FastPT25-S2,T00166,CLOSED_AT_MAE,INFO,MECHANICS,S,mae_date == close_date (2026-06-05 12:01),close should not coincide with the worst mark,"the exit fired at the worst point of the position's life — expected for a stop, a finding for anything else",the Trades list: which mechanic generated the closing order
2026-03-05,2026-07-02,2026-06-08,IC-SPX-FastPT25-S2,T00161,CLOSED_AT_MAE,INFO,MECHANICS,S,mae_date == close_date (2026-06-08 11:33),close should not coincide with the worst mark,"the exit fired at the worst point of the position's life — expected for a stop, a finding for anything else",the Trades list: which mechanic generated the closing order
2026-03-05,2026-07-02,2026-06-09,IC-SPX-FastPT25-S2,T00152,CLOSED_AT_MAE,INFO,MECHANICS,S,mae_date == close_date (2026-06-09 11:29),close should not coincide with the worst mark,"the exit fired at the worst point of the position's life — expected for a stop, a finding for anything else",the Trades list: which mechanic generated the closing order
2026-03-05,2026-07-02,2026-06-10,IC-SPX-FastPT25-S2,T00149,CLOSED_AT_MAE,INFO,MECHANICS,S,mae_date == close_date (2026-06-10 15:16),close should not coincide with the worst mark,"the exit fired at the worst point of the position's life — expected for a stop, a finding for anything else",the Trades list: which mechanic generated the closing order
2026-03-05,2026-07-02,2026-06-16,Trendy-Paper-v1,T00090,CLOSED_AT_MAE,INFO,MECHANICS,S,mae_date == close_date (2026-06-25 10:00),close should not coincide with the worst mark,"the exit fired at the worst point of the position's life — expected for a stop, a finding for anything else",the Trades list: which mechanic generated the closing order
2026-03-05,2026-07-02,2026-06-22,IC-SPX-FastPT25-S2-130PM,T00114,CLOSED_AT_MAE,INFO,MECHANICS,S,mae_date == close_date (2026-06-22 13:33),close should not coincide with the worst mark,"the exit fired at the worst point of the position's life — expected for a stop, a finding for anything else",the Trades list: which mechanic generated the closing order
2026-03-05,2026-07-02,2026-06-24,IC-SPX-FastPT25-S2,T00095,CLOSED_AT_MAE,INFO,MECHANICS,S,mae_date == close_date (2026-06-24 13:25),close should not coincide with the worst mark,"the exit fired at the worst point of the position's life — expected for a stop, a finding for anything else",the Trades list: which mechanic generated the closing order
2026-03-05,2026-07-02,2026-06-24,IC-SPX-FastPT25-S2-130PM,T00100,CLOSED_AT_MAE,INFO,MECHANICS,S,mae_date == close_date (2026-06-24 13:45),close should not coincide with the worst mark,"the exit fired at the worst point of the position's life — expected for a stop, a finding for anything else",the Trades list: which mechanic generated the closing order
2026-03-05,2026-07-02,2026-06-25,IC-SPX-FastPT25-S2-130PM,T00084,CLOSED_AT_MAE,INFO,MECHANICS,S,mae_date == close_date (2026-06-25 13:49),close should not coincide with the worst mark,"the exit fired at the worst point of the position's life — expected for a stop, a finding for anything else",the Trades list: which mechanic generated the closing order
2026-03-05,2026-07-02,2026-06-25,IC-SPX-FastPT25-S2-130PM,T00086,CLOSED_AT_MAE,INFO,MECHANICS,S,mae_date == close_date (2026-06-25 13:37),close should not coincide with the worst mark,"the exit fired at the worst point of the position's life — expected for a stop, a finding for anything else",the Trades list: which mechanic generated the closing order
2026-03-05,2026-07-02,2026-06-25,IC-SPX-FastPT25-S2-130PM,T00087,CLOSED_AT_MAE,INFO,MECHANICS,S,mae_date == close_date (2026-06-25 13:33),close should not coincide with the worst mark,"the exit fired at the worst point of the position's life — expected for a stop, a finding for anything else",the Trades list: which mechanic generated the closing order
2026-03-05,2026-07-02,2026-06-25,IC-SPX-FastPT25-S2-130PM,T00089,CLOSED_AT_MAE,INFO,MECHANICS,S,mae_date == close_date (2026-06-25 13:45),close should not coincide with the worst mark,"the exit fired at the worst point of the position's life — expected for a stop, a finding for anything else",the Trades list: which mechanic generated the closing order
2026-03-05,2026-07-02,2026-06-26,DIR-SPX-Put-Control,T00073,CLOSED_AT_MAE,INFO,MECHANICS,S,mae_date == close_date (2026-06-26 13:09),close should not coincide with the worst mark,"the exit fired at the worst point of the position's life — expected for a stop, a finding for anything else",the Trades list: which mechanic generated the closing order
2026-03-05,2026-07-02,2026-06-26,IC-SPX-FastPT25-S2-130PM,T00062,CLOSED_AT_MAE,INFO,MECHANICS,S,mae_date == close_date (2026-06-26 13:56),close should not coincide with the worst mark,"the exit fired at the worst point of the position's life — expected for a stop, a finding for anything else",the Trades list: which mechanic generated the closing order
2026-03-05,2026-07-02,2026-06-26,IC-SPX-FastPT25-S2-130PM,T00064,CLOSED_AT_MAE,INFO,MECHANICS,S,mae_date == close_date (2026-06-26 13:37),close should not coincide with the worst mark,"the exit fired at the worst point of the position's life — expected for a stop, a finding for anything else",the Trades list: which mechanic generated the closing order
2026-03-05,2026-07-02,2026-06-26,IC-SPX-FastPT25-S2-130PM,T00068,CLOSED_AT_MAE,INFO,MECHANICS,S,mae_date == close_date (2026-06-26 13:40),close should not coincide with the worst mark,"the exit fired at the worst point of the position's life — expected for a stop, a finding for anything else",the Trades list: which mechanic generated the closing order
2026-03-05,2026-07-02,2026-06-29,DIR-SPX-Put-Control,T00054,CLOSED_AT_MAE,INFO,MECHANICS,S,mae_date == close_date (2026-06-29 13:21),close should not coincide with the worst mark,"the exit fired at the worst point of the position's life — expected for a stop, a finding for anything else",the Trades list: which mechanic generated the closing order
2026-03-05,2026-07-02,2026-06-30,DIR-SPX-Put-Control,T00050,CLOSED_AT_MAE,INFO,MECHANICS,S,mae_date == close_date (2026-06-30 11:57),close should not coincide with the worst mark,"the exit fired at the worst point of the position's life — expected for a stop, a finding for anything else",the Trades list: which mechanic generated the closing order
2026-03-05,2026-07-02,2026-07-01,DIR-SPX-Put-Control,T00022,CLOSED_AT_MAE,INFO,MECHANICS,S,mae_date == close_date (2026-07-01 12:03),close should not coincide with the worst mark,"the exit fired at the worst point of the position's life — expected for a stop, a finding for anything else",the Trades list: which mechanic generated the closing order
2026-03-05,2026-07-02,2026-07-01,IC-SPX-FastPT25-S2,T00030,CLOSED_AT_MAE,INFO,MECHANICS,S,mae_date == close_date (2026-07-01 11:09),close should not coincide with the worst mark,"the exit fired at the worst point of the position's life — expected for a stop, a finding for anything else",the Trades list: which mechanic generated the closing order
2026-03-05,2026-07-02,2026-07-01,IC-SPX-FastPT25-S2-130PM,T00016,CLOSED_AT_MAE,INFO,MECHANICS,S,mae_date == close_date (2026-07-01 13:54),close should not coincide with the worst mark,"the exit fired at the worst point of the position's life — expected for a stop, a finding for anything else",the Trades list: which mechanic generated the closing order
2026-03-05,2026-07-02,2026-07-01,IC-SPX-FastPT25-S2-130PM,T00017,CLOSED_AT_MAE,INFO,MECHANICS,S,mae_date == close_date (2026-07-01 13:45),close should not coincide with the worst mark,"the exit fired at the worst point of the position's life — expected for a stop, a finding for anything else",the Trades list: which mechanic generated the closing order
2026-03-05,2026-07-02,2026-07-01,IC-SPX-FastPT25-S2-130PM,T00019,CLOSED_AT_MAE,INFO,MECHANICS,S,mae_date == close_date (2026-07-01 13:33),close should not coincide with the worst mark,"the exit fired at the worst point of the position's life — expected for a stop, a finding for anything else",the Trades list: which mechanic generated the closing order
2026-03-05,2026-07-02,2026-07-02,DIR-SPX-CallVIXdrop,T00012,CLOSED_AT_MAE,INFO,MECHANICS,S,mae_date == close_date (2026-07-02 11:08),close should not coincide with the worst mark,"the exit fired at the worst point of the position's life — expected for a stop, a finding for anything else",the Trades list: which mechanic generated the closing order
2026-03-05,2026-07-02,2026-07-02,IC-SPX-FastPT25-S2,T00002,CLOSED_AT_MAE,INFO,MECHANICS,S,mae_date == close_date (2026-07-02 13:02),close should not coincide with the worst mark,"the exit fired at the worst point of the position's life — expected for a stop, a finding for anything else",the Trades list: which mechanic generated the closing order
2026-03-05,2026-07-02,2026-07-02,IC-SPX-FastPT25-S2-130PM,T00008,CLOSED_AT_MAE,INFO,MECHANICS,S,mae_date == close_date (2026-07-02 13:37),close should not coincide with the worst mark,"the exit fired at the worst point of the position's life — expected for a stop, a finding for anything else",the Trades list: which mechanic generated the closing order
2026-03-05,2026-07-02,2026-03-20,QQQ-IC-0DTE-HedgeC-S3,T00906,NEVER_IN_PROFIT,INFO,FIRE,S,mfe=-0.0417,mfe > 0,"the position was never in profit for a single recorded mark — an entry-side question, not an exit-side one",entry timestamp vs the tape; the C1 regime inputs for that morning
2026-03-05,2026-07-02,2026-03-23,QQQ-IC-0DTE-Baseline,T00896,NEVER_IN_PROFIT,INFO,FIRE,S,mfe=-0.1765,mfe > 0,"the position was never in profit for a single recorded mark — an entry-side question, not an exit-side one",entry timestamp vs the tape; the C1 regime inputs for that morning
2026-03-05,2026-07-02,2026-03-23,QQQ-IC-0DTE-HedgeC-S3,T00901,NEVER_IN_PROFIT,INFO,FIRE,S,mfe=-0.0909,mfe > 0,"the position was never in profit for a single recorded mark — an entry-side question, not an exit-side one",entry timestamp vs the tape; the C1 regime inputs for that morning
2026-03-05,2026-07-02,2026-03-31,QQQ-IC-0DTE-HedgeB-S2,T00850,NEVER_IN_PROFIT,INFO,FIRE,S,mfe=-0.0526,mfe > 0,"the position was never in profit for a single recorded mark — an entry-side question, not an exit-side one",entry timestamp vs the tape; the C1 regime inputs for that morning
2026-03-05,2026-07-02,2026-03-31,QQQ-IC-0DTE-HedgeC-S3,T00849,NEVER_IN_PROFIT,INFO,FIRE,S,mfe=-0.0526,mfe > 0,"the position was never in profit for a single recorded mark — an entry-side question, not an exit-side one",entry timestamp vs the tape; the C1 regime inputs for that morning
2026-03-05,2026-07-02,2026-04-07,QQQ-IC-0DTE-HedgeC-S3,T00812,NEVER_IN_PROFIT,INFO,FIRE,S,mfe=-0.0476,mfe > 0,"the position was never in profit for a single recorded mark — an entry-side question, not an exit-side one",entry timestamp vs the tape; the C1 regime inputs for that morning
2026-03-05,2026-07-02,2026-04-09,IC-SPX-FastPT25-S2,T00787,NEVER_IN_PROFIT,INFO,FIRE,S,mfe=-0.1000,mfe > 0,"the position was never in profit for a single recorded mark — an entry-side question, not an exit-side one",entry timestamp vs the tape; the C1 regime inputs for that morning
2026-03-05,2026-07-02,2026-04-10,IC-SPX-FastPT25-S2,T00771,NEVER_IN_PROFIT,INFO,FIRE,S,mfe=+0.0000,mfe > 0,"the position was never in profit for a single recorded mark — an entry-side question, not an exit-side one",entry timestamp vs the tape; the C1 regime inputs for that morning
2026-03-05,2026-07-02,2026-04-13,IC-SPX-FastPT25-S2,T00760,NEVER_IN_PROFIT,INFO,FIRE,S,mfe=+0.0000,mfe > 0,"the position was never in profit for a single recorded mark — an entry-side question, not an exit-side one",entry timestamp vs the tape; the C1 regime inputs for that morning
2026-03-05,2026-07-02,2026-04-13,IC-SPX-FastPT25-S2,T00763,NEVER_IN_PROFIT,INFO,FIRE,S,mfe=+0.0000,mfe > 0,"the position was never in profit for a single recorded mark — an entry-side question, not an exit-side one",entry timestamp vs the tape; the C1 regime inputs for that morning
2026-03-05,2026-07-02,2026-04-14,IC-SPX-FastPT25-S2,T00746,NEVER_IN_PROFIT,INFO,FIRE,S,mfe=+0.0000,mfe > 0,"the position was never in profit for a single recorded mark — an entry-side question, not an exit-side one",entry timestamp vs the tape; the C1 regime inputs for that morning
2026-03-05,2026-07-02,2026-04-14,IC-SPX-FastPT25-S2,T00748,NEVER_IN_PROFIT,INFO,FIRE,S,mfe=+0.0000,mfe > 0,"the position was never in profit for a single recorded mark — an entry-side question, not an exit-side one",entry timestamp vs the tape; the C1 regime inputs for that morning
2026-03-05,2026-07-02,2026-04-14,QQQ-IC-0DTE-HedgeB-S2,T00744,NEVER_IN_PROFIT,INFO,FIRE,S,mfe=+0.0000,mfe > 0,"the position was never in profit for a single recorded mark — an entry-side question, not an exit-side one",entry timestamp vs the tape; the C1 regime inputs for that morning
2026-03-05,2026-07-02,2026-04-15,IC-SPX-FastPT25-S2,T00736,NEVER_IN_PROFIT,INFO,FIRE,S,mfe=+0.0000,mfe > 0,"the position was never in profit for a single recorded mark — an entry-side question, not an exit-side one",entry timestamp vs the tape; the C1 regime inputs for that morning
2026-03-05,2026-07-02,2026-04-16,IC-SPX-FastPT25-S2,T00724,NEVER_IN_PROFIT,INFO,FIRE,S,mfe=+0.0000,mfe > 0,"the position was never in profit for a single recorded mark — an entry-side question, not an exit-side one",entry timestamp vs the tape; the C1 regime inputs for that morning
2026-03-05,2026-07-02,2026-04-17,IC-SPX-FastPT25-S2,T00705,NEVER_IN_PROFIT,INFO,FIRE,S,mfe=+0.0000,mfe > 0,"the position was never in profit for a single recorded mark — an entry-side question, not an exit-side one",entry timestamp vs the tape; the C1 regime inputs for that morning
2026-03-05,2026-07-02,2026-04-17,IC-SPX-FastPT25-S2,T00707,NEVER_IN_PROFIT,INFO,FIRE,S,mfe=+0.0000,mfe > 0,"the position was never in profit for a single recorded mark — an entry-side question, not an exit-side one",entry timestamp vs the tape; the C1 regime inputs for that morning
2026-03-05,2026-07-02,2026-04-17,QQQ-IC-0DTE-HedgeC-S3,T00703,NEVER_IN_PROFIT,INFO,FIRE,S,mfe=-0.1429,mfe > 0,"the position was never in profit for a single recorded mark — an entry-side question, not an exit-side one",entry timestamp vs the tape; the C1 regime inputs for that morning
2026-03-05,2026-07-02,2026-04-20,IC-SPX-FastPT25-S2,T00693,NEVER_IN_PROFIT,INFO,FIRE,S,mfe=+0.0000,mfe > 0,"the position was never in profit for a single recorded mark — an entry-side question, not an exit-side one",entry timestamp vs the tape; the C1 regime inputs for that morning
2026-03-05,2026-07-02,2026-04-20,IC-SPX-FastPT25-S2,T00694,NEVER_IN_PROFIT,INFO,FIRE,S,mfe=+0.0000,mfe > 0,"the position was never in profit for a single recorded mark — an entry-side question, not an exit-side one",entry timestamp vs the tape; the C1 regime inputs for that morning
2026-03-05,2026-07-02,2026-04-20,QQQ-IC-0DTE-HedgeC-S3,T00692,NEVER_IN_PROFIT,INFO,FIRE,S,mfe=-0.1818,mfe > 0,"the position was never in profit for a single recorded mark — an entry-side question, not an exit-side one",entry timestamp vs the tape; the C1 regime inputs for that morning
2026-03-05,2026-07-02,2026-04-21,IC-SPX-FastPT25-S2,T00681,NEVER_IN_PROFIT,INFO,FIRE,S,mfe=+0.0000,mfe > 0,"the position was never in profit for a single recorded mark — an entry-side question, not an exit-side one",entry timestamp vs the tape; the C1 regime inputs for that morning
2026-03-05,2026-07-02,2026-04-21,IC-SPX-FastPT25-S2,T00683,NEVER_IN_PROFIT,INFO,FIRE,S,mfe=+0.0000,mfe > 0,"the position was never in profit for a single recorded mark — an entry-side question, not an exit-side one",entry timestamp vs the tape; the C1 regime inputs for that morning
2026-03-05,2026-07-02,2026-04-21,QQQ-IC-0DTE-HedgeC-S3,T00677,NEVER_IN_PROFIT,INFO,FIRE,S,mfe=-0.0714,mfe > 0,"the position was never in profit for a single recorded mark — an entry-side question, not an exit-side one",entry timestamp vs the tape; the C1 regime inputs for that morning
2026-03-05,2026-07-02,2026-04-23,QQQ-IC-0DTE-HedgeB-S2,T00639,NEVER_IN_PROFIT,INFO,FIRE,S,mfe=+0.0000,mfe > 0,"the position was never in profit for a single recorded mark — an entry-side question, not an exit-side one",entry timestamp vs the tape; the C1 regime inputs for that morning
2026-03-05,2026-07-02,2026-04-27,IC-SPX-FastPT25-S2,T00592,NEVER_IN_PROFIT,INFO,FIRE,S,mfe=-0.0667,mfe > 0,"the position was never in profit for a single recorded mark — an entry-side question, not an exit-side one",entry timestamp vs the tape; the C1 regime inputs for that morning
2026-03-05,2026-07-02,2026-04-27,IC-SPX-FastPT25-S2,T00594,NEVER_IN_PROFIT,INFO,FIRE,S,mfe=+0.0000,mfe > 0,"the position was never in profit for a single recorded mark — an entry-side question, not an exit-side one",entry timestamp vs the tape; the C1 regime inputs for that morning
2026-03-05,2026-07-02,2026-04-27,IC-SPX-FastPT25-S2,T00595,NEVER_IN_PROFIT,INFO,FIRE,S,mfe=+0.0000,mfe > 0,"the position was never in profit for a single recorded mark — an entry-side question, not an exit-side one",entry timestamp vs the tape; the C1 regime inputs for that morning
2026-03-05,2026-07-02,2026-04-27,QQQ-IC-0DTE-HedgeB-S2,T00589,NEVER_IN_PROFIT,INFO,FIRE,S,mfe=-0.1111,mfe > 0,"the position was never in profit for a single recorded mark — an entry-side question, not an exit-side one",entry timestamp vs the tape; the C1 regime inputs for that morning
2026-03-05,2026-07-02,2026-04-27,QQQ-IC-0DTE-HedgeC-S3,T00590,NEVER_IN_PROFIT,INFO,FIRE,S,mfe=-0.1111,mfe > 0,"the position was never in profit for a single recorded mark — an entry-side question, not an exit-side one",entry timestamp vs the tape; the C1 regime inputs for that morning
2026-03-05,2026-07-02,2026-04-28,IC-SPX-FastPT25-S2,T00578,NEVER_IN_PROFIT,INFO,FIRE,S,mfe=+0.0000,mfe > 0,"the position was never in profit for a single recorded mark — an entry-side question, not an exit-side one",entry timestamp vs the tape; the C1 regime inputs for that morning
2026-03-05,2026-07-02,2026-04-28,QQQ-IC-0DTE-HedgeB-S2,T00573,NEVER_IN_PROFIT,INFO,FIRE,S,mfe=+0.0000,mfe > 0,"the position was never in profit for a single recorded mark — an entry-side question, not an exit-side one",entry timestamp vs the tape; the C1 regime inputs for that morning
2026-03-05,2026-07-02,2026-04-28,QQQ-IC-0DTE-HedgeC-S3,T00572,NEVER_IN_PROFIT,INFO,FIRE,S,mfe=-0.0769,mfe > 0,"the position was never in profit for a single recorded mark — an entry-side question, not an exit-side one",entry timestamp vs the tape; the C1 regime inputs for that morning
2026-03-05,2026-07-02,2026-04-30,IC-SPX-FastPT25-S2,T00547,NEVER_IN_PROFIT,INFO,FIRE,S,mfe=+0.0000,mfe > 0,"the position was never in profit for a single recorded mark — an entry-side question, not an exit-side one",entry timestamp vs the tape; the C1 regime inputs for that morning
2026-03-05,2026-07-02,2026-04-30,QQQ-IC-0DTE-Baseline,T00530,NEVER_IN_PROFIT,INFO,FIRE,S,mfe=-0.3636,mfe > 0,"the position was never in profit for a single recorded mark — an entry-side question, not an exit-side one",entry timestamp vs the tape; the C1 regime inputs for that morning
2026-03-05,2026-07-02,2026-04-30,QQQ-IC-0DTE-Fortress,T00532,NEVER_IN_PROFIT,INFO,FIRE,S,mfe=+0.0000,mfe > 0,"the position was never in profit for a single recorded mark — an entry-side question, not an exit-side one",entry timestamp vs the tape; the C1 regime inputs for that morning
2026-03-05,2026-07-02,2026-04-30,QQQ-IC-0DTE-Fortress-NoPT50,T00535,NEVER_IN_PROFIT,INFO,FIRE,S,mfe=+0.0000,mfe > 0,"the position was never in profit for a single recorded mark — an entry-side question, not an exit-side one",entry timestamp vs the tape; the C1 regime inputs for that morning
2026-03-05,2026-07-02,2026-04-30,QQQ-IC-0DTE-Fortress-S2,T00537,NEVER_IN_PROFIT,INFO,FIRE,S,mfe=+0.0000,mfe > 0,"the position was never in profit for a single recorded mark — an entry-side question, not an exit-side one",entry timestamp vs the tape; the C1 regime inputs for that morning
2026-03-05,2026-07-02,2026-05-01,IC-SPX-FastPT25-S2,T00522,NEVER_IN_PROFIT,INFO,FIRE,S,mfe=+0.0000,mfe > 0,"the position was never in profit for a single recorded mark — an entry-side question, not an exit-side one",entry timestamp vs the tape; the C1 regime inputs for that morning
2026-03-05,2026-07-02,2026-05-01,IC-SPX-FastPT25-S2,T00523,NEVER_IN_PROFIT,INFO,FIRE,S,mfe=+0.0000,mfe > 0,"the position was never in profit for a single recorded mark — an entry-side question, not an exit-side one",entry timestamp vs the tape; the C1 regime inputs for that morning
2026-03-05,2026-07-02,2026-05-01,QQQ-IC-0DTE-HedgeC-S3,T00520,NEVER_IN_PROFIT,INFO,FIRE,S,mfe=-0.1250,mfe > 0,"the position was never in profit for a single recorded mark — an entry-side question, not an exit-side one",entry timestamp vs the tape; the C1 regime inputs for that morning
2026-03-05,2026-07-02,2026-05-04,IC-SPX-FastPT25-S2,T00506,NEVER_IN_PROFIT,INFO,FIRE,S,mfe=+0.0000,mfe > 0,"the position was never in profit for a single recorded mark — an entry-side question, not an exit-side one",entry timestamp vs the tape; the C1 regime inputs for that morning
2026-03-05,2026-07-02,2026-05-04,QQQ-IC-0DTE-HedgeB-S2,T00500,NEVER_IN_PROFIT,INFO,FIRE,S,mfe=-0.1429,mfe > 0,"the position was never in profit for a single recorded mark — an entry-side question, not an exit-side one",entry timestamp vs the tape; the C1 regime inputs for that morning
2026-03-05,2026-07-02,2026-05-05,IC-SPX-FastPT25-S2,T00482,NEVER_IN_PROFIT,INFO,FIRE,S,mfe=+0.0000,mfe > 0,"the position was never in profit for a single recorded mark — an entry-side question, not an exit-side one",entry timestamp vs the tape; the C1 regime inputs for that morning
2026-03-05,2026-07-02,2026-05-05,QQQ-IC-0DTE-HedgeB-S2,T00475,NEVER_IN_PROFIT,INFO,FIRE,S,mfe=-0.1111,mfe > 0,"the position was never in profit for a single recorded mark — an entry-side question, not an exit-side one",entry timestamp vs the tape; the C1 regime inputs for that morning
2026-03-05,2026-07-02,2026-05-05,QQQ-IC-0DTE-HedgeC-S3,T00474,NEVER_IN_PROFIT,INFO,FIRE,S,mfe=-0.1111,mfe > 0,"the position was never in profit for a single recorded mark — an entry-side question, not an exit-side one",entry timestamp vs the tape; the C1 regime inputs for that morning
2026-03-05,2026-07-02,2026-05-06,IC-SPX-FastPT25-S2,T00461,NEVER_IN_PROFIT,INFO,FIRE,S,mfe=+0.0000,mfe > 0,"the position was never in profit for a single recorded mark — an entry-side question, not an exit-side one",entry timestamp vs the tape; the C1 regime inputs for that morning
2026-03-05,2026-07-02,2026-05-06,IC-SPX-FastPT25-S2,T00463,NEVER_IN_PROFIT,INFO,FIRE,S,mfe=-0.1333,mfe > 0,"the position was never in profit for a single recorded mark — an entry-side question, not an exit-side one",entry timestamp vs the tape; the C1 regime inputs for that morning
2026-03-05,2026-07-02,2026-05-06,QQQ-IC-0DTE-HedgeB-S2,T00459,NEVER_IN_PROFIT,INFO,FIRE,S,mfe=+0.0000,mfe > 0,"the position was never in profit for a single recorded mark — an entry-side question, not an exit-side one",entry timestamp vs the tape; the C1 regime inputs for that morning
2026-03-05,2026-07-02,2026-05-07,IC-SPX-FastPT25-S2,T00447,NEVER_IN_PROFIT,INFO,FIRE,S,mfe=-0.1000,mfe > 0,"the position was never in profit for a single recorded mark — an entry-side question, not an exit-side one",entry timestamp vs the tape; the C1 regime inputs for that morning
2026-03-05,2026-07-02,2026-05-07,IC-SPX-FastPT25-S2,T00449,NEVER_IN_PROFIT,INFO,FIRE,S,mfe=+0.0000,mfe > 0,"the position was never in profit for a single recorded mark — an entry-side question, not an exit-side one",entry timestamp vs the tape; the C1 regime inputs for that morning
2026-03-05,2026-07-02,2026-05-07,QQQ-IC-0DTE-HedgeA-S1,T00441,NEVER_IN_PROFIT,INFO,FIRE,S,mfe=+0.0000,mfe > 0,"the position was never in profit for a single recorded mark — an entry-side question, not an exit-side one",entry timestamp vs the tape; the C1 regime inputs for that morning
2026-03-05,2026-07-02,2026-05-07,QQQ-IC-0DTE-HedgeB-S2,T00444,NEVER_IN_PROFIT,INFO,FIRE,S,mfe=-0.1111,mfe > 0,"the position was never in profit for a single recorded mark — an entry-side question, not an exit-side one",entry timestamp vs the tape; the C1 regime inputs for that morning
2026-03-05,2026-07-02,2026-05-07,QQQ-IC-0DTE-HedgeC-S3,T00443,NEVER_IN_PROFIT,INFO,FIRE,S,mfe=-0.1111,mfe > 0,"the position was never in profit for a single recorded mark — an entry-side question, not an exit-side one",entry timestamp vs the tape; the C1 regime inputs for that morning
2026-03-05,2026-07-02,2026-05-07,QQQ-IC-0DTE-HedgeD-Conditional,T00440,NEVER_IN_PROFIT,INFO,FIRE,S,mfe=+0.0000,mfe > 0,"the position was never in profit for a single recorded mark — an entry-side question, not an exit-side one",entry timestamp vs the tape; the C1 regime inputs for that morning
2026-03-05,2026-07-02,2026-05-07,QQQ-IC-0DTE-HedgeTest,T00442,NEVER_IN_PROFIT,INFO,FIRE,S,mfe=+0.0000,mfe > 0,"the position was never in profit for a single recorded mark — an entry-side question, not an exit-side one",entry timestamp vs the tape; the C1 regime inputs for that morning
2026-03-05,2026-07-02,2026-05-07,QQQ-IC-0DTE-Raw-HoldToExp,T00435,NEVER_IN_PROFIT,INFO,FIRE,S,mfe=+0.0000,mfe > 0,"the position was never in profit for a single recorded mark — an entry-side question, not an exit-side one",entry timestamp vs the tape; the C1 regime inputs for that morning
2026-03-05,2026-07-02,2026-05-08,IC-SPX-FastPT25-S2,T00425,NEVER_IN_PROFIT,INFO,FIRE,S,mfe=+0.0000,mfe > 0,"the position was never in profit for a single recorded mark — an entry-side question, not an exit-side one",entry timestamp vs the tape; the C1 regime inputs for that morning
2026-03-05,2026-07-02,2026-05-08,IC-SPX-FastPT25-S2,T00428,NEVER_IN_PROFIT,INFO,FIRE,S,mfe=+0.0000,mfe > 0,"the position was never in profit for a single recorded mark — an entry-side question, not an exit-side one",entry timestamp vs the tape; the C1 regime inputs for that morning
2026-03-05,2026-07-02,2026-05-08,QQQ-IC-0DTE-HedgeA-S1,T00412,NEVER_IN_PROFIT,INFO,FIRE,S,mfe=+0.0000,mfe > 0,"the position was never in profit for a single recorded mark — an entry-side question, not an exit-side one",entry timestamp vs the tape; the C1 regime inputs for that morning
2026-03-05,2026-07-02,2026-05-08,QQQ-IC-0DTE-HedgeB-S2,T00423,NEVER_IN_PROFIT,INFO,FIRE,S,mfe=+0.0000,mfe > 0,"the position was never in profit for a single recorded mark — an entry-side question, not an exit-side one",entry timestamp vs the tape; the C1 regime inputs for that morning
2026-03-05,2026-07-02,2026-05-08,QQQ-IC-0DTE-HedgeB-S2,T00424,NEVER_IN_PROFIT,INFO,FIRE,S,mfe=+0.0000,mfe > 0,"the position was never in profit for a single recorded mark — an entry-side question, not an exit-side one",entry timestamp vs the tape; the C1 regime inputs for that morning
2026-03-05,2026-07-02,2026-05-08,QQQ-IC-0DTE-HedgeC-S3,T00421,NEVER_IN_PROFIT,INFO,FIRE,S,mfe=+0.0000,mfe > 0,"the position was never in profit for a single recorded mark — an entry-side question, not an exit-side one",entry timestamp vs the tape; the C1 regime inputs for that morning
2026-03-05,2026-07-02,2026-05-08,QQQ-IC-0DTE-HedgeD-Conditional,T00418,NEVER_IN_PROFIT,INFO,FIRE,S,mfe=+0.0000,mfe > 0,"the position was never in profit for a single recorded mark — an entry-side question, not an exit-side one",entry timestamp vs the tape; the C1 regime inputs for that morning
2026-03-05,2026-07-02,2026-05-08,QQQ-IC-0DTE-HedgeTest,T00416,NEVER_IN_PROFIT,INFO,FIRE,S,mfe=+0.0000,mfe > 0,"the position was never in profit for a single recorded mark — an entry-side question, not an exit-side one",entry timestamp vs the tape; the C1 regime inputs for that morning
2026-03-05,2026-07-02,2026-05-08,QQQ-IC-0DTE-Raw-HoldToExp,T00414,NEVER_IN_PROFIT,INFO,FIRE,S,mfe=+0.0000,mfe > 0,"the position was never in profit for a single recorded mark — an entry-side question, not an exit-side one",entry timestamp vs the tape; the C1 regime inputs for that morning
2026-03-05,2026-07-02,2026-05-11,IC-SPX-FastPT25-S2,T00405,NEVER_IN_PROFIT,INFO,FIRE,S,mfe=+0.0000,mfe > 0,"the position was never in profit for a single recorded mark — an entry-side question, not an exit-side one",entry timestamp vs the tape; the C1 regime inputs for that morning
2026-03-05,2026-07-02,2026-05-11,IC-SPX-FastPT25-S2,T00406,NEVER_IN_PROFIT,INFO,FIRE,S,mfe=+0.0000,mfe > 0,"the position was never in profit for a single recorded mark — an entry-side question, not an exit-side one",entry timestamp vs the tape; the C1 regime inputs for that morning
2026-03-05,2026-07-02,2026-05-11,IC-SPX-FastPT25-S2,T00408,NEVER_IN_PROFIT,INFO,FIRE,S,mfe=+0.0000,mfe > 0,"the position was never in profit for a single recorded mark — an entry-side question, not an exit-side one",entry timestamp vs the tape; the C1 regime inputs for that morning
2026-03-05,2026-07-02,2026-05-12,IC-SPX-FastPT25-S2,T00388,NEVER_IN_PROFIT,INFO,FIRE,S,mfe=+0.0000,mfe > 0,"the position was never in profit for a single recorded mark — an entry-side question, not an exit-side one",entry timestamp vs the tape; the C1 regime inputs for that morning
2026-03-05,2026-07-02,2026-05-12,IC-SPX-FastPT25-S2,T00389,NEVER_IN_PROFIT,INFO,FIRE,S,mfe=+0.0000,mfe > 0,"the position was never in profit for a single recorded mark — an entry-side question, not an exit-side one",entry timestamp vs the tape; the C1 regime inputs for that morning
2026-03-05,2026-07-02,2026-05-12,IC-SPX-FastPT25-S2,T00390,NEVER_IN_PROFIT,INFO,FIRE,S,mfe=+0.0000,mfe > 0,"the position was never in profit for a single recorded mark — an entry-side question, not an exit-side one",entry timestamp vs the tape; the C1 regime inputs for that morning
2026-03-05,2026-07-02,2026-05-13,IC-SPX-FastPT25-S2,T00369,NEVER_IN_PROFIT,INFO,FIRE,S,mfe=+0.0000,mfe > 0,"the position was never in profit for a single recorded mark — an entry-side question, not an exit-side one",entry timestamp vs the tape; the C1 regime inputs for that morning
2026-03-05,2026-07-02,2026-05-13,IC-SPX-FastPT25-S2,T00371,NEVER_IN_PROFIT,INFO,FIRE,S,mfe=+0.0000,mfe > 0,"the position was never in profit for a single recorded mark — an entry-side question, not an exit-side one",entry timestamp vs the tape; the C1 regime inputs for that morning
2026-03-05,2026-07-02,2026-05-14,QQQ-IC-0DTE-HedgeB-S2,T00351,NEVER_IN_PROFIT,INFO,FIRE,S,mfe=-0.0588,mfe > 0,"the position was never in profit for a single recorded mark — an entry-side question, not an exit-side one",entry timestamp vs the tape; the C1 regime inputs for that morning
2026-03-05,2026-07-02,2026-05-14,QQQ-IC-0DTE-HedgeC-S3,T00350,NEVER_IN_PROFIT,INFO,FIRE,S,mfe=-0.0588,mfe > 0,"the position was never in profit for a single recorded mark — an entry-side question, not an exit-side one",entry timestamp vs the tape; the C1 regime inputs for that morning
2026-03-05,2026-07-02,2026-05-15,IC-SPX-FastPT25-S2,T00324,NEVER_IN_PROFIT,INFO,FIRE,S,mfe=-0.0833,mfe > 0,"the position was never in profit for a single recorded mark — an entry-side question, not an exit-side one",entry timestamp vs the tape; the C1 regime inputs for that morning
2026-03-05,2026-07-02,2026-05-18,IC-SPX-FastPT25-S2,T00305,NEVER_IN_PROFIT,INFO,FIRE,S,mfe=+0.0000,mfe > 0,"the position was never in profit for a single recorded mark — an entry-side question, not an exit-side one",entry timestamp vs the tape; the C1 regime inputs for that morning
2026-03-05,2026-07-02,2026-05-18,QQQ-IC-0DTE-Fortress-S2,T00295,NEVER_IN_PROFIT,INFO,FIRE,S,mfe=+0.0000,mfe > 0,"the position was never in profit for a single recorded mark — an entry-side question, not an exit-side one",entry timestamp vs the tape; the C1 regime inputs for that morning
2026-03-05,2026-07-02,2026-05-18,QQQ-IC-0DTE-HedgeB-S2,T00301,NEVER_IN_PROFIT,INFO,FIRE,S,mfe=-0.1154,mfe > 0,"the position was never in profit for a single recorded mark — an entry-side question, not an exit-side one",entry timestamp vs the tape; the C1 regime inputs for that morning
2026-03-05,2026-07-02,2026-05-18,QQQ-IC-0DTE-HedgeC-S3,T00300,NEVER_IN_PROFIT,INFO,FIRE,S,mfe=-0.1154,mfe > 0,"the position was never in profit for a single recorded mark — an entry-side question, not an exit-side one",entry timestamp vs the tape; the C1 regime inputs for that morning
2026-03-05,2026-07-02,2026-05-19,IC-SPX-Fortress-Defang,T00269,NEVER_IN_PROFIT,INFO,FIRE,S,mfe=+0.0000,mfe > 0,"the position was never in profit for a single recorded mark — an entry-side question, not an exit-side one",entry timestamp vs the tape; the C1 regime inputs for that morning
2026-03-05,2026-07-02,2026-05-19,IC-SPX-Fortress-Defang,T00270,NEVER_IN_PROFIT,INFO,FIRE,S,mfe=+0.0000,mfe > 0,"the position was never in profit for a single recorded mark — an entry-side question, not an exit-side one",entry timestamp vs the tape; the C1 regime inputs for that morning
2026-03-05,2026-07-02,2026-05-19,IC-SPX-Fortress-Unstopped,T00271,NEVER_IN_PROFIT,INFO,FIRE,S,mfe=+0.0000,mfe > 0,"the position was never in profit for a single recorded mark — an entry-side question, not an exit-side one",entry timestamp vs the tape; the C1 regime inputs for that morning
2026-03-05,2026-07-02,2026-05-19,IC-SPX-Fortress-Unstopped,T00272,NEVER_IN_PROFIT,INFO,FIRE,S,mfe=+0.0000,mfe > 0,"the position was never in profit for a single recorded mark — an entry-side question, not an exit-side one",entry timestamp vs the tape; the C1 regime inputs for that morning
2026-03-05,2026-07-02,2026-05-19,QQQ-IC-0DTE-Fortress-S2,T00268,NEVER_IN_PROFIT,INFO,FIRE,S,mfe=+0.0000,mfe > 0,"the position was never in profit for a single recorded mark — an entry-side question, not an exit-side one",entry timestamp vs the tape; the C1 regime inputs for that morning
2026-03-05,2026-07-02,2026-05-20,IC-SPX-FastPT25-S2,T00258,NEVER_IN_PROFIT,INFO,FIRE,S,mfe=+0.0000,mfe > 0,"the position was never in profit for a single recorded mark — an entry-side question, not an exit-side one",entry timestamp vs the tape; the C1 regime inputs for that morning
2026-03-05,2026-07-02,2026-05-22,QQQ-IC-0DTE-HedgeB-S2,T00202,NEVER_IN_PROFIT,INFO,FIRE,S,mfe=+0.0000,mfe > 0,"the position was never in profit for a single recorded mark — an entry-side question, not an exit-side one",entry timestamp vs the tape; the C1 regime inputs for that morning
2026-03-05,2026-07-02,2026-06-22,IC-SPX-FastPT25-S2-130PM,T00111,NEVER_IN_PROFIT,INFO,FIRE,S,mfe=+0.0000,mfe > 0,"the position was never in profit for a single recorded mark — an entry-side question, not an exit-side one",entry timestamp vs the tape; the C1 regime inputs for that morning
2026-03-05,2026-07-02,2026-06-24,IC-SPX-FastPT25-S2-130PM,T00102,NEVER_IN_PROFIT,INFO,FIRE,S,mfe=+0.0000,mfe > 0,"the position was never in profit for a single recorded mark — an entry-side question, not an exit-side one",entry timestamp vs the tape; the C1 regime inputs for that morning
2026-03-05,2026-07-02,2026-06-25,IC-SPX-FastPT25-S2-130PM,T00086,NEVER_IN_PROFIT,INFO,FIRE,S,mfe=+0.0000,mfe > 0,"the position was never in profit for a single recorded mark — an entry-side question, not an exit-side one",entry timestamp vs the tape; the C1 regime inputs for that morning
2026-03-05,2026-07-02,2026-06-25,IC-SPX-FastPT25-S2-130PM,T00089,NEVER_IN_PROFIT,INFO,FIRE,S,mfe=+0.0000,mfe > 0,"the position was never in profit for a single recorded mark — an entry-side question, not an exit-side one",entry timestamp vs the tape; the C1 regime inputs for that morning
2026-03-05,2026-07-02,2026-06-26,IC-SPX-FastPT25-S2-130PM,T00064,NEVER_IN_PROFIT,INFO,FIRE,S,mfe=-0.1200,mfe > 0,"the position was never in profit for a single recorded mark — an entry-side question, not an exit-side one",entry timestamp vs the tape; the C1 regime inputs for that morning
2026-03-05,2026-07-02,2026-06-26,IC-SPX-FastPT25-S2-130PM,T00066,NEVER_IN_PROFIT,INFO,FIRE,S,mfe=+0.0000,mfe > 0,"the position was never in profit for a single recorded mark — an entry-side question, not an exit-side one",entry timestamp vs the tape; the C1 regime inputs for that morning
2026-03-05,2026-07-02,2026-06-26,IC-SPX-FastPT25-S2-130PM,T00067,NEVER_IN_PROFIT,INFO,FIRE,S,mfe=+0.0000,mfe > 0,"the position was never in profit for a single recorded mark — an entry-side question, not an exit-side one",entry timestamp vs the tape; the C1 regime inputs for that morning
2026-03-05,2026-07-02,2026-06-26,IC-SPX-FastPT25-S2-130PM,T00068,NEVER_IN_PROFIT,INFO,FIRE,S,mfe=+0.0000,mfe > 0,"the position was never in profit for a single recorded mark — an entry-side question, not an exit-side one",entry timestamp vs the tape; the C1 regime inputs for that morning
2026-03-05,2026-07-02,2026-06-30,DIR-SPX-Put-Control,T00050,NEVER_IN_PROFIT,INFO,FIRE,S,mfe=-0.0286,mfe > 0,"the position was never in profit for a single recorded mark — an entry-side question, not an exit-side one",entry timestamp vs the tape; the C1 regime inputs for that morning
2026-03-05,2026-07-02,2026-06-30,IC-SPX-FastPT25-S2-130PM,T00041,NEVER_IN_PROFIT,INFO,FIRE,S,mfe=+0.0000,mfe > 0,"the position was never in profit for a single recorded mark — an entry-side question, not an exit-side one",entry timestamp vs the tape; the C1 regime inputs for that morning
2026-03-05,2026-07-02,2026-06-30,IC-SPX-FastPT25-S2-130PM,T00042,NEVER_IN_PROFIT,INFO,FIRE,S,mfe=+0.0000,mfe > 0,"the position was never in profit for a single recorded mark — an entry-side question, not an exit-side one",entry timestamp vs the tape; the C1 regime inputs for that morning
2026-03-05,2026-07-02,2026-06-30,IC-SPX-Fortress-Defang,T00046,NEVER_IN_PROFIT,INFO,FIRE,S,mfe=+0.0000,mfe > 0,"the position was never in profit for a single recorded mark — an entry-side question, not an exit-side one",entry timestamp vs the tape; the C1 regime inputs for that morning
2026-03-05,2026-07-02,2026-06-30,IC-SPX-Fortress-Unstopped,T00048,NEVER_IN_PROFIT,INFO,FIRE,S,mfe=+0.0000,mfe > 0,"the position was never in profit for a single recorded mark — an entry-side question, not an exit-side one",entry timestamp vs the tape; the C1 regime inputs for that morning
2026-03-05,2026-07-02,2026-07-01,DIR-SPX-Put-Control,T00022,NEVER_IN_PROFIT,INFO,FIRE,S,mfe=+0.0000,mfe > 0,"the position was never in profit for a single recorded mark — an entry-side question, not an exit-side one",entry timestamp vs the tape; the C1 regime inputs for that morning
2026-03-05,2026-07-02,2026-07-01,IC-SPX-FastPT25-S2,T00024,NEVER_IN_PROFIT,INFO,FIRE,S,mfe=+0.0000,mfe > 0,"the position was never in profit for a single recorded mark — an entry-side question, not an exit-side one",entry timestamp vs the tape; the C1 regime inputs for that morning
2026-03-05,2026-07-02,2026-07-01,IC-SPX-FastPT25-S2,T00030,NEVER_IN_PROFIT,INFO,FIRE,S,mfe=+0.0000,mfe > 0,"the position was never in profit for a single recorded mark — an entry-side question, not an exit-side one",entry timestamp vs the tape; the C1 regime inputs for that morning
2026-03-05,2026-07-02,2026-07-01,IC-SPX-FastPT25-S2-130PM,T00015,NEVER_IN_PROFIT,INFO,FIRE,S,mfe=+0.0000,mfe > 0,"the position was never in profit for a single recorded mark — an entry-side question, not an exit-side one",entry timestamp vs the tape; the C1 regime inputs for that morning
2026-03-05,2026-07-02,2026-07-01,IC-SPX-FastPT25-S2-130PM,T00016,NEVER_IN_PROFIT,INFO,FIRE,S,mfe=+0.0000,mfe > 0,"the position was never in profit for a single recorded mark — an entry-side question, not an exit-side one",entry timestamp vs the tape; the C1 regime inputs for that morning
2026-03-05,2026-07-02,2026-07-01,IC-SPX-FastPT25-S2-130PM,T00017,NEVER_IN_PROFIT,INFO,FIRE,S,mfe=+0.0000,mfe > 0,"the position was never in profit for a single recorded mark — an entry-side question, not an exit-side one",entry timestamp vs the tape; the C1 regime inputs for that morning
2026-03-05,2026-07-02,2026-07-01,IC-SPX-FastPT25-S2-130PM,T00019,NEVER_IN_PROFIT,INFO,FIRE,S,mfe=+0.0000,mfe > 0,"the position was never in profit for a single recorded mark — an entry-side question, not an exit-side one",entry timestamp vs the tape; the C1 regime inputs for that morning
2026-03-05,2026-07-02,2026-07-02,IC-SPX-FastPT25-S2,T00002,NEVER_IN_PROFIT,INFO,FIRE,S,mfe=+0.0000,mfe > 0,"the position was never in profit for a single recorded mark — an entry-side question, not an exit-side one",entry timestamp vs the tape; the C1 regime inputs for that morning
2026-03-05,2026-07-02,2026-07-02,IC-SPX-FastPT25-S2-130PM,T00007,NEVER_IN_PROFIT,INFO,FIRE,S,mfe=+0.0000,mfe > 0,"the position was never in profit for a single recorded mark — an entry-side question, not an exit-side one",entry timestamp vs the tape; the C1 regime inputs for that morning
2026-03-05,2026-07-02,,(fleet),,BACKSTOP_CAUGHT_IT,SKIPPED,MECHANICS,C,no declared config,data/bots_config_v2.csv present,Tier C cannot run without the captured declared config. This is NOT a pass — the fleet is unaudited on this rule.,Phase 4: build data/bots_config_v2.csv from the bookmarklet capture
2026-03-05,2026-07-02,,1-45pm-Sandwich-Paper-v1,,EXPIRY_RATIO_FLIP,SKIPPED,MECHANICS,S,n=9,n >= 20,too few positions to evaluate a flip — NOT a pass,
2026-03-05,2026-07-02,,60min-ORB-10W-Paper-v1,,EXPIRY_RATIO_FLIP,SKIPPED,MECHANICS,S,n=12,n >= 20,too few positions to evaluate a flip — NOT a pass,
2026-03-05,2026-07-02,,DIR-SPX-CallVIXdrop,,EXPIRY_RATIO_FLIP,SKIPPED,MECHANICS,S,n=2,n >= 20,too few positions to evaluate a flip — NOT a pass,
2026-03-05,2026-07-02,,DIR-SPX-Put-Control,,EXPIRY_RATIO_FLIP,SKIPPED,MECHANICS,S,n=5,n >= 20,too few positions to evaluate a flip — NOT a pass,
2026-03-05,2026-07-02,,Friday 14 DTE Broken Wing IB (B-70),,EXPIRY_RATIO_FLIP,SKIPPED,MECHANICS,S,n=7,n >= 20,too few positions to evaluate a flip — NOT a pass,
2026-03-05,2026-07-02,,Opening Range Breakout 60m,,EXPIRY_RATIO_FLIP,SKIPPED,MECHANICS,S,n=19,n >= 20,too few positions to evaluate a flip — NOT a pass,
2026-03-05,2026-07-02,,QQQ long call,,EXPIRY_RATIO_FLIP,SKIPPED,MECHANICS,S,n=6,n >= 20,too few positions to evaluate a flip — NOT a pass,
2026-03-05,2026-07-02,,QQQ-IC-0DTE-Fortress-NoFilter,,EXPIRY_RATIO_FLIP,SKIPPED,MECHANICS,S,n=8,n >= 20,too few positions to evaluate a flip — NOT a pass,
2026-03-05,2026-07-02,,QQQ-IC-0DTE-Fortress-S2,,EXPIRY_RATIO_FLIP,SKIPPED,MECHANICS,S,n=16,n >= 20,too few positions to evaluate a flip — NOT a pass,
2026-03-05,2026-07-02,,QQQ-IC-0DTE-InverseFilter-HoldToExp,,EXPIRY_RATIO_FLIP,SKIPPED,MECHANICS,S,n=3,n >= 20,too few positions to evaluate a flip — NOT a pass,
2026-03-05,2026-07-02,,QQQ-IC-0DTE-Range075-PT50,,EXPIRY_RATIO_FLIP,SKIPPED,MECHANICS,S,n=5,n >= 20,too few positions to evaluate a flip — NOT a pass,
2026-03-05,2026-07-02,,QQQ-IC-0DTE-Range075-PT50-Wide2-155PM,,EXPIRY_RATIO_FLIP,SKIPPED,MECHANICS,S,n=10,n >= 20,too few positions to evaluate a flip — NOT a pass,
2026-03-05,2026-07-02,,QQQ-IC-0DTE-VIX25-Range075-PT50,,EXPIRY_RATIO_FLIP,SKIPPED,MECHANICS,S,n=1,n >= 20,too few positions to evaluate a flip — NOT a pass,
2026-03-05,2026-07-02,,Tasty Condor,,EXPIRY_RATIO_FLIP,SKIPPED,MECHANICS,S,n=3,n >= 20,too few positions to evaluate a flip — NOT a pass,
2026-03-05,2026-07-02,,Trendy-Paper-v1,,EXPIRY_RATIO_FLIP,SKIPPED,MECHANICS,S,n=14,n >= 20,too few positions to evaluate a flip — NOT a pass,
2026-03-05,2026-07-02,,Weekly-IB-SPY-Paper-v1,,EXPIRY_RATIO_FLIP,SKIPPED,MECHANICS,S,n=18,n >= 20,too few positions to evaluate a flip — NOT a pass,
2026-03-05,2026-07-02,,(fleet),,PT_DECLARED_NOT_TAKEN,SKIPPED,MECHANICS,C,no declared config,data/bots_config_v2.csv present,Tier C cannot run without the captured declared config. This is NOT a pass — the fleet is unaudited on this rule.,Phase 4: build data/bots_config_v2.csv from the bookmarklet capture
2026-03-05,2026-07-02,,(fleet),,PT_NEVER_FIRES,SKIPPED,MECHANICS,C,no declared config,data/bots_config_v2.csv present,Tier C cannot run without the captured declared config. This is NOT a pass — the fleet is unaudited on this rule.,Phase 4: build data/bots_config_v2.csv from the bookmarklet capture
2026-03-05,2026-07-02,,(fleet),,REMOVED_EXIT_FIRED,SKIPPED,MECHANICS,C,no declared config,data/bots_config_v2.csv present,Tier C cannot run without the captured declared config. This is NOT a pass — the fleet is unaudited on this rule.,Phase 4: build data/bots_config_v2.csv from the bookmarklet capture
2026-03-05,2026-07-02,,(fleet),,TIME_EXIT_MISSED,SKIPPED,MECHANICS,C,no declared config,data/bots_config_v2.csv present,Tier C cannot run without the captured declared config. This is NOT a pass — the fleet is unaudited on this rule.,Phase 4: build data/bots_config_v2.csv from the bookmarklet capture
