botName,type,description,symbol,status,quantity,daysInTrade,openPrice,closePrice,premium,pnl,ror,returnPct,risk,ev,alpha,highReturnPct,lowReturnPct,highReturnPctDate,lowReturnPctDate,expiration,openDate,closeDate,tags,underlyingOpen,underlyingClose
"Tasty Condor","ironcondor","+675 put, -690 put, -772 call, +787 call","SPY","expired",1,69,4.05,0,-405,405,0.369863,1,1095,"135.854092","0.124068","0.92592593","-0.4691358","2026-07-02 15:50:00","2026-06-02 11:23:00","2026-07-17 16:00:00","2026-05-19 10:00:02","2026-07-27 15:25:42","",735.33,739.36
"Trendy-Paper-v1","shortputspread","-728 put, +718 put","SPY","expired",1,11,0.62,0,-62,62,0.066098,1,938,"-59.02996","-0.062932","0.08064516","-0.98387097","2026-07-02 11:01:00","2026-07-02 13:59:00","2026-07-13 16:00:00","2026-07-02 10:45:02","2026-07-13 16:02:48",,746.77,749.17
"Nigiri-Paper-v1","shortputspread","-719 put, +714 put","SPY","expired",10,11,0.08,0,-80,80,0.01626,1,4920,"-4.2349","-0.008625","0","-3","2026-07-02 09:53:00","2026-07-02 13:59:00","2026-07-10 16:00:00","2026-07-02 09:45:24","2026-07-13 16:02:48","",749.96,749.17
"3DTE $140-$350","ironcondor","+7,205 put, -7,215 put, -7,700 call, +7,710 call","SPX","expired",1,11,0.3,0,-30,30,0.030928,1,970,"-59.782124","-0.061504","0.5","-0.76666667","2026-07-02 15:55:00","2026-07-02 13:59:00","2026-07-08 16:00:00","2026-07-02 12:45:03","2026-07-13 16:02:48","240",7459.11,7515.81
"3DTE $140-$350","ironcondor","+7,220 put, -7,230 put, -7,720 call, +7,730 call","SPX","expired",1,7,0.35,0,-35,35,0.036269,1,965,"-55.200624","-0.057025","1","-0.28571429","2026-07-02 09:41:00","2026-06-30 10:49:00","2026-07-06 16:00:00","2026-06-30 10:05:03","2026-07-06 23:48:45","240",7472.4,7537.43
"3DTE $140-$350","ironcondor","+7,245 put, -7,255 put, -7,720 call, +7,730 call","SPX","expired",1,6,0.2,0,-20,20,0.020408,1,980,"-60.083094","-0.061309","1","-0.25","2026-07-02 10:07:00","2026-07-01 10:46:00","2026-07-06 16:00:00","2026-07-01 10:10:02","2026-07-06 23:48:45","230",7488.56,7537.43
"IC-SPX-FastPT25-S2","shortcallspread","-7,500 call, +7,505 call","SPX","expired",10,0,0.1,0,-100,100,0.020408,1,4900,"9.0284","0.018425","1","-0.5","2026-07-02 13:48:00","2026-07-02 13:17:00","2026-07-02 16:00:00","2026-07-02 13:02:03","2026-07-02 16:15:00","call side",7442.87,7483.24
"IC-SPX-Fortress-Unstopped","shortcallspread","-7,500 call, +7,505 call","SPX","expired",10,0,0.1,0,-100,100,0.020408,1,4900,"9.58835","0.019568","1","-0.5","2026-07-02 13:48:00","2026-07-02 14:41:00","2026-07-02 16:00:00","2026-07-02 13:31:02","2026-07-02 16:15:00","call side",7442.98,7483.24
"IC-SPX-Fortress-Unstopped","shortputspread","-7,385 put, +7,380 put","SPX","expired",10,0,0.15,0,-150,150,0.030928,1,4850,"14.69024","0.030289","1","-0.66666667","2026-07-02 14:13:00","2026-07-02 13:48:00","2026-07-02 16:00:00","2026-07-02 13:31:00","2026-07-02 16:15:00","put side",7443.1,7483.24
"IC-SPX-FastPT25-S2","shortputspread","-7,385 put, +7,380 put","SPX","expired",10,0,0.2,0,-200,200,0.041667,1,4800,"19.17308","0.039944","1","-1.25","2026-07-02 14:13:00","2026-07-02 13:05:00","2026-07-02 16:00:00","2026-07-02 13:02:02","2026-07-02 16:15:00","put side",7442.69,7483.24
"IC-SPX-Fortress-Defang","shortputspread","-7,385 put, +7,380 put","SPX","closed",10,0,0.15,0.05,-150,100,0.020619,0.666667,4850,"14.69024","0.030289","1","-0.66666667","2026-07-02 14:13:00","2026-07-02 13:48:00","2026-07-02 16:00:00","2026-07-02 13:31:00","2026-07-02 15:25:03","put side",7443.1,7443.16
"IC-SPX-Fortress-Defang","shortcallspread","-7,500 call, +7,505 call","SPX","closed",10,0,0.1,0.05,-100,50,0.010204,0.5,4900,"9.58835","0.019568","1","-0.5","2026-07-02 13:48:00","2026-07-02 14:41:00","2026-07-02 16:00:00","2026-07-02 13:31:02","2026-07-02 15:24:03","call side",7442.98,7443.91
"IC-SPX-FastPT25-S2-130PM","shortputspread","-7,395 put, +7,390 put","SPX","closed",11,0,0.5,0.35,-550,165,0.033333,0.3,4950,"40.60783","0.09024","0.3","0","2026-07-02 14:01:00","2026-07-02 13:59:03","2026-07-02 16:00:00","2026-07-02 13:59:03","2026-07-02 14:01:00","put side",7427.65,7432.09
"IC-SPX-FastPT25-S2-130PM","shortputspread","-7,395 put, +7,390 put","SPX","closed",10,0,0.3,0.5,-300,-200,-0.042553,-0.666667,4700,"24.06359","0.050874","0.16666667","-0.5","2026-07-02 13:55:00","2026-07-02 13:48:00","2026-07-02 16:00:00","2026-07-02 13:45:07","2026-07-02 13:59:01","put side",7437.49,7427.94
"IC-SPX-FastPT25-S2-130PM","shortcallspread","-7,475 call, +7,480 call","SPX","closed",10,0,0.2,0.1,-200,100,0.020833,0.5,4800,"16.55589","0.034491","0.5","-0.15","2026-07-02 13:59:00","2026-07-02 13:50:00","2026-07-02 16:00:00","2026-07-02 13:47:03","2026-07-02 13:59:00","call side",7433.6,7427.91
"IC-SPX-FastPT25-S2-130PM","shortcallspread","-7,470 call, +7,475 call","SPX","closed",10,0,0.45,0.3,-450,150,0.032967,0.333333,4550,"31.28141","0.06875","0.33333333","0","2026-07-02 13:47:00","2026-07-02 13:45:09","2026-07-02 16:00:00","2026-07-02 13:45:08","2026-07-02 13:47:00","call side",7438.04,7433.77
"IC-SPX-FastPT25-S2-130PM","shortcallspread","-7,475 call, +7,480 call","SPX","closed",10,0,0.3,0.3,-300,0,0,0,4700,"25.54457","0.05435","0.16666667","-0.16666667","2026-07-02 13:41:00","2026-07-02 13:42:00","2026-07-02 16:00:00","2026-07-02 13:40:03","2026-07-02 13:45:05","call side",7434.18,7437.37
"IC-SPX-FastPT25-S2-130PM","shortputspread","-7,395 put, +7,390 put","SPX","closed",10,0,0.35,0.25,-350,100,0.021505,0.285714,4650,"29.52904","0.063503","0.28571429","0","2026-07-02 13:45:00","2026-07-02 13:41:00","2026-07-02 16:00:00","2026-07-02 13:40:03","2026-07-02 13:45:00","put side",7434.18,7437.46
"IC-SPX-FastPT25-S2-130PM","shortputspread","-7,400 put, +7,395 put","SPX","closed",10,0,0.4,0.55,-400,-150,-0.032609,-0.375,4600,"32.3496","0.070325","0","-0.125","2026-07-02 13:37:02","2026-07-02 13:39:00","2026-07-02 16:00:00","2026-07-02 13:37:02","2026-07-02 13:40:02","put side",7437.25,7434.07
"IC-SPX-FastPT25-S2-130PM","shortcallspread","-7,480 call, +7,485 call","SPX","closed",10,0,0.25,0.15,-250,100,0.021053,0.4,4750,"21.26652","0.044772","0.4","0","2026-07-02 13:40:00","2026-07-02 13:37:03","2026-07-02 16:00:00","2026-07-02 13:37:03","2026-07-02 13:40:00","call side",7437.5,7434.13
"IC-SPX-FastPT25-S2-130PM","shortputspread","-7,400 put, +7,395 put","SPX","closed",10,0,0.3,0.45,-300,-150,-0.031915,-0.5,4700,"26.21451","0.055776","0.1","-0.4","2026-07-02 13:33:00","2026-07-02 13:37:00","2026-07-02 16:00:00","2026-07-02 13:31:00","2026-07-02 13:37:02","put side",7443.1,7437.5
"IC-SPX-FastPT25-S2-130PM","shortcallspread","-7,480 call, +7,485 call","SPX","closed",10,0,0.35,0.25,-350,100,0.021505,0.285714,4650,"25.92214","0.055747","0.28571429","-0.14285714","2026-07-02 13:37:00","2026-07-02 13:33:00","2026-07-02 16:00:00","2026-07-02 13:31:02","2026-07-02 13:37:00","call side",7442.98,7437.21
"IC-SPX-FastPT25-S2","shortcallspread","-7,560 call, +7,565 call","SPX","closed",10,0,0.15,0.05,-150,100,0.020619,0.666667,4850,"7.57256","0.015614","1","0","2026-07-02 11:30:00","2026-07-02 11:01:02","2026-07-02 16:00:00","2026-07-02 11:01:02","2026-07-02 13:02:01","call side",7503.9,7442.69
"IC-SPX-FastPT25-S2","shortputspread","-7,445 put, +7,440 put","SPX","closed",10,0,0.35,2.3,-350,-1950,-0.419355,-5.571429,4650,"29.07688","0.062531","0","-5.57142857","2026-07-02 11:01:00","2026-07-02 13:02:00","2026-07-02 16:00:00","2026-07-02 11:01:00","2026-07-02 13:02:00","put side",7502.99,7442.66
"DIR-SPX-Put-Control","longputspread","+7,505 put, -7,490 put","SPX","closed",1,0,5.55,11.1,555,555,1,1,555,"46.19057","0.083226","1","0","2026-07-02 11:51:00","2026-07-02 11:00:03","2026-07-02 16:00:00","2026-07-02 11:00:03","2026-07-02 11:51:00",,7504.33,7473.08
"DIR-SPX-CallVIXdrop","longcallspread","+7,505 call, -7,520 call","SPX","closed",1,0,6.9,2.9,690,-400,-0.57971,-0.57971,690,"-117.04625","-0.169632","0.03623188","-0.58405797","2026-07-02 11:00:03","2026-07-02 11:08:00","2026-07-02 16:00:00","2026-07-02 11:00:03","2026-07-02 11:08:01",,7504.33,7470.23
"Nigiri-Paper-v1","shortputspread","-720 put, +715 put","SPY","closed",10,1,0.11,0.02,-110,90,0.018405,0.818182,4890,"-3.91154","-0.008015","0.90909091","0","2026-07-02 09:33:00","2026-07-01 09:45:28","2026-07-06 16:00:00","2026-07-01 09:45:28","2026-07-02 09:45:12","",743.25,749.94
"Nigiri-Paper-v1","shortputspread","-720 put, +715 put","SPY","closed",10,1,0.11,0.02,-110,90,0.018405,0.818182,4890,"-3.91154","-0.008015","0.90909091","0","2026-07-02 09:33:00","2026-07-01 09:45:28","2026-07-06 16:00:00","2026-07-01 09:45:28","2026-07-02 09:45:12","",743.25,749.96
"IC-SPX-FastPT25-S2-130PM","shortputspread","-7,475 put, +7,470 put","SPX","closed",10,0,0.15,0.25,-150,-100,-0.020619,-0.666667,4850,"-2.45345","-0.005059","0","-0.66666667","2026-07-01 14:01:00","2026-07-01 13:58:00","2026-07-01 16:00:00","2026-07-01 13:54:04","2026-07-01 14:01:02","put side",7504.37,7502.36
"IC-SPX-FastPT25-S2-130PM","shortputspread","-7,475 put, +7,470 put","SPX","closed",10,0,0.25,0.15,-250,100,0.021053,0.4,4750,"-1.43873","-0.003029","0.4","0","2026-07-01 14:01:00","2026-07-01 13:45:09","2026-07-01 16:00:00","2026-07-01 13:45:09","2026-07-01 14:01:00","put side",7501.91,7502.52
"IC-SPX-FastPT25-S2-130PM","shortcallspread","-7,520 call, +7,525 call","SPX","closed",10,0,0.45,0.3,-450,150,0.032967,0.333333,4550,"-30.1143","-0.066185","0.33333333","0","2026-07-01 13:58:00","2026-07-01 13:54:05","2026-07-01 16:00:00","2026-07-01 13:54:05","2026-07-01 13:58:00","call side",7504.24,7500.46
"IC-SPX-FastPT25-S2-130PM","shortcallspread","-7,525 call, +7,530 call","SPX","closed",10,0,0.2,0.3,-200,-100,-0.020833,-0.5,4800,"-20.89826","-0.043538","0","-0.5","2026-07-01 13:45:10","2026-07-01 13:54:00","2026-07-01 16:00:00","2026-07-01 13:45:10","2026-07-01 13:54:03","call side",7502.08,7504.1
"IC-SPX-FastPT25-S2-130PM","shortputspread","-7,480 put, +7,475 put","SPX","closed",10,0,0.2,0.35,-200,-150,-0.03125,-0.75,4800,"-11.23276","-0.023402","0","-0.65","2026-07-01 13:42:04","2026-07-01 13:45:00","2026-07-01 16:00:00","2026-07-01 13:42:04","2026-07-01 13:45:07","put side",7505.73,7501.96
"IC-SPX-FastPT25-S2-130PM","shortcallspread","-7,525 call, +7,530 call","SPX","closed",10,0,0.35,0.25,-350,100,0.021505,0.285714,4650,"-24.28748","-0.052231","0.28571429","0","2026-07-01 13:45:00","2026-07-01 13:42:05","2026-07-01 16:00:00","2026-07-01 13:42:05","2026-07-01 13:45:01","call side",7505.68,7502.38
"IC-SPX-FastPT25-S2-130PM","shortputspread","-7,480 put, +7,475 put","SPX","closed",10,0,0.25,0.25,-250,0,0,0,4750,"-10.49117","-0.022087","0.2","0","2026-07-01 13:39:00","2026-07-01 13:33:04","2026-07-01 16:00:00","2026-07-01 13:33:03","2026-07-01 13:42:03","put side",7505.38,7505.73
"IC-SPX-FastPT25-S2-130PM","shortcallspread","-7,530 call, +7,535 call","SPX","closed",10,0,0.2,0.15,-200,50,0.010417,0.25,4800,"-18.58222","-0.038713","0.25","-0.25","2026-07-01 13:42:00","2026-07-01 13:34:00","2026-07-01 16:00:00","2026-07-01 13:33:04","2026-07-01 13:42:00","call side",7505.36,7505.63
"IC-SPX-Fortress-Defang","shortputspread","-7,450 put, +7,445 put","SPX","closed",10,0,0.1,0.1,-100,0,0,0,4900,"7.43166","0.015105","0.5","0.2","2026-07-01 13:34:00","2026-07-01 13:33:01","2026-07-01 16:00:00","2026-07-01 13:33:00","2026-07-01 13:35:03","put side",7505.35,7505.57
"IC-SPX-Fortress-Unstopped","shortputspread","-7,450 put, +7,445 put","SPX","closed",10,0,0.1,0.1,-100,0,0,0,4900,"7.43166","0.015105","0.5","0.2","2026-07-01 13:34:00","2026-07-01 13:33:01","2026-07-01 16:00:00","2026-07-01 13:33:00","2026-07-01 13:35:03","put side",7505.35,7505.57
"IC-SPX-FastPT25-S2-130PM","shortputspread","-7,480 put, +7,475 put","SPX","closed",10,0,0.2,0.3,-200,-100,-0.020833,-0.5,4800,"-5.65585","-0.011783","0","-0.25","2026-07-01 13:31:01","2026-07-01 13:33:00","2026-07-01 16:00:00","2026-07-01 13:31:00","2026-07-01 13:33:02","put side",7508.71,7505.4
"IC-SPX-FastPT25-S2-130PM","shortcallspread","-7,530 call, +7,535 call","SPX","closed",10,0,0.3,0.2,-300,100,0.021277,0.333333,4700,"-22.9","-0.048723","0.33333333","0","2026-07-01 13:33:00","2026-07-01 13:31:02","2026-07-01 16:00:00","2026-07-01 13:31:02","2026-07-01 13:33:00","call side",7508.53,7505.35
"DIR-SPX-Put-Control","longputspread","+7,495 put, -7,480 put","SPX","closed",1,0,4.6,1.1,460,-350,-0.76087,-0.76087,460,"97.2332","0.211377","0","-0.76086957","2026-07-01 11:00:02","2026-07-01 12:03:00","2026-07-01 16:00:00","2026-07-01 11:00:02","2026-07-01 12:03:00",,7496.48,7517.64
"IC-SPX-FastPT25-S2","shortputspread","-7,460 put, +7,455 put","SPX","closed",10,0,0.1,0.15,-100,-50,-0.010204,-0.5,4900,"4.67644","0.009544","0.5","0","2026-07-01 11:29:00","2026-07-01 11:27:03","2026-07-01 16:00:00","2026-07-01 11:27:02","2026-07-01 11:30:02","put side",7516.97,7520.84
"IC-SPX-FastPT25-S2","shortputspread","-7,460 put, +7,455 put","SPX","closed",10,0,0.1,0.15,-100,-50,-0.010204,-0.5,4900,"4.66391","0.009518","0","0","2026-07-01 11:24:04","2026-07-01 11:24:04","2026-07-01 16:00:00","2026-07-01 11:24:04","2026-07-01 11:27:01","put side",7517.27,7516.97
"IC-SPX-FastPT25-S2","shortputspread","-7,460 put, +7,455 put","SPX","closed",10,0,0.15,0.2,-150,-50,-0.010309,-0.333333,4850,"8.61262","0.017758","0.33333333","0","2026-07-01 11:24:00","2026-07-01 11:21:04","2026-07-01 16:00:00","2026-07-01 11:21:04","2026-07-01 11:24:03","put side",7515.79,7517.35
"IC-SPX-FastPT25-S2","shortputspread","-7,455 put, +7,450 put","SPX","closed",10,0,0.15,0.15,-150,0,0,0,4850,"9.01774","0.018593","0.33333333","0","2026-07-01 11:21:00","2026-07-01 11:18:04","2026-07-01 16:00:00","2026-07-01 11:18:03","2026-07-01 11:21:03","put side",7511.73,7515.86
"IC-SPX-FastPT25-S2","shortputspread","-7,455 put, +7,450 put","SPX","closed",10,0,0.15,0.2,-150,-50,-0.010309,-0.333333,4850,"7.4189","0.015297","0.33333333","0","2026-07-01 11:18:00","2026-07-01 11:15:08","2026-07-01 16:00:00","2026-07-01 11:15:08","2026-07-01 11:18:02","put side",7509.59,7511.64
"IC-SPX-FastPT25-S2","shortputspread","-7,450 put, +7,445 put","SPX","closed",10,0,0.2,0.15,-200,50,0.010417,0.25,4800,"8.99863","0.018631","0.25","0.25","2026-07-01 11:12:03","2026-07-01 11:12:03","2026-07-01 16:00:00","2026-07-01 11:12:03","2026-07-01 11:15:05","put side",7504.29,7509.34
"IC-SPX-FastPT25-S2","shortputspread","-7,445 put, +7,440 put","SPX","closed",10,0,0.15,0.2,-150,-50,-0.010309,-0.333333,4850,"9.40421","0.01939","0.33333333","0","2026-07-01 11:11:00","2026-07-01 11:09:03","2026-07-01 16:00:00","2026-07-01 11:09:03","2026-07-01 11:12:01","put side",7503.27,7504.29
"IC-SPX-FastPT25-S2","shortputspread","-7,450 put, +7,445 put","SPX","closed",10,0,0.15,0.25,-150,-100,-0.020619,-0.666667,4850,"8.16383","0.016833","0","-0.2","2026-07-01 11:06:03","2026-07-01 11:09:00","2026-07-01 16:00:00","2026-07-01 11:06:03","2026-07-01 11:09:02","put side",7506.55,7502.56
"IC-SPX-FastPT25-S2","shortputspread","-7,445 put, +7,440 put","SPX","closed",10,0,0.2,0.2,-200,0,0,0,4800,"9.97392","0.02065","0.4","0.15","2026-07-01 11:05:00","2026-07-01 11:03:03","2026-07-01 16:00:00","2026-07-01 11:03:03","2026-07-01 11:06:02","put side",7501.52,7506.55
"IC-SPX-FastPT25-S2","shortputspread","-7,440 put, +7,435 put","SPX","closed",10,0,0.2,0.15,-200,50,0.010417,0.25,4800,"10.79963","0.022359","0.4","0.15","2026-07-01 11:03:00","2026-07-01 11:01:01","2026-07-01 16:00:00","2026-07-01 11:01:01","2026-07-01 11:03:02","put side",7498,7501.52
"Trendy-Paper-v1","shortputspread","-722 put, +712 put","SPY","closed",1,1,0.8,0.61,-80,19,0.020652,0.2375,920,"-14.95819","-0.016277","0.525","-0.025","2026-06-30 15:57:00","2026-06-30 09:48:00","2026-07-10 16:00:00","2026-06-30 09:45:15","2026-07-01 09:45:06",,742.3,743.16
"3DTE $140-$350","ironcondor","+7,165 put, -7,175 put, -7,620 call, +7,630 call","SPX","closed",1,2,0.5,0.15,-50,35,0.036842,0.7,950,"22.172688","0.02334","0.84","-1.1","2026-07-01 09:31:00","2026-06-29 10:17:00","2026-07-02 16:00:00","2026-06-29 10:00:03","2026-07-01 09:45:02","220,60percent",7398.48,7457.91
"Nigiri-Paper-v1","shortputspread","-715 put, +710 put","SPY","closed",10,1,0.11,0.07,-110,40,0.00818,0.363636,4890,"0.22212","0.000455","0.63636364","-0.18181818","2026-06-30 14:05:00","2026-06-30 09:48:00","2026-07-06 16:00:00","2026-06-30 09:45:25","2026-07-01 09:45:02","",742.14,743.06
"Tasty Condor","ironcondor","+665 put, -680 put, -755 call, +770 call","SPY","expired",1,56,4.2,0,-420,420,0.388889,1,1080,"-49.319483","-0.045751","1","-1.02857143","2026-06-30 09:31:00","2026-06-02 11:23:00","2026-06-30 16:00:00","2026-05-05 10:00:13","2026-06-30 16:15:00","",722.54,746.77
"IC-SPX-FastPT25-S2","shortcallspread","-7,520 call, +7,525 call","SPX","expired",10,0,0.1,0,-100,100,0.020408,1,4900,"2.89258","0.005903","1","-5","2026-06-30 15:59:00","2026-06-30 13:04:00","2026-06-30 16:00:00","2026-06-30 11:01:01","2026-06-30 16:15:00","call side",7463.87,7499.36
"60min-ORB-10W-Paper-v1","shortputspread","-7,435 put, +7,425 put","SPX","expired",1,0,0.8,0,-80,80,0.086957,1,920,"30.67114","0.03323","1","-1.3125","2026-06-30 14:11:00","2026-06-30 10:58:00","2026-06-30 16:00:00","2026-06-30 10:45:02","2026-06-30 16:15:00","test a",7476.12,7499.36
"IC-SPX-FastPT25-S2","shortputspread","-7,410 put, +7,405 put","SPX","expired",10,0,0.35,0,-350,350,0.075269,1,4650,"23.47546","0.050161","1","0","2026-06-30 12:19:00","2026-06-30 11:01:01","2026-06-30 16:00:00","2026-06-30 11:01:00","2026-06-30 16:15:00","put side",7463.76,7499.36
"DIR-SPX-CallVIXdrop","longcallspread","+7,460 call, -7,475 call","SPX","expired",1,0,7.4,15,740,760,1.027027,1.027027,740,"-128.21011","-0.173257","1.02702703","-0.02027027","2026-06-30 15:19:00","2026-06-30 11:00:03","2026-06-30 16:00:00","2026-06-30 11:00:03","2026-06-30 16:15:00",,7461.21,7499.36
"IC-SPX-FastPT25-S2-130PM","shortputspread","-7,470 put, +7,465 put","SPX","closed",10,0,0.3,0.3,-300,0,0,0,4700,"7.69922","0.016277","0.16666667","0","2026-06-30 14:15:00","2026-06-30 14:14:02","2026-06-30 16:00:00","2026-06-30 14:14:02","2026-06-30 14:17:02","put side",7495.68,7496.29
"IC-SPX-FastPT25-S2-130PM","shortcallspread","-7,520 call, +7,525 call","SPX","closed",10,0,0.25,0.3,-250,-50,-0.010526,-0.2,4750,"2.69074","0.005665","0.2","0","2026-06-30 14:13:00","2026-06-30 14:10:03","2026-06-30 16:00:00","2026-06-30 14:10:03","2026-06-30 14:14:02","call side",7494.8,7495.92
"IC-SPX-FastPT25-S2-130PM","shortputspread","-7,465 put, +7,460 put","SPX","closed",10,0,0.25,0.15,-250,100,0.021053,0.4,4750,"13.5706","0.02857","0.4","0","2026-06-30 14:14:00","2026-06-30 14:10:02","2026-06-30 16:00:00","2026-06-30 14:10:02","2026-06-30 14:14:00","put side",7494.94,7495.85
"IC-SPX-FastPT25-S2-130PM","shortputspread","-7,465 put, +7,460 put","SPX","closed",10,0,0.3,0.2,-300,100,0.021277,0.333333,4700,"11.49502","0.024457","0.33333333","-0.1","2026-06-30 14:13:00","2026-06-30 14:07:02","2026-06-30 16:00:00","2026-06-30 14:07:02","2026-06-30 14:13:00","put side",7491.89,7494.58
"IC-SPX-FastPT25-S2-130PM","shortcallspread","-7,520 call, +7,525 call","SPX","closed",10,0,0.2,0.3,-200,-100,-0.020833,-0.5,4800,"3.84828","0.008017","0","-0.5","2026-06-30 14:07:03","2026-06-30 14:08:00","2026-06-30 16:00:00","2026-06-30 14:07:03","2026-06-30 14:10:01","call side",7491.98,7494.94
"IC-SPX-FastPT25-S2-130PM","shortputspread","-7,460 put, +7,455 put","SPX","closed",10,0,0.15,0.25,-150,-100,-0.020619,-0.666667,4850,"8.69028","0.017918","0","-0.53333333","2026-06-30 14:03:02","2026-06-30 14:06:00","2026-06-30 16:00:00","2026-06-30 14:03:02","2026-06-30 14:07:01","put side",7494.95,7491.89
"IC-SPX-FastPT25-S2-130PM","shortcallspread","-7,515 call, +7,520 call","SPX","closed",11,0,0.5,0.35,-550,165,0.033333,0.3,4950,"4.82598","0.010724","0.3","0","2026-06-30 14:07:00","2026-06-30 14:03:03","2026-06-30 16:00:00","2026-06-30 14:03:03","2026-06-30 14:07:00","call side",7495.01,7491.88
"IC-SPX-FastPT25-S2-130PM","shortcallspread","-7,520 call, +7,525 call","SPX","closed",10,0,0.25,0.35,-250,-100,-0.021053,-0.4,4750,"-5.71479","-0.011956","0.2","-0.2","2026-06-30 13:33:00","2026-06-30 13:34:00","2026-06-30 16:00:00","2026-06-30 13:32:03","2026-06-30 14:03:02","call side",7492.39,7494.95
"IC-SPX-FastPT25-S2-130PM","shortputspread","-7,460 put, +7,455 put","SPX","closed",10,0,0.25,0.15,-250,100,0.021053,0.4,4750,"9.41121","0.019813","0.4","-0.4","2026-06-30 14:03:00","2026-06-30 13:40:00","2026-06-30 16:00:00","2026-06-30 13:31:00","2026-06-30 14:03:00","put side",7492.67,7495.23
"IC-SPX-Fortress-Defang","shortputspread","-7,440 put, +7,435 put","SPX","closed",10,0,0.1,0.15,-100,-50,-0.010204,-0.5,4900,"9.44901","0.019284","0","0","2026-06-30 13:36:00","2026-06-30 13:36:00","2026-06-30 16:00:00","2026-06-30 13:36:00","2026-06-30 13:38:01","put side",7494.24,7491.76
"IC-SPX-Fortress-Unstopped","shortputspread","-7,440 put, +7,435 put","SPX","closed",10,0,0.1,0.15,-100,-50,-0.010204,-0.5,4900,"9.44901","0.019284","0","0","2026-06-30 13:36:00","2026-06-30 13:36:00","2026-06-30 16:00:00","2026-06-30 13:36:00","2026-06-30 13:38:01","put side",7494.24,7491.76
"IC-SPX-Fortress-Defang","shortputspread","-7,435 put, +7,430 put","SPX","closed",10,0,0.1,0.1,-100,0,0,0,4900,"7.64748","0.015544","0.5","0.2","2026-06-30 13:32:00","2026-06-30 13:31:01","2026-06-30 16:00:00","2026-06-30 13:31:00","2026-06-30 13:33:02","put side",7492.67,7491.59
"IC-SPX-Fortress-Unstopped","shortputspread","-7,435 put, +7,430 put","SPX","closed",10,0,0.1,0.1,-100,0,0,0,4900,"7.64748","0.015544","0.5","0.2","2026-06-30 13:32:00","2026-06-30 13:31:01","2026-06-30 16:00:00","2026-06-30 13:31:00","2026-06-30 13:33:02","put side",7492.67,7491.76
"IC-SPX-FastPT25-S2-130PM","shortcallspread","-7,520 call, +7,525 call","SPX","closed",10,0,0.3,0.2,-300,100,0.021277,0.333333,4700,"-0.04703","-0.0001","0.33333333","0.1","2026-06-30 13:32:00","2026-06-30 13:31:01","2026-06-30 16:00:00","2026-06-30 13:31:01","2026-06-30 13:32:00","call side",7493.05,7492.1
"DIR-SPX-Put-Control","longputspread","+7,460 put, -7,445 put","SPX","closed",1,0,5.25,1.25,525,-400,-0.761905,-0.761905,525,"35.04577","0.066754","-0.02857143","-0.76190476","2026-06-30 11:00:03","2026-06-30 11:57:00","2026-06-30 16:00:00","2026-06-30 11:00:03","2026-06-30 11:57:00",,7461.21,7487.47
"Nigiri-Paper-v1","shortputspread","-706 put, +701 put","SPY","closed",10,1,0.11,0.06,-110,50,0.010225,0.454545,4890,"6.84213","0.014021","0.63636364","-1.63636364","2026-06-30 09:36:00","2026-06-29 10:19:00","2026-07-06 16:00:00","2026-06-29 09:45:24","2026-06-30 09:45:14","",739.13,742.12
"IC-SPX-FastPT25-S2","shortputspread","-7,350 put, +7,345 put","SPX","expired",10,0,0.35,0,-350,350,0.075269,1,4650,"29.03418","0.062439","1","-0.28571429","2026-06-29 13:30:00","2026-06-29 11:25:00","2026-06-29 16:00:00","2026-06-29 11:01:00","2026-06-29 16:15:00","put side",7406.42,7440.43
"IC-SPX-FastPT25-S2","shortcallspread","-7,460 call, +7,465 call","SPX","expired",10,0,0.15,0,-150,150,0.030928,1,4850,"4.27569","0.008762","1","-1.66666667","2026-06-29 12:34:00","2026-06-29 13:32:00","2026-06-29 16:00:00","2026-06-29 11:01:02","2026-06-29 16:15:00","call side",7405.78,7440.43
"3DTE $140-$350","ironcondor","+7,105 put, -7,115 put, -7,660 call, +7,670 call","SPX","expired",1,5,0.45,0,-45,45,0.04712,1,955,"9.683241","0.010193","1","-2.04444444","2026-06-29 09:33:00","2026-06-25 14:04:00","2026-06-29 16:00:00","2026-06-24 10:00:07","2026-06-29 16:15:00","270",7386.26,7440.43
"DIR-SPX-Put-Control","longputspread","+7,410 put, -7,395 put","SPX","closed",1,0,5.65,1.3,565,-435,-0.769911,-0.769911,565,"61.31955","0.10853","0.40707965","-0.7699115","2026-06-29 11:24:00","2026-06-29 13:21:00","2026-06-29 16:00:00","2026-06-29 11:00:02","2026-06-29 13:21:00",,7408.02,7431.39
"Nigiri-Paper-v1","shortputspread","-690 put, +685 put","SPY","closed",10,3,0.1,0.04,-100,60,0.012245,0.6,4900,"8.08734","0.016539","0.7","-0.3","2026-06-29 09:33:00","2026-06-26 10:41:00","2026-07-06 16:00:00","2026-06-26 10:30:23","2026-06-29 09:45:12","",733.42,739.12
"Friday 14 DTE Broken Wing IB (B-70)","ironbutterfly","+7,230 put, -7,290 put, -7,290 call, +7,330 call","SPX","closed",1,3,42.6,41,-4260,160,0.091954,0.037559,1740,"-33.43891","-0.019218","0.07981221","-0.02464789","2026-06-29 09:31:00","2026-06-26 12:21:00","2026-07-10 16:00:00","2026-06-26 10:30:02","2026-06-29 09:45:02","14 dte",7362.82,7421.39
"3DTE $140-$350","ironcondor","+7,155 put, -7,165 put, -7,530 call, +7,540 call","SPX","closed",1,3,0.55,0.1,-55,45,0.047619,0.818182,945,"-21.465929","-0.022667","1","0.03636364","2026-06-29 09:34:00","2026-06-26 10:05:02","2026-06-29 16:00:00","2026-06-26 10:05:02","2026-06-29 09:45:02","180,90 profit",7349.33,7421.39
"QQQ-IC-0DTE-Fortress","shortputspread","-709 put, +707 put","QQQ","expired",26,0,0.13,2,-338,-4862,-1,-14.384615,4862,"7.47192","0.040172","0.15384615","-6.23076923","2026-06-26 15:47:00","2026-06-26 15:06:00","2026-06-26 16:00:00","2026-06-26 13:31:00","2026-06-26 16:15:00","put side",714.1,706.52
"IC-SPX-FastPT25-S2","shortputspread","-7,300 put, +7,295 put","SPX","expired",10,0,0.5,0,-500,500,0.111111,1,4500,"43.48781","0.09664","1","-0.3","2026-06-26 14:08:00","2026-06-26 11:16:00","2026-06-26 16:00:00","2026-06-26 11:01:00","2026-06-26 16:15:00","put side",7356.52,7354.02
"QQQ-IC-0DTE-Fortress","shortcallspread","-719 call, +721 call","QQQ","expired",25,0,0.07,0,-175,175,0.036269,1,4825,"-0.09847","-0.000513","1","-0.14285714","2026-06-26 14:18:00","2026-06-26 13:31:01","2026-06-26 16:00:00","2026-06-26 13:31:01","2026-06-26 16:15:00","call side",714.1,706.52
"IC-SPX-FastPT25-S2","shortcallspread","-7,410 call, +7,415 call","SPX","expired",10,0,0.4,0,-400,400,0.086957,1,4600,"27.98974","0.060453","1","-2.5","2026-06-26 14:21:00","2026-06-26 11:44:00","2026-06-26 16:00:00","2026-06-26 11:01:01","2026-06-26 16:15:00","call side",7356.47,7354.02
"QQQ-IC-0DTE-Fortress-NoPT50","shortputspread","-709 put, +707 put","QQQ","expired",26,0,0.13,2,-338,-4862,-1,-14.384615,4862,"7.47192","0.040172","0.15384615","-6.23076923","2026-06-26 15:47:00","2026-06-26 15:06:00","2026-06-26 16:00:00","2026-06-26 13:31:00","2026-06-26 16:15:00","put side",714.1,706.52
"Tasty Condor","ironcondor","+680 put, -695 put, -765 call, +780 call","SPY","expired",1,45,4.3,0,-430,430,0.401869,1,1070,"110.052652","0.102853","1","-0.34418605","2026-06-25 15:58:00","2026-06-02 11:23:00","2026-06-26 16:00:00","2026-05-12 10:00:22","2026-06-26 16:15:00","",734.88,728.99
"QQQ-IC-0DTE-Fortress-NoPT50","shortcallspread","-719 call, +721 call","QQQ","expired",25,0,0.07,0,-175,175,0.036269,1,4825,"-0.09847","-0.000513","1","-0.14285714","2026-06-26 14:18:00","2026-06-26 13:31:01","2026-06-26 16:00:00","2026-06-26 13:31:01","2026-06-26 16:15:00","call side",714.1,706.52
"IC-SPX-FastPT25-S2-130PM","shortputspread","-7,325 put, +7,320 put","SPX","closed",10,0,0.2,0.3,-200,-100,-0.020833,-0.5,4800,"17.15346","0.035736","0","-0.25","2026-06-26 14:01:00","2026-06-26 14:00:00","2026-06-26 16:00:00","2026-06-26 13:59:03","2026-06-26 14:02:01","put side",7365.38,7366.23
"IC-SPX-FastPT25-S2-130PM","shortputspread","-7,330 put, +7,325 put","SPX","closed",10,0,0.3,0.35,-300,-50,-0.010638,-0.166667,4700,"23.10406","0.049158","0","-0.16666667","2026-06-26 13:56:02","2026-06-26 13:57:00","2026-06-26 16:00:00","2026-06-26 13:56:02","2026-06-26 13:59:01","put side",7365.3,7365.38
"IC-SPX-FastPT25-S2-130PM","shortcallspread","-7,400 call, +7,405 call","SPX","closed",10,0,0.3,0.2,-300,100,0.021277,0.333333,4700,"17.59446","0.037435","0.33333333","0","2026-06-26 13:59:00","2026-06-26 13:49:04","2026-06-26 16:00:00","2026-06-26 13:49:05","2026-06-26 13:59:00","call side",7367.71,7365.4
"IC-SPX-FastPT25-S2-130PM","shortputspread","-7,330 put, +7,325 put","SPX","closed",10,0,0.3,0.35,-300,-50,-0.010638,-0.166667,4700,"22.51875","0.047709","0.16666667","-0.16666667","2026-06-26 13:52:00","2026-06-26 13:56:00","2026-06-26 16:00:00","2026-06-26 13:49:04","2026-06-26 13:56:01","put side",7367.91,7365.3
"IC-SPX-FastPT25-S2-130PM","shortputspread","-7,325 put, +7,320 put","SPX","closed",10,0,0.25,0.3,-250,-50,-0.010526,-0.2,4750,"21.78209","0.045857","0.2","-0.2","2026-06-26 13:44:00","2026-06-26 13:41:00","2026-06-26 16:00:00","2026-06-26 13:40:02","2026-06-26 13:49:03","put side",7367.82,7367.68
"IC-SPX-FastPT25-S2-130PM","shortcallspread","-7,400 call, +7,405 call","SPX","closed",10,0,0.4,0.3,-400,100,0.021739,0.25,4600,"24.75367","0.053812","0.25","-0.05","2026-06-26 13:49:00","2026-06-26 13:43:00","2026-06-26 16:00:00","2026-06-26 13:40:03","2026-06-26 13:49:01","call side",7368.18,7368.07
"IC-SPX-FastPT25-S2-130PM","shortputspread","-7,330 put, +7,325 put","SPX","closed",10,0,0.3,0.35,-300,-50,-0.010638,-0.166667,4700,"25.40858","0.054061","0","-0.16666667","2026-06-26 13:38:00","2026-06-26 13:40:00","2026-06-26 16:00:00","2026-06-26 13:38:00","2026-06-26 13:40:01","put side",7370.8,7367.82
"IC-SPX-FastPT25-S2-130PM","shortcallspread","-7,410 call, +7,415 call","SPX","closed",10,0,0.25,0.15,-250,100,0.021053,0.4,4750,"15.57155","0.032782","0.4","-0.08","2026-06-26 13:40:00","2026-06-26 13:34:00","2026-06-26 16:00:00","2026-06-26 13:32:03","2026-06-26 13:40:00","call side",7373.33,7367.8
"IC-SPX-FastPT25-S2-130PM","shortputspread","-7,335 put, +7,330 put","SPX","closed",10,0,0.25,0.45,-250,-200,-0.042105,-0.8,4750,"21.47806","0.045217","-0.12","-0.52","2026-06-26 13:31:01","2026-06-26 13:37:00","2026-06-26 16:00:00","2026-06-26 13:31:00","2026-06-26 13:37:02","put side",7378.71,7370.75
"IC-SPX-Fortress-Unstopped","shortputspread","-7,320 put, +7,315 put","SPX","closed",10,0,0.15,0.25,-150,-100,-0.020619,-0.666667,4850,"14.42813","0.029749","0.13333333","-0.13333333","2026-06-26 13:34:00","2026-06-26 13:35:00","2026-06-26 16:00:00","2026-06-26 13:33:02","2026-06-26 13:36:01","put side",7374.46,7370.82
"IC-SPX-Fortress-Defang","shortputspread","-7,320 put, +7,315 put","SPX","closed",10,0,0.15,0.25,-150,-100,-0.020619,-0.666667,4850,"14.42813","0.029749","0.13333333","-0.13333333","2026-06-26 13:34:00","2026-06-26 13:35:00","2026-06-26 16:00:00","2026-06-26 13:33:04","2026-06-26 13:36:01","put side",7374.02,7370.82
"IC-SPX-Fortress-Unstopped","shortputspread","-7,325 put, +7,320 put","SPX","closed",10,0,0.15,0.25,-150,-100,-0.020619,-0.666667,4850,"14.29777","0.02948","0.33333333","-0.33333333","2026-06-26 13:31:01","2026-06-26 13:32:00","2026-06-26 16:00:00","2026-06-26 13:31:00","2026-06-26 13:33:01","put side",7378.71,7374.46
"IC-SPX-Fortress-Defang","shortputspread","-7,325 put, +7,320 put","SPX","closed",10,0,0.15,0.25,-150,-100,-0.020619,-0.666667,4850,"14.29777","0.02948","0.33333333","-0.33333333","2026-06-26 13:31:01","2026-06-26 13:32:00","2026-06-26 16:00:00","2026-06-26 13:31:00","2026-06-26 13:33:01","put side",7378.71,7374.46
"IC-SPX-FastPT25-S2-130PM","shortcallspread","-7,405 call, +7,410 call","SPX","closed",11,0,0.55,0.4,-605,165,0.033708,0.272727,4895,"22.5316","0.050633","0.27272727","0","2026-06-26 13:32:00","2026-06-26 13:31:01","2026-06-26 16:00:00","2026-06-26 13:31:01","2026-06-26 13:32:00","call side",7378.85,7373.34
"DIR-SPX-Put-Control","longputspread","+7,350 put, -7,335 put","SPX","closed",1,0,5.2,1.05,520,-415,-0.798077,-0.798077,520,"18.66346","0.035891","0.16346154","-0.80384615","2026-06-26 11:16:00","2026-06-26 13:09:00","2026-06-26 16:00:00","2026-06-26 11:00:02","2026-06-26 13:09:00",,7352.22,7383.02
"Trendy-Paper-v1","shortputspread","-705 put, +695 put","SPY","closed",1,1,0.87,0.5,-87,37,0.040526,0.425287,913,"28.91479","0.031705","0.57471264","-0.16091954","2026-06-26 11:44:00","2026-06-26 09:34:00","2026-07-06 16:00:00","2026-06-25 10:00:08","2026-06-26 12:15:18",,730.57,733.92
"Trendy-Paper-v1","shortcallspread","-734 call, +742 call","SPY","closed",1,2,3.04,2.05,-304,99,0.199597,0.325658,496,"99.27539","0.200152","0.86184211","-0.62171053","2026-06-26 09:46:00","2026-06-25 09:31:00","2026-06-26 16:00:00","2026-06-24 13:30:02","2026-06-26 11:30:18",,732.18,735.17
"Nigiri-Paper-v1","shortputspread","-721 put, +716 put","SPY","closed",10,4,0.12,0.08,-120,40,0.008197,0.333333,4880,"8.73624","0.017902","0.5","-5.83333333","2026-06-26 10:22:00","2026-06-23 09:37:00","2026-06-26 16:00:00","2026-06-22 09:45:14","2026-06-26 10:30:12","",748.19,733.4
"3DTE $140-$350","ironcondor","+7,020 put, -7,030 put, -7,635 call, +7,645 call","SPX","closed",1,1,0.55,1.4,-55,-85,-0.089947,-1.545455,945,"32.960178","0.034879","0.69090909","-0.63636364","2026-06-25 14:20:00","2026-06-25 14:04:00","2026-06-30 16:00:00","2026-06-25 10:00:07","2026-06-26 10:00:01","300,60percent",7331.94,7336.06
"IC-SPX-Fortress-Unstopped","shortcallspread","-7,420 call, +7,425 call","SPX","expired",10,0,0.1,0,-100,100,0.020408,1,4900,"9.59741","0.019587","1","-2.7","2026-06-25 13:50:00","2026-06-25 14:30:00","2026-06-25 16:00:00","2026-06-25 13:31:03","2026-06-25 16:15:00","call side",7362.41,7357.49
"IC-SPX-FastPT25-S2","shortcallspread","-7,435 call, +7,440 call","SPX","expired",11,0,0.6,0,-660,660,0.136364,1,4840,"50.17766","0.11404","1","-0.25","2026-06-25 13:07:00","2026-06-25 11:05:00","2026-06-25 16:00:00","2026-06-25 11:01:01","2026-06-25 16:15:00","call side",7381.84,7357.49
"3DTE $140-$350","ironcondor","+7,335 put, -7,345 put, -7,710 call, +7,720 call","SPX","expired",1,3,0.55,0,-55,55,0.058201,1,945,"-21.018336","-0.022242","0.54545455","-9.90909091","2026-06-22 14:33:00","2026-06-25 10:00:00","2026-06-25 16:00:00","2026-06-22 10:00:07","2026-06-25 16:15:00","180",7527.34,7357.49
"QQQ-IC-0DTE-Fortress","shortcallspread","-721 call, +723 call","QQQ","expired",27,0,0.17,0,-459,459,0.092896,1,4941,"10.93801","0.060099","1","-1.70588235","2026-06-25 15:32:00","2026-06-25 14:28:00","2026-06-25 16:00:00","2026-06-25 13:33:02","2026-06-25 16:15:00","call side",715.92,716.12
"IC-SPX-Fortress-Unstopped","shortputspread","-7,305 put, +7,300 put","SPX","expired",10,0,0.2,0,-200,200,0.041667,1,4800,"16.62663","0.034424","1","-1.65","2026-06-25 14:40:00","2026-06-25 14:04:00","2026-06-25 16:00:00","2026-06-25 13:31:00","2026-06-25 16:15:00","put side",7362.53,7357.49
"QQQ-IC-0DTE-Fortress-NoPT50","shortputspread","-711 put, +709 put","QQQ","expired",28,0,0.22,0,-616,616,0.123596,1,4984,"15.29941","0.086437","1","-0.72727273","2026-06-25 15:58:00","2026-06-25 14:04:00","2026-06-25 16:00:00","2026-06-25 13:33:00","2026-06-25 16:15:00","put side",715.84,716.12
"QQQ-IC-0DTE-Fortress-NoPT50","shortcallspread","-721 call, +723 call","QQQ","expired",27,0,0.17,0,-459,459,0.092896,1,4941,"10.93801","0.060099","1","-1.70588235","2026-06-25 15:32:00","2026-06-25 14:28:00","2026-06-25 16:00:00","2026-06-25 13:33:02","2026-06-25 16:15:00","call side",715.92,716.12
"QQQ-IC-0DTE-Fortress","shortputspread","-711 put, +709 put","QQQ","expired",28,0,0.22,0,-616,616,0.123596,1,4984,"15.29941","0.086437","1","-0.72727273","2026-06-25 15:58:00","2026-06-25 14:04:00","2026-06-25 16:00:00","2026-06-25 13:33:00","2026-06-25 16:15:00","put side",715.84,716.12
"IC-SPX-FastPT25-S2","shortputspread","-7,325 put, +7,320 put","SPX","expired",11,0,0.55,0,-605,605,0.123596,1,4895,"47.68359","0.107154","1","-1.54545455","2026-06-25 15:53:00","2026-06-25 11:16:00","2026-06-25 16:00:00","2026-06-25 11:01:00","2026-06-25 16:15:00","put side",7380.91,7357.49
"IC-SPX-Fortress-Defang","shortputspread","-7,305 put, +7,300 put","SPX","closed",10,0,0.2,0.1,-200,100,0.020833,0.5,4800,"16.62663","0.034424","1","-1.65","2026-06-25 14:40:00","2026-06-25 14:04:00","2026-06-25 16:00:00","2026-06-25 13:31:00","2026-06-25 15:27:02","put side",7362.53,7354
"IC-SPX-Fortress-Defang","shortcallspread","-7,420 call, +7,425 call","SPX","closed",10,0,0.1,0.05,-100,50,0.010204,0.5,4900,"9.59741","0.019587","1","-2.7","2026-06-25 13:50:00","2026-06-25 14:30:00","2026-06-25 16:00:00","2026-06-25 13:31:03","2026-06-25 15:26:03","call side",7362.41,7354.6
"IC-SPX-FastPT25-S2-130PM","shortputspread","-7,320 put, +7,315 put","SPX","closed",11,0,0.6,1,-660,-440,-0.090909,-0.666667,4840,"48.96502","0.111284","0.08333333","-0.33333333","2026-06-25 13:45:07","2026-06-25 13:49:00","2026-06-25 16:00:00","2026-06-25 13:45:07","2026-06-25 13:49:02","put side",7353.71,7346.83
"IC-SPX-FastPT25-S2-130PM","shortcallspread","-7,400 call, +7,405 call","SPX","closed",10,0,0.25,0.15,-250,100,0.021053,0.4,4750,"21.21561","0.044477","0.52","0.08","2026-06-25 13:49:00","2026-06-25 13:45:07","2026-06-25 16:00:00","2026-06-25 13:45:07","2026-06-25 13:49:00","call side",7353.82,7346.84
"IC-SPX-FastPT25-S2-130PM","shortputspread","-7,315 put, +7,310 put","SPX","closed",10,0,0.25,0.5,-250,-250,-0.052632,-1,4750,"23.19354","0.048829","0","-0.72","2026-06-25 13:40:00","2026-06-25 13:45:00","2026-06-25 16:00:00","2026-06-25 13:39:02","2026-06-25 13:45:04","put side",7361.91,7354.14
"IC-SPX-FastPT25-S2-130PM","shortcallspread","-7,400 call, +7,405 call","SPX","closed",10,0,0.35,0.25,-350,100,0.021505,0.285714,4650,"26.74807","0.057276","0.28571429","-0.14285714","2026-06-25 13:45:00","2026-06-25 13:41:00","2026-06-25 16:00:00","2026-06-25 13:37:03","2026-06-25 13:45:00","call side",7360.74,7354.08
"IC-SPX-FastPT25-S2-130PM","shortputspread","-7,315 put, +7,310 put","SPX","closed",10,0,0.35,0.25,-350,100,0.021505,0.285714,4650,"31.00539","0.066393","0.28571429","0.05714286","2026-06-25 13:39:00","2026-06-25 13:37:02","2026-06-25 16:00:00","2026-06-25 13:37:02","2026-06-25 13:39:00","put side",7361.64,7361.88
"IC-SPX-FastPT25-S2-130PM","shortcallspread","-7,400 call, +7,405 call","SPX","closed",10,0,0.25,0.4,-250,-150,-0.031579,-0.6,4750,"21.39426","0.045041","0","-0.32","2026-06-25 13:33:03","2026-06-25 13:37:00","2026-06-25 16:00:00","2026-06-25 13:33:03","2026-06-25 13:37:01","call side",7356.3,7361.65
"IC-SPX-FastPT25-S2-130PM","shortputspread","-7,315 put, +7,310 put","SPX","closed",10,0,0.4,0.3,-400,100,0.021739,0.25,4600,"35.31974","0.076782","0.25","0","2026-06-25 13:37:00","2026-06-25 13:33:02","2026-06-25 16:00:00","2026-06-25 13:33:02","2026-06-25 13:37:00","put side",7356.63,7361.52
"IC-SPX-FastPT25-S2-130PM","shortputspread","-7,315 put, +7,310 put","SPX","closed",10,0,0.35,0.45,-350,-100,-0.021505,-0.285714,4650,"30.96379","0.066304","0.05714286","-0.14285714","2026-06-25 13:31:00","2026-06-25 13:33:00","2026-06-25 16:00:00","2026-06-25 13:31:00","2026-06-25 13:33:02","put side",7362.53,7356.63
"IC-SPX-FastPT25-S2-130PM","shortcallspread","-7,400 call, +7,405 call","SPX","closed",10,0,0.35,0.25,-350,100,0.021505,0.285714,4650,"29.16105","0.062712","0.28571429","0","2026-06-25 13:33:00","2026-06-25 13:32:04","2026-06-25 16:00:00","2026-06-25 13:32:04","2026-06-25 13:33:00","call side",7359.53,7356.51
"IC-SPX-FastPT25-S2-130PM","shortcallspread","-7,400 call, +7,405 call","SPX","closed",10,0,0.4,0.3,-400,100,0.021739,0.25,4600,"31.2399","0.067913","0.25","0","2026-06-25 13:32:00","2026-06-25 13:31:02","2026-06-25 16:00:00","2026-06-25 13:31:03","2026-06-25 13:32:00","call side",7362.41,7359.25
"Trendy-Paper-v1","shortputspread","-733 put, +723 put","SPY","closed",1,9,0.71,3.53,-71,-282,-0.303552,-3.971831,929,"2.73179","0.002941","0.33802817","-4.32394366","2026-06-22 10:10:00","2026-06-25 10:00:00","2026-06-26 16:00:00","2026-06-16 09:45:19","2026-06-25 10:00:07",,754.92,730.44
"QQQ-IC-0DTE-Fortress","shortputspread","-703 put, +701 put","QQQ","expired",29,0,0.31,0,-899,899,0.183432,1,4901,"28.15753","0.168608","0.67741935","-1.06451613","2026-06-24 14:26:00","2026-06-24 15:14:00","2026-06-24 16:00:00","2026-06-24 13:31:01","2026-06-24 16:15:00","put side",708.59,710.6
"QQQ-IC-0DTE-Fortress","shortcallspread","-714 call, +716 call","QQQ","expired",29,0,0.31,0,-899,899,0.183432,1,4901,"26.38955","0.157081","0.74193548","-0.64516129","2026-06-24 15:08:00","2026-06-24 14:26:00","2026-06-24 16:00:00","2026-06-24 13:31:03","2026-06-24 16:15:00","call side",708.43,710.6
"IC-SPX-FastPT25-S2","shortputspread","-7,305 put, +7,300 put","SPX","expired",10,0,0.3,0,-300,300,0.06383,1,4700,"29.20193","0.062132","1","-0.9","2026-06-24 14:26:00","2026-06-24 13:32:00","2026-06-24 16:00:00","2026-06-24 13:25:03","2026-06-24 16:15:00","put side",7359.32,7358.22
"60min-ORB-10W-Paper-v1","shortputspread","-7,365 put, +7,355 put","SPX","expired",1,0,0.7,6.78,-70,-608,-0.653763,-8.685714,930,"47.93478","0.051543","0.5","-12.5","2026-06-24 11:30:00","2026-06-24 15:43:00","2026-06-24 16:00:00","2026-06-24 11:15:02","2026-06-24 16:15:00","test a",7413.16,7358.22
"IC-SPX-Fortress-Unstopped","shortcallspread","-7,410 call, +7,415 call","SPX","expired",10,0,0.15,0,-150,150,0.030928,1,4850,"14.53781","0.029975","1","-0.66666667","2026-06-24 14:47:00","2026-06-24 14:26:00","2026-06-24 16:00:00","2026-06-24 13:31:03","2026-06-24 16:15:00","call side",7353.25,7358.22
"QQQ-IC-0DTE-Fortress-NoPT50","shortcallspread","-714 call, +716 call","QQQ","expired",29,0,0.31,0,-899,899,0.183432,1,4901,"26.38955","0.157081","0.74193548","-0.64516129","2026-06-24 15:08:00","2026-06-24 14:26:00","2026-06-24 16:00:00","2026-06-24 13:31:03","2026-06-24 16:15:00","call side",708.43,710.6
"QQQ-IC-0DTE-Fortress-NoPT50","shortputspread","-703 put, +701 put","QQQ","expired",29,0,0.31,0,-899,899,0.183432,1,4901,"28.15753","0.168608","0.67741935","-1.06451613","2026-06-24 14:26:00","2026-06-24 15:14:00","2026-06-24 16:00:00","2026-06-24 13:31:01","2026-06-24 16:15:00","put side",708.59,710.6
"IC-SPX-FastPT25-S2","shortcallspread","-7,415 call, +7,420 call","SPX","expired",10,0,0.2,0,-200,200,0.041667,1,4800,"17.39073","0.03608","1","0.1","2026-06-24 14:03:00","2026-06-24 13:25:04","2026-06-24 16:00:00","2026-06-24 13:25:04","2026-06-24 16:15:00","call side",7358.64,7358.22
"IC-SPX-Fortress-Unstopped","shortputspread","-7,300 put, +7,295 put","SPX","expired",10,0,0.35,0,-350,350,0.075269,1,4650,"31.2161","0.066701","1","-0.71428571","2026-06-24 14:20:00","2026-06-24 13:33:00","2026-06-24 16:00:00","2026-06-24 13:31:01","2026-06-24 16:15:00","put side",7353.28,7358.22
"IC-SPX-Fortress-Defang","shortputspread","-7,300 put, +7,295 put","SPX","closed",10,0,0.35,0.15,-350,200,0.043011,0.571429,4650,"31.2161","0.066701","1","-0.71428571","2026-06-24 14:20:00","2026-06-24 13:33:00","2026-06-24 16:00:00","2026-06-24 13:31:01","2026-06-24 15:11:02","put side",7353.28,7341.39
"IC-SPX-Fortress-Defang","shortcallspread","-7,410 call, +7,415 call","SPX","closed",10,0,0.15,0.05,-150,100,0.020619,0.666667,4850,"14.53781","0.029975","1","-0.66666667","2026-06-24 14:47:00","2026-06-24 14:26:00","2026-06-24 16:00:00","2026-06-24 13:31:03","2026-06-24 15:10:03","call side",7353.25,7340.84
"IC-SPX-FastPT25-S2-130PM","shortputspread","-7,305 put, +7,300 put","SPX","closed",10,0,0.3,0.15,-300,150,0.031915,0.5,4700,"28.66119","0.060981","0.5","-0.06666667","2026-06-24 13:56:00","2026-06-24 13:53:04","2026-06-24 16:00:00","2026-06-24 13:53:04","2026-06-24 13:56:00","put side",7351.07,7357.95
"IC-SPX-FastPT25-S2-130PM","shortputspread","-7,310 put, +7,305 put","SPX","closed",10,0,0.45,0.55,-450,-100,-0.021978,-0.222222,4550,"40.29792","0.088179","0.11111111","0.04444444","2026-06-24 13:51:00","2026-06-24 13:50:04","2026-06-24 16:00:00","2026-06-24 13:50:04","2026-06-24 13:53:03","put side",7352.49,7350.97
"IC-SPX-FastPT25-S2-130PM","shortcallspread","-7,395 call, +7,400 call","SPX","closed",10,0,0.35,0.25,-350,100,0.021505,0.285714,4650,"32.34564","0.069561","0.28571429","0","2026-06-24 13:53:00","2026-06-24 13:50:04","2026-06-24 16:00:00","2026-06-24 13:50:05","2026-06-24 13:53:00","call side",7352.13,7350.19
"IC-SPX-FastPT25-S2-130PM","shortcallspread","-7,395 call, +7,400 call","SPX","closed",10,0,0.3,0.4,-300,-100,-0.021277,-0.333333,4700,"28.35409","0.060328","0.16666667","-0.23333333","2026-06-24 13:46:00","2026-06-24 13:48:00","2026-06-24 16:00:00","2026-06-24 13:45:08","2026-06-24 13:50:03","call side",7348.36,7352.67
"IC-SPX-FastPT25-S2-130PM","shortputspread","-7,305 put, +7,300 put","SPX","closed",10,0,0.4,0.3,-400,100,0.021739,0.25,4600,"37.36096","0.081219","0.25","-0.2","2026-06-24 13:50:00","2026-06-24 13:46:00","2026-06-24 16:00:00","2026-06-24 13:45:07","2026-06-24 13:50:01","put side",7348.45,7352.75
"IC-SPX-FastPT25-S2-130PM","shortputspread","-7,305 put, +7,300 put","SPX","closed",10,0,0.35,0.5,-350,-150,-0.032258,-0.428571,4650,"31.9004","0.068309","0.14285714","-0.28571429","2026-06-24 13:43:04","2026-06-24 13:45:00","2026-06-24 16:00:00","2026-06-24 13:43:04","2026-06-24 13:45:05","put side",7354.09,7348.3
"IC-SPX-FastPT25-S2-130PM","shortcallspread","-7,395 call, +7,400 call","SPX","closed",10,0,0.45,0.3,-450,150,0.032967,0.333333,4550,"37.70913","0.082334","0.33333333","0.11111111","2026-06-24 13:45:00","2026-06-24 13:43:05","2026-06-24 16:00:00","2026-06-24 13:43:05","2026-06-24 13:45:00","call side",7354.06,7347.66
"IC-SPX-FastPT25-S2-130PM","shortcallspread","-7,395 call, +7,400 call","SPX","closed",10,0,0.3,0.5,-300,-200,-0.042553,-0.666667,4700,"28.35294","0.060325","0","-0.5","2026-06-24 13:32:05","2026-06-24 13:35:00","2026-06-24 16:00:00","2026-06-24 13:32:05","2026-06-24 13:43:03","call side",7346.06,7354.98
"IC-SPX-FastPT25-S2-130PM","shortputspread","-7,305 put, +7,300 put","SPX","closed",10,0,0.4,0.3,-400,100,0.021739,0.25,4600,"36.20613","0.078368","0.325","-0.425","2026-06-24 13:43:00","2026-06-24 13:32:00","2026-06-24 16:00:00","2026-06-24 13:31:01","2026-06-24 13:43:00","put side",7353.28,7355.25
"IC-SPX-FastPT25-S2-130PM","shortcallspread","-7,400 call, +7,405 call","SPX","closed",10,0,0.35,0.2,-350,150,0.032258,0.428571,4650,"32.60284","0.070114","0.42857143","0","2026-06-24 13:32:00","2026-06-24 13:31:02","2026-06-24 16:00:00","2026-06-24 13:31:03","2026-06-24 13:32:01","call side",7353.25,7345.74
"IC-SPX-FastPT25-S2","shortcallspread","-7,475 call, +7,480 call","SPX","closed",10,0,0.1,0.05,-100,50,0.010204,0.5,4900,"3.25778","0.006649","1","-0.5","2026-06-24 12:04:00","2026-06-24 11:19:00","2026-06-24 16:00:00","2026-06-24 11:08:03","2026-06-24 13:25:02","call side",7418.15,7359.32
"IC-SPX-FastPT25-S2","shortputspread","-7,360 put, +7,355 put","SPX","closed",10,0,0.25,2.2,-250,-1950,-0.410526,-7.8,4750,"19.32199","0.040678","0.4","-7.8","2026-06-24 11:30:00","2026-06-24 13:25:00","2026-06-24 16:00:00","2026-06-24 11:08:01","2026-06-24 13:25:00","put side",7418.14,7359.88
"3DTE $140-$350","ironcondor","+7,125 put, -7,135 put, -7,660 call, +7,670 call","SPX","closed",1,1,0.55,0.15,-55,40,0.042328,0.727273,945,"45.905684","0.048577","0.81818182","-0.27272727","2026-06-24 11:18:00","2026-06-23 11:27:00","2026-06-26 16:00:00","2026-06-23 10:00:06","2026-06-24 11:30:01","260,60percent",7398.42,7424.66
"3DTE $140-$350","ironcondor","+7,300 put, -7,310 put, -7,800 call, +7,810 call","SPX","expired",1,6,0.35,0,-35,35,0.036269,1,965,"-47.927851","-0.049666","1","-5.42857143","2026-06-22 09:31:00","2026-06-17 15:40:00","2026-06-22 16:00:00","2026-06-16 10:00:04","2026-06-22 16:15:00","240",7551.45,7472.79
"IC-SPX-FastPT25-S2","shortputspread","-7,425 put, +7,420 put","SPX","expired",10,0,0.45,0,-450,450,0.098901,1,4550,"35.34188","0.077335","1","-0.26666667","2026-06-22 14:09:00","2026-06-22 11:20:00","2026-06-22 16:00:00","2026-06-22 11:01:01","2026-06-22 16:15:00","put side",7479.72,7472.79
"3DTE $140-$350","ironcondor","+7,275 put, -7,285 put, -7,670 call, +7,680 call","SPX","expired",1,4,0.4,0,-40,40,0.041667,1,960,"-52.222272","-0.054398","1","-0.075","2026-06-22 09:31:00","2026-06-18 10:13:00","2026-06-22 16:00:00","2026-06-18 10:05:07","2026-06-22 16:15:00","190",7478.63,7472.79
"IC-SPX-FastPT25-S2","shortcallspread","-7,535 call, +7,540 call","SPX","expired",10,0,0.25,0,-250,250,0.052632,1,4750,"14.16044","0.029624","1","0","2026-06-22 12:04:00","2026-06-22 11:02:00","2026-06-22 16:00:00","2026-06-22 11:01:03","2026-06-22 16:15:00","call side",7480.09,7472.79
"60min-ORB-10W-Paper-v1","shortcallspread","-7,535 call, +7,545 call","SPX","expired",1,0,1.2,0,-120,120,0.136364,1,880,"67.45456","0.076392","1","0.025","2026-06-22 13:07:00","2026-06-22 10:30:08","2026-06-22 16:00:00","2026-06-22 10:30:08","2026-06-22 16:15:00","test b",7493.57,7472.79
"QQQ-IC-0DTE-Fortress","shortputspread","-731 put, +729 put","QQQ","expired",26,0,0.08,0,-208,208,0.041667,1,4992,"3.36497","0.017618","1","-0.25","2026-06-22 15:39:00","2026-06-22 13:37:00","2026-06-22 16:00:00","2026-06-22 13:34:01","2026-06-22 16:15:00","put side",736.22,737.95
"QQQ-IC-0DTE-Fortress-NoPT50","shortputspread","-731 put, +729 put","QQQ","expired",26,0,0.08,0,-208,208,0.041667,1,4992,"3.36497","0.017618","1","-0.25","2026-06-22 15:39:00","2026-06-22 13:37:00","2026-06-22 16:00:00","2026-06-22 13:34:01","2026-06-22 16:15:00","put side",736.22,737.95
"IC-SPX-FastPT25-S2-130PM","shortputspread","-7,450 put, +7,445 put","SPX","closed",10,0,0.25,0.3,-250,-50,-0.010526,-0.2,4750,"3.21886","0.006777","0.32","0","2026-06-22 13:58:00","2026-06-22 13:51:04","2026-06-22 16:00:00","2026-06-22 13:51:04","2026-06-22 14:01:03","put side",7477.34,7476.28
"IC-SPX-FastPT25-S2-130PM","shortcallspread","-7,505 call, +7,510 call","SPX","closed",10,0,0.2,0.15,-200,50,0.010417,0.25,4800,"-4.72942","-0.009853","0.35","0","2026-06-22 14:00:00","2026-06-22 13:58:05","2026-06-22 16:00:00","2026-06-22 13:58:05","2026-06-22 14:00:01","call side",7479.39,7475.7
"IC-SPX-FastPT25-S2-130PM","shortcallspread","-7,500 call, +7,505 call","SPX","closed",10,0,0.25,0.5,-250,-250,-0.052632,-1,4750,"-13.52299","-0.028469","0","-1","2026-06-22 13:51:05","2026-06-22 13:55:00","2026-06-22 16:00:00","2026-06-22 13:51:05","2026-06-22 13:58:03","call side",7477.55,7479.44
"IC-SPX-FastPT25-S2-130PM","shortcallspread","-7,495 call, +7,500 call","SPX","closed",10,0,0.35,0.55,-350,-200,-0.043011,-0.571429,4650,"-5.82327","-0.01247","0.05714286","-0.42857143","2026-06-22 13:45:10","2026-06-22 13:50:00","2026-06-22 16:00:00","2026-06-22 13:45:10","2026-06-22 13:51:03","call side",7472.08,7477.16
"IC-SPX-FastPT25-S2-130PM","shortputspread","-7,445 put, +7,440 put","SPX","closed",10,0,0.25,0.15,-250,100,0.021053,0.4,4750,"0.75109","0.001581","0.4","0","2026-06-22 13:51:00","2026-06-22 13:45:09","2026-06-22 16:00:00","2026-06-22 13:45:09","2026-06-22 13:51:00","put side",7472.08,7477.09
"IC-SPX-FastPT25-S2-130PM","shortcallspread","-7,500 call, +7,505 call","SPX","closed",10,0,0.25,0.25,-250,0,0,0,4750,"-4.66734","-0.009826","0.2","-0.08","2026-06-22 13:36:00","2026-06-22 13:35:00","2026-06-22 16:00:00","2026-06-22 13:33:05","2026-06-22 13:45:07","call side",7473.36,7472.06
"IC-SPX-FastPT25-S2-130PM","shortputspread","-7,445 put, +7,440 put","SPX","closed",10,0,0.35,0.25,-350,100,0.021505,0.285714,4650,"8.09829","0.017304","0.28571429","-0.28571429","2026-06-22 13:45:00","2026-06-22 13:37:00","2026-06-22 16:00:00","2026-06-22 13:33:04","2026-06-22 13:45:01","put side",7473.5,7472.36
"IC-SPX-FastPT25-S2-130PM","shortputspread","-7,445 put, +7,440 put","SPX","closed",10,0,0.25,0.35,-250,-100,-0.021053,-0.4,4750,"4.85799","0.010163","0.12","-0.2","2026-06-22 13:31:01","2026-06-22 13:33:00","2026-06-22 16:00:00","2026-06-22 13:31:00","2026-06-22 13:33:03","put side",7476.62,7473.56
"IC-SPX-FastPT25-S2-130PM","shortcallspread","-7,500 call, +7,505 call","SPX","closed",10,0,0.35,0.25,-350,100,0.021505,0.285714,4650,"-3.59965","-0.007741","0.28571429","0.14285714","2026-06-22 13:33:00","2026-06-22 13:32:05","2026-06-22 16:00:00","2026-06-22 13:32:05","2026-06-22 13:33:01","call side",7475.81,7473.54
"IC-SPX-FastPT25-S2-130PM","shortcallspread","-7,505 call, +7,510 call","SPX","closed",10,0,0.2,0.15,-200,50,0.010417,0.25,4800,"-4.84922","-0.010103","0.25","0","2026-06-22 13:32:00","2026-06-22 13:31:03","2026-06-22 16:00:00","2026-06-22 13:31:02","2026-06-22 13:32:00","call side",7476.5,7475.88
"3DTE $140-$350","ironcondor","+7,235 put, -7,245 put, -7,770 call, +7,780 call","SPX","closed",1,5,0.55,0.1,-55,45,0.047619,0.818182,945,"-7.574271","-0.008015","1","-3.18181818","2026-06-17 14:49:00","2026-06-17 14:34:00","2026-06-23 16:00:00","2026-06-17 10:00:07","2026-06-22 10:00:01","260,90 profit",7509.18,7529.1
"Nigiri-Paper-v1","shortputspread","-709 put, +704 put","SPY","closed",10,4,0.11,0.05,-110,60,0.01227,0.545455,4890,"9.05825","0.018562","0.72727273","-0.27272727","2026-06-22 09:31:00","2026-06-18 11:39:00","2026-06-26 16:00:00","2026-06-18 10:45:23","2026-06-22 09:45:14","",746.24,748.16
"QQQ long call","longcallspread","+725 call, -840 call","QQQ","closed",1,14,33.07,44.1,3307,1103,0.333535,0.333535,3307,"-581.60102","-0.175763","0.37738131","-0.30904143","2026-06-22 09:39:00","2026-06-09 12:50:00","2026-09-18 16:00:00","2026-06-08 09:45:05","2026-06-22 09:45:03","",717.37,741.4
"Tasty Condor","ironcondor","+650 put, -665 put, -745 call, +760 call","SPY","expired",1,59,4.19,1.74,-419,245,0.226642,0.584726,1081,"-113.330146","-0.104935","0.7875895","-1.71599045","2026-06-18 15:17:00","2026-06-01 14:59:00","2026-06-18 16:00:00","2026-04-20 10:00:13","2026-06-18 16:15:00","",709.71,746.74
"IC-SPX-FastPT25-S2","shortcallspread","-7,530 call, +7,535 call","SPX","expired",10,0,0.15,0,-150,150,0.030928,1,4850,"11.27726","0.023252","1","-3","2026-06-18 14:37:00","2026-06-18 13:18:00","2026-06-18 16:00:00","2026-06-18 11:39:01","2026-06-18 16:15:00","call side",7473.23,7500.58
"IC-SPX-FastPT25-S2","shortputspread","-7,420 put, +7,415 put","SPX","expired",10,0,0.35,0,-350,350,0.075269,1,4650,"27.19146","0.058101","1","0.08571429","2026-06-18 13:09:00","2026-06-18 11:39:00","2026-06-18 16:00:00","2026-06-18 11:39:00","2026-06-18 16:15:00","put side",7474.05,7500.58
"Nigiri-Paper-v1","shortputspread","-724 put, +719 put","SPY","closed",10,2,0.09,0.08,-90,10,0.002037,0.111111,4910,"5.81317","0.011864","0.33333333","-6","2026-06-18 10:40:00","2026-06-17 15:41:00","2026-06-22 16:00:00","2026-06-16 09:45:26","2026-06-18 10:45:12","",754.87,746.25
"QQQ-IC-0DTE-Fortress-NoPT50","shortcallspread","-738 call, +740 call","QQQ","expired",29,0,0.31,0,-899,899,0.183432,1,4901,"27.93756","0.166295","1","-0.5483871","2026-06-17 15:33:00","2026-06-17 14:45:00","2026-06-17 16:00:00","2026-06-17 13:31:01","2026-06-17 16:15:00","call side",732.31,722.51
"QQQ-IC-0DTE-Fortress","shortputspread","-727 put, +725 put","QQQ","expired",29,0,0.32,2,-928,-4872,-1,-5.25,4872,"27.95502","0.167395","0.5625","-5.8125","2026-06-17 14:45:00","2026-06-17 15:59:00","2026-06-17 16:00:00","2026-06-17 13:31:00","2026-06-17 16:15:00","put side",732.32,722.51
"QQQ-IC-0DTE-Fortress-NoPT50","shortputspread","-727 put, +725 put","QQQ","expired",29,0,0.32,2,-928,-4872,-1,-5.25,4872,"27.95502","0.167395","0.5625","-5.8125","2026-06-17 14:45:00","2026-06-17 15:59:00","2026-06-17 16:00:00","2026-06-17 13:31:00","2026-06-17 16:15:00","put side",732.32,722.51
"QQQ-IC-0DTE-Fortress","shortcallspread","-738 call, +740 call","QQQ","expired",29,0,0.31,0,-899,899,0.183432,1,4901,"27.93756","0.166295","1","-0.5483871","2026-06-17 15:33:00","2026-06-17 14:45:00","2026-06-17 16:00:00","2026-06-17 13:31:01","2026-06-17 16:15:00","call side",732.31,722.51
"Weekly-IB-SPY-Paper-v1","ironbutterfly","+701 put, -736 put, -736 call, +758 call","SPY","expired",1,7,14.07,4.96,-1407,911,0.43526,0.647477,2093,"383.850856","0.183485","0.72494669","-0.35110163","2026-06-17 15:53:00","2026-06-15 12:06:00","2026-06-17 16:00:00","2026-06-10 10:00:18","2026-06-17 16:15:00",,735.77,740.96
"60min-ORB-10W-Paper-v1","shortcallspread","-7,565 call, +7,575 call","SPX","expired",1,0,1.8,0,-180,180,0.219512,1,820,"37.44392","0.045663","1","-0.31666667","2026-06-16 14:51:00","2026-06-16 10:41:00","2026-06-16 16:00:00","2026-06-16 10:30:09","2026-06-16 16:15:00","test b",7540.33,7511.35
"IC-SPX-FastPT25-S2","shortputspread","-7,485 put, +7,480 put","SPX","expired",10,0,0.3,0,-300,300,0.06383,1,4700,"20.22599","0.042761","1","0","2026-06-16 14:19:00","2026-06-16 11:01:05","2026-06-16 16:00:00","2026-06-16 11:01:04","2026-06-16 16:15:00","put side",7540.34,7511.35
"IC-SPX-FastPT25-S2","shortcallspread","-7,595 call, +7,600 call","SPX","expired",10,0,0.1,0,-100,100,0.020408,1,4900,"0.63042","0.001281","1","-0.3","2026-06-16 11:47:00","2026-06-16 11:03:00","2026-06-16 16:00:00","2026-06-16 11:01:09","2026-06-16 16:15:00","call side",7540.1,7511.35
"Weekly-IB-SPY-Paper-v1","ironbutterfly","+720 put, -745 put, -745 call, +761 call","SPY","expired",1,7,10.35,5.33,-1035,502,0.342662,0.485024,1465,"-0.15562","-0.000106","0.46859903","-0.56328502","2026-06-16 15:17:00","2026-06-09 12:40:00","2026-06-16 16:00:00","2026-06-09 09:45:32","2026-06-16 16:15:00",,745.45,750.33
"Nigiri-Paper-v1","shortputspread","-722 put, +717 put","SPY","closed",10,1,0.11,0.09,-110,20,0.00409,0.181818,4890,"7.03402","0.014414","0.27272727","-0.18181818","2026-06-15 12:59:00","2026-06-15 10:14:00","2026-06-22 16:00:00","2026-06-15 09:45:26","2026-06-16 09:45:14","",753.02,754.88
"3DTE $140-$350","ironcondor","+7,040 put, -7,050 put, -7,695 call, +7,705 call","SPX","expired",1,5,0.45,0,-45,45,0.04712,1,955,"39.285053","0.041007","1","-1.51111111","2026-06-10 11:51:00","2026-06-11 11:02:00","2026-06-15 16:00:00","2026-06-10 10:00:08","2026-06-15 16:15:00","320",7370.6,7554.29
"Weekly-IB-SPY-Paper-v1","ironbutterfly","+714 put, -743 put, -743 call, +760 call","SPY","expired",1,7,11.44,11.83,-1144,-39,-0.02221,-0.034091,1756,"66.225533","0.037735","0.46590909","-0.47027972","2026-06-12 15:57:00","2026-06-09 12:40:00","2026-06-15 16:00:00","2026-06-08 09:45:17","2026-06-15 16:15:00",,742.75,754.83
"Trendy-Paper-v1","shortputspread","-730 put, +720 put","SPY","closed",1,10,0.77,0.02,-77,75,0.081257,0.974026,923,"56.22272","0.060913","0.98701299","-4.96103896","2026-06-15 09:31:00","2026-06-09 12:40:00","2026-06-15 16:00:00","2026-06-05 10:00:13","2026-06-15 09:45:15",,748.73,753
"Trendy-Paper-v1","shortcallspread","-731 call, +739 call","SPY","closed",1,6,3.58,7.93,-358,-435,-0.984163,-1.215084,442,"112.39825","0.254871","0.33798883","-1.23743017","2026-06-11 13:23:00","2026-06-15 09:40:00","2026-06-15 16:00:00","2026-06-09 12:00:02","2026-06-15 09:45:02",,729.08,752.88
"Friday 14 DTE Broken Wing IB (B-70)","ironbutterfly","+7,280 put, -7,340 put, -7,340 call, +7,380 call","SPX","closed",1,3,42.95,41.1,-4295,185,0.108504,0.043073,1705,"40.19254","0.023573","0.20605355","-0.07217695","2026-06-12 10:53:00","2026-06-12 11:36:00","2026-06-26 16:00:00","2026-06-12 10:30:02","2026-06-15 09:45:01","14 dte",7408.89,7539.88
"3DTE $140-$350","ironcondor","+7,165 put, -7,175 put, -7,620 call, +7,630 call","SPX","closed",1,3,0.55,0.15,-55,40,0.042328,0.727273,945,"33.439261","0.035311","0.87272727","-0.07272727","2026-06-12 15:57:00","2026-06-12 10:53:00","2026-06-15 16:00:00","2026-06-12 10:05:03","2026-06-15 09:45:01","220,60percent",7399.99,7539.88
"QQQ-IC-0DTE-Fortress-NoPT50","shortputspread","-717 put, +715 put","QQQ","expired",27,0,0.16,0,-432,432,0.086957,1,4968,"14.07685","0.076923","1","-0.4375","2026-06-12 15:52:00","2026-06-12 14:18:00","2026-06-12 16:00:00","2026-06-12 13:33:00","2026-06-12 16:15:00","put side",722.42,721.34
"60min-ORB-10W-Paper-v1","shortputspread","-7,360 put, +7,350 put","SPX","expired",1,0,2.7,0,-270,270,0.369863,1,730,"199.05285","0.272675","1","-0.12962963","2026-06-12 14:43:00","2026-06-12 10:49:00","2026-06-12 16:00:00","2026-06-12 10:45:02","2026-06-12 16:15:00","test a",7392.18,7431.46
"IC-SPX-Fortress-Unstopped","shortcallspread","-7,485 call, +7,490 call","SPX","expired",10,0,0.25,0,-250,250,0.052632,1,4750,"22.71111","0.047612","1","0","2026-06-12 15:00:00","2026-06-12 13:32:00","2026-06-12 16:00:00","2026-06-12 13:31:02","2026-06-12 16:15:00","call side",7430.42,7431.46
"QQQ-IC-0DTE-Fortress","shortcallspread","-728 call, +730 call","QQQ","expired",26,0,0.13,0,-338,338,0.069519,1,4862,"11.46866","0.061659","1","-0.23076923","2026-06-12 15:30:00","2026-06-12 13:43:00","2026-06-12 16:00:00","2026-06-12 13:33:02","2026-06-12 16:15:00","call side",722.59,721.34
"QQQ-IC-0DTE-Fortress-NoPT50","shortcallspread","-728 call, +730 call","QQQ","expired",26,0,0.13,0,-338,338,0.069519,1,4862,"11.46866","0.061659","1","-0.23076923","2026-06-12 15:30:00","2026-06-12 13:43:00","2026-06-12 16:00:00","2026-06-12 13:33:02","2026-06-12 16:15:00","call side",722.59,721.34
"IC-SPX-FastPT25-S2","shortputspread","-7,385 put, +7,380 put","SPX","expired",11,0,0.85,0,-935,935,0.204819,1,4565,"80.87369","0.194876","1","-1.17647059","2026-06-12 15:26:00","2026-06-12 12:06:00","2026-06-12 16:00:00","2026-06-12 11:01:01","2026-06-12 16:15:00","put side",7441.66,7431.46
"Weekly-IB-SPY-Paper-v1","ironbutterfly","+729 put, -750 put, -750 call, +766 call","SPY","expired",1,7,9.49,8.25,-949,124,0.107732,0.130664,1151,"179.012628","0.155799","0.32771338","-0.96311907","2026-06-12 11:28:00","2026-06-11 13:26:00","2026-06-12 16:00:00","2026-06-05 09:45:27","2026-06-12 16:15:00",,750.45,741.75
"Nigiri-Paper-v1","shortputspread","-719 put, +714 put","SPY","expired",10,8,0.09,0,-90,90,0.01833,1,4910,"9.90223","0.020209","1","-15.66666667","2026-06-12 13:02:00","2026-06-09 12:41:00","2026-06-12 16:00:00","2026-06-04 10:00:38","2026-06-12 16:15:00","",753.24,741.75
"IC-SPX-Fortress-Unstopped","shortputspread","-7,375 put, +7,370 put","SPX","expired",10,0,0.25,0,-250,250,0.052632,1,4750,"24.77285","0.052153","1","-0.2","2026-06-12 14:46:00","2026-06-12 13:33:00","2026-06-12 16:00:00","2026-06-12 13:31:01","2026-06-12 16:15:00","put side",7430.34,7431.46
"QQQ-IC-0DTE-Fortress","shortputspread","-717 put, +715 put","QQQ","expired",27,0,0.16,0,-432,432,0.086957,1,4968,"14.07685","0.076923","1","-0.4375","2026-06-12 15:52:00","2026-06-12 14:18:00","2026-06-12 16:00:00","2026-06-12 13:33:00","2026-06-12 16:15:00","put side",722.42,721.34
"IC-SPX-FastPT25-S2","shortcallspread","-7,495 call, +7,500 call","SPX","expired",11,0,0.85,0,-935,935,0.204819,1,4565,"79.772","0.192222","1","-0.17647059","2026-06-12 14:07:00","2026-06-12 11:25:00","2026-06-12 16:00:00","2026-06-12 11:01:02","2026-06-12 16:15:00","call side",7440.08,7431.46
"IC-SPX-Fortress-Defang","shortputspread","-7,375 put, +7,370 put","SPX","closed",10,0,0.25,0.1,-250,150,0.031579,0.6,4750,"24.77285","0.052153","1","-0.2","2026-06-12 14:46:00","2026-06-12 13:33:00","2026-06-12 16:00:00","2026-06-12 13:31:01","2026-06-12 15:31:02","put side",7430.34,7424.51
"IC-SPX-Fortress-Defang","shortcallspread","-7,485 call, +7,490 call","SPX","closed",10,0,0.25,0.05,-250,200,0.042105,0.8,4750,"22.71111","0.047612","1","0","2026-06-12 15:00:00","2026-06-12 13:32:00","2026-06-12 16:00:00","2026-06-12 13:31:02","2026-06-12 15:30:09","call side",7430.42,7426.69
"3DTE $140-$350","ironcondor","+6,990 put, -7,000 put, -7,625 call, +7,635 call","SPX","closed",1,1,0.55,0.15,-55,40,0.042328,0.727273,945,"45.364606","0.047853","1","-2.27272727","2026-06-11 13:29:00","2026-06-11 10:56:00","2026-06-16 16:00:00","2026-06-11 10:00:11","2026-06-12 15:15:02","310,60percent",7310.09,7426.81
"3DTE $140-$350","ironcondor","+7,225 put, -7,235 put, -7,680 call, +7,690 call","SPX","closed",1,3,0.55,0.1,-55,45,0.047619,0.818182,945,"40.708577","0.042851","0.96363636","-6.41818182","2026-06-12 10:58:00","2026-06-09 12:45:00","2026-06-12 16:00:00","2026-06-09 10:00:07","2026-06-12 11:00:01","220,60percent,90 profit",7454.07,7437.06
"IC-SPX-FastPT25-S2","shortputspread","-7,255 put, +7,250 put","SPX","closed",11,0,0.55,0.1,-605,495,0.101124,0.818182,4895,"51.87259","0.115787","0.96363636","0.05454545","2026-06-11 13:43:00","2026-06-11 13:29:02","2026-06-11 16:00:00","2026-06-11 13:29:02","2026-06-11 13:43:02","put side",7309.94,7368.61
"IC-SPX-FastPT25-S2","shortcallspread","-7,365 call, +7,370 call","SPX","closed",11,0,1.25,2.8,-1375,-1705,-0.413333,-1.24,4125,"21.90722","0.045831","0.824","-1.04","2026-06-11 13:29:03","2026-06-11 13:42:00","2026-06-11 16:00:00","2026-06-11 13:29:03","2026-06-11 13:43:00","call side",7308.2,7368.54
"IC-SPX-FastPT25-S2","shortputspread","-7,210 put, +7,205 put","SPX","closed",12,0,1.05,0.3,-1260,900,0.189873,0.714286,4740,"101.00633","0.255712","1","0.0952381","2026-06-11 13:29:00","2026-06-11 11:01:00","2026-06-11 16:00:00","2026-06-11 11:01:00","2026-06-11 13:29:01","put side",7263.02,7309.94
"IC-SPX-FastPT25-S2","shortcallspread","-7,315 call, +7,320 call","SPX","closed",12,0,1.05,7.5,-1260,-7740,-1.632911,-6.142857,4740,"100.39215","0.254157","0.45714286","-1.33333333","2026-06-11 13:23:00","2026-06-11 12:16:00","2026-06-11 16:00:00","2026-06-11 11:01:01","2026-06-11 13:29:00","call side",7262.79,7313.56
"3DTE $140-$350","ironcondor","+7,280 put, -7,290 put, -7,715 call, +7,725 call","SPX","expired",1,5,0.6,10,-60,-940,-1,-15.666667,940,"49.668112","0.052838","1","-14","2026-06-05 13:13:00","2026-06-10 15:58:00","2026-06-10 16:00:00","2026-06-05 10:00:07","2026-06-10 16:15:00","210",7500.6,7266.99
"IC-SPX-FastPT25-S2","shortcallspread","-7,390 call, +7,395 call","SPX","closed",12,0,1,0.05,-1200,1140,0.2375,0.95,4800,"97.99149","0.244979","1","-0.4","2026-06-10 13:40:00","2026-06-10 11:02:00","2026-06-10 16:00:00","2026-06-10 11:01:02","2026-06-10 15:16:01","call side",7334.94,7279.73
"IC-SPX-FastPT25-S2","shortputspread","-7,280 put, +7,275 put","SPX","closed",12,0,0.95,2.3,-1140,-1620,-0.333333,-1.421053,4860,"93.09795","0.229871","0.57894737","-1.26315789","2026-06-10 14:05:00","2026-06-10 15:16:00","2026-06-10 16:00:00","2026-06-10 11:01:00","2026-06-10 15:16:00","put side",7335.02,7279.58
"Weekly-IB-SPY-Paper-v1","ironbutterfly","+731 put, -752 put, -752 call, +767 call","SPY","closed",1,6,9.09,13.85,-909,-476,-0.399664,-0.523652,1191,"120.246155","0.101132","0.1540154","-1.02750275","2026-06-09 09:51:00","2026-06-09 12:40:00","2026-06-11 16:00:00","2026-06-04 09:45:48","2026-06-10 09:45:12",,751.79,736.28
"IC-SPX-Fortress-Unstopped","shortcallspread","-7,410 call, +7,415 call","SPX","expired",10,0,0.25,0,-250,250,0.052632,1,4750,"24.29606","0.05115","1","-2.08","2026-06-09 15:35:00","2026-06-09 15:05:00","2026-06-09 16:00:00","2026-06-09 14:19:02","2026-06-09 16:15:00","call side",7354.07,7386.65
"IC-SPX-FastPT25-S2","shortputspread","-7,300 put, +7,295 put","SPX","expired",10,0,0.35,0,-350,350,0.075269,1,4650,"31.1634","0.066588","1","-0.08571429","2026-06-09 15:00:00","2026-06-09 15:17:00","2026-06-09 16:00:00","2026-06-09 14:19:00","2026-06-09 16:15:00","put side",7354,7386.65
"IC-SPX-Fortress-Unstopped","shortputspread","-7,300 put, +7,295 put","SPX","expired",10,0,0.35,0,-350,350,0.075269,1,4650,"31.1634","0.066588","1","-0.08571429","2026-06-09 15:00:00","2026-06-09 15:17:00","2026-06-09 16:00:00","2026-06-09 14:19:00","2026-06-09 16:15:00","put side",7354,7386.65
"3DTE $140-$350","ironcondor","+7,345 put, -7,355 put, -7,740 call, +7,750 call","SPX","expired",1,5,0.45,0,-45,45,0.04712,1,955,"22.151218","0.023195","1","-24.44444444","2026-06-09 15:57:00","2026-06-09 12:54:00","2026-06-09 16:00:00","2026-06-04 10:00:32","2026-06-09 16:15:00","190",7546.17,7386.65
"IC-SPX-FastPT25-S2","shortcallspread","-7,410 call, +7,415 call","SPX","expired",10,0,0.25,0,-250,250,0.052632,1,4750,"24.29606","0.05115","1","-2.08","2026-06-09 15:35:00","2026-06-09 15:05:00","2026-06-09 16:00:00","2026-06-09 14:19:02","2026-06-09 16:15:00","call side",7354.07,7386.65
"IC-SPX-Fortress-Defang","shortputspread","-7,300 put, +7,295 put","SPX","closed",10,0,0.35,0.2,-350,150,0.032258,0.428571,4650,"31.1634","0.066588","1","-0.08571429","2026-06-09 15:00:00","2026-06-09 15:17:00","2026-06-09 16:00:00","2026-06-09 14:19:00","2026-06-09 15:44:02","put side",7354,7345.61
"IC-SPX-Fortress-Defang","shortcallspread","-7,410 call, +7,415 call","SPX","closed",10,0,0.25,0.05,-250,200,0.042105,0.8,4750,"24.29606","0.05115","1","-2.08","2026-06-09 15:35:00","2026-06-09 15:05:00","2026-06-09 16:00:00","2026-06-09 14:19:02","2026-06-09 15:43:03","call side",7354.07,7350.73
"IC-SPX-FastPT25-S2","shortcallspread","-7,445 call, +7,450 call","SPX","closed",11,0,0.65,0.15,-715,550,0.114943,0.769231,4785,"59.79623","0.136521","0.84615385","0.03076923","2026-06-09 11:27:00","2026-06-09 11:11:00","2026-06-09 16:00:00","2026-06-09 11:01:02","2026-06-09 11:29:01","call side",7389.83,7329.01
"IC-SPX-FastPT25-S2","shortputspread","-7,335 put, +7,330 put","SPX","closed",11,0,0.65,2.7,-715,-2255,-0.471264,-3.153846,4785,"62.92422","0.144653","0.23076923","-2.76923077","2026-06-09 11:11:00","2026-06-09 11:29:00","2026-06-09 16:00:00","2026-06-09 11:01:00","2026-06-09 11:29:00","put side",7390.18,7328.17
"Weekly-IB-SPY-Paper-v1","ironbutterfly","+736 put, -757 put, -757 call, +771 call","SPY","closed",1,6,8.77,11.34,-877,-257,-0.210139,-0.293044,1223,"85.079049","0.06968","0.18700114","-0.78677309","2026-06-04 15:50:00","2026-06-08 15:28:00","2026-06-10 16:00:00","2026-06-03 10:15:29","2026-06-09 09:45:02",,756.84,745.38
"3DTE $140-$350","ironcondor","+7,160 put, -7,170 put, -7,675 call, +7,685 call","SPX","closed",1,1,0.55,0.15,-55,40,0.042328,0.727273,945,"51.361555","0.054351","0.81818182","-0.09090909","2026-06-09 09:37:00","2026-06-08 10:00:05","2026-06-11 16:00:00","2026-06-08 10:00:05","2026-06-09 09:45:02","250,60percent",7421.79,7467.42
"IC-SPX-Fortress-Unstopped","shortcallspread","-7,485 call, +7,490 call","SPX","expired",10,0,0.1,0,-100,100,0.020408,1,4900,"9.9","0.020204","1","0","2026-06-08 13:45:00","2026-06-08 13:32:04","2026-06-08 16:00:00","2026-06-08 13:32:04","2026-06-08 16:15:00","call side",7431.26,7405.73
"60min-ORB-10W-Paper-v1","shortputspread","-7,420 put, +7,410 put","SPX","expired",1,0,1.1,10,-110,-890,-1,-8.090909,890,"90.51512","0.101361","0.22727273","-7.95454545","2026-06-08 11:25:00","2026-06-08 15:58:00","2026-06-08 16:00:00","2026-06-08 11:00:02","2026-06-08 16:15:00","test a",7463.24,7405.73
"IC-SPX-FastPT25-S2","shortputspread","-7,380 put, +7,375 put","SPX","expired",10,0,0.5,0,-500,500,0.111111,1,4500,"48.34866","0.107441","1","-0.8","2026-06-08 15:47:00","2026-06-08 15:26:00","2026-06-08 16:00:00","2026-06-08 11:34:03","2026-06-08 16:15:00","put side",7434.77,7405.73
"IC-SPX-FastPT25-S2","shortcallspread","-7,490 call, +7,495 call","SPX","expired",10,0,0.35,0,-350,350,0.075269,1,4650,"32.91013","0.070774","1","-0.62857143","2026-06-08 13:26:00","2026-06-08 11:48:00","2026-06-08 16:00:00","2026-06-08 11:33:03","2026-06-08 16:15:00","call side",7436.36,7405.73
"3DTE $140-$350","ironcondor","+7,380 put, -7,390 put, -7,775 call, +7,785 call","SPX","expired",1,5,0.45,0,-45,45,0.04712,1,955,"22.95882","0.024041","1","-9.55555556","2026-06-08 15:58:00","2026-06-05 15:18:00","2026-06-08 16:00:00","2026-06-03 10:05:01","2026-06-08 16:15:00","190",7580.73,7405.73
"IC-SPX-Fortress-Unstopped","shortputspread","-7,380 put, +7,375 put","SPX","expired",10,0,0.15,0,-150,150,0.030928,1,4850,"14.95665","0.030838","1","-5","2026-06-08 15:47:00","2026-06-08 15:26:00","2026-06-08 16:00:00","2026-06-08 13:31:01","2026-06-08 16:15:00","put side",7437.05,7405.73
"IC-SPX-Fortress-Defang","shortputspread","-7,380 put, +7,375 put","SPX","closed",10,0,0.15,0.15,-150,0,0,0,4850,"14.95665","0.030838","0.86666667","-1.66666667","2026-06-08 14:31:00","2026-06-08 13:45:00","2026-06-08 16:00:00","2026-06-08 13:31:01","2026-06-08 15:09:01","put side",7437.05,7418.15
"IC-SPX-Fortress-Defang","shortcallspread","-7,485 call, +7,490 call","SPX","closed",10,0,0.1,0.05,-100,50,0.010204,0.5,4900,"9.9","0.020204","1","0","2026-06-08 13:45:00","2026-06-08 13:32:06","2026-06-08 16:00:00","2026-06-08 13:32:06","2026-06-08 15:08:02","call side",7431.36,7420.93
"IC-SPX-FastPT25-S2","shortputspread","-7,385 put, +7,380 put","SPX","closed",11,0,0.55,0.6,-605,-55,-0.011236,-0.090909,4895,"53.01807","0.119142","0.14545455","-0.09090909","2026-06-08 11:32:00","2026-06-08 11:33:00","2026-06-08 16:00:00","2026-06-08 11:31:01","2026-06-08 11:33:02","put side",7438.83,7436.44
"Weekly-IB-SPY-Paper-v1","ironbutterfly","+737 put, -757 put, -757 call, +771 call","SPY","closed",1,6,8.66,13.18,-866,-452,-0.398589,-0.52194,1134,"50.344556","0.044474","0.27713626","-0.77713626","2026-06-04 15:57:00","2026-06-05 15:21:00","2026-06-09 16:00:00","2026-06-02 09:45:28","2026-06-08 09:45:13",,757.46,742.74
"Weekly-IB-SPY-Paper-v1","ironbutterfly","+735 put, -756 put, -756 call, +770 call","SPY","closed",1,7,8.73,13.05,-873,-432,-0.352078,-0.494845,1227,"33.048058","0.026934","0.36769759","-0.8327606","2026-06-04 15:56:00","2026-06-05 15:18:00","2026-06-08 16:00:00","2026-06-01 09:45:26","2026-06-08 09:45:12",,756.29,742.74
"IC-SPX-FastPT25-S2","shortcallspread","-7,590 call, +7,595 call","SPX","closed",10,0,0.35,0.1,-350,250,0.053763,0.714286,4650,"32.47524","0.06954","1","-0.28571429","2026-06-05 11:13:00","2026-06-05 09:33:00","2026-06-05 16:00:00","2026-06-05 09:31:03","2026-06-05 12:01:02","call side",7532.72,7474.1
"IC-SPX-FastPT25-S2","shortputspread","-7,475 put, +7,470 put","SPX","closed",10,0,0.35,2.4,-350,-2050,-0.44086,-5.857143,4650,"34.59399","0.074396","0.37142857","-5.28571429","2026-06-05 09:36:00","2026-06-05 12:01:00","2026-06-05 16:00:00","2026-06-05 09:31:01","2026-06-05 12:01:00","put side",7533.28,7474.27
"Trendy-Paper-v1","shortputspread","-737 put, +727 put","SPY","closed",1,3,0.66,0.92,-66,-26,-0.027837,-0.393939,934,"46.62119","0.049916","0.51515152","-0.37878788","2026-06-04 15:33:00","2026-06-05 09:45:00","2026-06-12 16:00:00","2026-06-02 09:45:14","2026-06-05 09:45:19",,757.3,750.37
"IC-SPX-FastPT25-S2","shortputspread","-7,475 put, +7,470 put","SPX","closed",10,0,0.35,0.05,-350,300,0.064516,0.857143,4650,"34.09472","0.073322","1","-0.08571429","2026-06-04 10:57:00","2026-06-04 09:46:00","2026-06-04 16:00:00","2026-06-04 09:31:01","2026-06-04 13:27:03","put side",7529.54,7585.29
"IC-SPX-FastPT25-S2","shortcallspread","-7,585 call, +7,590 call","SPX","closed",10,0,0.4,2.3,-400,-1900,-0.413043,-4.75,4600,"39.23215","0.085287","0.375","-4.5","2026-06-04 10:06:00","2026-06-04 13:02:00","2026-06-04 16:00:00","2026-06-04 09:31:02","2026-06-04 13:27:01","call side",7529.02,7585.39
"3DTE $140-$350","ironcondor","+7,410 put, -7,420 put, -7,765 call, +7,775 call","SPX","closed",1,2,0.5,0.15,-50,35,0.036842,0.7,950,"36.250853","0.038079","0.8","-0.34","2026-06-04 11:13:00","2026-06-03 12:44:00","2026-06-05 16:00:00","2026-06-02 10:05:09","2026-06-04 11:45:02","170,60percent",7594.96,7567.17
"Nigiri-Paper-v1","shortputspread","-738 put, +733 put","SPY","closed",10,1,0.11,0.07,-110,40,0.00818,0.363636,4890,"11.96001","0.024508","0.54545455","-0.54545455","2026-06-04 09:59:00","2026-06-03 09:49:00","2026-06-05 16:00:00","2026-06-03 09:45:28","2026-06-04 10:00:13","",756.51,753.37
"Nigiri-Paper-v1","shortputspread","-738 put, +733 put","SPY","closed",10,1,0.11,0.1,-110,10,0.002045,0.090909,4890,"11.96001","0.024508","0.36363636","-0.54545455","2026-06-03 14:25:00","2026-06-03 09:49:00","2026-06-05 16:00:00","2026-06-03 09:45:28","2026-06-04 09:45:14","",756.51,751.87
"IC-SPX-FastPT25-S2","shortputspread","-7,545 put, +7,540 put","SPX","expired",10,0,0.2,0,-200,200,0.041667,1,4800,"17.38715","0.036073","1","-6.5","2026-06-03 14:26:00","2026-06-03 12:42:00","2026-06-03 16:00:00","2026-06-03 09:34:02","2026-06-03 16:15:00","put side",7601.62,7553.68
"IC-SPX-FastPT25-S2","shortcallspread","-7,660 call, +7,665 call","SPX","expired",10,0,0.1,0,-100,100,0.020408,1,4900,"7.57584","0.015398","1","0.2","2026-06-03 09:47:00","2026-06-03 09:34:03","2026-06-03 16:00:00","2026-06-03 09:34:03","2026-06-03 16:15:00","call side",7600.76,7553.68
"Nigiri-Paper-v1","shortputspread","-735 put, +730 put","SPY","closed",10,1,0.08,0.04,-80,40,0.00813,0.5,4920,"8.93025","0.018188","1","-0.25","2026-06-02 10:00:00","2026-06-02 09:48:00","2026-06-05 16:00:00","2026-06-02 09:45:28","2026-06-03 09:45:02","",757.46,756.51
"IC-SPX-FastPT25-S2","shortputspread","-7,545 put, +7,540 put","SPX","closed",10,0,0.25,0.25,-250,0,0,0,4750,"22.37878","0.046916","0.32","0.08","2026-06-03 09:33:00","2026-06-03 09:31:01","2026-06-03 16:00:00","2026-06-03 09:31:01","2026-06-03 09:34:01","put side",7601.77,7601.62
"IC-SPX-FastPT25-S2","shortputspread","-7,530 put, +7,525 put","SPX","expired",10,0,0.25,0,-250,250,0.052632,1,4750,"24.15354","0.05085","1","0","2026-06-02 11:15:00","2026-06-02 09:31:01","2026-06-02 16:00:00","2026-06-02 09:31:00","2026-06-02 16:15:00","put side",7586.72,7609.78
"60min-ORB-10W-Paper-v1","shortputspread","-7,580 put, +7,570 put","SPX","expired",1,0,0.9,0,-90,90,0.098901,1,910,"41.53378","0.045492","1","0","2026-06-02 14:58:00","2026-06-02 10:45:02","2026-06-02 16:00:00","2026-06-02 10:45:02","2026-06-02 16:15:00","test a",7606.18,7609.78
"IC-SPX-FastPT25-S2","shortcallspread","-7,645 call, +7,650 call","SPX","expired",10,0,0.1,0,-100,100,0.020408,1,4900,"9.26523","0.018909","1","-3","2026-06-02 13:27:00","2026-06-02 11:22:00","2026-06-02 16:00:00","2026-06-02 09:31:02","2026-06-02 16:15:00","call side",7586.92,7609.78
"3DTE $140-$350","ironcondor","+7,380 put, -7,390 put, -7,755 call, +7,765 call","SPX","closed",1,1,0.5,0.15,-50,35,0.036842,0.7,950,"38.333868","0.040224","0.76","0.06","2026-06-02 10:45:00","2026-06-01 10:05:02","2026-06-04 16:00:00","2026-06-01 10:05:01","2026-06-02 10:45:01","180,60percent",7573.65,7606.18
"Nigiri-Paper-v1","shortputspread","-730 put, +725 put","SPY","closed",10,1,0.08,0.07,-80,10,0.002033,0.125,4920,"8.93062","0.018189","0.5","-0.5","2026-06-01 15:02:00","2026-06-01 10:00:00","2026-06-05 16:00:00","2026-06-01 09:45:26","2026-06-02 09:45:13","",756.29,757.4
"IC-SPX-FastPT25-S2","shortcallspread","-7,620 call, +7,625 call","SPX","expired",10,0,0.35,0,-350,350,0.075269,1,4650,"30.68371","0.065563","1","-3.62857143","2026-06-01 15:49:00","2026-06-01 13:48:00","2026-06-01 16:00:00","2026-06-01 09:31:02","2026-06-01 16:15:00","call side",7564.85,7599.96
"IC-SPX-FastPT25-S2","shortputspread","-7,510 put, +7,505 put","SPX","expired",10,0,0.4,0,-400,400,0.086957,1,4600,"38.60717","0.083929","1","0","2026-06-01 11:37:00","2026-06-01 09:31:01","2026-06-01 16:00:00","2026-06-01 09:31:01","2026-06-01 16:15:00","put side",7564.34,7599.96
"60min-ORB-10W-Paper-v1","shortputspread","-7,560 put, +7,550 put","SPX","expired",1,0,0.75,0,-75,75,0.081081,1,925,"36.19894","0.039134","1","-0.82666667","2026-06-01 14:25:00","2026-06-01 12:19:00","2026-06-01 16:00:00","2026-06-01 12:00:01","2026-06-01 16:15:00","test a",7583.93,7599.96
"QQQ long call","longcallspread","+720 call, -825 call","QQQ","closed",1,21,29.25,41.84,2925,1259,0.430427,0.430427,2925,"-760.25396","-0.260005","0.4382906","-0.30188034","2026-06-01 12:42:00","2026-05-19 10:22:00","2026-08-21 16:00:00","2026-05-11 09:45:03","2026-06-01 12:45:01","",712.6,741.55
"QQQ long call","longcallspread","+715 call, -820 call","QQQ","closed",1,14,28.97,43.28,2897,1431,0.493959,0.493959,2897,"-817.4808","-0.282767","0.49395927","-0.22160856","2026-06-01 11:00:00","2026-05-19 10:22:00","2026-08-21 16:00:00","2026-05-18 09:45:07","2026-06-01 11:00:01","",707.36,739.47
"Weekly-IB-SPY-Paper-v1","ironbutterfly","+717 put, -740 put, -740 call, +755 call","SPY","expired",1,11,9.65,15,-965,-535,-0.400749,-0.554404,1335,"63.364406","0.0475","0.05284974","-0.07564767","2026-05-21 13:11:00","2026-05-22 13:30:00","2026-05-28 16:00:00","2026-05-21 10:00:18","2026-05-31 21:51:29",,739.8,756.48
"Nigiri-Paper-v1","shortputspread","-716 put, +711 put","SPY","expired",10,10,0.1,0,-100,100,0.020408,1,4900,"10.40808","0.021284","0.3","-0.4","2026-05-22 13:06:00","2026-05-22 10:24:00","2026-05-29 16:00:00","2026-05-22 10:00:23","2026-05-31 21:51:29","",746.85,756.48
"3DTE $140-$350","ironcondor","+7,165 put, -7,175 put, -7,660 call, +7,670 call","SPX","expired",1,11,0.45,0,-45,45,0.04712,1,955,"25.356034","0.026551","0.66666667","-2.4","2026-05-22 15:58:00","2026-05-21 10:15:00","2026-05-27 16:00:00","2026-05-21 10:00:08","2026-05-31 21:51:29","240",7416.35,7580.06
"Weekly-IB-SPY-Paper-v1","ironbutterfly","+709 put, -733 put, -733 call, +752 call","SPY","expired",1,13,11.33,19,-1133,-767,-0.605367,-0.676964,1267,"161.917449","0.127897","0.15445719","-0.30714916","2026-05-21 12:51:00","2026-05-22 13:32:00","2026-05-26 16:00:00","2026-05-19 09:45:15","2026-05-31 21:51:29",,733.56,756.48
"Weekly-IB-SPY-Paper-v1","ironbutterfly","+727 put, -748 put, -748 call, +763 call","SPY","expired",1,10,9.25,8.48,-925,77,0.065532,0.083243,1175,"41.545608","0.035388","0.07351351","-0.00432432","2026-05-22 13:53:00","2026-05-22 09:45:12","2026-05-29 16:00:00","2026-05-22 09:45:11","2026-05-31 21:51:29",,747.6,756.48
"Weekly-IB-SPY-Paper-v1","ironbutterfly","+713 put, -738 put, -738 call, +757 call","SPY","expired",1,14,11.34,18.48,-1134,-714,-0.522694,-0.62963,1366,"82.362425","0.060339","0.3015873","-0.02733686","2026-05-21 13:00:00","2026-05-18 09:57:00","2026-05-26 16:00:00","2026-05-18 09:45:07","2026-05-31 21:51:29",,738,756.48
"3DTE $140-$350","ironcondor","+7,295 put, -7,305 put, -7,650 call, +7,660 call","SPX","expired",1,10,0.5,0,-50,50,0.052632,1,950,"6.86205","0.007223","0.46","-0.1","2026-05-22 11:55:00","2026-05-22 10:24:00","2026-05-26 16:00:00","2026-05-22 10:05:02","2026-05-31 21:51:29","170",7479.76,7580.06
"Weekly-IB-SPY-Paper-v1","ironbutterfly","+712 put, -736 put, -736 call, +752 call","SPY","expired",1,12,10.39,16,-1039,-561,-0.412197,-0.539942,1361,"154.318012","0.113386","0.11549567","-0.16650626","2026-05-21 12:59:00","2026-05-22 13:30:00","2026-05-27 16:00:00","2026-05-20 09:45:07","2026-05-31 21:51:29",,736.17,756.48
"1-45pm-Sandwich-Paper-v1","ironcondor","+7,490 put, -7,495 put, -7,505 call, +7,510 call","SPX","expired",1,0,3.4,5,-340,-160,-1,-0.470588,160,"53.350754","0.333442","0.07352941","-0.55882353","2026-05-22 14:25:00","2026-05-22 15:58:00","2026-05-22 16:00:00","2026-05-22 13:45:01","2026-05-22 16:15:00",,7497.7,7473.47
"QQQ-IC-0DTE-Baseline","ironcondor","+716 put, -717 put, -726 call, +727 call","QQQ","closed",109,0,0.09,0.19,-981,-1090,-0.10989,-1.111111,9919,"9.604267","0.107913","0.66666667","-2.66666667","2026-05-22 14:41:00","2026-05-22 15:31:00","2026-05-22 16:00:00","2026-05-22 13:30:14","2026-05-22 15:50:00","",722.06,717.41
"QQQ-IC-0DTE-Raw-HoldToExp","shortcallspread","-725 call, +727 call","QQQ","closed",1,0,0.16,0.01,-16,15,0.081522,0.9375,184,"14.25353","0.077888","1","-0.3125","2026-05-22 14:40:00","2026-05-22 11:18:00","2026-05-22 16:00:00","2026-05-22 11:01:02","2026-05-22 15:50:00","call side",719.82,717.41
"QQQ-IC-0DTE-Raw-HoldToExp","shortputspread","-714 put, +712 put","QQQ","closed",1,0,0.14,0.02,-14,12,0.064516,0.857143,186,"13.47973","0.072863","1","-0.07142857","2026-05-22 14:42:00","2026-05-22 11:01:00","2026-05-22 16:00:00","2026-05-22 11:01:01","2026-05-22 15:50:00","put side",719.78,717.41
"Trendy-Paper-v1","shortputspread","-720 put, +710 put","SPY","closed",1,1,0.79,0.35,-79,44,0.047774,0.556962,921,"40.66863","0.044205","0.6835443","-0.0886076","2026-05-22 13:30:00","2026-05-21 12:51:00","2026-06-01 16:00:00","2026-05-21 12:00:03","2026-05-22 15:15:14",,739.3,746.38
"IC-SPX-Fortress-Unstopped","shortputspread","-7,435 put, +7,430 put","SPX","closed",10,0,0.1,0.1,-100,0,0,0,4900,"7.5","0.015244","0.5","0.5","2026-05-22 14:06:00","2026-05-22 14:06:00","2026-05-22 16:00:00","2026-05-22 14:06:00","2026-05-22 14:08:02","put side",7490.5,7491.66
"IC-SPX-Fortress-Defang","shortputspread","-7,435 put, +7,430 put","SPX","closed",10,0,0.1,0.1,-100,0,0,0,4900,"7.5","0.015244","0.5","0.5","2026-05-22 14:06:00","2026-05-22 14:06:00","2026-05-22 16:00:00","2026-05-22 14:06:00","2026-05-22 14:08:01","put side",7490.5,7491.66
"QQQ-IC-0DTE-Range075-PT50-Wide2-1230PM","shortputspread","-714 put, +712 put","QQQ","closed",1,0,0.07,0.03,-7,4,0.020725,0.571429,193,"7.53104","0.039224","0.71428571","-0.14285714","2026-05-22 13:31:00","2026-05-22 12:35:00","2026-05-22 16:00:00","2026-05-22 12:35:00","2026-05-22 13:31:11","put side",719.59,721.59
"QQQ-IC-0DTE-HedgeA-S1","shortcallspread","-725 call, +727 call","QQQ","closed",27,0,0.16,0.08,-432,216,0.043478,0.5,4968,"14.25353","0.077888","0.5625","-0.3125","2026-05-22 12:24:00","2026-05-22 11:18:00","2026-05-22 16:00:00","2026-05-22 11:01:02","2026-05-22 12:24:11","call side",719.82,719.7
"QQQ-IC-0DTE-HedgeTest","shortcallspread","-725 call, +727 call","QQQ","closed",27,0,0.16,0.08,-432,216,0.043478,0.5,4968,"14.25353","0.077888","0.5625","-0.3125","2026-05-22 12:24:00","2026-05-22 11:18:00","2026-05-22 16:00:00","2026-05-22 11:01:02","2026-05-22 12:24:11","call side",719.82,719.7
"QQQ-IC-0DTE-HedgeD-Conditional","shortcallspread","-725 call, +727 call","QQQ","closed",27,0,0.16,0.08,-432,216,0.043478,0.5,4968,"14.25353","0.077888","0.5625","-0.3125","2026-05-22 12:24:00","2026-05-22 11:18:00","2026-05-22 16:00:00","2026-05-22 11:01:02","2026-05-22 12:24:11","call side",719.82,719.7
"QQQ-IC-0DTE-HedgeC-S3","shortcallspread","-725 call, +727 call","QQQ","closed",27,0,0.16,0.08,-432,216,0.043478,0.5,4968,"14.25353","0.077888","0.5625","-0.3125","2026-05-22 12:24:00","2026-05-22 11:18:00","2026-05-22 16:00:00","2026-05-22 11:01:02","2026-05-22 12:24:11","call side",719.82,719.7
"QQQ-IC-0DTE-HedgeD-Conditional","shortputspread","-714 put, +712 put","QQQ","closed",26,0,0.14,0.07,-364,182,0.037634,0.5,4836,"13.47973","0.072863","0.57142857","-0.07142857","2026-05-22 12:02:00","2026-05-22 11:01:00","2026-05-22 16:00:00","2026-05-22 11:01:01","2026-05-22 12:02:11","put side",719.78,720.76
"QQQ-IC-0DTE-HedgeA-S1","shortputspread","-714 put, +712 put","QQQ","closed",26,0,0.14,0.07,-364,182,0.037634,0.5,4836,"13.47973","0.072863","0.57142857","-0.07142857","2026-05-22 12:02:00","2026-05-22 11:01:00","2026-05-22 16:00:00","2026-05-22 11:01:01","2026-05-22 12:02:11","put side",719.78,720.76
"QQQ-IC-0DTE-HedgeC-S3","shortputspread","-714 put, +712 put","QQQ","closed",26,0,0.14,0.07,-364,182,0.037634,0.5,4836,"13.47973","0.072863","0.57142857","-0.07142857","2026-05-22 12:02:00","2026-05-22 11:01:00","2026-05-22 16:00:00","2026-05-22 11:01:01","2026-05-22 12:02:10","put side",719.78,720.76
"QQQ-IC-0DTE-HedgeTest","shortputspread","-714 put, +712 put","QQQ","closed",26,0,0.14,0.07,-364,182,0.037634,0.5,4836,"13.47973","0.072863","0.57142857","-0.07142857","2026-05-22 12:02:00","2026-05-22 11:01:00","2026-05-22 16:00:00","2026-05-22 11:01:01","2026-05-22 12:02:10","put side",719.78,720.76
"QQQ-IC-0DTE-HedgeB-S2","shortputspread","-714 put, +712 put","QQQ","closed",26,0,0.14,0.09,-364,130,0.026882,0.357143,4836,"13.47973","0.072863","0.5","-0.07142857","2026-05-22 11:30:00","2026-05-22 11:01:00","2026-05-22 16:00:00","2026-05-22 11:01:01","2026-05-22 11:33:00","put side",719.78,721
"QQQ-IC-0DTE-HedgeB-S2","shortcallspread","-725 call, +727 call","QQQ","closed",27,0,0.16,0.2,-432,-108,-0.021739,-0.25,4968,"14.25353","0.077888","0","-0.3125","2026-05-22 11:25:00","2026-05-22 11:18:00","2026-05-22 16:00:00","2026-05-22 11:01:02","2026-05-22 11:30:01","call side",719.82,721.16
"Friday 14 DTE Broken Wing IB (B-70)","ironbutterfly","+7,345 put, -7,405 put, -7,405 call, +7,445 call","SPX","closed",1,0,41.85,40.7,-4185,115,0.063361,0.027479,1815,"101.01696","0.055657","0.02747909","0.00716846","2026-05-22 11:29:00","2026-05-22 10:30:03","2026-06-05 16:00:00","2026-05-22 10:30:03","2026-05-22 11:29:01","14 dte",7474.54,7494.59
"IC-SPX-FastPT25-S2","shortputspread","-7,435 put, +7,430 put","SPX","closed",10,0,0.5,0.45,-500,50,0.011111,0.1,4500,"47.86584","0.106369","0.26","-1.2","2026-05-22 09:48:00","2026-05-22 10:24:00","2026-05-22 16:00:00","2026-05-22 09:37:02","2026-05-22 11:01:02","put side",7490.14,7483.17
"IC-SPX-FastPT25-S2","shortputspread","-7,435 put, +7,430 put","SPX","closed",10,0,0.45,0.45,-450,0,0,0,4550,"43.19566","0.094936","0.17777778","-1.44444444","2026-05-22 10:58:00","2026-05-22 10:24:00","2026-05-22 16:00:00","2026-05-22 09:49:02","2026-05-22 10:58:02","put side",7490.46,7482.36
"IC-SPX-FastPT25-S2","shortcallspread","-7,540 call, +7,545 call","SPX","closed",10,0,0.35,0.25,-350,100,0.021505,0.285714,4650,"30.52274","0.06522","0.28571429","0","2026-05-22 10:04:00","2026-05-22 10:02:00","2026-05-22 16:00:00","2026-05-22 10:01:03","2026-05-22 10:04:00","call side",7483.68,7480.06
"IC-SPX-FastPT25-S2","shortcallspread","-7,555 call, +7,560 call","SPX","closed",10,0,0.25,0.15,-250,100,0.021053,0.4,4750,"23.60204","0.049689","0.4","0","2026-05-22 10:04:00","2026-05-22 09:48:03","2026-05-22 16:00:00","2026-05-22 09:48:03","2026-05-22 10:04:00","call side",7497.12,7480.06
"IC-SPX-FastPT25-S2","shortcallspread","-7,545 call, +7,550 call","SPX","closed",10,0,0.35,0.25,-350,100,0.021505,0.285714,4650,"33.57917","0.072213","0.28571429","-0.14285714","2026-05-22 10:01:00","2026-05-22 10:00:00","2026-05-22 16:00:00","2026-05-22 09:52:03","2026-05-22 10:01:00","call side",7487.64,7483.77
"Nigiri-Paper-v1","shortputspread","-703 put, +698 put","SPY","closed",10,1,0.12,0.05,-120,70,0.014344,0.583333,4880,"12.67337","0.026023","0.75","-0.08333333","2026-05-22 09:37:00","2026-05-21 09:45:15","2026-05-29 16:00:00","2026-05-21 09:45:15","2026-05-22 10:00:12","",737.74,746.88
"IC-SPX-FastPT25-S2","shortcallspread","-7,545 call, +7,550 call","SPX","closed",10,0,0.4,0.5,-400,-100,-0.021739,-0.25,4600,"34.74072","0.075034","0.075","-0.25","2026-05-22 09:45:00","2026-05-22 09:40:00","2026-05-22 16:00:00","2026-05-22 09:37:03","2026-05-22 09:48:02","call side",7489.85,7497.19
"IC-SPX-FastPT25-S2","shortcallspread","-7,540 call, +7,545 call","SPX","closed",10,0,0.45,0.55,-450,-100,-0.021978,-0.222222,4550,"42.51432","0.093438","0.06666667","-0.15555556","2026-05-22 09:34:03","2026-05-22 09:35:00","2026-05-22 16:00:00","2026-05-22 09:34:03","2026-05-22 09:37:02","call side",7485.39,7490.14
"IC-SPX-FastPT25-S2","shortputspread","-7,430 put, +7,425 put","SPX","closed",11,0,0.6,0.45,-660,165,0.034091,0.25,4840,"57.99575","0.131809","0.3","0","2026-05-22 09:37:00","2026-05-22 09:34:02","2026-05-22 16:00:00","2026-05-22 09:34:03","2026-05-22 09:37:00","put side",7485.8,7490.22
"IC-SPX-FastPT25-S2","shortcallspread","-7,540 call, +7,545 call","SPX","closed",10,0,0.45,0.45,-450,0,0,0,4550,"42.55052","0.093518","0","-0.22222222","2026-05-22 09:34:00","2026-05-22 09:33:00","2026-05-22 16:00:00","2026-05-22 09:31:05","2026-05-22 09:34:02","call side",7485.06,7485.8
"IC-SPX-FastPT25-S2","shortputspread","-7,430 put, +7,425 put","SPX","closed",11,0,0.55,0.4,-605,165,0.033708,0.272727,4895,"52.87718","0.118825","0.27272727","0.09090909","2026-05-22 09:34:00","2026-05-22 09:31:04","2026-05-22 16:00:00","2026-05-22 09:31:04","2026-05-22 09:34:01","put side",7485.59,7485.29
"1-45pm-Sandwich-Paper-v1","ironcondor","+7,445 put, -7,450 put, -7,460 call, +7,465 call","SPX","expired",1,0,3.65,4.28,-365,-63,-0.466667,-0.172603,135,"79.455708","0.588561","0.25479452","-0.32876712","2026-05-21 15:58:00","2026-05-21 15:01:00","2026-05-21 16:00:00","2026-05-21 13:45:03","2026-05-21 16:15:00",,7453.15,7445.72
"IC-SPX-Fortress-Unstopped","shortputspread","-7,385 put, +7,380 put","SPX","expired",10,0,0.1,0,-100,100,0.020408,1,4900,"7.03371","0.014296","1","-2.5","2026-05-21 13:50:00","2026-05-21 14:56:00","2026-05-21 16:00:00","2026-05-21 13:31:01","2026-05-21 16:15:00","put side",7442.85,7445.72
"Opening Range Breakout 60m","shortcallspread","-7,425 call, +7,440 call","SPX","expired",1,0,4.1,15,-410,-1090,-1,-2.658537,1090,"269.28979","0.247055","0.5902439","-2.58536585","2026-05-21 12:51:00","2026-05-21 15:51:00","2026-05-21 16:00:00","2026-05-21 11:15:17","2026-05-21 16:15:00","test b",7407,7445.72
"IC-SPX-Fortress-Unstopped","shortcallspread","-7,500 call, +7,505 call","SPX","expired",10,0,0.1,0,-100,100,0.020408,1,4900,"7.99442","0.016249","1","-2","2026-05-21 14:37:00","2026-05-21 13:53:00","2026-05-21 16:00:00","2026-05-21 13:31:03","2026-05-21 16:15:00","call side",7442.36,7445.72
"QQQ-IC-0DTE-Raw-HoldToExp","shortcallspread","-714 call, +716 call","QQQ","closed",1,0,0.27,0.5,-27,-23,-0.132948,-0.851852,173,"24.42247","0.141991","0.7037037","-4.2962963","2026-05-21 12:51:00","2026-05-21 13:55:00","2026-05-21 16:00:00","2026-05-21 11:01:02","2026-05-21 15:50:00","call side",709.15,714
"QQQ-IC-0DTE-Fortress-NoPT50","shortcallspread","-719 call, +721 call","QQQ","closed",25,0,0.07,0.01,-175,150,0.031088,0.857143,4825,"7.7555","0.040393","1","-3.57142857","2026-05-21 15:22:00","2026-05-21 13:55:00","2026-05-21 16:00:00","2026-05-21 13:34:02","2026-05-21 15:50:00","call side",713.97,714
"QQQ-IC-0DTE-Raw-HoldToExp","shortputspread","-704 put, +702 put","QQQ","closed",1,0,0.28,0.01,-28,27,0.156977,0.964286,172,"26.34296","0.154052","1","-0.42857143","2026-05-21 13:54:00","2026-05-21 11:09:00","2026-05-21 16:00:00","2026-05-21 11:01:01","2026-05-21 15:50:00","put side",709.09,714
"QQQ-IC-0DTE-Range075-PT50-Wide2-1230PM","shortcallspread","-715 call, +717 call","QQQ","closed",1,0,0.08,0.17,-8,-9,-0.046875,-1.125,192,"8.2","0.042932","0.375","-13.875","2026-05-21 12:50:00","2026-05-21 13:55:00","2026-05-21 16:00:00","2026-05-21 12:31:02","2026-05-21 15:50:00","call side",709.81,714
"QQQ-IC-0DTE-Fortress-NoPT50","shortputspread","-709 put, +707 put","QQQ","closed",25,0,0.07,0.01,-175,150,0.031088,0.857143,4825,"7.81784","0.040718","1","-2.85714286","2026-05-21 15:50:00","2026-05-21 14:57:00","2026-05-21 16:00:00","2026-05-21 13:31:01","2026-05-21 15:50:00","put side",714.25,714
"IC-SPX-Fortress-Defang","shortputspread","-7,385 put, +7,380 put","SPX","closed",10,0,0.1,0.1,-100,0,0,0,4900,"7.03371","0.014296","1","-2.5","2026-05-21 13:50:00","2026-05-21 14:56:00","2026-05-21 16:00:00","2026-05-21 13:31:01","2026-05-21 15:32:02","put side",7442.85,7445.44
"IC-SPX-Fortress-Defang","shortcallspread","-7,500 call, +7,505 call","SPX","closed",10,0,0.1,0.05,-100,50,0.010204,0.5,4900,"7.99442","0.016249","1","-2","2026-05-21 14:37:00","2026-05-21 13:53:00","2026-05-21 16:00:00","2026-05-21 13:31:03","2026-05-21 15:31:03","call side",7442.36,7443.59
"QQQ-IC-0DTE-Baseline","ironcondor","+707 put, -708 put, -717 call, +718 call","QQQ","closed",116,0,0.14,0.07,-1624,812,0.081395,0.5,9976,"13.617109","0.162108","0.64285714","-2.07142857","2026-05-21 15:03:00","2026-05-21 13:55:00","2026-05-21 16:00:00","2026-05-21 13:30:35","2026-05-21 15:03:32","",713.69,712.8
"QQQ-IC-0DTE-Fortress","shortcallspread","-719 call, +721 call","QQQ","closed",25,0,0.07,0.03,-175,100,0.020725,0.571429,4825,"7.7555","0.040393","0.71428571","-3.57142857","2026-05-21 14:49:00","2026-05-21 13:55:00","2026-05-21 16:00:00","2026-05-21 13:34:02","2026-05-21 14:49:11","call side",713.97,713.68
"QQQ-IC-0DTE-Fortress","shortputspread","-709 put, +707 put","QQQ","closed",25,0,0.07,0.03,-175,100,0.020725,0.571429,4825,"7.81784","0.040718","0.71428571","-0.14285714","2026-05-21 14:28:00","2026-05-21 13:31:00","2026-05-21 16:00:00","2026-05-21 13:31:01","2026-05-21 14:28:11","put side",714.25,714.95
"QQQ-IC-0DTE-Fortress-S2","shortcallspread","-722 call, +724 call","QQQ","closed",26,0,0.08,0.08,-208,0,0,0,4992,"8.90602","0.046628","0","-0.125","2026-05-21 13:56:00","2026-05-21 13:55:02","2026-05-21 16:00:00","2026-05-21 13:55:01","2026-05-21 13:56:01","call side",716.84,716.64
"QQQ-IC-0DTE-Fortress-S2","shortputspread","-709 put, +707 put","QQQ","closed",25,0,0.07,0.06,-175,25,0.005181,0.142857,4825,"7.81784","0.040718","0.28571429","-0.14285714","2026-05-21 13:41:00","2026-05-21 13:31:00","2026-05-21 16:00:00","2026-05-21 13:31:01","2026-05-21 13:41:02","put side",714.25,715.47
"QQQ-IC-0DTE-Range075-PT50-Wide2-1230PM","shortputspread","-704 put, +702 put","QQQ","closed",1,0,0.11,0.05,-11,6,0.031746,0.545455,189,"10.66952","0.056452","0.63636364","-0.27272727","2026-05-21 13:04:00","2026-05-21 12:51:00","2026-05-21 16:00:00","2026-05-21 12:31:01","2026-05-21 13:04:11","put side",709.81,710.58
"3DTE $140-$350","ironcondor","+7,115 put, -7,125 put, -7,630 call, +7,640 call","SPX","closed",1,1,0.55,0.15,-55,40,0.042328,0.727273,945,"36.926032","0.03887","0.81818182","-3","2026-05-21 12:59:00","2026-05-20 11:16:00","2026-05-26 16:00:00","2026-05-20 10:00:07","2026-05-21 13:00:01","250,60percent",7378.87,7407.08
"QQQ-IC-0DTE-HedgeTest","shortcallspread","-714 call, +716 call","QQQ","closed",28,0,0.27,0.13,-756,392,0.080925,0.518519,4844,"24.42247","0.141991","0.55555556","-0.25925926","2026-05-21 12:39:00","2026-05-21 11:48:00","2026-05-21 16:00:00","2026-05-21 11:01:02","2026-05-21 12:39:11","call side",709.15,709.55
"QQQ-IC-0DTE-HedgeC-S3","shortcallspread","-714 call, +716 call","QQQ","closed",28,0,0.27,0.13,-756,392,0.080925,0.518519,4844,"24.42247","0.141991","0.55555556","-0.25925926","2026-05-21 12:39:00","2026-05-21 11:48:00","2026-05-21 16:00:00","2026-05-21 11:01:02","2026-05-21 12:39:11","call side",709.15,709.55
"QQQ-IC-0DTE-HedgeD-Conditional","shortcallspread","-714 call, +716 call","QQQ","closed",28,0,0.27,0.13,-756,392,0.080925,0.518519,4844,"24.42247","0.141991","0.55555556","-0.25925926","2026-05-21 12:39:00","2026-05-21 11:48:00","2026-05-21 16:00:00","2026-05-21 11:01:02","2026-05-21 12:39:11","call side",709.15,709.55
"QQQ-IC-0DTE-HedgeA-S1","shortcallspread","-714 call, +716 call","QQQ","closed",28,0,0.27,0.13,-756,392,0.080925,0.518519,4844,"24.42247","0.141991","0.55555556","-0.25925926","2026-05-21 12:39:00","2026-05-21 11:48:00","2026-05-21 16:00:00","2026-05-21 11:01:02","2026-05-21 12:39:11","call side",709.15,709.55
"QQQ-IC-0DTE-HedgeTest","shortputspread","-704 put, +702 put","QQQ","closed",29,0,0.28,0.14,-812,406,0.081395,0.5,4988,"26.34296","0.154052","0.53571429","-0.42857143","2026-05-21 11:46:00","2026-05-21 11:09:00","2026-05-21 16:00:00","2026-05-21 11:01:01","2026-05-21 11:46:11","put side",709.09,710.24
"QQQ-IC-0DTE-HedgeB-S2","shortputspread","-704 put, +702 put","QQQ","closed",29,0,0.28,0.14,-812,406,0.081395,0.5,4988,"26.34296","0.154052","0.53571429","-0.42857143","2026-05-21 11:46:00","2026-05-21 11:09:00","2026-05-21 16:00:00","2026-05-21 11:01:01","2026-05-21 11:46:11","put side",709.09,710.24
"QQQ-IC-0DTE-HedgeD-Conditional","shortputspread","-704 put, +702 put","QQQ","closed",29,0,0.28,0.14,-812,406,0.081395,0.5,4988,"26.34296","0.154052","0.53571429","-0.42857143","2026-05-21 11:46:00","2026-05-21 11:09:00","2026-05-21 16:00:00","2026-05-21 11:01:01","2026-05-21 11:46:11","put side",709.09,710.24
"QQQ-IC-0DTE-HedgeC-S3","shortputspread","-704 put, +702 put","QQQ","closed",29,0,0.28,0.14,-812,406,0.081395,0.5,4988,"26.34296","0.154052","0.53571429","-0.42857143","2026-05-21 11:46:00","2026-05-21 11:09:00","2026-05-21 16:00:00","2026-05-21 11:01:01","2026-05-21 11:46:11","put side",709.09,710.24
"QQQ-IC-0DTE-HedgeA-S1","shortputspread","-704 put, +702 put","QQQ","closed",29,0,0.28,0.14,-812,406,0.081395,0.5,4988,"26.34296","0.154052","0.53571429","-0.42857143","2026-05-21 11:46:00","2026-05-21 11:09:00","2026-05-21 16:00:00","2026-05-21 11:01:01","2026-05-21 11:46:11","put side",709.09,710.24
"QQQ-IC-0DTE-HedgeB-S2","shortcallspread","-714 call, +716 call","QQQ","closed",28,0,0.27,0.31,-756,-112,-0.023121,-0.148148,4844,"24.42247","0.141991","0.40740741","-0.14814815","2026-05-21 11:09:00","2026-05-21 11:03:00","2026-05-21 16:00:00","2026-05-21 11:01:02","2026-05-21 11:46:00","call side",709.15,710.3
"IC-SPX-FastPT25-S2","shortputspread","-7,365 put, +7,360 put","SPX","closed",11,0,0.6,0.8,-660,-220,-0.045455,-0.333333,4840,"58.76217","0.13355","0.08333333","0","2026-05-21 10:11:00","2026-05-21 10:10:05","2026-05-21 16:00:00","2026-05-21 10:10:05","2026-05-21 10:13:02","put side",7421.17,7415.78
"IC-SPX-FastPT25-S2","shortcallspread","-7,475 call, +7,480 call","SPX","closed",11,0,0.55,0.4,-605,165,0.033708,0.272727,4895,"53.18652","0.11952","0.27272727","0","2026-05-21 10:13:00","2026-05-21 10:10:06","2026-05-21 16:00:00","2026-05-21 10:10:06","2026-05-21 10:13:00","call side",7421.01,7416.22
"IC-SPX-FastPT25-S2","shortcallspread","-7,475 call, +7,480 call","SPX","closed",10,0,0.5,0.65,-500,-150,-0.033333,-0.3,4500,"48.87417","0.108609","0.06","-0.14","2026-05-21 10:01:00","2026-05-21 10:03:00","2026-05-21 16:00:00","2026-05-21 10:00:09","2026-05-21 10:10:04","call side",7416.91,7421.17
"IC-SPX-FastPT25-S2","shortputspread","-7,360 put, +7,355 put","SPX","closed",11,0,0.6,0.45,-660,165,0.034091,0.25,4840,"58.64668","0.133288","0.25","0","2026-05-21 10:10:00","2026-05-21 10:00:09","2026-05-21 16:00:00","2026-05-21 10:00:09","2026-05-21 10:10:00","put side",7416.35,7422.53
"IC-SPX-FastPT25-S2","shortcallspread","-7,465 call, +7,470 call","SPX","closed",11,0,0.7,0.9,-770,-220,-0.046512,-0.285714,4730,"65.25593","0.150707","0.11428571","-0.07142857","2026-05-21 09:58:00","2026-05-21 09:55:00","2026-05-21 16:00:00","2026-05-21 09:54:04","2026-05-21 10:00:07","call side",7409.54,7416.48
"IC-SPX-FastPT25-S2","shortputspread","-7,355 put, +7,350 put","SPX","closed",11,0,0.75,0.5,-825,275,0.058824,0.333333,4675,"73.14964","0.172117","0.33333333","0","2026-05-21 10:00:00","2026-05-21 09:54:03","2026-05-21 16:00:00","2026-05-21 09:54:03","2026-05-21 10:00:01","put side",7409.59,7416.08
"IC-SPX-FastPT25-S2","shortcallspread","-7,455 call, +7,460 call","SPX","closed",11,0,0.55,1,-605,-495,-0.101124,-0.818182,4895,"53.28468","0.119741","0.14545455","-0.63636364","2026-05-21 09:48:00","2026-05-21 09:53:00","2026-05-21 16:00:00","2026-05-21 09:41:03","2026-05-21 09:54:02","call side",7398.49,7409.59
"IC-SPX-FastPT25-S2","shortputspread","-7,340 put, +7,335 put","SPX","closed",11,0,0.7,0.45,-770,275,0.05814,0.357143,4730,"67.94363","0.158008","0.4","0","2026-05-21 09:54:00","2026-05-21 09:44:00","2026-05-21 16:00:00","2026-05-21 09:40:03","2026-05-21 09:54:00","put side",7394.78,7409.6
"IC-SPX-FastPT25-S2","shortcallspread","-7,455 call, +7,460 call","SPX","closed",11,0,0.7,0.5,-770,220,0.046512,0.285714,4730,"67.05462","0.155941","0.32857143","-0.07142857","2026-05-21 09:48:00","2026-05-21 09:35:00","2026-05-21 16:00:00","2026-05-21 09:31:03","2026-05-21 09:48:00","call side",7401.8,7395.31
"3DTE $140-$350","ironcondor","+7,130 put, -7,140 put, -7,605 call, +7,615 call","SPX","closed",1,2,0.55,0.15,-55,40,0.042328,0.727273,945,"50.10579","0.053022","0.90909091","-0.45454545","2026-05-21 09:32:00","2026-05-19 10:51:00","2026-05-22 16:00:00","2026-05-19 10:00:06","2026-05-21 09:45:03","230,60percent",7370.15,7395.56
"Nigiri-Paper-v1","shortputspread","-719 put, +714 put","SPY","closed",10,1,0.09,0.06,-90,30,0.00611,0.333333,4910,"9.9812","0.02037","0.22222222","-0.22222222","2026-05-20 15:01:00","2026-05-20 14:03:00","2026-05-22 16:00:00","2026-05-20 14:02:17","2026-05-21 09:45:03","",740.07,737.66
"IC-SPX-FastPT25-S2","shortputspread","-7,345 put, +7,340 put","SPX","closed",11,0,0.75,0.9,-825,-165,-0.035294,-0.2,4675,"72.97081","0.171696","0.13333333","-0.13333333","2026-05-21 09:38:00","2026-05-21 09:32:00","2026-05-21 16:00:00","2026-05-21 09:31:02","2026-05-21 09:40:02","put side",7400.6,7394.35
"1-45pm-Sandwich-Paper-v1","ironcondor","+7,410 put, -7,415 put, -7,425 call, +7,430 call","SPX","expired",1,0,3.3,5,-330,-170,-1,-0.515152,170,"49.443304","0.290843","0.42424242","-0.32424242","2026-05-20 15:51:00","2026-05-20 15:59:00","2026-05-20 16:00:00","2026-05-20 13:45:03","2026-05-20 16:15:00",,7421.54,7432.97
"Opening Range Breakout 60m","shortputspread","-7,355 put, +7,340 put","SPX","expired",1,0,1.1,0,-110,110,0.079137,1,1390,"105.95627","0.076228","1","-0.29090909","2026-05-20 14:35:00","2026-05-20 10:48:00","2026-05-20 16:00:00","2026-05-20 10:45:13","2026-05-20 16:15:00","test a",7402.63,7432.97
"QQQ-IC-0DTE-Baseline","ironcondor","+704 put, -705 put, -714 call, +715 call","QQQ","closed",153,0,0.35,0.42,-5355,-1071,-0.107692,-0.2,9945,"34.414247","0.546258","0.02857143","-0.22857143","2026-05-20 14:26:00","2026-05-20 15:36:00","2026-05-20 16:00:00","2026-05-20 13:30:35","2026-05-20 15:50:11","",710.78,711.88
"QQQ-IC-0DTE-HedgeD-Conditional","shortcallspread","-715 call, +717 call","QQQ","closed",29,0,0.32,0.51,-928,-551,-0.113095,-0.59375,4872,"30.34927","0.181732","0.1875","-1","2026-05-20 12:29:00","2026-05-20 11:17:00","2026-05-20 16:00:00","2026-05-20 11:01:02","2026-05-20 15:50:00","call side",709.98,712.26
"QQQ-IC-0DTE-HedgeA-S1","shortcallspread","-715 call, +717 call","QQQ","closed",29,0,0.32,0.51,-928,-551,-0.113095,-0.59375,4872,"30.34927","0.181732","0.1875","-1","2026-05-20 12:29:00","2026-05-20 11:17:00","2026-05-20 16:00:00","2026-05-20 11:01:02","2026-05-20 15:50:00","call side",709.98,712.26
"QQQ-IC-0DTE-Raw-HoldToExp","shortputspread","-705 put, +703 put","QQQ","closed",1,0,0.31,0.13,-31,18,0.106509,0.580645,169,"30.23795","0.181066","0.74193548","-0.25806452","2026-05-20 15:46:00","2026-05-20 12:27:00","2026-05-20 16:00:00","2026-05-20 11:01:01","2026-05-20 15:50:00","put side",709.95,712.26
"QQQ-IC-0DTE-Fortress-NoFilter","shortputspread","-706 put, +704 put","QQQ","closed",28,0,0.25,0.18,-700,196,0.04,0.28,4900,"24.94442","0.14254","0.48","-0.24","2026-05-20 15:46:00","2026-05-20 14:25:00","2026-05-20 16:00:00","2026-05-20 14:01:01","2026-05-20 15:50:00","put side",711.16,712.26
"QQQ-IC-0DTE-Fortress-NoFilter","shortcallspread","-716 call, +718 call","QQQ","closed",28,0,0.23,0.39,-644,-448,-0.090395,-0.695652,4956,"22.94162","0.129614","0.17391304","-0.73913043","2026-05-20 14:25:00","2026-05-20 15:49:00","2026-05-20 16:00:00","2026-05-20 13:49:01","2026-05-20 15:50:00","call side",710.66,712.26
"QQQ-IC-0DTE-HedgeTest","shortcallspread","-715 call, +717 call","QQQ","closed",29,0,0.32,0.51,-928,-551,-0.113095,-0.59375,4872,"30.34927","0.181732","0.1875","-1","2026-05-20 12:29:00","2026-05-20 11:17:00","2026-05-20 16:00:00","2026-05-20 11:01:02","2026-05-20 15:50:00","call side",709.98,712.26
"QQQ-IC-0DTE-Raw-HoldToExp","shortcallspread","-715 call, +717 call","QQQ","closed",1,0,0.32,0.51,-32,-19,-0.113095,-0.59375,168,"30.34927","0.181732","0.1875","-1","2026-05-20 12:29:00","2026-05-20 11:17:00","2026-05-20 16:00:00","2026-05-20 11:01:02","2026-05-20 15:50:00","call side",709.98,712.26
"QQQ-IC-0DTE-InverseFilter-HoldToExp","shortputspread","-706 put, +704 put","QQQ","closed",1,0,0.25,0.18,-25,7,0.04,0.28,175,"24.94442","0.14254","0.48","-0.24","2026-05-20 15:46:00","2026-05-20 14:25:00","2026-05-20 16:00:00","2026-05-20 14:01:01","2026-05-20 15:50:00","put side",711.16,712.26
"QQQ-IC-0DTE-HedgeB-S2","shortputspread","-705 put, +703 put","QQQ","closed",29,0,0.31,0.15,-899,464,0.094675,0.516129,4901,"30.23795","0.181066","0.5483871","-0.25806452","2026-05-20 15:18:00","2026-05-20 12:27:00","2026-05-20 16:00:00","2026-05-20 11:01:01","2026-05-20 15:18:11","put side",709.95,711.67
"QQQ-IC-0DTE-HedgeD-Conditional","shortputspread","-705 put, +703 put","QQQ","closed",29,0,0.31,0.15,-899,464,0.094675,0.516129,4901,"30.23795","0.181066","0.5483871","-0.25806452","2026-05-20 15:18:00","2026-05-20 12:27:00","2026-05-20 16:00:00","2026-05-20 11:01:01","2026-05-20 15:18:11","put side",709.95,711.67
"QQQ-IC-0DTE-HedgeA-S1","shortputspread","-705 put, +703 put","QQQ","closed",29,0,0.31,0.15,-899,464,0.094675,0.516129,4901,"30.23795","0.181066","0.5483871","-0.25806452","2026-05-20 15:18:00","2026-05-20 12:27:00","2026-05-20 16:00:00","2026-05-20 11:01:01","2026-05-20 15:18:11","put side",709.95,711.67
"QQQ-IC-0DTE-HedgeTest","shortputspread","-705 put, +703 put","QQQ","closed",29,0,0.31,0.15,-899,464,0.094675,0.516129,4901,"30.23795","0.181066","0.5483871","-0.25806452","2026-05-20 15:18:00","2026-05-20 12:27:00","2026-05-20 16:00:00","2026-05-20 11:01:01","2026-05-20 15:18:11","put side",709.95,711.67
"QQQ-IC-0DTE-HedgeC-S3","shortputspread","-705 put, +703 put","QQQ","closed",29,0,0.31,0.15,-899,464,0.094675,0.516129,4901,"30.23795","0.181066","0.5483871","-0.25806452","2026-05-20 15:18:00","2026-05-20 12:27:00","2026-05-20 16:00:00","2026-05-20 11:01:01","2026-05-20 15:18:11","put side",709.95,711.67
"QQQ-IC-0DTE-HedgeB-S2","shortcallspread","-715 call, +717 call","QQQ","closed",29,0,0.32,0.47,-928,-435,-0.089286,-0.46875,4872,"30.34927","0.181732","0.1875","-1","2026-05-20 12:29:00","2026-05-20 11:17:00","2026-05-20 16:00:00","2026-05-20 11:01:02","2026-05-20 15:15:02","call side",709.98,711.73
"Nigiri-Paper-v1","shortputspread","-709 put, +704 put","SPY","closed",10,6,0.12,0.03,-120,90,0.018443,0.75,4880,"12.70576","0.02609","0.83333333","-1","2026-05-20 14:02:00","2026-05-15 09:46:00","2026-05-22 16:00:00","2026-05-14 09:49:06","2026-05-20 14:02:06","",745.38,740.07
"Trendy-Paper-v1","shortputspread","-710 put, +700 put","SPY","closed",1,1,0.82,0.45,-82,37,0.040305,0.45122,918,"55.89803","0.060891","0.57317073","-0.13414634","2026-05-20 11:17:00","2026-05-19 10:51:00","2026-05-29 16:00:00","2026-05-19 09:45:13","2026-05-20 12:30:22",,733.48,738.65
"60min-ORB-10W-Paper-v1","shortputspread","-7,355 put, +7,345 put","SPX","closed",1,0,0.85,0.25,-85,60,0.065574,0.705882,915,"78.4386","0.085445","0.70588235","-0.2","2026-05-20 11:16:00","2026-05-20 10:48:00","2026-05-20 16:00:00","2026-05-20 10:45:03","2026-05-20 11:16:01","test a",7402.63,7426.44
"QQQ-IC-0DTE-HedgeC-S3","shortcallspread","-715 call, +717 call","QQQ","closed",29,0,0.32,0.5,-928,-522,-0.107143,-0.5625,4872,"30.34927","0.181732","0.15625","-0.53125","2026-05-20 11:04:00","2026-05-20 11:16:00","2026-05-20 16:00:00","2026-05-20 11:01:02","2026-05-20 11:16:01","call side",709.98,711.78
"3DTE $140-$350","ironcondor","+7,180 put, -7,190 put, -7,655 call, +7,665 call","SPX","closed",1,2,0.5,0.15,-50,35,0.036842,0.7,950,"44.171433","0.046496","1","-0.94","2026-05-18 15:02:00","2026-05-19 10:51:00","2026-05-21 16:00:00","2026-05-18 10:00:05","2026-05-20 10:30:02","230,60percent",7424.69,7398.37
"IC-SPX-FastPT25-S2","shortputspread","-7,320 put, +7,315 put","SPX","closed",10,0,0.5,0.65,-500,-150,-0.033333,-0.3,4500,"45.56922","0.100594","0.1","-0.04","2026-05-20 10:03:00","2026-05-20 10:05:00","2026-05-20 16:00:00","2026-05-20 10:02:02","2026-05-20 10:05:03","put side",7374.39,7369.59
"IC-SPX-FastPT25-S2","shortputspread","-7,335 put, +7,330 put","SPX","closed",10,0,0.4,0.9,-400,-500,-0.108696,-1.25,4600,"38.71033","0.084153","0","-1","2026-05-20 09:47:03","2026-05-20 09:56:00","2026-05-20 16:00:00","2026-05-20 09:47:03","2026-05-20 10:02:02","put side",7391.4,7374.42
"IC-SPX-FastPT25-S2","shortcallspread","-7,440 call, +7,445 call","SPX","closed",10,0,0.3,0.2,-300,100,0.021277,0.333333,4700,"28.56283","0.060772","0.33333333","-0.23333333","2026-05-20 10:02:00","2026-05-20 09:47:00","2026-05-20 16:00:00","2026-05-20 09:46:04","2026-05-20 10:02:00","call side",7383.86,7374.47
"IC-SPX-FastPT25-S2","shortputspread","-7,330 put, +7,325 put","SPX","closed",10,0,0.5,0.35,-500,150,0.033333,0.3,4500,"49.95226","0.111501","0.3","0.04","2026-05-20 09:47:00","2026-05-20 09:46:03","2026-05-20 16:00:00","2026-05-20 09:46:03","2026-05-20 09:47:00","put side",7383.36,7391.15
"IC-SPX-FastPT25-S2","shortcallspread","-7,430 call, +7,435 call","SPX","closed",10,0,0.35,0.55,-350,-200,-0.043011,-0.571429,4650,"33.09129","0.071164","0.05714286","-0.37142857","2026-05-20 09:42:00","2026-05-20 09:46:00","2026-05-20 16:00:00","2026-05-20 09:41:03","2026-05-20 09:46:02","call side",7375.55,7383.15
"IC-SPX-FastPT25-S2","shortputspread","-7,320 put, +7,315 put","SPX","closed",10,0,0.5,0.25,-500,250,0.055556,0.5,4500,"48.28805","0.107307","0.5","-0.04","2026-05-20 09:46:00","2026-05-20 09:42:00","2026-05-20 16:00:00","2026-05-20 09:41:02","2026-05-20 09:46:00","put side",7374.78,7383.21
"Weekly-IB-SPY-Paper-v1","ironbutterfly","+712 put, -739 put, -739 call, +758 call","SPY","closed",1,5,11.71,8.46,-1171,325,0.212557,0.277541,1529,"254.791358","0.166748","0.27839453","-0.03501281","2026-05-20 09:45:00","2026-05-15 10:24:00","2026-05-22 16:00:00","2026-05-15 09:45:20","2026-05-20 09:45:14",,738.55,736.28
"Weekly-IB-SPY-Paper-v1","ironbutterfly","+722 put, -745 put, -745 call, +763 call","SPY","closed",1,6,10.77,9.61,-1077,116,0.094849,0.107707,1223,"171.376001","0.140242","0.17734448","-0.17084494","2026-05-18 09:57:00","2026-05-19 10:52:00","2026-05-21 16:00:00","2026-05-14 09:45:16","2026-05-20 09:45:03",,745.55,736.09
"IC-SPX-FastPT25-S2","shortcallspread","-7,420 call, +7,425 call","SPX","closed",10,0,0.45,0.65,-450,-200,-0.043956,-0.444444,4550,"40.63906","0.088732","0.06666667","-0.22222222","2026-05-20 09:36:03","2026-05-20 09:41:00","2026-05-20 16:00:00","2026-05-20 09:36:03","2026-05-20 09:41:02","call side",7362.87,7374.78
"IC-SPX-FastPT25-S2","shortputspread","-7,310 put, +7,305 put","SPX","closed",10,0,0.5,0.35,-500,150,0.033333,0.3,4500,"47.87738","0.106394","0.3","0","2026-05-20 09:41:00","2026-05-20 09:36:02","2026-05-20 16:00:00","2026-05-20 09:36:02","2026-05-20 09:41:00","put side",7363.53,7374.37
"IC-SPX-FastPT25-S2","shortputspread","-7,320 put, +7,315 put","SPX","closed",10,0,0.5,0.8,-500,-300,-0.066667,-0.6,4500,"48.22455","0.107166","0.1","-0.5","2026-05-20 09:31:02","2026-05-20 09:36:00","2026-05-20 16:00:00","2026-05-20 09:31:02","2026-05-20 09:36:01","put side",7375.27,7363.53
"IC-SPX-FastPT25-S2","shortcallspread","-7,430 call, +7,435 call","SPX","closed",10,0,0.45,0.3,-450,150,0.032967,0.333333,4550,"40.84995","0.089387","0.33333333","-0.11111111","2026-05-20 09:36:00","2026-05-20 09:31:03","2026-05-20 16:00:00","2026-05-20 09:31:03","2026-05-20 09:36:00","call side",7375.68,7363.61
"1-45pm-Sandwich-Paper-v1","ironcondor","+7,380 put, -7,385 put, -7,395 call, +7,400 call","SPX","expired",1,0,3.6,5,-360,-140,-1,-0.388889,140,"58.408051","0.4172","0.08333333","-0.44444444","2026-05-19 14:15:00","2026-05-19 15:39:00","2026-05-19 16:00:00","2026-05-19 13:45:02","2026-05-19 16:15:00",,7390.48,7353.61
"Opening Range Breakout 60m","shortcallspread","-7,385 call, +7,400 call","SPX","expired",1,0,2.05,0,-205,205,0.158301,1,1295,"164.82861","0.126987","1","-3","2026-05-19 15:41:00","2026-05-19 13:23:00","2026-05-19 16:00:00","2026-05-19 11:00:02","2026-05-19 16:15:00","test b",7349.73,7353.61
"QQQ-IC-0DTE-Range075-PT50-Wide2-1230PM","shortcallspread","-707 call, +709 call","QQQ","closed",1,0,0.11,0.01,-11,10,0.05291,0.909091,189,"11.10761","0.059083","1","-5.09090909","2026-05-19 15:46:00","2026-05-19 13:23:00","2026-05-19 16:00:00","2026-05-19 12:31:03","2026-05-19 15:50:00","call side",701.69,701.44
"QQQ-IC-0DTE-Raw-HoldToExp","shortputspread","-694 put, +692 put","QQQ","closed",1,0,0.27,0.01,-27,26,0.150289,0.962963,173,"23.55766","0.136963","1","-0.48148148","2026-05-19 13:05:00","2026-05-19 11:25:00","2026-05-19 16:00:00","2026-05-19 11:01:01","2026-05-19 15:50:00","put side",698.78,701.44
"QQQ-IC-0DTE-Fortress-NoPT50","shortputspread","-701 put, +699 put","QQQ","closed",26,0,0.08,0.37,-208,-754,-0.151042,-3.625,4992,"8.61152","0.045087","0.5","-3.5","2026-05-19 15:15:00","2026-05-19 14:56:00","2026-05-19 16:00:00","2026-05-19 13:31:01","2026-05-19 15:50:00","put side",705.99,701.44
"QQQ-IC-0DTE-Fortress-NoPT50","shortcallspread","-711 call, +713 call","QQQ","closed",25,0,0.07,0.01,-175,150,0.031088,0.857143,4825,"7.55028","0.039324","1","-0.14285714","2026-05-19 14:58:00","2026-05-19 13:32:02","2026-05-19 16:00:00","2026-05-19 13:32:02","2026-05-19 15:50:00","call side",706.08,701.44
"QQQ-IC-0DTE-Raw-HoldToExp","shortcallspread","-704 call, +706 call","QQQ","closed",1,0,0.2,0.03,-20,17,0.094444,0.85,180,"18.00953","0.100612","0.95","-5.7","2026-05-19 15:48:00","2026-05-19 13:23:00","2026-05-19 16:00:00","2026-05-19 11:01:03","2026-05-19 15:50:00","call side",698.77,701.44
"QQQ-IC-0DTE-Fortress","shortputspread","-701 put, +699 put","QQQ","closed",26,0,0.08,0.37,-208,-754,-0.151042,-3.625,4992,"8.61152","0.045087","0.5","-3.5","2026-05-19 15:15:00","2026-05-19 14:56:00","2026-05-19 16:00:00","2026-05-19 13:31:01","2026-05-19 15:50:00","put side",705.99,701.44
"QQQ-IC-0DTE-Baseline","ironcondor","+699 put, -700 put, -709 call, +710 call","QQQ","closed",116,0,0.14,0.07,-1624,812,0.081395,0.5,9976,"13.554272","0.16136","0.64285714","-0.35714286","2026-05-19 15:12:00","2026-05-19 13:30:35","2026-05-19 16:00:00","2026-05-19 13:30:35","2026-05-19 15:12:33","",705.46,703.91
"QQQ-IC-0DTE-Fortress","shortcallspread","-711 call, +713 call","QQQ","closed",25,0,0.07,0.03,-175,100,0.020725,0.571429,4825,"7.55028","0.039324","0.71428571","-0.14285714","2026-05-19 13:49:00","2026-05-19 13:32:02","2026-05-19 16:00:00","2026-05-19 13:32:02","2026-05-19 13:49:10","call side",706.08,704.78
"QQQ-IC-0DTE-Fortress-S2","shortcallspread","-711 call, +713 call","QQQ","closed",25,0,0.07,0.03,-175,100,0.020725,0.571429,4825,"7.55028","0.039324","0.71428571","0","2026-05-19 13:49:00","2026-05-19 13:32:03","2026-05-19 16:00:00","2026-05-19 13:32:04","2026-05-19 13:49:10","call side",706.08,704.78
"QQQ-IC-0DTE-Fortress-S2","shortputspread","-701 put, +699 put","QQQ","closed",26,0,0.08,0.13,-208,-130,-0.026042,-0.625,4992,"8.61152","0.045087","0","-0.5","2026-05-19 13:43:00","2026-05-19 13:34:00","2026-05-19 16:00:00","2026-05-19 13:31:01","2026-05-19 13:46:03","put side",705.99,705.06
"IC-SPX-Fortress-Defang","shortputspread","-7,335 put, +7,330 put","SPX","closed",10,0,0.1,0.15,-100,-50,-0.010204,-0.5,4900,"9.97591","0.020359","0","-0.5","2026-05-19 13:33:04","2026-05-19 13:35:00","2026-05-19 16:00:00","2026-05-19 13:33:04","2026-05-19 13:36:02","put side",7391.34,7388.09
"IC-SPX-Fortress-Unstopped","shortputspread","-7,335 put, +7,330 put","SPX","closed",10,0,0.1,0.15,-100,-50,-0.010204,-0.5,4900,"9.97591","0.020359","0","-0.5","2026-05-19 13:33:02","2026-05-19 13:35:00","2026-05-19 16:00:00","2026-05-19 13:33:02","2026-05-19 13:36:02","put side",7391.29,7388.09
"IC-SPX-Fortress-Unstopped","shortputspread","-7,335 put, +7,330 put","SPX","closed",10,0,0.1,0.15,-100,-50,-0.010204,-0.5,4900,"9.97971","0.020367","0","0","2026-05-19 13:31:01","2026-05-19 13:31:01","2026-05-19 16:00:00","2026-05-19 13:31:01","2026-05-19 13:33:02","put side",7392.37,7391.36
"IC-SPX-Fortress-Defang","shortputspread","-7,335 put, +7,330 put","SPX","closed",10,0,0.1,0.15,-100,-50,-0.010204,-0.5,4900,"9.97971","0.020367","0","0","2026-05-19 13:31:01","2026-05-19 13:31:01","2026-05-19 16:00:00","2026-05-19 13:31:01","2026-05-19 13:33:02","put side",7392.37,7391.36
"QQQ-IC-0DTE-HedgeD-Conditional","shortcallspread","-704 call, +706 call","QQQ","closed",27,0,0.2,1.07,-540,-2349,-0.483333,-4.35,4860,"18.00953","0.100612","0.4","-4.2","2026-05-19 11:25:00","2026-05-19 13:10:00","2026-05-19 16:00:00","2026-05-19 11:01:03","2026-05-19 13:10:03","call side",698.77,705.11
"QQQ-IC-0DTE-HedgeTest","shortcallspread","-704 call, +706 call","QQQ","closed",27,0,0.2,0.85,-540,-1755,-0.361111,-3.25,4860,"18.00953","0.100612","0.4","-3.2","2026-05-19 11:25:00","2026-05-19 12:56:00","2026-05-19 16:00:00","2026-05-19 11:01:03","2026-05-19 12:56:06","call side",698.77,703.98
"QQQ-IC-0DTE-HedgeA-S1","shortcallspread","-704 call, +706 call","QQQ","closed",27,0,0.2,0.84,-540,-1728,-0.355556,-3.2,4860,"18.00953","0.100612","0.4","-3.15","2026-05-19 11:25:00","2026-05-19 12:55:00","2026-05-19 16:00:00","2026-05-19 11:01:03","2026-05-19 12:55:03","call side",698.77,704.02
"QQQ-IC-0DTE-Range075-PT50-Wide2-1230PM","shortputspread","-696 put, +694 put","QQQ","closed",1,0,0.12,0.06,-12,6,0.031915,0.5,188,"12.36347","0.066115","0.58333333","-0.08333333","2026-05-19 12:52:00","2026-05-19 12:31:01","2026-05-19 16:00:00","2026-05-19 12:31:01","2026-05-19 12:52:11","put side",701.59,703.72
"QQQ-IC-0DTE-HedgeC-S3","shortcallspread","-704 call, +706 call","QQQ","closed",27,0,0.2,0.35,-540,-405,-0.083333,-0.75,4860,"18.00953","0.100612","0.4","-0.7","2026-05-19 11:25:00","2026-05-19 12:26:00","2026-05-19 16:00:00","2026-05-19 11:01:03","2026-05-19 12:26:00","call side",698.77,701.11
"QQQ-IC-0DTE-HedgeA-S1","shortputspread","-694 put, +692 put","QQQ","closed",28,0,0.27,0.13,-756,392,0.080925,0.518519,4844,"23.55766","0.136963","0.55555556","-0.48148148","2026-05-19 12:03:00","2026-05-19 11:25:00","2026-05-19 16:00:00","2026-05-19 11:01:01","2026-05-19 12:03:11","put side",698.78,700.28
"QQQ-IC-0DTE-HedgeC-S3","shortputspread","-694 put, +692 put","QQQ","closed",28,0,0.27,0.13,-756,392,0.080925,0.518519,4844,"23.55766","0.136963","0.55555556","-0.48148148","2026-05-19 12:03:00","2026-05-19 11:25:00","2026-05-19 16:00:00","2026-05-19 11:01:01","2026-05-19 12:03:11","put side",698.78,700.28
"QQQ-IC-0DTE-HedgeD-Conditional","shortputspread","-694 put, +692 put","QQQ","closed",28,0,0.27,0.13,-756,392,0.080925,0.518519,4844,"23.55766","0.136963","0.55555556","-0.48148148","2026-05-19 12:03:00","2026-05-19 11:25:00","2026-05-19 16:00:00","2026-05-19 11:01:01","2026-05-19 12:03:11","put side",698.78,700.28
"QQQ-IC-0DTE-HedgeTest","shortputspread","-694 put, +692 put","QQQ","closed",28,0,0.27,0.13,-756,392,0.080925,0.518519,4844,"23.55766","0.136963","0.55555556","-0.48148148","2026-05-19 12:03:00","2026-05-19 11:25:00","2026-05-19 16:00:00","2026-05-19 11:01:01","2026-05-19 12:03:11","put side",698.78,700.28
"QQQ-IC-0DTE-HedgeB-S2","shortputspread","-694 put, +692 put","QQQ","closed",28,0,0.27,0.13,-756,392,0.080925,0.518519,4844,"23.55766","0.136963","0.55555556","-0.48148148","2026-05-19 12:03:00","2026-05-19 11:25:00","2026-05-19 16:00:00","2026-05-19 11:01:01","2026-05-19 12:03:11","put side",698.78,700.28
"QQQ-IC-0DTE-HedgeB-S2","shortcallspread","-704 call, +706 call","QQQ","closed",27,0,0.2,0.27,-540,-189,-0.038889,-0.35,4860,"18.00953","0.100612","0.4","-0.45","2026-05-19 11:25:00","2026-05-19 11:43:00","2026-05-19 16:00:00","2026-05-19 11:01:03","2026-05-19 12:03:01","call side",698.77,700.29
"60min-ORB-10W-Paper-v1","shortcallspread","-7,385 call, +7,395 call","SPX","closed",1,0,1.45,0.8,-145,65,0.076023,0.448276,855,"113.15124","0.132341","0.44827586","-0.24137931","2026-05-19 11:25:00","2026-05-19 11:18:00","2026-05-19 16:00:00","2026-05-19 11:00:03","2026-05-19 11:25:01","test b",7350.06,7338.72
"IC-SPX-FastPT25-S2","shortcallspread","-7,405 call, +7,410 call","SPX","closed",10,0,0.45,0.45,-450,0,0,0,4550,"40.12528","0.08761","0.28888889","0.06666667","2026-05-19 10:30:00","2026-05-19 10:28:02","2026-05-19 16:00:00","2026-05-19 10:28:02","2026-05-19 10:38:02","call side",7347.27,7346.36
"IC-SPX-FastPT25-S2","shortputspread","-7,295 put, +7,290 put","SPX","closed",11,0,0.55,0.8,-605,-275,-0.05618,-0.454545,4895,"48.9713","0.109311","0.05454545","-0.27272727","2026-05-19 10:32:01","2026-05-19 10:34:00","2026-05-19 16:00:00","2026-05-19 10:32:00","2026-05-19 10:35:03","put side",7348.24,7340.49
"IC-SPX-FastPT25-S2","shortputspread","-7,290 put, +7,285 put","SPX","closed",11,0,0.5,0.7,-550,-220,-0.044444,-0.4,4950,"48.21176","0.107137","0.04","-0.2","2026-05-19 10:28:01","2026-05-19 10:29:00","2026-05-19 16:00:00","2026-05-19 10:28:01","2026-05-19 10:30:01","put side",7347.6,7342.37
"IC-SPX-FastPT25-S2","shortputspread","-7,295 put, +7,290 put","SPX","closed",11,0,0.65,0.8,-715,-165,-0.034483,-0.230769,4785,"61.17975","0.140643","0.23076923","-0.07692308","2026-05-19 10:13:00","2026-05-19 10:09:00","2026-05-19 16:00:00","2026-05-19 10:08:04","2026-05-19 10:20:03","put side",7348.32,7342.96
"IC-SPX-FastPT25-S2","shortcallspread","-7,405 call, +7,410 call","SPX","closed",11,0,0.55,0.4,-605,165,0.033708,0.272727,4895,"52.05326","0.116974","0.27272727","-0.21818182","2026-05-19 10:20:00","2026-05-19 10:12:00","2026-05-19 16:00:00","2026-05-19 10:08:05","2026-05-19 10:20:00","call side",7349.09,7343.06
"IC-SPX-FastPT25-S2","shortcallspread","-7,415 call, +7,420 call","SPX","closed",11,0,0.6,0.35,-660,275,0.056818,0.416667,4840,"55.07268","0.125165","0.41666667","-0.75","2026-05-19 10:08:00","2026-05-19 09:56:00","2026-05-19 16:00:00","2026-05-19 09:42:05","2026-05-19 10:08:11","call side",7361.38,7349.72
"IC-SPX-FastPT25-S2","shortputspread","-7,320 put, +7,315 put","SPX","closed",11,0,0.65,1.7,-715,-1155,-0.241379,-1.615385,4785,"60.53494","0.139161","0.23076923","-1.07692308","2026-05-19 09:56:00","2026-05-19 10:08:00","2026-05-19 16:00:00","2026-05-19 09:40:03","2026-05-19 10:08:02","put side",7374.32,7348.32
"IC-SPX-FastPT25-S2","shortcallspread","-7,430 call, +7,435 call","SPX","closed",10,0,0.5,0.35,-500,150,0.033333,0.3,4500,"46.12215","0.102494","0.3","0","2026-05-19 09:42:00","2026-05-19 09:40:04","2026-05-19 16:00:00","2026-05-19 09:40:04","2026-05-19 09:42:00","call side",7373.99,7362.41
"IC-SPX-FastPT25-S2","shortcallspread","-7,420 call, +7,425 call","SPX","closed",11,0,0.65,0.8,-715,-165,-0.034483,-0.230769,4785,"59.84936","0.137585","0.23076923","-0.30769231","2026-05-19 09:33:00","2026-05-19 09:39:00","2026-05-19 16:00:00","2026-05-19 09:31:03","2026-05-19 09:40:02","call side",7365.94,7374.31
"IC-SPX-FastPT25-S2","shortputspread","-7,310 put, +7,305 put","SPX","closed",11,0,0.6,0.45,-660,165,0.034091,0.25,4840,"56.43796","0.128268","0.25","-0.16666667","2026-05-19 09:40:00","2026-05-19 09:32:00","2026-05-19 16:00:00","2026-05-19 09:31:02","2026-05-19 09:40:00","put side",7366.92,7374.1
"Opening Range Breakout 60m","shortcallspread","-7,435 call, +7,450 call","SPX","expired",1,0,2.15,0,-215,215,0.167315,1,1285,"154.83532","0.120214","1","-0.14883721","2026-05-18 14:19:00","2026-05-18 10:53:00","2026-05-18 16:00:00","2026-05-18 10:45:03","2026-05-18 16:15:00","test b",7402.28,7403.05
"1-45pm-Sandwich-Paper-v1","ironcondor","+7,375 put, -7,380 put, -7,390 call, +7,395 call","SPX","expired",1,0,3.55,5,-355,-145,-1,-0.408451,145,"48.95383","0.337613","0.27605634","-0.42253521","2026-05-18 15:39:00","2026-05-18 15:58:00","2026-05-18 16:00:00","2026-05-18 13:45:02","2026-05-18 16:15:00",,7387.53,7403.05
"IC-SPX-Fortress-Unstopped","shortputspread","-7,335 put, +7,330 put","SPX","expired",10,0,0.1,0,-100,100,0.020408,1,4900,"7.96725","0.016194","1","-5.5","2026-05-18 15:15:00","2026-05-18 14:59:00","2026-05-18 16:00:00","2026-05-18 13:31:00","2026-05-18 16:15:00","put side",7391.07,7403.05
"IC-SPX-Fortress-Unstopped","shortcallspread","-7,445 call, +7,450 call","SPX","expired",10,0,0.1,0,-100,100,0.020408,1,4900,"9.93121","0.020268","1","-0.5","2026-05-18 14:02:00","2026-05-18 15:04:00","2026-05-18 16:00:00","2026-05-18 13:32:03","2026-05-18 16:15:00","call side",7391.65,7403.05
"QQQ-IC-0DTE-Raw-HoldToExp","shortcallspread","-711 call, +713 call","QQQ","closed",1,0,0.21,0.01,-21,20,0.111732,0.952381,179,"17.94736","0.100828","1","-0.0952381","2026-05-18 14:03:00","2026-05-18 11:01:01","2026-05-18 16:00:00","2026-05-18 11:01:01","2026-05-18 15:50:01","call side",705.92,705.16
"QQQ-IC-0DTE-Fortress-NoPT50","shortputspread","-699 put, +697 put","QQQ","closed",25,0,0.05,0.01,-125,100,0.020513,0.8,4875,"8.77822","0.045959","1","-3","2026-05-18 15:44:00","2026-05-18 15:07:00","2026-05-18 16:00:00","2026-05-18 15:02:01","2026-05-18 15:50:00","put side",704.18,705.23
"QQQ-IC-0DTE-Fortress-NoPT50","shortcallspread","-710 call, +712 call","QQQ","closed",25,0,0.07,0.01,-175,150,0.031088,0.857143,4825,"10.78218","0.057049","1","-0.57142857","2026-05-18 15:07:00","2026-05-18 15:02:02","2026-05-18 16:00:00","2026-05-18 15:02:02","2026-05-18 15:50:00","call side",704.56,705.23
"QQQ-IC-0DTE-Raw-HoldToExp","shortputspread","-701 put, +699 put","QQQ","closed",1,0,0.26,0.02,-26,24,0.137931,0.923077,174,"23.14003","0.133757","0.96153846","-4","2026-05-18 15:45:00","2026-05-18 14:55:00","2026-05-18 16:00:00","2026-05-18 11:01:00","2026-05-18 15:50:00","put side",705.93,705.16
"QQQ-IC-0DTE-Range075-PT50-Wide2-1230PM","shortcallspread","-709 call, +711 call","QQQ","closed",1,0,0.07,0.02,-7,5,0.025907,0.714286,193,"7.21719","0.03759","1","-0.71428571","2026-05-18 14:16:00","2026-05-18 12:56:00","2026-05-18 16:00:00","2026-05-18 12:55:02","2026-05-18 15:50:00","call side",703.9,705.23
"QQQ-IC-0DTE-Fortress","shortputspread","-699 put, +697 put","QQQ","closed",25,0,0.05,0.02,-125,75,0.015385,0.6,4875,"8.77822","0.045959","0.8","-3","2026-05-18 15:40:00","2026-05-18 15:07:00","2026-05-18 16:00:00","2026-05-18 15:02:01","2026-05-18 15:40:11","put side",704.18,703.68
"QQQ-IC-0DTE-Fortress-NoFilter","shortputspread","-699 put, +697 put","QQQ","closed",25,0,0.08,0.04,-200,100,0.020833,0.5,4800,"8.77822","0.045959","0.625","-1.5","2026-05-18 15:36:00","2026-05-18 15:07:00","2026-05-18 16:00:00","2026-05-18 15:02:01","2026-05-18 15:36:11","put side",704.18,702.88
"QQQ-IC-0DTE-Range075-PT50-Wide2-155PM","shortputspread","-699 put, +697 put","QQQ","closed",1,0,0.08,0.04,-8,4,0.020833,0.5,192,"8.77822","0.045959","0.625","-1.5","2026-05-18 15:36:00","2026-05-18 15:07:00","2026-05-18 16:00:00","2026-05-18 15:02:01","2026-05-18 15:36:11","put side",704.18,702.88
"QQQ-IC-0DTE-Baseline","ironcondor","+697 put, -698 put, -707 call, +708 call","QQQ","closed",113,0,0.12,0.05,-1356,791,0.079545,0.583333,9944,"11.129438","0.129412","0.58333333","-0.75","2026-05-18 15:09:00","2026-05-18 14:23:00","2026-05-18 16:00:00","2026-05-18 13:30:34","2026-05-18 15:18:11","",703.6,701.65
"QQQ-IC-0DTE-Range075-PT50-Wide2-155PM","shortcallspread","-710 call, +712 call","QQQ","closed",1,0,0.1,0.02,-10,8,0.042105,0.8,190,"10.78218","0.057049","0.9","-0.1","2026-05-18 15:04:00","2026-05-18 15:02:01","2026-05-18 16:00:00","2026-05-18 15:02:02","2026-05-18 15:04:11","call side",704.56,703.24
"QQQ-IC-0DTE-Fortress","shortcallspread","-710 call, +712 call","QQQ","closed",25,0,0.07,0.02,-175,125,0.025907,0.714286,4825,"10.78218","0.057049","0.85714286","-0.57142857","2026-05-18 15:04:00","2026-05-18 15:02:01","2026-05-18 16:00:00","2026-05-18 15:02:02","2026-05-18 15:04:11","call side",704.56,703.24
"QQQ-IC-0DTE-Fortress-S2","shortcallspread","-710 call, +712 call","QQQ","closed",25,0,0.07,0.02,-175,125,0.025907,0.714286,4825,"10.78218","0.057049","0.85714286","-0.57142857","2026-05-18 15:04:00","2026-05-18 15:02:01","2026-05-18 16:00:00","2026-05-18 15:02:02","2026-05-18 15:04:11","call side",704.56,703.24
"QQQ-IC-0DTE-Fortress-NoFilter","shortcallspread","-710 call, +712 call","QQQ","closed",26,0,0.1,0.02,-260,208,0.042105,0.8,4940,"10.78218","0.057049","0.9","-0.1","2026-05-18 15:04:00","2026-05-18 15:02:01","2026-05-18 16:00:00","2026-05-18 15:02:02","2026-05-18 15:04:11","call side",704.56,703.24
"QQQ-IC-0DTE-Fortress-S2","shortputspread","-699 put, +697 put","QQQ","closed",25,0,0.05,0.07,-125,-50,-0.010256,-0.4,4875,"8.77822","0.045959","0","-1","2026-05-18 15:03:00","2026-05-18 15:02:01","2026-05-18 16:00:00","2026-05-18 15:02:01","2026-05-18 15:04:02","put side",704.18,703.39
"QQQ-IC-0DTE-Range075-PT50-Wide2-1230PM","shortputspread","-699 put, +697 put","QQQ","closed",1,0,0.13,0.06,-13,7,0.037433,0.538462,187,"12.99687","0.069876","0.61538462","-3.53846154","2026-05-18 15:03:00","2026-05-18 14:55:00","2026-05-18 16:00:00","2026-05-18 12:55:00","2026-05-18 15:03:11","put side",703.86,704.45
"IC-SPX-Fortress-Defang","shortputspread","-7,335 put, +7,330 put","SPX","closed",10,0,0.1,0.5,-100,-400,-0.081633,-4,4900,"7.96725","0.016194","0.5","-4.7","2026-05-18 13:51:00","2026-05-18 14:28:00","2026-05-18 16:00:00","2026-05-18 13:31:00","2026-05-18 14:52:01","put side",7391.07,7357.87
"IC-SPX-Fortress-Defang","shortcallspread","-7,445 call, +7,450 call","SPX","closed",10,0,0.1,0.05,-100,50,0.010204,0.5,4900,"9.93121","0.020268","1","0","2026-05-18 14:02:00","2026-05-18 13:32:05","2026-05-18 16:00:00","2026-05-18 13:32:05","2026-05-18 14:51:02","call side",7392.1,7356.51
"QQQ-IC-0DTE-HedgeD-Conditional","shortputspread","-701 put, +699 put","QQQ","closed",28,0,0.26,1.06,-728,-2240,-0.45977,-3.076923,4872,"23.14003","0.133757","0.11538462","-2.96153846","2026-05-18 12:22:00","2026-05-18 12:31:00","2026-05-18 16:00:00","2026-05-18 11:01:00","2026-05-18 12:31:00","put side",705.93,699.75
"QQQ-IC-0DTE-HedgeTest","shortputspread","-701 put, +699 put","QQQ","closed",28,0,0.26,0.93,-728,-1876,-0.385057,-2.576923,4872,"23.14003","0.133757","0.11538462","-2.57692308","2026-05-18 12:22:00","2026-05-18 12:29:00","2026-05-18 16:00:00","2026-05-18 11:01:00","2026-05-18 12:29:00","put side",705.93,700.16
"QQQ-IC-0DTE-HedgeA-S1","shortputspread","-701 put, +699 put","QQQ","closed",28,0,0.26,0.96,-728,-1960,-0.402299,-2.692308,4872,"23.14003","0.133757","0.11538462","-2.57692308","2026-05-18 12:22:00","2026-05-18 12:29:00","2026-05-18 16:00:00","2026-05-18 11:01:00","2026-05-18 12:29:00","put side",705.93,700.16
"QQQ-IC-0DTE-HedgeA-S1","shortcallspread","-711 call, +713 call","QQQ","closed",27,0,0.21,0.1,-567,297,0.061453,0.52381,4833,"17.94736","0.100828","0.57142857","-0.0952381","2026-05-18 11:22:00","2026-05-18 11:01:01","2026-05-18 16:00:00","2026-05-18 11:01:01","2026-05-18 11:22:11","call side",705.92,703.46
"QQQ-IC-0DTE-HedgeB-S2","shortcallspread","-711 call, +713 call","QQQ","closed",27,0,0.21,0.1,-567,297,0.061453,0.52381,4833,"17.94736","0.100828","0.57142857","-0.0952381","2026-05-18 11:22:00","2026-05-18 11:01:01","2026-05-18 16:00:00","2026-05-18 11:01:01","2026-05-18 11:22:11","call side",705.92,703.46
"QQQ-IC-0DTE-HedgeD-Conditional","shortcallspread","-711 call, +713 call","QQQ","closed",27,0,0.21,0.1,-567,297,0.061453,0.52381,4833,"17.94736","0.100828","0.57142857","-0.0952381","2026-05-18 11:22:00","2026-05-18 11:01:01","2026-05-18 16:00:00","2026-05-18 11:01:01","2026-05-18 11:22:11","call side",705.92,703.46
"QQQ-IC-0DTE-HedgeTest","shortcallspread","-711 call, +713 call","QQQ","closed",27,0,0.21,0.1,-567,297,0.061453,0.52381,4833,"17.94736","0.100828","0.57142857","-0.0952381","2026-05-18 11:22:00","2026-05-18 11:01:01","2026-05-18 16:00:00","2026-05-18 11:01:01","2026-05-18 11:22:11","call side",705.92,703.46
"QQQ-IC-0DTE-HedgeC-S3","shortcallspread","-711 call, +713 call","QQQ","closed",27,0,0.21,0.1,-567,297,0.061453,0.52381,4833,"17.94736","0.100828","0.57142857","-0.0952381","2026-05-18 11:22:00","2026-05-18 11:01:01","2026-05-18 16:00:00","2026-05-18 11:01:01","2026-05-18 11:22:11","call side",705.92,703.46
"QQQ-IC-0DTE-HedgeB-S2","shortputspread","-701 put, +699 put","QQQ","closed",28,0,0.26,0.46,-728,-560,-0.114943,-0.769231,4872,"23.14003","0.133757","-0.11538462","-0.80769231","2026-05-18 11:01:00","2026-05-18 11:10:00","2026-05-18 16:00:00","2026-05-18 11:01:00","2026-05-18 11:19:00","put side",705.93,703.94
"QQQ-IC-0DTE-HedgeC-S3","shortputspread","-701 put, +699 put","QQQ","closed",28,0,0.26,0.42,-728,-448,-0.091954,-0.615385,4872,"23.14003","0.133757","-0.11538462","-0.57692308","2026-05-18 11:01:00","2026-05-18 11:04:00","2026-05-18 16:00:00","2026-05-18 11:01:00","2026-05-18 11:04:00","put side",705.93,704.72
"60min-ORB-10W-Paper-v1","shortcallspread","-7,435 call, +7,445 call","SPX","closed",1,0,1.6,1,-160,60,0.071429,0.375,840,"113.53229","0.135157","0.375","-0.15625","2026-05-18 11:03:00","2026-05-18 10:53:00","2026-05-18 16:00:00","2026-05-18 10:45:03","2026-05-18 11:03:00","test b",7402.28,7394.59
"3DTE $140-$350","ironcondor","+7,245 put, -7,255 put, -7,680 call, +7,690 call","SPX","closed",1,4,0.5,0.15,-50,35,0.036842,0.7,950,"20.009576","0.021018","0.8","-1","2026-05-18 09:56:00","2026-05-15 09:47:00","2026-05-19 16:00:00","2026-05-14 10:00:09","2026-05-18 10:30:01","210,60percent",7465.69,7413.68
"3DTE $140-$350","ironcondor","+7,160 put, -7,170 put, -7,655 call, +7,665 call","SPX","closed",1,3,0.5,0.15,-50,35,0.036842,0.7,950,"38.212025","0.040223","0.8","-0.9","2026-05-18 09:52:00","2026-05-18 10:06:00","2026-05-20 16:00:00","2026-05-15 10:00:06","2026-05-18 10:15:00","240,60percent",7411.11,7418.98
"IC-SPX-FastPT25-S2","shortcallspread","-7,465 call, +7,470 call","SPX","closed",10,0,0.3,0.6,-300,-300,-0.06383,-1,4700,"26.08009","0.05549","0","-0.83333333","2026-05-18 09:50:00","2026-05-18 09:53:00","2026-05-18 16:00:00","2026-05-18 09:49:03","2026-05-18 09:53:01","call side",7408.87,7421.98
"IC-SPX-FastPT25-S2","shortputspread","-7,360 put, +7,355 put","SPX","closed",10,0,0.45,0.3,-450,150,0.032967,0.333333,4550,"38.82604","0.084773","0.33333333","0.06666667","2026-05-18 09:53:00","2026-05-18 09:51:02","2026-05-18 16:00:00","2026-05-18 09:51:02","2026-05-18 09:53:00","put side",7417.4,7422.03
"IC-SPX-FastPT25-S2","shortputspread","-7,355 put, +7,350 put","SPX","closed",11,0,0.55,0.35,-605,220,0.044944,0.363636,4895,"49.95477","0.112258","0.36363636","0.05454545","2026-05-18 09:51:00","2026-05-18 09:50:00","2026-05-18 16:00:00","2026-05-18 09:49:02","2026-05-18 09:51:00","put side",7408.43,7417.19
"IC-SPX-FastPT25-S2","shortcallspread","-7,465 call, +7,470 call","SPX","closed",10,0,0.25,0.35,-250,-100,-0.021053,-0.4,4750,"19.37072","0.040609","0.12","-0.08","2026-05-18 09:47:00","2026-05-18 09:45:00","2026-05-18 16:00:00","2026-05-18 09:44:03","2026-05-18 09:49:01","call side",7407.8,7408.43
"IC-SPX-FastPT25-S2","shortputspread","-7,350 put, +7,345 put","SPX","closed",10,0,0.5,0.3,-500,200,0.044444,0.4,4500,"45.99481","0.102211","0.4","-0.2","2026-05-18 09:49:00","2026-05-18 09:43:00","2026-05-18 16:00:00","2026-05-18 09:38:02","2026-05-18 09:49:00","put side",7406.31,7408.29
"Weekly-IB-SPY-Paper-v1","ironbutterfly","+713 put, -737 put, -737 call, +754 call","SPY","closed",1,5,10.43,7.84,-1043,259,0.190862,0.248322,1357,"129.206092","0.095144","0.24928092","-0.22818792","2026-05-18 09:45:00","2026-05-14 15:50:00","2026-05-20 16:00:00","2026-05-13 09:45:17","2026-05-18 09:45:14",,736.82,737.69
"Weekly-IB-SPY-Paper-v1","ironbutterfly","+713 put, -737 put, -737 call, +752 call","SPY","closed",1,6,9.82,5.82,-982,400,0.282087,0.407332,1418,"-95.464784","-0.067419","0.40835031","-0.19246436","2026-05-18 09:45:00","2026-05-14 12:05:00","2026-05-19 16:00:00","2026-05-12 09:45:33","2026-05-18 09:45:13",,736.72,737.63
"IC-SPX-FastPT25-S2","shortcallspread","-7,460 call, +7,465 call","SPX","closed",10,0,0.4,0.5,-400,-100,-0.021739,-0.25,4600,"35.4618","0.077091","0.125","-0.05","2026-05-18 09:43:00","2026-05-18 09:42:00","2026-05-18 16:00:00","2026-05-18 09:37:03","2026-05-18 09:44:02","call side",7404.3,7408.39
"IC-SPX-FastPT25-S2","shortputspread","-7,355 put, +7,350 put","SPX","closed",10,0,0.5,0.8,-500,-300,-0.066667,-0.6,4500,"45.62593","0.101391","0.3","-0.3","2026-05-18 09:34:02","2026-05-18 09:37:00","2026-05-18 16:00:00","2026-05-18 09:34:02","2026-05-18 09:37:02","put side",7410.86,7403.35
"IC-SPX-FastPT25-S2","shortcallspread","-7,465 call, +7,470 call","SPX","closed",10,0,0.4,0.3,-400,100,0.021739,0.25,4600,"32.19418","0.069684","0.25","0.125","2026-05-18 09:37:00","2026-05-18 09:34:03","2026-05-18 16:00:00","2026-05-18 09:34:03","2026-05-18 09:37:00","call side",7411.32,7402.82
"IC-SPX-FastPT25-S2","shortputspread","-7,360 put, +7,355 put","SPX","closed",11,0,0.55,0.7,-605,-165,-0.033708,-0.272727,4895,"50.13558","0.112664","0.09090909","-0.18181818","2026-05-18 09:31:01","2026-05-18 09:33:00","2026-05-18 16:00:00","2026-05-18 09:31:01","2026-05-18 09:34:02","put side",7415.15,7410.86
"IC-SPX-FastPT25-S2","shortcallspread","-7,470 call, +7,475 call","SPX","closed",10,0,0.45,0.3,-450,150,0.032967,0.333333,4550,"37.57798","0.082228","0.4","0.04444444","2026-05-18 09:34:00","2026-05-18 09:31:02","2026-05-18 16:00:00","2026-05-18 09:31:02","2026-05-18 09:34:00","call side",7415.42,7410.47
"1-45pm-Sandwich-Paper-v1","ironcondor","+7,435 put, -7,440 put, -7,450 call, +7,455 call","SPX","expired",1,0,3.45,5,-345,-155,-1,-0.449275,155,"59.368929","0.383025","0.07246377","-0.49275362","2026-05-15 14:17:00","2026-05-15 15:56:00","2026-05-15 16:00:00","2026-05-15 13:45:01","2026-05-15 16:15:00",,7444.86,7408.5
"QQQ-IC-0DTE-Raw-HoldToExp","shortputspread","-705 put, +703 put","QQQ","closed",1,0,0.26,0.01,-26,25,0.143678,0.961538,174,"25.11679","0.145184","1","-0.23076923","2026-05-15 14:24:00","2026-05-15 11:08:00","2026-05-15 16:00:00","2026-05-15 11:01:01","2026-05-15 15:50:01","put side",710.24,710.62
"QQQ-IC-0DTE-Raw-HoldToExp","shortcallspread","-716 call, +718 call","QQQ","closed",1,0,0.22,0.02,-22,20,0.11236,0.909091,178,"21.83395","0.123356","1","-1.09090909","2026-05-15 15:14:00","2026-05-15 14:13:00","2026-05-15 16:00:00","2026-05-15 11:01:03","2026-05-15 15:50:01","call side",710.32,710.62
"QQQ-IC-0DTE-Baseline","ironcondor","+707 put, -708 put, -717 call, +718 call","QQQ","closed",116,0,0.14,0.06,-1624,928,0.093023,0.571429,9976,"14.403145","0.171466","0.71428571","-0.35714286","2026-05-15 14:54:00","2026-05-15 14:08:00","2026-05-15 16:00:00","2026-05-15 13:30:35","2026-05-15 14:54:33","",713.47,712.91
"IC-SPX-FastPT25-S2","shortputspread","-7,390 put, +7,385 put","SPX","closed",10,0,0.1,0.05,-100,50,0.010204,0.5,4900,"7.04755","0.014324","0.5","0.2","2026-05-15 13:49:00","2026-05-15 13:48:01","2026-05-15 16:00:00","2026-05-15 13:48:01","2026-05-15 13:49:00","put side",7445.01,7444.05
"IC-SPX-FastPT25-S2","shortcallspread","-7,500 call, +7,505 call","SPX","closed",10,0,0.1,0.05,-100,50,0.010204,0.5,4900,"9.99346","0.020395","0.5","0","2026-05-15 13:47:00","2026-05-15 13:46:03","2026-05-15 16:00:00","2026-05-15 13:46:02","2026-05-15 13:47:00","call side",7445.68,7444.83
"IC-SPX-FastPT25-S2","shortcallspread","-7,500 call, +7,505 call","SPX","closed",10,0,0.1,0.05,-100,50,0.010204,0.5,4900,"7.99327","0.016246","0.5","0.2","2026-05-15 13:45:00","2026-05-15 13:44:04","2026-05-15 16:00:00","2026-05-15 13:44:04","2026-05-15 13:45:00","call side",7445.46,7444.85
"IC-SPX-FastPT25-S2","shortcallspread","-7,500 call, +7,505 call","SPX","closed",10,0,0.1,0.15,-100,-50,-0.010204,-0.5,4900,"7.99085","0.016242","0.3","0","2026-05-15 13:41:00","2026-05-15 13:40:00","2026-05-15 16:00:00","2026-05-15 13:39:02","2026-05-15 13:44:02","call side",7445.72,7445.38
"IC-SPX-FastPT25-S2","shortcallspread","-7,500 call, +7,505 call","SPX","closed",10,0,0.1,0.05,-100,50,0.010204,0.5,4900,"9.99254","0.020393","0.5","0","2026-05-15 13:42:00","2026-05-15 13:41:02","2026-05-15 16:00:00","2026-05-15 13:41:03","2026-05-15 13:42:01","call side",7445.38,7441.92
"IC-SPX-Fortress-Defang","shortcallspread","-7,505 call, +7,510 call","SPX","closed",10,0,0.1,0.15,-100,-50,-0.010204,-0.5,4900,"7.99297","0.016246","0.5","0","2026-05-15 13:37:00","2026-05-15 13:35:00","2026-05-15 16:00:00","2026-05-15 13:34:07","2026-05-15 13:37:02","call side",7448.67,7447.82
"IC-SPX-Fortress-Unstopped","shortcallspread","-7,505 call, +7,510 call","SPX","closed",10,0,0.1,0.15,-100,-50,-0.010204,-0.5,4900,"7.99297","0.016246","0.5","0","2026-05-15 13:37:00","2026-05-15 13:35:00","2026-05-15 16:00:00","2026-05-15 13:34:05","2026-05-15 13:37:02","call side",7448.65,7447.82
"IC-SPX-FastPT25-S2","shortcallspread","-7,505 call, +7,510 call","SPX","closed",10,0,0.1,0.05,-100,50,0.010204,0.5,4900,"7.99373","0.016247","0.5","0","2026-05-15 13:37:00","2026-05-15 13:31:03","2026-05-15 16:00:00","2026-05-15 13:31:02","2026-05-15 13:37:00","call side",7447.34,7447.84
"IC-SPX-FastPT25-S2","shortcallspread","-7,505 call, +7,510 call","SPX","closed",10,0,0.1,0.05,-100,50,0.010204,0.5,4900,"7.99345","0.016247","0.5","0","2026-05-15 13:37:00","2026-05-15 13:35:00","2026-05-15 16:00:00","2026-05-15 13:33:02","2026-05-15 13:37:00","call side",7448.01,7447.84
"IC-SPX-Fortress-Unstopped","shortcallspread","-7,505 call, +7,510 call","SPX","closed",10,0,0.1,0.15,-100,-50,-0.010204,-0.5,4900,"7.99373","0.016247","0.3","0","2026-05-15 13:32:00","2026-05-15 13:31:03","2026-05-15 16:00:00","2026-05-15 13:31:02","2026-05-15 13:34:03","call side",7447.34,7448.36
"IC-SPX-Fortress-Defang","shortcallspread","-7,505 call, +7,510 call","SPX","closed",10,0,0.1,0.15,-100,-50,-0.010204,-0.5,4900,"7.99373","0.016247","0.3","0","2026-05-15 13:32:00","2026-05-15 13:31:03","2026-05-15 16:00:00","2026-05-15 13:31:02","2026-05-15 13:34:03","call side",7447.34,7448.36
"IC-SPX-FastPT25-S2","shortcallspread","-7,505 call, +7,510 call","SPX","closed",10,0,0.1,0.05,-100,50,0.010204,0.5,4900,"7.99256","0.016245","0.5","0.2","2026-05-15 13:30:00","2026-05-15 13:29:02","2026-05-15 16:00:00","2026-05-15 13:29:03","2026-05-15 13:30:01","call side",7447.88,7445.7
"IC-SPX-FastPT25-S2","shortcallspread","-7,500 call, +7,505 call","SPX","closed",10,0,0.1,0.15,-100,-50,-0.010204,-0.5,4900,"9.98384","0.020375","0.5","0","2026-05-15 13:25:02","2026-05-15 13:26:00","2026-05-15 16:00:00","2026-05-15 13:25:03","2026-05-15 13:28:02","call side",7445.09,7447.89
"Friday 14 DTE Broken Wing IB (B-70)","ironbutterfly","+7,300 put, -7,360 put, -7,360 call, +7,400 call","SPX","closed",1,0,42.2,41.05,-4220,115,0.064607,0.027251,1780,"134.0452","0.075306","0.02725118","-0.01895735","2026-05-15 13:25:00","2026-05-15 10:55:00","2026-05-29 16:00:00","2026-05-15 10:30:03","2026-05-15 13:25:01","14 dte",7431.76,7445.08
"QQQ-IC-0DTE-HedgeTest","shortcallspread","-716 call, +718 call","QQQ","closed",28,0,0.22,0.11,-616,308,0.061798,0.5,4984,"21.83395","0.123356","0.54545455","-0.59090909","2026-05-15 12:16:00","2026-05-15 11:38:00","2026-05-15 16:00:00","2026-05-15 11:01:03","2026-05-15 12:16:11","call side",710.32,709.98
"QQQ-IC-0DTE-HedgeD-Conditional","shortcallspread","-716 call, +718 call","QQQ","closed",28,0,0.22,0.11,-616,308,0.061798,0.5,4984,"21.83395","0.123356","0.54545455","-0.59090909","2026-05-15 12:16:00","2026-05-15 11:38:00","2026-05-15 16:00:00","2026-05-15 11:01:03","2026-05-15 12:16:11","call side",710.32,709.98
"QQQ-IC-0DTE-HedgeA-S1","shortcallspread","-716 call, +718 call","QQQ","closed",28,0,0.22,0.11,-616,308,0.061798,0.5,4984,"21.83395","0.123356","0.54545455","-0.59090909","2026-05-15 12:16:00","2026-05-15 11:38:00","2026-05-15 16:00:00","2026-05-15 11:01:03","2026-05-15 12:16:11","call side",710.32,709.98
"QQQ-IC-0DTE-HedgeD-Conditional","shortputspread","-705 put, +703 put","QQQ","closed",28,0,0.26,0.13,-728,364,0.074713,0.5,4872,"25.11679","0.145184","0.53846154","-0.23076923","2026-05-15 11:36:00","2026-05-15 11:08:00","2026-05-15 16:00:00","2026-05-15 11:01:01","2026-05-15 11:36:11","put side",710.24,712.18
"QQQ-IC-0DTE-HedgeC-S3","shortputspread","-705 put, +703 put","QQQ","closed",28,0,0.26,0.13,-728,364,0.074713,0.5,4872,"25.11679","0.145184","0.53846154","-0.23076923","2026-05-15 11:36:00","2026-05-15 11:08:00","2026-05-15 16:00:00","2026-05-15 11:01:01","2026-05-15 11:36:11","put side",710.24,712.18
"QQQ-IC-0DTE-HedgeA-S1","shortputspread","-705 put, +703 put","QQQ","closed",28,0,0.26,0.13,-728,364,0.074713,0.5,4872,"25.11679","0.145184","0.53846154","-0.23076923","2026-05-15 11:36:00","2026-05-15 11:08:00","2026-05-15 16:00:00","2026-05-15 11:01:01","2026-05-15 11:36:11","put side",710.24,712.18
"QQQ-IC-0DTE-HedgeTest","shortputspread","-705 put, +703 put","QQQ","closed",28,0,0.26,0.13,-728,364,0.074713,0.5,4872,"25.11679","0.145184","0.53846154","-0.23076923","2026-05-15 11:36:00","2026-05-15 11:08:00","2026-05-15 16:00:00","2026-05-15 11:01:01","2026-05-15 11:36:11","put side",710.24,712.18
"QQQ-IC-0DTE-HedgeC-S3","shortcallspread","-716 call, +718 call","QQQ","closed",28,0,0.22,0.35,-616,-364,-0.073034,-0.590909,4984,"21.83395","0.123356","0.22727273","-0.54545455","2026-05-15 11:08:00","2026-05-15 11:32:00","2026-05-15 16:00:00","2026-05-15 11:01:03","2026-05-15 11:32:01","call side",710.32,712.18
"QQQ-IC-0DTE-HedgeB-S2","shortputspread","-705 put, +703 put","QQQ","closed",28,0,0.26,0.19,-728,196,0.04023,0.269231,4872,"25.11679","0.145184","0.5","-0.23076923","2026-05-15 11:22:00","2026-05-15 11:08:00","2026-05-15 16:00:00","2026-05-15 11:01:01","2026-05-15 11:25:01","put side",710.24,711.26
"QQQ-IC-0DTE-HedgeB-S2","shortcallspread","-716 call, +718 call","QQQ","closed",28,0,0.22,0.3,-616,-224,-0.044944,-0.363636,4984,"21.83395","0.123356","0.22727273","-0.31818182","2026-05-15 11:08:00","2026-05-15 11:21:00","2026-05-15 16:00:00","2026-05-15 11:01:03","2026-05-15 11:22:00","call side",710.32,711.93
"3DTE $140-$350","ironcondor","+7,160 put, -7,170 put, -7,615 call, +7,625 call","SPX","closed",1,2,0.5,0.15,-50,35,0.036842,0.7,950,"29.367844","0.030914","0.8","-1.7","2026-05-15 10:29:00","2026-05-14 12:42:00","2026-05-18 16:00:00","2026-05-13 10:00:07","2026-05-15 10:30:01","220,60percent",7392.93,7430.66
"IC-SPX-FastPT25-S2","shortputspread","-7,390 put, +7,385 put","SPX","closed",11,0,0.6,0.8,-660,-220,-0.045455,-0.333333,4840,"55.59938","0.125507","-0.08333333","-0.25","2026-05-15 10:25:00","2026-05-15 10:26:00","2026-05-15 16:00:00","2026-05-15 10:24:01","2026-05-15 10:26:02","put side",7445.02,7437.56
"Trendy-Paper-v1","shortputspread","-713 put, +703 put","SPY","closed",1,3,0.76,0.52,-76,24,0.025974,0.315789,924,"40.35692","0.043676","0.77631579","-0.39473684","2026-05-14 14:56:00","2026-05-12 11:29:00","2026-05-22 16:00:00","2026-05-12 09:45:15","2026-05-15 09:45:14",,736.69,738.54
"Weekly-IB-SPY-Paper-v1","ironbutterfly","+716 put, -739 put, -739 call, +755 call","SPY","closed",1,4,9.75,7.02,-975,273,0.206038,0.28,1325,"-89.390513","-0.067515","0.28205128","-0.14153846","2026-05-15 09:45:00","2026-05-14 12:05:00","2026-05-18 16:00:00","2026-05-11 09:45:29","2026-05-15 09:45:13",,738.63,738.52
"3DTE $140-$350","ironcondor","+7,160 put, -7,170 put, -7,575 call, +7,585 call","SPX","closed",1,3,0.55,0.1,-55,45,0.047619,0.818182,945,"29.823063","0.031459","1","-1.27272727","2026-05-15 09:32:00","2026-05-14 12:01:00","2026-05-15 16:00:00","2026-05-12 10:00:07","2026-05-15 09:45:02","200,90 profit",7370.37,7405.62
"Opening Range Breakout 60m","shortputspread","-7,450 put, +7,435 put","SPX","expired",1,0,0.8,0,-80,80,0.056338,1,1420,"67.27458","0.047376","1","-0.125","2026-05-14 14:50:00","2026-05-14 13:17:00","2026-05-14 16:00:00","2026-05-14 10:45:02","2026-05-14 16:15:00","test a",7491.8,7501.24
"1-45pm-Sandwich-Paper-v1","ironcondor","+7,490 put, -7,495 put, -7,505 call, +7,510 call","SPX","expired",1,0,3.2,0,-320,320,1.777778,1,180,"32.352352","0.179735","0.984375","-0.109375","2026-05-14 15:59:00","2026-05-14 14:04:00","2026-05-14 16:00:00","2026-05-14 13:45:02","2026-05-14 16:15:00",,7498.93,7501.24
"QQQ-IC-0DTE-Raw-HoldToExp","shortcallspread","-725 call, +727 call","QQQ","closed",1,0,0.17,0.01,-17,16,0.087432,0.941176,183,"16.41793","0.090208","1","-0.88235294","2026-05-14 14:47:00","2026-05-14 11:29:00","2026-05-14 16:00:00","2026-05-14 11:01:01","2026-05-14 15:50:01","call side",719.45,720.14
"QQQ-IC-0DTE-Fortress-NoPT50","shortputspread","-714 put, +712 put","QQQ","closed",26,0,0.08,0.01,-208,182,0.036458,0.875,4992,"8.83958","0.046281","1","-0.25","2026-05-14 15:03:00","2026-05-14 13:34:00","2026-05-14 16:00:00","2026-05-14 13:31:01","2026-05-14 15:50:01","put side",719.16,720.14
"QQQ-IC-0DTE-Raw-HoldToExp","shortputspread","-714 put, +712 put","QQQ","closed",1,0,0.17,0.01,-17,16,0.087432,0.941176,183,"16.30878","0.089609","1","-0.17647059","2026-05-14 15:03:00","2026-05-14 13:19:00","2026-05-14 16:00:00","2026-05-14 11:01:00","2026-05-14 15:50:01","put side",719.45,720.14
"QQQ-IC-0DTE-Range075-PT50-Wide2-1230PM","shortcallspread","-725 call, +727 call","QQQ","closed",1,0,0.08,0.01,-8,7,0.036458,0.875,192,"8.58757","0.044961","1","-0.125","2026-05-14 14:47:00","2026-05-14 13:11:01","2026-05-14 16:00:00","2026-05-14 13:11:01","2026-05-14 15:50:01","call side",720.02,720.14
"QQQ-IC-0DTE-Baseline","ironcondor","+712 put, -713 put, -722 call, +723 call","QQQ","closed",120,0,0.17,0.08,-2040,1080,0.108434,0.529412,9960,"16.517347","0.203918","0.64705882","-1","2026-05-14 15:28:00","2026-05-14 13:56:00","2026-05-14 16:00:00","2026-05-14 13:30:34","2026-05-14 15:28:32","",718.81,720.37
"QQQ-IC-0DTE-Range075-PT50-Wide2-1230PM","shortputspread","-715 put, +713 put","QQQ","closed",1,0,0.09,0.04,-9,5,0.026178,0.555556,191,"9.6358","0.050715","0.66666667","-2.11111111","2026-05-14 13:58:00","2026-05-14 13:19:00","2026-05-14 16:00:00","2026-05-14 13:09:00","2026-05-14 13:58:11","put side",720.05,720.98
"QQQ-IC-0DTE-Fortress","shortputspread","-714 put, +712 put","QQQ","closed",26,0,0.08,0.04,-208,104,0.020833,0.5,4992,"8.83958","0.046281","0.625","-0.25","2026-05-14 13:48:00","2026-05-14 13:34:00","2026-05-14 16:00:00","2026-05-14 13:31:01","2026-05-14 13:48:11","put side",719.16,720.47
"QQQ-IC-0DTE-Fortress-S2","shortputspread","-714 put, +712 put","QQQ","closed",26,0,0.08,0.06,-208,52,0.010417,0.25,4992,"8.83958","0.046281","0.5","-0.25","2026-05-14 13:40:00","2026-05-14 13:34:00","2026-05-14 16:00:00","2026-05-14 13:31:01","2026-05-14 13:43:01","put side",719.16,719.91
"QQQ-IC-0DTE-HedgeD-Conditional","shortcallspread","-725 call, +727 call","QQQ","closed",27,0,0.17,0.06,-459,297,0.060109,0.647059,4941,"16.41793","0.090208","0.70588235","-0.88235294","2026-05-14 13:16:00","2026-05-14 11:29:00","2026-05-14 16:00:00","2026-05-14 11:01:01","2026-05-14 13:16:11","call side",719.45,718.8
"QQQ-IC-0DTE-HedgeA-S1","shortcallspread","-725 call, +727 call","QQQ","closed",27,0,0.17,0.06,-459,297,0.060109,0.647059,4941,"16.41793","0.090208","0.70588235","-0.88235294","2026-05-14 13:16:00","2026-05-14 11:29:00","2026-05-14 16:00:00","2026-05-14 11:01:01","2026-05-14 13:16:11","call side",719.45,718.8
"QQQ-IC-0DTE-HedgeTest","shortcallspread","-725 call, +727 call","QQQ","closed",27,0,0.17,0.06,-459,297,0.060109,0.647059,4941,"16.41793","0.090208","0.70588235","-0.88235294","2026-05-14 13:16:00","2026-05-14 11:29:00","2026-05-14 16:00:00","2026-05-14 11:01:01","2026-05-14 13:16:11","call side",719.45,718.8
"QQQ-IC-0DTE-HedgeC-S3","shortputspread","-714 put, +712 put","QQQ","closed",27,0,0.17,0.08,-459,243,0.04918,0.529412,4941,"16.30878","0.089609","0.58823529","-0.05882353","2026-05-14 11:31:00","2026-05-14 11:01:00","2026-05-14 16:00:00","2026-05-14 11:01:00","2026-05-14 11:31:11","put side",719.45,721.67
"QQQ-IC-0DTE-HedgeTest","shortputspread","-714 put, +712 put","QQQ","closed",27,0,0.17,0.08,-459,243,0.04918,0.529412,4941,"16.30878","0.089609","0.58823529","-0.05882353","2026-05-14 11:31:00","2026-05-14 11:01:00","2026-05-14 16:00:00","2026-05-14 11:01:00","2026-05-14 11:31:11","put side",719.45,721.67
"QQQ-IC-0DTE-HedgeA-S1","shortputspread","-714 put, +712 put","QQQ","closed",27,0,0.17,0.08,-459,243,0.04918,0.529412,4941,"16.30878","0.089609","0.58823529","-0.05882353","2026-05-14 11:31:00","2026-05-14 11:01:00","2026-05-14 16:00:00","2026-05-14 11:01:00","2026-05-14 11:31:11","put side",719.45,721.67
"QQQ-IC-0DTE-HedgeD-Conditional","shortputspread","-714 put, +712 put","QQQ","closed",27,0,0.17,0.08,-459,243,0.04918,0.529412,4941,"16.30878","0.089609","0.58823529","-0.05882353","2026-05-14 11:31:00","2026-05-14 11:01:00","2026-05-14 16:00:00","2026-05-14 11:01:00","2026-05-14 11:31:11","put side",719.45,721.67
"QQQ-IC-0DTE-HedgeB-S2","shortputspread","-714 put, +712 put","QQQ","closed",27,0,0.17,0.1,-459,189,0.038251,0.411765,4941,"16.30878","0.089609","0.52941176","-0.05882353","2026-05-14 11:21:00","2026-05-14 11:01:00","2026-05-14 16:00:00","2026-05-14 11:01:00","2026-05-14 11:24:01","put side",719.45,721.17
"QQQ-IC-0DTE-HedgeB-S2","shortcallspread","-725 call, +727 call","QQQ","closed",27,0,0.17,0.31,-459,-378,-0.076503,-0.823529,4941,"16.41793","0.090208","-0.05882353","-0.70588235","2026-05-14 11:01:01","2026-05-14 11:21:00","2026-05-14 16:00:00","2026-05-14 11:01:01","2026-05-14 11:21:01","call side",719.45,721.58
"QQQ-IC-0DTE-HedgeC-S3","shortcallspread","-725 call, +727 call","QQQ","closed",27,0,0.17,0.28,-459,-297,-0.060109,-0.647059,4941,"16.41793","0.090208","-0.05882353","-0.58823529","2026-05-14 11:01:01","2026-05-14 11:19:00","2026-05-14 16:00:00","2026-05-14 11:01:01","2026-05-14 11:19:01","call side",719.45,721.35
"IC-SPX-FastPT25-S2","shortcallspread","-7,520 call, +7,525 call","SPX","closed",10,0,0.3,0.45,-300,-150,-0.031915,-0.5,4700,"24.85175","0.052541","0.1","-0.33333333","2026-05-14 10:00:11","2026-05-14 10:06:00","2026-05-14 16:00:00","2026-05-14 10:00:11","2026-05-14 10:16:01","call side",7465.45,7478.27
"IC-SPX-FastPT25-S2","shortputspread","-7,420 put, +7,415 put","SPX","closed",10,0,0.35,0.25,-350,100,0.021505,0.285714,4650,"32.87847","0.070706","0.28571429","-0.08571429","2026-05-14 10:16:00","2026-05-14 10:04:00","2026-05-14 16:00:00","2026-05-14 10:02:04","2026-05-14 10:16:00","put side",7474.13,7478.27
"IC-SPX-FastPT25-S2","shortputspread","-7,410 put, +7,405 put","SPX","closed",10,0,0.35,0.25,-350,100,0.021505,0.285714,4650,"33.21216","0.071424","0.28571429","0.05714286","2026-05-14 10:02:00","2026-05-14 10:00:10","2026-05-14 16:00:00","2026-05-14 10:00:10","2026-05-14 10:02:01","put side",7465.45,7474.22
"IC-SPX-FastPT25-S2","shortputspread","-7,420 put, +7,415 put","SPX","closed",10,0,0.35,0.55,-350,-200,-0.043011,-0.571429,4650,"30.8588","0.066079","0.05714286","-0.57142857","2026-05-14 09:57:02","2026-05-14 10:00:00","2026-05-14 16:00:00","2026-05-14 09:57:02","2026-05-14 10:00:08","put side",7474.46,7465.69
"IC-SPX-FastPT25-S2","shortcallspread","-7,530 call, +7,535 call","SPX","closed",10,0,0.2,0.15,-200,50,0.010417,0.25,4800,"18.64564","0.038845","0.25","0","2026-05-14 10:00:00","2026-05-14 09:59:03","2026-05-14 16:00:00","2026-05-14 09:59:03","2026-05-14 10:00:00","call side",7471.96,7466.34
"IC-SPX-FastPT25-S2","shortcallspread","-7,530 call, +7,535 call","SPX","closed",10,0,0.2,0.15,-200,50,0.010417,0.25,4800,"15.03539","0.031129","0.25","0.15","2026-05-14 09:59:00","2026-05-14 09:57:03","2026-05-14 16:00:00","2026-05-14 09:57:03","2026-05-14 09:59:00","call side",7474.47,7472
"IC-SPX-FastPT25-S2","shortcallspread","-7,530 call, +7,535 call","SPX","closed",10,0,0.2,0.25,-200,-50,-0.010417,-0.25,4800,"18.28928","0.038103","0.15","-0.5","2026-05-14 09:56:00","2026-05-14 09:50:00","2026-05-14 16:00:00","2026-05-14 09:38:03","2026-05-14 09:57:02","call side",7471.95,7474.46
"IC-SPX-FastPT25-S2","shortputspread","-7,415 put, +7,410 put","SPX","closed",10,0,0.35,0.25,-350,100,0.021505,0.285714,4650,"33.03568","0.071044","0.28571429","0","2026-05-14 09:57:00","2026-05-14 09:38:02","2026-05-14 16:00:00","2026-05-14 09:38:02","2026-05-14 09:57:00","put side",7471.54,7474.5
"Nigiri-Paper-v1","shortputspread","-716 put, +711 put","SPY","closed",10,1,0.08,0.02,-80,60,0.012195,0.75,4920,"8.92733","0.018182","0.875","-0.375","2026-05-14 09:49:00","2026-05-13 09:48:00","2026-05-15 16:00:00","2026-05-13 09:45:25","2026-05-14 09:49:06","",736.73,745.38
"IC-SPX-FastPT25-S2","shortcallspread","-7,520 call, +7,525 call","SPX","closed",10,0,0.25,0.4,-250,-150,-0.031579,-0.6,4750,"21.07478","0.044182","0.2","-0.4","2026-05-14 09:31:02","2026-05-14 09:35:00","2026-05-14 16:00:00","2026-05-14 09:31:02","2026-05-14 09:38:02","call side",7462.37,7471.54
"IC-SPX-FastPT25-S2","shortputspread","-7,405 put, +7,400 put","SPX","closed",10,0,0.35,0.25,-350,100,0.021505,0.285714,4650,"33.24695","0.071499","0.37142857","0.14285714","2026-05-14 09:38:00","2026-05-14 09:31:01","2026-05-14 16:00:00","2026-05-14 09:31:01","2026-05-14 09:38:00","put side",7462.86,7471.78
"1-45pm-Sandwich-Paper-v1","ironcondor","+7,440 put, -7,445 put, -7,455 call, +7,460 call","SPX","expired",1,0,2.85,0.75,-285,210,0.976744,0.736842,215,"-7.161225","-0.03285","0.75438596","-0.14035088","2026-05-13 15:57:00","2026-05-13 14:17:00","2026-05-13 16:00:00","2026-05-13 13:45:02","2026-05-13 16:15:00",,7447.62,7444.25
"Opening Range Breakout 60m","shortputspread","-7,375 put, +7,360 put","SPX","expired",1,0,1.05,0,-105,105,0.075269,1,1395,"77.1013","0.055151","1","0.02857143","2026-05-13 14:16:00","2026-05-13 11:00:02","2026-05-13 16:00:00","2026-05-13 11:00:02","2026-05-13 16:15:00","test a",7410.12,7444.25
"QQQ-IC-0DTE-Baseline","ironcondor","+708 put, -709 put, -718 call, +719 call","QQQ","closed",108,0,0.08,0.07,-864,108,0.01087,0.125,9936,"7.33379","0.081487","0.625","-1.875","2026-05-13 15:34:00","2026-05-13 14:29:00","2026-05-13 16:00:00","2026-05-13 13:30:34","2026-05-13 15:50:32","",714.84,715.07
"QQQ-IC-0DTE-Raw-HoldToExp","shortcallspread","-716 call, +718 call","QQQ","closed",1,0,0.16,0.49,-16,-33,-0.179348,-2.0625,184,"14.35071","0.078419","0.4375","-4.25","2026-05-13 11:58:00","2026-05-13 14:29:00","2026-05-13 16:00:00","2026-05-13 11:01:02","2026-05-13 15:50:00","call side",711.03,715.85
"QQQ-IC-0DTE-HedgeD-Conditional","shortcallspread","-716 call, +718 call","QQQ","closed",27,0,0.16,0.49,-432,-891,-0.179348,-2.0625,4968,"14.35071","0.078419","0.4375","-4.25","2026-05-13 11:58:00","2026-05-13 14:29:00","2026-05-13 16:00:00","2026-05-13 11:01:02","2026-05-13 15:50:00","call side",711.03,715.85
"QQQ-IC-0DTE-Raw-HoldToExp","shortputspread","-706 put, +704 put","QQQ","closed",1,0,0.16,0.01,-16,15,0.081522,0.9375,184,"14.63228","0.079958","1","-0.5","2026-05-13 14:25:00","2026-05-13 11:28:00","2026-05-13 16:00:00","2026-05-13 11:01:00","2026-05-13 15:50:00","put side",711.04,715.85
"QQQ-IC-0DTE-HedgeA-S1","shortcallspread","-716 call, +718 call","QQQ","closed",27,0,0.16,0.73,-432,-1539,-0.309783,-3.5625,4968,"14.35071","0.078419","0.4375","-3.4375","2026-05-13 11:58:00","2026-05-13 14:16:00","2026-05-13 16:00:00","2026-05-13 11:01:02","2026-05-13 14:16:02","call side",711.03,716.18
"QQQ-IC-0DTE-HedgeTest","shortcallspread","-716 call, +718 call","QQQ","closed",27,0,0.16,0.72,-432,-1512,-0.304348,-3.5,4968,"14.35071","0.078419","0.4375","-3.4375","2026-05-13 11:58:00","2026-05-13 14:16:00","2026-05-13 16:00:00","2026-05-13 11:01:02","2026-05-13 14:16:01","call side",711.03,716.2
"QQQ-IC-0DTE-HedgeC-S3","shortcallspread","-716 call, +718 call","QQQ","closed",27,0,0.16,0.32,-432,-432,-0.086957,-1,4968,"14.35071","0.078419","0.4375","-0.9375","2026-05-13 11:58:00","2026-05-13 12:25:00","2026-05-13 16:00:00","2026-05-13 11:01:02","2026-05-13 12:25:01","call side",711.03,713.46
"QQQ-IC-0DTE-HedgeD-Conditional","shortputspread","-706 put, +704 put","QQQ","closed",27,0,0.16,0.08,-432,216,0.043478,0.5,4968,"14.63228","0.079958","0.5625","-0.5","2026-05-13 12:20:00","2026-05-13 11:28:00","2026-05-13 16:00:00","2026-05-13 11:01:00","2026-05-13 12:20:11","put side",711.04,712.29
"QQQ-IC-0DTE-HedgeA-S1","shortputspread","-706 put, +704 put","QQQ","closed",27,0,0.16,0.08,-432,216,0.043478,0.5,4968,"14.63228","0.079958","0.5625","-0.5","2026-05-13 12:20:00","2026-05-13 11:28:00","2026-05-13 16:00:00","2026-05-13 11:01:00","2026-05-13 12:20:11","put side",711.04,712.29
"QQQ-IC-0DTE-HedgeTest","shortputspread","-706 put, +704 put","QQQ","closed",27,0,0.16,0.08,-432,216,0.043478,0.5,4968,"14.63228","0.079958","0.5625","-0.5","2026-05-13 12:20:00","2026-05-13 11:28:00","2026-05-13 16:00:00","2026-05-13 11:01:00","2026-05-13 12:20:11","put side",711.04,712.29
"QQQ-IC-0DTE-HedgeB-S2","shortputspread","-706 put, +704 put","QQQ","closed",27,0,0.16,0.11,-432,135,0.027174,0.3125,4968,"14.63228","0.079958","0.5","-0.5","2026-05-13 11:44:00","2026-05-13 11:28:00","2026-05-13 16:00:00","2026-05-13 11:01:00","2026-05-13 11:47:00","put side",711.04,711.82
"QQQ-IC-0DTE-HedgeB-S2","shortcallspread","-716 call, +718 call","QQQ","closed",27,0,0.16,0.18,-432,-54,-0.01087,-0.125,4968,"14.35071","0.078419","0.375","-0.125","2026-05-13 11:28:00","2026-05-13 11:03:00","2026-05-13 16:00:00","2026-05-13 11:01:02","2026-05-13 11:44:00","call side",711.03,712.14
"60min-ORB-10W-Paper-v1","shortputspread","-7,375 put, +7,365 put","SPX","closed",1,0,0.8,0.3,-80,50,0.054348,0.625,920,"55.8636","0.060524","0.625","0.0375","2026-05-13 11:37:00","2026-05-13 11:00:02","2026-05-13 16:00:00","2026-05-13 11:00:02","2026-05-13 11:37:00","test a",7410.12,7418.95
"QQQ-IC-0DTE-HedgeC-S3","shortputspread","-706 put, +704 put","QQQ","closed",27,0,0.16,0.25,-432,-243,-0.048913,-0.5625,4968,"14.63228","0.079958","0.125","-0.5","2026-05-13 11:03:00","2026-05-13 11:28:00","2026-05-13 16:00:00","2026-05-13 11:01:00","2026-05-13 11:28:00","put side",711.04,710
"IC-SPX-FastPT25-S2","shortcallspread","-7,435 call, +7,440 call","SPX","closed",10,0,0.3,0.4,-300,-100,-0.021277,-0.333333,4700,"28.49754","0.060633","0","-0.5","2026-05-13 09:49:03","2026-05-13 09:55:00","2026-05-13 16:00:00","2026-05-13 09:49:03","2026-05-13 10:12:02","call side",7377.52,7391.1
"IC-SPX-FastPT25-S2","shortcallspread","-7,445 call, +7,450 call","SPX","closed",10,0,0.25,0.15,-250,100,0.021053,0.4,4750,"20.05527","0.042045","0.4","0","2026-05-13 10:12:00","2026-05-13 09:55:00","2026-05-13 16:00:00","2026-05-13 09:43:03","2026-05-13 10:12:00","call side",7391.98,7391.31
"3DTE $140-$350","ironcondor","+7,215 put, -7,225 put, -7,590 call, +7,600 call","SPX","closed",1,2,0.55,0.15,-55,40,0.042328,0.727273,945,"12.203202","0.012913","1","-0.58181818","2026-05-11 15:57:00","2026-05-12 11:26:00","2026-05-14 16:00:00","2026-05-11 10:00:05","2026-05-13 10:00:03","180,60percent",7409.09,7391.31
"IC-SPX-FastPT25-S2","shortputspread","-7,320 put, +7,315 put","SPX","closed",10,0,0.35,0.25,-350,100,0.021505,0.285714,4650,"30.60345","0.065392","0.28571429","0.08571429","2026-05-13 09:50:00","2026-05-13 09:49:02","2026-05-13 16:00:00","2026-05-13 09:49:03","2026-05-13 09:50:00","put side",7377.52,7384.18
"IC-SPX-FastPT25-S2","shortputspread","-7,330 put, +7,325 put","SPX","closed",10,0,0.4,0.65,-400,-250,-0.054348,-0.625,4600,"35.99286","0.077907","0.05","-0.425","2026-05-13 09:46:02","2026-05-13 09:49:00","2026-05-13 16:00:00","2026-05-13 09:46:03","2026-05-13 09:49:02","put side",7385.21,7376.32
"IC-SPX-FastPT25-S2","shortputspread","-7,335 put, +7,330 put","SPX","closed",10,0,0.3,0.45,-300,-150,-0.031915,-0.5,4700,"26.29925","0.055719","0.06666667","-0.33333333","2026-05-13 09:43:02","2026-05-13 09:46:00","2026-05-13 16:00:00","2026-05-13 09:43:02","2026-05-13 09:46:02","put side",7391.7,7385.21
"Nigiri-Paper-v1","shortputspread","-712 put, +707 put","SPY","closed",10,1,0.09,0.06,-90,30,0.00611,0.333333,4910,"9.20379","0.018783","0.44444444","-0.11111111","2026-05-12 15:52:00","2026-05-12 14:00:23","2026-05-15 16:00:00","2026-05-12 14:00:23","2026-05-13 09:45:13","",735.12,736.71
"IC-SPX-FastPT25-S2","shortcallspread","-7,445 call, +7,450 call","SPX","closed",10,0,0.25,0.3,-250,-50,-0.010526,-0.2,4750,"19.74878","0.041315","0.2","0","2026-05-13 09:40:00","2026-05-13 09:39:00","2026-05-13 16:00:00","2026-05-13 09:37:04","2026-05-13 09:43:02","call side",7389.48,7391.7
"IC-SPX-FastPT25-S2","shortputspread","-7,335 put, +7,330 put","SPX","closed",10,0,0.35,0.25,-350,100,0.021505,0.285714,4650,"30.77341","0.065896","0.28571429","0","2026-05-13 09:43:00","2026-05-13 09:38:00","2026-05-13 16:00:00","2026-05-13 09:37:02","2026-05-13 09:43:00","put side",7390.16,7392.84
"IC-SPX-FastPT25-S2","shortputspread","-7,345 put, +7,340 put","SPX","closed",10,0,0.35,0.6,-350,-250,-0.053763,-0.714286,4650,"33.1988","0.071395","0","-0.34285714","2026-05-13 09:31:01","2026-05-13 09:37:00","2026-05-13 16:00:00","2026-05-13 09:31:01","2026-05-13 09:37:02","put side",7402.29,7389.86
"IC-SPX-FastPT25-S2","shortcallspread","-7,450 call, +7,455 call","SPX","closed",10,0,0.2,0.15,-200,50,0.010417,0.25,4800,"15.64943","0.032468","0.25","-0.15","2026-05-13 09:37:00","2026-05-13 09:35:00","2026-05-13 16:00:00","2026-05-13 09:33:03","2026-05-13 09:37:00","call side",7394.47,7390.47
"IC-SPX-FastPT25-S2","shortcallspread","-7,460 call, +7,465 call","SPX","closed",10,0,0.15,0.1,-150,50,0.010309,0.333333,4850,"13.20276","0.027222","0.33333333","0","2026-05-13 09:33:00","2026-05-13 09:31:02","2026-05-13 16:00:00","2026-05-13 09:31:02","2026-05-13 09:33:00","call side",7402.21,7394.51
"Opening Range Breakout 60m","shortcallspread","-7,395 call, +7,410 call","SPX","expired",1,0,1.55,5.96,-155,-441,-0.327881,-2.845161,1345,"64.70553","0.048469","0.93548387","-7.41935484","2026-05-12 12:43:00","2026-05-12 15:54:00","2026-05-12 16:00:00","2026-05-12 10:45:06","2026-05-12 16:15:00","test b",7365.94,7400.96
"3DTE $140-$350","ironcondor","+7,120 put, -7,130 put, -7,600 call, +7,610 call","SPX","expired",1,5,0.35,0,-35,35,0.036269,1,965,"-50.912477","-0.052759","1","-0.71428571","2026-05-11 10:13:00","2026-05-07 13:28:00","2026-05-12 16:00:00","2026-05-07 10:00:07","2026-05-12 16:15:00","230",7364.23,7400.96
"1-45pm-Sandwich-Paper-v1","ironcondor","+7,360 put, -7,365 put, -7,375 call, +7,380 call","SPX","expired",1,0,3.3,5,-330,-170,-1,-0.515152,170,"15.638855","0.091993","0.06969697","-0.53030303","2026-05-12 14:12:00","2026-05-12 15:32:00","2026-05-12 16:00:00","2026-05-12 13:45:02","2026-05-12 16:15:00",,7368.62,7400.96
"QQQ-IC-0DTE-Baseline","ironcondor","+694 put, -695 put, -704 call, +705 call","QQQ","closed",114,0,0.13,0.94,-1482,-9234,-0.931034,-6.230769,9918,"13.20703","0.155377","0.23076923","-6.15384615","2026-05-12 14:10:00","2026-05-12 15:50:00","2026-05-12 16:00:00","2026-05-12 13:30:35","2026-05-12 15:50:11","",700.24,706.83
"QQQ-IC-0DTE-Raw-HoldToExp","shortputspread","-698 put, +696 put","QQQ","closed",1,0,0.19,0.01,-19,18,0.099448,0.947368,181,"16.84182","0.093566","1","-4.42105263","2026-05-12 15:30:00","2026-05-12 12:59:00","2026-05-12 16:00:00","2026-05-12 11:01:00","2026-05-12 15:50:01","put side",703.1,706.47
"QQQ-IC-0DTE-Raw-HoldToExp","shortcallspread","-708 call, +710 call","QQQ","closed",1,0,0.18,0.06,-18,12,0.065934,0.666667,182,"14.8424","0.082002","1","-0.11111111","2026-05-12 15:04:00","2026-05-12 11:01:03","2026-05-12 16:00:00","2026-05-12 11:01:03","2026-05-12 15:50:01","call side",703.2,706.47
"Nigiri-Paper-v1","shortputspread","-710 put, +705 put","SPY","closed",10,1,0.08,0.08,-80,0,0,0,4920,"8.35665","0.01702","0.125","-0.875","2026-05-11 10:54:00","2026-05-12 11:25:00","2026-05-15 16:00:00","2026-05-11 09:45:29","2026-05-12 14:00:11","",738.63,735.12
"QQQ-IC-0DTE-HedgeD-Conditional","shortputspread","-698 put, +696 put","QQQ","closed",27,0,0.19,0.98,-513,-2133,-0.436464,-4.157895,4887,"16.84182","0.093566","0.15789474","-4.05263158","2026-05-12 11:09:00","2026-05-12 12:54:00","2026-05-12 16:00:00","2026-05-12 11:01:00","2026-05-12 12:54:01","put side",703.1,696.91
"QQQ-IC-0DTE-HedgeTest","shortputspread","-698 put, +696 put","QQQ","closed",27,0,0.19,0.81,-513,-1674,-0.342541,-3.263158,4887,"16.84182","0.093566","0.15789474","-3.21052632","2026-05-12 11:09:00","2026-05-12 12:42:00","2026-05-12 16:00:00","2026-05-12 11:01:00","2026-05-12 12:42:06","put side",703.1,697.61
"QQQ-IC-0DTE-HedgeA-S1","shortputspread","-698 put, +696 put","QQQ","closed",27,0,0.19,0.81,-513,-1674,-0.342541,-3.263158,4887,"16.84182","0.093566","0.15789474","-3.21052632","2026-05-12 11:09:00","2026-05-12 12:42:00","2026-05-12 16:00:00","2026-05-12 11:01:00","2026-05-12 12:42:00","put side",703.1,697.7
"QQQ-IC-0DTE-HedgeC-S3","shortcallspread","-708 call, +710 call","QQQ","closed",27,0,0.18,0.09,-486,243,0.049451,0.5,4914,"14.8424","0.082002","0.55555556","-0.11111111","2026-05-12 11:22:00","2026-05-12 11:01:03","2026-05-12 16:00:00","2026-05-12 11:01:03","2026-05-12 11:22:11","call side",703.2,700.92
"QQQ-IC-0DTE-HedgeA-S1","shortcallspread","-708 call, +710 call","QQQ","closed",27,0,0.18,0.09,-486,243,0.049451,0.5,4914,"14.8424","0.082002","0.55555556","-0.11111111","2026-05-12 11:22:00","2026-05-12 11:01:03","2026-05-12 16:00:00","2026-05-12 11:01:03","2026-05-12 11:22:11","call side",703.2,700.92
"QQQ-IC-0DTE-HedgeTest","shortcallspread","-708 call, +710 call","QQQ","closed",27,0,0.18,0.09,-486,243,0.049451,0.5,4914,"14.8424","0.082002","0.55555556","-0.11111111","2026-05-12 11:22:00","2026-05-12 11:01:03","2026-05-12 16:00:00","2026-05-12 11:01:03","2026-05-12 11:22:11","call side",703.2,700.92
"QQQ-IC-0DTE-HedgeD-Conditional","shortcallspread","-708 call, +710 call","QQQ","closed",27,0,0.18,0.09,-486,243,0.049451,0.5,4914,"14.8424","0.082002","0.55555556","-0.11111111","2026-05-12 11:22:00","2026-05-12 11:01:03","2026-05-12 16:00:00","2026-05-12 11:01:03","2026-05-12 11:22:11","call side",703.2,700.92
"QQQ-IC-0DTE-HedgeB-S2","shortcallspread","-708 call, +710 call","QQQ","closed",27,0,0.18,0.11,-486,189,0.038462,0.388889,4914,"14.8424","0.082002","0.5","-0.11111111","2026-05-12 11:17:00","2026-05-12 11:01:03","2026-05-12 16:00:00","2026-05-12 11:01:03","2026-05-12 11:20:01","call side",703.2,701.41
"QQQ-IC-0DTE-HedgeB-S2","shortputspread","-698 put, +696 put","QQQ","closed",27,0,0.19,0.33,-513,-378,-0.077348,-0.736842,4887,"16.84182","0.093566","0.15789474","-0.68421053","2026-05-12 11:09:00","2026-05-12 11:17:00","2026-05-12 16:00:00","2026-05-12 11:01:00","2026-05-12 11:17:00","put side",703.1,701.35
"QQQ-IC-0DTE-HedgeC-S3","shortputspread","-698 put, +696 put","QQQ","closed",27,0,0.19,0.3,-513,-297,-0.060773,-0.578947,4887,"16.84182","0.093566","0.15789474","-0.52631579","2026-05-12 11:09:00","2026-05-12 11:16:00","2026-05-12 16:00:00","2026-05-12 11:01:00","2026-05-12 11:16:00","put side",703.1,701.57
"IC-SPX-FastPT25-S2","shortputspread","-7,315 put, +7,310 put","SPX","closed",10,0,0.35,0.45,-350,-100,-0.021505,-0.285714,4650,"29.58433","0.063622","0.22857143","-0.05714286","2026-05-12 10:00:00","2026-05-12 10:01:00","2026-05-12 16:00:00","2026-05-12 09:59:00","2026-05-12 10:01:02","put side",7370.19,7369.59
"IC-SPX-FastPT25-S2","shortcallspread","-7,430 call, +7,435 call","SPX","closed",10,0,0.2,0.15,-200,50,0.010417,0.25,4800,"14.816","0.030867","0.25","0","2026-05-12 09:59:00","2026-05-12 09:58:04","2026-05-12 16:00:00","2026-05-12 09:58:04","2026-05-12 09:59:00","call side",7373.83,7370.19
"IC-SPX-FastPT25-S2","shortputspread","-7,325 put, +7,320 put","SPX","closed",10,0,0.35,0.55,-350,-200,-0.043011,-0.571429,4650,"29.72641","0.063928","0","-0.2","2026-05-12 09:55:04","2026-05-12 09:57:00","2026-05-12 16:00:00","2026-05-12 09:55:04","2026-05-12 09:58:03","put side",7380.84,7373.58
"IC-SPX-FastPT25-S2","shortcallspread","-7,435 call, +7,440 call","SPX","closed",10,0,0.15,0.1,-150,50,0.010309,0.333333,4850,"8.91602","0.018384","0.33333333","0","2026-05-12 09:58:00","2026-05-12 09:55:05","2026-05-12 16:00:00","2026-05-12 09:55:05","2026-05-12 09:58:01","call side",7380.1,7374.04
"IC-SPX-FastPT25-S2","shortcallspread","-7,435 call, +7,440 call","SPX","closed",10,0,0.15,0.2,-150,-50,-0.010309,-0.333333,4850,"10.16612","0.020961","0","-0.33333333","2026-05-12 09:49:04","2026-05-12 09:54:00","2026-05-12 16:00:00","2026-05-12 09:49:05","2026-05-12 09:55:03","call side",7377.4,7381.16
"IC-SPX-FastPT25-S2","shortputspread","-7,320 put, +7,315 put","SPX","closed",10,0,0.35,0.25,-350,100,0.021505,0.285714,4650,"27.50227","0.058766","0.28571429","-0.14285714","2026-05-12 09:55:00","2026-05-12 09:52:00","2026-05-12 16:00:00","2026-05-12 09:50:04","2026-05-12 09:55:00","put side",7377.72,7381.25
"IC-SPX-FastPT25-S2","shortputspread","-7,320 put, +7,315 put","SPX","closed",10,0,0.35,0.25,-350,100,0.021505,0.285714,4650,"27.25932","0.058246","0.28571429","0.08571429","2026-05-12 09:50:00","2026-05-12 09:49:03","2026-05-12 16:00:00","2026-05-12 09:49:04","2026-05-12 09:50:00","put side",7377.3,7379.4
"IC-SPX-FastPT25-S2","shortputspread","-7,330 put, +7,325 put","SPX","closed",10,0,0.3,0.6,-300,-300,-0.06383,-1,4700,"24.12755","0.051335","0","-0.73333333","2026-05-12 09:31:01","2026-05-12 09:38:00","2026-05-12 16:00:00","2026-05-12 09:31:01","2026-05-12 09:49:03","put side",7386.7,7376.69
"IC-SPX-FastPT25-S2","shortcallspread","-7,435 call, +7,440 call","SPX","closed",10,0,0.2,0.15,-200,50,0.010417,0.25,4800,"12.00757","0.025016","0.25","-0.4","2026-05-12 09:49:00","2026-05-12 09:44:00","2026-05-12 16:00:00","2026-05-12 09:32:03","2026-05-12 09:49:00","call side",7381.13,7376.81
"IC-SPX-FastPT25-S2","shortcallspread","-7,440 call, +7,445 call","SPX","closed",10,0,0.2,0.15,-200,50,0.010417,0.25,4800,"11.5537","0.02407","0.25","0","2026-05-12 09:32:00","2026-05-12 09:31:02","2026-05-12 16:00:00","2026-05-12 09:31:02","2026-05-12 09:32:00","call side",7386.6,7381.64
"Opening Range Breakout 60m","shortputspread","-7,380 put, +7,365 put","SPX","expired",1,0,0.65,0,-65,65,0.045296,1,1435,"20.45097","0.014222","1","-0.07692308","2026-05-11 15:34:00","2026-05-11 11:15:00","2026-05-11 16:00:00","2026-05-11 11:00:01","2026-05-11 16:15:00","test a",7418.02,7412.84
"3DTE $140-$350","ironcondor","+7,210 put, -7,220 put, -7,565 call, +7,575 call","SPX","expired",1,3,0.3,0,-30,30,0.030928,1,970,"-52.852207","-0.054487","1","-0.1","2026-05-11 10:36:00","2026-05-08 10:18:00","2026-05-11 16:00:00","2026-05-08 10:05:02","2026-05-11 16:15:00","170",7390.19,7412.84
"QQQ-IC-0DTE-Raw-HoldToExp","shortputspread","-707 put, +705 put","QQQ","closed",1,0,0.13,0.01,-13,12,0.064171,0.923077,187,"10.70327","0.057544","1","-0.07692308","2026-05-11 15:46:00","2026-05-11 11:01:00","2026-05-11 16:00:00","2026-05-11 11:01:00","2026-05-11 15:50:00","put side",712.18,712.63
"QQQ-IC-0DTE-Raw-HoldToExp","shortcallspread","-717 call, +719 call","QQQ","closed",1,0,0.09,0.01,-9,8,0.041885,0.888889,191,"5.5141","0.029022","1","-1.22222222","2026-05-11 15:16:00","2026-05-11 12:03:00","2026-05-11 16:00:00","2026-05-11 11:01:02","2026-05-11 15:50:00","call side",712.14,712.63
"Trendy-Paper-v1","shortputspread","-715 put, +705 put","SPY","closed",1,4,0.69,0.36,-69,33,0.035446,0.478261,931,"-41.65721","-0.044793","0.60869565","-0.56521739","2026-05-11 11:30:00","2026-05-07 13:27:00","2026-05-18 16:00:00","2026-05-07 10:30:13","2026-05-11 15:00:17",,734.66,738.61
"QQQ-IC-0DTE-Range075-PT50-Wide2-1230PM","shortputspread","-707 put, +705 put","QQQ","closed",1,0,0.08,0.03,-8,5,0.026042,0.625,192,"8.14806","0.04266","0.75","-0.25","2026-05-11 13:27:00","2026-05-11 12:43:00","2026-05-11 16:00:00","2026-05-11 12:43:00","2026-05-11 13:27:11","put side",712.21,713.6
"QQQ-IC-0DTE-HedgeD-Conditional","shortcallspread","-717 call, +719 call","QQQ","closed",26,0,0.09,0.04,-234,130,0.026178,0.555556,4966,"5.5141","0.029022","0.66666667","-1.22222222","2026-05-11 13:14:00","2026-05-11 12:03:00","2026-05-11 16:00:00","2026-05-11 11:01:02","2026-05-11 13:14:11","call side",712.14,712.36
"QQQ-IC-0DTE-HedgeA-S1","shortcallspread","-717 call, +719 call","QQQ","closed",26,0,0.09,0.04,-234,130,0.026178,0.555556,4966,"5.5141","0.029022","0.66666667","-1.22222222","2026-05-11 13:14:00","2026-05-11 12:03:00","2026-05-11 16:00:00","2026-05-11 11:01:02","2026-05-11 13:14:11","call side",712.14,712.36
"QQQ-IC-0DTE-HedgeTest","shortcallspread","-717 call, +719 call","QQQ","closed",26,0,0.09,0.04,-234,130,0.026178,0.555556,4966,"5.5141","0.029022","0.66666667","-1.22222222","2026-05-11 13:14:00","2026-05-11 12:03:00","2026-05-11 16:00:00","2026-05-11 11:01:02","2026-05-11 13:14:11","call side",712.14,712.36
"QQQ-IC-0DTE-HedgeTest","shortputspread","-707 put, +705 put","QQQ","closed",26,0,0.13,0.06,-338,182,0.037433,0.538462,4862,"10.70327","0.057544","0.61538462","-0.07692308","2026-05-11 11:53:00","2026-05-11 11:01:00","2026-05-11 16:00:00","2026-05-11 11:01:00","2026-05-11 11:53:11","put side",712.18,713.73
"QQQ-IC-0DTE-HedgeD-Conditional","shortputspread","-707 put, +705 put","QQQ","closed",26,0,0.13,0.06,-338,182,0.037433,0.538462,4862,"10.70327","0.057544","0.61538462","-0.07692308","2026-05-11 11:53:00","2026-05-11 11:01:00","2026-05-11 16:00:00","2026-05-11 11:01:00","2026-05-11 11:53:11","put side",712.18,713.73
"QQQ-IC-0DTE-HedgeC-S3","shortputspread","-707 put, +705 put","QQQ","closed",26,0,0.13,0.06,-338,182,0.037433,0.538462,4862,"10.70327","0.057544","0.61538462","-0.07692308","2026-05-11 11:53:00","2026-05-11 11:01:00","2026-05-11 16:00:00","2026-05-11 11:01:00","2026-05-11 11:53:11","put side",712.18,713.73
"QQQ-IC-0DTE-HedgeA-S1","shortputspread","-707 put, +705 put","QQQ","closed",26,0,0.13,0.06,-338,182,0.037433,0.538462,4862,"10.70327","0.057544","0.61538462","-0.07692308","2026-05-11 11:53:00","2026-05-11 11:01:00","2026-05-11 16:00:00","2026-05-11 11:01:00","2026-05-11 11:53:11","put side",712.18,713.73
"QQQ-IC-0DTE-HedgeC-S3","shortcallspread","-717 call, +719 call","QQQ","closed",26,0,0.09,0.15,-234,-156,-0.031414,-0.666667,4966,"5.5141","0.029022","0.11111111","-0.55555556","2026-05-11 11:14:00","2026-05-11 11:48:00","2026-05-11 16:00:00","2026-05-11 11:01:02","2026-05-11 11:48:00","call side",712.14,713.47
"QQQ-IC-0DTE-HedgeB-S2","shortputspread","-707 put, +705 put","QQQ","closed",26,0,0.13,0.09,-338,104,0.02139,0.307692,4862,"10.70327","0.057544","0.53846154","-0.07692308","2026-05-11 11:29:00","2026-05-11 11:01:00","2026-05-11 16:00:00","2026-05-11 11:01:00","2026-05-11 11:32:00","put side",712.18,713.11
"QQQ-IC-0DTE-HedgeB-S2","shortcallspread","-717 call, +719 call","QQQ","closed",26,0,0.09,0.13,-234,-104,-0.020942,-0.444444,4966,"5.5141","0.029022","0.11111111","-0.44444444","2026-05-11 11:14:00","2026-05-11 11:10:00","2026-05-11 16:00:00","2026-05-11 11:01:02","2026-05-11 11:29:00","call side",712.14,713.06
"IC-SPX-FastPT25-S2","shortcallspread","-7,465 call, +7,470 call","SPX","closed",10,0,0.1,0.05,-100,50,0.010204,0.5,4900,"1.73485","0.003526","0.5","-0.3","2026-05-11 10:09:00","2026-05-11 09:47:03","2026-05-11 16:00:00","2026-05-11 09:47:03","2026-05-11 10:09:00","call side",7408.71,7409.53
"IC-SPX-FastPT25-S2","shortputspread","-7,350 put, +7,345 put","SPX","closed",10,0,0.15,0.2,-150,-50,-0.010309,-0.333333,4850,"10.41265","0.021469","0","0","2026-05-11 10:01:00","2026-05-11 10:01:00","2026-05-11 16:00:00","2026-05-11 10:01:01","2026-05-11 10:03:02","put side",7407.73,7408.13
"IC-SPX-FastPT25-S2","shortputspread","-7,350 put, +7,345 put","SPX","closed",10,0,0.2,0.15,-200,50,0.010417,0.25,4800,"11.07267","0.02283","0.25","0.15","2026-05-11 10:01:00","2026-05-11 10:00:02","2026-05-11 16:00:00","2026-05-11 10:00:02","2026-05-11 10:01:00","put side",7409.44,7407.86
"IC-SPX-FastPT25-S2","shortputspread","-7,360 put, +7,355 put","SPX","closed",10,0,0.25,0.3,-250,-50,-0.010526,-0.2,4750,"15.52681","0.032551","0.2","-0.08","2026-05-11 09:51:00","2026-05-11 09:57:00","2026-05-11 16:00:00","2026-05-11 09:49:02","2026-05-11 09:59:02","put side",7413.93,7408.6
"IC-SPX-FastPT25-S2","shortputspread","-7,350 put, +7,345 put","SPX","closed",10,0,0.25,0.15,-250,100,0.021053,0.4,4750,"13.83673","0.028947","0.4","0.12","2026-05-11 09:49:00","2026-05-11 09:44:02","2026-05-11 16:00:00","2026-05-11 09:44:02","2026-05-11 09:49:00","put side",7403.31,7413.89
"IC-SPX-FastPT25-S2","shortcallspread","-7,460 call, +7,465 call","SPX","closed",10,0,0.1,0.2,-100,-100,-0.020408,-1,4900,"3.75695","0.007667","0","-0.3","2026-05-11 09:44:03","2026-05-11 09:46:00","2026-05-11 16:00:00","2026-05-11 09:44:03","2026-05-11 09:47:01","call side",7403.48,7408.82
"Nigiri-Paper-v1","shortputspread","-704 put, +699 put","SPY","closed",10,3,0.1,0.07,-100,30,0.006122,0.3,4900,"5.62101","0.011495","0.4","-0.2","2026-05-08 15:53:00","2026-05-08 10:16:00","2026-05-15 16:00:00","2026-05-08 09:45:30","2026-05-11 09:45:13","",735.63,738.61
"IC-SPX-FastPT25-S2","shortcallspread","-7,455 call, +7,460 call","SPX","closed",10,0,0.1,0.15,-100,-50,-0.010204,-0.5,4900,"2.41422","0.004927","0","-0.5","2026-05-11 09:34:03","2026-05-11 09:42:00","2026-05-11 16:00:00","2026-05-11 09:34:03","2026-05-11 09:44:02","call side",7399.77,7403.31
"IC-SPX-FastPT25-S2","shortputspread","-7,345 put, +7,340 put","SPX","closed",10,0,0.25,0.15,-250,100,0.021053,0.4,4750,"17.72807","0.037322","0.4","-0.12","2026-05-11 09:44:00","2026-05-11 09:37:00","2026-05-11 16:00:00","2026-05-11 09:34:02","2026-05-11 09:44:00","put side",7400.23,7402.73
"IC-SPX-FastPT25-S2","shortputspread","-7,335 put, +7,330 put","SPX","closed",10,0,0.25,0.15,-250,100,0.021053,0.4,4750,"14.89429","0.03116","0.4","0.12","2026-05-11 09:41:00","2026-05-11 09:31:01","2026-05-11 16:00:00","2026-05-11 09:31:01","2026-05-11 09:41:00","put side",7390.62,7399.91
"IC-SPX-FastPT25-S2","shortcallspread","-7,445 call, +7,450 call","SPX","closed",10,0,0.15,0.3,-150,-150,-0.030928,-1,4850,"4.1983","0.008621","0.2","-0.13333333","2026-05-11 09:31:01","2026-05-11 09:33:00","2026-05-11 16:00:00","2026-05-11 09:31:01","2026-05-11 09:34:01","call side",7391.21,7399.81
"Friday 14 DTE Broken Wing IB (B-70)","ironbutterfly","+7,260 put, -7,320 put, -7,320 call, +7,360 call","SPX","closed",1,3,41.9,40.5,-4190,140,0.077348,0.033413,1810,"-92.76327","-0.05125","0.03341289","-0.00596659","2026-05-11 09:33:00","2026-05-08 14:56:00","2026-05-22 16:00:00","2026-05-08 10:30:05","2026-05-11 09:33:00","14 dte",7390.31,7399.07
"QQQ-IC-0DTE-Raw-HoldToExp","shortputspread","-702 put, +700 put","QQQ","closed",1,0,0.15,0.01,-15,14,0.075676,0.933333,185,"9.8789","0.05369","1","-0.26666667","2026-05-08 15:14:00","2026-05-08 11:19:00","2026-05-08 16:00:00","2026-05-08 11:01:01","2026-05-08 15:50:00","put side",706.85,710.24
"QQQ-IC-0DTE-HedgeD-Conditional","shortcallspread","-711 call, +713 call","QQQ","closed",25,0,0.07,0.17,-175,-250,-0.051813,-1.428571,4825,"2.47832","0.012908","0","-6","2026-05-08 11:19:00","2026-05-08 13:36:00","2026-05-08 16:00:00","2026-05-08 11:18:05","2026-05-08 15:50:00","call side",706.15,710.24
"QQQ-IC-0DTE-Raw-HoldToExp","shortcallspread","-711 call, +713 call","QQQ","closed",1,0,0.07,0.17,-7,-10,-0.051813,-1.428571,193,"2.47832","0.012908","0","-6","2026-05-08 11:19:00","2026-05-08 13:36:00","2026-05-08 16:00:00","2026-05-08 11:18:03","2026-05-08 15:50:00","call side",706.13,710.24
"QQQ-IC-0DTE-HedgeA-S1","shortcallspread","-711 call, +713 call","QQQ","closed",25,0,0.07,0.17,-175,-250,-0.051813,-1.428571,4825,"2.47832","0.012908","0","-6","2026-05-08 11:19:00","2026-05-08 13:36:00","2026-05-08 16:00:00","2026-05-08 11:18:05","2026-05-08 15:50:00","call side",706.15,710.24
"QQQ-IC-0DTE-HedgeTest","shortcallspread","-711 call, +713 call","QQQ","closed",25,0,0.07,0.17,-175,-250,-0.051813,-1.428571,4825,"2.47832","0.012908","0","-6","2026-05-08 11:19:00","2026-05-08 13:36:00","2026-05-08 16:00:00","2026-05-08 11:18:04","2026-05-08 15:50:00","call side",706.16,710.24
"QQQ-IC-0DTE-Baseline","ironcondor","+704 put, -705 put, -713 call, +715 call","QQQ","closed",54,0,0.16,0.08,-864,432,0.043478,0.5,9936,"7.681974","0.042209","0.625","-0.1875","2026-05-08 14:30:00","2026-05-08 13:31:00","2026-05-08 16:00:00","2026-05-08 13:30:35","2026-05-08 14:30:32","",710.22,709.82
"QQQ-IC-0DTE-HedgeA-S1","shortputspread","-702 put, +700 put","QQQ","closed",27,0,0.15,0.06,-405,243,0.048649,0.6,4995,"9.8789","0.05369","0.66666667","-0.26666667","2026-05-08 12:16:00","2026-05-08 11:19:00","2026-05-08 16:00:00","2026-05-08 11:01:01","2026-05-08 12:16:11","put side",706.85,708.1
"QQQ-IC-0DTE-HedgeD-Conditional","shortputspread","-702 put, +700 put","QQQ","closed",27,0,0.15,0.06,-405,243,0.048649,0.6,4995,"9.8789","0.05369","0.66666667","-0.26666667","2026-05-08 12:16:00","2026-05-08 11:19:00","2026-05-08 16:00:00","2026-05-08 11:01:01","2026-05-08 12:16:11","put side",706.85,708.1
"QQQ-IC-0DTE-HedgeC-S3","shortputspread","-702 put, +700 put","QQQ","closed",27,0,0.15,0.06,-405,243,0.048649,0.6,4995,"9.8789","0.05369","0.66666667","-0.26666667","2026-05-08 12:16:00","2026-05-08 11:19:00","2026-05-08 16:00:00","2026-05-08 11:01:01","2026-05-08 12:16:11","put side",706.85,708.1
"QQQ-IC-0DTE-HedgeTest","shortputspread","-702 put, +700 put","QQQ","closed",27,0,0.15,0.06,-405,243,0.048649,0.6,4995,"9.8789","0.05369","0.66666667","-0.26666667","2026-05-08 12:16:00","2026-05-08 11:19:00","2026-05-08 16:00:00","2026-05-08 11:01:01","2026-05-08 12:16:11","put side",706.85,708.1
"QQQ-IC-0DTE-HedgeC-S3","shortcallspread","-711 call, +713 call","QQQ","closed",25,0,0.07,0.13,-175,-150,-0.031088,-0.857143,4825,"2.47832","0.012908","0","-0.71428571","2026-05-08 11:19:00","2026-05-08 11:21:00","2026-05-08 16:00:00","2026-05-08 11:18:03","2026-05-08 11:21:00","call side",706.13,706.63
"QQQ-IC-0DTE-HedgeB-S2","shortcallspread","-711 call, +713 call","QQQ","closed",25,0,0.07,0.08,-175,-25,-0.005181,-0.142857,4825,"2.47832","0.012908","0","-0.14285714","2026-05-08 11:19:00","2026-05-08 11:18:03","2026-05-08 16:00:00","2026-05-08 11:18:03","2026-05-08 11:19:01","call side",706.13,706.02
"QQQ-IC-0DTE-HedgeB-S2","shortputspread","-702 put, +700 put","QQQ","closed",27,0,0.15,0.18,-405,-81,-0.016216,-0.2,4995,"9.8789","0.05369","0","-0.13333333","2026-05-08 11:04:00","2026-05-08 11:01:00","2026-05-08 16:00:00","2026-05-08 11:01:01","2026-05-08 11:11:01","put side",706.85,706.62
"IC-SPX-FastPT25-S2","shortputspread","-7,335 put, +7,330 put","SPX","closed",10,0,0.3,0.35,-300,-50,-0.010638,-0.166667,4700,"15.60951","0.033001","0.16666667","0.1","2026-05-08 10:08:00","2026-05-08 10:07:02","2026-05-08 16:00:00","2026-05-08 10:07:02","2026-05-08 10:10:03","put side",7388.55,7387.63
"IC-SPX-FastPT25-S2","shortputspread","-7,335 put, +7,330 put","SPX","closed",10,0,0.25,0.35,-250,-100,-0.021053,-0.4,4750,"14.47241","0.030468","0","-0.08","2026-05-08 10:04:03","2026-05-08 10:07:00","2026-05-08 16:00:00","2026-05-08 10:04:03","2026-05-08 10:07:02","put side",7389.72,7388.39
"IC-SPX-FastPT25-S2","shortcallspread","-7,445 call, +7,450 call","SPX","closed",10,0,0.1,0.05,-100,50,0.010204,0.5,4900,"-1.96215","-0.003988","0.5","0.2","2026-05-08 10:06:00","2026-05-08 10:05:04","2026-05-08 16:00:00","2026-05-08 10:05:04","2026-05-08 10:06:00","call side",7389.27,7390.02
"IC-SPX-FastPT25-S2","shortputspread","-7,335 put, +7,330 put","SPX","closed",10,0,0.25,0.3,-250,-50,-0.010526,-0.2,4750,"12.84348","0.026869","0","-0.32","2026-05-08 10:03:00","2026-05-08 10:01:00","2026-05-08 16:00:00","2026-05-08 10:00:08","2026-05-08 10:04:02","put side",7391.67,7389.72
"IC-SPX-FastPT25-S2","shortcallspread","-7,445 call, +7,450 call","SPX","closed",10,0,0.1,0.05,-100,50,0.010204,0.5,4900,"-4.59435","-0.009338","0.5","0.2","2026-05-08 10:04:00","2026-05-08 10:00:08","2026-05-08 16:00:00","2026-05-08 10:00:08","2026-05-08 10:04:00","call side",7391.67,7390.27
"IC-SPX-FastPT25-S2","shortcallspread","-7,430 call, +7,435 call","SPX","closed",10,0,0.15,0.35,-150,-200,-0.041237,-1.333333,4850,"0.82989","0.001711","0.13333333","-0.86666667","2026-05-08 09:45:03","2026-05-08 10:00:00","2026-05-08 16:00:00","2026-05-08 09:45:03","2026-05-08 10:00:03","call side",7377.11,7391.13
"IC-SPX-FastPT25-S2","shortputspread","-7,325 put, +7,320 put","SPX","closed",10,0,0.3,0.2,-300,100,0.021277,0.333333,4700,"17.25007","0.036547","0.33333333","0.06666667","2026-05-08 10:00:00","2026-05-08 09:46:02","2026-05-08 16:00:00","2026-05-08 09:46:03","2026-05-08 10:00:01","put side",7380.82,7389.31
"IC-SPX-FastPT25-S2","shortputspread","-7,315 put, +7,310 put","SPX","closed",10,0,0.3,0.2,-300,100,0.021277,0.333333,4700,"18.90407","0.040221","0.33333333","0","2026-05-08 09:46:00","2026-05-08 09:32:00","2026-05-08 16:00:00","2026-05-08 09:31:01","2026-05-08 09:46:00","put side",7371.51,7380.73
"Nigiri-Paper-v1","shortputspread","-699 put, +694 put","SPY","closed",10,1,0.09,0.09,-90,0,0,0,4910,"3.237","0.006606","0.22222222","-0.66666667","2026-05-07 10:59:00","2026-05-07 13:27:00","2026-05-15 16:00:00","2026-05-07 09:45:24","2026-05-08 09:45:13","",734.28,735.46
"IC-SPX-FastPT25-S2","shortcallspread","-7,430 call, +7,435 call","SPX","closed",10,0,0.15,0.1,-150,50,0.010309,0.333333,4850,"3.01487","0.006216","0.33333333","0.13333333","2026-05-08 09:45:00","2026-05-08 09:44:00","2026-05-08 16:00:00","2026-05-08 09:43:03","2026-05-08 09:45:00","call side",7374.87,7374.56
"IC-SPX-FastPT25-S2","shortcallspread","-7,425 call, +7,430 call","SPX","closed",10,0,0.2,0.25,-200,-50,-0.010417,-0.25,4800,"4.23292","0.008764","0.15","-0.1","2026-05-08 09:31:03","2026-05-08 09:34:00","2026-05-08 16:00:00","2026-05-08 09:31:03","2026-05-08 09:43:02","call side",7369.8,7374.87
"Opening Range Breakout 60m","shortputspread","-7,355 put, +7,340 put","SPX","expired",1,0,1.9,15,-190,-1310,-1,-6.894737,1310,"-52.07091","-0.039658","0.39473684","-6.92105263","2026-05-07 10:57:00","2026-05-07 15:57:00","2026-05-07 16:00:00","2026-05-07 10:45:02","2026-05-07 16:15:00","test a",7376.25,7337.11
"QQQ-IC-0DTE-Raw-HoldToExp","shortputspread","-695 put, +693 put","QQQ","closed",1,0,0.09,0.61,-9,-52,-0.272251,-5.777778,191,"4.32227","0.022749","0","-15.33333333","2026-05-07 11:38:00","2026-05-07 15:26:00","2026-05-07 16:00:00","2026-05-07 11:01:01","2026-05-07 15:50:00","put side",700.54,695.13
"QQQ-IC-0DTE-Fortress-NoPT50","shortputspread","-688 put, +686 put","QQQ","closed",26,0,0.09,0.01,-234,208,0.041885,0.888889,4966,"9.04958","0.047629","1","-0.11111111","2026-05-07 15:37:00","2026-05-07 13:31:01","2026-05-07 16:00:00","2026-05-07 13:31:00","2026-05-07 15:50:00","put side",693.3,695.13
"QQQ-IC-0DTE-Range075-PT50-Wide2-1230PM","shortcallspread","-701 call, +703 call","QQQ","closed",1,0,0.07,0.01,-7,6,0.031088,0.857143,193,"3.7699","0.019635","1","-0.42857143","2026-05-07 13:21:00","2026-05-07 12:34:00","2026-05-07 16:00:00","2026-05-07 12:31:03","2026-05-07 15:50:00","call side",696.24,695.13
"QQQ-IC-0DTE-Raw-HoldToExp","shortcallspread","-705 call, +707 call","QQQ","closed",1,0,0.09,0.01,-9,8,0.041885,0.888889,191,"0.88556","0.004661","1","-0.22222222","2026-05-07 11:59:00","2026-05-07 11:03:00","2026-05-07 16:00:00","2026-05-07 11:02:03","2026-05-07 15:50:00","call side",700.21,695.13
"QQQ-IC-0DTE-Baseline","ironcondor","+687 put, -688 put, -697 call, +698 call","QQQ","closed",113,0,0.12,0.06,-1356,678,0.068182,0.5,9944,"9.556966","0.111128","0.66666667","-0.83333333","2026-05-07 14:53:00","2026-05-07 14:08:00","2026-05-07 16:00:00","2026-05-07 13:30:35","2026-05-07 14:53:32","",693.08,693.01
"3DTE $140-$350","ironcondor","+7,060 put, -7,070 put, -7,435 call, +7,445 call","SPX","closed",1,2,0.55,0.15,-55,40,0.042328,0.727273,945,"-23.474242","-0.02484","1","-1.72727273","2026-05-05 10:23:00","2026-05-06 15:56:00","2026-05-08 16:00:00","2026-05-05 10:05:02","2026-05-07 14:45:01","180,60percent",7250.69,7325.89
"QQQ-IC-0DTE-Range075-PT50-Wide2-1230PM","shortputspread","-691 put, +689 put","QQQ","closed",1,0,0.1,0.05,-10,5,0.026316,0.5,190,"8.07097","0.042704","0.6","-3.7","2026-05-07 14:19:00","2026-05-07 13:27:00","2026-05-07 16:00:00","2026-05-07 12:31:01","2026-05-07 14:19:11","put side",696.15,695.37
"QQQ-IC-0DTE-Fortress","shortputspread","-688 put, +686 put","QQQ","closed",26,0,0.09,0.04,-234,130,0.026178,0.555556,4966,"9.04958","0.047629","0.66666667","-0.11111111","2026-05-07 13:59:00","2026-05-07 13:31:01","2026-05-07 16:00:00","2026-05-07 13:31:00","2026-05-07 13:59:11","put side",693.3,694.99
"QQQ-IC-0DTE-Fortress-S2","shortputspread","-688 put, +686 put","QQQ","closed",26,0,0.09,0.06,-234,78,0.015707,0.333333,4966,"9.04958","0.047629","0.55555556","-0.11111111","2026-05-07 13:41:00","2026-05-07 13:31:01","2026-05-07 16:00:00","2026-05-07 13:31:00","2026-05-07 13:44:01","put side",693.3,694.27
"QQQ-IC-0DTE-HedgeD-Conditional","shortputspread","-695 put, +693 put","QQQ","closed",26,0,0.09,0.91,-234,-2132,-0.429319,-9.111111,4966,"4.32227","0.022749","0","-9","2026-05-07 11:38:00","2026-05-07 13:18:00","2026-05-07 16:00:00","2026-05-07 11:01:01","2026-05-07 13:18:00","put side",700.54,693.91
"QQQ-IC-0DTE-HedgeA-S1","shortputspread","-695 put, +693 put","QQQ","closed",26,0,0.09,0.84,-234,-1950,-0.39267,-8.333333,4966,"4.32227","0.022749","0","-8.44444444","2026-05-07 11:38:00","2026-05-07 12:16:00","2026-05-07 16:00:00","2026-05-07 11:01:01","2026-05-07 12:16:01","put side",700.54,694.25
"QQQ-IC-0DTE-HedgeTest","shortputspread","-695 put, +693 put","QQQ","closed",26,0,0.09,0.83,-234,-1924,-0.387435,-8.222222,4966,"4.32227","0.022749","0","-8.44444444","2026-05-07 11:38:00","2026-05-07 12:16:00","2026-05-07 16:00:00","2026-05-07 11:01:01","2026-05-07 12:16:01","put side",700.54,694.25
"QQQ-IC-0DTE-HedgeA-S1","shortcallspread","-705 call, +707 call","QQQ","closed",26,0,0.09,0.04,-234,130,0.026178,0.555556,4966,"0.88556","0.004661","0.66666667","-0.22222222","2026-05-07 11:50:00","2026-05-07 11:03:00","2026-05-07 16:00:00","2026-05-07 11:02:05","2026-05-07 11:50:11","call side",700.28,698.57
"QQQ-IC-0DTE-HedgeTest","shortcallspread","-705 call, +707 call","QQQ","closed",26,0,0.09,0.04,-234,130,0.026178,0.555556,4966,"0.88556","0.004661","0.66666667","-0.22222222","2026-05-07 11:50:00","2026-05-07 11:03:00","2026-05-07 16:00:00","2026-05-07 11:02:04","2026-05-07 11:50:11","call side",700.22,698.57
"QQQ-IC-0DTE-HedgeD-Conditional","shortcallspread","-705 call, +707 call","QQQ","closed",26,0,0.09,0.04,-234,130,0.026178,0.555556,4966,"0.88556","0.004661","0.66666667","-0.22222222","2026-05-07 11:50:00","2026-05-07 11:03:00","2026-05-07 16:00:00","2026-05-07 11:02:05","2026-05-07 11:50:11","call side",700.28,698.57
"QQQ-IC-0DTE-HedgeC-S3","shortcallspread","-705 call, +707 call","QQQ","closed",26,0,0.09,0.04,-234,130,0.026178,0.555556,4966,"0.88556","0.004661","0.66666667","-0.22222222","2026-05-07 11:50:00","2026-05-07 11:03:00","2026-05-07 16:00:00","2026-05-07 11:02:03","2026-05-07 11:50:11","call side",700.21,698.57
"QQQ-IC-0DTE-HedgeB-S2","shortcallspread","-705 call, +707 call","QQQ","closed",26,0,0.09,0.06,-234,78,0.015707,0.333333,4966,"0.88556","0.004661","0.55555556","-0.22222222","2026-05-07 11:25:00","2026-05-07 11:03:00","2026-05-07 16:00:00","2026-05-07 11:02:05","2026-05-07 11:31:00","call side",700.28,699.48
"QQQ-IC-0DTE-HedgeB-S2","shortputspread","-695 put, +693 put","QQQ","closed",26,0,0.09,0.16,-234,-182,-0.036649,-0.777778,4966,"4.32227","0.022749","-0.11111111","-1","2026-05-07 11:01:01","2026-05-07 11:07:00","2026-05-07 16:00:00","2026-05-07 11:01:01","2026-05-07 11:25:00","put side",700.54,699.19
"QQQ-IC-0DTE-HedgeC-S3","shortputspread","-695 put, +693 put","QQQ","closed",26,0,0.09,0.16,-234,-182,-0.036649,-0.777778,4966,"4.32227","0.022749","-0.11111111","-0.66666667","2026-05-07 11:01:01","2026-05-07 11:06:00","2026-05-07 16:00:00","2026-05-07 11:01:01","2026-05-07 11:06:00","put side",700.54,699.39
"Trendy-Paper-v1","shortputspread","-705 put, +695 put","SPY","closed",1,6,0.69,0.07,-69,62,0.066595,0.898551,931,"-54.38268","-0.058413","0.91304348","-1.07246377","2026-05-07 10:07:00","2026-05-04 12:09:00","2026-05-11 16:00:00","2026-05-01 10:45:02","2026-05-07 10:15:19",,722.93,734.73
"IC-SPX-FastPT25-S2","shortputspread","-7,305 put, +7,300 put","SPX","closed",10,0,0.35,0.35,-350,0,0,0,4650,"17.44359","0.037273","0.14285714","0.08571429","2026-05-07 09:53:00","2026-05-07 09:50:04","2026-05-07 16:00:00","2026-05-07 09:50:04","2026-05-07 09:53:02","put side",7360.84,7363.04
"IC-SPX-FastPT25-S2","shortputspread","-7,305 put, +7,300 put","SPX","closed",10,0,0.3,0.4,-300,-100,-0.021277,-0.333333,4700,"16.52184","0.035153","0.16666667","-0.16666667","2026-05-07 09:47:00","2026-05-07 09:50:00","2026-05-07 16:00:00","2026-05-07 09:46:02","2026-05-07 09:50:02","put side",7362.2,7360.84
"IC-SPX-FastPT25-S2","shortcallspread","-7,415 call, +7,420 call","SPX","closed",10,0,0.25,0.15,-250,100,0.021053,0.4,4750,"3.8064","0.00798","0.4","0","2026-05-07 09:50:00","2026-05-07 09:47:00","2026-05-07 16:00:00","2026-05-07 09:46:03","2026-05-07 09:50:00","call side",7362.26,7360.87
"IC-SPX-FastPT25-S2","shortputspread","-7,315 put, +7,310 put","SPX","closed",10,0,0.3,0.55,-300,-250,-0.053191,-0.833333,4700,"11.18203","0.023792","-0.1","-0.4","2026-05-07 09:41:02","2026-05-07 09:46:00","2026-05-07 16:00:00","2026-05-07 09:41:02","2026-05-07 09:46:02","put side",7368.02,7362.2
"IC-SPX-FastPT25-S2","shortcallspread","-7,420 call, +7,425 call","SPX","closed",10,0,0.2,0.15,-200,50,0.010417,0.25,4800,"0.52399","0.001092","0.25","0","2026-05-07 09:46:00","2026-05-07 09:45:00","2026-05-07 16:00:00","2026-05-07 09:42:03","2026-05-07 09:46:00","call side",7367.14,7362.92
"Nigiri-Paper-v1","shortputspread","-709 put, +704 put","SPY","closed",10,1,0.09,0.04,-90,50,0.010183,0.555556,4910,"7.37852","0.015058","0.77777778","-0.11111111","2026-05-07 09:31:00","2026-05-06 09:45:25","2026-05-08 16:00:00","2026-05-06 09:45:25","2026-05-07 09:45:12","",729.29,734.27
"IC-SPX-FastPT25-S2","shortcallspread","-7,425 call, +7,430 call","SPX","closed",10,0,0.15,0.1,-150,50,0.010309,0.333333,4850,"-0.24301","-0.000501","0.33333333","0","2026-05-07 09:42:00","2026-05-07 09:41:03","2026-05-07 16:00:00","2026-05-07 09:41:03","2026-05-07 09:42:00","call side",7368.56,7366.9
"IC-SPX-FastPT25-S2","shortputspread","-7,315 put, +7,310 put","SPX","closed",10,0,0.3,0.4,-300,-100,-0.021277,-0.333333,4700,"11.70644","0.024802","0.16666667","0","2026-05-07 09:34:00","2026-05-07 09:35:00","2026-05-07 16:00:00","2026-05-07 09:33:02","2026-05-07 09:41:01","put side",7370.67,7368.02
"IC-SPX-FastPT25-S2","shortcallspread","-7,425 call, +7,430 call","SPX","closed",10,0,0.15,0.1,-150,50,0.010309,0.333333,4850,"-3.48356","-0.007183","0.33333333","0","2026-05-07 09:41:00","2026-05-07 09:33:03","2026-05-07 16:00:00","2026-05-07 09:33:03","2026-05-07 09:41:00","call side",7370.69,7367.87
"IC-SPX-FastPT25-S2","shortputspread","-7,315 put, +7,310 put","SPX","closed",10,0,0.25,0.35,-250,-100,-0.021053,-0.4,4750,"10.64325","0.022407","0","-0.2","2026-05-07 09:31:01","2026-05-07 09:33:00","2026-05-07 16:00:00","2026-05-07 09:31:01","2026-05-07 09:33:02","put side",7372.6,7370.67
"IC-SPX-FastPT25-S2","shortcallspread","-7,430 call, +7,435 call","SPX","closed",10,0,0.15,0.1,-150,50,0.010309,0.333333,4850,"0.08181","0.000169","0.33333333","0","2026-05-07 09:33:00","2026-05-07 09:31:02","2026-05-07 16:00:00","2026-05-07 09:31:03","2026-05-07 09:33:00","call side",7372.45,7370.12
"Opening Range Breakout 60m","shortputspread","-7,290 put, +7,275 put","SPX","expired",1,0,0.55,0,-55,55,0.038062,1,1445,"28.09195","0.019414","1","0","2026-05-06 14:21:00","2026-05-06 10:47:00","2026-05-06 16:00:00","2026-05-06 10:45:02","2026-05-06 16:15:00","test a",7342.3,7365.12
"QQQ-IC-0DTE-Raw-HoldToExp","shortputspread","-686 put, +684 put","QQQ","closed",1,0,0.08,0.01,-8,7,0.036458,0.875,192,"3.57122","0.018697","1","-0.125","2026-05-06 14:35:00","2026-05-06 11:01:00","2026-05-06 16:00:00","2026-05-06 11:01:00","2026-05-06 15:50:01","put side",691.34,694.47
"QQQ-IC-0DTE-HedgeD-Conditional","shortputspread","-686 put, +684 put","QQQ","closed",26,0,0.08,0.04,-208,104,0.020833,0.5,4992,"3.57122","0.018697","0.625","-0.125","2026-05-06 12:14:00","2026-05-06 11:01:00","2026-05-06 16:00:00","2026-05-06 11:01:00","2026-05-06 12:14:11","put side",691.34,692.74
"QQQ-IC-0DTE-HedgeC-S3","shortputspread","-686 put, +684 put","QQQ","closed",26,0,0.08,0.04,-208,104,0.020833,0.5,4992,"3.57122","0.018697","0.625","-0.125","2026-05-06 12:14:00","2026-05-06 11:01:00","2026-05-06 16:00:00","2026-05-06 11:01:00","2026-05-06 12:14:11","put side",691.34,692.74
"QQQ-IC-0DTE-HedgeTest","shortputspread","-686 put, +684 put","QQQ","closed",26,0,0.08,0.04,-208,104,0.020833,0.5,4992,"3.57122","0.018697","0.625","-0.125","2026-05-06 12:14:00","2026-05-06 11:01:00","2026-05-06 16:00:00","2026-05-06 11:01:00","2026-05-06 12:14:11","put side",691.34,692.74
"QQQ-IC-0DTE-HedgeA-S1","shortputspread","-686 put, +684 put","QQQ","closed",26,0,0.08,0.04,-208,104,0.020833,0.5,4992,"3.57122","0.018697","0.625","-0.125","2026-05-06 12:14:00","2026-05-06 11:01:00","2026-05-06 16:00:00","2026-05-06 11:01:00","2026-05-06 12:14:11","put side",691.34,692.74
"QQQ-IC-0DTE-HedgeB-S2","shortputspread","-686 put, +684 put","QQQ","closed",26,0,0.08,0.09,-208,-26,-0.005208,-0.125,4992,"3.57122","0.018697","0","-0.125","2026-05-06 11:08:00","2026-05-06 11:01:00","2026-05-06 16:00:00","2026-05-06 11:01:00","2026-05-06 11:11:00","put side",691.34,691.55
"IC-SPX-FastPT25-S2","shortputspread","-7,260 put, +7,255 put","SPX","closed",10,0,0.3,0.3,-300,0,0,0,4700,"15.11282","0.032155","0.23333333","-0.06666667","2026-05-06 10:08:00","2026-05-06 10:07:00","2026-05-06 16:00:00","2026-05-06 10:07:01","2026-05-06 10:09:02","put side",7312.7,7318.12
"IC-SPX-FastPT25-S2","shortcallspread","-7,365 call, +7,370 call","SPX","closed",10,0,0.2,0.15,-200,50,0.010417,0.25,4800,"5.15833","0.010747","0.25","0.15","2026-05-06 10:08:00","2026-05-06 10:07:02","2026-05-06 16:00:00","2026-05-06 10:07:02","2026-05-06 10:08:01","call side",7311.85,7317.07
"IC-SPX-FastPT25-S2","shortcallspread","-7,360 call, +7,365 call","SPX","closed",10,0,0.1,0.25,-100,-150,-0.030612,-1.5,4900,"-5.64486","-0.01152","0","-1","2026-05-06 09:51:03","2026-05-06 09:54:00","2026-05-06 16:00:00","2026-05-06 09:51:03","2026-05-06 09:54:01","call side",7306.35,7316.35
"IC-SPX-FastPT25-S2","shortputspread","-7,250 put, +7,245 put","SPX","closed",10,0,0.25,0.15,-250,100,0.021053,0.4,4750,"10.86785","0.022784","0.4","0.08","2026-05-06 09:53:00","2026-05-06 09:51:02","2026-05-06 16:00:00","2026-05-06 09:51:02","2026-05-06 09:53:00","put side",7306.52,7314.14
"IC-SPX-FastPT25-S2","shortputspread","-7,260 put, +7,255 put","SPX","closed",10,0,0.25,0.45,-250,-200,-0.042105,-0.8,4750,"8.47193","0.017836","0.08","-0.32","2026-05-06 09:48:00","2026-05-06 09:51:00","2026-05-06 16:00:00","2026-05-06 09:42:01","2026-05-06 09:51:01","put side",7313.21,7307.18
"IC-SPX-FastPT25-S2","shortcallspread","-7,370 call, +7,375 call","SPX","closed",10,0,0.1,0.05,-100,50,0.010204,0.5,4900,"-2.5389","-0.005181","0.5","0","2026-05-06 09:51:00","2026-05-06 09:43:03","2026-05-06 16:00:00","2026-05-06 09:43:04","2026-05-06 09:51:00","call side",7312.74,7307.58
"Nigiri-Paper-v1","shortputspread","-700 put, +695 put","SPY","closed",10,1,0.11,0.04,-110,70,0.014315,0.636364,4890,"7.19364","0.014741","0.72727273","-0.18181818","2026-05-06 09:31:00","2026-05-05 10:20:00","2026-05-08 16:00:00","2026-05-05 10:00:35","2026-05-06 09:45:14","",722.22,729.26
"Nigiri-Paper-v1","shortputspread","-700 put, +695 put","SPY","closed",10,1,0.11,0.04,-110,70,0.014315,0.636364,4890,"7.19364","0.014741","0.72727273","-0.18181818","2026-05-06 09:31:00","2026-05-05 10:20:00","2026-05-08 16:00:00","2026-05-05 10:00:35","2026-05-06 09:45:13","",722.22,729.28
"IC-SPX-FastPT25-S2","shortputspread","-7,255 put, +7,250 put","SPX","closed",10,0,0.25,0.35,-250,-100,-0.021053,-0.4,4750,"11.873","0.024996","0.2","-0.08","2026-05-06 09:37:00","2026-05-06 09:35:00","2026-05-06 16:00:00","2026-05-06 09:34:02","2026-05-06 09:41:01","put side",7311.87,7314.11
"IC-SPX-FastPT25-S2","shortcallspread","-7,365 call, +7,370 call","SPX","closed",10,0,0.2,0.15,-200,50,0.010417,0.25,4800,"-1.50904","-0.003124","0.25","0","2026-05-06 09:41:00","2026-05-06 09:35:00","2026-05-06 16:00:00","2026-05-06 09:34:03","2026-05-06 09:41:00","call side",7312.37,7314.34
"QQQ long call","longcallspread","+680 call, -775 call","QQQ","closed",1,2,28.76,36.09,2876,733,0.254868,0.254868,2876,"-393.13278","-0.137123","0.25521558","-0.07649513","2026-05-06 09:35:00","2026-05-04 12:11:00","2026-08-21 16:00:00","2026-05-04 09:45:07","2026-05-06 09:35:00","",674.65,689.09
"IC-SPX-FastPT25-S2","shortcallspread","-7,360 call, +7,365 call","SPX","closed",10,0,0.15,0.3,-150,-150,-0.030928,-1,4850,"0.19036","0.000393","-0.13333333","-0.66666667","2026-05-06 09:31:03","2026-05-06 09:33:00","2026-05-06 16:00:00","2026-05-06 09:31:03","2026-05-06 09:34:02","call side",7304.11,7311.87
"IC-SPX-FastPT25-S2","shortputspread","-7,250 put, +7,245 put","SPX","closed",10,0,0.35,0.25,-350,100,0.021505,0.285714,4650,"18.63107","0.040067","0.28571429","0.08571429","2026-05-06 09:33:00","2026-05-06 09:31:02","2026-05-06 16:00:00","2026-05-06 09:31:01","2026-05-06 09:33:01","put side",7304.07,7314.53
"Opening Range Breakout 60m","shortputspread","-7,230 put, +7,215 put","SPX","expired",1,0,1.05,0,-105,105,0.075269,1,1395,"-23.29639","-0.016664","1","-0.25714286","2026-05-05 15:06:00","2026-05-05 11:34:00","2026-05-05 16:00:00","2026-05-05 11:15:02","2026-05-05 16:15:00","test a",7259.28,7259.22
"QQQ-IC-0DTE-HedgeTest","shortcallspread","-685 call, +687 call","QQQ","closed",26,0,0.09,0.03,-234,156,0.031414,0.666667,4966,"1.06168","0.005588","0.77777778","-0.88888889","2026-05-05 15:52:00","2026-05-05 11:47:00","2026-05-05 16:00:00","2026-05-05 11:01:25","2026-05-05 15:52:11","call side",680.42,681.35
"QQQ-IC-0DTE-HedgeD-Conditional","shortcallspread","-685 call, +687 call","QQQ","closed",26,0,0.09,0.03,-234,156,0.031414,0.666667,4966,"1.06168","0.005588","0.77777778","-0.88888889","2026-05-05 15:52:00","2026-05-05 11:47:00","2026-05-05 16:00:00","2026-05-05 11:01:25","2026-05-05 15:52:11","call side",680.42,681.35
"QQQ-IC-0DTE-HedgeA-S1","shortcallspread","-685 call, +687 call","QQQ","closed",26,0,0.09,0.03,-234,156,0.031414,0.666667,4966,"1.06168","0.005588","0.77777778","-0.88888889","2026-05-05 15:52:00","2026-05-05 11:47:00","2026-05-05 16:00:00","2026-05-05 11:01:25","2026-05-05 15:52:11","call side",680.42,681.35
"QQQ-IC-0DTE-Baseline","ironcondor","+676 put, -677 put, -685 call, +686 call","QQQ","closed",106,0,0.06,0.06,-636,0,0,0,9964,"1.608965","0.017489","0.33333333","-0.83333333","2026-05-05 15:43:00","2026-05-05 14:13:00","2026-05-05 16:00:00","2026-05-05 13:30:35","2026-05-05 15:50:32","",681.77,681.64
"QQQ-IC-0DTE-Raw-HoldToExp","shortputspread","-675 put, +673 put","QQQ","closed",1,0,0.1,0.01,-10,9,0.047368,0.9,190,"6.11703","0.032365","1","-0.1","2026-05-05 15:48:00","2026-05-05 11:01:24","2026-05-05 16:00:00","2026-05-05 11:01:24","2026-05-05 15:50:00","put side",680.46,681.68
"QQQ-IC-0DTE-Raw-HoldToExp","shortcallspread","-685 call, +687 call","QQQ","closed",1,0,0.09,0.05,-9,4,0.020942,0.444444,191,"1.06168","0.005588","0.55555556","-0.88888889","2026-05-05 15:46:00","2026-05-05 11:47:00","2026-05-05 16:00:00","2026-05-05 11:01:25","2026-05-05 15:50:00","call side",680.42,681.68
"QQQ-IC-0DTE-HedgeTest","shortputspread","-675 put, +673 put","QQQ","closed",26,0,0.1,0.05,-260,130,0.026316,0.5,4940,"6.11703","0.032365","0.6","-0.1","2026-05-05 12:22:00","2026-05-05 11:01:24","2026-05-05 16:00:00","2026-05-05 11:01:24","2026-05-05 12:22:11","put side",680.46,681.82
"QQQ-IC-0DTE-HedgeC-S3","shortputspread","-675 put, +673 put","QQQ","closed",26,0,0.1,0.05,-260,130,0.026316,0.5,4940,"6.11703","0.032365","0.6","-0.1","2026-05-05 12:22:00","2026-05-05 11:01:24","2026-05-05 16:00:00","2026-05-05 11:01:24","2026-05-05 12:22:11","put side",680.46,681.82
"QQQ-IC-0DTE-HedgeA-S1","shortputspread","-675 put, +673 put","QQQ","closed",26,0,0.1,0.05,-260,130,0.026316,0.5,4940,"6.11703","0.032365","0.6","-0.1","2026-05-05 12:22:00","2026-05-05 11:01:24","2026-05-05 16:00:00","2026-05-05 11:01:24","2026-05-05 12:22:11","put side",680.46,681.82
"QQQ-IC-0DTE-HedgeD-Conditional","shortputspread","-675 put, +673 put","QQQ","closed",26,0,0.1,0.05,-260,130,0.026316,0.5,4940,"6.11703","0.032365","0.6","-0.1","2026-05-05 12:22:00","2026-05-05 11:01:24","2026-05-05 16:00:00","2026-05-05 11:01:24","2026-05-05 12:22:11","put side",680.46,681.82
"QQQ-IC-0DTE-HedgeB-S2","shortputspread","-675 put, +673 put","QQQ","closed",26,0,0.1,0.07,-260,78,0.015789,0.3,4940,"6.11703","0.032365","0.5","-0.1","2026-05-05 11:48:00","2026-05-05 11:01:24","2026-05-05 16:00:00","2026-05-05 11:01:24","2026-05-05 11:51:00","put side",680.46,681.73
"QQQ-IC-0DTE-HedgeB-S2","shortcallspread","-685 call, +687 call","QQQ","closed",26,0,0.09,0.17,-234,-208,-0.041885,-0.888889,4966,"1.06168","0.005588","-0.11111111","-0.88888889","2026-05-05 11:01:25","2026-05-05 11:47:00","2026-05-05 16:00:00","2026-05-05 11:01:25","2026-05-05 11:48:00","call side",680.42,681.7
"3DTE $140-$350","ironcondor","+7,040 put, -7,050 put, -7,415 call, +7,425 call","SPX","closed",1,1,0.55,0.2,-55,35,0.037037,0.636364,945,"-27.138235","-0.028657","1","-1.27272727","2026-05-04 13:02:00","2026-05-04 12:10:00","2026-05-07 16:00:00","2026-05-04 10:00:07","2026-05-05 11:45:01","180,60percent",7229.7,7254.25
"QQQ-IC-0DTE-HedgeC-S3","shortcallspread","-685 call, +687 call","QQQ","closed",26,0,0.09,0.15,-234,-156,-0.031414,-0.666667,4966,"1.06168","0.005588","-0.11111111","-0.55555556","2026-05-05 11:01:25","2026-05-05 11:05:00","2026-05-05 16:00:00","2026-05-05 11:01:25","2026-05-05 11:05:01","call side",680.42,681.14
"Nigiri-Paper-v1","shortputspread","-693 put, +688 put","SPY","closed",10,4,0.12,0.07,-120,50,0.010246,0.416667,4880,"-0.72885","-0.001497","0.66666667","-1.33333333","2026-05-05 09:33:00","2026-05-04 12:09:00","2026-05-08 16:00:00","2026-05-01 09:40:18","2026-05-05 10:00:01","",722.11,722.46
"IC-SPX-FastPT25-S2","shortputspread","-7,200 put, +7,195 put","SPX","closed",10,0,0.25,0.4,-250,-150,-0.031579,-0.6,4750,"8.03924","0.016925","0","-0.2","2026-05-05 09:52:00","2026-05-05 09:53:00","2026-05-05 16:00:00","2026-05-05 09:52:01","2026-05-05 09:54:02","put side",7251.94,7249.08
"IC-SPX-FastPT25-S2","shortputspread","-7,190 put, +7,185 put","SPX","closed",10,0,0.3,0.2,-300,100,0.021277,0.333333,4700,"14.43833","0.03072","0.33333333","0","2026-05-05 09:53:00","2026-05-05 09:33:02","2026-05-05 16:00:00","2026-05-05 09:33:02","2026-05-05 09:53:00","put side",7244.43,7250.21
"IC-SPX-FastPT25-S2","shortcallspread","-7,300 call, +7,305 call","SPX","closed",10,0,0.1,0.05,-100,50,0.010204,0.5,4900,"-6.06381","-0.012325","0.5","0","2026-05-05 09:52:00","2026-05-05 09:51:00","2026-05-05 16:00:00","2026-05-05 09:50:05","2026-05-05 09:52:01","call side",7245.05,7251.94
"IC-SPX-FastPT25-S2","shortputspread","-7,190 put, +7,185 put","SPX","closed",10,0,0.25,0.15,-250,100,0.021053,0.4,4750,"9.87099","0.020694","0.4","0.08","2026-05-05 09:52:00","2026-05-05 09:50:04","2026-05-05 16:00:00","2026-05-05 09:50:04","2026-05-05 09:52:01","put side",7245.39,7251.94
"IC-SPX-FastPT25-S2","shortputspread","-7,190 put, +7,185 put","SPX","closed",10,0,0.25,0.3,-250,-50,-0.010526,-0.2,4750,"10.87662","0.022898","0.12","-0.2","2026-05-05 09:50:00","2026-05-05 09:44:00","2026-05-05 16:00:00","2026-05-05 09:38:03","2026-05-05 09:50:03","put side",7245.36,7245.1
"IC-SPX-FastPT25-S2","shortcallspread","-7,295 call, +7,300 call","SPX","closed",10,0,0.1,0.05,-100,50,0.010204,0.5,4900,"-7.28274","-0.014863","0.5","-0.3","2026-05-05 09:50:00","2026-05-05 09:48:00","2026-05-05 16:00:00","2026-05-05 09:44:03","2026-05-05 09:50:00","call side",7242.39,7245.19
"IC-SPX-FastPT25-S2","shortcallspread","-7,300 call, +7,305 call","SPX","closed",10,0,0.1,0.05,-100,50,0.010204,0.5,4900,"-5.36214","-0.010899","0.5","0.2","2026-05-05 09:40:00","2026-05-05 09:39:03","2026-05-05 16:00:00","2026-05-05 09:39:03","2026-05-05 09:40:01","call side",7243.53,7245.12
"IC-SPX-FastPT25-S2","shortputspread","-7,190 put, +7,185 put","SPX","closed",10,0,0.25,0.3,-250,-50,-0.010526,-0.2,4750,"8.68259","0.018164","0.12","0","2026-05-05 09:35:00","2026-05-05 09:37:00","2026-05-05 16:00:00","2026-05-05 09:35:00","2026-05-05 09:38:02","put side",7246.37,7245.36
"IC-SPX-FastPT25-S2","shortputspread","-7,190 put, +7,185 put","SPX","closed",10,0,0.35,0.3,-350,50,0.010753,0.142857,4650,"14.28326","0.03052","0.2","0.08571429","2026-05-05 09:33:00","2026-05-05 09:31:01","2026-05-05 16:00:00","2026-05-05 09:31:01","2026-05-05 09:33:02","put side",7242.79,7243.78
"IC-SPX-FastPT25-S2","shortcallspread","-7,295 call, +7,300 call","SPX","closed",10,0,0.1,0.05,-100,50,0.010204,0.5,4900,"-9.57197","-0.019455","0.5","0.2","2026-05-05 09:33:00","2026-05-05 09:31:02","2026-05-05 16:00:00","2026-05-05 09:31:02","2026-05-05 09:33:00","call side",7241.68,7243.47
"QQQ long call","longcallspread","+667 call, -755 call","QQQ","closed",1,8,26.53,33.84,2653,731,0.275537,0.275537,2653,"-259.98455","-0.098033","0.27553713","-0.12024124","2026-05-05 09:31:00","2026-04-28 13:38:00","2026-07-31 16:00:00","2026-04-27 10:30:02","2026-05-05 09:31:01","",662.17,678.31
"Opening Range Breakout 60m","shortputspread","-7,210 put, +7,195 put","SPX","expired",1,0,0.8,9.25,-80,-845,-0.59507,-10.5625,1420,"-34.09041","-0.023957","0.0875","-13.0625","2026-05-04 10:53:00","2026-05-04 15:54:00","2026-05-04 16:00:00","2026-05-04 10:45:03","2026-05-04 16:15:00","test a",7243.13,7200.75
"3DTE $140-$350","ironcondor","+7,065 put, -7,075 put, -7,460 call, +7,470 call","SPX","expired",1,3,0.15,0,-15,15,0.015228,1,985,"-66.362268","-0.067373","1","-1","2026-05-04 10:13:00","2026-05-01 12:24:00","2026-05-04 16:00:00","2026-05-01 10:05:02","2026-05-04 16:15:00","190",7267.47,7200.75
"QQQ-IC-0DTE-Range075-PT50-Wide2-1230PM","shortcallspread","-676 call, +678 call","QQQ","closed",1,0,0.07,0.02,-7,5,0.025907,0.714286,193,"4.43715","0.02311","1","-0.85714286","2026-05-04 15:31:00","2026-05-04 13:20:00","2026-05-04 16:00:00","2026-05-04 12:33:03","2026-05-04 15:50:00","call side",671.21,673.1
"QQQ-IC-0DTE-Raw-HoldToExp","shortputspread","-671 put, +669 put","QQQ","closed",1,0,0.11,0.04,-11,7,0.037037,0.636364,189,"3.73092","0.019845","0.72727273","-7.36363636","2026-05-04 15:50:00","2026-05-04 12:09:00","2026-05-04 16:00:00","2026-05-04 11:01:01","2026-05-04 15:50:00","put side",675.72,673.1
"QQQ-IC-0DTE-Raw-HoldToExp","shortcallspread","-679 call, +681 call","QQQ","closed",1,0,0.07,0.01,-7,6,0.031088,0.857143,193,"1.04888","0.005463","1","-0.14285714","2026-05-04 14:13:00","2026-05-04 11:18:03","2026-05-04 16:00:00","2026-05-04 11:18:03","2026-05-04 15:50:00","call side",674.13,673.1
"QQQ-IC-0DTE-Range075-PT50-Wide2-1230PM","shortputspread","-666 put, +664 put","QQQ","closed",1,0,0.11,0.05,-11,6,0.031746,0.545455,189,"10.11667","0.053812","0.63636364","-0.18181818","2026-05-04 13:16:00","2026-05-04 12:40:00","2026-05-04 16:00:00","2026-05-04 12:31:01","2026-05-04 13:16:11","put side",671.47,672.06
"QQQ-IC-0DTE-HedgeTest","shortcallspread","-679 call, +681 call","QQQ","closed",25,0,0.07,0.03,-175,100,0.020725,0.571429,4825,"1.04888","0.005463","0.71428571","-0.14285714","2026-05-04 12:08:00","2026-05-04 11:18:04","2026-05-04 16:00:00","2026-05-04 11:18:04","2026-05-04 12:08:12","call side",674.2,669.53
"QQQ-IC-0DTE-HedgeD-Conditional","shortcallspread","-679 call, +681 call","QQQ","closed",25,0,0.07,0.03,-175,100,0.020725,0.571429,4825,"1.04888","0.005463","0.71428571","-0.14285714","2026-05-04 12:08:00","2026-05-04 11:18:05","2026-05-04 16:00:00","2026-05-04 11:18:05","2026-05-04 12:08:12","call side",674.14,669.53
"QQQ-IC-0DTE-HedgeA-S1","shortcallspread","-679 call, +681 call","QQQ","closed",25,0,0.07,0.03,-175,100,0.020725,0.571429,4825,"1.04888","0.005463","0.71428571","-0.14285714","2026-05-04 12:08:00","2026-05-04 11:18:05","2026-05-04 16:00:00","2026-05-04 11:18:05","2026-05-04 12:08:12","call side",674.14,669.53
"QQQ-IC-0DTE-HedgeC-S3","shortcallspread","-679 call, +681 call","QQQ","closed",25,0,0.07,0.03,-175,100,0.020725,0.571429,4825,"1.04888","0.005463","0.71428571","-0.14285714","2026-05-04 12:08:00","2026-05-04 11:18:03","2026-05-04 16:00:00","2026-05-04 11:18:03","2026-05-04 12:08:12","call side",674.13,669.53
"Friday 14 DTE Broken Wing IB (B-70)","ironbutterfly","+7,135 put, -7,195 put, -7,195 call, +7,235 call","SPX","closed",1,3,41.35,38.45,-4135,290,0.155496,0.070133,1865,"-208.75056","-0.111931","0.07013301","-0.10036276","2026-05-04 12:08:00","2026-05-01 12:24:00","2026-05-15 16:00:00","2026-05-01 10:30:03","2026-05-04 12:08:01","14 dte",7265.89,7182.5
"QQQ-IC-0DTE-HedgeD-Conditional","shortputspread","-671 put, +669 put","QQQ","closed",26,0,0.11,0.91,-286,-2080,-0.42328,-7.272727,4914,"3.73092","0.019845","0.09090909","-6.81818182","2026-05-04 11:02:00","2026-05-04 12:08:00","2026-05-04 16:00:00","2026-05-04 11:01:01","2026-05-04 12:08:01","put side",675.72,669.87
"QQQ-IC-0DTE-HedgeTest","shortputspread","-671 put, +669 put","QQQ","closed",26,0,0.11,0.86,-286,-1950,-0.396825,-6.818182,4914,"3.73092","0.019845","0.09090909","-6.81818182","2026-05-04 11:02:00","2026-05-04 12:08:00","2026-05-04 16:00:00","2026-05-04 11:01:01","2026-05-04 12:08:01","put side",675.72,669.87
"QQQ-IC-0DTE-HedgeA-S1","shortputspread","-671 put, +669 put","QQQ","closed",26,0,0.11,0.91,-286,-2080,-0.42328,-7.272727,4914,"3.73092","0.019845","0.09090909","-6.81818182","2026-05-04 11:02:00","2026-05-04 12:08:00","2026-05-04 16:00:00","2026-05-04 11:01:01","2026-05-04 12:08:01","put side",675.72,669.87
"QQQ-IC-0DTE-HedgeB-S2","shortcallspread","-679 call, +681 call","QQQ","closed",25,0,0.07,0.09,-175,-50,-0.010363,-0.285714,4825,"1.04888","0.005463","-0.14285714","-0.14285714","2026-05-04 11:18:03","2026-05-04 11:18:03","2026-05-04 16:00:00","2026-05-04 11:18:03","2026-05-04 11:19:01","call side",674.13,673.97
"QQQ-IC-0DTE-HedgeC-S3","shortputspread","-671 put, +669 put","QQQ","closed",26,0,0.11,0.18,-286,-182,-0.037037,-0.636364,4914,"3.73092","0.019845","0.09090909","-0.54545455","2026-05-04 11:02:00","2026-05-04 11:13:00","2026-05-04 16:00:00","2026-05-04 11:01:01","2026-05-04 11:13:00","put side",675.72,674.84
"QQQ-IC-0DTE-HedgeB-S2","shortputspread","-671 put, +669 put","QQQ","closed",26,0,0.11,0.13,-286,-52,-0.010582,-0.181818,4914,"3.73092","0.019845","0.09090909","-0.27272727","2026-05-04 11:02:00","2026-05-04 11:09:00","2026-05-04 16:00:00","2026-05-04 11:01:01","2026-05-04 11:11:00","put side",675.72,675.43
"IC-SPX-FastPT25-S2","shortcallspread","-7,285 call, +7,290 call","SPX","closed",10,0,0.1,0.05,-100,50,0.010204,0.5,4900,"-4.95588","-0.010073","0.5","0","2026-05-04 09:57:00","2026-05-04 09:52:00","2026-05-04 16:00:00","2026-05-04 09:51:04","2026-05-04 09:57:00","call side",7228.73,7228.54
"IC-SPX-FastPT25-S2","shortputspread","-7,175 put, +7,170 put","SPX","closed",10,0,0.25,0.3,-250,-50,-0.010526,-0.2,4750,"7.83569","0.016427","0.2","0","2026-05-04 09:52:00","2026-05-04 09:51:04","2026-05-04 16:00:00","2026-05-04 09:51:03","2026-05-04 09:54:02","put side",7228.75,7229.04
"IC-SPX-FastPT25-S2","shortcallspread","-7,280 call, +7,285 call","SPX","closed",10,0,0.1,0.15,-100,-50,-0.010204,-0.5,4900,"-6.39061","-0.013042","0","0","2026-05-04 09:48:04","2026-05-04 09:48:04","2026-05-04 16:00:00","2026-05-04 09:48:04","2026-05-04 09:51:02","call side",7226.65,7228.75
"IC-SPX-FastPT25-S2","shortputspread","-7,170 put, +7,165 put","SPX","closed",10,0,0.3,0.2,-300,100,0.021277,0.333333,4700,"12.90747","0.027346","0.33333333","0.06666667","2026-05-04 09:51:00","2026-05-04 09:43:00","2026-05-04 16:00:00","2026-05-04 09:42:01","2026-05-04 09:51:00","put side",7224.46,7228.5
"IC-SPX-FastPT25-S2","shortcallspread","-7,280 call, +7,285 call","SPX","closed",10,0,0.1,0.15,-100,-50,-0.010204,-0.5,4900,"-4.4364","-0.009054","0.2","0","2026-05-04 09:45:00","2026-05-04 09:42:02","2026-05-04 16:00:00","2026-05-04 09:42:02","2026-05-04 09:48:02","call side",7224.49,7227.55
"IC-SPX-FastPT25-S2","shortcallspread","-7,275 call, +7,280 call","SPX","closed",10,0,0.15,0.1,-150,50,0.010309,0.333333,4850,"-5.69518","-0.01167","0.33333333","0.2","2026-05-04 09:42:00","2026-05-04 09:41:03","2026-05-04 16:00:00","2026-05-04 09:41:03","2026-05-04 09:42:00","call side",7222.22,7224.46
"IC-SPX-FastPT25-S2","shortputspread","-7,170 put, +7,165 put","SPX","closed",10,0,0.35,0.35,-350,0,0,0,4650,"15.8803","0.034151","0.14285714","0","2026-05-04 09:37:00","2026-05-04 09:34:02","2026-05-04 16:00:00","2026-05-04 09:34:02","2026-05-04 09:41:02","put side",7221.78,7221.54
"IC-SPX-FastPT25-S2","shortcallspread","-7,275 call, +7,280 call","SPX","closed",10,0,0.15,0.1,-150,50,0.010309,0.333333,4850,"-2.72746","-0.005624","0.33333333","0","2026-05-04 09:41:00","2026-05-04 09:34:03","2026-05-04 16:00:00","2026-05-04 09:34:03","2026-05-04 09:41:00","call side",7221.74,7221.04
"IC-SPX-FastPT25-S2","shortcallspread","-7,275 call, +7,280 call","SPX","closed",10,0,0.2,0.25,-200,-50,-0.010417,-0.25,4800,"3.70773","0.007724","0.15","0","2026-05-04 09:32:00","2026-05-04 09:31:02","2026-05-04 16:00:00","2026-05-04 09:31:02","2026-05-04 09:34:01","call side",7220.35,7221.78
"IC-SPX-FastPT25-S2","shortputspread","-7,165 put, +7,160 put","SPX","closed",10,0,0.4,0.3,-400,100,0.021739,0.25,4600,"24.68062","0.053654","0.25","-0.05","2026-05-04 09:34:00","2026-05-04 09:31:01","2026-05-04 16:00:00","2026-05-04 09:31:01","2026-05-04 09:34:00","put side",7220.04,7223.03
"QQQ-IC-0DTE-Raw-HoldToExp","shortcallspread","-678 call, +680 call","QQQ","closed",1,0,0.07,0.01,-7,6,0.031088,0.857143,193,"-0.67743","-0.003528","1","-1.71428571","2026-05-01 15:46:00","2026-05-01 11:50:00","2026-05-01 16:00:00","2026-05-01 11:06:01","2026-05-01 15:50:00","call side",673.22,674.89
"QQQ-IC-0DTE-Raw-HoldToExp","shortputspread","-668 put, +666 put","QQQ","closed",1,0,0.08,0.02,-8,6,0.03125,0.75,192,"3.1925","0.016715","1","-0.75","2026-05-01 15:10:00","2026-05-01 11:03:00","2026-05-01 16:00:00","2026-05-01 11:01:00","2026-05-01 15:50:00","put side",673.49,674.89
"3DTE $140-$350","ironcondor","+6,895 put, -6,905 put, -7,370 call, +7,380 call","SPX","closed",1,1,0.55,0.15,-55,40,0.042328,0.727273,945,"-36.97137","-0.039123","0.78181818","-0.18181818","2026-05-01 13:50:00","2026-04-30 10:02:00","2026-05-05 16:00:00","2026-04-30 10:00:06","2026-05-01 14:15:02","230,60percent",7135.46,7241.54
"QQQ-IC-0DTE-HedgeTest","shortcallspread","-678 call, +680 call","QQQ","closed",25,0,0.07,0.03,-175,100,0.020725,0.571429,4825,"-0.67743","-0.003528","0.71428571","-1.71428571","2026-05-01 14:06:00","2026-05-01 11:50:00","2026-05-01 16:00:00","2026-05-01 11:06:02","2026-05-01 14:06:11","call side",673.26,674.73
"QQQ-IC-0DTE-HedgeD-Conditional","shortcallspread","-678 call, +680 call","QQQ","closed",25,0,0.07,0.03,-175,100,0.020725,0.571429,4825,"-0.67743","-0.003528","0.71428571","-1.71428571","2026-05-01 14:06:00","2026-05-01 11:50:00","2026-05-01 16:00:00","2026-05-01 11:06:03","2026-05-01 14:06:11","call side",673.22,674.73
"QQQ-IC-0DTE-HedgeA-S1","shortcallspread","-678 call, +680 call","QQQ","closed",25,0,0.07,0.03,-175,100,0.020725,0.571429,4825,"-0.67743","-0.003528","0.71428571","-1.71428571","2026-05-01 14:06:00","2026-05-01 11:50:00","2026-05-01 16:00:00","2026-05-01 11:06:03","2026-05-01 14:06:10","call side",673.22,674.73
"QQQ-IC-0DTE-HedgeA-S1","shortputspread","-668 put, +666 put","QQQ","closed",26,0,0.08,0.04,-208,104,0.020833,0.5,4992,"3.1925","0.016715","0.625","-0.75","2026-05-01 11:39:00","2026-05-01 11:03:00","2026-05-01 16:00:00","2026-05-01 11:01:00","2026-05-01 11:39:10","put side",673.49,675.36
"QQQ-IC-0DTE-HedgeTest","shortputspread","-668 put, +666 put","QQQ","closed",26,0,0.08,0.04,-208,104,0.020833,0.5,4992,"3.1925","0.016715","0.625","-0.75","2026-05-01 11:39:00","2026-05-01 11:03:00","2026-05-01 16:00:00","2026-05-01 11:01:00","2026-05-01 11:39:10","put side",673.49,675.36
"QQQ-IC-0DTE-HedgeD-Conditional","shortputspread","-668 put, +666 put","QQQ","closed",26,0,0.08,0.04,-208,104,0.020833,0.5,4992,"3.1925","0.016715","0.625","-0.75","2026-05-01 11:39:00","2026-05-01 11:03:00","2026-05-01 16:00:00","2026-05-01 11:01:00","2026-05-01 11:39:10","put side",673.49,675.36
"QQQ-IC-0DTE-HedgeB-S2","shortputspread","-668 put, +666 put","QQQ","closed",26,0,0.08,0.06,-208,52,0.010417,0.25,4992,"3.1925","0.016715","0.5","-0.75","2026-05-01 11:21:00","2026-05-01 11:03:00","2026-05-01 16:00:00","2026-05-01 11:01:00","2026-05-01 11:24:00","put side",673.49,674.75
"QQQ-IC-0DTE-HedgeB-S2","shortcallspread","-678 call, +680 call","QQQ","closed",25,0,0.07,0.13,-175,-150,-0.031088,-0.857143,4825,"-0.67743","-0.003528","0.14285714","-0.71428571","2026-05-01 11:11:00","2026-05-01 11:18:00","2026-05-01 16:00:00","2026-05-01 11:06:03","2026-05-01 11:21:00","call side",673.22,674.65
"QQQ-IC-0DTE-HedgeC-S3","shortcallspread","-678 call, +680 call","QQQ","closed",25,0,0.07,0.12,-175,-125,-0.025907,-0.714286,4825,"-0.67743","-0.003528","0.14285714","-0.57142857","2026-05-01 11:11:00","2026-05-01 11:14:00","2026-05-01 16:00:00","2026-05-01 11:06:01","2026-05-01 11:14:00","call side",673.22,673.93
"QQQ-IC-0DTE-HedgeC-S3","shortputspread","-668 put, +666 put","QQQ","closed",26,0,0.08,0.13,-208,-130,-0.026042,-0.625,4992,"3.1925","0.016715","-0.125","-0.5","2026-05-01 11:01:00","2026-05-01 11:02:00","2026-05-01 16:00:00","2026-05-01 11:01:00","2026-05-01 11:02:00","put side",673.49,673.03
"Trendy-Paper-v1","shortputspread","-687 put, +677 put","SPY","closed",1,3,0.8,0.09,-80,71,0.077174,0.8875,920,"11.03402","0.012007","0.8875","-0.1625","2026-05-01 09:57:00","2026-04-28 10:51:00","2026-05-08 16:00:00","2026-04-28 10:15:03","2026-05-01 10:00:07",,711.66,724.11
"IC-SPX-FastPT25-S2","shortputspread","-7,190 put, +7,185 put","SPX","closed",10,0,0.3,0.2,-300,100,0.021277,0.333333,4700,"10.89565","0.023035","0.33333333","0.16666667","2026-05-01 09:51:00","2026-05-01 09:50:00","2026-05-01 16:00:00","2026-05-01 09:49:02","2026-05-01 09:51:00","put side",7246.16,7250.61
"IC-SPX-FastPT25-S2","shortputspread","-7,195 put, +7,190 put","SPX","closed",10,0,0.25,0.35,-250,-100,-0.021053,-0.4,4750,"3.23907","0.006819","0","-0.32","2026-05-01 09:39:02","2026-05-01 09:47:00","2026-05-01 16:00:00","2026-05-01 09:39:02","2026-05-01 09:49:01","put side",7247.53,7246.16
"IC-SPX-FastPT25-S2","shortcallspread","-7,300 call, +7,305 call","SPX","closed",10,0,0.1,0.05,-100,50,0.010204,0.5,4900,"-13.04138","-0.026615","0.5","-0.5","2026-05-01 09:49:00","2026-05-01 09:42:00","2026-05-01 16:00:00","2026-05-01 09:39:03","2026-05-01 09:49:00","call side",7247.93,7245.22
"Nigiri-Paper-v1","shortputspread","-676 put, +671 put","SPY","closed",10,1,0.14,0.03,-140,110,0.022634,0.785714,4860,"8.4759","0.01744","0.85714286","-0.21428571","2026-05-01 09:40:00","2026-04-30 09:42:00","2026-05-08 16:00:00","2026-04-30 09:34:29","2026-05-01 09:40:07","",713.03,722.1
"IC-SPX-FastPT25-S2","shortputspread","-7,195 put, +7,190 put","SPX","closed",10,0,0.25,0.3,-250,-50,-0.010526,-0.2,4750,"5.95629","0.01254","0","-0.2","2026-05-01 09:36:02","2026-05-01 09:37:00","2026-05-01 16:00:00","2026-05-01 09:36:02","2026-05-01 09:39:01","put side",7249.76,7247.53
"IC-SPX-FastPT25-S2","shortcallspread","-7,300 call, +7,305 call","SPX","closed",10,0,0.15,0.1,-150,50,0.010309,0.333333,4850,"-8.10374","-0.016709","0.46666667","0","2026-05-01 09:39:00","2026-05-01 09:37:03","2026-05-01 16:00:00","2026-05-01 09:37:03","2026-05-01 09:39:00","call side",7247.83,7247.95
"IC-SPX-FastPT25-S2","shortcallspread","-7,300 call, +7,305 call","SPX","closed",10,0,0.15,0.1,-150,50,0.010309,0.333333,4850,"-10.42115","-0.021399","0.33333333","0.13333333","2026-05-01 09:37:00","2026-05-01 09:36:03","2026-05-01 16:00:00","2026-05-01 09:36:03","2026-05-01 09:37:00","call side",7247.97,7248.15
"IC-SPX-FastPT25-S2","shortcallspread","-7,295 call, +7,300 call","SPX","closed",10,0,0.1,0.25,-100,-150,-0.030612,-1.5,4900,"-9.95539","-0.020317","0.2","-0.7","2026-05-01 09:33:00","2026-05-01 09:35:00","2026-05-01 16:00:00","2026-05-01 09:32:03","2026-05-01 09:36:01","call side",7240.27,7249.76
"IC-SPX-FastPT25-S2","shortputspread","-7,190 put, +7,185 put","SPX","closed",10,0,0.3,0.2,-300,100,0.021277,0.333333,4700,"8.83719","0.018803","0.33333333","0","2026-05-01 09:36:00","2026-05-01 09:33:02","2026-05-01 16:00:00","2026-05-01 09:33:02","2026-05-01 09:36:00","put side",7243.35,7248.96
"IC-SPX-FastPT25-S2","shortputspread","-7,180 put, +7,175 put","SPX","closed",10,0,0.2,0.15,-200,50,0.010417,0.25,4800,"1.93746","0.004036","0.25","0","2026-05-01 09:33:00","2026-05-01 09:31:04","2026-05-01 16:00:00","2026-05-01 09:31:04","2026-05-01 09:33:00","put side",7235.8,7244.06
"IC-SPX-FastPT25-S2","shortcallspread","-7,290 call, +7,295 call","SPX","closed",10,0,0.15,0.1,-150,50,0.010309,0.333333,4850,"-6.99768","-0.014369","0.33333333","0.13333333","2026-05-01 09:32:00","2026-05-01 09:31:05","2026-05-01 16:00:00","2026-05-01 09:31:05","2026-05-01 09:32:00","call side",7235.27,7239.48
"Opening Range Breakout 60m","shortputspread","-7,125 put, +7,110 put","SPX","expired",1,0,1.05,0,-105,105,0.075269,1,1395,"36.07643","0.025861","1","-0.19047619","2026-04-30 14:18:00","2026-04-30 11:48:00","2026-04-30 16:00:00","2026-04-30 11:45:12","2026-04-30 16:15:00","test a",7161.75,7209.01
"QQQ-IC-0DTE-Baseline","ironcondor","+659 put, -660 put, -668 call, +669 call","QQQ","closed",112,0,0.11,0.48,-1232,-4144,-0.41573,-3.363636,9968,"5.814129","0.066829","-0.36363636","-3.36363636","2026-04-30 13:34:00","2026-04-30 15:45:00","2026-04-30 16:00:00","2026-04-30 13:30:34","2026-04-30 15:50:22","",664.76,667.97
"QQQ-IC-0DTE-Fortress-NoPT50","shortcallspread","-670 call, +672 call","QQQ","closed",25,0,0.07,0.22,-175,-375,-0.07772,-2.142857,4825,"5.96726","0.031079","0","-2.85714286","2026-04-30 13:39:00","2026-04-30 14:04:00","2026-04-30 16:00:00","2026-04-30 13:38:02","2026-04-30 15:50:01","call side",665.48,668.43
"QQQ-IC-0DTE-Raw-HoldToExp","shortputspread","-658 put, +656 put","QQQ","closed",1,0,0.22,0.02,-22,20,0.11236,0.909091,178,"14.74036","0.083279","1","-0.18181818","2026-04-30 15:13:00","2026-04-30 11:48:00","2026-04-30 16:00:00","2026-04-30 11:01:01","2026-04-30 15:50:01","put side",662.83,668.43
"QQQ-IC-0DTE-Raw-HoldToExp","shortcallspread","-668 call, +670 call","QQQ","closed",1,0,0.13,0.74,-13,-61,-0.326203,-4.692308,187,"7.00283","0.03765","0.69230769","-4.92307692","2026-04-30 12:56:00","2026-04-30 15:45:00","2026-04-30 16:00:00","2026-04-30 11:01:03","2026-04-30 15:50:01","call side",662.88,668.43
"QQQ-IC-0DTE-Fortress","shortcallspread","-670 call, +672 call","QQQ","closed",25,0,0.07,0.22,-175,-375,-0.07772,-2.142857,4825,"5.96726","0.031079","0","-2.85714286","2026-04-30 13:39:00","2026-04-30 14:04:00","2026-04-30 16:00:00","2026-04-30 13:38:02","2026-04-30 15:50:01","call side",665.48,668.43
"QQQ-IC-0DTE-Fortress-NoPT50","shortputspread","-661 put, +659 put","QQQ","closed",26,0,0.09,0.01,-234,208,0.041885,0.888889,4966,"7.71932","0.040628","1","-0.33333333","2026-04-30 15:47:00","2026-04-30 13:32:00","2026-04-30 16:00:00","2026-04-30 13:31:01","2026-04-30 15:50:01","put side",665.5,668.43
"QQQ-IC-0DTE-Range075-PT50-Wide2-1230PM","shortcallspread","-669 call, +671 call","QQQ","closed",1,0,0.07,0.42,-7,-35,-0.181347,-5,193,"5.0375","0.026237","0.57142857","-5.14285714","2026-04-30 12:57:00","2026-04-30 15:45:00","2026-04-30 16:00:00","2026-04-30 12:33:01","2026-04-30 15:50:01","call side",663.83,668.43
"QQQ-IC-0DTE-Fortress","shortputspread","-661 put, +659 put","QQQ","closed",26,0,0.09,0.04,-234,130,0.026178,0.555556,4966,"7.71932","0.040628","0.66666667","-0.33333333","2026-04-30 14:31:00","2026-04-30 13:32:00","2026-04-30 16:00:00","2026-04-30 13:31:01","2026-04-30 14:31:11","put side",665.5,667.33
"QQQ-IC-0DTE-Fortress-S2","shortputspread","-661 put, +659 put","QQQ","closed",26,0,0.09,0.06,-234,78,0.015707,0.333333,4966,"7.71932","0.040628","0.55555556","-0.33333333","2026-04-30 14:17:00","2026-04-30 13:32:00","2026-04-30 16:00:00","2026-04-30 13:31:01","2026-04-30 14:20:02","put side",665.5,667.26
"QQQ-IC-0DTE-Fortress-S2","shortcallspread","-670 call, +672 call","QQQ","closed",25,0,0.07,0.25,-175,-450,-0.093264,-2.571429,4825,"5.96726","0.031079","0","-2.85714286","2026-04-30 13:39:00","2026-04-30 14:04:00","2026-04-30 16:00:00","2026-04-30 13:38:03","2026-04-30 14:17:01","call side",665.5,667.57
"QQQ-IC-0DTE-Range075-PT50-Wide2-1230PM","shortputspread","-659 put, +657 put","QQQ","closed",1,0,0.12,0.06,-12,6,0.031915,0.5,188,"8.63513","0.046177","0.58333333","-0.91666667","2026-04-30 13:31:00","2026-04-30 12:58:00","2026-04-30 16:00:00","2026-04-30 12:31:00","2026-04-30 13:31:12","put side",663.67,665.66
"QQQ-IC-0DTE-HedgeD-Conditional","shortcallspread","-668 call, +670 call","QQQ","closed",26,0,0.13,0.06,-338,182,0.037433,0.538462,4862,"7.00283","0.03765","0.61538462","-0.38461538","2026-04-30 12:55:00","2026-04-30 11:02:00","2026-04-30 16:00:00","2026-04-30 11:01:03","2026-04-30 12:55:11","call side",662.88,662.47
"QQQ-IC-0DTE-HedgeC-S3","shortcallspread","-668 call, +670 call","QQQ","closed",26,0,0.13,0.06,-338,182,0.037433,0.538462,4862,"7.00283","0.03765","0.61538462","-0.38461538","2026-04-30 12:55:00","2026-04-30 11:02:00","2026-04-30 16:00:00","2026-04-30 11:01:03","2026-04-30 12:55:11","call side",662.88,662.47
"QQQ-IC-0DTE-HedgeTest","shortcallspread","-668 call, +670 call","QQQ","closed",26,0,0.13,0.06,-338,182,0.037433,0.538462,4862,"7.00283","0.03765","0.61538462","-0.38461538","2026-04-30 12:55:00","2026-04-30 11:02:00","2026-04-30 16:00:00","2026-04-30 11:01:03","2026-04-30 12:55:11","call side",662.88,662.47
"QQQ-IC-0DTE-HedgeA-S1","shortcallspread","-668 call, +670 call","QQQ","closed",26,0,0.13,0.06,-338,182,0.037433,0.538462,4862,"7.00283","0.03765","0.61538462","-0.38461538","2026-04-30 12:55:00","2026-04-30 11:02:00","2026-04-30 16:00:00","2026-04-30 11:01:03","2026-04-30 12:55:11","call side",662.88,662.47
"QQQ-IC-0DTE-HedgeA-S1","shortputspread","-658 put, +656 put","QQQ","closed",28,0,0.22,0.11,-616,308,0.061798,0.5,4984,"14.74036","0.083279","0.54545455","-0.18181818","2026-04-30 12:19:00","2026-04-30 11:48:00","2026-04-30 16:00:00","2026-04-30 11:01:01","2026-04-30 12:19:11","put side",662.83,663.7
"QQQ-IC-0DTE-HedgeC-S3","shortputspread","-658 put, +656 put","QQQ","closed",28,0,0.22,0.11,-616,308,0.061798,0.5,4984,"14.74036","0.083279","0.54545455","-0.18181818","2026-04-30 12:19:00","2026-04-30 11:48:00","2026-04-30 16:00:00","2026-04-30 11:01:01","2026-04-30 12:19:11","put side",662.83,663.7
"QQQ-IC-0DTE-HedgeTest","shortputspread","-658 put, +656 put","QQQ","closed",28,0,0.22,0.11,-616,308,0.061798,0.5,4984,"14.74036","0.083279","0.54545455","-0.18181818","2026-04-30 12:19:00","2026-04-30 11:48:00","2026-04-30 16:00:00","2026-04-30 11:01:01","2026-04-30 12:19:11","put side",662.83,663.7
"QQQ-IC-0DTE-HedgeB-S2","shortputspread","-658 put, +656 put","QQQ","closed",28,0,0.22,0.11,-616,308,0.061798,0.5,4984,"14.74036","0.083279","0.54545455","-0.18181818","2026-04-30 12:19:00","2026-04-30 11:48:00","2026-04-30 16:00:00","2026-04-30 11:01:01","2026-04-30 12:19:11","put side",662.83,663.7
"QQQ-IC-0DTE-HedgeD-Conditional","shortputspread","-658 put, +656 put","QQQ","closed",28,0,0.22,0.11,-616,308,0.061798,0.5,4984,"14.74036","0.083279","0.54545455","-0.18181818","2026-04-30 12:19:00","2026-04-30 11:48:00","2026-04-30 16:00:00","2026-04-30 11:01:01","2026-04-30 12:19:11","put side",662.83,663.7
"QQQ-IC-0DTE-HedgeB-S2","shortcallspread","-668 call, +670 call","QQQ","closed",26,0,0.13,0.13,-338,0,0,0,4862,"7.00283","0.03765","0.46153846","-0.38461538","2026-04-30 11:48:00","2026-04-30 11:02:00","2026-04-30 16:00:00","2026-04-30 11:01:03","2026-04-30 12:13:00","call side",662.88,663.6
"3DTE $140-$350","ironcondor","+6,865 put, -6,875 put, -7,380 call, +7,390 call","SPX","closed",1,1,0.55,0.15,-55,40,0.042328,0.727273,945,"-23.540554","-0.024911","0.78181818","-0.41818182","2026-04-30 10:45:00","2026-04-29 12:35:00","2026-05-04 16:00:00","2026-04-29 10:00:06","2026-04-30 10:45:01","250,60percent",7129.58,7144.8
"IC-SPX-FastPT25-S2","shortputspread","-7,085 put, +7,080 put","SPX","closed",11,0,0.6,0.7,-660,-110,-0.022727,-0.166667,4840,"43.19196","0.098164","0.08333333","-0.08333333","2026-04-30 09:53:02","2026-04-30 09:56:00","2026-04-30 16:00:00","2026-04-30 09:53:02","2026-04-30 09:56:01","put side",7139.18,7134.98
"IC-SPX-FastPT25-S2","shortputspread","-7,095 put, +7,090 put","SPX","closed",10,0,0.5,0.9,-500,-400,-0.088889,-0.8,4500,"30.67416","0.068165","0.06","-0.5","2026-04-30 09:46:00","2026-04-30 09:53:00","2026-04-30 16:00:00","2026-04-30 09:44:02","2026-04-30 09:53:01","put side",7147.95,7139.18
"IC-SPX-FastPT25-S2","shortcallspread","-7,200 call, +7,205 call","SPX","closed",10,0,0.5,0.35,-500,150,0.033333,0.3,4500,"25.46227","0.056208","0.34","-0.2","2026-04-30 09:53:00","2026-04-30 09:46:00","2026-04-30 16:00:00","2026-04-30 09:44:03","2026-04-30 09:53:00","call side",7148.22,7139.13
"3DTE $140-$350","ironcondor","+6,875 put, -6,885 put, -7,390 call, +7,400 call","SPX","closed",1,2,0.55,0.1,-55,45,0.047619,0.818182,945,"28.675475","0.03028","0.90909091","-0.45454545","2026-04-30 09:31:00","2026-04-28 10:57:00","2026-05-01 16:00:00","2026-04-28 10:05:02","2026-04-30 09:45:03","250,90 profit",7137.11,7152.13
"IC-SPX-FastPT25-S2","shortcallspread","-7,190 call, +7,195 call","SPX","closed",11,0,0.7,0.85,-770,-165,-0.034884,-0.214286,4730,"50.11998","0.116558","0.07142857","-0.1","2026-04-30 09:42:00","2026-04-30 09:44:00","2026-04-30 16:00:00","2026-04-30 09:41:03","2026-04-30 09:44:02","call side",7136.9,7147.95
"IC-SPX-FastPT25-S2","shortputspread","-7,085 put, +7,080 put","SPX","closed",11,0,0.6,0.4,-660,220,0.045455,0.333333,4840,"39.30662","0.089333","0.33333333","0","2026-04-30 09:44:00","2026-04-30 09:41:02","2026-04-30 16:00:00","2026-04-30 09:41:02","2026-04-30 09:44:00","put side",7137.09,7147.62
"IC-SPX-FastPT25-S2","shortputspread","-7,095 put, +7,090 put","SPX","closed",11,0,0.65,1,-715,-385,-0.08046,-0.538462,4785,"43.01638","0.098888","0","-0.23076923","2026-04-30 09:38:02","2026-04-30 09:41:00","2026-04-30 16:00:00","2026-04-30 09:38:02","2026-04-30 09:41:01","put side",7146.48,7138.01
"IC-SPX-FastPT25-S2","shortcallspread","-7,200 call, +7,205 call","SPX","closed",11,0,0.6,0.4,-660,220,0.045455,0.333333,4840,"37.29947","0.084197","0.33333333","0.05","2026-04-30 09:41:00","2026-04-30 09:38:03","2026-04-30 16:00:00","2026-04-30 09:38:03","2026-04-30 09:41:00","call side",7146.47,7138.73
"IC-SPX-FastPT25-S2","shortcallspread","-7,210 call, +7,215 call","SPX","closed",10,0,0.45,0.25,-450,200,0.043956,0.444444,4550,"21.31835","0.046547","0.44444444","0.06666667","2026-04-30 09:41:00","2026-04-30 09:32:03","2026-04-30 16:00:00","2026-04-30 09:32:03","2026-04-30 09:41:00","call side",7156.68,7138.73
"IC-SPX-FastPT25-S2","shortputspread","-7,110 put, +7,105 put","SPX","closed",11,0,0.7,1.1,-770,-440,-0.093023,-0.571429,4730,"47.43136","0.110305","0.07142857","-0.35714286","2026-04-30 09:33:00","2026-04-30 09:38:00","2026-04-30 16:00:00","2026-04-30 09:31:02","2026-04-30 09:38:01","put side",7161.69,7145.6
"Nigiri-Paper-v1","shortputspread","-688 put, +683 put","SPY","closed",10,1,0.15,0.03,-150,120,0.024742,0.8,4850,"13.86202","0.028641","0.86666667","-0.4","2026-04-30 09:34:00","2026-04-29 12:35:00","2026-05-01 16:00:00","2026-04-29 10:00:23","2026-04-30 09:34:06","",710.54,712.97
"IC-SPX-FastPT25-S2","shortcallspread","-7,215 call, +7,220 call","SPX","closed",10,0,0.4,0.3,-400,100,0.021739,0.25,4600,"15.91331","0.03437","0.25","0.075","2026-04-30 09:32:00","2026-04-30 09:31:03","2026-04-30 16:00:00","2026-04-30 09:31:03","2026-04-30 09:32:00","call side",7161.86,7156.52
"3DTE $140-$350","ironcondor","+6,870 put, -6,880 put, -7,370 call, +7,380 call","SPX","expired",1,5,0.45,0,-45,45,0.04712,1,955,"-39.141576","-0.041202","1","-0.15555556","2026-04-27 15:59:00","2026-04-24 10:18:00","2026-04-29 16:00:00","2026-04-24 10:15:06","2026-04-29 16:15:00","240",7123.03,7135.95
"QQQ-IC-0DTE-Baseline","ironcondor","+653 put, -654 put, -662 call, +663 call","QQQ","closed",192,0,0.5,0.49,-9600,192,0.02,0.02,9600,"43.571844","0.889221","0.06","-0.1","2026-04-29 15:06:00","2026-04-29 13:31:00","2026-04-29 16:00:00","2026-04-29 13:30:12","2026-04-29 15:50:11","",658.82,660.14
"QQQ-IC-0DTE-Range075-PT50-Wide2-1230PM","shortcallspread","-663 call, +665 call","QQQ","closed",1,0,0.42,0.52,-42,-10,-0.063291,-0.238095,158,"39.38408","0.250854","0.11904762","-0.57142857","2026-04-29 14:32:00","2026-04-29 15:16:00","2026-04-29 16:00:00","2026-04-29 12:31:02","2026-04-29 15:50:00","call side",657.85,660.35
"QQQ-IC-0DTE-Range075-PT50-Wide2-155PM","shortcallspread","-664 call, +666 call","QQQ","closed",1,0,0.42,0.41,-42,1,0.006329,0.02381,158,"40.73464","0.257814","0.30952381","-0.28571429","2026-04-29 14:32:00","2026-04-29 15:16:00","2026-04-29 16:00:00","2026-04-29 13:56:01","2026-04-29 15:50:00","call side",659.34,660.35
"QQQ-IC-0DTE-Fortress-NoPT50","shortcallspread","-664 call, +666 call","QQQ","closed",31,0,0.39,0.41,-1209,-62,-0.012422,-0.051282,4991,"38.75339","0.242209","0.25641026","-0.38461538","2026-04-29 14:32:00","2026-04-29 15:16:00","2026-04-29 16:00:00","2026-04-29 13:31:02","2026-04-29 15:50:00","call side",658.81,660.35
"QQQ-IC-0DTE-Fortress-NoPT50","shortputspread","-654 put, +652 put","QQQ","closed",31,0,0.4,0.21,-1240,589,0.11875,0.475,4960,"39.26962","0.246979","0.65","-0.225","2026-04-29 15:16:00","2026-04-29 14:11:00","2026-04-29 16:00:00","2026-04-29 13:31:00","2026-04-29 15:50:00","put side",658.84,660.35
"QQQ-IC-0DTE-HedgeTest","shortputspread","-656 put, +654 put","QQQ","closed",31,0,0.42,0.36,-1302,186,0.037975,0.142857,4898,"34.78479","0.221559","0.38095238","-0.69047619","2026-04-29 15:16:00","2026-04-29 12:34:00","2026-04-29 16:00:00","2026-04-29 11:01:00","2026-04-29 15:50:00","put side",660.98,660.35
"QQQ-IC-0DTE-Fortress","shortcallspread","-664 call, +666 call","QQQ","closed",31,0,0.39,0.41,-1209,-62,-0.012422,-0.051282,4991,"38.75339","0.242209","0.25641026","-0.38461538","2026-04-29 14:32:00","2026-04-29 15:16:00","2026-04-29 16:00:00","2026-04-29 13:31:02","2026-04-29 15:50:00","call side",658.81,660.35
"QQQ-IC-0DTE-Range075-PT50","shortcallspread","-664 call, +665 call","QQQ","closed",1,0,0.21,0.24,-21,-3,-0.037975,-0.142857,79,"20.42945","0.258601","0.23809524","-0.42857143","2026-04-29 14:32:00","2026-04-29 15:16:00","2026-04-29 16:00:00","2026-04-29 14:01:02","2026-04-29 15:50:00","call side",659.08,660.35
"QQQ-IC-0DTE-Range075-PT50-Wide2-155PM","shortputspread","-654 put, +652 put","QQQ","closed",1,0,0.37,0.15,-37,22,0.134969,0.594595,163,"36.50561","0.223961","0.62162162","-0.32432432","2026-04-29 15:16:00","2026-04-29 14:11:00","2026-04-29 16:00:00","2026-04-29 13:56:00","2026-04-29 15:16:11","put side",659.34,661.38
"QQQ-IC-0DTE-Range075-PT50","shortputspread","-654 put, +653 put","QQQ","closed",1,0,0.22,0.09,-22,13,0.166667,0.590909,78,"21.68196","0.281584","0.63636364","-0.22727273","2026-04-29 15:15:00","2026-04-29 14:11:00","2026-04-29 16:00:00","2026-04-29 13:31:00","2026-04-29 15:15:11","put side",658.84,661.47
"3DTE $140-$350","ironcondor","+6,920 put, -6,930 put, -7,395 call, +7,405 call","SPX","closed",1,2,0.5,0.15,-50,35,0.036842,0.7,950,"7.927697","0.008345","0.94","-0.44","2026-04-28 09:33:00","2026-04-28 10:51:00","2026-04-30 16:00:00","2026-04-27 10:00:08","2026-04-29 15:15:01","230,60percent",7163.3,7135.74
"QQQ-IC-0DTE-Fortress","shortputspread","-654 put, +652 put","QQQ","closed",31,0,0.4,0.2,-1240,620,0.125,0.5,4960,"39.26962","0.246979","0.525","-0.225","2026-04-29 15:12:00","2026-04-29 14:11:00","2026-04-29 16:00:00","2026-04-29 13:31:00","2026-04-29 15:12:11","put side",658.84,660.72
"QQQ-IC-0DTE-Fortress-S2","shortputspread","-654 put, +652 put","QQQ","closed",31,0,0.4,0.22,-1240,558,0.1125,0.45,4960,"39.26962","0.246979","0.5","-0.225","2026-04-29 15:01:00","2026-04-29 14:11:00","2026-04-29 16:00:00","2026-04-29 13:31:00","2026-04-29 15:04:01","put side",658.84,660.49
"QQQ-IC-0DTE-Fortress-S2","shortcallspread","-664 call, +666 call","QQQ","closed",31,0,0.39,0.48,-1209,-279,-0.055901,-0.230769,4991,"38.75339","0.242209","0.25641026","-0.23076923","2026-04-29 14:32:00","2026-04-29 15:00:00","2026-04-29 16:00:00","2026-04-29 13:31:02","2026-04-29 15:01:01","call side",658.81,660.74
"QQQ-IC-0DTE-Range075-PT50-Wide2-1230PM","shortputspread","-653 put, +651 put","QQQ","closed",1,0,0.4,0.19,-40,21,0.13125,0.525,160,"37.16502","0.233742","0.55","-0.15","2026-04-29 14:59:00","2026-04-29 12:36:00","2026-04-29 16:00:00","2026-04-29 12:31:00","2026-04-29 14:59:11","put side",657.94,660.62
"QQQ-IC-0DTE-HedgeTest","shortcallspread","-666 call, +668 call","QQQ","closed",32,0,0.45,0.21,-1440,768,0.154839,0.533333,4960,"37.72757","0.244984","0.55555556","-0.02222222","2026-04-29 14:09:00","2026-04-29 11:01:02","2026-04-29 16:00:00","2026-04-29 11:01:01","2026-04-29 14:09:11","call side",661.01,657.9
"Nigiri-Paper-v1","shortputspread","-685 put, +680 put","SPY","closed",10,1,0.12,0.1,-120,20,0.004098,0.166667,4880,"10.44289","0.021443","0.41666667","-0.16666667","2026-04-28 15:56:00","2026-04-28 13:50:00","2026-05-01 16:00:00","2026-04-28 13:45:23","2026-04-29 10:00:11","",710.82,710.53
"3DTE $140-$350","ironcondor","+6,865 put, -6,875 put, -7,380 call, +7,390 call","SPX","expired",1,5,0.45,0,-45,45,0.04712,1,955,"-46.496478","-0.048687","1","-3.11111111","2026-04-23 13:02:00","2026-04-23 13:54:00","2026-04-28 16:00:00","2026-04-23 10:15:07","2026-04-28 16:15:00","250",7125.69,7138.8
"Opening Range Breakout 60m","shortcallspread","-7,155 call, +7,170 call","SPX","expired",1,0,1.95,0,-195,195,0.149425,1,1305,"-7.4873","-0.005694","1","-0.08717949","2026-04-28 15:55:00","2026-04-28 11:01:00","2026-04-28 16:00:00","2026-04-28 10:45:08","2026-04-28 16:15:00","test b",7128.6,7138.8
"QQQ-IC-0DTE-Raw-HoldToExp","shortputspread","-651 put, +649 put","QQQ","closed",1,0,0.13,0.01,-13,12,0.064171,0.923077,187,"7.30346","0.039266","1","-1.23076923","2026-04-28 14:41:00","2026-04-28 11:34:00","2026-04-28 16:00:00","2026-04-28 11:01:01","2026-04-28 15:50:00","put side",656.13,658.02
"QQQ-IC-0DTE-Raw-HoldToExp","shortcallspread","-661 call, +663 call","QQQ","closed",1,0,0.11,0.02,-11,9,0.047619,0.818182,189,"2.5911","0.013782","0.90909091","-0.27272727","2026-04-28 13:22:00","2026-04-28 11:01:03","2026-04-28 16:00:00","2026-04-28 11:01:03","2026-04-28 15:50:00","call side",656.31,658.02
"Nigiri-Paper-v1","shortputspread","-682 put, +677 put","SPY","closed",10,1,0.11,0.1,-110,10,0.002045,0.090909,4890,"9.71264","0.019903","0.36363636","-0.36363636","2026-04-27 15:25:00","2026-04-28 10:51:00","2026-05-01 16:00:00","2026-04-27 09:45:25","2026-04-28 13:45:11","",713.73,710.81
"QQQ-IC-0DTE-HedgeD-Conditional","shortputspread","-651 put, +649 put","QQQ","closed",26,0,0.13,0.06,-338,182,0.037433,0.538462,4862,"7.30346","0.039266","0.61538462","-1.23076923","2026-04-28 13:13:00","2026-04-28 11:34:00","2026-04-28 16:00:00","2026-04-28 11:01:01","2026-04-28 13:13:11","put side",656.13,655.34
"QQQ-IC-0DTE-HedgeTest","shortputspread","-651 put, +649 put","QQQ","closed",26,0,0.13,0.06,-338,182,0.037433,0.538462,4862,"7.30346","0.039266","0.61538462","-1.23076923","2026-04-28 13:13:00","2026-04-28 11:34:00","2026-04-28 16:00:00","2026-04-28 11:01:01","2026-04-28 13:13:11","put side",656.13,655.34
"QQQ-IC-0DTE-HedgeA-S1","shortputspread","-651 put, +649 put","QQQ","closed",26,0,0.13,0.06,-338,182,0.037433,0.538462,4862,"7.30346","0.039266","0.61538462","-1.23076923","2026-04-28 13:13:00","2026-04-28 11:34:00","2026-04-28 16:00:00","2026-04-28 11:01:01","2026-04-28 13:13:11","put side",656.13,655.34
"QQQ-IC-0DTE-HedgeA-S1","shortcallspread","-661 call, +663 call","QQQ","closed",26,0,0.11,0.05,-286,156,0.031746,0.545455,4914,"2.5911","0.013782","0.63636364","-0.27272727","2026-04-28 11:37:00","2026-04-28 11:01:03","2026-04-28 16:00:00","2026-04-28 11:01:03","2026-04-28 11:37:11","call side",656.31,654.32
"QQQ-IC-0DTE-HedgeTest","shortcallspread","-661 call, +663 call","QQQ","closed",26,0,0.11,0.05,-286,156,0.031746,0.545455,4914,"2.5911","0.013782","0.63636364","-0.27272727","2026-04-28 11:37:00","2026-04-28 11:01:03","2026-04-28 16:00:00","2026-04-28 11:01:03","2026-04-28 11:37:11","call side",656.31,654.32
"QQQ-IC-0DTE-HedgeC-S3","shortcallspread","-661 call, +663 call","QQQ","closed",26,0,0.11,0.05,-286,156,0.031746,0.545455,4914,"2.5911","0.013782","0.63636364","-0.27272727","2026-04-28 11:37:00","2026-04-28 11:01:03","2026-04-28 16:00:00","2026-04-28 11:01:03","2026-04-28 11:37:11","call side",656.31,654.32
"QQQ-IC-0DTE-HedgeD-Conditional","shortcallspread","-661 call, +663 call","QQQ","closed",26,0,0.11,0.05,-286,156,0.031746,0.545455,4914,"2.5911","0.013782","0.63636364","-0.27272727","2026-04-28 11:37:00","2026-04-28 11:01:03","2026-04-28 16:00:00","2026-04-28 11:01:03","2026-04-28 11:37:11","call side",656.31,654.32
"QQQ-IC-0DTE-HedgeB-S2","shortcallspread","-661 call, +663 call","QQQ","closed",26,0,0.11,0.07,-286,104,0.021164,0.363636,4914,"2.5911","0.013782","0.54545455","-0.27272727","2026-04-28 11:26:00","2026-04-28 11:01:03","2026-04-28 16:00:00","2026-04-28 11:01:03","2026-04-28 11:29:00","call side",656.31,654.67
"QQQ-IC-0DTE-HedgeB-S2","shortputspread","-651 put, +649 put","QQQ","closed",26,0,0.13,0.26,-338,-338,-0.069519,-1,4862,"7.30346","0.039266","0","-1","2026-04-28 11:20:00","2026-04-28 11:08:00","2026-04-28 16:00:00","2026-04-28 11:01:01","2026-04-28 11:26:00","put side",656.13,654.47
"QQQ-IC-0DTE-HedgeC-S3","shortputspread","-651 put, +649 put","QQQ","closed",26,0,0.13,0.26,-338,-338,-0.069519,-1,4862,"7.30346","0.039266","-0.07692308","-0.92307692","2026-04-28 11:01:00","2026-04-28 11:07:00","2026-04-28 16:00:00","2026-04-28 11:01:01","2026-04-28 11:07:00","put side",656.13,654.82
"IC-SPX-FastPT25-S2","shortputspread","-7,085 put, +7,080 put","SPX","closed",10,0,0.25,0.3,-250,-50,-0.010526,-0.2,4750,"9.41465","0.01982","0","-0.4","2026-04-28 10:15:10","2026-04-28 10:16:00","2026-04-28 16:00:00","2026-04-28 10:15:10","2026-04-28 10:18:02","put side",7140.2,7140.86
"IC-SPX-FastPT25-S2","shortputspread","-7,090 put, +7,085 put","SPX","closed",10,0,0.3,0.35,-300,-50,-0.010638,-0.166667,4700,"9.30016","0.019662","0.1","-0.06666667","2026-04-28 10:07:03","2026-04-28 10:12:00","2026-04-28 16:00:00","2026-04-28 10:07:03","2026-04-28 10:15:08","put side",7144.12,7140.2
"IC-SPX-FastPT25-S2","shortcallspread","-7,190 call, +7,195 call","SPX","closed",10,0,0.25,0.15,-250,100,0.021053,0.4,4750,"2.46107","0.005181","0.48","0","2026-04-28 10:15:00","2026-04-28 09:55:05","2026-04-28 16:00:00","2026-04-28 09:55:05","2026-04-28 10:15:01","call side",7138.13,7139.93
"IC-SPX-FastPT25-S2","shortcallspread","-7,190 call, +7,195 call","SPX","closed",10,0,0.2,0.15,-200,50,0.010417,0.25,4800,"2.09499","0.004365","0.25","-0.25","2026-04-28 10:14:00","2026-04-28 09:58:00","2026-04-28 16:00:00","2026-04-28 09:56:04","2026-04-28 10:14:00","call side",7134.79,7140.64
"IC-SPX-FastPT25-S2","shortputspread","-7,085 put, +7,080 put","SPX","closed",10,0,0.35,0.25,-350,100,0.021505,0.285714,4650,"15.09165","0.032455","0.28571429","-0.14285714","2026-04-28 10:07:00","2026-04-28 09:56:00","2026-04-28 16:00:00","2026-04-28 09:55:04","2026-04-28 10:07:00","put side",7138.31,7143.72
"Trendy-Paper-v1","shortputspread","-685 put, +675 put","SPY","closed",1,8,0.78,0.17,-78,61,0.066161,0.782051,922,"-8.35102","-0.009057","0.8974359","-0.71794872","2026-04-27 15:50:00","2026-04-21 15:45:00","2026-04-30 16:00:00","2026-04-20 09:45:03","2026-04-28 10:00:20",,708.69,711.47
"IC-SPX-FastPT25-S2","shortputspread","-7,095 put, +7,090 put","SPX","closed",10,0,0.45,0.55,-450,-100,-0.021978,-0.222222,4550,"22.89445","0.050317","0.22222222","-0.15555556","2026-04-28 09:48:00","2026-04-28 09:55:00","2026-04-28 16:00:00","2026-04-28 09:42:03","2026-04-28 09:55:03","put side",7147.78,7138.31
"IC-SPX-FastPT25-S2","shortcallspread","-7,195 call, +7,200 call","SPX","closed",10,0,0.25,0.15,-250,100,0.021053,0.4,4750,"1.07765","0.002269","0.4","-0.4","2026-04-28 09:55:00","2026-04-28 09:44:00","2026-04-28 16:00:00","2026-04-28 09:40:05","2026-04-28 09:55:00","call side",7142.92,7139.13
"IC-SPX-FastPT25-S2","shortputspread","-7,085 put, +7,080 put","SPX","closed",10,0,0.45,0.25,-450,200,0.043956,0.444444,4550,"21.59066","0.047452","0.44444444","0","2026-04-28 09:43:00","2026-04-28 09:33:03","2026-04-28 16:00:00","2026-04-28 09:33:03","2026-04-28 09:43:00","put side",7137.46,7150.34
"IC-SPX-FastPT25-S2","shortcallspread","-7,185 call, +7,190 call","SPX","closed",10,0,0.4,0.55,-400,-150,-0.032609,-0.375,4600,"19.32263","0.042006","0.075","-0.375","2026-04-28 09:32:00","2026-04-28 09:40:00","2026-04-28 16:00:00","2026-04-28 09:31:03","2026-04-28 09:40:03","call side",7130.08,7143.02
"IC-SPX-FastPT25-S2","shortputspread","-7,075 put, +7,070 put","SPX","closed",10,0,0.45,0.3,-450,150,0.032967,0.333333,4550,"25.3353","0.055682","0.37777778","0","2026-04-28 09:36:00","2026-04-28 09:31:01","2026-04-28 16:00:00","2026-04-28 09:31:01","2026-04-28 09:36:00","put side",7130.23,7141.65
"Opening Range Breakout 60m","shortcallspread","-7,170 call, +7,185 call","SPX","expired",1,0,2.2,3.91,-220,-171,-0.133594,-0.777273,1280,"-73.4658","-0.057261","0.11363636","-2.75909091","2026-04-27 11:34:00","2026-04-27 15:52:00","2026-04-27 16:00:00","2026-04-27 11:30:02","2026-04-27 16:15:00","test b",7153.02,7173.91
"3DTE $140-$350","ironcondor","+6,855 put, -6,865 put, -7,370 call, +7,380 call","SPX","expired",1,5,0.45,0,-45,45,0.04712,1,955,"-46.380507","-0.048414","1","-6.11111111","2026-04-23 13:02:00","2026-04-23 13:54:00","2026-04-27 16:00:00","2026-04-22 10:00:05","2026-04-27 16:15:00","250",7117.89,7173.91
"QQQ-IC-0DTE-Raw-HoldToExp","shortputspread","-658 put, +656 put","QQQ","closed",1,0,0.09,0.01,-9,8,0.041885,0.888889,191,"-0.91589","-0.00482","1","-1.22222222","2026-04-27 15:24:00","2026-04-27 11:22:00","2026-04-27 16:00:00","2026-04-27 11:01:00","2026-04-27 15:50:00","put side",662.54,664.23
"QQQ-IC-0DTE-HedgeD-Conditional","shortputspread","-658 put, +656 put","QQQ","closed",26,0,0.09,0.04,-234,130,0.026178,0.555556,4966,"-0.91589","-0.00482","0.66666667","-1.22222222","2026-04-27 13:27:00","2026-04-27 11:22:00","2026-04-27 16:00:00","2026-04-27 11:01:00","2026-04-27 13:27:11","put side",662.54,663.37
"QQQ-IC-0DTE-HedgeA-S1","shortputspread","-658 put, +656 put","QQQ","closed",26,0,0.09,0.04,-234,130,0.026178,0.555556,4966,"-0.91589","-0.00482","0.66666667","-1.22222222","2026-04-27 13:27:00","2026-04-27 11:22:00","2026-04-27 16:00:00","2026-04-27 11:01:00","2026-04-27 13:27:11","put side",662.54,663.37
"QQQ-IC-0DTE-HedgeTest","shortputspread","-658 put, +656 put","QQQ","closed",26,0,0.09,0.04,-234,130,0.026178,0.555556,4966,"-0.91589","-0.00482","0.66666667","-1.22222222","2026-04-27 13:27:00","2026-04-27 11:22:00","2026-04-27 16:00:00","2026-04-27 11:01:00","2026-04-27 13:27:11","put side",662.54,663.37
"Friday 14 DTE Broken Wing IB (B-70)","ironbutterfly","+6,990 put, -7,050 put, -7,050 call, +7,090 call","SPX","closed",1,3,42.05,40.9,-4205,115,0.064067,0.027348,1795,"-148.8038","-0.082899","0.02734839","-0.03091558","2026-04-27 13:01:00","2026-04-24 11:45:00","2026-05-08 16:00:00","2026-04-24 10:30:03","2026-04-27 13:01:01","14 dte",7121.76,7167.2
"QQQ-IC-0DTE-HedgeB-S2","shortputspread","-658 put, +656 put","QQQ","closed",26,0,0.09,0.14,-234,-130,-0.026178,-0.555556,4966,"-0.91589","-0.00482","-0.11111111","-0.88888889","2026-04-27 11:01:01","2026-04-27 11:05:00","2026-04-27 16:00:00","2026-04-27 11:01:00","2026-04-27 11:11:01","put side",662.54,662.21
"QQQ-IC-0DTE-HedgeC-S3","shortputspread","-658 put, +656 put","QQQ","closed",26,0,0.09,0.16,-234,-182,-0.036649,-0.777778,4966,"-0.91589","-0.00482","-0.11111111","-0.66666667","2026-04-27 11:01:01","2026-04-27 11:04:00","2026-04-27 16:00:00","2026-04-27 11:01:00","2026-04-27 11:04:00","put side",662.54,661.72
"IC-SPX-FastPT25-S2","shortputspread","-7,110 put, +7,105 put","SPX","closed",10,0,0.35,0.4,-350,-50,-0.010753,-0.142857,4650,"7.28519","0.015567","0.08571429","0","2026-04-27 09:44:03","2026-04-27 09:45:00","2026-04-27 16:00:00","2026-04-27 09:44:03","2026-04-27 09:47:02","put side",7161.95,7156.44
"Nigiri-Paper-v1","shortputspread","-673 put, +668 put","SPY","closed",10,3,0.13,0.07,-130,60,0.01232,0.461538,4870,"8.08929","0.01661","0.61538462","-0.15384615","2026-04-27 09:33:00","2026-04-24 09:56:00","2026-05-01 16:00:00","2026-04-24 09:45:22","2026-04-27 09:45:14","",709.91,713.72
"Nigiri-Paper-v1","shortputspread","-673 put, +668 put","SPY","closed",10,3,0.13,0.07,-130,60,0.01232,0.461538,4870,"8.08929","0.01661","0.61538462","-0.15384615","2026-04-27 09:33:00","2026-04-24 09:56:00","2026-05-01 16:00:00","2026-04-24 09:45:22","2026-04-27 09:45:13","",709.91,713.73
"IC-SPX-FastPT25-S2","shortcallspread","-7,215 call, +7,220 call","SPX","closed",10,0,0.2,0.1,-200,100,0.020833,0.5,4800,"-4.31715","-0.008994","0.5","0","2026-04-27 09:45:00","2026-04-27 09:44:04","2026-04-27 16:00:00","2026-04-27 09:44:04","2026-04-27 09:45:00","call side",7162.37,7160.25
"IC-SPX-FastPT25-S2","shortputspread","-7,115 put, +7,110 put","SPX","closed",10,0,0.3,0.6,-300,-300,-0.06383,-1,4700,"4.2549","0.009053","-0.06666667","-0.4","2026-04-27 09:39:02","2026-04-27 09:44:00","2026-04-27 16:00:00","2026-04-27 09:39:02","2026-04-27 09:44:02","put side",7166.69,7161.95
"IC-SPX-FastPT25-S2","shortcallspread","-7,220 call, +7,225 call","SPX","closed",10,0,0.15,0.1,-150,50,0.010309,0.333333,4850,"-9.3071","-0.01919","0.33333333","0","2026-04-27 09:44:00","2026-04-27 09:39:03","2026-04-27 16:00:00","2026-04-27 09:39:03","2026-04-27 09:44:00","call side",7166.96,7161.45
"IC-SPX-FastPT25-S2","shortcallspread","-7,215 call, +7,220 call","SPX","closed",10,0,0.15,0.3,-150,-150,-0.030928,-1,4850,"-7.06251","-0.014562","0","-0.33333333","2026-04-27 09:35:03","2026-04-27 09:37:00","2026-04-27 16:00:00","2026-04-27 09:35:03","2026-04-27 09:39:01","call side",7160.16,7166.69
"IC-SPX-FastPT25-S2","shortputspread","-7,110 put, +7,105 put","SPX","closed",10,0,0.35,0.25,-350,100,0.021505,0.285714,4650,"8.02029","0.017137","0.28571429","0","2026-04-27 09:39:00","2026-04-27 09:35:00","2026-04-27 16:00:00","2026-04-27 09:34:03","2026-04-27 09:39:00","put side",7163.16,7166.87
"IC-SPX-FastPT25-S2","shortcallspread","-7,215 call, +7,220 call","SPX","closed",10,0,0.2,0.15,-200,50,0.010417,0.25,4800,"-10.33551","-0.021399","0.25","0.15","2026-04-27 09:35:00","2026-04-27 09:34:03","2026-04-27 16:00:00","2026-04-27 09:34:04","2026-04-27 09:35:01","call side",7163.56,7160.86
"IC-SPX-FastPT25-S2","shortcallspread","-7,205 call, +7,210 call","SPX","closed",10,0,0.25,0.45,-250,-200,-0.042105,-0.8,4750,"-1.44592","-0.003044","0","-0.72","2026-04-27 09:31:03","2026-04-27 09:32:00","2026-04-27 16:00:00","2026-04-27 09:31:03","2026-04-27 09:34:02","call side",7152.88,7163.16
"IC-SPX-FastPT25-S2","shortputspread","-7,110 put, +7,105 put","SPX","closed",10,0,0.45,0.3,-450,150,0.032967,0.333333,4550,"16.83498","0.036758","0.33333333","0.06666667","2026-04-27 09:34:00","2026-04-27 09:32:02","2026-04-27 16:00:00","2026-04-27 09:32:02","2026-04-27 09:34:01","put side",7162.52,7163.37
"IC-SPX-FastPT25-S2","shortputspread","-7,100 put, +7,095 put","SPX","closed",10,0,0.4,0.25,-400,150,0.032609,0.375,4600,"14.85965","0.032304","0.375","0","2026-04-27 09:32:00","2026-04-27 09:31:02","2026-04-27 16:00:00","2026-04-27 09:31:02","2026-04-27 09:32:00","put side",7152.53,7163.2
"Opening Range Breakout 60m","shortputspread","-7,110 put, +7,095 put","SPX","expired",1,0,1.6,0,-160,160,0.119403,1,1340,"-16.94155","-0.012615","1","-0.075","2026-04-24 15:08:00","2026-04-24 11:07:00","2026-04-24 16:00:00","2026-04-24 11:00:02","2026-04-24 16:15:00","test a",7137.91,7165.08
"QQQ-IC-0DTE-HedgeA-S1","shortcallspread","-665 call, +667 call","QQQ","closed",25,0,0.07,0.05,-175,50,0.010363,0.285714,4825,"-3.19934","-0.016577","0.57142857","-4","2026-04-24 15:47:00","2026-04-24 12:38:00","2026-04-24 16:00:00","2026-04-24 11:06:03","2026-04-24 15:50:01","call side",660.55,663.74
"QQQ-IC-0DTE-HedgeD-Conditional","shortcallspread","-665 call, +667 call","QQQ","closed",25,0,0.07,0.05,-175,50,0.010363,0.285714,4825,"-3.19934","-0.016577","0.57142857","-4","2026-04-24 15:47:00","2026-04-24 12:38:00","2026-04-24 16:00:00","2026-04-24 11:06:03","2026-04-24 15:50:01","call side",660.55,663.74
"QQQ-IC-0DTE-Raw-HoldToExp","shortputspread","-656 put, +654 put","QQQ","closed",1,0,0.14,0.01,-14,13,0.069892,0.928571,186,"4.685","0.025324","1","-0.07142857","2026-04-24 15:03:00","2026-04-24 11:01:00","2026-04-24 16:00:00","2026-04-24 11:01:00","2026-04-24 15:50:01","put side",660.47,663.74
"QQQ-IC-0DTE-Raw-HoldToExp","shortcallspread","-665 call, +667 call","QQQ","closed",1,0,0.07,0.05,-7,2,0.010363,0.285714,193,"-2.38632","-0.012429","0.57142857","-4","2026-04-24 15:47:00","2026-04-24 12:38:00","2026-04-24 16:00:00","2026-04-24 11:02:01","2026-04-24 15:50:01","call side",660.54,663.74
"QQQ-IC-0DTE-HedgeB-S2","shortcallspread","-665 call, +667 call","QQQ","closed",25,0,0.07,0.3,-175,-575,-0.119171,-3.285714,4825,"-3.19934","-0.016577","0.14285714","-2.71428571","2026-04-24 11:40:00","2026-04-24 11:45:00","2026-04-24 16:00:00","2026-04-24 11:06:03","2026-04-24 11:45:01","call side",660.55,662.67
"QQQ-IC-0DTE-HedgeC-S3","shortputspread","-656 put, +654 put","QQQ","closed",26,0,0.14,0.06,-364,208,0.043011,0.571429,4836,"4.685","0.025324","0.57142857","-0.07142857","2026-04-24 11:45:00","2026-04-24 11:01:00","2026-04-24 16:00:00","2026-04-24 11:01:00","2026-04-24 11:45:01","put side",660.47,662.62
"QQQ-IC-0DTE-HedgeB-S2","shortputspread","-656 put, +654 put","QQQ","closed",26,0,0.14,0.06,-364,208,0.043011,0.571429,4836,"4.685","0.025324","0.57142857","-0.07142857","2026-04-24 11:45:00","2026-04-24 11:01:00","2026-04-24 16:00:00","2026-04-24 11:01:00","2026-04-24 11:45:01","put side",660.47,662.62
"QQQ-IC-0DTE-HedgeTest","shortputspread","-656 put, +654 put","QQQ","closed",26,0,0.14,0.06,-364,208,0.043011,0.571429,4836,"4.685","0.025324","0.57142857","-0.07142857","2026-04-24 11:45:00","2026-04-24 11:01:00","2026-04-24 16:00:00","2026-04-24 11:01:00","2026-04-24 11:45:01","put side",660.47,662.62
"QQQ-IC-0DTE-HedgeD-Conditional","shortputspread","-656 put, +654 put","QQQ","closed",26,0,0.14,0.06,-364,208,0.043011,0.571429,4836,"4.685","0.025324","0.57142857","-0.07142857","2026-04-24 11:45:00","2026-04-24 11:01:00","2026-04-24 16:00:00","2026-04-24 11:01:00","2026-04-24 11:45:01","put side",660.47,662.62
"QQQ-IC-0DTE-HedgeC-S3","shortcallspread","-665 call, +667 call","QQQ","closed",25,0,0.07,0.3,-175,-575,-0.119171,-3.285714,4825,"-2.38632","-0.012429","0.14285714","-2.71428571","2026-04-24 11:40:00","2026-04-24 11:45:00","2026-04-24 16:00:00","2026-04-24 11:02:01","2026-04-24 11:45:01","call side",660.54,662.62
"QQQ-IC-0DTE-HedgeA-S1","shortputspread","-656 put, +654 put","QQQ","closed",26,0,0.14,0.06,-364,208,0.043011,0.571429,4836,"4.685","0.025324","0.57142857","-0.07142857","2026-04-24 11:45:00","2026-04-24 11:01:00","2026-04-24 16:00:00","2026-04-24 11:01:00","2026-04-24 11:45:00","put side",660.47,662.62
"QQQ long call","longcallspread","+655 call, -750 call","QQQ","closed",1,4,28.16,35.26,2816,710,0.252131,0.252131,2816,"-284.33337","-0.101007","0.25213068","-0.06534091","2026-04-24 10:57:00","2026-04-20 11:08:00","2026-08-21 16:00:00","2026-04-20 09:45:02","2026-04-24 10:57:00","",646.79,660.36
"IC-SPX-FastPT25-S2","shortputspread","-7,070 put, +7,065 put","SPX","closed",10,0,0.45,0.3,-450,150,0.032967,0.333333,4550,"22.15893","0.048701","0.33333333","-0.33333333","2026-04-24 10:16:00","2026-04-24 10:04:00","2026-04-24 16:00:00","2026-04-24 09:58:02","2026-04-24 10:16:00","put side",7121.7,7126.19
"IC-SPX-FastPT25-S2","shortcallspread","-7,180 call, +7,185 call","SPX","closed",10,0,0.2,0.15,-200,50,0.010417,0.25,4800,"-3.50681","-0.00726","0.25","0.15","2026-04-24 10:15:00","2026-04-24 10:14:01","2026-04-24 16:00:00","2026-04-24 10:14:01","2026-04-24 10:15:00","call side",7127.45,7124.06
"IC-SPX-FastPT25-S2","shortcallspread","-7,185 call, +7,190 call","SPX","closed",10,0,0.15,0.1,-150,50,0.010309,0.333333,4850,"-1.33149","-0.002745","0.33333333","0","2026-04-24 10:14:00","2026-04-24 10:13:03","2026-04-24 16:00:00","2026-04-24 10:13:03","2026-04-24 10:14:00","call side",7129.05,7127.45
"IC-SPX-FastPT25-S2","shortcallspread","-7,175 call, +7,180 call","SPX","closed",10,0,0.2,0.35,-200,-150,-0.03125,-0.75,4800,"-1.36707","-0.002848","0.15","-0.35","2026-04-24 10:01:00","2026-04-24 10:13:00","2026-04-24 16:00:00","2026-04-24 09:58:03","2026-04-24 10:13:01","call side",7121.86,7129
"IC-SPX-FastPT25-S2","shortcallspread","-7,175 call, +7,180 call","SPX","closed",10,0,0.3,0.2,-300,100,0.021277,0.333333,4700,"4.09668","0.008716","0.43333333","0","2026-04-24 10:01:00","2026-04-24 09:46:00","2026-04-24 16:00:00","2026-04-24 09:44:03","2026-04-24 10:01:00","call side",7123.83,7118.51
"IC-SPX-FastPT25-S2","shortputspread","-7,060 put, +7,055 put","SPX","closed",10,0,0.4,0.4,-400,0,0,0,4600,"21.47503","0.046685","0.125","-0.05","2026-04-24 09:58:00","2026-04-24 09:57:00","2026-04-24 16:00:00","2026-04-24 09:56:01","2026-04-24 09:58:01","put side",7114.93,7121.22
"IC-SPX-FastPT25-S2","shortputspread","-7,070 put, +7,065 put","SPX","closed",10,0,0.4,0.7,-400,-300,-0.065217,-0.75,4600,"18.7069","0.040667","0.075","-0.5","2026-04-24 09:50:00","2026-04-24 09:55:00","2026-04-24 16:00:00","2026-04-24 09:44:02","2026-04-24 09:55:02","put side",7123.83,7118.07
"Nigiri-Paper-v1","shortputspread","-668 put, +663 put","SPY","closed",10,1,0.12,0.09,-120,30,0.006148,0.25,4880,"8.98027","0.01844","0.33333333","-1.75","2026-04-24 09:39:00","2026-04-23 13:47:00","2026-05-01 16:00:00","2026-04-23 10:15:23","2026-04-24 09:45:02","",710.19,710.02
"IC-SPX-FastPT25-S2","shortputspread","-7,075 put, +7,070 put","SPX","closed",11,0,0.55,0.7,-605,-165,-0.033708,-0.272727,4895,"33.02266","0.074208","0.23636364","-0.27272727","2026-04-24 09:43:00","2026-04-24 09:35:00","2026-04-24 16:00:00","2026-04-24 09:31:01","2026-04-24 09:44:01","put side",7129.34,7123.83
"IC-SPX-FastPT25-S2","shortcallspread","-7,175 call, +7,180 call","SPX","closed",10,0,0.4,0.3,-400,100,0.021739,0.25,4600,"13.47921","0.029303","0.25","-0.05","2026-04-24 09:44:00","2026-04-24 09:34:00","2026-04-24 16:00:00","2026-04-24 09:33:03","2026-04-24 09:44:00","call side",7123.44,7123.84
"IC-SPX-FastPT25-S2","shortcallspread","-7,185 call, +7,190 call","SPX","closed",10,0,0.35,0.25,-350,100,0.021505,0.285714,4650,"12.00252","0.025701","0.28571429","0.05714286","2026-04-24 09:33:00","2026-04-24 09:31:02","2026-04-24 16:00:00","2026-04-24 09:31:02","2026-04-24 09:33:00","call side",7129.48,7123.73
"Opening Range Breakout 60m","shortputspread","-7,115 put, +7,100 put","SPX","expired",1,0,1.4,6.6,-140,-520,-0.382353,-3.714286,1360,"-63.40583","-0.046519","0.45","-8.60714286","2026-04-23 11:33:00","2026-04-23 13:53:00","2026-04-23 16:00:00","2026-04-23 11:00:02","2026-04-23 16:15:00","test a",7141.59,7108.4
"QQQ-IC-0DTE-Fortress-NoPT50","shortcallspread","-655 call, +657 call","QQQ","closed",26,0,0.13,0.01,-338,312,0.064171,0.923077,4862,"12.065","0.064866","1","-0.84615385","2026-04-23 15:46:00","2026-04-23 13:35:00","2026-04-23 16:00:00","2026-04-23 13:31:03","2026-04-23 15:50:00","call side",650.27,650.73
"QQQ-IC-0DTE-Range075-PT50-Wide2-1230PM","shortcallspread","-656 call, +658 call","QQQ","closed",1,0,0.09,0.01,-9,8,0.041885,0.888889,191,"7.67866","0.040414","1","-0.55555556","2026-04-23 15:02:00","2026-04-23 13:35:00","2026-04-23 16:00:00","2026-04-23 13:16:02","2026-04-23 15:50:00","call side",651.15,650.73
"QQQ-IC-0DTE-InverseFilter-HoldToExp","shortcallspread","-654 call, +656 call","QQQ","closed",1,0,0.17,0.02,-17,15,0.081967,0.882353,183,"16.87961","0.092745","1","-1.05882353","2026-04-23 15:49:00","2026-04-23 14:11:00","2026-04-23 16:00:00","2026-04-23 13:55:03","2026-04-23 15:50:00","call side",649.32,650.73
"QQQ-IC-0DTE-Range075-PT50-Wide2-1230PM","shortputspread","-651 put, +649 put","QQQ","closed",1,0,0.07,0.7,-7,-63,-0.326425,-9,193,"2.21578","0.011541","0.14285714","-20.28571429","2026-04-23 12:35:00","2026-04-23 13:47:00","2026-04-23 16:00:00","2026-04-23 12:32:00","2026-04-23 15:50:00","put side",655.5,650.73
"QQQ-IC-0DTE-InverseFilter-HoldToExp","shortputspread","-645 put, +643 put","QQQ","closed",1,0,0.16,0.01,-16,15,0.081522,0.9375,184,"14.82395","0.080565","1","-3.25","2026-04-23 15:50:00","2026-04-23 13:47:00","2026-04-23 16:00:00","2026-04-23 13:32:02","2026-04-23 15:50:00","put side",650.13,650.73
"QQQ-IC-0DTE-Raw-HoldToExp","shortcallspread","-656 call, +658 call","QQQ","closed",1,0,0.09,0.01,-9,8,0.041885,0.888889,191,"7.67866","0.040414","1","-0.55555556","2026-04-23 15:02:00","2026-04-23 13:35:00","2026-04-23 16:00:00","2026-04-23 13:16:02","2026-04-23 15:50:00","call side",651.15,650.73
"QQQ-IC-0DTE-Fortress-NoPT50","shortputspread","-646 put, +644 put","QQQ","closed",27,0,0.18,0.02,-486,432,0.087912,0.888889,4914,"16.81361","0.092893","0.94444444","-3.61111111","2026-04-23 15:46:00","2026-04-23 13:47:00","2026-04-23 16:00:00","2026-04-23 13:33:01","2026-04-23 15:50:00","put side",650.56,650.73
"QQQ-IC-0DTE-Raw-HoldToExp","shortputspread","-651 put, +649 put","QQQ","closed",1,0,0.11,0.7,-11,-59,-0.312169,-5.363636,189,"2.488","0.013234","0.54545455","-12.54545455","2026-04-23 11:32:00","2026-04-23 13:47:00","2026-04-23 16:00:00","2026-04-23 11:01:01","2026-04-23 15:50:00","put side",655.74,650.73
"QQQ-IC-0DTE-Baseline","ironcondor","+644 put, -645 put, -653 call, +654 call","QQQ","closed",144,0,0.31,0.15,-4464,2304,0.231884,0.516129,9936,"24.363966","0.363641","0.58064516","-0.4516129","2026-04-23 15:13:00","2026-04-23 13:46:00","2026-04-23 16:00:00","2026-04-23 13:30:34","2026-04-23 15:13:32","",650.05,650.53
"QQQ-IC-0DTE-Fortress-NoFilter","shortcallspread","-654 call, +656 call","QQQ","closed",27,0,0.17,0.07,-459,270,0.054645,0.588235,4941,"16.87961","0.092745","0.64705882","-1.05882353","2026-04-23 15:02:00","2026-04-23 14:11:00","2026-04-23 16:00:00","2026-04-23 13:55:03","2026-04-23 15:02:11","call side",649.32,649.82
"QQQ-IC-0DTE-Fortress","shortputspread","-646 put, +644 put","QQQ","closed",27,0,0.18,0.08,-486,270,0.054945,0.555556,4914,"16.81361","0.092893","0.61111111","-3.61111111","2026-04-23 14:20:00","2026-04-23 13:47:00","2026-04-23 16:00:00","2026-04-23 13:33:01","2026-04-23 14:20:11","put side",650.56,651.44
"QQQ-IC-0DTE-Fortress-NoFilter","shortputspread","-645 put, +643 put","QQQ","closed",27,0,0.18,0.08,-486,270,0.054945,0.555556,4914,"16.59192","0.091164","0.61111111","-2.77777778","2026-04-23 14:08:00","2026-04-23 13:47:00","2026-04-23 16:00:00","2026-04-23 13:40:00","2026-04-23 14:08:11","put side",649.87,651.47
"QQQ-IC-0DTE-Fortress","shortcallspread","-655 call, +657 call","QQQ","closed",26,0,0.13,0.05,-338,208,0.042781,0.615385,4862,"12.065","0.064866","0.69230769","-0.84615385","2026-04-23 13:45:00","2026-04-23 13:35:00","2026-04-23 16:00:00","2026-04-23 13:31:03","2026-04-23 13:45:11","call side",650.27,647.09
"QQQ-IC-0DTE-Fortress-S2","shortcallspread","-655 call, +657 call","QQQ","closed",26,0,0.13,0.05,-338,208,0.042781,0.615385,4862,"12.065","0.064866","0.69230769","-0.84615385","2026-04-23 13:45:00","2026-04-23 13:35:00","2026-04-23 16:00:00","2026-04-23 13:31:03","2026-04-23 13:45:11","call side",650.27,647.09
"QQQ-IC-0DTE-HedgeD-Conditional","shortcallspread","-656 call, +658 call","QQQ","closed",26,0,0.09,0.03,-234,156,0.031414,0.666667,4966,"7.67866","0.040414","0.77777778","-0.55555556","2026-04-23 13:44:00","2026-04-23 13:35:00","2026-04-23 16:00:00","2026-04-23 13:16:04","2026-04-23 13:44:11","call side",651.13,647.45
"QQQ-IC-0DTE-HedgeTest","shortcallspread","-656 call, +658 call","QQQ","closed",26,0,0.09,0.03,-234,156,0.031414,0.666667,4966,"7.67866","0.040414","0.77777778","-0.55555556","2026-04-23 13:44:00","2026-04-23 13:35:00","2026-04-23 16:00:00","2026-04-23 13:16:03","2026-04-23 13:44:11","call side",651.17,647.45
"QQQ-IC-0DTE-HedgeA-S1","shortcallspread","-656 call, +658 call","QQQ","closed",26,0,0.09,0.03,-234,156,0.031414,0.666667,4966,"7.67866","0.040414","0.77777778","-0.55555556","2026-04-23 13:44:00","2026-04-23 13:35:00","2026-04-23 16:00:00","2026-04-23 13:16:04","2026-04-23 13:44:11","call side",651.13,647.45
"QQQ-IC-0DTE-Fortress-S2","shortputspread","-646 put, +644 put","QQQ","closed",27,0,0.19,0.51,-513,-864,-0.176796,-1.684211,4887,"16.81361","0.092893","0.31578947","-1.47368421","2026-04-23 13:35:00","2026-04-23 13:42:00","2026-04-23 16:00:00","2026-04-23 13:33:04","2026-04-23 13:42:02","put side",650.57,648
"QQQ-IC-0DTE-HedgeD-Conditional","shortputspread","-651 put, +649 put","QQQ","closed",26,0,0.11,0.97,-286,-2236,-0.455026,-7.818182,4914,"2.488","0.013234","0.54545455","-7.36363636","2026-04-23 11:32:00","2026-04-23 13:37:00","2026-04-23 16:00:00","2026-04-23 11:01:01","2026-04-23 13:37:01","put side",655.74,649.95
"QQQ-IC-0DTE-HedgeC-S3","shortcallspread","-656 call, +658 call","QQQ","closed",26,0,0.09,0.15,-234,-156,-0.031414,-0.666667,4966,"7.67866","0.040414","0.22222222","-0.55555556","2026-04-23 13:21:00","2026-04-23 13:35:00","2026-04-23 16:00:00","2026-04-23 13:16:02","2026-04-23 13:35:01","call side",651.15,651.54
"QQQ-IC-0DTE-HedgeA-S1","shortputspread","-651 put, +649 put","QQQ","closed",26,0,0.11,0.79,-286,-1768,-0.359788,-6.181818,4914,"2.488","0.013234","0.54545455","-5.90909091","2026-04-23 11:32:00","2026-04-23 13:17:00","2026-04-23 16:00:00","2026-04-23 11:01:01","2026-04-23 13:17:00","put side",655.74,650.77
"QQQ-IC-0DTE-HedgeTest","shortputspread","-651 put, +649 put","QQQ","closed",26,0,0.11,0.76,-286,-1690,-0.343915,-5.909091,4914,"2.488","0.013234","0.54545455","-5.90909091","2026-04-23 11:32:00","2026-04-23 13:17:00","2026-04-23 16:00:00","2026-04-23 11:01:01","2026-04-23 13:17:00","put side",655.74,650.77
"QQQ-IC-0DTE-HedgeB-S2","shortcallspread","-656 call, +658 call","QQQ","closed",26,0,0.09,0.1,-234,-26,-0.005236,-0.111111,4966,"7.67866","0.040414","0","-0.11111111","2026-04-23 13:17:00","2026-04-23 13:16:02","2026-04-23 16:00:00","2026-04-23 13:16:02","2026-04-23 13:17:00","call side",651.15,650.77
"QQQ-IC-0DTE-HedgeC-S3","shortputspread","-651 put, +649 put","QQQ","closed",26,0,0.11,0.18,-286,-182,-0.037037,-0.636364,4914,"2.488","0.013234","0.54545455","-0.54545455","2026-04-23 11:32:00","2026-04-23 12:05:00","2026-04-23 16:00:00","2026-04-23 11:01:01","2026-04-23 12:05:00","put side",655.74,654.3
"QQQ-IC-0DTE-HedgeB-S2","shortputspread","-651 put, +649 put","QQQ","closed",26,0,0.11,0.1,-286,26,0.005291,0.090909,4914,"2.488","0.013234","0.18181818","-0.18181818","2026-04-23 11:11:00","2026-04-23 11:08:00","2026-04-23 16:00:00","2026-04-23 11:01:01","2026-04-23 11:11:01","put side",655.74,656.08
"Nigiri-Paper-v1","shortputspread","-687 put, +682 put","SPY","closed",10,1,0.1,0.04,-100,60,0.012245,0.6,4900,"7.63768","0.015619","0.8","-0.2","2026-04-23 09:42:00","2026-04-22 09:51:00","2026-04-24 16:00:00","2026-04-22 09:45:24","2026-04-23 10:15:12","",708.85,710.19
"IC-SPX-FastPT25-S2","shortputspread","-7,070 put, +7,065 put","SPX","closed",10,0,0.35,0.4,-350,-50,-0.010753,-0.142857,4650,"10.0077","0.021384","0.14285714","-0.28571429","2026-04-23 10:00:06","2026-04-23 10:01:00","2026-04-23 16:00:00","2026-04-23 10:00:06","2026-04-23 10:05:03","put side",7124.17,7123.02
"IC-SPX-FastPT25-S2","shortcallspread","-7,175 call, +7,180 call","SPX","closed",10,0,0.15,0.1,-150,50,0.010309,0.333333,4850,"-11.69387","-0.024111","0.33333333","0","2026-04-23 10:05:00","2026-04-23 10:00:08","2026-04-23 16:00:00","2026-04-23 10:00:08","2026-04-23 10:05:01","call side",7123.52,7123.7
"IC-SPX-FastPT25-S2","shortputspread","-7,075 put, +7,070 put","SPX","closed",10,0,0.35,0.4,-350,-50,-0.010753,-0.142857,4650,"11.46867","0.024664","0.08571429","0","2026-04-23 09:58:00","2026-04-23 09:56:02","2026-04-23 16:00:00","2026-04-23 09:56:02","2026-04-23 10:00:03","put side",7128.45,7124.44
"IC-SPX-FastPT25-S2","shortcallspread","-7,180 call, +7,185 call","SPX","closed",10,0,0.15,0.1,-150,50,0.010309,0.333333,4850,"-11.85643","-0.024446","0.33333333","0","2026-04-23 10:00:00","2026-04-23 09:56:03","2026-04-23 16:00:00","2026-04-23 09:56:03","2026-04-23 10:00:00","call side",7128.28,7125.77
"IC-SPX-FastPT25-S2","shortputspread","-7,075 put, +7,070 put","SPX","closed",10,0,0.35,0.45,-350,-100,-0.021505,-0.285714,4650,"11.57442","0.024891","0.14285714","-0.08571429","2026-04-23 09:45:00","2026-04-23 09:51:00","2026-04-23 16:00:00","2026-04-23 09:44:02","2026-04-23 09:56:02","put side",7129.44,7128.45
"IC-SPX-FastPT25-S2","shortcallspread","-7,180 call, +7,185 call","SPX","closed",10,0,0.15,0.1,-150,50,0.010309,0.333333,4850,"-14.65839","-0.030223","0.33333333","-0.53333333","2026-04-23 09:56:00","2026-04-23 09:49:00","2026-04-23 16:00:00","2026-04-23 09:43:03","2026-04-23 09:56:00","call side",7129.01,7127.93
"3DTE $140-$350","ironcondor","+6,905 put, -6,915 put, -7,340 call, +7,350 call","SPX","closed",1,2,0.5,0.15,-50,35,0.036842,0.7,950,"-17.168613","-0.018034","1","-2.4","2026-04-21 15:42:00","2026-04-21 13:39:00","2026-04-24 16:00:00","2026-04-21 10:30:06","2026-04-23 09:45:02","210,60percent",7129.24,7129.15
"IC-SPX-FastPT25-S2","shortputspread","-7,070 put, +7,065 put","SPX","closed",10,0,0.35,0.35,-350,0,0,0,4650,"11.1294","0.023832","0.14285714","0.05714286","2026-04-23 09:41:00","2026-04-23 09:40:03","2026-04-23 16:00:00","2026-04-23 09:40:04","2026-04-23 09:43:02","put side",7125.82,7128.88
"IC-SPX-FastPT25-S2","shortcallspread","-7,180 call, +7,185 call","SPX","closed",10,0,0.2,0.15,-200,50,0.010417,0.25,4800,"-7.86503","-0.016284","0.4","0.1","2026-04-23 09:40:04","2026-04-23 09:41:00","2026-04-23 16:00:00","2026-04-23 09:40:04","2026-04-23 09:43:01","call side",7125.82,7129.33
"IC-SPX-FastPT25-S2","shortcallspread","-7,175 call, +7,180 call","SPX","closed",10,0,0.25,0.25,-250,0,0,0,4750,"0.91662","0.00193","0.2","0","2026-04-23 09:34:00","2026-04-23 09:31:02","2026-04-23 16:00:00","2026-04-23 09:31:02","2026-04-23 09:40:02","call side",7119.66,7126.86
"IC-SPX-FastPT25-S2","shortputspread","-7,065 put, +7,060 put","SPX","closed",10,0,0.4,0.3,-400,100,0.021739,0.25,4600,"16.35048","0.035545","0.25","-0.125","2026-04-23 09:40:00","2026-04-23 09:31:01","2026-04-23 16:00:00","2026-04-23 09:31:01","2026-04-23 09:40:01","put side",7120.18,7127.32
"QQQ-IC-0DTE-Raw-HoldToExp","shortcallspread","-657 call, +659 call","QQQ","closed",1,0,0.07,0.04,-7,3,0.015544,0.428571,193,"-1.92068","-0.010004","0.85714286","-0.71428571","2026-04-22 14:56:00","2026-04-22 13:23:00","2026-04-22 16:00:00","2026-04-22 11:09:02","2026-04-22 15:50:00","call side",652.5,654.6
"QQQ-IC-0DTE-Raw-HoldToExp","shortputspread","-647 put, +645 put","QQQ","closed",1,0,0.14,0.01,-14,13,0.069892,0.928571,186,"6.72904","0.036373","1","-0.14285714","2026-04-22 15:20:00","2026-04-22 11:01:01","2026-04-22 16:00:00","2026-04-22 11:01:01","2026-04-22 15:50:00","put side",651.8,654.6
"QQQ-IC-0DTE-Baseline","ironcondor","+648 put, -649 put, -657 call, +658 call","QQQ","closed",106,0,0.06,0.03,-636,318,0.031915,0.5,9964,"1.083204","0.011774","0.83333333","-0.66666667","2026-04-22 15:37:00","2026-04-22 13:43:00","2026-04-22 16:00:00","2026-04-22 13:30:34","2026-04-22 15:37:11","",653.72,654.14
"QQQ-IC-0DTE-HedgeD-Conditional","shortcallspread","-657 call, +659 call","QQQ","closed",25,0,0.07,0.03,-175,100,0.020725,0.571429,4825,"-1.92068","-0.010004","0.71428571","-0.28571429","2026-04-22 12:32:00","2026-04-22 11:24:00","2026-04-22 16:00:00","2026-04-22 11:09:03","2026-04-22 12:32:11","call side",652.49,652.56
"QQQ-IC-0DTE-HedgeA-S1","shortcallspread","-657 call, +659 call","QQQ","closed",25,0,0.07,0.03,-175,100,0.020725,0.571429,4825,"-1.92068","-0.010004","0.71428571","-0.28571429","2026-04-22 12:32:00","2026-04-22 11:24:00","2026-04-22 16:00:00","2026-04-22 11:09:03","2026-04-22 12:32:11","call side",652.49,652.56
"QQQ-IC-0DTE-HedgeC-S3","shortcallspread","-657 call, +659 call","QQQ","closed",25,0,0.07,0.03,-175,100,0.020725,0.571429,4825,"-1.92068","-0.010004","0.71428571","-0.28571429","2026-04-22 12:32:00","2026-04-22 11:24:00","2026-04-22 16:00:00","2026-04-22 11:09:02","2026-04-22 12:32:11","call side",652.5,652.56
"QQQ-IC-0DTE-HedgeTest","shortcallspread","-657 call, +659 call","QQQ","closed",25,0,0.07,0.03,-175,100,0.020725,0.571429,4825,"-1.92068","-0.010004","0.71428571","-0.28571429","2026-04-22 12:32:00","2026-04-22 11:24:00","2026-04-22 16:00:00","2026-04-22 11:09:02","2026-04-22 12:32:11","call side",652.5,652.56
"QQQ-IC-0DTE-HedgeC-S3","shortputspread","-647 put, +645 put","QQQ","closed",26,0,0.14,0.07,-364,182,0.037634,0.5,4836,"6.72904","0.036373","0.57142857","-0.14285714","2026-04-22 11:48:00","2026-04-22 11:01:01","2026-04-22 16:00:00","2026-04-22 11:01:01","2026-04-22 11:48:11","put side",651.8,652.83
"QQQ-IC-0DTE-HedgeA-S1","shortputspread","-647 put, +645 put","QQQ","closed",26,0,0.14,0.07,-364,182,0.037634,0.5,4836,"6.72904","0.036373","0.57142857","-0.14285714","2026-04-22 11:48:00","2026-04-22 11:01:01","2026-04-22 16:00:00","2026-04-22 11:01:01","2026-04-22 11:48:11","put side",651.8,652.83
"QQQ-IC-0DTE-HedgeD-Conditional","shortputspread","-647 put, +645 put","QQQ","closed",26,0,0.14,0.07,-364,182,0.037634,0.5,4836,"6.72904","0.036373","0.57142857","-0.14285714","2026-04-22 11:48:00","2026-04-22 11:01:01","2026-04-22 16:00:00","2026-04-22 11:01:01","2026-04-22 11:48:11","put side",651.8,652.83
"QQQ-IC-0DTE-HedgeTest","shortputspread","-647 put, +645 put","QQQ","closed",26,0,0.14,0.07,-364,182,0.037634,0.5,4836,"6.72904","0.036373","0.57142857","-0.14285714","2026-04-22 11:48:00","2026-04-22 11:01:01","2026-04-22 16:00:00","2026-04-22 11:01:01","2026-04-22 11:48:11","put side",651.8,652.83
"QQQ-IC-0DTE-HedgeB-S2","shortputspread","-647 put, +645 put","QQQ","closed",26,0,0.14,0.09,-364,130,0.026882,0.357143,4836,"6.72904","0.036373","0.5","-0.14285714","2026-04-22 11:24:00","2026-04-22 11:01:01","2026-04-22 16:00:00","2026-04-22 11:01:01","2026-04-22 11:27:00","put side",651.8,652.7
"QQQ-IC-0DTE-HedgeB-S2","shortcallspread","-657 call, +659 call","QQQ","closed",25,0,0.07,0.1,-175,-75,-0.015544,-0.428571,4825,"-1.92068","-0.010004","0.28571429","-0.28571429","2026-04-22 11:13:00","2026-04-22 11:24:00","2026-04-22 16:00:00","2026-04-22 11:09:03","2026-04-22 11:24:00","call side",652.49,653.06
"IC-SPX-FastPT25-S2","shortputspread","-7,060 put, +7,055 put","SPX","closed",10,0,0.35,0.25,-350,100,0.021505,0.285714,4650,"12.9274","0.027801","0.28571429","0","2026-04-22 10:08:00","2026-04-22 10:06:00","2026-04-22 16:00:00","2026-04-22 10:06:00","2026-04-22 10:08:00","put side",7113.02,7121.35
"IC-SPX-FastPT25-S2","shortcallspread","-7,160 call, +7,165 call","SPX","closed",10,0,0.25,0.4,-250,-150,-0.031579,-0.6,4750,"-4.08227","-0.00854","0.2","-0.32","2026-04-22 09:52:00","2026-04-22 10:00:00","2026-04-22 16:00:00","2026-04-22 09:51:03","2026-04-22 10:00:02","call side",7108.11,7117.51
"IC-SPX-FastPT25-S2","shortputspread","-7,055 put, +7,050 put","SPX","closed",10,0,0.35,0.25,-350,100,0.021505,0.285714,4650,"13.20523","0.028398","0.37142857","0","2026-04-22 10:00:00","2026-04-22 09:50:02","2026-04-22 16:00:00","2026-04-22 09:50:02","2026-04-22 10:00:00","put side",7109.42,7117.3
"IC-SPX-FastPT25-S2","shortcallspread","-7,165 call, +7,170 call","SPX","closed",10,0,0.2,0.15,-200,50,0.010417,0.25,4800,"-1.18493","-0.002469","0.25","0","2026-04-22 09:51:00","2026-04-22 09:50:03","2026-04-22 16:00:00","2026-04-22 09:50:03","2026-04-22 09:51:00","call side",7109.67,7108.7
"IC-SPX-FastPT25-S2","shortputspread","-7,060 put, +7,055 put","SPX","closed",10,0,0.4,0.45,-400,-50,-0.01087,-0.125,4600,"14.29945","0.030884","0.2","-0.05","2026-04-22 09:48:00","2026-04-22 09:50:00","2026-04-22 16:00:00","2026-04-22 09:46:03","2026-04-22 09:50:02","put side",7114.12,7109.42
"IC-SPX-FastPT25-S2","shortcallspread","-7,170 call, +7,175 call","SPX","closed",10,0,0.15,0.1,-150,50,0.010309,0.333333,4850,"-5.97115","-0.012312","0.33333333","-0.13333333","2026-04-22 09:50:00","2026-04-22 09:47:00","2026-04-22 16:00:00","2026-04-22 09:46:04","2026-04-22 09:50:00","call side",7114.16,7109.59
"IC-SPX-FastPT25-S2","shortcallspread","-7,160 call, +7,165 call","SPX","closed",10,0,0.25,0.35,-250,-100,-0.021053,-0.4,4750,"-3.15828","-0.006621","0.08","-0.2","2026-04-22 09:36:03","2026-04-22 09:37:00","2026-04-22 16:00:00","2026-04-22 09:36:03","2026-04-22 09:46:02","call side",7107.07,7114.12
"IC-SPX-FastPT25-S2","shortputspread","-7,055 put, +7,050 put","SPX","closed",10,0,0.4,0.3,-400,100,0.021739,0.25,4600,"13.14939","0.028586","0.325","0","2026-04-22 09:46:00","2026-04-22 09:36:02","2026-04-22 16:00:00","2026-04-22 09:36:02","2026-04-22 09:46:01","put side",7107.07,7114.21
"Nigiri-Paper-v1","shortputspread","-681 put, +676 put","SPY","closed",10,1,0.09,0.07,-90,20,0.004073,0.222222,4910,"8.17294","0.016679","0.44444444","-2.33333333","2026-04-22 09:32:00","2026-04-21 15:45:00","2026-04-24 16:00:00","2026-04-21 09:45:24","2026-04-22 09:45:13","",709.76,708.81
"3DTE $140-$350","ironcondor","+6,885 put, -6,895 put, -7,340 call, +7,350 call","SPX","closed",1,2,0.55,0.15,-55,40,0.042328,0.727273,945,"-5.553286","-0.005858","1","-0.63636364","2026-04-20 11:30:00","2026-04-21 13:21:00","2026-04-23 16:00:00","2026-04-20 10:05:00","2026-04-22 09:45:02","220,60percent",7115.55,7110.9
"IC-SPX-FastPT25-S2","shortputspread","-7,060 put, +7,055 put","SPX","closed",10,0,0.4,0.6,-400,-200,-0.043478,-0.5,4600,"17.17568","0.037338","0.075","-0.25","2026-04-22 09:33:00","2026-04-22 09:36:00","2026-04-22 16:00:00","2026-04-22 09:31:01","2026-04-22 09:36:01","put side",7115.16,7106.54
"IC-SPX-FastPT25-S2","shortcallspread","-7,170 call, +7,175 call","SPX","closed",10,0,0.2,0.15,-200,50,0.010417,0.25,4800,"-2.92551","-0.006095","0.25","0","2026-04-22 09:36:00","2026-04-22 09:31:02","2026-04-22 16:00:00","2026-04-22 09:31:02","2026-04-22 09:36:00","call side",7114.45,7107.78
"Opening Range Breakout 60m","shortcallspread","-7,140 call, +7,155 call","SPX","expired",1,0,0.95,0,-95,95,0.067616,1,1405,"10.42821","0.007422","1","-0.02105263","2026-04-21 13:08:00","2026-04-21 11:11:00","2026-04-21 16:00:00","2026-04-21 11:00:03","2026-04-21 16:15:00","test b",7099.57,7064.01
"QQQ-IC-0DTE-Baseline","ironcondor","+638 put, -639 put, -647 call, +648 call","QQQ","closed",112,0,0.11,0.07,-1232,448,0.044944,0.363636,9968,"4.744595","0.054536","0.63636364","-4.36363636","2026-04-21 15:47:00","2026-04-21 15:32:00","2026-04-21 16:00:00","2026-04-21 13:30:35","2026-04-21 15:50:12","",644.15,644.1
"QQQ-IC-0DTE-Raw-HoldToExp","shortcallspread","-651 call, +653 call","QQQ","closed",1,0,0.11,0.01,-11,10,0.05291,0.909091,189,"3.65473","0.01944","1","-0.63636364","2026-04-21 14:38:00","2026-04-21 11:22:00","2026-04-21 16:00:00","2026-04-21 11:01:03","2026-04-21 15:50:01","call side",646.21,643.59
"QQQ-IC-0DTE-Raw-HoldToExp","shortputspread","-641 put, +639 put","QQQ","closed",1,0,0.14,0.12,-14,2,0.010753,0.142857,186,"8.94032","0.048326","1","-0.85714286","2026-04-21 15:06:00","2026-04-21 13:20:00","2026-04-21 16:00:00","2026-04-21 11:01:01","2026-04-21 15:50:01","put side",646.23,643.59
"QQQ-IC-0DTE-Range075-PT50-Wide2-1230PM","shortputspread","-642 put, +640 put","QQQ","closed",1,0,0.09,0.03,-9,6,0.031414,0.666667,191,"4.30753","0.022671","0.77777778","-3.11111111","2026-04-21 15:01:00","2026-04-21 13:20:00","2026-04-21 16:00:00","2026-04-21 12:32:01","2026-04-21 15:01:11","put side",646.31,646.43
"QQQ-IC-0DTE-Fortress-S2","shortputspread","-640 put, +638 put","QQQ","closed",26,0,0.08,0.04,-208,104,0.020833,0.5,4992,"7.10625","0.037206","0.625","-0.125","2026-04-21 13:42:00","2026-04-21 13:31:01","2026-04-21 16:00:00","2026-04-21 13:31:01","2026-04-21 13:42:11","put side",644.53,646.38
"QQQ-IC-0DTE-HedgeD-Conditional","shortcallspread","-651 call, +653 call","QQQ","closed",26,0,0.11,0.05,-286,156,0.031746,0.545455,4914,"3.65473","0.01944","0.63636364","-0.63636364","2026-04-21 12:26:00","2026-04-21 11:22:00","2026-04-21 16:00:00","2026-04-21 11:01:03","2026-04-21 12:26:11","call side",646.21,646.07
"QQQ-IC-0DTE-HedgeA-S1","shortcallspread","-651 call, +653 call","QQQ","closed",26,0,0.11,0.05,-286,156,0.031746,0.545455,4914,"3.65473","0.01944","0.63636364","-0.63636364","2026-04-21 12:26:00","2026-04-21 11:22:00","2026-04-21 16:00:00","2026-04-21 11:01:03","2026-04-21 12:26:11","call side",646.21,646.07
"QQQ-IC-0DTE-HedgeTest","shortcallspread","-651 call, +653 call","QQQ","closed",26,0,0.11,0.05,-286,156,0.031746,0.545455,4914,"3.65473","0.01944","0.63636364","-0.63636364","2026-04-21 12:26:00","2026-04-21 11:22:00","2026-04-21 16:00:00","2026-04-21 11:01:03","2026-04-21 12:26:11","call side",646.21,646.07
"QQQ-IC-0DTE-HedgeTest","shortputspread","-641 put, +639 put","QQQ","closed",26,0,0.14,0.07,-364,182,0.037634,0.5,4836,"8.94032","0.048326","0.57142857","-0.64285714","2026-04-21 11:20:00","2026-04-21 11:04:00","2026-04-21 16:00:00","2026-04-21 11:01:01","2026-04-21 11:20:11","put side",646.23,647.78
"QQQ-IC-0DTE-HedgeA-S1","shortputspread","-641 put, +639 put","QQQ","closed",26,0,0.14,0.07,-364,182,0.037634,0.5,4836,"8.94032","0.048326","0.57142857","-0.64285714","2026-04-21 11:20:00","2026-04-21 11:04:00","2026-04-21 16:00:00","2026-04-21 11:01:01","2026-04-21 11:20:11","put side",646.23,647.78
"QQQ-IC-0DTE-HedgeD-Conditional","shortputspread","-641 put, +639 put","QQQ","closed",26,0,0.14,0.07,-364,182,0.037634,0.5,4836,"8.94032","0.048326","0.57142857","-0.64285714","2026-04-21 11:20:00","2026-04-21 11:04:00","2026-04-21 16:00:00","2026-04-21 11:01:01","2026-04-21 11:20:11","put side",646.23,647.78
"QQQ-IC-0DTE-HedgeC-S3","shortcallspread","-651 call, +653 call","QQQ","closed",26,0,0.11,0.18,-286,-182,-0.037037,-0.636364,4914,"3.65473","0.01944","0.27272727","-0.54545455","2026-04-21 11:06:00","2026-04-21 11:20:00","2026-04-21 16:00:00","2026-04-21 11:01:03","2026-04-21 11:20:00","call side",646.21,647.66
"QQQ-IC-0DTE-HedgeB-S2","shortputspread","-641 put, +639 put","QQQ","closed",26,0,0.14,0.09,-364,130,0.026882,0.357143,4836,"8.94032","0.048326","0.5","-0.64285714","2026-04-21 11:13:00","2026-04-21 11:04:00","2026-04-21 16:00:00","2026-04-21 11:01:01","2026-04-21 11:19:00","put side",646.23,647.22
"QQQ-IC-0DTE-HedgeB-S2","shortcallspread","-651 call, +653 call","QQQ","closed",26,0,0.11,0.16,-286,-130,-0.026455,-0.454545,4914,"3.65473","0.01944","0.27272727","-0.45454545","2026-04-21 11:06:00","2026-04-21 11:11:00","2026-04-21 16:00:00","2026-04-21 11:01:03","2026-04-21 11:13:00","call side",646.21,647.31
"QQQ-IC-0DTE-HedgeC-S3","shortputspread","-641 put, +639 put","QQQ","closed",26,0,0.14,0.24,-364,-260,-0.053763,-0.714286,4836,"8.94032","0.048326","-0.07142857","-0.64285714","2026-04-21 11:01:01","2026-04-21 11:04:00","2026-04-21 16:00:00","2026-04-21 11:01:01","2026-04-21 11:04:00","put side",646.23,645.15
"IC-SPX-FastPT25-S2","shortputspread","-7,080 put, +7,075 put","SPX","closed",10,0,0.35,0.4,-350,-50,-0.010753,-0.142857,4650,"10.14591","0.021679","0.28571429","0","2026-04-21 10:02:04","2026-04-21 10:05:00","2026-04-21 16:00:00","2026-04-21 10:02:04","2026-04-21 10:05:03","put side",7133.26,7130.67
"IC-SPX-FastPT25-S2","shortcallspread","-7,180 call, +7,185 call","SPX","closed",10,0,0.2,0.3,-200,-100,-0.020833,-0.5,4800,"-4.06954","-0.008478","0","-0.5","2026-04-21 09:50:05","2026-04-21 09:54:00","2026-04-21 16:00:00","2026-04-21 09:50:05","2026-04-21 10:02:03","call side",7126.96,7133.11
"IC-SPX-FastPT25-S2","shortputspread","-7,075 put, +7,070 put","SPX","closed",10,0,0.3,0.2,-300,100,0.021277,0.333333,4700,"6.5953","0.014033","0.33333333","-0.16666667","2026-04-21 10:02:00","2026-04-21 09:51:00","2026-04-21 16:00:00","2026-04-21 09:49:04","2026-04-21 10:02:00","put side",7128.14,7134.03
"IC-SPX-FastPT25-S2","shortcallspread","-7,180 call, +7,185 call","SPX","closed",10,0,0.2,0.15,-200,50,0.010417,0.25,4800,"-6.01494","-0.012531","0.25","-0.15","2026-04-21 09:50:00","2026-04-21 09:49:04","2026-04-21 16:00:00","2026-04-21 09:49:05","2026-04-21 09:50:01","call side",7128.14,7126.15
"IC-SPX-FastPT25-S2","shortcallspread","-7,170 call, +7,175 call","SPX","closed",10,0,0.25,0.45,-250,-200,-0.042105,-0.8,4750,"-1.47527","-0.003106","0.08","-0.52","2026-04-21 09:44:04","2026-04-21 09:49:00","2026-04-21 16:00:00","2026-04-21 09:44:04","2026-04-21 09:49:02","call side",7118.14,7128.22
"IC-SPX-FastPT25-S2","shortputspread","-7,065 put, +7,060 put","SPX","closed",10,0,0.3,0.2,-300,100,0.021277,0.333333,4700,"6.55536","0.013948","0.33333333","-0.16666667","2026-04-21 09:49:00","2026-04-21 09:46:00","2026-04-21 16:00:00","2026-04-21 09:44:03","2026-04-21 09:49:01","put side",7118.41,7128.82
"Nigiri-Paper-v1","shortputspread","-677 put, +672 put","SPY","closed",10,1,0.1,0.08,-100,20,0.004082,0.2,4900,"8.29864","0.016971","0.3","-0.5","2026-04-20 13:19:00","2026-04-20 11:02:00","2026-04-24 16:00:00","2026-04-20 09:45:13","2026-04-21 09:45:13","",708.83,709.77
"IC-SPX-FastPT25-S2","shortcallspread","-7,170 call, +7,175 call","SPX","closed",10,0,0.2,0.3,-200,-100,-0.020833,-0.5,4800,"-1.70307","-0.003548","0","-0.35","2026-04-21 09:37:04","2026-04-21 09:44:00","2026-04-21 16:00:00","2026-04-21 09:37:04","2026-04-21 09:44:02","call side",7114.41,7118.41
"IC-SPX-FastPT25-S2","shortputspread","-7,060 put, +7,055 put","SPX","closed",10,0,0.35,0.25,-350,100,0.021505,0.285714,4650,"12.10192","0.026026","0.28571429","-0.08571429","2026-04-21 09:44:00","2026-04-21 09:38:00","2026-04-21 16:00:00","2026-04-21 09:37:02","2026-04-21 09:44:00","put side",7114.27,7118.99
"IC-SPX-FastPT25-S2","shortputspread","-7,070 put, +7,065 put","SPX","closed",10,0,0.5,0.65,-500,-150,-0.033333,-0.3,4500,"21.71442","0.048254","0.1","-0.1","2026-04-21 09:35:00","2026-04-21 09:32:00","2026-04-21 16:00:00","2026-04-21 09:31:01","2026-04-21 09:37:02","put side",7121.29,7114.27
"IC-SPX-FastPT25-S2","shortcallspread","-7,175 call, +7,180 call","SPX","closed",10,0,0.25,0.15,-250,100,0.021053,0.4,4750,"-0.34626","-0.000726","0.4","0","2026-04-21 09:37:00","2026-04-21 09:32:00","2026-04-21 16:00:00","2026-04-21 09:31:04","2026-04-21 09:37:00","call side",7120.1,7114.19
"Opening Range Breakout 60m","shortcallspread","-7,125 call, +7,140 call","SPX","expired",1,0,2.8,0,-280,280,0.229508,1,1220,"-4.32048","-0.003533","1","-0.25714286","2026-04-20 15:26:00","2026-04-20 10:50:00","2026-04-20 16:00:00","2026-04-20 10:45:02","2026-04-20 16:15:00","test b",7104.65,7109.14
"QQQ-IC-0DTE-Raw-HoldToExp","shortputspread","-639 put, +637 put","QQQ","closed",1,0,0.11,0.02,-11,9,0.047619,0.818182,189,"6.05929","0.03223","1","-1.18181818","2026-04-20 13:41:00","2026-04-20 11:08:00","2026-04-20 16:00:00","2026-04-20 11:01:00","2026-04-20 15:50:00","put side",644.31,646.29
"QQQ-IC-0DTE-Raw-HoldToExp","shortcallspread","-649 call, +651 call","QQQ","closed",1,0,0.08,0.01,-8,7,0.036458,0.875,192,"0.73196","0.003832","1","-0.5","2026-04-20 15:27:00","2026-04-20 11:26:00","2026-04-20 16:00:00","2026-04-20 11:01:02","2026-04-20 15:50:00","call side",644.18,646.29
"QQQ-IC-0DTE-HedgeD-Conditional","shortcallspread","-649 call, +651 call","QQQ","closed",26,0,0.08,0.04,-208,104,0.020833,0.5,4992,"0.73196","0.003832","0.625","-0.5","2026-04-20 13:07:00","2026-04-20 11:26:00","2026-04-20 16:00:00","2026-04-20 11:01:02","2026-04-20 13:07:11","call side",644.18,645.34
"QQQ-IC-0DTE-HedgeA-S1","shortcallspread","-649 call, +651 call","QQQ","closed",26,0,0.08,0.04,-208,104,0.020833,0.5,4992,"0.73196","0.003832","0.625","-0.5","2026-04-20 13:07:00","2026-04-20 11:26:00","2026-04-20 16:00:00","2026-04-20 11:01:02","2026-04-20 13:07:11","call side",644.18,645.34
"QQQ-IC-0DTE-HedgeTest","shortcallspread","-649 call, +651 call","QQQ","closed",26,0,0.08,0.04,-208,104,0.020833,0.5,4992,"0.73196","0.003832","0.625","-0.5","2026-04-20 13:07:00","2026-04-20 11:26:00","2026-04-20 16:00:00","2026-04-20 11:01:02","2026-04-20 13:07:11","call side",644.18,645.34
"QQQ-IC-0DTE-HedgeA-S1","shortputspread","-639 put, +637 put","QQQ","closed",26,0,0.11,0.04,-286,182,0.037037,0.636364,4914,"6.05929","0.03223","0.72727273","-1.18181818","2026-04-20 12:13:00","2026-04-20 11:08:00","2026-04-20 16:00:00","2026-04-20 11:01:00","2026-04-20 12:13:11","put side",644.31,645.24
"QQQ-IC-0DTE-HedgeD-Conditional","shortputspread","-639 put, +637 put","QQQ","closed",26,0,0.11,0.04,-286,182,0.037037,0.636364,4914,"6.05929","0.03223","0.72727273","-1.18181818","2026-04-20 12:13:00","2026-04-20 11:08:00","2026-04-20 16:00:00","2026-04-20 11:01:00","2026-04-20 12:13:11","put side",644.31,645.24
"QQQ-IC-0DTE-HedgeTest","shortputspread","-639 put, +637 put","QQQ","closed",26,0,0.11,0.04,-286,182,0.037037,0.636364,4914,"6.05929","0.03223","0.72727273","-1.18181818","2026-04-20 12:13:00","2026-04-20 11:08:00","2026-04-20 16:00:00","2026-04-20 11:01:00","2026-04-20 12:13:11","put side",644.31,645.24
"QQQ-IC-0DTE-HedgeB-S2","shortputspread","-639 put, +637 put","QQQ","closed",26,0,0.11,0.08,-286,78,0.015873,0.272727,4914,"6.05929","0.03223","0.54545455","-1.18181818","2026-04-20 11:28:00","2026-04-20 11:08:00","2026-04-20 16:00:00","2026-04-20 11:01:00","2026-04-20 11:31:00","put side",644.31,645.16
"QQQ-IC-0DTE-HedgeB-S2","shortcallspread","-649 call, +651 call","QQQ","closed",26,0,0.08,0.13,-208,-130,-0.026042,-0.625,4992,"0.73196","0.003832","0.5","-0.5","2026-04-20 11:05:00","2026-04-20 11:26:00","2026-04-20 16:00:00","2026-04-20 11:01:02","2026-04-20 11:28:00","call side",644.18,645.21
"QQQ-IC-0DTE-HedgeC-S3","shortcallspread","-649 call, +651 call","QQQ","closed",26,0,0.08,0.13,-208,-130,-0.026042,-0.625,4992,"0.73196","0.003832","0.5","-0.5","2026-04-20 11:05:00","2026-04-20 11:26:00","2026-04-20 16:00:00","2026-04-20 11:01:02","2026-04-20 11:26:00","call side",644.18,645.1
"QQQ-IC-0DTE-HedgeC-S3","shortputspread","-639 put, +637 put","QQQ","closed",26,0,0.11,0.19,-286,-208,-0.042328,-0.727273,4914,"6.05929","0.03223","-0.18181818","-0.63636364","2026-04-20 11:01:00","2026-04-20 11:05:00","2026-04-20 16:00:00","2026-04-20 11:01:00","2026-04-20 11:05:00","put side",644.31,643.43
"IC-SPX-FastPT25-S2","shortputspread","-7,060 put, +7,055 put","SPX","closed",10,0,0.3,0.35,-300,-50,-0.010638,-0.166667,4700,"5.43733","0.01152","0.26666667","0","2026-04-20 10:15:00","2026-04-20 10:12:02","2026-04-20 16:00:00","2026-04-20 10:12:02","2026-04-20 10:18:02","put side",7112.67,7112.65
"IC-SPX-FastPT25-S2","shortputspread","-7,070 put, +7,065 put","SPX","closed",10,0,0.3,0.55,-300,-250,-0.053191,-0.833333,4700,"4.72583","0.010055","0","-0.56666667","2026-04-20 09:58:02","2026-04-20 10:12:00","2026-04-20 16:00:00","2026-04-20 09:58:02","2026-04-20 10:12:01","put side",7122.03,7112.58
"IC-SPX-FastPT25-S2","shortcallspread","-7,175 call, +7,180 call","SPX","closed",10,0,0.15,0.1,-150,50,0.010309,0.333333,4850,"-7.56925","-0.015607","0.33333333","-0.2","2026-04-20 10:12:00","2026-04-20 10:01:00","2026-04-20 16:00:00","2026-04-20 09:59:03","2026-04-20 10:12:00","call side",7120.81,7112.69
"IC-SPX-FastPT25-S2","shortcallspread","-7,175 call, +7,180 call","SPX","closed",10,0,0.2,0.15,-200,50,0.010417,0.25,4800,"-4.07112","-0.008481","0.25","0","2026-04-20 09:59:00","2026-04-20 09:58:03","2026-04-20 16:00:00","2026-04-20 09:58:03","2026-04-20 09:59:00","call side",7121.76,7120.9
"IC-SPX-FastPT25-S2","shortcallspread","-7,170 call, +7,175 call","SPX","closed",10,0,0.2,0.3,-200,-100,-0.020833,-0.5,4800,"-5.04289","-0.010506","0","-0.4","2026-04-20 09:55:03","2026-04-20 09:57:00","2026-04-20 16:00:00","2026-04-20 09:55:03","2026-04-20 09:58:02","call side",7117.21,7122.03
"IC-SPX-FastPT25-S2","shortputspread","-7,065 put, +7,060 put","SPX","closed",10,0,0.35,0.25,-350,100,0.021505,0.285714,4650,"9.96306","0.021426","0.28571429","0","2026-04-20 09:58:00","2026-04-20 09:55:02","2026-04-20 16:00:00","2026-04-20 09:55:02","2026-04-20 09:58:00","put side",7117.37,7122.15
"IC-SPX-FastPT25-S2","shortcallspread","-7,165 call, +7,170 call","SPX","closed",10,0,0.25,0.35,-250,-100,-0.021053,-0.4,4750,"0.8146","0.001715","0.12","-0.2","2026-04-20 09:51:00","2026-04-20 09:52:00","2026-04-20 16:00:00","2026-04-20 09:47:03","2026-04-20 09:55:02","call side",7111.08,7117.37
"IC-SPX-FastPT25-S2","shortputspread","-7,060 put, +7,055 put","SPX","closed",10,0,0.4,0.3,-400,100,0.021739,0.25,4600,"9.49061","0.020498","0.325","-0.125","2026-04-20 09:55:00","2026-04-20 09:47:02","2026-04-20 16:00:00","2026-04-20 09:47:02","2026-04-20 09:55:00","put side",7111.37,7117.71
"IC-SPX-FastPT25-S2","shortputspread","-7,060 put, +7,055 put","SPX","closed",10,0,0.45,0.5,-450,-50,-0.010989,-0.111111,4550,"16.23506","0.035681","0.22222222","-0.11111111","2026-04-20 09:37:00","2026-04-20 09:40:00","2026-04-20 16:00:00","2026-04-20 09:31:02","2026-04-20 09:47:01","put side",7111.75,7111.74
"IC-SPX-FastPT25-S2","shortcallspread","-7,165 call, +7,170 call","SPX","closed",10,0,0.35,0.25,-350,100,0.021505,0.285714,4650,"6.35633","0.013582","0.28571429","0","2026-04-20 09:47:00","2026-04-20 09:32:00","2026-04-20 16:00:00","2026-04-20 09:31:03","2026-04-20 09:47:00","call side",7110.87,7111.88
"QQQ-IC-0DTE-Raw-HoldToExp","shortcallspread","-654 call, +656 call","QQQ","closed",1,0,0.07,0.01,-7,6,0.031088,0.857143,193,"1.23363","0.006425","1","-0.57142857","2026-04-17 13:26:00","2026-04-17 11:03:00","2026-04-17 16:00:00","2026-04-17 11:01:02","2026-04-17 15:50:00","call side",648.72,648.28
"QQQ-IC-0DTE-Raw-HoldToExp","shortputspread","-644 put, +642 put","QQQ","closed",1,0,0.14,0.02,-14,12,0.064516,0.857143,186,"5.68701","0.030741","1","-0.14285714","2026-04-17 15:44:00","2026-04-17 11:04:00","2026-04-17 16:00:00","2026-04-17 11:01:00","2026-04-17 15:50:00","put side",648.68,648.28
"QQQ-IC-0DTE-HedgeA-S1","shortcallspread","-654 call, +656 call","QQQ","closed",25,0,0.07,0.03,-175,100,0.020725,0.571429,4825,"1.23363","0.006425","0.71428571","-0.57142857","2026-04-17 12:18:00","2026-04-17 11:03:00","2026-04-17 16:00:00","2026-04-17 11:01:02","2026-04-17 12:18:11","call side",648.72,648.66
"QQQ-IC-0DTE-HedgeD-Conditional","shortcallspread","-654 call, +656 call","QQQ","closed",25,0,0.07,0.03,-175,100,0.020725,0.571429,4825,"1.23363","0.006425","0.71428571","-0.57142857","2026-04-17 12:18:00","2026-04-17 11:03:00","2026-04-17 16:00:00","2026-04-17 11:01:02","2026-04-17 12:18:11","call side",648.72,648.66
"QQQ-IC-0DTE-HedgeTest","shortcallspread","-654 call, +656 call","QQQ","closed",25,0,0.07,0.03,-175,100,0.020725,0.571429,4825,"1.23363","0.006425","0.71428571","-0.57142857","2026-04-17 12:18:00","2026-04-17 11:03:00","2026-04-17 16:00:00","2026-04-17 11:01:02","2026-04-17 12:18:11","call side",648.72,648.66
"QQQ-IC-0DTE-HedgeD-Conditional","shortputspread","-644 put, +642 put","QQQ","closed",26,0,0.14,0.07,-364,182,0.037634,0.5,4836,"5.68701","0.030741","0.57142857","-0.14285714","2026-04-17 12:09:00","2026-04-17 11:04:00","2026-04-17 16:00:00","2026-04-17 11:01:00","2026-04-17 12:09:11","put side",648.68,649.24
"QQQ-IC-0DTE-HedgeC-S3","shortputspread","-644 put, +642 put","QQQ","closed",26,0,0.14,0.07,-364,182,0.037634,0.5,4836,"5.68701","0.030741","0.57142857","-0.14285714","2026-04-17 12:09:00","2026-04-17 11:04:00","2026-04-17 16:00:00","2026-04-17 11:01:00","2026-04-17 12:09:11","put side",648.68,649.24
"QQQ-IC-0DTE-HedgeTest","shortputspread","-644 put, +642 put","QQQ","closed",26,0,0.14,0.07,-364,182,0.037634,0.5,4836,"5.68701","0.030741","0.57142857","-0.14285714","2026-04-17 12:09:00","2026-04-17 11:04:00","2026-04-17 16:00:00","2026-04-17 11:01:00","2026-04-17 12:09:11","put side",648.68,649.24
"QQQ-IC-0DTE-HedgeA-S1","shortputspread","-644 put, +642 put","QQQ","closed",26,0,0.14,0.07,-364,182,0.037634,0.5,4836,"5.68701","0.030741","0.57142857","-0.14285714","2026-04-17 12:09:00","2026-04-17 11:04:00","2026-04-17 16:00:00","2026-04-17 11:01:00","2026-04-17 12:09:11","put side",648.68,649.24
"QQQ-IC-0DTE-HedgeB-S2","shortputspread","-644 put, +642 put","QQQ","closed",26,0,0.14,0.11,-364,78,0.016129,0.214286,4836,"5.68701","0.030741","0.5","-0.14285714","2026-04-17 11:35:00","2026-04-17 11:04:00","2026-04-17 16:00:00","2026-04-17 11:01:00","2026-04-17 11:38:00","put side",648.68,649.37
"QQQ-IC-0DTE-HedgeB-S2","shortcallspread","-654 call, +656 call","QQQ","closed",25,0,0.07,0.11,-175,-100,-0.020725,-0.571429,4825,"1.23363","0.006425","0.14285714","-0.57142857","2026-04-17 11:20:00","2026-04-17 11:03:00","2026-04-17 16:00:00","2026-04-17 11:01:02","2026-04-17 11:35:00","call side",648.72,649.8
"QQQ-IC-0DTE-HedgeC-S3","shortcallspread","-654 call, +656 call","QQQ","closed",25,0,0.07,0.12,-175,-125,-0.025907,-0.714286,4825,"1.23363","0.006425","-0.14285714","-0.57142857","2026-04-17 11:01:02","2026-04-17 11:03:00","2026-04-17 16:00:00","2026-04-17 11:01:02","2026-04-17 11:03:00","call side",648.72,649.13
"IC-SPX-FastPT25-S2","shortputspread","-7,035 put, +7,030 put","SPX","closed",10,0,0.45,0.25,-450,200,0.043956,0.444444,4550,"18.27686","0.040169","0.44444444","0.11111111","2026-04-17 09:52:00","2026-04-17 09:48:02","2026-04-17 16:00:00","2026-04-17 09:48:03","2026-04-17 09:52:00","put side",7086.77,7100.92
"IC-SPX-FastPT25-S2","shortcallspread","-7,145 call, +7,150 call","SPX","closed",10,0,0.25,0.35,-250,-100,-0.021053,-0.4,4750,"2.76583","0.005823","0","-0.28","2026-04-17 09:47:03","2026-04-17 09:50:00","2026-04-17 16:00:00","2026-04-17 09:47:04","2026-04-17 09:50:02","call side",7089.69,7095.42
"IC-SPX-FastPT25-S2","shortputspread","-7,040 put, +7,035 put","SPX","closed",10,0,0.4,0.5,-400,-100,-0.021739,-0.25,4600,"13.88994","0.030196","0.075","-0.05","2026-04-17 09:45:00","2026-04-17 09:42:00","2026-04-17 16:00:00","2026-04-17 09:41:00","2026-04-17 09:47:02","put side",7092.71,7089.76
"IC-SPX-FastPT25-S2","shortcallspread","-7,145 call, +7,150 call","SPX","closed",10,0,0.35,0.25,-350,100,0.021505,0.285714,4650,"5.10254","0.010926","0.34285714","0","2026-04-17 09:47:00","2026-04-17 09:45:00","2026-04-17 16:00:00","2026-04-17 09:41:02","2026-04-17 09:47:01","call side",7092.98,7089.82
"IC-SPX-FastPT25-S2","shortcallspread","-7,140 call, +7,145 call","SPX","closed",10,0,0.3,0.65,-300,-350,-0.074468,-1.166667,4700,"4.83526","0.010288","0","-0.83333333","2026-04-17 09:31:02","2026-04-17 09:38:00","2026-04-17 16:00:00","2026-04-17 09:31:02","2026-04-17 09:38:02","call side",7085.56,7098.97
"IC-SPX-FastPT25-S2","shortputspread","-7,030 put, +7,025 put","SPX","closed",10,0,0.35,0.25,-350,100,0.021505,0.285714,4650,"11.3777","0.024468","0.28571429","-0.05714286","2026-04-17 09:38:00","2026-04-17 09:31:01","2026-04-17 16:00:00","2026-04-17 09:31:01","2026-04-17 09:38:00","put side",7085.03,7099.23
"QQQ-IC-0DTE-Raw-HoldToExp","shortcallspread","-643 call, +645 call","QQQ","closed",1,0,0.12,0.03,-12,9,0.047872,0.75,188,"1.4461","0.007733","0.91666667","-3.16666667","2026-04-16 14:28:00","2026-04-16 12:19:00","2026-04-16 16:00:00","2026-04-16 11:01:02","2026-04-16 15:50:00","call side",638.67,640.24
"QQQ-IC-0DTE-Range075-PT50-Wide2-1230PM","shortcallspread","-643 call, +645 call","QQQ","closed",1,0,0.08,0.03,-8,5,0.026042,0.625,192,"3.07789","0.016115","0.875","-1.625","2026-04-16 14:28:00","2026-04-16 13:44:00","2026-04-16 16:00:00","2026-04-16 13:16:02","2026-04-16 15:50:00","call side",639.19,640.24
"QQQ-IC-0DTE-Fortress-NoPT50","shortputspread","-636 put, +634 put","QQQ","closed",26,0,0.08,0.02,-208,156,0.03125,0.75,4992,"6.52639","0.03417","0.875","-2.875","2026-04-16 15:41:00","2026-04-16 14:28:00","2026-04-16 16:00:00","2026-04-16 13:32:00","2026-04-16 15:50:00","put side",640.42,640.24
"QQQ-IC-0DTE-Raw-HoldToExp","shortputspread","-634 put, +632 put","QQQ","closed",1,0,0.13,0.01,-13,12,0.064171,0.923077,187,"4.85874","0.026122","1","-0.15384615","2026-04-16 15:37:00","2026-04-16 11:02:00","2026-04-16 16:00:00","2026-04-16 11:01:00","2026-04-16 15:50:00","put side",638.64,640.24
"QQQ-IC-0DTE-Range075-PT50-Wide2-1230PM","shortputspread","-636 put, +634 put","QQQ","closed",1,0,0.07,0.03,-7,4,0.020725,0.571429,193,"4.41319","0.022985","0.71428571","-3.42857143","2026-04-16 15:35:00","2026-04-16 14:28:00","2026-04-16 16:00:00","2026-04-16 12:31:00","2026-04-16 15:35:11","put side",640.99,639.58
"QQQ-IC-0DTE-Fortress","shortputspread","-636 put, +634 put","QQQ","closed",26,0,0.08,0.04,-208,104,0.020833,0.5,4992,"6.52639","0.03417","0.625","-2.875","2026-04-16 15:04:00","2026-04-16 14:28:00","2026-04-16 16:00:00","2026-04-16 13:32:00","2026-04-16 15:04:11","put side",640.42,639.71
"QQQ-IC-0DTE-Baseline","ironcondor","+634 put, -635 put, -643 call, +645 call","QQQ","closed",54,0,0.17,0.08,-918,486,0.04918,0.529412,9882,"6.35151","0.035091","0.64705882","-0.35294118","2026-04-16 14:41:00","2026-04-16 13:32:00","2026-04-16 16:00:00","2026-04-16 13:30:34","2026-04-16 14:41:32","",640.15,639.15
"QQQ-IC-0DTE-HedgeA-S1","shortcallspread","-643 call, +645 call","QQQ","closed",26,0,0.12,0.04,-312,208,0.042553,0.666667,4888,"1.4461","0.007733","0.75","-3.16666667","2026-04-16 14:10:00","2026-04-16 12:19:00","2026-04-16 16:00:00","2026-04-16 11:01:02","2026-04-16 14:10:11","call side",638.67,638.62
"QQQ-IC-0DTE-HedgeTest","shortcallspread","-643 call, +645 call","QQQ","closed",26,0,0.12,0.04,-312,208,0.042553,0.666667,4888,"1.4461","0.007733","0.75","-3.16666667","2026-04-16 14:10:00","2026-04-16 12:19:00","2026-04-16 16:00:00","2026-04-16 11:01:02","2026-04-16 14:10:11","call side",638.67,638.62
"QQQ-IC-0DTE-HedgeD-Conditional","shortcallspread","-643 call, +645 call","QQQ","closed",26,0,0.12,0.04,-312,208,0.042553,0.666667,4888,"1.4461","0.007733","0.75","-3.16666667","2026-04-16 14:10:00","2026-04-16 12:19:00","2026-04-16 16:00:00","2026-04-16 11:01:02","2026-04-16 14:10:11","call side",638.67,638.62
"QQQ-IC-0DTE-Fortress-S2","shortputspread","-636 put, +634 put","QQQ","closed",26,0,0.08,0.08,-208,0,0,0,4992,"6.52639","0.03417","0.125","-0.375","2026-04-16 13:41:00","2026-04-16 13:37:00","2026-04-16 16:00:00","2026-04-16 13:32:00","2026-04-16 13:41:02","put side",640.42,640.53
"QQQ-IC-0DTE-HedgeD-Conditional","shortputspread","-634 put, +632 put","QQQ","closed",26,0,0.13,0.06,-338,182,0.037433,0.538462,4862,"4.85874","0.026122","0.61538462","-0.15384615","2026-04-16 11:38:00","2026-04-16 11:02:00","2026-04-16 16:00:00","2026-04-16 11:01:00","2026-04-16 11:38:11","put side",638.64,641.12
"QQQ-IC-0DTE-HedgeTest","shortputspread","-634 put, +632 put","QQQ","closed",26,0,0.13,0.06,-338,182,0.037433,0.538462,4862,"4.85874","0.026122","0.61538462","-0.15384615","2026-04-16 11:38:00","2026-04-16 11:02:00","2026-04-16 16:00:00","2026-04-16 11:01:00","2026-04-16 11:38:11","put side",638.64,641.12
"QQQ-IC-0DTE-HedgeA-S1","shortputspread","-634 put, +632 put","QQQ","closed",26,0,0.13,0.06,-338,182,0.037433,0.538462,4862,"4.85874","0.026122","0.61538462","-0.15384615","2026-04-16 11:38:00","2026-04-16 11:02:00","2026-04-16 16:00:00","2026-04-16 11:01:00","2026-04-16 11:38:11","put side",638.64,641.12
"QQQ-IC-0DTE-HedgeC-S3","shortputspread","-634 put, +632 put","QQQ","closed",26,0,0.13,0.06,-338,182,0.037433,0.538462,4862,"4.85874","0.026122","0.61538462","-0.15384615","2026-04-16 11:38:00","2026-04-16 11:02:00","2026-04-16 16:00:00","2026-04-16 11:01:00","2026-04-16 11:38:11","put side",638.64,641.12
"QQQ-IC-0DTE-HedgeB-S2","shortputspread","-634 put, +632 put","QQQ","closed",26,0,0.13,0.09,-338,104,0.02139,0.307692,4862,"4.85874","0.026122","0.53846154","-0.15384615","2026-04-16 11:29:00","2026-04-16 11:02:00","2026-04-16 16:00:00","2026-04-16 11:01:00","2026-04-16 11:32:00","put side",638.64,640.04
"QQQ-IC-0DTE-HedgeB-S2","shortcallspread","-643 call, +645 call","QQQ","closed",26,0,0.12,0.29,-312,-442,-0.090426,-1.416667,4888,"1.4461","0.007733","0.08333333","-1.5","2026-04-16 11:02:00","2026-04-16 11:27:00","2026-04-16 16:00:00","2026-04-16 11:01:02","2026-04-16 11:29:00","call side",638.67,640.55
"QQQ-IC-0DTE-HedgeC-S3","shortcallspread","-643 call, +645 call","QQQ","closed",26,0,0.12,0.19,-312,-182,-0.037234,-0.583333,4888,"1.4461","0.007733","0.08333333","-0.5","2026-04-16 11:02:00","2026-04-16 11:09:00","2026-04-16 16:00:00","2026-04-16 11:01:02","2026-04-16 11:09:00","call side",638.67,639.6
"IC-SPX-FastPT25-S2","shortputspread","-6,970 put, +6,965 put","SPX","closed",10,0,0.35,0.4,-350,-50,-0.010753,-0.142857,4650,"12.51069","0.026789","0.05714286","0","2026-04-16 10:13:03","2026-04-16 10:14:00","2026-04-16 16:00:00","2026-04-16 10:13:03","2026-04-16 10:15:06","put side",7023.85,7021.32
"IC-SPX-FastPT25-S2","shortcallspread","-7,075 call, +7,080 call","SPX","closed",10,0,0.2,0.15,-200,50,0.010417,0.25,4800,"-6.95776","-0.014435","0.25","0.1","2026-04-16 10:14:00","2026-04-16 10:13:03","2026-04-16 16:00:00","2026-04-16 10:13:03","2026-04-16 10:14:00","call side",7023.77,7022.76
"IC-SPX-FastPT25-S2","shortcallspread","-7,060 call, +7,065 call","SPX","closed",10,0,0.3,0.5,-300,-200,-0.042553,-0.666667,4700,"1.41498","0.003011","0","-0.66666667","2026-04-16 09:55:04","2026-04-16 10:00:00","2026-04-16 16:00:00","2026-04-16 09:55:05","2026-04-16 10:13:02","call side",7009.74,7023.85
"IC-SPX-FastPT25-S2","shortputspread","-6,965 put, +6,960 put","SPX","closed",10,0,0.35,0.25,-350,100,0.021505,0.285714,4650,"9.52593","0.020355","0.28571429","-0.42857143","2026-04-16 10:13:00","2026-04-16 09:54:00","2026-04-16 16:00:00","2026-04-16 09:53:02","2026-04-16 10:13:00","put side",7018.96,7023.6
"IC-SPX-FastPT25-S2","shortcallspread","-7,065 call, +7,070 call","SPX","closed",10,0,0.35,0.25,-350,100,0.021505,0.285714,4650,"7.14608","0.015368","0.28571429","0","2026-04-16 09:55:00","2026-04-16 09:54:03","2026-04-16 16:00:00","2026-04-16 09:54:03","2026-04-16 09:55:01","call side",7014.2,7010.05
"IC-SPX-FastPT25-S2","shortcallspread","-7,075 call, +7,080 call","SPX","closed",10,0,0.25,0.15,-250,100,0.021053,0.4,4750,"-4.60273","-0.009629","0.4","0.12","2026-04-16 09:54:00","2026-04-16 09:52:03","2026-04-16 16:00:00","2026-04-16 09:52:03","2026-04-16 09:54:00","call side",7023.22,7014.18
"IC-SPX-FastPT25-S2","shortputspread","-6,975 put, +6,970 put","SPX","closed",10,0,0.35,0.55,-350,-200,-0.043011,-0.571429,4650,"7.05099","0.015098","0.22857143","-0.2","2026-04-16 09:46:00","2026-04-16 09:52:00","2026-04-16 16:00:00","2026-04-16 09:43:02","2026-04-16 09:52:02","put side",7027.46,7023.02
"IC-SPX-FastPT25-S2","shortcallspread","-7,080 call, +7,085 call","SPX","closed",10,0,0.2,0.15,-200,50,0.010417,0.25,4800,"-0.28438","-0.000599","0.25","-0.25","2026-04-16 09:52:00","2026-04-16 09:45:00","2026-04-16 16:00:00","2026-04-16 09:42:04","2026-04-16 09:52:00","call side",7027.04,7023.13
"IC-SPX-FastPT25-S2","shortputspread","-6,980 put, +6,975 put","SPX","closed",10,0,0.35,0.55,-350,-200,-0.043011,-0.571429,4650,"4.68288","0.010006","0.2","-0.34285714","2026-04-16 09:33:00","2026-04-16 09:42:00","2026-04-16 16:00:00","2026-04-16 09:31:02","2026-04-16 09:42:02","put side",7032.5,7026.61
"IC-SPX-FastPT25-S2","shortcallspread","-7,085 call, +7,090 call","SPX","closed",10,0,0.2,0.15,-200,50,0.010417,0.25,4800,"-8.33968","-0.017374","0.25","-0.25","2026-04-16 09:42:00","2026-04-16 09:31:03","2026-04-16 16:00:00","2026-04-16 09:31:03","2026-04-16 09:42:01","call side",7032.7,7026.29
"QQQ-IC-0DTE-Raw-HoldToExp","shortcallspread","-637 call, +639 call","QQQ","closed",1,0,0.07,0.29,-7,-22,-0.11399,-3.142857,193,"-3.13934","-0.016351","0.85714286","-6.14285714","2026-04-15 13:43:00","2026-04-15 15:36:00","2026-04-15 16:00:00","2026-04-15 11:02:03","2026-04-15 15:50:00","call side",632.66,636.67
"QQQ-IC-0DTE-Raw-HoldToExp","shortputspread","-628 put, +626 put","QQQ","closed",1,0,0.1,0.01,-10,9,0.047368,0.9,190,"-0.0918","-0.000486","1","-0.7","2026-04-15 14:34:00","2026-04-15 12:57:00","2026-04-15 16:00:00","2026-04-15 11:01:01","2026-04-15 15:50:00","put side",632.35,636.67
"QQQ-IC-0DTE-Range075-PT50-Wide2-1230PM","shortputspread","-629 put, +627 put","QQQ","closed",1,0,0.07,0.03,-7,4,0.020725,0.571429,193,"2.09303","0.010901","0.71428571","-2.28571429","2026-04-15 14:13:00","2026-04-15 12:56:00","2026-04-15 16:00:00","2026-04-15 12:35:00","2026-04-15 14:13:11","put side",633.27,634.35
"QQQ-IC-0DTE-HedgeTest","shortcallspread","-637 call, +639 call","QQQ","closed",25,0,0.07,0.03,-175,100,0.020725,0.571429,4825,"-3.13934","-0.016351","0.71428571","-1","2026-04-15 12:42:00","2026-04-15 12:24:00","2026-04-15 16:00:00","2026-04-15 11:02:04","2026-04-15 12:42:11","call side",632.66,632.18
"QQQ-IC-0DTE-HedgeA-S1","shortcallspread","-637 call, +639 call","QQQ","closed",25,0,0.07,0.03,-175,100,0.020725,0.571429,4825,"-3.13934","-0.016351","0.71428571","-1","2026-04-15 12:42:00","2026-04-15 12:24:00","2026-04-15 16:00:00","2026-04-15 11:02:05","2026-04-15 12:42:11","call side",632.64,632.18
"QQQ-IC-0DTE-HedgeD-Conditional","shortcallspread","-637 call, +639 call","QQQ","closed",25,0,0.07,0.03,-175,100,0.020725,0.571429,4825,"-3.13934","-0.016351","0.71428571","-1","2026-04-15 12:42:00","2026-04-15 12:24:00","2026-04-15 16:00:00","2026-04-15 11:02:05","2026-04-15 12:42:11","call side",632.64,632.18
"QQQ-IC-0DTE-HedgeC-S3","shortcallspread","-637 call, +639 call","QQQ","closed",25,0,0.07,0.12,-175,-125,-0.025907,-0.714286,4825,"-3.13934","-0.016351","0.28571429","-0.57142857","2026-04-15 11:08:00","2026-04-15 12:19:00","2026-04-15 16:00:00","2026-04-15 11:02:03","2026-04-15 12:19:00","call side",632.66,634.23
"QQQ-IC-0DTE-HedgeA-S1","shortputspread","-628 put, +626 put","QQQ","closed",26,0,0.1,0.05,-260,130,0.026316,0.5,4940,"-0.0918","-0.000486","0.6","-0.2","2026-04-15 12:10:00","2026-04-15 11:08:00","2026-04-15 16:00:00","2026-04-15 11:01:01","2026-04-15 12:10:11","put side",632.35,633.69
"QQQ-IC-0DTE-HedgeC-S3","shortputspread","-628 put, +626 put","QQQ","closed",26,0,0.1,0.05,-260,130,0.026316,0.5,4940,"-0.0918","-0.000486","0.6","-0.2","2026-04-15 12:10:00","2026-04-15 11:08:00","2026-04-15 16:00:00","2026-04-15 11:01:01","2026-04-15 12:10:11","put side",632.35,633.69
"QQQ-IC-0DTE-HedgeTest","shortputspread","-628 put, +626 put","QQQ","closed",26,0,0.1,0.05,-260,130,0.026316,0.5,4940,"-0.0918","-0.000486","0.6","-0.2","2026-04-15 12:10:00","2026-04-15 11:08:00","2026-04-15 16:00:00","2026-04-15 11:01:01","2026-04-15 12:10:11","put side",632.35,633.69
"QQQ-IC-0DTE-HedgeD-Conditional","shortputspread","-628 put, +626 put","QQQ","closed",26,0,0.1,0.05,-260,130,0.026316,0.5,4940,"-0.0918","-0.000486","0.6","-0.2","2026-04-15 12:10:00","2026-04-15 11:08:00","2026-04-15 16:00:00","2026-04-15 11:01:01","2026-04-15 12:10:11","put side",632.35,633.69
"QQQ-IC-0DTE-HedgeB-S2","shortputspread","-628 put, +626 put","QQQ","closed",26,0,0.1,0.07,-260,78,0.015789,0.3,4940,"-0.0918","-0.000486","0.5","-0.2","2026-04-15 11:44:00","2026-04-15 11:08:00","2026-04-15 16:00:00","2026-04-15 11:01:01","2026-04-15 11:53:00","put side",632.35,633.67
"QQQ-IC-0DTE-HedgeB-S2","shortcallspread","-637 call, +639 call","QQQ","closed",25,0,0.07,0.08,-175,-25,-0.005181,-0.142857,4825,"-3.13934","-0.016351","0.28571429","-0.28571429","2026-04-15 11:08:00","2026-04-15 11:15:00","2026-04-15 16:00:00","2026-04-15 11:02:05","2026-04-15 11:44:00","call side",632.64,633.54
"IC-SPX-FastPT25-S2","shortcallspread","-7,030 call, +7,035 call","SPX","closed",10,0,0.1,0.25,-100,-150,-0.030612,-1.5,4900,"-11.73733","-0.023954","0","-0.8","2026-04-15 10:01:03","2026-04-15 10:15:00","2026-04-15 16:00:00","2026-04-15 10:01:03","2026-04-15 10:15:06","call side",6976.11,6983.32
"IC-SPX-FastPT25-S2","shortputspread","-6,930 put, +6,925 put","SPX","closed",10,0,0.25,0.15,-250,100,0.021053,0.4,4750,"-2.94112","-0.006153","0.4","-0.2","2026-04-15 10:15:00","2026-04-15 10:01:00","2026-04-15 16:00:00","2026-04-15 10:00:07","2026-04-15 10:15:01","put side",6981.41,6983.21
"IC-SPX-FastPT25-S2","shortcallspread","-7,030 call, +7,035 call","SPX","closed",10,0,0.2,0.15,-200,50,0.010417,0.25,4800,"-8.46661","-0.017566","0.25","0.1","2026-04-15 10:01:00","2026-04-15 09:59:03","2026-04-15 16:00:00","2026-04-15 09:59:04","2026-04-15 10:01:00","call side",6979.07,6975.5
"IC-SPX-FastPT25-S2","shortputspread","-6,925 put, +6,920 put","SPX","closed",10,0,0.25,0.15,-250,100,0.021053,0.4,4750,"2.29154","0.004824","0.4","0","2026-04-15 10:00:00","2026-04-15 09:58:02","2026-04-15 16:00:00","2026-04-15 09:58:03","2026-04-15 10:00:01","put side",6978.01,6980.77
"IC-SPX-FastPT25-S2","shortcallspread","-7,030 call, +7,035 call","SPX","closed",10,0,0.2,0.15,-200,50,0.010417,0.25,4800,"-7.73537","-0.016015","0.25","0.15","2026-04-15 09:59:00","2026-04-15 09:58:03","2026-04-15 16:00:00","2026-04-15 09:58:04","2026-04-15 09:59:00","call side",6977.91,6979.16
"IC-SPX-FastPT25-S2","shortcallspread","-7,025 call, +7,030 call","SPX","closed",10,0,0.2,0.25,-200,-50,-0.010417,-0.25,4800,"-2.40731","-0.005015","0.1","-0.35","2026-04-15 09:55:00","2026-04-15 09:48:00","2026-04-15 16:00:00","2026-04-15 09:47:04","2026-04-15 09:58:02","call side",6970.55,6978.01
"IC-SPX-FastPT25-S2","shortputspread","-6,925 put, +6,920 put","SPX","closed",10,0,0.35,0.25,-350,100,0.021505,0.285714,4650,"5.41614","0.011573","0.37142857","0","2026-04-15 09:58:00","2026-04-15 09:49:00","2026-04-15 16:00:00","2026-04-15 09:48:03","2026-04-15 09:58:01","put side",6976.23,6978.27
"IC-SPX-FastPT25-S2","shortputspread","-6,920 put, +6,915 put","SPX","closed",10,0,0.35,0.25,-350,100,0.021505,0.285714,4650,"7.24276","0.015576","0.28571429","0","2026-04-15 09:48:00","2026-04-15 09:47:03","2026-04-15 16:00:00","2026-04-15 09:47:03","2026-04-15 09:48:00","put side",6970.55,6975.86
"IC-SPX-FastPT25-S2","shortputspread","-6,925 put, +6,920 put","SPX","closed",10,0,0.25,0.45,-250,-200,-0.042105,-0.8,4750,"0.61014","0.001285","0.2","-2.48","2026-04-15 09:37:00","2026-04-15 09:45:00","2026-04-15 16:00:00","2026-04-15 09:31:01","2026-04-15 09:47:02","put side",6978.88,6970.41
"IC-SPX-FastPT25-S2","shortcallspread","-7,030 call, +7,035 call","SPX","closed",10,0,0.2,0.15,-200,50,0.010417,0.25,4800,"-11.1989","-0.023234","0.25","-0.75","2026-04-15 09:47:00","2026-04-15 09:40:00","2026-04-15 16:00:00","2026-04-15 09:31:03","2026-04-15 09:47:00","call side",6978.71,6970.38
"QQQ-IC-0DTE-Raw-HoldToExp","shortputspread","-619 put, +617 put","QQQ","closed",1,0,0.07,0.01,-7,6,0.031088,0.857143,193,"-0.3033","-0.00158","1","-0.42857143","2026-04-14 13:21:00","2026-04-14 11:10:00","2026-04-14 16:00:00","2026-04-14 11:01:00","2026-04-14 15:50:01","put side",623.62,627.85
"QQQ-IC-0DTE-HedgeC-S3","shortputspread","-619 put, +617 put","QQQ","closed",25,0,0.07,0.03,-175,100,0.020725,0.571429,4825,"-0.3033","-0.00158","0.71428571","-0.42857143","2026-04-14 11:46:00","2026-04-14 11:10:00","2026-04-14 16:00:00","2026-04-14 11:01:00","2026-04-14 11:46:11","put side",623.62,625.47
"QQQ-IC-0DTE-HedgeD-Conditional","shortputspread","-619 put, +617 put","QQQ","closed",25,0,0.07,0.03,-175,100,0.020725,0.571429,4825,"-0.3033","-0.00158","0.71428571","-0.42857143","2026-04-14 11:46:00","2026-04-14 11:10:00","2026-04-14 16:00:00","2026-04-14 11:01:00","2026-04-14 11:46:11","put side",623.62,625.47
"QQQ-IC-0DTE-HedgeA-S1","shortputspread","-619 put, +617 put","QQQ","closed",25,0,0.07,0.03,-175,100,0.020725,0.571429,4825,"-0.3033","-0.00158","0.71428571","-0.42857143","2026-04-14 11:46:00","2026-04-14 11:10:00","2026-04-14 16:00:00","2026-04-14 11:01:00","2026-04-14 11:46:11","put side",623.62,625.47
"QQQ-IC-0DTE-HedgeTest","shortputspread","-619 put, +617 put","QQQ","closed",25,0,0.07,0.03,-175,100,0.020725,0.571429,4825,"-0.3033","-0.00158","0.71428571","-0.42857143","2026-04-14 11:46:00","2026-04-14 11:10:00","2026-04-14 16:00:00","2026-04-14 11:01:00","2026-04-14 11:46:11","put side",623.62,625.47
"QQQ-IC-0DTE-HedgeB-S2","shortputspread","-619 put, +617 put","QQQ","closed",25,0,0.07,0.1,-175,-75,-0.015544,-0.428571,4825,"-0.3033","-0.00158","0","-0.42857143","2026-04-14 11:02:00","2026-04-14 11:10:00","2026-04-14 16:00:00","2026-04-14 11:01:00","2026-04-14 11:11:00","put side",623.62,623.15
"IC-SPX-FastPT25-S2","shortputspread","-6,870 put, +6,865 put","SPX","closed",10,0,0.25,0.15,-250,100,0.021053,0.4,4750,"0.8577","0.001806","0.4","0","2026-04-14 10:11:00","2026-04-14 09:57:02","2026-04-14 16:00:00","2026-04-14 09:57:02","2026-04-14 10:11:00","put side",6921.52,6927.93
"IC-SPX-FastPT25-S2","shortcallspread","-6,970 call, +6,975 call","SPX","closed",10,0,0.1,0.25,-100,-150,-0.030612,-1.5,4900,"-16.39492","-0.033459","0","-0.8","2026-04-14 09:58:03","2026-04-14 10:08:00","2026-04-14 16:00:00","2026-04-14 09:58:03","2026-04-14 10:08:02","call side",6919.57,6924.82
"IC-SPX-FastPT25-S2","shortputspread","-6,870 put, +6,865 put","SPX","closed",10,0,0.25,0.3,-250,-50,-0.010526,-0.2,4750,"-2.87623","-0.00603","0.2","-0.08","2026-04-14 09:57:00","2026-04-14 09:48:00","2026-04-14 16:00:00","2026-04-14 09:46:02","2026-04-14 09:57:01","put side",6921.22,6921.52
"IC-SPX-FastPT25-S2","shortcallspread","-6,975 call, +6,980 call","SPX","closed",10,0,0.1,0.05,-100,50,0.010204,0.5,4900,"-12.59956","-0.025713","0.5","-0.3","2026-04-14 09:57:00","2026-04-14 09:49:00","2026-04-14 16:00:00","2026-04-14 09:47:03","2026-04-14 09:57:00","call side",6921.26,6921.24
"IC-SPX-FastPT25-S2","shortcallspread","-6,975 call, +6,980 call","SPX","closed",10,0,0.15,0.1,-150,50,0.010309,0.333333,4850,"-10.66383","-0.021852","0.33333333","0.2","2026-04-14 09:47:00","2026-04-14 09:46:03","2026-04-14 16:00:00","2026-04-14 09:46:03","2026-04-14 09:47:00","call side",6921.23,6922.1
"IC-SPX-FastPT25-S2","shortcallspread","-6,970 call, +6,975 call","SPX","closed",10,0,0.1,0.25,-100,-150,-0.030612,-1.5,4900,"-16.37809","-0.033425","0","-1","2026-04-14 09:42:03","2026-04-14 09:45:00","2026-04-14 16:00:00","2026-04-14 09:42:03","2026-04-14 09:46:02","call side",6918.41,6921.22
"IC-SPX-FastPT25-S2","shortputspread","-6,865 put, +6,860 put","SPX","closed",10,0,0.3,0.2,-300,100,0.021277,0.333333,4700,"7.43307","0.015815","0.33333333","0.16666667","2026-04-14 09:46:00","2026-04-14 09:42:02","2026-04-14 16:00:00","2026-04-14 09:42:02","2026-04-14 09:46:00","put side",6918.66,6921.4
"IC-SPX-FastPT25-S2","shortputspread","-6,855 put, +6,850 put","SPX","closed",10,0,0.25,0.15,-250,100,0.021053,0.4,4750,"0.23899","0.000503","0.4","-0.08","2026-04-14 09:45:00","2026-04-14 09:32:02","2026-04-14 16:00:00","2026-04-14 09:32:02","2026-04-14 09:45:01","put side",6907.82,6923.15
"IC-SPX-FastPT25-S2","shortcallspread","-6,960 call, +6,965 call","SPX","closed",10,0,0.15,0.3,-150,-150,-0.030928,-1,4850,"-11.39336","-0.023395","0.2","-1","2026-04-14 09:32:00","2026-04-14 09:39:00","2026-04-14 16:00:00","2026-04-14 09:31:04","2026-04-14 09:42:02","call side",6906.43,6918.66
"IC-SPX-FastPT25-S2","shortputspread","-6,855 put, +6,850 put","SPX","closed",10,0,0.35,0.25,-350,100,0.021505,0.285714,4650,"9.40395","0.020224","0.28571429","0.08571429","2026-04-14 09:32:00","2026-04-14 09:31:03","2026-04-14 16:00:00","2026-04-14 09:31:03","2026-04-14 09:32:00","put side",6907.35,6908.2
"QQQ-IC-0DTE-Raw-HoldToExp","shortcallspread","-616 call, +618 call","QQQ","closed",1,0,0.07,0.19,-7,-12,-0.062176,-1.714286,193,"-3.37242","-0.017565","0.71428571","-3.14285714","2026-04-13 12:03:00","2026-04-13 15:37:00","2026-04-13 16:00:00","2026-04-13 11:03:03","2026-04-13 15:50:01","call side",611.92,615.68
"QQQ-IC-0DTE-Raw-HoldToExp","shortputspread","-607 put, +605 put","QQQ","closed",1,0,0.1,0.01,-10,9,0.047368,0.9,190,"4.36654","0.023103","1","-0.1","2026-04-13 14:22:00","2026-04-13 11:01:01","2026-04-13 16:00:00","2026-04-13 11:01:00","2026-04-13 15:50:01","put side",611.91,615.68
"QQQ-IC-0DTE-Range075-PT50-Wide2-1230PM","shortcallspread","-618 call, +620 call","QQQ","closed",1,0,0.07,0.02,-7,5,0.025907,0.714286,193,"2.06312","0.010745","0.85714286","0","2026-04-13 13:51:00","2026-04-13 12:36:03","2026-04-13 16:00:00","2026-04-13 12:36:02","2026-04-13 15:50:01","call side",613.9,615.68
"QQQ-IC-0DTE-Range075-PT50-Wide2-1230PM","shortputspread","-609 put, +607 put","QQQ","closed",1,0,0.07,0.03,-7,4,0.020725,0.571429,193,"4.13405","0.021532","0.71428571","-0.42857143","2026-04-13 13:16:00","2026-04-13 12:43:00","2026-04-13 16:00:00","2026-04-13 12:31:00","2026-04-13 13:16:11","put side",613.62,614.4
"QQQ-IC-0DTE-HedgeA-S1","shortputspread","-607 put, +605 put","QQQ","closed",26,0,0.1,0.04,-260,156,0.031579,0.6,4940,"4.36654","0.023103","0.7","-0.1","2026-04-13 12:30:00","2026-04-13 11:01:01","2026-04-13 16:00:00","2026-04-13 11:01:00","2026-04-13 12:30:12","put side",611.91,613.44
"QQQ-IC-0DTE-HedgeC-S3","shortputspread","-607 put, +605 put","QQQ","closed",26,0,0.1,0.04,-260,156,0.031579,0.6,4940,"4.36654","0.023103","0.7","-0.1","2026-04-13 12:30:00","2026-04-13 11:01:01","2026-04-13 16:00:00","2026-04-13 11:01:00","2026-04-13 12:30:12","put side",611.91,613.44
"QQQ-IC-0DTE-HedgeTest","shortputspread","-607 put, +605 put","QQQ","closed",26,0,0.1,0.04,-260,156,0.031579,0.6,4940,"4.36654","0.023103","0.7","-0.1","2026-04-13 12:30:00","2026-04-13 11:01:01","2026-04-13 16:00:00","2026-04-13 11:01:00","2026-04-13 12:30:12","put side",611.91,613.44
"QQQ-IC-0DTE-HedgeD-Conditional","shortputspread","-607 put, +605 put","QQQ","closed",26,0,0.1,0.04,-260,156,0.031579,0.6,4940,"4.36654","0.023103","0.7","-0.1","2026-04-13 12:30:00","2026-04-13 11:01:01","2026-04-13 16:00:00","2026-04-13 11:01:00","2026-04-13 12:30:12","put side",611.91,613.44
"QQQ-IC-0DTE-HedgeA-S1","shortcallspread","-616 call, +618 call","QQQ","closed",25,0,0.07,0.03,-175,100,0.020725,0.571429,4825,"-3.37242","-0.017565","0.71428571","-0.57142857","2026-04-13 12:05:00","2026-04-13 11:12:00","2026-04-13 16:00:00","2026-04-13 11:03:05","2026-04-13 12:05:11","call side",611.9,611.25
"QQQ-IC-0DTE-HedgeTest","shortcallspread","-616 call, +618 call","QQQ","closed",25,0,0.07,0.03,-175,100,0.020725,0.571429,4825,"-3.37242","-0.017565","0.71428571","-0.57142857","2026-04-13 12:05:00","2026-04-13 11:12:00","2026-04-13 16:00:00","2026-04-13 11:03:04","2026-04-13 12:05:11","call side",611.95,611.25
"QQQ-IC-0DTE-HedgeB-S2","shortcallspread","-616 call, +618 call","QQQ","closed",25,0,0.07,0.03,-175,100,0.020725,0.571429,4825,"-3.37242","-0.017565","0.71428571","-0.57142857","2026-04-13 12:05:00","2026-04-13 11:12:00","2026-04-13 16:00:00","2026-04-13 11:03:05","2026-04-13 12:05:11","call side",611.9,611.25
"QQQ-IC-0DTE-HedgeD-Conditional","shortcallspread","-616 call, +618 call","QQQ","closed",25,0,0.07,0.03,-175,100,0.020725,0.571429,4825,"-3.37242","-0.017565","0.71428571","-0.57142857","2026-04-13 12:05:00","2026-04-13 11:12:00","2026-04-13 16:00:00","2026-04-13 11:03:05","2026-04-13 12:05:11","call side",611.9,611.25
"QQQ-IC-0DTE-HedgeB-S2","shortputspread","-607 put, +605 put","QQQ","closed",26,0,0.1,0.11,-260,-26,-0.005263,-0.1,4940,"4.36654","0.023103","0.3","-0.1","2026-04-13 11:40:00","2026-04-13 11:01:01","2026-04-13 16:00:00","2026-04-13 11:01:00","2026-04-13 12:02:00","put side",611.91,611.39
"QQQ-IC-0DTE-HedgeC-S3","shortcallspread","-616 call, +618 call","QQQ","closed",25,0,0.07,0.12,-175,-125,-0.025907,-0.714286,4825,"-3.37242","-0.017565","0.14285714","-0.57142857","2026-04-13 11:06:00","2026-04-13 11:12:00","2026-04-13 16:00:00","2026-04-13 11:03:03","2026-04-13 11:12:00","call side",611.92,612.67
"IC-SPX-FastPT25-S2","shortcallspread","-6,855 call, +6,860 call","SPX","closed",10,0,0.25,0.55,-250,-300,-0.063158,-1.2,4750,"-0.08075","-0.000169","0.08","-1.4","2026-04-13 09:49:03","2026-04-13 09:51:00","2026-04-13 16:00:00","2026-04-13 09:49:03","2026-04-13 09:55:02","call side",6802.53,6811.03
"IC-SPX-FastPT25-S2","shortputspread","-6,750 put, +6,745 put","SPX","closed",10,0,0.5,0.35,-500,150,0.033333,0.3,4500,"26.4443","0.058765","0.36","0.1","2026-04-13 09:55:00","2026-04-13 09:49:02","2026-04-13 16:00:00","2026-04-13 09:49:03","2026-04-13 09:55:00","put side",6801.71,6810.6
"IC-SPX-FastPT25-S2","shortcallspread","-6,840 call, +6,845 call","SPX","closed",10,0,0.25,0.65,-250,-400,-0.084211,-1.6,4750,"-2.66622","-0.005613","0","-1.4","2026-04-13 09:46:03","2026-04-13 09:49:00","2026-04-13 16:00:00","2026-04-13 09:46:03","2026-04-13 09:49:02","call side",6790.3,6801.71
"IC-SPX-FastPT25-S2","shortputspread","-6,740 put, +6,735 put","SPX","closed",10,0,0.5,0.3,-500,200,0.044444,0.4,4500,"23.83494","0.052967","0.4","0","2026-04-13 09:49:00","2026-04-13 09:46:03","2026-04-13 16:00:00","2026-04-13 09:46:02","2026-04-13 09:49:00","put side",6790.19,6802.39
"IC-SPX-FastPT25-S2","shortputspread","-6,745 put, +6,740 put","SPX","closed",11,0,0.55,0.6,-605,-55,-0.011236,-0.090909,4895,"27.8759","0.062642","0.09090909","-0.09090909","2026-04-13 09:41:02","2026-04-13 09:46:00","2026-04-13 16:00:00","2026-04-13 09:41:03","2026-04-13 09:46:02","put side",6795,6790.19
"IC-SPX-FastPT25-S2","shortcallspread","-6,845 call, +6,850 call","SPX","closed",10,0,0.3,0.15,-300,150,0.031915,0.5,4700,"-0.80936","-0.001711","0.5","0","2026-04-13 09:46:00","2026-04-13 09:44:00","2026-04-13 16:00:00","2026-04-13 09:41:04","2026-04-13 09:46:00","call side",6795,6790.28
"IC-SPX-FastPT25-S2","shortcallspread","-6,845 call, +6,850 call","SPX","closed",10,0,0.3,0.3,-300,0,0,0,4700,"6.82385","0.014519","0","-0.16666667","2026-04-13 09:37:03","2026-04-13 09:40:00","2026-04-13 16:00:00","2026-04-13 09:37:03","2026-04-13 09:41:02","call side",6791.8,6795
"IC-SPX-FastPT25-S2","shortputspread","-6,740 put, +6,735 put","SPX","closed",11,0,0.6,0.45,-660,165,0.034091,0.25,4840,"35.027","0.079607","0.25","0","2026-04-13 09:41:00","2026-04-13 09:37:02","2026-04-13 16:00:00","2026-04-13 09:37:02","2026-04-13 09:41:01","put side",6791.57,6795.2
"IC-SPX-FastPT25-S2","shortputspread","-6,750 put, +6,745 put","SPX","closed",11,0,0.55,0.8,-605,-275,-0.05618,-0.454545,4895,"27.12275","0.06095","0","-0.36363636","2026-04-13 09:31:01","2026-04-13 09:37:00","2026-04-13 16:00:00","2026-04-13 09:31:01","2026-04-13 09:37:02","put side",6800.28,6791.57
"IC-SPX-FastPT25-S2","shortcallspread","-6,850 call, +6,855 call","SPX","closed",10,0,0.3,0.2,-300,100,0.021277,0.333333,4700,"0.56254","0.001197","0.33333333","0","2026-04-13 09:37:00","2026-04-13 09:31:02","2026-04-13 16:00:00","2026-04-13 09:31:02","2026-04-13 09:37:00","call side",6800.22,6791.62
"QQQ-IC-0DTE-Raw-HoldToExp","shortputspread","-608 put, +606 put","QQQ","closed",1,0,0.11,0.02,-11,9,0.047619,0.818182,189,"3.64774","0.019403","0.90909091","-1.81818182","2026-04-10 15:17:00","2026-04-10 12:45:00","2026-04-10 16:00:00","2026-04-10 11:01:01","2026-04-10 15:50:00","put side",612.46,610.62
"QQQ-IC-0DTE-HedgeA-S1","shortputspread","-608 put, +606 put","QQQ","closed",26,0,0.11,0.04,-286,182,0.037037,0.636364,4914,"3.64774","0.019403","0.72727273","-1.81818182","2026-04-10 15:02:00","2026-04-10 12:45:00","2026-04-10 16:00:00","2026-04-10 11:01:01","2026-04-10 15:02:11","put side",612.46,610.73
"QQQ-IC-0DTE-HedgeTest","shortputspread","-608 put, +606 put","QQQ","closed",26,0,0.11,0.04,-286,182,0.037037,0.636364,4914,"3.64774","0.019403","0.72727273","-1.81818182","2026-04-10 15:02:00","2026-04-10 12:45:00","2026-04-10 16:00:00","2026-04-10 11:01:01","2026-04-10 15:02:11","put side",612.46,610.73
"QQQ-IC-0DTE-HedgeD-Conditional","shortputspread","-608 put, +606 put","QQQ","closed",26,0,0.11,0.04,-286,182,0.037037,0.636364,4914,"3.64774","0.019403","0.72727273","-1.81818182","2026-04-10 15:02:00","2026-04-10 12:45:00","2026-04-10 16:00:00","2026-04-10 11:01:01","2026-04-10 15:02:11","put side",612.46,610.73
"QQQ-IC-0DTE-Range075-PT50-Wide2-1230PM","shortputspread","-606 put, +604 put","QQQ","closed",1,0,0.07,0.03,-7,4,0.020725,0.571429,193,"4.37237","0.022773","0.71428571","-0.85714286","2026-04-10 13:54:00","2026-04-10 12:44:00","2026-04-10 16:00:00","2026-04-10 12:33:00","2026-04-10 13:54:11","put side",610.53,610.76
"QQQ-IC-0DTE-HedgeC-S3","shortputspread","-608 put, +606 put","QQQ","closed",26,0,0.11,0.19,-286,-208,-0.042328,-0.727273,4914,"3.64774","0.019403","0.45454545","-0.63636364","2026-04-10 11:24:00","2026-04-10 11:41:00","2026-04-10 16:00:00","2026-04-10 11:01:01","2026-04-10 11:41:00","put side",612.46,611.23
"QQQ-IC-0DTE-HedgeB-S2","shortputspread","-608 put, +606 put","QQQ","closed",26,0,0.11,0.11,-286,0,0,0,4914,"3.64774","0.019403","0.09090909","-0.09090909","2026-04-10 11:08:00","2026-04-10 11:01:01","2026-04-10 16:00:00","2026-04-10 11:01:01","2026-04-10 11:11:00","put side",612.46,612.56
"IC-SPX-FastPT25-S2","shortputspread","-6,775 put, +6,770 put","SPX","closed",10,0,0.35,0.25,-350,100,0.021505,0.285714,4650,"6.74059","0.014403","0.28571429","0.08571429","2026-04-10 10:03:00","2026-04-10 10:02:02","2026-04-10 16:00:00","2026-04-10 10:02:02","2026-04-10 10:03:00","put side",6824.07,6827.33
"IC-SPX-FastPT25-S2","shortputspread","-6,780 put, +6,775 put","SPX","closed",10,0,0.3,0.4,-300,-100,-0.021277,-0.333333,4700,"6.59238","0.014026","0","-0.23333333","2026-04-10 09:55:04","2026-04-10 10:02:00","2026-04-10 16:00:00","2026-04-10 09:55:04","2026-04-10 10:02:02","put side",6830.78,6824.07
"IC-SPX-FastPT25-S2","shortcallspread","-6,880 call, +6,885 call","SPX","closed",10,0,0.2,0.1,-200,100,0.020833,0.5,4800,"-6.60803","-0.013767","0.5","-0.1","2026-04-10 10:02:00","2026-04-10 09:57:00","2026-04-10 16:00:00","2026-04-10 09:55:05","2026-04-10 10:02:00","call side",6830.8,6823.46
"IC-SPX-FastPT25-S2","shortcallspread","-6,875 call, +6,880 call","SPX","closed",10,0,0.25,0.3,-250,-50,-0.010526,-0.2,4750,"-3.28104","-0.006878","0.2","-0.12","2026-04-10 09:51:03","2026-04-10 09:55:00","2026-04-10 16:00:00","2026-04-10 09:51:03","2026-04-10 09:55:03","call side",6825.36,6830.74
"IC-SPX-FastPT25-S2","shortputspread","-6,775 put, +6,770 put","SPX","closed",10,0,0.35,0.25,-350,100,0.021505,0.285714,4650,"10.35539","0.02227","0.28571429","0.14285714","2026-04-10 09:55:00","2026-04-10 09:51:02","2026-04-10 16:00:00","2026-04-10 09:51:02","2026-04-10 09:55:01","put side",6825.24,6831.68
"IC-SPX-FastPT25-S2","shortputspread","-6,780 put, +6,775 put","SPX","closed",10,0,0.35,0.5,-350,-150,-0.032258,-0.428571,4650,"12.33675","0.026531","0.14285714","-0.08571429","2026-04-10 09:35:02","2026-04-10 09:37:00","2026-04-10 16:00:00","2026-04-10 09:35:02","2026-04-10 09:51:01","put side",6832.73,6825.24
"IC-SPX-FastPT25-S2","shortcallspread","-6,885 call, +6,890 call","SPX","closed",10,0,0.15,0.1,-150,50,0.010309,0.333333,4850,"-9.14165","-0.018849","0.33333333","-0.46666667","2026-04-10 09:51:00","2026-04-10 09:41:00","2026-04-10 16:00:00","2026-04-10 09:35:03","2026-04-10 09:51:00","call side",6832.82,6825.48
"IC-SPX-FastPT25-S2","shortputspread","-6,790 put, +6,785 put","SPX","closed",10,0,0.4,0.6,-400,-200,-0.043478,-0.5,4600,"13.71457","0.029814","0.2","-0.125","2026-04-10 09:33:00","2026-04-10 09:35:00","2026-04-10 16:00:00","2026-04-10 09:31:02","2026-04-10 09:35:02","put side",6840.74,6832.73
"IC-SPX-FastPT25-S2","shortcallspread","-6,895 call, +6,900 call","SPX","closed",10,0,0.15,0.1,-150,50,0.010309,0.333333,4850,"-7.44288","-0.015346","0.33333333","0","2026-04-10 09:35:00","2026-04-10 09:32:03","2026-04-10 16:00:00","2026-04-10 09:32:03","2026-04-10 09:35:00","call side",6841.38,6833.33
"IC-SPX-FastPT25-S2","shortcallspread","-6,895 call, +6,900 call","SPX","closed",10,0,0.2,0.15,-200,50,0.010417,0.25,4800,"-3.76626","-0.007846","0.25","0.15","2026-04-10 09:32:00","2026-04-10 09:31:03","2026-04-10 16:00:00","2026-04-10 09:31:03","2026-04-10 09:32:00","call side",6842.21,6841.84
"QQQ-IC-0DTE-Raw-HoldToExp","shortputspread","-600 put, +598 put","QQQ","expired",1,0,0.09,0,-9,9,0.04712,1,191,"4.36786","0.022989","1","-0.33333333","2026-04-09 13:41:00","2026-04-09 11:08:00","2026-04-09 16:00:00","2026-04-09 11:01:00","2026-04-09 16:15:00","put side",605.04,610.19
"QQQ-IC-0DTE-Raw-HoldToExp","shortcallspread","-609 call, +611 call","QQQ","closed",1,0,0.07,1.07,-7,-100,-0.518135,-14.285714,193,"-2.59787","-0.013531","0.14285714","-15.57142857","2026-04-09 11:05:00","2026-04-09 15:48:00","2026-04-09 16:00:00","2026-04-09 11:02:01","2026-04-09 15:50:00","call side",604.88,610
"QQQ-IC-0DTE-Range075-PT50-Wide2-1230PM","shortcallspread","-613 call, +615 call","QQQ","closed",1,0,0.07,0.02,-7,5,0.025907,0.714286,193,"2.55764","0.013321","0.85714286","-0.57142857","2026-04-09 14:04:00","2026-04-09 13:20:00","2026-04-09 16:00:00","2026-04-09 12:33:02","2026-04-09 15:50:00","call side",608.86,610
"QQQ-IC-0DTE-Baseline","ironcondor","+604 put, -605 put, -612 call, +613 call","QQQ","closed",111,0,0.1,0.05,-1110,555,0.055556,0.5,9990,"2.451312","0.027856","0.7","-0.7","2026-04-09 14:57:00","2026-04-09 13:41:00","2026-04-09 16:00:00","2026-04-09 13:30:34","2026-04-09 14:57:33","",609.36,608.4
"QQQ-IC-0DTE-Range075-PT50-Wide2-1230PM","shortputspread","-605 put, +603 put","QQQ","closed",1,0,0.1,0.05,-10,5,0.026316,0.5,190,"5.29176","0.027999","0.6","-0.5","2026-04-09 13:36:00","2026-04-09 12:41:00","2026-04-09 16:00:00","2026-04-09 12:31:00","2026-04-09 13:36:11","put side",609.15,609.42
"QQQ-IC-0DTE-HedgeD-Conditional","shortcallspread","-609 call, +611 call","QQQ","closed",25,0,0.07,1.04,-175,-2425,-0.502591,-13.857143,4825,"-2.59787","-0.013531","0.14285714","-13.57142857","2026-04-09 11:05:00","2026-04-09 12:04:00","2026-04-09 16:00:00","2026-04-09 11:02:03","2026-04-09 12:04:01","call side",604.91,610.17
"QQQ-IC-0DTE-HedgeTest","shortcallspread","-609 call, +611 call","QQQ","closed",25,0,0.07,0.8,-175,-1825,-0.378238,-10.428571,4825,"-2.59787","-0.013531","0.14285714","-10.28571429","2026-04-09 11:05:00","2026-04-09 12:02:00","2026-04-09 16:00:00","2026-04-09 11:02:02","2026-04-09 12:02:06","call side",604.88,609.32
"QQQ-IC-0DTE-HedgeA-S1","shortcallspread","-609 call, +611 call","QQQ","closed",25,0,0.07,0.79,-175,-1800,-0.373057,-10.285714,4825,"-2.59787","-0.013531","0.14285714","-10.28571429","2026-04-09 11:05:00","2026-04-09 12:02:00","2026-04-09 16:00:00","2026-04-09 11:02:03","2026-04-09 12:02:01","call side",604.91,609.25
"QQQ-IC-0DTE-HedgeD-Conditional","shortputspread","-600 put, +598 put","QQQ","closed",26,0,0.09,0.04,-234,130,0.026178,0.555556,4966,"4.36786","0.022989","0.66666667","-0.33333333","2026-04-09 11:43:00","2026-04-09 11:08:00","2026-04-09 16:00:00","2026-04-09 11:01:00","2026-04-09 11:43:11","put side",605.04,607.35
"QQQ-IC-0DTE-HedgeC-S3","shortputspread","-600 put, +598 put","QQQ","closed",26,0,0.09,0.04,-234,130,0.026178,0.555556,4966,"4.36786","0.022989","0.66666667","-0.33333333","2026-04-09 11:43:00","2026-04-09 11:08:00","2026-04-09 16:00:00","2026-04-09 11:01:00","2026-04-09 11:43:11","put side",605.04,607.35
"QQQ-IC-0DTE-HedgeA-S1","shortputspread","-600 put, +598 put","QQQ","closed",26,0,0.09,0.04,-234,130,0.026178,0.555556,4966,"4.36786","0.022989","0.66666667","-0.33333333","2026-04-09 11:43:00","2026-04-09 11:08:00","2026-04-09 16:00:00","2026-04-09 11:01:00","2026-04-09 11:43:11","put side",605.04,607.35
"QQQ-IC-0DTE-HedgeTest","shortputspread","-600 put, +598 put","QQQ","closed",26,0,0.09,0.04,-234,130,0.026178,0.555556,4966,"4.36786","0.022989","0.66666667","-0.33333333","2026-04-09 11:43:00","2026-04-09 11:08:00","2026-04-09 16:00:00","2026-04-09 11:01:00","2026-04-09 11:43:11","put side",605.04,607.35
"QQQ-IC-0DTE-HedgeB-S2","shortputspread","-600 put, +598 put","QQQ","closed",26,0,0.09,0.06,-234,78,0.015707,0.333333,4966,"4.36786","0.022989","0.55555556","-0.33333333","2026-04-09 11:33:00","2026-04-09 11:08:00","2026-04-09 16:00:00","2026-04-09 11:01:00","2026-04-09 11:39:00","put side",605.04,606.37
"QQQ-IC-0DTE-HedgeB-S2","shortcallspread","-609 call, +611 call","QQQ","closed",25,0,0.07,0.33,-175,-650,-0.134715,-3.714286,4825,"-2.59787","-0.013531","0.14285714","-3.28571429","2026-04-09 11:05:00","2026-04-09 11:33:00","2026-04-09 16:00:00","2026-04-09 11:02:03","2026-04-09 11:33:00","call side",604.91,607.04
"QQQ-IC-0DTE-HedgeC-S3","shortcallspread","-609 call, +611 call","QQQ","closed",25,0,0.07,0.14,-175,-175,-0.036269,-1,4825,"-2.59787","-0.013531","0.14285714","-0.85714286","2026-04-09 11:05:00","2026-04-09 11:15:00","2026-04-09 16:00:00","2026-04-09 11:02:01","2026-04-09 11:15:00","call side",604.88,605.79
"IC-SPX-FastPT25-S2","shortcallspread","-6,825 call, +6,830 call","SPX","closed",10,0,0.25,0.25,-250,0,0,0,4750,"0.39566","0.000833","0.28","0","2026-04-09 10:03:00","2026-04-09 09:51:03","2026-04-09 16:00:00","2026-04-09 09:51:03","2026-04-09 10:06:01","call side",6774.88,6779.68
"IC-SPX-FastPT25-S2","shortputspread","-6,725 put, +6,720 put","SPX","closed",10,0,0.4,0.4,-400,0,0,0,4600,"15.35607","0.033383","0.2","-0.05","2026-04-09 10:00:00","2026-04-09 09:55:00","2026-04-09 16:00:00","2026-04-09 09:51:02","2026-04-09 10:03:01","put side",6774.69,6774.86
"IC-SPX-FastPT25-S2","shortputspread","-6,730 put, +6,725 put","SPX","closed",10,0,0.45,0.6,-450,-150,-0.032967,-0.333333,4550,"15.0086","0.03277","0.11111111","0.06666667","2026-04-09 09:51:00","2026-04-09 09:49:00","2026-04-09 16:00:00","2026-04-09 09:49:00","2026-04-09 09:51:02","put side",6778.46,6774.69
"IC-SPX-FastPT25-S2","shortputspread","-6,730 put, +6,725 put","SPX","closed",10,0,0.4,0.55,-400,-150,-0.032609,-0.375,4600,"13.34482","0.028823","0.075","-0.175","2026-04-09 09:45:05","2026-04-09 09:47:00","2026-04-09 16:00:00","2026-04-09 09:45:05","2026-04-09 09:48:02","put side",6780.78,6776.48
"IC-SPX-FastPT25-S2","shortputspread","-6,730 put, +6,725 put","SPX","closed",10,0,0.45,0.5,-450,-50,-0.010989,-0.111111,4550,"16.33347","0.035663","0.17777778","0.06666667","2026-04-09 09:45:00","2026-04-09 09:43:02","2026-04-09 16:00:00","2026-04-09 09:43:03","2026-04-09 09:45:04","put side",6779.66,6780.76
"IC-SPX-FastPT25-S2","shortcallspread","-6,825 call, +6,830 call","SPX","closed",10,0,0.2,0.35,-200,-150,-0.03125,-0.75,4800,"-5.47887","-0.011414","-0.1","-0.6","2026-04-09 09:41:00","2026-04-09 09:43:00","2026-04-09 16:00:00","2026-04-09 09:39:01","2026-04-09 09:43:02","call side",6774.58,6779.66
"IC-SPX-FastPT25-S2","shortputspread","-6,725 put, +6,720 put","SPX","closed",10,0,0.45,0.3,-450,150,0.032967,0.333333,4550,"17.94651","0.039185","0.33333333","0.06666667","2026-04-09 09:43:00","2026-04-09 09:40:03","2026-04-09 16:00:00","2026-04-09 09:40:03","2026-04-09 09:43:01","put side",6775.84,6779.66
"IC-SPX-FastPT25-S2","shortputspread","-6,720 put, +6,715 put","SPX","closed",10,0,0.5,0.35,-500,150,0.033333,0.3,4500,"24.97666","0.055504","0.36","0","2026-04-09 09:40:00","2026-04-09 09:31:01","2026-04-09 16:00:00","2026-04-09 09:31:00","2026-04-09 09:40:00","put side",6770.81,6775.73
"IC-SPX-FastPT25-S2","shortcallspread","-6,825 call, +6,830 call","SPX","closed",10,0,0.3,0.2,-300,100,0.021277,0.333333,4700,"0.79813","0.001698","0.33333333","0.16666667","2026-04-09 09:39:00","2026-04-09 09:37:03","2026-04-09 16:00:00","2026-04-09 09:37:03","2026-04-09 09:39:00","call side",6776.62,6774.32
"IC-SPX-FastPT25-S2","shortcallspread","-6,820 call, +6,825 call","SPX","closed",10,0,0.4,0.45,-400,-50,-0.01087,-0.125,4600,"9.58154","0.020739","0.2","0","2026-04-09 09:35:00","2026-04-09 09:37:00","2026-04-09 16:00:00","2026-04-09 09:31:02","2026-04-09 09:37:01","call side",6770.82,6776.83
"QQQ-IC-0DTE-Raw-HoldToExp","shortcallspread","-608 call, +610 call","QQQ","closed",1,0,0.13,0.02,-13,11,0.058824,0.846154,187,"5.65657","0.030412","1","-3","2026-04-08 15:24:00","2026-04-08 13:02:00","2026-04-08 16:00:00","2026-04-08 11:01:03","2026-04-08 15:50:01","call side",603.89,604.94
"QQQ-IC-0DTE-Raw-HoldToExp","shortputspread","-599 put, +597 put","QQQ","closed",1,0,0.15,0.01,-15,14,0.075676,0.933333,185,"12.27532","0.067078","1","-0.26666667","2026-04-08 14:03:00","2026-04-08 11:10:00","2026-04-08 16:00:00","2026-04-08 11:01:00","2026-04-08 15:50:01","put side",603.83,604.94
"QQQ-IC-0DTE-Baseline","ironcondor","+600 put, -601 put, -609 call, +610 call","QQQ","closed",107,0,0.07,0.03,-749,428,0.043011,0.571429,9951,"4.500894","0.04946","0.71428571","-1.57142857","2026-04-08 15:41:00","2026-04-08 15:01:00","2026-04-08 16:00:00","2026-04-08 13:30:35","2026-04-08 15:41:11","",605.87,603.88
"QQQ-IC-0DTE-HedgeTest","shortcallspread","-608 call, +610 call","QQQ","closed",26,0,0.13,0.05,-338,208,0.042781,0.615385,4862,"5.65657","0.030412","0.69230769","-3","2026-04-08 14:43:00","2026-04-08 13:02:00","2026-04-08 16:00:00","2026-04-08 11:01:03","2026-04-08 14:43:11","call side",603.89,604.72
"QQQ-IC-0DTE-HedgeA-S1","shortcallspread","-608 call, +610 call","QQQ","closed",26,0,0.13,0.05,-338,208,0.042781,0.615385,4862,"5.65657","0.030412","0.69230769","-3","2026-04-08 14:43:00","2026-04-08 13:02:00","2026-04-08 16:00:00","2026-04-08 11:01:03","2026-04-08 14:43:11","call side",603.89,604.72
"QQQ-IC-0DTE-HedgeD-Conditional","shortcallspread","-608 call, +610 call","QQQ","closed",26,0,0.13,0.05,-338,208,0.042781,0.615385,4862,"5.65657","0.030412","0.69230769","-3","2026-04-08 14:43:00","2026-04-08 13:02:00","2026-04-08 16:00:00","2026-04-08 11:01:03","2026-04-08 14:43:11","call side",603.89,604.72
"QQQ-IC-0DTE-HedgeC-S3","shortcallspread","-608 call, +610 call","QQQ","closed",26,0,0.13,0.21,-338,-208,-0.042781,-0.615385,4862,"5.65657","0.030412","0.15384615","-0.53846154","2026-04-08 11:10:00","2026-04-08 11:46:00","2026-04-08 16:00:00","2026-04-08 11:01:03","2026-04-08 11:46:00","call side",603.89,605.42
"QQQ-IC-0DTE-HedgeB-S2","shortputspread","-599 put, +597 put","QQQ","closed",27,0,0.15,0.07,-405,216,0.043243,0.533333,4995,"12.27532","0.067078","0.6","-0.26666667","2026-04-08 11:43:00","2026-04-08 11:10:00","2026-04-08 16:00:00","2026-04-08 11:01:00","2026-04-08 11:43:11","put side",603.83,605.12
"QQQ-IC-0DTE-HedgeC-S3","shortputspread","-599 put, +597 put","QQQ","closed",27,0,0.15,0.07,-405,216,0.043243,0.533333,4995,"12.27532","0.067078","0.6","-0.26666667","2026-04-08 11:43:00","2026-04-08 11:10:00","2026-04-08 16:00:00","2026-04-08 11:01:00","2026-04-08 11:43:11","put side",603.83,605.12
"QQQ-IC-0DTE-HedgeA-S1","shortputspread","-599 put, +597 put","QQQ","closed",27,0,0.15,0.07,-405,216,0.043243,0.533333,4995,"12.27532","0.067078","0.6","-0.26666667","2026-04-08 11:43:00","2026-04-08 11:10:00","2026-04-08 16:00:00","2026-04-08 11:01:00","2026-04-08 11:43:11","put side",603.83,605.12
"QQQ-IC-0DTE-HedgeTest","shortputspread","-599 put, +597 put","QQQ","closed",27,0,0.15,0.07,-405,216,0.043243,0.533333,4995,"12.27532","0.067078","0.6","-0.26666667","2026-04-08 11:43:00","2026-04-08 11:10:00","2026-04-08 16:00:00","2026-04-08 11:01:00","2026-04-08 11:43:11","put side",603.83,605.12
"QQQ-IC-0DTE-HedgeD-Conditional","shortputspread","-599 put, +597 put","QQQ","closed",27,0,0.15,0.07,-405,216,0.043243,0.533333,4995,"12.27532","0.067078","0.6","-0.26666667","2026-04-08 11:43:00","2026-04-08 11:10:00","2026-04-08 16:00:00","2026-04-08 11:01:00","2026-04-08 11:43:11","put side",603.83,605.12
"QQQ-IC-0DTE-HedgeB-S2","shortcallspread","-608 call, +610 call","QQQ","closed",26,0,0.13,0.19,-338,-156,-0.032086,-0.461538,4862,"5.65657","0.030412","0.15384615","-0.46153846","2026-04-08 11:10:00","2026-04-08 11:07:00","2026-04-08 16:00:00","2026-04-08 11:01:03","2026-04-08 11:37:01","call side",603.89,605.13
"QQQ-IC-0DTE-Fortress-NoPT50","shortputspread","-580 put, +578 put","QQQ","closed",26,0,0.12,0.02,-312,260,0.053191,0.833333,4888,"11.8554","0.063398","1","-1.66666667","2026-04-07 15:46:00","2026-04-07 14:56:00","2026-04-07 16:00:00","2026-04-07 13:31:00","2026-04-07 15:50:00","put side",584.27,586.72
"QQQ-IC-0DTE-Fortress-NoPT50","shortcallspread","-589 call, +591 call","QQQ","closed",26,0,0.11,0.23,-286,-312,-0.063492,-1.090909,4914,"10.36946","0.055157","1","-1.63636364","2026-04-07 14:51:00","2026-04-07 13:37:00","2026-04-07 16:00:00","2026-04-07 13:33:01","2026-04-07 15:50:00","call side",584.98,586.72
"QQQ-IC-0DTE-Raw-HoldToExp","shortputspread","-575 put, +573 put","QQQ","closed",1,0,0.21,0.01,-21,20,0.111732,0.952381,179,"17.52698","0.098466","1","-0.57142857","2026-04-07 13:57:00","2026-04-07 11:06:00","2026-04-07 16:00:00","2026-04-07 11:01:00","2026-04-07 15:50:00","put side",579.76,586.72
"QQQ-IC-0DTE-Baseline","ironcondor","+579 put, -580 put, -587 call, +588 call","QQQ","closed",125,0,0.2,0.37,-2500,-2125,-0.2125,-0.85,10000,"15.141746","0.194125","0.55","-1.05","2026-04-07 14:44:00","2026-04-07 15:48:00","2026-04-07 16:00:00","2026-04-07 13:30:34","2026-04-07 15:50:00","",584.32,586.72
"QQQ-IC-0DTE-Raw-HoldToExp","shortcallspread","-584 call, +586 call","QQQ","closed",1,0,0.27,1.65,-27,-138,-0.797688,-5.111111,173,"20.87735","0.12138","0.33333333","-5.88888889","2026-04-07 11:09:00","2026-04-07 15:46:00","2026-04-07 16:00:00","2026-04-07 11:01:01","2026-04-07 15:50:00","call side",579.78,586.72
"QQQ-IC-0DTE-Range075-PT50-Wide2-1230PM","shortcallspread","-589 call, +591 call","QQQ","closed",1,0,0.18,0.23,-18,-5,-0.027473,-0.277778,182,"16.55103","0.091442","1","-0.61111111","2026-04-07 14:51:00","2026-04-07 13:37:00","2026-04-07 16:00:00","2026-04-07 12:31:01","2026-04-07 15:50:00","call side",584.47,586.72
"QQQ-IC-0DTE-Range075-PT50","shortputspread","-582 put, +581 put","QQQ","closed",1,0,0.08,0.04,-8,4,0.043478,0.5,92,"7.83453","0.085158","0.625","-0.25","2026-04-07 15:48:00","2026-04-07 15:24:00","2026-04-07 16:00:00","2026-04-07 15:20:01","2026-04-07 15:48:11","put side",585.97,587.39
"QQQ-IC-0DTE-Range075-PT50-Wide2-155PM","shortputspread","-581 put, +579 put","QQQ","closed",1,0,0.08,0.03,-8,5,0.026042,0.625,192,"8.73967","0.045757","0.75","-0.125","2026-04-07 15:47:00","2026-04-07 15:19:01","2026-04-07 16:00:00","2026-04-07 15:19:01","2026-04-07 15:47:11","put side",585.02,586.92
"QQQ-IC-0DTE-Fortress-NoFilter","shortputspread","-581 put, +579 put","QQQ","closed",26,0,0.08,0.03,-208,130,0.026042,0.625,4992,"8.73967","0.045757","0.75","-0.125","2026-04-07 15:47:00","2026-04-07 15:19:01","2026-04-07 16:00:00","2026-04-07 15:19:01","2026-04-07 15:47:11","put side",585.02,586.92
"QQQ-IC-0DTE-Range075-PT50-Wide2-155PM","shortcallspread","-590 call, +592 call","QQQ","closed",1,0,0.09,0.04,-9,5,0.026178,0.555556,191,"8.75305","0.045827","0.66666667","-0.22222222","2026-04-07 15:31:00","2026-04-07 15:21:00","2026-04-07 16:00:00","2026-04-07 15:20:02","2026-04-07 15:31:11","call side",585.86,584.94
"QQQ-IC-0DTE-Fortress","shortcallspread","-589 call, +591 call","QQQ","closed",26,0,0.11,0.05,-286,156,0.031746,0.545455,4914,"10.36946","0.055157","0.63636364","-1.63636364","2026-04-07 14:24:00","2026-04-07 13:37:00","2026-04-07 16:00:00","2026-04-07 13:33:01","2026-04-07 14:24:11","call side",584.98,584.66
"QQQ-IC-0DTE-Fortress","shortputspread","-580 put, +578 put","QQQ","closed",26,0,0.12,0.06,-312,156,0.031915,0.5,4888,"11.8554","0.063398","0.58333333","-0.08333333","2026-04-07 13:51:00","2026-04-07 13:31:00","2026-04-07 16:00:00","2026-04-07 13:31:00","2026-04-07 13:51:11","put side",584.27,585.52
"QQQ-IC-0DTE-Fortress-NoFilter","shortcallspread","-591 call, +593 call","QQQ","closed",26,0,0.12,0.05,-312,182,0.037234,0.583333,4888,"11.19506","0.059548","0.66666667","0","2026-04-07 13:44:00","2026-04-07 13:37:01","2026-04-07 16:00:00","2026-04-07 13:37:01","2026-04-07 13:44:11","call side",586.49,585.39
"QQQ-IC-0DTE-Range075-PT50-Wide2-1230PM","shortputspread","-580 put, +578 put","QQQ","closed",1,0,0.22,0.11,-22,11,0.061798,0.5,178,"20.51853","0.115924","0.54545455","-0.04545455","2026-04-07 13:07:00","2026-04-07 12:31:00","2026-04-07 16:00:00","2026-04-07 12:31:00","2026-04-07 13:07:11","put side",584.46,585.18
"QQQ-IC-0DTE-HedgeD-Conditional","shortcallspread","-584 call, +586 call","QQQ","closed",28,0,0.27,1.05,-756,-2184,-0.450867,-2.888889,4844,"20.87735","0.12138","0.33333333","-2.81481481","2026-04-07 11:09:00","2026-04-07 12:46:00","2026-04-07 16:00:00","2026-04-07 11:01:01","2026-04-07 12:46:02","call side",579.78,585.09
"QQQ-IC-0DTE-HedgeA-S1","shortcallspread","-584 call, +586 call","QQQ","closed",28,0,0.27,0.9,-756,-1764,-0.364162,-2.333333,4844,"20.87735","0.12138","0.33333333","-2.25925926","2026-04-07 11:09:00","2026-04-07 12:03:00","2026-04-07 16:00:00","2026-04-07 11:01:01","2026-04-07 12:03:01","call side",579.78,584.38
"QQQ-IC-0DTE-HedgeTest","shortcallspread","-584 call, +586 call","QQQ","closed",28,0,0.27,0.88,-756,-1708,-0.352601,-2.259259,4844,"20.87735","0.12138","0.33333333","-2.25925926","2026-04-07 11:09:00","2026-04-07 12:03:00","2026-04-07 16:00:00","2026-04-07 11:01:01","2026-04-07 12:03:00","call side",579.78,584.38
"QQQ-IC-0DTE-HedgeTest","shortputspread","-575 put, +573 put","QQQ","closed",27,0,0.21,0.1,-567,297,0.061453,0.52381,4833,"17.52698","0.098466","0.57142857","-0.57142857","2026-04-07 11:47:00","2026-04-07 11:06:00","2026-04-07 16:00:00","2026-04-07 11:01:00","2026-04-07 11:47:11","put side",579.76,581.65
"QQQ-IC-0DTE-HedgeD-Conditional","shortputspread","-575 put, +573 put","QQQ","closed",27,0,0.21,0.1,-567,297,0.061453,0.52381,4833,"17.52698","0.098466","0.57142857","-0.57142857","2026-04-07 11:47:00","2026-04-07 11:06:00","2026-04-07 16:00:00","2026-04-07 11:01:01","2026-04-07 11:47:11","put side",579.76,581.65
"QQQ-IC-0DTE-HedgeA-S1","shortputspread","-575 put, +573 put","QQQ","closed",27,0,0.21,0.1,-567,297,0.061453,0.52381,4833,"17.52698","0.098466","0.57142857","-0.57142857","2026-04-07 11:47:00","2026-04-07 11:06:00","2026-04-07 16:00:00","2026-04-07 11:01:00","2026-04-07 11:47:11","put side",579.76,581.65
"QQQ-IC-0DTE-HedgeB-S2","shortputspread","-575 put, +573 put","QQQ","closed",27,0,0.21,0.13,-567,216,0.044693,0.380952,4833,"17.52698","0.098466","0.52380952","-0.57142857","2026-04-07 11:37:00","2026-04-07 11:06:00","2026-04-07 16:00:00","2026-04-07 11:01:01","2026-04-07 11:40:00","put side",579.76,581.2
"QQQ-IC-0DTE-HedgeB-S2","shortcallspread","-584 call, +586 call","QQQ","closed",28,0,0.27,0.5,-756,-644,-0.132948,-0.851852,4844,"20.87735","0.12138","0.33333333","-0.77777778","2026-04-07 11:09:00","2026-04-07 11:37:00","2026-04-07 16:00:00","2026-04-07 11:01:01","2026-04-07 11:37:00","call side",579.78,582.02
"QQQ-IC-0DTE-HedgeC-S3","shortcallspread","-584 call, +586 call","QQQ","closed",28,0,0.27,0.48,-756,-588,-0.121387,-0.777778,4844,"20.87735","0.12138","0.33333333","-0.74074074","2026-04-07 11:09:00","2026-04-07 11:16:00","2026-04-07 16:00:00","2026-04-07 11:01:01","2026-04-07 11:16:01","call side",579.78,581.48
"QQQ-IC-0DTE-HedgeC-S3","shortputspread","-575 put, +573 put","QQQ","closed",27,0,0.21,0.35,-567,-378,-0.078212,-0.666667,4833,"17.52698","0.098466","-0.04761905","-0.57142857","2026-04-07 11:01:01","2026-04-07 11:06:00","2026-04-07 16:00:00","2026-04-07 11:01:00","2026-04-07 11:06:00","put side",579.76,578.54
"QQQ-IC-0DTE-Range075-PT50-Wide2-1230PM","shortcallspread","-590 call, +592 call","QQQ","closed",1,0,0.07,0.04,-7,3,0.015544,0.428571,193,"5.134","0.02674","1","-1.14285714","2026-04-06 15:46:00","2026-04-06 14:28:00","2026-04-06 16:00:00","2026-04-06 13:12:02","2026-04-06 15:50:00","call side",586.1,588.57
"QQQ-IC-0DTE-Raw-HoldToExp","shortputspread","-583 put, +581 put","QQQ","closed",1,0,0.17,0.01,-17,16,0.087432,0.941176,183,"11.55038","0.063464","1","-1.05882353","2026-04-06 14:46:00","2026-04-06 13:14:00","2026-04-06 16:00:00","2026-04-06 11:01:01","2026-04-06 15:50:00","put side",587.41,588.57
"QQQ-IC-0DTE-Raw-HoldToExp","shortcallspread","-592 call, +594 call","QQQ","closed",1,0,0.1,0.01,-10,9,0.047368,0.9,190,"5.03356","0.026633","1","-0.4","2026-04-06 13:55:00","2026-04-06 11:02:00","2026-04-06 16:00:00","2026-04-06 11:01:03","2026-04-06 15:50:00","call side",587.42,588.57
"QQQ-IC-0DTE-Fortress-NoPT50","shortputspread","-583 put, +581 put","QQQ","closed",26,0,0.08,0.01,-208,182,0.036458,0.875,4992,"7.34635","0.038463","1","-0.5","2026-04-06 14:46:00","2026-04-06 14:05:00","2026-04-06 16:00:00","2026-04-06 13:31:00","2026-04-06 15:50:00","put side",587.07,588.57
"QQQ-IC-0DTE-Baseline","ironcondor","+582 put, -583 put, -590 call, +591 call","QQQ","closed",111,0,0.1,0.05,-1110,555,0.055556,0.5,9990,"5.470436","0.062164","0.7","-0.3","2026-04-06 14:44:00","2026-04-06 13:32:00","2026-04-06 16:00:00","2026-04-06 13:30:33","2026-04-06 14:44:32","",587.16,587.76
"QQQ-IC-0DTE-Fortress","shortputspread","-583 put, +581 put","QQQ","closed",26,0,0.08,0.04,-208,104,0.020833,0.5,4992,"7.34635","0.038463","0.625","-0.5","2026-04-06 14:19:00","2026-04-06 14:05:00","2026-04-06 16:00:00","2026-04-06 13:31:00","2026-04-06 14:19:11","put side",587.07,587.77
"QQQ-IC-0DTE-Range075-PT50-Wide2-1230PM","shortputspread","-583 put, +581 put","QQQ","closed",1,0,0.09,0.04,-9,5,0.026178,0.555556,191,"6.14301","0.032332","0.66666667","-2.88888889","2026-04-06 14:19:00","2026-04-06 13:14:00","2026-04-06 16:00:00","2026-04-06 12:31:01","2026-04-06 14:19:11","put side",587.13,587.77
"QQQ-IC-0DTE-HedgeTest","shortputspread","-583 put, +581 put","QQQ","closed",27,0,0.17,0.08,-459,243,0.04918,0.529412,4941,"11.55038","0.063464","0.58823529","-0.35294118","2026-04-06 12:39:00","2026-04-06 11:33:00","2026-04-06 16:00:00","2026-04-06 11:01:01","2026-04-06 12:39:11","put side",587.41,587.74
"QQQ-IC-0DTE-HedgeA-S1","shortputspread","-583 put, +581 put","QQQ","closed",27,0,0.17,0.08,-459,243,0.04918,0.529412,4941,"11.55038","0.063464","0.58823529","-0.35294118","2026-04-06 12:39:00","2026-04-06 11:33:00","2026-04-06 16:00:00","2026-04-06 11:01:01","2026-04-06 12:39:11","put side",587.41,587.74
"QQQ-IC-0DTE-HedgeD-Conditional","shortputspread","-583 put, +581 put","QQQ","closed",27,0,0.17,0.08,-459,243,0.04918,0.529412,4941,"11.55038","0.063464","0.58823529","-0.35294118","2026-04-06 12:39:00","2026-04-06 11:33:00","2026-04-06 16:00:00","2026-04-06 11:01:01","2026-04-06 12:39:11","put side",587.41,587.74
"QQQ-IC-0DTE-HedgeC-S3","shortputspread","-583 put, +581 put","QQQ","closed",27,0,0.17,0.08,-459,243,0.04918,0.529412,4941,"11.55038","0.063464","0.58823529","-0.35294118","2026-04-06 12:39:00","2026-04-06 11:33:00","2026-04-06 16:00:00","2026-04-06 11:01:01","2026-04-06 12:39:11","put side",587.41,587.74
"QQQ-IC-0DTE-HedgeTest","shortcallspread","-592 call, +594 call","QQQ","closed",26,0,0.1,0.05,-260,130,0.026316,0.5,4940,"5.03356","0.026633","0.6","-0.4","2026-04-06 11:34:00","2026-04-06 11:02:00","2026-04-06 16:00:00","2026-04-06 11:01:03","2026-04-06 11:34:11","call side",587.42,586.36
"QQQ-IC-0DTE-HedgeC-S3","shortcallspread","-592 call, +594 call","QQQ","closed",26,0,0.1,0.05,-260,130,0.026316,0.5,4940,"5.03356","0.026633","0.6","-0.4","2026-04-06 11:34:00","2026-04-06 11:02:00","2026-04-06 16:00:00","2026-04-06 11:01:03","2026-04-06 11:34:11","call side",587.42,586.36
"QQQ-IC-0DTE-HedgeD-Conditional","shortcallspread","-592 call, +594 call","QQQ","closed",26,0,0.1,0.05,-260,130,0.026316,0.5,4940,"5.03356","0.026633","0.6","-0.4","2026-04-06 11:34:00","2026-04-06 11:02:00","2026-04-06 16:00:00","2026-04-06 11:01:03","2026-04-06 11:34:11","call side",587.42,586.36
"QQQ-IC-0DTE-HedgeA-S1","shortcallspread","-592 call, +594 call","QQQ","closed",26,0,0.1,0.05,-260,130,0.026316,0.5,4940,"5.03356","0.026633","0.6","-0.4","2026-04-06 11:34:00","2026-04-06 11:02:00","2026-04-06 16:00:00","2026-04-06 11:01:03","2026-04-06 11:34:11","call side",587.42,586.36
"QQQ-IC-0DTE-HedgeB-S2","shortcallspread","-592 call, +594 call","QQQ","closed",26,0,0.1,0.07,-260,78,0.015789,0.3,4940,"5.03356","0.026633","0.5","-0.4","2026-04-06 11:26:00","2026-04-06 11:02:00","2026-04-06 16:00:00","2026-04-06 11:01:03","2026-04-06 11:29:00","call side",587.42,586.65
"QQQ-IC-0DTE-HedgeB-S2","shortputspread","-583 put, +581 put","QQQ","closed",27,0,0.17,0.23,-459,-162,-0.032787,-0.352941,4941,"11.55038","0.063464","0.11764706","-0.29411765","2026-04-06 11:08:00","2026-04-06 11:26:00","2026-04-06 16:00:00","2026-04-06 11:01:01","2026-04-06 11:26:00","put side",587.41,586.42
"QQQ-IC-0DTE-Raw-HoldToExp","shortcallspread","-587 call, +589 call","QQQ","closed",1,0,0.32,0.01,-32,31,0.184524,0.96875,168,"25.75031","0.154193","1","-0.46875","2026-04-02 15:34:00","2026-04-02 11:13:00","2026-04-02 16:00:00","2026-04-02 11:01:02","2026-04-02 15:50:01","call side",582.72,583.27
"QQQ-IC-0DTE-Fortress-NoPT50","shortputspread","-579 put, +577 put","QQQ","closed",26,0,0.09,0.01,-234,208,0.041885,0.888889,4966,"9.11879","0.047994","1","-2.11111111","2026-04-02 15:46:00","2026-04-02 13:50:00","2026-04-02 16:00:00","2026-04-02 13:31:00","2026-04-02 15:50:01","put side",583.52,583.4
"QQQ-IC-0DTE-Raw-HoldToExp","shortputspread","-578 put, +576 put","QQQ","closed",1,0,0.29,0.01,-29,28,0.163743,0.965517,171,"24.94299","0.146723","1","-0.17241379","2026-04-02 15:12:00","2026-04-02 11:03:00","2026-04-02 16:00:00","2026-04-02 11:01:01","2026-04-02 15:50:01","put side",582.73,583.27
"QQQ-IC-0DTE-Range075-PT50-Wide2-1230PM","shortcallspread","-586 call, +588 call","QQQ","closed",1,0,0.14,0.02,-14,12,0.064516,0.857143,186,"12.5159","0.067654","1","-1.57142857","2026-04-02 15:46:00","2026-04-02 12:46:00","2026-04-02 16:00:00","2026-04-02 12:31:01","2026-04-02 15:50:01","call side",581.41,583.27
"QQQ-IC-0DTE-Fortress-NoPT50","shortcallspread","-587 call, +589 call","QQQ","closed",25,0,0.07,0.01,-175,150,0.031088,0.857143,4825,"6.59382","0.034343","1","-0.28571429","2026-04-02 15:34:00","2026-04-02 13:40:00","2026-04-02 16:00:00","2026-04-02 13:39:02","2026-04-02 15:50:01","call side",582.9,583.4
"QQQ-IC-0DTE-Fortress","shortputspread","-579 put, +577 put","QQQ","closed",26,0,0.09,0.04,-234,130,0.026178,0.555556,4966,"9.11879","0.047994","0.66666667","-2.11111111","2026-04-02 14:56:00","2026-04-02 13:50:00","2026-04-02 16:00:00","2026-04-02 13:31:00","2026-04-02 14:56:11","put side",583.52,583.15
"QQQ-IC-0DTE-Baseline","ironcondor","+578 put, -579 put, -586 call, +587 call","QQQ","closed",126,0,0.22,0.11,-2772,1386,0.141026,0.5,9828,"15.640489","0.205796","0.59090909","-0.09090909","2026-04-02 14:36:00","2026-04-02 13:30:12","2026-04-02 16:00:00","2026-04-02 13:30:12","2026-04-02 14:36:32","",583.53,582.34
"QQQ-IC-0DTE-Fortress","shortcallspread","-587 call, +589 call","QQQ","closed",25,0,0.07,0.02,-175,125,0.025907,0.714286,4825,"6.59382","0.034343","0.85714286","-0.28571429","2026-04-02 14:27:00","2026-04-02 13:40:00","2026-04-02 16:00:00","2026-04-02 13:39:02","2026-04-02 14:27:11","call side",582.9,582.13
"QQQ-IC-0DTE-Range075-PT50","shortputspread","-577 put, +576 put","QQQ","closed",1,0,0.08,0.03,-8,5,0.054348,0.625,92,"7.57494","0.082336","0.75","0","2026-04-02 14:06:00","2026-04-02 13:52:00","2026-04-02 16:00:00","2026-04-02 13:52:01","2026-04-02 14:06:11","put side",581.48,582.86
"QQQ-IC-0DTE-Range075-PT50-Wide2-1230PM","shortputspread","-577 put, +575 put","QQQ","closed",1,0,0.2,0.1,-20,10,0.055556,0.5,180,"18.19808","0.101665","0.55","-0.05","2026-04-02 12:57:00","2026-04-02 12:31:00","2026-04-02 16:00:00","2026-04-02 12:31:00","2026-04-02 12:57:11","put side",581.41,582.85
"QQQ-IC-0DTE-HedgeTest","shortputspread","-578 put, +576 put","QQQ","closed",29,0,0.29,0.14,-841,435,0.087719,0.517241,4959,"24.94299","0.146723","0.55172414","-0.17241379","2026-04-02 12:54:00","2026-04-02 11:03:00","2026-04-02 16:00:00","2026-04-02 11:01:01","2026-04-02 12:54:11","put side",582.73,583.37
"QQQ-IC-0DTE-HedgeC-S3","shortputspread","-578 put, +576 put","QQQ","closed",29,0,0.29,0.14,-841,435,0.087719,0.517241,4959,"24.94299","0.146723","0.55172414","-0.17241379","2026-04-02 12:54:00","2026-04-02 11:03:00","2026-04-02 16:00:00","2026-04-02 11:01:01","2026-04-02 12:54:11","put side",582.73,583.37
"QQQ-IC-0DTE-HedgeA-S1","shortputspread","-578 put, +576 put","QQQ","closed",29,0,0.29,0.14,-841,435,0.087719,0.517241,4959,"24.94299","0.146723","0.55172414","-0.17241379","2026-04-02 12:54:00","2026-04-02 11:03:00","2026-04-02 16:00:00","2026-04-02 11:01:01","2026-04-02 12:54:11","put side",582.73,583.32
"QQQ-IC-0DTE-HedgeD-Conditional","shortputspread","-578 put, +576 put","QQQ","closed",29,0,0.29,0.14,-841,435,0.087719,0.517241,4959,"24.94299","0.146723","0.55172414","-0.17241379","2026-04-02 12:54:00","2026-04-02 11:03:00","2026-04-02 16:00:00","2026-04-02 11:01:01","2026-04-02 12:54:11","put side",582.73,583.32
"QQQ-IC-0DTE-HedgeD-Conditional","shortcallspread","-587 call, +589 call","QQQ","closed",29,0,0.32,0.15,-928,493,0.10119,0.53125,4872,"25.75031","0.154193","0.5625","-0.46875","2026-04-02 12:11:00","2026-04-02 11:13:00","2026-04-02 16:00:00","2026-04-02 11:01:02","2026-04-02 12:11:11","call side",582.72,582.1
"QQQ-IC-0DTE-HedgeA-S1","shortcallspread","-587 call, +589 call","QQQ","closed",29,0,0.32,0.15,-928,493,0.10119,0.53125,4872,"25.75031","0.154193","0.5625","-0.46875","2026-04-02 12:11:00","2026-04-02 11:13:00","2026-04-02 16:00:00","2026-04-02 11:01:02","2026-04-02 12:11:11","call side",582.72,582.1
"QQQ-IC-0DTE-HedgeTest","shortcallspread","-587 call, +589 call","QQQ","closed",29,0,0.32,0.15,-928,493,0.10119,0.53125,4872,"25.75031","0.154193","0.5625","-0.46875","2026-04-02 12:11:00","2026-04-02 11:13:00","2026-04-02 16:00:00","2026-04-02 11:01:02","2026-04-02 12:11:11","call side",582.72,582.1
"QQQ-IC-0DTE-HedgeC-S3","shortcallspread","-587 call, +589 call","QQQ","closed",29,0,0.32,0.15,-928,493,0.10119,0.53125,4872,"25.75031","0.154193","0.5625","-0.46875","2026-04-02 12:11:00","2026-04-02 11:13:00","2026-04-02 16:00:00","2026-04-02 11:01:02","2026-04-02 12:11:11","call side",582.72,582.1
"QQQ-IC-0DTE-HedgeB-S2","shortputspread","-578 put, +576 put","QQQ","closed",29,0,0.29,0.17,-841,348,0.070175,0.413793,4959,"24.94299","0.146723","0.51724138","-0.17241379","2026-04-02 11:38:00","2026-04-02 11:03:00","2026-04-02 16:00:00","2026-04-02 11:01:01","2026-04-02 11:41:00","put side",582.73,583.94
"QQQ-IC-0DTE-HedgeB-S2","shortcallspread","-587 call, +589 call","QQQ","closed",29,0,0.32,0.44,-928,-348,-0.071429,-0.375,4872,"25.75031","0.154193","0.15625","-0.46875","2026-04-02 11:23:00","2026-04-02 11:13:00","2026-04-02 16:00:00","2026-04-02 11:01:02","2026-04-02 11:38:00","call side",582.72,584.34
"QQQ-IC-0DTE-Baseline","ironcondor","+582 put, -583 put, -590 call, +591 call","QQQ","closed",106,0,0.06,0.06,-636,0,0,0,9964,"1.084671","0.01179","0.66666667","-6.66666667","2026-04-01 15:42:00","2026-04-01 14:36:00","2026-04-01 16:00:00","2026-04-01 13:30:35","2026-04-01 15:52:22","",587.34,584.59
"QQQ-IC-0DTE-Raw-HoldToExp","shortcallspread","-590 call, +592 call","QQQ","closed",1,0,0.13,0.01,-13,12,0.064171,0.923077,187,"7.09708","0.038156","1","-0.15384615","2026-04-01 14:22:00","2026-04-01 11:08:00","2026-04-01 16:00:00","2026-04-01 11:01:03","2026-04-01 15:50:01","call side",585.7,585.05
"QQQ-IC-0DTE-Raw-HoldToExp","shortputspread","-581 put, +579 put","QQQ","closed",1,0,0.15,0.02,-15,13,0.07027,0.866667,185,"11.10603","0.060359","1","-1.13333333","2026-04-01 15:41:00","2026-04-01 14:38:00","2026-04-01 16:00:00","2026-04-01 11:01:00","2026-04-01 15:50:01","put side",585.7,585.05
"QQQ-IC-0DTE-HedgeA-S1","shortcallspread","-590 call, +592 call","QQQ","closed",26,0,0.13,0.06,-338,182,0.037433,0.538462,4862,"7.09708","0.038156","0.61538462","-0.15384615","2026-04-01 13:37:00","2026-04-01 11:08:00","2026-04-01 16:00:00","2026-04-01 11:01:03","2026-04-01 13:37:11","call side",585.7,586.89
"QQQ-IC-0DTE-HedgeC-S3","shortcallspread","-590 call, +592 call","QQQ","closed",26,0,0.13,0.06,-338,182,0.037433,0.538462,4862,"7.09708","0.038156","0.61538462","-0.15384615","2026-04-01 13:37:00","2026-04-01 11:08:00","2026-04-01 16:00:00","2026-04-01 11:01:03","2026-04-01 13:37:11","call side",585.7,586.89
"QQQ-IC-0DTE-HedgeTest","shortcallspread","-590 call, +592 call","QQQ","closed",26,0,0.13,0.06,-338,182,0.037433,0.538462,4862,"7.09708","0.038156","0.61538462","-0.15384615","2026-04-01 13:37:00","2026-04-01 11:08:00","2026-04-01 16:00:00","2026-04-01 11:01:03","2026-04-01 13:37:11","call side",585.7,586.89
"QQQ-IC-0DTE-HedgeD-Conditional","shortcallspread","-590 call, +592 call","QQQ","closed",26,0,0.13,0.06,-338,182,0.037433,0.538462,4862,"7.09708","0.038156","0.61538462","-0.15384615","2026-04-01 13:37:00","2026-04-01 11:08:00","2026-04-01 16:00:00","2026-04-01 11:01:03","2026-04-01 13:37:11","call side",585.7,586.89
"QQQ-IC-0DTE-HedgeTest","shortputspread","-581 put, +579 put","QQQ","closed",27,0,0.15,0.07,-405,216,0.043243,0.533333,4995,"11.10603","0.060359","0.6","-0.13333333","2026-04-01 11:59:00","2026-04-01 11:31:00","2026-04-01 16:00:00","2026-04-01 11:01:00","2026-04-01 11:59:11","put side",585.7,587.05
"QQQ-IC-0DTE-HedgeA-S1","shortputspread","-581 put, +579 put","QQQ","closed",27,0,0.15,0.07,-405,216,0.043243,0.533333,4995,"11.10603","0.060359","0.6","-0.13333333","2026-04-01 11:59:00","2026-04-01 11:31:00","2026-04-01 16:00:00","2026-04-01 11:01:00","2026-04-01 11:59:11","put side",585.7,587.05
"QQQ-IC-0DTE-HedgeC-S3","shortputspread","-581 put, +579 put","QQQ","closed",27,0,0.15,0.07,-405,216,0.043243,0.533333,4995,"11.10603","0.060359","0.6","-0.13333333","2026-04-01 11:59:00","2026-04-01 11:31:00","2026-04-01 16:00:00","2026-04-01 11:01:00","2026-04-01 11:59:11","put side",585.7,587.05
"QQQ-IC-0DTE-HedgeD-Conditional","shortputspread","-581 put, +579 put","QQQ","closed",27,0,0.15,0.07,-405,216,0.043243,0.533333,4995,"11.10603","0.060359","0.6","-0.13333333","2026-04-01 11:59:00","2026-04-01 11:31:00","2026-04-01 16:00:00","2026-04-01 11:01:00","2026-04-01 11:59:11","put side",585.7,587.05
"QQQ-IC-0DTE-HedgeB-S2","shortcallspread","-590 call, +592 call","QQQ","closed",26,0,0.13,0.11,-338,52,0.010695,0.153846,4862,"7.09708","0.038156","0.53846154","-0.15384615","2026-04-01 11:31:00","2026-04-01 11:08:00","2026-04-01 16:00:00","2026-04-01 11:01:03","2026-04-01 11:37:01","call side",585.7,586.15
"QQQ-IC-0DTE-HedgeB-S2","shortputspread","-581 put, +579 put","QQQ","closed",27,0,0.15,0.18,-405,-81,-0.016216,-0.2,4995,"11.10603","0.060359","0.2","-0.13333333","2026-04-01 11:24:00","2026-04-01 11:31:00","2026-04-01 16:00:00","2026-04-01 11:01:00","2026-04-01 11:31:00","put side",585.7,584.97
"QQQ-IC-0DTE-Baseline","ironcondor","+569 put, -570 put, -577 call, +578 call","QQQ","closed",135,0,0.26,0.6,-3510,-4590,-0.459459,-1.307692,9990,"23.664535","0.328674","0.5","-1.26923077","2026-03-31 14:27:00","2026-03-31 15:50:00","2026-03-31 16:00:00","2026-03-31 13:30:34","2026-03-31 15:50:11","",574.5,578.58
"QQQ-IC-0DTE-Raw-HoldToExp","shortcallspread","-570 call, +572 call","QQQ","closed",1,0,0.19,2.19,-19,-200,-1.104972,-10.526316,181,"17.54926","0.097496","0.10526316","-9.84210526","2026-03-31 12:00:00","2026-03-31 14:45:00","2026-03-31 16:00:00","2026-03-31 11:01:02","2026-03-31 15:50:00","call side",565.47,577.81
"QQQ-IC-0DTE-Raw-HoldToExp","shortputspread","-561 put, +559 put","QQQ","closed",1,0,0.22,0.02,-22,20,0.11236,0.909091,178,"20.50692","0.115858","1","-0.04545455","2026-03-31 14:08:00","2026-03-31 11:01:01","2026-03-31 16:00:00","2026-03-31 11:01:00","2026-03-31 15:50:00","put side",565.47,577.81
"QQQ-IC-0DTE-HedgeTest","shortcallspread","-570 call, +572 call","QQQ","closed",27,0,0.19,1.06,-513,-2349,-0.480663,-4.578947,4887,"17.54926","0.097496","0.10526316","-4.52631579","2026-03-31 12:00:00","2026-03-31 12:40:00","2026-03-31 16:00:00","2026-03-31 11:01:02","2026-03-31 12:40:07","call side",565.47,571.73
"QQQ-IC-0DTE-HedgeD-Conditional","shortcallspread","-570 call, +572 call","QQQ","closed",27,0,0.19,1.07,-513,-2376,-0.486188,-4.631579,4887,"17.54926","0.097496","0.10526316","-4.52631579","2026-03-31 12:00:00","2026-03-31 12:40:00","2026-03-31 16:00:00","2026-03-31 11:01:02","2026-03-31 12:40:03","call side",565.47,571.45
"QQQ-IC-0DTE-HedgeA-S1","shortcallspread","-570 call, +572 call","QQQ","closed",27,0,0.19,1.07,-513,-2376,-0.486188,-4.631579,4887,"17.54926","0.097496","0.10526316","-4.52631579","2026-03-31 12:00:00","2026-03-31 12:40:00","2026-03-31 16:00:00","2026-03-31 11:01:02","2026-03-31 12:40:03","call side",565.47,571.45
"QQQ-IC-0DTE-HedgeA-S1","shortputspread","-561 put, +559 put","QQQ","closed",28,0,0.22,0.11,-616,308,0.061798,0.5,4984,"20.50692","0.115858","0.54545455","-0.04545455","2026-03-31 12:17:00","2026-03-31 11:01:01","2026-03-31 16:00:00","2026-03-31 11:01:00","2026-03-31 12:17:11","put side",565.47,567.96
"QQQ-IC-0DTE-HedgeC-S3","shortputspread","-561 put, +559 put","QQQ","closed",28,0,0.22,0.11,-616,308,0.061798,0.5,4984,"20.50692","0.115858","0.54545455","-0.04545455","2026-03-31 12:17:00","2026-03-31 11:01:01","2026-03-31 16:00:00","2026-03-31 11:01:00","2026-03-31 12:17:11","put side",565.47,567.96
"QQQ-IC-0DTE-HedgeD-Conditional","shortputspread","-561 put, +559 put","QQQ","closed",28,0,0.22,0.11,-616,308,0.061798,0.5,4984,"20.50692","0.115858","0.54545455","-0.04545455","2026-03-31 12:17:00","2026-03-31 11:01:01","2026-03-31 16:00:00","2026-03-31 11:01:00","2026-03-31 12:17:11","put side",565.47,567.96
"QQQ-IC-0DTE-HedgeTest","shortputspread","-561 put, +559 put","QQQ","closed",28,0,0.22,0.11,-616,308,0.061798,0.5,4984,"20.50692","0.115858","0.54545455","-0.04545455","2026-03-31 12:17:00","2026-03-31 11:01:01","2026-03-31 16:00:00","2026-03-31 11:01:00","2026-03-31 12:17:11","put side",565.47,567.96
"QQQ-IC-0DTE-HedgeB-S2","shortputspread","-561 put, +559 put","QQQ","closed",28,0,0.22,0.13,-616,252,0.050562,0.409091,4984,"20.50692","0.115858","0.5","-0.04545455","2026-03-31 11:15:00","2026-03-31 11:01:01","2026-03-31 16:00:00","2026-03-31 11:01:00","2026-03-31 11:18:00","put side",565.47,568.26
"QQQ-IC-0DTE-HedgeB-S2","shortcallspread","-570 call, +572 call","QQQ","closed",27,0,0.19,0.58,-513,-1053,-0.21547,-2.052632,4887,"17.54926","0.097496","-0.05263158","-2","2026-03-31 11:01:02","2026-03-31 11:15:00","2026-03-31 16:00:00","2026-03-31 11:01:02","2026-03-31 11:15:01","call side",565.47,568.3
"QQQ-IC-0DTE-HedgeC-S3","shortcallspread","-570 call, +572 call","QQQ","closed",27,0,0.19,0.31,-513,-324,-0.066298,-0.631579,4887,"17.54926","0.097496","-0.05263158","-0.57894737","2026-03-31 11:01:02","2026-03-31 11:06:00","2026-03-31 16:00:00","2026-03-31 11:01:02","2026-03-31 11:06:00","call side",565.47,566.56
"QQQ-IC-0DTE-Fortress","shortputspread","-556 put, +554 put","QQQ","closed",26,0,0.12,0.05,-312,182,0.037234,0.583333,4888,"12.29739","0.065761","0.66666667","-4.25","2026-03-30 15:51:00","2026-03-30 15:29:00","2026-03-30 16:00:00","2026-03-30 13:31:02","2026-03-30 15:51:11","put side",559.74,557.97
"QQQ-IC-0DTE-Range075-PT50-Wide2-1230PM","shortputspread","-557 put, +555 put","QQQ","closed",1,0,0.11,0.31,-11,-20,-0.10582,-1.818182,189,"11.3324","0.060279","0.45454545","-9.54545455","2026-03-30 12:40:00","2026-03-30 15:33:00","2026-03-30 16:00:00","2026-03-30 12:31:02","2026-03-30 15:50:01","put side",561.64,557.41
"QQQ-IC-0DTE-Raw-HoldToExp","shortputspread","-560 put, +558 put","QQQ","closed",1,0,0.24,1.95,-24,-171,-0.971591,-7.125,176,"22.70345","0.129734","0.45833333","-7.29166667","2026-03-30 11:52:00","2026-03-30 15:29:00","2026-03-30 16:00:00","2026-03-30 11:01:01","2026-03-30 15:50:01","put side",564.58,557.41
"QQQ-IC-0DTE-Fortress-NoPT50","shortcallspread","-563 call, +565 call","QQQ","closed",26,0,0.09,0.01,-234,208,0.041885,0.888889,4966,"9.27218","0.048801","1","-1.11111111","2026-03-30 15:35:00","2026-03-30 13:46:00","2026-03-30 16:00:00","2026-03-30 13:33:03","2026-03-30 15:50:01","call side",559.26,557.41
"QQQ-IC-0DTE-Raw-HoldToExp","shortcallspread","-569 call, +571 call","QQQ","closed",1,0,0.19,0.01,-19,18,0.099448,0.947368,181,"17.34273","0.096349","1","-0.21052632","2026-03-30 14:47:00","2026-03-30 11:04:00","2026-03-30 16:00:00","2026-03-30 11:01:03","2026-03-30 15:50:01","call side",564.55,557.41
"QQQ-IC-0DTE-Range075-PT50-Wide2-1230PM","shortcallspread","-566 call, +568 call","QQQ","closed",1,0,0.09,0.01,-9,8,0.041885,0.888889,191,"8.9674","0.047197","1","-0.44444444","2026-03-30 14:30:00","2026-03-30 12:40:00","2026-03-30 16:00:00","2026-03-30 12:31:03","2026-03-30 15:50:01","call side",561.64,557.41
"QQQ-IC-0DTE-Fortress-NoPT50","shortputspread","-556 put, +554 put","QQQ","closed",26,0,0.12,0.09,-312,78,0.015957,0.25,4888,"12.29739","0.065761","0.66666667","-4.25","2026-03-30 14:37:00","2026-03-30 15:29:00","2026-03-30 16:00:00","2026-03-30 13:31:02","2026-03-30 15:50:01","put side",559.74,557.41
"QQQ-IC-0DTE-Baseline","ironcondor","+555 put, -556 put, -563 call, +564 call","QQQ","closed",119,0,0.16,0.08,-1904,952,0.095238,0.5,9996,"15.860078","0.193416","0.625","-0.125","2026-03-30 14:38:00","2026-03-30 13:30:36","2026-03-30 16:00:00","2026-03-30 13:30:36","2026-03-30 14:38:33","",559.78,559.43
"QQQ-IC-0DTE-HedgeD-Conditional","shortputspread","-560 put, +558 put","QQQ","closed",28,0,0.24,1,-672,-2128,-0.431818,-3.166667,4928,"22.70345","0.129734","0.45833333","-3.125","2026-03-30 11:52:00","2026-03-30 14:28:00","2026-03-30 16:00:00","2026-03-30 11:01:01","2026-03-30 14:28:01","put side",564.58,558.82
"QQQ-IC-0DTE-Fortress","shortcallspread","-563 call, +565 call","QQQ","closed",26,0,0.09,0.04,-234,130,0.026178,0.555556,4966,"9.27218","0.048801","0.66666667","-1.11111111","2026-03-30 14:24:00","2026-03-30 13:46:00","2026-03-30 16:00:00","2026-03-30 13:33:03","2026-03-30 14:24:11","call side",559.26,559.46
"QQQ-IC-0DTE-HedgeA-S1","shortputspread","-560 put, +558 put","QQQ","closed",28,0,0.24,0.77,-672,-1484,-0.301136,-2.208333,4928,"22.70345","0.129734","0.45833333","-2.125","2026-03-30 11:52:00","2026-03-30 13:28:00","2026-03-30 16:00:00","2026-03-30 11:01:01","2026-03-30 13:28:01","put side",564.58,559.79
"QQQ-IC-0DTE-HedgeTest","shortputspread","-560 put, +558 put","QQQ","closed",28,0,0.24,0.76,-672,-1456,-0.295455,-2.166667,4928,"22.70345","0.129734","0.45833333","-2.125","2026-03-30 11:52:00","2026-03-30 13:28:00","2026-03-30 16:00:00","2026-03-30 11:01:01","2026-03-30 13:28:01","put side",564.58,559.79
"QQQ-IC-0DTE-HedgeB-S2","shortcallspread","-569 call, +571 call","QQQ","closed",27,0,0.19,0.09,-513,270,0.055249,0.526316,4887,"17.34273","0.096349","0.57894737","-0.21052632","2026-03-30 11:15:00","2026-03-30 11:04:00","2026-03-30 16:00:00","2026-03-30 11:01:03","2026-03-30 11:15:12","call side",564.55,562.65
"QQQ-IC-0DTE-HedgeC-S3","shortcallspread","-569 call, +571 call","QQQ","closed",27,0,0.19,0.09,-513,270,0.055249,0.526316,4887,"17.34273","0.096349","0.57894737","-0.21052632","2026-03-30 11:15:00","2026-03-30 11:04:00","2026-03-30 16:00:00","2026-03-30 11:01:03","2026-03-30 11:15:11","call side",564.55,562.65
"QQQ-IC-0DTE-HedgeA-S1","shortcallspread","-569 call, +571 call","QQQ","closed",27,0,0.19,0.09,-513,270,0.055249,0.526316,4887,"17.34273","0.096349","0.57894737","-0.21052632","2026-03-30 11:15:00","2026-03-30 11:04:00","2026-03-30 16:00:00","2026-03-30 11:01:03","2026-03-30 11:15:11","call side",564.55,562.65
"QQQ-IC-0DTE-HedgeTest","shortcallspread","-569 call, +571 call","QQQ","closed",27,0,0.19,0.09,-513,270,0.055249,0.526316,4887,"17.34273","0.096349","0.57894737","-0.21052632","2026-03-30 11:15:00","2026-03-30 11:04:00","2026-03-30 16:00:00","2026-03-30 11:01:03","2026-03-30 11:15:11","call side",564.55,562.65
"QQQ-IC-0DTE-HedgeD-Conditional","shortcallspread","-569 call, +571 call","QQQ","closed",27,0,0.19,0.09,-513,270,0.055249,0.526316,4887,"17.34273","0.096349","0.57894737","-0.21052632","2026-03-30 11:15:00","2026-03-30 11:04:00","2026-03-30 16:00:00","2026-03-30 11:01:03","2026-03-30 11:15:11","call side",564.55,562.65
"QQQ-IC-0DTE-HedgeB-S2","shortputspread","-560 put, +558 put","QQQ","closed",28,0,0.24,0.39,-672,-420,-0.085227,-0.625,4928,"22.70345","0.129734","0.16666667","-0.625","2026-03-30 11:05:00","2026-03-30 11:15:00","2026-03-30 16:00:00","2026-03-30 11:01:01","2026-03-30 11:15:02","put side",564.58,562.63
"QQQ-IC-0DTE-HedgeC-S3","shortputspread","-560 put, +558 put","QQQ","closed",28,0,0.24,0.4,-672,-448,-0.090909,-0.666667,4928,"22.70345","0.129734","0.16666667","-0.625","2026-03-30 11:05:00","2026-03-30 11:15:00","2026-03-30 16:00:00","2026-03-30 11:01:01","2026-03-30 11:15:01","put side",564.58,562.63
"QQQ-IC-0DTE-Raw-HoldToExp","shortcallspread","-572 call, +574 call","QQQ","expired",1,0,0.2,0,-20,20,0.111111,1,180,"19.34573","0.108077","1","-0.9","2026-03-27 15:32:00","2026-03-27 11:34:00","2026-03-27 16:00:00","2026-03-27 11:01:02","2026-03-27 16:15:00","call side",567.4,562.58
"QQQ-IC-0DTE-Raw-HoldToExp","shortputspread","-563 put, +561 put","QQQ","closed",1,0,0.22,0.85,-22,-63,-0.353933,-2.863636,178,"20.91457","0.118161","0.54545455","-3.72727273","2026-03-27 11:34:00","2026-03-27 15:47:00","2026-03-27 16:00:00","2026-03-27 11:01:01","2026-03-27 15:50:00","put side",567.41,562.35
"QQQ-IC-0DTE-Baseline","ironcondor","+559 put, -560 put, -567 call, +568 call","QQQ","closed",126,0,0.21,0.09,-2646,1512,0.151899,0.571429,9954,"20.08392","0.26083","0.66666667","-0.14285714","2026-03-27 15:08:00","2026-03-27 13:34:00","2026-03-27 16:00:00","2026-03-27 13:30:35","2026-03-27 15:08:32","",564.31,562.86
"QQQ-IC-0DTE-HedgeTest","shortcallspread","-572 call, +574 call","QQQ","closed",27,0,0.2,0.1,-540,270,0.055556,0.5,4860,"19.34573","0.108077","0.55","-0.9","2026-03-27 12:26:00","2026-03-27 11:34:00","2026-03-27 16:00:00","2026-03-27 11:01:02","2026-03-27 12:26:11","call side",567.4,566.79
"QQQ-IC-0DTE-HedgeD-Conditional","shortcallspread","-572 call, +574 call","QQQ","closed",27,0,0.2,0.1,-540,270,0.055556,0.5,4860,"19.34573","0.108077","0.55","-0.9","2026-03-27 12:26:00","2026-03-27 11:34:00","2026-03-27 16:00:00","2026-03-27 11:01:02","2026-03-27 12:26:11","call side",567.4,566.79
"QQQ-IC-0DTE-HedgeA-S1","shortcallspread","-572 call, +574 call","QQQ","closed",27,0,0.2,0.1,-540,270,0.055556,0.5,4860,"19.34573","0.108077","0.55","-0.9","2026-03-27 12:26:00","2026-03-27 11:34:00","2026-03-27 16:00:00","2026-03-27 11:01:02","2026-03-27 12:26:11","call side",567.4,566.79
"QQQ-IC-0DTE-HedgeD-Conditional","shortputspread","-563 put, +561 put","QQQ","closed",28,0,0.22,0.11,-616,308,0.061798,0.5,4984,"20.91457","0.118161","0.54545455","-0.36363636","2026-03-27 11:34:00","2026-03-27 11:18:00","2026-03-27 16:00:00","2026-03-27 11:01:01","2026-03-27 11:34:11","put side",567.41,569.52
"QQQ-IC-0DTE-HedgeTest","shortputspread","-563 put, +561 put","QQQ","closed",28,0,0.22,0.11,-616,308,0.061798,0.5,4984,"20.91457","0.118161","0.54545455","-0.36363636","2026-03-27 11:34:00","2026-03-27 11:18:00","2026-03-27 16:00:00","2026-03-27 11:01:01","2026-03-27 11:34:11","put side",567.41,569.52
"QQQ-IC-0DTE-HedgeC-S3","shortputspread","-563 put, +561 put","QQQ","closed",28,0,0.22,0.11,-616,308,0.061798,0.5,4984,"20.91457","0.118161","0.54545455","-0.36363636","2026-03-27 11:34:00","2026-03-27 11:18:00","2026-03-27 16:00:00","2026-03-27 11:01:01","2026-03-27 11:34:11","put side",567.41,569.52
"QQQ-IC-0DTE-HedgeB-S2","shortputspread","-563 put, +561 put","QQQ","closed",28,0,0.22,0.11,-616,308,0.061798,0.5,4984,"20.91457","0.118161","0.54545455","-0.36363636","2026-03-27 11:34:00","2026-03-27 11:18:00","2026-03-27 16:00:00","2026-03-27 11:01:01","2026-03-27 11:34:11","put side",567.41,569.52
"QQQ-IC-0DTE-HedgeA-S1","shortputspread","-563 put, +561 put","QQQ","closed",28,0,0.22,0.11,-616,308,0.061798,0.5,4984,"20.91457","0.118161","0.54545455","-0.36363636","2026-03-27 11:34:00","2026-03-27 11:18:00","2026-03-27 16:00:00","2026-03-27 11:01:01","2026-03-27 11:34:11","put side",567.41,569.52
"QQQ-IC-0DTE-HedgeC-S3","shortcallspread","-572 call, +574 call","QQQ","closed",27,0,0.2,0.35,-540,-405,-0.083333,-0.75,4860,"19.34573","0.108077","0.4","-0.7","2026-03-27 11:21:00","2026-03-27 11:31:00","2026-03-27 16:00:00","2026-03-27 11:01:02","2026-03-27 11:31:01","call side",567.4,568.9
"QQQ-IC-0DTE-HedgeB-S2","shortcallspread","-572 call, +574 call","QQQ","closed",27,0,0.2,0.35,-540,-405,-0.083333,-0.75,4860,"19.34573","0.108077","0.4","-0.7","2026-03-27 11:21:00","2026-03-27 11:31:00","2026-03-27 16:00:00","2026-03-27 11:01:02","2026-03-27 11:31:01","call side",567.4,568.9
"QQQ-IC-0DTE-Raw-HoldToExp","shortputspread","-577 put, +575 put","QQQ","closed",1,0,0.19,1.86,-19,-167,-0.922652,-8.789474,181,"18.39931","0.102218","0.42105263","-9","2026-03-26 11:53:00","2026-03-26 15:46:00","2026-03-26 16:00:00","2026-03-26 11:01:01","2026-03-26 15:50:01","put side",581.65,574.47
"QQQ-IC-0DTE-Raw-HoldToExp","shortcallspread","-586 call, +588 call","QQQ","closed",1,0,0.17,0.01,-17,16,0.087432,0.941176,183,"15.70313","0.086281","1","-0.05882353","2026-03-26 14:12:00","2026-03-26 11:01:03","2026-03-26 16:00:00","2026-03-26 11:01:03","2026-03-26 15:50:01","call side",581.66,574.47
"QQQ-IC-0DTE-Baseline","ironcondor","+572 put, -573 put, -581 call, +582 call","QQQ","closed",109,0,0.09,0.05,-981,436,0.043956,0.444444,9919,"9.786109","0.109956","0.55555556","-1","2026-03-26 15:02:00","2026-03-26 14:00:00","2026-03-26 16:00:00","2026-03-26 13:30:35","2026-03-26 15:50:01","",577.78,574.47
"QQQ-IC-0DTE-HedgeD-Conditional","shortputspread","-577 put, +575 put","QQQ","closed",27,0,0.19,1.05,-513,-2322,-0.475138,-4.526316,4887,"18.39931","0.102218","0.42105263","-4.42105263","2026-03-26 11:53:00","2026-03-26 13:55:00","2026-03-26 16:00:00","2026-03-26 11:01:01","2026-03-26 13:55:01","put side",581.65,575.86
"QQQ-IC-0DTE-HedgeTest","shortputspread","-577 put, +575 put","QQQ","closed",27,0,0.19,0.71,-513,-1404,-0.287293,-2.736842,4887,"18.39931","0.102218","0.42105263","-2.68421053","2026-03-26 11:53:00","2026-03-26 13:44:00","2026-03-26 16:00:00","2026-03-26 11:01:01","2026-03-26 13:45:07","put side",581.65,577.11
"QQQ-IC-0DTE-HedgeA-S1","shortputspread","-577 put, +575 put","QQQ","closed",27,0,0.19,0.71,-513,-1404,-0.287293,-2.736842,4887,"18.39931","0.102218","0.42105263","-2.68421053","2026-03-26 11:53:00","2026-03-26 13:44:00","2026-03-26 16:00:00","2026-03-26 11:01:01","2026-03-26 13:45:02","put side",581.65,576.97
"QQQ-IC-0DTE-HedgeTest","shortcallspread","-586 call, +588 call","QQQ","closed",27,0,0.17,0.07,-459,270,0.054645,0.588235,4941,"15.70313","0.086281","0.64705882","-0.05882353","2026-03-26 11:33:00","2026-03-26 11:01:03","2026-03-26 16:00:00","2026-03-26 11:01:03","2026-03-26 11:33:11","call side",581.66,580.34
"QQQ-IC-0DTE-HedgeB-S2","shortcallspread","-586 call, +588 call","QQQ","closed",27,0,0.17,0.07,-459,270,0.054645,0.588235,4941,"15.70313","0.086281","0.64705882","-0.05882353","2026-03-26 11:33:00","2026-03-26 11:01:03","2026-03-26 16:00:00","2026-03-26 11:01:03","2026-03-26 11:33:11","call side",581.66,580.34
"QQQ-IC-0DTE-HedgeA-S1","shortcallspread","-586 call, +588 call","QQQ","closed",27,0,0.17,0.07,-459,270,0.054645,0.588235,4941,"15.70313","0.086281","0.64705882","-0.05882353","2026-03-26 11:33:00","2026-03-26 11:01:03","2026-03-26 16:00:00","2026-03-26 11:01:03","2026-03-26 11:33:11","call side",581.66,580.34
"QQQ-IC-0DTE-HedgeD-Conditional","shortcallspread","-586 call, +588 call","QQQ","closed",27,0,0.17,0.07,-459,270,0.054645,0.588235,4941,"15.70313","0.086281","0.64705882","-0.05882353","2026-03-26 11:33:00","2026-03-26 11:01:03","2026-03-26 16:00:00","2026-03-26 11:01:03","2026-03-26 11:33:11","call side",581.66,580.34
"QQQ-IC-0DTE-HedgeC-S3","shortcallspread","-586 call, +588 call","QQQ","closed",27,0,0.17,0.07,-459,270,0.054645,0.588235,4941,"15.70313","0.086281","0.64705882","-0.05882353","2026-03-26 11:33:00","2026-03-26 11:01:03","2026-03-26 16:00:00","2026-03-26 11:01:03","2026-03-26 11:33:11","call side",581.66,580.34
"QQQ-IC-0DTE-HedgeC-S3","shortputspread","-577 put, +575 put","QQQ","closed",27,0,0.19,0.3,-513,-297,-0.060773,-0.578947,4887,"18.39931","0.102218","0.10526316","-0.52631579","2026-03-26 11:02:00","2026-03-26 11:32:00","2026-03-26 16:00:00","2026-03-26 11:01:01","2026-03-26 11:32:01","put side",581.65,580.2
"QQQ-IC-0DTE-HedgeB-S2","shortputspread","-577 put, +575 put","QQQ","closed",27,0,0.19,0.22,-513,-81,-0.016575,-0.157895,4887,"18.39931","0.102218","0.10526316","-0.26315789","2026-03-26 11:02:00","2026-03-26 11:18:00","2026-03-26 16:00:00","2026-03-26 11:01:01","2026-03-26 11:30:01","put side",581.65,580.85
"QQQ-IC-0DTE-Raw-HoldToExp","shortputspread","-586 put, +584 put","QQQ","closed",1,0,0.21,0.13,-21,8,0.044693,0.380952,179,"18.98051","0.106632","0.66666667","-2.85714286","2026-03-25 14:17:00","2026-03-25 11:18:00","2026-03-25 16:00:00","2026-03-25 11:01:01","2026-03-25 15:50:00","put side",590.14,587.06
"QQQ-IC-0DTE-Raw-HoldToExp","shortcallspread","-595 call, +597 call","QQQ","closed",1,0,0.09,0.01,-9,8,0.041885,0.888889,191,"8.64191","0.045484","1","-0.44444444","2026-03-25 14:32:00","2026-03-25 11:04:00","2026-03-25 16:00:00","2026-03-25 11:01:02","2026-03-25 15:50:00","call side",590.12,587.06
"QQQ-IC-0DTE-Baseline","ironcondor","+584 put, -585 put, -592 call, +593 call","QQQ","closed",112,0,0.11,0.05,-1232,672,0.067416,0.545455,9968,"10.751178","0.123577","0.72727273","-0.72727273","2026-03-25 15:23:00","2026-03-25 13:44:00","2026-03-25 16:00:00","2026-03-25 13:30:34","2026-03-25 15:23:33","",589.09,587.81
"QQQ-IC-0DTE-HedgeD-Conditional","shortputspread","-586 put, +584 put","QQQ","closed",27,0,0.21,0.09,-567,324,0.067039,0.571429,4833,"18.98051","0.106632","0.61904762","-2.85714286","2026-03-25 13:44:00","2026-03-25 11:18:00","2026-03-25 16:00:00","2026-03-25 11:01:01","2026-03-25 13:44:11","put side",590.14,590.17
"QQQ-IC-0DTE-Range075-PT50-Wide2-1230PM","shortputspread","-584 put, +582 put","QQQ","closed",1,0,0.1,0.05,-10,5,0.026316,0.5,190,"10.47161","0.055405","0.6","-0.1","2026-03-25 13:36:00","2026-03-25 13:06:01","2026-03-25 16:00:00","2026-03-25 13:06:01","2026-03-25 13:36:11","put side",588.1,589.34
"QQQ-IC-0DTE-HedgeTest","shortcallspread","-595 call, +597 call","QQQ","closed",26,0,0.09,0.04,-234,130,0.026178,0.555556,4966,"8.64191","0.045484","0.66666667","-0.44444444","2026-03-25 11:18:00","2026-03-25 11:04:00","2026-03-25 16:00:00","2026-03-25 11:01:02","2026-03-25 11:18:11","call side",590.12,585.91
"QQQ-IC-0DTE-HedgeD-Conditional","shortcallspread","-595 call, +597 call","QQQ","closed",26,0,0.09,0.04,-234,130,0.026178,0.555556,4966,"8.64191","0.045484","0.66666667","-0.44444444","2026-03-25 11:18:00","2026-03-25 11:04:00","2026-03-25 16:00:00","2026-03-25 11:01:02","2026-03-25 11:18:11","call side",590.12,585.91
"QQQ-IC-0DTE-HedgeC-S3","shortcallspread","-595 call, +597 call","QQQ","closed",26,0,0.09,0.04,-234,130,0.026178,0.555556,4966,"8.64191","0.045484","0.66666667","-0.44444444","2026-03-25 11:18:00","2026-03-25 11:04:00","2026-03-25 16:00:00","2026-03-25 11:01:02","2026-03-25 11:18:11","call side",590.12,585.91
"QQQ-IC-0DTE-HedgeB-S2","shortcallspread","-595 call, +597 call","QQQ","closed",26,0,0.09,0.04,-234,130,0.026178,0.555556,4966,"8.64191","0.045484","0.66666667","-0.44444444","2026-03-25 11:18:00","2026-03-25 11:04:00","2026-03-25 16:00:00","2026-03-25 11:01:02","2026-03-25 11:18:11","call side",590.12,585.91
"QQQ-IC-0DTE-HedgeA-S1","shortcallspread","-595 call, +597 call","QQQ","closed",26,0,0.09,0.04,-234,130,0.026178,0.555556,4966,"8.64191","0.045484","0.66666667","-0.44444444","2026-03-25 11:18:00","2026-03-25 11:04:00","2026-03-25 16:00:00","2026-03-25 11:01:02","2026-03-25 11:18:11","call side",590.12,585.91
"QQQ-IC-0DTE-HedgeTest","shortputspread","-586 put, +584 put","QQQ","closed",27,0,0.21,0.81,-567,-1620,-0.335196,-2.857143,4833,"18.98051","0.106632","0.04761905","-2.85714286","2026-03-25 11:02:00","2026-03-25 11:18:00","2026-03-25 16:00:00","2026-03-25 11:01:01","2026-03-25 11:18:00","put side",590.14,585.73
"QQQ-IC-0DTE-HedgeA-S1","shortputspread","-586 put, +584 put","QQQ","closed",27,0,0.21,0.86,-567,-1755,-0.363128,-3.095238,4833,"18.98051","0.106632","0.04761905","-2.85714286","2026-03-25 11:02:00","2026-03-25 11:18:00","2026-03-25 16:00:00","2026-03-25 11:01:01","2026-03-25 11:18:00","put side",590.14,585.73
"QQQ-IC-0DTE-HedgeB-S2","shortputspread","-586 put, +584 put","QQQ","closed",27,0,0.21,0.45,-567,-648,-0.134078,-1.142857,4833,"18.98051","0.106632","0.04761905","-1","2026-03-25 11:02:00","2026-03-25 11:15:00","2026-03-25 16:00:00","2026-03-25 11:01:01","2026-03-25 11:15:01","put side",590.14,588.03
"QQQ-IC-0DTE-HedgeC-S3","shortputspread","-586 put, +584 put","QQQ","closed",27,0,0.21,0.35,-567,-378,-0.078212,-0.666667,4833,"18.98051","0.106632","0.04761905","-0.61904762","2026-03-25 11:02:00","2026-03-25 11:10:00","2026-03-25 16:00:00","2026-03-25 11:01:01","2026-03-25 11:10:00","put side",590.14,588.85
"QQQ-IC-0DTE-Fortress-NoPT50","shortcallspread","-588 call, +590 call","QQQ","closed",26,0,0.08,0.01,-208,182,0.036458,0.875,4992,"9.82154","0.051692","1","-3.875","2026-03-24 15:46:00","2026-03-24 14:41:00","2026-03-24 16:00:00","2026-03-24 13:56:02","2026-03-24 15:50:00","call side",584.1,584.17
"QQQ-IC-0DTE-Raw-HoldToExp","shortputspread","-581 put, +579 put","QQQ","closed",1,0,0.13,0.02,-13,11,0.058824,0.846154,187,"12.98288","0.0698","1","-1.84615385","2026-03-24 15:42:00","2026-03-24 13:18:00","2026-03-24 16:00:00","2026-03-24 12:07:01","2026-03-24 15:50:00","put side",585.34,584.17
"QQQ-IC-0DTE-Fortress-NoPT50","shortputspread","-580 put, +578 put","QQQ","closed",26,0,0.09,0.01,-234,208,0.041885,0.888889,4966,"9.69097","0.051005","1","-1.11111111","2026-03-24 15:20:00","2026-03-24 13:45:00","2026-03-24 16:00:00","2026-03-24 13:31:01","2026-03-24 15:50:00","put side",584.01,584.17
"QQQ-IC-0DTE-Raw-HoldToExp","shortcallspread","-590 call, +592 call","QQQ","closed",1,0,0.08,0.01,-8,7,0.036458,0.875,192,"8.15184","0.04268","1","-1.25","2026-03-24 15:29:00","2026-03-24 12:23:00","2026-03-24 16:00:00","2026-03-24 12:08:01","2026-03-24 15:50:00","call side",585.51,584.17
"QQQ-IC-0DTE-Range075-PT50-Wide2-1230PM","shortcallspread","-591 call, +593 call","QQQ","closed",1,0,0.07,0.01,-7,6,0.031088,0.857143,193,"7.33805","0.038219","1","-0.14285714","2026-03-24 15:26:00","2026-03-24 12:33:02","2026-03-24 16:00:00","2026-03-24 12:33:02","2026-03-24 15:50:00","call side",586.58,584.17
"QQQ-IC-0DTE-Baseline","ironcondor","+578 put, -579 put, -586 call, +587 call","QQQ","closed",120,0,0.17,0.07,-2040,1200,0.120482,0.588235,9960,"15.697102","0.193791","0.70588235","-2.64705882","2026-03-24 15:45:00","2026-03-24 14:41:00","2026-03-24 16:00:00","2026-03-24 13:30:34","2026-03-24 15:45:32","",583.5,584.18
"QQQ-IC-0DTE-Range075-PT50-Wide2-155PM","shortcallspread","-588 call, +590 call","QQQ","closed",1,0,0.1,0.04,-10,6,0.031579,0.6,190,"9.82154","0.051692","0.7","-2.9","2026-03-24 15:27:00","2026-03-24 14:41:00","2026-03-24 16:00:00","2026-03-24 13:56:02","2026-03-24 15:27:11","call side",584.1,585.57
"QQQ-IC-0DTE-Fortress","shortcallspread","-588 call, +590 call","QQQ","closed",26,0,0.08,0.04,-208,104,0.020833,0.5,4992,"9.82154","0.051692","0.625","-3.875","2026-03-24 15:27:00","2026-03-24 14:41:00","2026-03-24 16:00:00","2026-03-24 13:56:02","2026-03-24 15:27:11","call side",584.1,585.57
"QQQ-IC-0DTE-Range075-PT50-Wide2-1230PM","shortputspread","-582 put, +580 put","QQQ","closed",1,0,0.11,0.05,-11,6,0.031746,0.545455,189,"11.31884","0.060207","0.63636364","-4","2026-03-24 14:39:00","2026-03-24 13:18:00","2026-03-24 16:00:00","2026-03-24 12:31:01","2026-03-24 14:39:11","put side",586.37,586.32
"QQQ-IC-0DTE-Fortress","shortputspread","-580 put, +578 put","QQQ","closed",26,0,0.09,0.04,-234,130,0.026178,0.555556,4966,"9.69097","0.051005","0.66666667","-1.11111111","2026-03-24 14:32:00","2026-03-24 13:45:00","2026-03-24 16:00:00","2026-03-24 13:31:01","2026-03-24 14:32:11","put side",584.01,585.66
"QQQ-IC-0DTE-Range075-PT50-Wide2-155PM","shortputspread","-580 put, +578 put","QQQ","closed",1,0,0.1,0.04,-10,6,0.031579,0.6,190,"9.86142","0.051902","0.7","0","2026-03-24 14:28:00","2026-03-24 13:56:01","2026-03-24 16:00:00","2026-03-24 13:56:01","2026-03-24 14:28:11","put side",584.04,584.85
"QQQ-IC-0DTE-HedgeA-S1","shortcallspread","-590 call, +592 call","QQQ","closed",28,0,0.27,0.13,-756,392,0.080925,0.518519,4844,"25.65504","0.149157","0.55555556","-0.62962963","2026-03-24 12:02:00","2026-03-24 11:26:00","2026-03-24 16:00:00","2026-03-24 11:01:02","2026-03-24 12:02:10","call side",585.72,585.61
"QQQ-IC-0DTE-HedgeD-Conditional","shortcallspread","-590 call, +592 call","QQQ","closed",28,0,0.27,0.13,-756,392,0.080925,0.518519,4844,"25.65504","0.149157","0.55555556","-0.62962963","2026-03-24 12:02:00","2026-03-24 11:26:00","2026-03-24 16:00:00","2026-03-24 11:01:02","2026-03-24 12:02:10","call side",585.72,585.61
"QQQ-IC-0DTE-HedgeTest","shortcallspread","-590 call, +592 call","QQQ","closed",28,0,0.27,0.13,-756,392,0.080925,0.518519,4844,"25.65504","0.149157","0.55555556","-0.62962963","2026-03-24 12:02:00","2026-03-24 11:26:00","2026-03-24 16:00:00","2026-03-24 11:01:02","2026-03-24 12:02:10","call side",585.72,585.61
"QQQ-IC-0DTE-HedgeC-S3","shortcallspread","-590 call, +592 call","QQQ","closed",28,0,0.27,0.45,-756,-504,-0.104046,-0.666667,4844,"25.65504","0.149157","0.18518519","-0.62962963","2026-03-24 11:11:00","2026-03-24 11:26:00","2026-03-24 16:00:00","2026-03-24 11:01:02","2026-03-24 11:26:01","call side",585.72,587.86
"QQQ-IC-0DTE-HedgeC-S3","shortputspread","-581 put, +579 put","QQQ","closed",28,0,0.25,0.12,-700,364,0.074286,0.52,4900,"24.54576","0.141068","0.56","-0.04","2026-03-24 11:23:00","2026-03-24 11:01:01","2026-03-24 16:00:00","2026-03-24 11:01:01","2026-03-24 11:23:11","put side",585.78,586.97
"QQQ-IC-0DTE-HedgeA-S1","shortputspread","-581 put, +579 put","QQQ","closed",28,0,0.25,0.12,-700,364,0.074286,0.52,4900,"24.54576","0.141068","0.56","-0.04","2026-03-24 11:23:00","2026-03-24 11:01:01","2026-03-24 16:00:00","2026-03-24 11:01:01","2026-03-24 11:23:11","put side",585.78,586.97
"QQQ-IC-0DTE-HedgeTest","shortputspread","-581 put, +579 put","QQQ","closed",28,0,0.25,0.12,-700,364,0.074286,0.52,4900,"24.54576","0.141068","0.56","-0.04","2026-03-24 11:23:00","2026-03-24 11:01:01","2026-03-24 16:00:00","2026-03-24 11:01:01","2026-03-24 11:23:11","put side",585.78,586.97
"QQQ-IC-0DTE-HedgeD-Conditional","shortputspread","-581 put, +579 put","QQQ","closed",28,0,0.25,0.12,-700,364,0.074286,0.52,4900,"24.54576","0.141068","0.56","-0.04","2026-03-24 11:23:00","2026-03-24 11:01:01","2026-03-24 16:00:00","2026-03-24 11:01:01","2026-03-24 11:23:11","put side",585.78,586.97
"QQQ-IC-0DTE-HedgeB-S2","shortputspread","-581 put, +579 put","QQQ","closed",28,0,0.25,0.12,-700,364,0.074286,0.52,4900,"24.54576","0.141068","0.56","-0.04","2026-03-24 11:23:00","2026-03-24 11:01:01","2026-03-24 16:00:00","2026-03-24 11:01:01","2026-03-24 11:23:11","put side",585.78,586.97
"QQQ-IC-0DTE-HedgeB-S2","shortcallspread","-590 call, +592 call","QQQ","closed",28,0,0.27,0.36,-756,-252,-0.052023,-0.333333,4844,"25.65504","0.149157","0.18518519","-0.2962963","2026-03-24 11:11:00","2026-03-24 11:23:00","2026-03-24 16:00:00","2026-03-24 11:01:02","2026-03-24 11:23:01","call side",585.72,587.18
"QQQ-IC-0DTE-Baseline","ironcondor","+582 put, -583 put, -590 call, +591 call","QQQ","closed",120,0,0.17,0.5,-2040,-3960,-0.39759,-1.941176,9960,"17.052683","0.210527","-0.17647059","-2.88235294","2026-03-23 13:31:00","2026-03-23 14:38:00","2026-03-23 16:00:00","2026-03-23 13:30:34","2026-03-23 15:50:11","",587.24,589.74
"QQQ-IC-0DTE-HedgeD-Conditional","shortputspread","-589 put, +587 put","QQQ","closed",27,0,0.18,1.01,-486,-2241,-0.456044,-4.611111,4914,"17.66603","0.097602","0.33333333","-4.38888889","2026-03-23 11:03:00","2026-03-23 11:59:00","2026-03-23 16:00:00","2026-03-23 11:01:01","2026-03-23 11:59:01","put side",593.56,587.54
"QQQ-IC-0DTE-HedgeTest","shortputspread","-589 put, +587 put","QQQ","closed",27,0,0.18,0.76,-486,-1566,-0.318681,-3.222222,4914,"17.66603","0.097602","0.33333333","-3.16666667","2026-03-23 11:03:00","2026-03-23 11:56:00","2026-03-23 16:00:00","2026-03-23 11:01:01","2026-03-23 11:56:00","put side",593.56,588.89
"QQQ-IC-0DTE-HedgeA-S1","shortputspread","-589 put, +587 put","QQQ","closed",27,0,0.18,0.78,-486,-1620,-0.32967,-3.333333,4914,"17.66603","0.097602","0.33333333","-3.16666667","2026-03-23 11:03:00","2026-03-23 11:56:00","2026-03-23 16:00:00","2026-03-23 11:01:01","2026-03-23 11:56:00","put side",593.56,588.89
"QQQ-IC-0DTE-HedgeB-S2","shortcallspread","-598 call, +600 call","QQQ","closed",26,0,0.11,0.05,-286,156,0.031746,0.545455,4914,"10.30131","0.054794","0.63636364","-1.09090909","2026-03-23 11:40:00","2026-03-23 11:03:00","2026-03-23 16:00:00","2026-03-23 11:01:03","2026-03-23 11:40:12","call side",593.6,591.69
"QQQ-IC-0DTE-HedgeTest","shortcallspread","-598 call, +600 call","QQQ","closed",26,0,0.11,0.05,-286,156,0.031746,0.545455,4914,"10.30131","0.054794","0.63636364","-1.09090909","2026-03-23 11:40:00","2026-03-23 11:03:00","2026-03-23 16:00:00","2026-03-23 11:01:03","2026-03-23 11:40:12","call side",593.6,591.69
"QQQ-IC-0DTE-HedgeD-Conditional","shortcallspread","-598 call, +600 call","QQQ","closed",26,0,0.11,0.05,-286,156,0.031746,0.545455,4914,"10.30131","0.054794","0.63636364","-1.09090909","2026-03-23 11:40:00","2026-03-23 11:03:00","2026-03-23 16:00:00","2026-03-23 11:01:03","2026-03-23 11:40:12","call side",593.6,591.69
"QQQ-IC-0DTE-HedgeA-S1","shortcallspread","-598 call, +600 call","QQQ","closed",26,0,0.11,0.05,-286,156,0.031746,0.545455,4914,"10.30131","0.054794","0.63636364","-1.09090909","2026-03-23 11:40:00","2026-03-23 11:03:00","2026-03-23 16:00:00","2026-03-23 11:01:03","2026-03-23 11:40:12","call side",593.6,591.69
"QQQ-IC-0DTE-HedgeB-S2","shortputspread","-589 put, +587 put","QQQ","closed",27,0,0.18,0.29,-486,-297,-0.06044,-0.611111,4914,"17.66603","0.097602","0.33333333","-0.55555556","2026-03-23 11:03:00","2026-03-23 11:37:00","2026-03-23 16:00:00","2026-03-23 11:01:01","2026-03-23 11:37:01","put side",593.56,592.09
"QQQ-IC-0DTE-HedgeC-S3","shortputspread","-589 put, +587 put","QQQ","closed",27,0,0.18,0.29,-486,-297,-0.06044,-0.611111,4914,"17.66603","0.097602","0.33333333","-0.55555556","2026-03-23 11:03:00","2026-03-23 11:37:00","2026-03-23 16:00:00","2026-03-23 11:01:01","2026-03-23 11:37:01","put side",593.56,592.09
"QQQ-IC-0DTE-HedgeC-S3","shortcallspread","-598 call, +600 call","QQQ","closed",26,0,0.11,0.24,-286,-338,-0.068783,-1.181818,4914,"10.30131","0.054794","-0.09090909","-1.09090909","2026-03-23 11:01:03","2026-03-23 11:03:00","2026-03-23 16:00:00","2026-03-23 11:01:03","2026-03-23 11:03:01","call side",593.6,594.76
"QQQ-IC-0DTE-Baseline","ironcondor","+580 put, -581 put, -588 call, +589 call","QQQ","closed",117,0,0.15,0.72,-1755,-6669,-0.670588,-3.8,9945,"14.768583","0.177935","0.2","-4.2","2026-03-20 14:01:00","2026-03-20 15:38:00","2026-03-20 16:00:00","2026-03-20 13:30:34","2026-03-20 15:50:00","",585.05,579.92
"QQQ-IC-0DTE-HedgeD-Conditional","shortputspread","-583 put, +581 put","QQQ","closed",28,0,0.24,1.04,-672,-2240,-0.454545,-3.333333,4928,"21.30696","0.121754","0.5","-3.25","2026-03-20 12:12:00","2026-03-20 14:37:00","2026-03-20 16:00:00","2026-03-20 11:01:00","2026-03-20 14:37:00","put side",587.01,581.92
"QQQ-IC-0DTE-HedgeTest","shortputspread","-583 put, +581 put","QQQ","closed",28,0,0.24,0.91,-672,-1876,-0.380682,-2.791667,4928,"21.30696","0.121754","0.5","-2.75","2026-03-20 12:12:00","2026-03-20 14:23:00","2026-03-20 16:00:00","2026-03-20 11:01:00","2026-03-20 14:23:06","put side",587.01,582.47
"QQQ-IC-0DTE-HedgeA-S1","shortputspread","-583 put, +581 put","QQQ","closed",28,0,0.24,0.91,-672,-1876,-0.380682,-2.791667,4928,"21.30696","0.121754","0.5","-2.75","2026-03-20 12:12:00","2026-03-20 14:23:00","2026-03-20 16:00:00","2026-03-20 11:01:00","2026-03-20 14:23:01","put side",587.01,582.28
"QQQ-IC-0DTE-HedgeD-Conditional","shortcallspread","-591 call, +593 call","QQQ","closed",28,0,0.22,0.11,-616,308,0.061798,0.5,4984,"19.3494","0.109319","0.54545455","-0.27272727","2026-03-20 11:41:00","2026-03-20 11:24:00","2026-03-20 16:00:00","2026-03-20 11:01:01","2026-03-20 11:41:11","call side",586.98,585.99
"QQQ-IC-0DTE-HedgeC-S3","shortcallspread","-591 call, +593 call","QQQ","closed",28,0,0.22,0.11,-616,308,0.061798,0.5,4984,"19.3494","0.109319","0.54545455","-0.27272727","2026-03-20 11:41:00","2026-03-20 11:24:00","2026-03-20 16:00:00","2026-03-20 11:01:01","2026-03-20 11:41:11","call side",586.98,585.99
"QQQ-IC-0DTE-HedgeB-S2","shortcallspread","-591 call, +593 call","QQQ","closed",28,0,0.22,0.11,-616,308,0.061798,0.5,4984,"19.3494","0.109319","0.54545455","-0.27272727","2026-03-20 11:41:00","2026-03-20 11:24:00","2026-03-20 16:00:00","2026-03-20 11:01:01","2026-03-20 11:41:11","call side",586.98,585.99
"QQQ-IC-0DTE-HedgeTest","shortcallspread","-591 call, +593 call","QQQ","closed",28,0,0.22,0.11,-616,308,0.061798,0.5,4984,"19.3494","0.109319","0.54545455","-0.27272727","2026-03-20 11:41:00","2026-03-20 11:24:00","2026-03-20 16:00:00","2026-03-20 11:01:01","2026-03-20 11:41:11","call side",586.98,585.99
"QQQ-IC-0DTE-HedgeA-S1","shortcallspread","-591 call, +593 call","QQQ","closed",28,0,0.22,0.11,-616,308,0.061798,0.5,4984,"19.3494","0.109319","0.54545455","-0.27272727","2026-03-20 11:41:00","2026-03-20 11:24:00","2026-03-20 16:00:00","2026-03-20 11:01:01","2026-03-20 11:41:11","call side",586.98,585.99
"QQQ-IC-0DTE-HedgeB-S2","shortputspread","-583 put, +581 put","QQQ","closed",28,0,0.24,0.34,-672,-280,-0.056818,-0.416667,4928,"21.30696","0.121754","0.08333333","-0.83333333","2026-03-20 11:24:00","2026-03-20 11:09:00","2026-03-20 16:00:00","2026-03-20 11:01:00","2026-03-20 11:41:00","put side",587.01,585.84
"QQQ-IC-0DTE-HedgeC-S3","shortputspread","-583 put, +581 put","QQQ","closed",28,0,0.24,0.39,-672,-420,-0.085227,-0.625,4928,"21.30696","0.121754","-0.04166667","-0.58333333","2026-03-20 11:01:00","2026-03-20 11:03:00","2026-03-20 16:00:00","2026-03-20 11:01:00","2026-03-20 11:03:00","put side",587.01,585.87
"QQQ-IC-0DTE-Range075-PT50","shortputspread","-591 put, +590 put","QQQ","closed",1,0,0.09,0.04,-9,5,0.054945,0.555556,91,"7.89406","0.085805","0.66666667","-0.33333333","2026-03-19 15:44:00","2026-03-19 15:14:00","2026-03-19 16:00:00","2026-03-19 15:07:01","2026-03-19 15:44:11","put side",595.47,593.59
"QQQ-IC-0DTE-Range075-PT50-Wide2-155PM","shortputspread","-591 put, +589 put","QQQ","closed",1,0,0.1,0.05,-10,5,0.026316,0.5,190,"9.7901","0.051527","0.6","-1.2","2026-03-19 15:44:00","2026-03-19 15:36:00","2026-03-19 16:00:00","2026-03-19 15:15:02","2026-03-19 15:44:11","put side",594.91,593.59
"QQQ-IC-0DTE-VIX25-Range075-PT50","shortputspread","-591 put, +590 put","QQQ","closed",1,0,0.09,0.04,-9,5,0.054945,0.555556,91,"7.89406","0.085805","0.66666667","-0.33333333","2026-03-19 15:44:00","2026-03-19 15:14:00","2026-03-19 16:00:00","2026-03-19 15:07:02","2026-03-19 15:44:11","put side",595.47,593.59
"QQQ-IC-0DTE-Fortress","shortcallspread","-597 call, +599 call","QQQ","closed",25,0,0.07,0.03,-175,100,0.020725,0.571429,4825,"7.72087","0.040213","0.71428571","-5.71428571","2026-03-19 15:36:00","2026-03-19 15:07:00","2026-03-19 16:00:00","2026-03-19 15:02:02","2026-03-19 15:36:11","call side",593.03,592.57
"QQQ-IC-0DTE-Range075-PT50-Wide2-155PM","shortcallspread","-598 call, +600 call","QQQ","closed",1,0,0.08,0.03,-8,5,0.026042,0.625,192,"7.73663","0.040295","0.75","-2.75","2026-03-19 15:27:00","2026-03-19 15:07:00","2026-03-19 16:00:00","2026-03-19 15:06:02","2026-03-19 15:27:11","call side",594.03,593.2
"QQQ-IC-0DTE-Fortress","shortputspread","-589 put, +587 put","QQQ","closed",25,0,0.07,0.03,-175,100,0.020725,0.571429,4825,"7.77122","0.040475","0.71428571","-0.14285714","2026-03-19 15:15:00","2026-03-19 15:03:01","2026-03-19 16:00:00","2026-03-19 15:03:01","2026-03-19 15:15:11","put side",593.39,595.11
"QQQ-IC-0DTE-Baseline","ironcondor","+585 put, -586 put, -593 call, +594 call","QQQ","closed",113,0,0.12,0.06,-1356,678,0.068182,0.5,9944,"11.135879","0.129487","0.66666667","-0.91666667","2026-03-19 14:46:00","2026-03-19 14:14:00","2026-03-19 16:00:00","2026-03-19 13:30:34","2026-03-19 14:46:32","",590.09,589.56
"QQQ-IC-0DTE-HedgeB-S2","shortputspread","-587 put, +585 put","QQQ","closed",28,0,0.23,0.09,-644,392,0.079096,0.608696,4956,"20.18927","0.114712","0.65217391","-1","2026-03-19 13:55:00","2026-03-19 11:37:00","2026-03-19 16:00:00","2026-03-19 11:01:01","2026-03-19 13:55:11","put side",591.12,590.44
"QQQ-IC-0DTE-HedgeD-Conditional","shortputspread","-587 put, +585 put","QQQ","closed",28,0,0.23,0.09,-644,392,0.079096,0.608696,4956,"20.18927","0.114712","0.65217391","-1","2026-03-19 13:55:00","2026-03-19 11:37:00","2026-03-19 16:00:00","2026-03-19 11:01:01","2026-03-19 13:55:11","put side",591.12,590.44
"QQQ-IC-0DTE-HedgeA-S1","shortputspread","-587 put, +585 put","QQQ","closed",28,0,0.23,0.09,-644,392,0.079096,0.608696,4956,"20.18927","0.114712","0.65217391","-1","2026-03-19 13:55:00","2026-03-19 11:37:00","2026-03-19 16:00:00","2026-03-19 11:01:01","2026-03-19 13:55:10","put side",591.12,590.44
"QQQ-IC-0DTE-HedgeTest","shortputspread","-587 put, +585 put","QQQ","closed",28,0,0.23,0.09,-644,392,0.079096,0.608696,4956,"20.18927","0.114712","0.65217391","-1","2026-03-19 13:55:00","2026-03-19 11:37:00","2026-03-19 16:00:00","2026-03-19 11:01:01","2026-03-19 13:55:10","put side",591.12,590.44
"QQQ-IC-0DTE-HedgeA-S1","shortcallspread","-596 call, +598 call","QQQ","closed",27,0,0.16,0.07,-432,243,0.048913,0.5625,4968,"15.079","0.082399","0.625","-1.1875","2026-03-19 11:34:00","2026-03-19 11:07:00","2026-03-19 16:00:00","2026-03-19 11:01:03","2026-03-19 11:34:11","call side",591.16,589.57
"QQQ-IC-0DTE-HedgeD-Conditional","shortcallspread","-596 call, +598 call","QQQ","closed",27,0,0.16,0.07,-432,243,0.048913,0.5625,4968,"15.079","0.082399","0.625","-1.1875","2026-03-19 11:34:00","2026-03-19 11:07:00","2026-03-19 16:00:00","2026-03-19 11:01:03","2026-03-19 11:34:11","call side",591.16,589.57
"QQQ-IC-0DTE-HedgeTest","shortcallspread","-596 call, +598 call","QQQ","closed",27,0,0.16,0.07,-432,243,0.048913,0.5625,4968,"15.079","0.082399","0.625","-1.1875","2026-03-19 11:34:00","2026-03-19 11:07:00","2026-03-19 16:00:00","2026-03-19 11:01:03","2026-03-19 11:34:11","call side",591.16,589.57
"QQQ-IC-0DTE-HedgeB-S2","shortcallspread","-596 call, +598 call","QQQ","closed",27,0,0.16,0.07,-432,243,0.048913,0.5625,4968,"15.079","0.082399","0.625","-1.1875","2026-03-19 11:34:00","2026-03-19 11:07:00","2026-03-19 16:00:00","2026-03-19 11:01:03","2026-03-19 11:34:11","call side",591.16,589.57
"QQQ-IC-0DTE-HedgeC-S3","shortputspread","-587 put, +585 put","QQQ","closed",28,0,0.23,0.38,-644,-420,-0.084746,-0.652174,4956,"20.18927","0.114712","0.39130435","-0.60869565","2026-03-19 11:07:00","2026-03-19 11:32:00","2026-03-19 16:00:00","2026-03-19 11:01:01","2026-03-19 11:32:01","put side",591.12,589.62
"QQQ-IC-0DTE-HedgeC-S3","shortcallspread","-596 call, +598 call","QQQ","closed",27,0,0.16,0.32,-432,-432,-0.086957,-1,4968,"15.079","0.082399","0.125","-0.9375","2026-03-19 11:03:00","2026-03-19 11:06:00","2026-03-19 16:00:00","2026-03-19 11:01:03","2026-03-19 11:06:00","call side",591.16,592.75
"QQQ-IC-0DTE-Baseline","ironcondor","+594 put, -595 put, -602 call, +603 call","QQQ","expired",153,0,0.35,0.1,-5355,3825,0.384615,0.714286,9945,"33.478952","0.531412","0.82857143","-0.14285714","2026-03-18 15:35:00","2026-03-18 13:48:00","2026-03-18 16:00:00","2026-03-18 13:30:34","2026-03-18 16:15:00","",599.16,594.9
"QQQ-IC-0DTE-HedgeTest","shortputspread","-596 put, +594 put","QQQ","closed",28,0,0.22,0.62,-616,-1120,-0.224719,-1.818182,4984,"21.0359","0.118847","0.45454545","-1.77272727","2026-03-18 14:05:00","2026-03-18 15:42:00","2026-03-18 16:00:00","2026-03-18 11:01:00","2026-03-18 15:42:00","put side",600.95,595.78
"QQQ-IC-0DTE-Fortress","shortcallspread","-603 call, +605 call","QQQ","closed",28,0,0.23,0.11,-644,336,0.067797,0.521739,4956,"23.41783","0.133056","0.56521739","-0.73913043","2026-03-18 14:38:00","2026-03-18 14:01:00","2026-03-18 16:00:00","2026-03-18 13:31:02","2026-03-18 14:38:11","call side",598.91,599.03
"QQQ-IC-0DTE-Fortress","shortputspread","-594 put, +592 put","QQQ","closed",27,0,0.18,0.07,-486,297,0.06044,0.611111,4914,"18.87519","0.104283","0.66666667","-0.05555556","2026-03-18 14:01:00","2026-03-18 13:31:00","2026-03-18 16:00:00","2026-03-18 13:31:01","2026-03-18 14:01:12","put side",598.91,600.92
"QQQ-IC-0DTE-HedgeTest","shortcallspread","-605 call, +607 call","QQQ","closed",29,0,0.29,0.14,-841,435,0.087719,0.517241,4959,"25.01495","0.147147","0.55172414","-0.24137931","2026-03-18 13:03:00","2026-03-18 11:08:00","2026-03-18 16:00:00","2026-03-18 11:01:02","2026-03-18 13:03:11","call side",600.97,598.99
"QQQ-IC-0DTE-Fortress","shortcallspread","-608 call, +610 call","QQQ","expired",25,0,0.01,0,-25,25,0.005025,1,4975,"0.52692","0.002648","1","0","2026-03-17 13:47:00","2026-03-17 13:31:02","2026-03-17 16:00:00","2026-03-17 13:31:02","2026-03-17 16:15:00","call side",603.63,603.31
"QQQ-IC-0DTE-Baseline","ironcondor","+598 put, -599 put, -607 call, +608 call","QQQ","expired",101,0,0.01,0,-101,101,0.010101,1,9999,"1.176693","0.012131","1","-2","2026-03-17 14:53:00","2026-03-17 13:30:33","2026-03-17 16:00:00","2026-03-17 13:30:33","2026-03-17 16:15:00","",603.55,603.31
"QQQ-IC-0DTE-Fortress","shortputspread","-599 put, +597 put","QQQ","closed",25,0,0.02,0.01,-50,25,0.005051,0.5,4950,"2.70417","0.013727","1","-0.5","2026-03-17 15:20:00","2026-03-17 13:31:00","2026-03-17 16:00:00","2026-03-17 13:31:00","2026-03-17 15:20:00","put side",603.61,603.45
"QQQ-IC-0DTE-HedgeTest","shortcallspread","-610 call, +612 call","QQQ","closed",25,0,0.02,0.01,-50,25,0.005051,0.5,4950,"0.49348","0.002505","1","-0.5","2026-03-17 13:52:00","2026-03-17 11:01:01","2026-03-17 16:00:00","2026-03-17 11:01:01","2026-03-17 13:52:00","call side",605.08,603.49
"QQQ-IC-0DTE-HedgeTest","shortputspread","-601 put, +599 put","QQQ","closed",26,0,0.11,0.05,-286,156,0.031746,0.545455,4914,"6.70242","0.035651","0.63636364","-3.45454545","2026-03-17 13:37:00","2026-03-17 11:37:00","2026-03-17 16:00:00","2026-03-17 11:01:00","2026-03-17 13:37:11","put side",605.08,603.78
"QQQ-IC-0DTE-Baseline","ironcondor","+595 put, -596 put, -604 call, +605 call","QQQ","expired",108,0,0.08,0,-864,864,0.086957,1,9936,"6.965925","0.077399","1","-1.625","2026-03-16 15:40:00","2026-03-16 15:10:00","2026-03-16 16:00:00","2026-03-16 13:30:34","2026-03-16 16:15:00","",601.05,600.31
"QQQ-IC-0DTE-HedgeTest","shortputspread","-596 put, +594 put","QQQ","closed",26,0,0.11,0.05,-286,156,0.031746,0.545455,4914,"10.65324","0.056666","0.63636364","-1.18181818","2026-03-16 13:14:00","2026-03-16 12:26:00","2026-03-16 16:00:00","2026-03-16 12:10:02","2026-03-16 13:14:11","",600.67,601.36
"QQQ-IC-0DTE-HedgeTest","shortputspread","-596 put, +594 put","QQQ","closed",26,0,0.12,0.06,-312,156,0.031915,0.5,4888,"11.55171","0.061774","0.58333333","-1","2026-03-16 13:01:00","2026-03-16 12:26:00","2026-03-16 16:00:00","2026-03-16 12:07:00","2026-03-16 13:01:12","",600.63,601.21
"QQQ-IC-0DTE-Baseline","ironcondor","+590 put, -591 put, -598 call, +599 call","QQQ","expired",125,0,0.2,0,-2500,2500,0.25,1,10000,"18.557102","0.237912","1","-0.35","2026-03-13 15:54:00","2026-03-13 13:50:00","2026-03-13 16:00:00","2026-03-13 13:30:34","2026-03-13 16:15:00","",595.05,593.72
"QQQ-IC-0DTE-Baseline","ironcondor","+594 put, -595 put, -603 call, +604 call","QQQ","expired",121,0,0.18,0,-2178,2178,0.219512,1,9922,"18.067695","0.225846","1","-0.27777778","2026-03-12 15:40:00","2026-03-12 13:36:00","2026-03-12 16:00:00","2026-03-12 13:30:34","2026-03-12 16:15:00","",599.81,597.26
"QQQ-IC-0DTE-Baseline","ironcondor","+603 put, -604 put, -611 call, +612 call","QQQ","expired",121,0,0.18,0,-2178,2178,0.219512,1,9922,"15.883267","0.198541","1","-0.94444444","2026-03-11 15:39:00","2026-03-11 13:39:00","2026-03-11 16:00:00","2026-03-11 13:30:35","2026-03-11 16:15:00","",608.28,607.69
"QQQ-IC-0DTE-Baseline","ironcondor","+608 put, -609 put, -616 call, +617 call","QQQ","expired",114,0,0.13,1,-1482,-9918,-1,-6.692308,9918,"11.119544","0.130818","0.30769231","-5.92307692","2026-03-10 14:04:00","2026-03-10 15:57:00","2026-03-10 16:00:00","2026-03-10 13:30:34","2026-03-10 16:15:00","",613.11,607.77
"QQQ-IC-0DTE-Baseline","ironcondor","+593 put, -594 put, -602 call, +603 call","QQQ","expired",112,0,0.11,1,-1232,-9968,-1,-8.090909,9968,"11.53239","0.132556","0.63636364","-8.90909091","2026-03-09 15:07:00","2026-03-09 15:55:00","2026-03-09 16:00:00","2026-03-09 13:30:35","2026-03-09 16:15:00","",598.52,607.76
"QQQ-IC-0DTE-Baseline","ironcondor","+598 put, -599 put, -606 call, +607 call","QQQ","expired",117,0,0.15,0,-1755,1755,0.176471,1,9945,"16.161063","0.194712","0.66666667","-2.06666667","2026-03-06 15:58:00","2026-03-06 15:37:00","2026-03-06 16:00:00","2026-03-06 14:25:04","2026-03-06 16:15:00","",603.19,599.75
"QQQ-IC-0DTE-Baseline","ironcondor","+597 put, -598 put, -606 call, +607 call","QQQ","expired",133,0,0.25,1,-3325,-9975,-1,-3,9975,"25.340026","0.347124","0.48","-3.12","2026-03-05 14:37:00","2026-03-05 15:58:00","2026-03-05 16:00:00","2026-03-05 13:30:35","2026-03-05 16:15:00","",602.77,608.91