bot,pillar,underlying,role,epoch,trade_id,symbol,structure,status,quantity,credit,exit_price,pnl,risk,open_date,close_date,expiration,tags,single_sided,short_put,long_put,short_call,long_call,premium,underlying_open,underlying_close,mfe_pct,mae_pct,mfe_date,mae_date
IC-SPX-FastPT25-S2,IC,SPX,live-candidate,post-fix,T00001,SPX,shortputspread,expired,10,0.2,0,200,4800,2026-07-02 13:02:02,2026-07-02 16:15:00,2026-07-02 16:00:00,put side,False,7385,7380,,,-200,7442.69,7483.24,1,-1.25,2026-07-02 14:13:00,2026-07-02 13:05:00
IC-SPX-Fortress-Unstopped,IC,SPX,control,pre-fix,T00003,SPX,shortputspread,expired,10,0.15,0,150,4850,2026-07-02 13:31:00,2026-07-02 16:15:00,2026-07-02 16:00:00,put side,False,7385,7380,,,-150,7443.1,7483.24,1,-0.66666667,2026-07-02 14:13:00,2026-07-02 13:48:00
IC-SPX-FastPT25-S2,IC,SPX,live-candidate,post-fix,T00001,SPX,shortcallspread,expired,10,0.1,0,100,4900,2026-07-02 13:02:03,2026-07-02 16:15:00,2026-07-02 16:00:00,call side,False,,,7500,7505,-100,7442.87,7483.24,1,-0.5,2026-07-02 13:48:00,2026-07-02 13:17:00
IC-SPX-Fortress-Unstopped,IC,SPX,control,pre-fix,T00003,SPX,shortcallspread,expired,10,0.1,0,100,4900,2026-07-02 13:31:02,2026-07-02 16:15:00,2026-07-02 16:00:00,call side,False,,,7500,7505,-100,7442.98,7483.24,1,-0.5,2026-07-02 13:48:00,2026-07-02 14:41:00
IC-SPX-Fortress-Defang,IC,SPX,experiment,baseline,T00004,SPX,shortputspread,closed,10,0.15,0.05,100,4850,2026-07-02 13:31:00,2026-07-02 15:25:03,2026-07-02 16:00:00,put side,False,7385,7380,,,-150,7443.1,7443.16,1,-0.66666667,2026-07-02 14:13:00,2026-07-02 13:48:00
IC-SPX-Fortress-Defang,IC,SPX,experiment,baseline,T00004,SPX,shortcallspread,closed,10,0.1,0.05,50,4900,2026-07-02 13:31:02,2026-07-02 15:24:03,2026-07-02 16:00:00,call side,False,,,7500,7505,-100,7442.98,7443.91,1,-0.5,2026-07-02 13:48:00,2026-07-02 14:41:00
IC-SPX-FastPT25-S2-130PM,IC,SPX,experiment,baseline,T00010,SPX,shortputspread,closed,11,0.5,0.35,165,4950,2026-07-02 13:59:03,2026-07-02 14:01:00,2026-07-02 16:00:00,put side,True,7395,7390,,,-550,7427.65,7432.09,0.3,0,2026-07-02 14:01:00,2026-07-02 13:59:03
IC-SPX-FastPT25-S2-130PM,IC,SPX,experiment,baseline,T00006,SPX,shortputspread,closed,10,0.3,0.5,-200,4700,2026-07-02 13:45:07,2026-07-02 13:59:01,2026-07-02 16:00:00,put side,False,7395,7390,,,-300,7437.49,7427.94,0.16666667,-0.5,2026-07-02 13:55:00,2026-07-02 13:48:00
IC-SPX-FastPT25-S2-130PM,IC,SPX,experiment,baseline,T00009,SPX,shortcallspread,closed,10,0.2,0.1,100,4800,2026-07-02 13:47:03,2026-07-02 13:59:00,2026-07-02 16:00:00,call side,True,,,7475,7480,-200,7433.6,7427.91,0.5,-0.15,2026-07-02 13:59:00,2026-07-02 13:50:00
IC-SPX-FastPT25-S2-130PM,IC,SPX,experiment,baseline,T00006,SPX,shortcallspread,closed,10,0.45,0.3,150,4550,2026-07-02 13:45:08,2026-07-02 13:47:00,2026-07-02 16:00:00,call side,False,,,7470,7475,-450,7438.04,7433.77,0.33333333,0,2026-07-02 13:47:00,2026-07-02 13:45:09
IC-SPX-FastPT25-S2-130PM,IC,SPX,experiment,baseline,T00005,SPX,shortcallspread,closed,10,0.3,0.3,0,4700,2026-07-02 13:40:03,2026-07-02 13:45:05,2026-07-02 16:00:00,call side,False,,,7475,7480,-300,7434.18,7437.37,0.16666667,-0.16666667,2026-07-02 13:41:00,2026-07-02 13:42:00
IC-SPX-FastPT25-S2-130PM,IC,SPX,experiment,baseline,T00005,SPX,shortputspread,closed,10,0.35,0.25,100,4650,2026-07-02 13:40:03,2026-07-02 13:45:00,2026-07-02 16:00:00,put side,False,7395,7390,,,-350,7434.18,7437.46,0.28571429,0,2026-07-02 13:45:00,2026-07-02 13:41:00
IC-SPX-FastPT25-S2-130PM,IC,SPX,experiment,baseline,T00007,SPX,shortputspread,closed,10,0.4,0.55,-150,4600,2026-07-02 13:37:02,2026-07-02 13:40:02,2026-07-02 16:00:00,put side,False,7400,7395,,,-400,7437.25,7434.07,0,-0.125,2026-07-02 13:37:02,2026-07-02 13:39:00
IC-SPX-FastPT25-S2-130PM,IC,SPX,experiment,baseline,T00007,SPX,shortcallspread,closed,10,0.25,0.15,100,4750,2026-07-02 13:37:03,2026-07-02 13:40:00,2026-07-02 16:00:00,call side,False,,,7480,7485,-250,7437.5,7434.13,0.4,0,2026-07-02 13:40:00,2026-07-02 13:37:03
IC-SPX-FastPT25-S2-130PM,IC,SPX,experiment,baseline,T00008,SPX,shortputspread,closed,10,0.3,0.45,-150,4700,2026-07-02 13:31:00,2026-07-02 13:37:02,2026-07-02 16:00:00,put side,False,7400,7395,,,-300,7443.1,7437.5,0.1,-0.4,2026-07-02 13:33:00,2026-07-02 13:37:00
IC-SPX-FastPT25-S2-130PM,IC,SPX,experiment,baseline,T00008,SPX,shortcallspread,closed,10,0.35,0.25,100,4650,2026-07-02 13:31:02,2026-07-02 13:37:00,2026-07-02 16:00:00,call side,False,,,7480,7485,-350,7442.98,7437.21,0.28571429,-0.14285714,2026-07-02 13:37:00,2026-07-02 13:33:00
IC-SPX-FastPT25-S2,IC,SPX,live-candidate,post-fix,T00002,SPX,shortcallspread,closed,10,0.15,0.05,100,4850,2026-07-02 11:01:02,2026-07-02 13:02:01,2026-07-02 16:00:00,call side,False,,,7560,7565,-150,7503.9,7442.69,1,0,2026-07-02 11:30:00,2026-07-02 11:01:02
IC-SPX-FastPT25-S2,IC,SPX,live-candidate,post-fix,T00002,SPX,shortputspread,closed,10,0.35,2.3,-1950,4650,2026-07-02 11:01:00,2026-07-02 13:02:00,2026-07-02 16:00:00,put side,False,7445,7440,,,-350,7502.99,7442.66,0,-5.57142857,2026-07-02 11:01:00,2026-07-02 13:02:00
DIR-SPX-Put-Control,Directional,SPX,control,post-fix,T00011,SPX,longputspread,closed,1,5.55,11.1,555,555,2026-07-02 11:00:03,2026-07-02 11:51:00,2026-07-02 16:00:00,,False,7490,7505,,,555,7504.33,7473.08,1,0,2026-07-02 11:51:00,2026-07-02 11:00:03
DIR-SPX-CallVIXdrop,Directional,SPX,experiment,post-fix,T00012,SPX,longcallspread,closed,1,6.9,2.9,-400,690,2026-07-02 11:00:03,2026-07-02 11:08:01,2026-07-02 16:00:00,,False,,,7520,7505,690,7504.33,7470.23,0.03623188,-0.58405797,2026-07-02 11:00:03,2026-07-02 11:08:00
Nigiri-Paper-v1,OA-Mirror,,mirror-watch,baseline,T00013,SPY,shortputspread,closed,10,0.11,0.02,90,4890,2026-07-01 09:45:28,2026-07-02 09:45:12,2026-07-06 16:00:00,,True,720,715,,,-110,743.25,749.96,0.90909091,0,2026-07-02 09:33:00,2026-07-01 09:45:28
Nigiri-Paper-v1,OA-Mirror,,mirror-watch,baseline,T00014,SPY,shortputspread,closed,10,0.11,0.02,90,4890,2026-07-01 09:45:28,2026-07-02 09:45:12,2026-07-06 16:00:00,,True,720,715,,,-110,743.25,749.94,0.90909091,0,2026-07-02 09:33:00,2026-07-01 09:45:28
IC-SPX-FastPT25-S2-130PM,IC,SPX,experiment,baseline,T00015,SPX,shortputspread,closed,10,0.15,0.25,-100,4850,2026-07-01 13:54:04,2026-07-01 14:01:02,2026-07-01 16:00:00,put side,False,7475,7470,,,-150,7504.37,7502.36,0,-0.66666667,2026-07-01 14:01:00,2026-07-01 13:58:00
IC-SPX-FastPT25-S2-130PM,IC,SPX,experiment,baseline,T00016,SPX,shortputspread,closed,10,0.25,0.15,100,4750,2026-07-01 13:45:09,2026-07-01 14:01:00,2026-07-01 16:00:00,put side,False,7475,7470,,,-250,7501.91,7502.52,0.4,0,2026-07-01 14:01:00,2026-07-01 13:45:09
IC-SPX-FastPT25-S2-130PM,IC,SPX,experiment,baseline,T00015,SPX,shortcallspread,closed,10,0.45,0.3,150,4550,2026-07-01 13:54:05,2026-07-01 13:58:00,2026-07-01 16:00:00,call side,False,,,7520,7525,-450,7504.24,7500.46,0.33333333,0,2026-07-01 13:58:00,2026-07-01 13:54:05
IC-SPX-FastPT25-S2-130PM,IC,SPX,experiment,baseline,T00016,SPX,shortcallspread,closed,10,0.2,0.3,-100,4800,2026-07-01 13:45:10,2026-07-01 13:54:03,2026-07-01 16:00:00,call side,False,,,7525,7530,-200,7502.08,7504.1,0,-0.5,2026-07-01 13:45:10,2026-07-01 13:54:00
IC-SPX-FastPT25-S2-130PM,IC,SPX,experiment,baseline,T00017,SPX,shortputspread,closed,10,0.2,0.35,-150,4800,2026-07-01 13:42:04,2026-07-01 13:45:07,2026-07-01 16:00:00,put side,False,7480,7475,,,-200,7505.73,7501.96,0,-0.65,2026-07-01 13:42:04,2026-07-01 13:45:00
IC-SPX-FastPT25-S2-130PM,IC,SPX,experiment,baseline,T00017,SPX,shortcallspread,closed,10,0.35,0.25,100,4650,2026-07-01 13:42:05,2026-07-01 13:45:01,2026-07-01 16:00:00,call side,False,,,7525,7530,-350,7505.68,7502.38,0.28571429,0,2026-07-01 13:45:00,2026-07-01 13:42:05
IC-SPX-FastPT25-S2-130PM,IC,SPX,experiment,baseline,T00018,SPX,shortputspread,closed,10,0.25,0.25,0,4750,2026-07-01 13:33:03,2026-07-01 13:42:03,2026-07-01 16:00:00,put side,False,7480,7475,,,-250,7505.38,7505.73,0.2,0,2026-07-01 13:39:00,2026-07-01 13:33:04
IC-SPX-FastPT25-S2-130PM,IC,SPX,experiment,baseline,T00018,SPX,shortcallspread,closed,10,0.2,0.15,50,4800,2026-07-01 13:33:04,2026-07-01 13:42:00,2026-07-01 16:00:00,call side,False,,,7530,7535,-200,7505.36,7505.63,0.25,-0.25,2026-07-01 13:42:00,2026-07-01 13:34:00
IC-SPX-Fortress-Defang,IC,SPX,experiment,baseline,T00020,SPX,shortputspread,closed,10,0.1,0.1,0,4900,2026-07-01 13:33:00,2026-07-01 13:35:03,2026-07-01 16:00:00,put side,True,7450,7445,,,-100,7505.35,7505.57,0.5,0.2,2026-07-01 13:34:00,2026-07-01 13:33:01
IC-SPX-Fortress-Unstopped,IC,SPX,control,pre-fix,T00021,SPX,shortputspread,closed,10,0.1,0.1,0,4900,2026-07-01 13:33:00,2026-07-01 13:35:03,2026-07-01 16:00:00,put side,True,7450,7445,,,-100,7505.35,7505.57,0.5,0.2,2026-07-01 13:34:00,2026-07-01 13:33:01
IC-SPX-FastPT25-S2-130PM,IC,SPX,experiment,baseline,T00019,SPX,shortputspread,closed,10,0.2,0.3,-100,4800,2026-07-01 13:31:00,2026-07-01 13:33:02,2026-07-01 16:00:00,put side,False,7480,7475,,,-200,7508.71,7505.4,0,-0.25,2026-07-01 13:31:01,2026-07-01 13:33:00
IC-SPX-FastPT25-S2-130PM,IC,SPX,experiment,baseline,T00019,SPX,shortcallspread,closed,10,0.3,0.2,100,4700,2026-07-01 13:31:02,2026-07-01 13:33:00,2026-07-01 16:00:00,call side,False,,,7530,7535,-300,7508.53,7505.35,0.33333333,0,2026-07-01 13:33:00,2026-07-01 13:31:02
DIR-SPX-Put-Control,Directional,SPX,control,post-fix,T00022,SPX,longputspread,closed,1,4.6,1.1,-350,460,2026-07-01 11:00:02,2026-07-01 12:03:00,2026-07-01 16:00:00,,False,7480,7495,,,460,7496.48,7517.64,0,-0.76086957,2026-07-01 11:00:02,2026-07-01 12:03:00
IC-SPX-FastPT25-S2,IC,SPX,live-candidate,post-fix,T00023,SPX,shortputspread,closed,10,0.1,0.15,-50,4900,2026-07-01 11:27:02,2026-07-01 11:30:02,2026-07-01 16:00:00,put side,True,7460,7455,,,-100,7516.97,7520.84,0.5,0,2026-07-01 11:29:00,2026-07-01 11:27:03
IC-SPX-FastPT25-S2,IC,SPX,live-candidate,post-fix,T00024,SPX,shortputspread,closed,10,0.1,0.15,-50,4900,2026-07-01 11:24:04,2026-07-01 11:27:01,2026-07-01 16:00:00,put side,True,7460,7455,,,-100,7517.27,7516.97,0,0,2026-07-01 11:24:04,2026-07-01 11:24:04
IC-SPX-FastPT25-S2,IC,SPX,live-candidate,post-fix,T00025,SPX,shortputspread,closed,10,0.15,0.2,-50,4850,2026-07-01 11:21:04,2026-07-01 11:24:03,2026-07-01 16:00:00,put side,True,7460,7455,,,-150,7515.79,7517.35,0.33333333,0,2026-07-01 11:24:00,2026-07-01 11:21:04
IC-SPX-FastPT25-S2,IC,SPX,live-candidate,post-fix,T00026,SPX,shortputspread,closed,10,0.15,0.15,0,4850,2026-07-01 11:18:03,2026-07-01 11:21:03,2026-07-01 16:00:00,put side,True,7455,7450,,,-150,7511.73,7515.86,0.33333333,0,2026-07-01 11:21:00,2026-07-01 11:18:04
IC-SPX-FastPT25-S2,IC,SPX,live-candidate,post-fix,T00027,SPX,shortputspread,closed,10,0.15,0.2,-50,4850,2026-07-01 11:15:08,2026-07-01 11:18:02,2026-07-01 16:00:00,put side,True,7455,7450,,,-150,7509.59,7511.64,0.33333333,0,2026-07-01 11:18:00,2026-07-01 11:15:08
IC-SPX-FastPT25-S2,IC,SPX,live-candidate,post-fix,T00028,SPX,shortputspread,closed,10,0.2,0.15,50,4800,2026-07-01 11:12:03,2026-07-01 11:15:05,2026-07-01 16:00:00,put side,True,7450,7445,,,-200,7504.29,7509.34,0.25,0.25,2026-07-01 11:12:03,2026-07-01 11:12:03
IC-SPX-FastPT25-S2,IC,SPX,live-candidate,post-fix,T00029,SPX,shortputspread,closed,10,0.15,0.2,-50,4850,2026-07-01 11:09:03,2026-07-01 11:12:01,2026-07-01 16:00:00,put side,True,7445,7440,,,-150,7503.27,7504.29,0.33333333,0,2026-07-01 11:11:00,2026-07-01 11:09:03
IC-SPX-FastPT25-S2,IC,SPX,live-candidate,post-fix,T00030,SPX,shortputspread,closed,10,0.15,0.25,-100,4850,2026-07-01 11:06:03,2026-07-01 11:09:02,2026-07-01 16:00:00,put side,True,7450,7445,,,-150,7506.55,7502.56,0,-0.2,2026-07-01 11:06:03,2026-07-01 11:09:00
IC-SPX-FastPT25-S2,IC,SPX,live-candidate,post-fix,T00031,SPX,shortputspread,closed,10,0.2,0.2,0,4800,2026-07-01 11:03:03,2026-07-01 11:06:02,2026-07-01 16:00:00,put side,True,7445,7440,,,-200,7501.52,7506.55,0.4,0.15,2026-07-01 11:05:00,2026-07-01 11:03:03
IC-SPX-FastPT25-S2,IC,SPX,live-candidate,post-fix,T00032,SPX,shortputspread,closed,10,0.2,0.15,50,4800,2026-07-01 11:01:01,2026-07-01 11:03:02,2026-07-01 16:00:00,put side,True,7440,7435,,,-200,7498,7501.52,0.4,0.15,2026-07-01 11:03:00,2026-07-01 11:01:01
Trendy-Paper-v1,OA-Mirror,,mirror-watch,baseline,T00033,SPY,shortputspread,closed,1,0.8,0.61,19,920,2026-06-30 09:45:15,2026-07-01 09:45:06,2026-07-10 16:00:00,,True,722,712,,,-80,742.3,743.16,0.525,-0.025,2026-06-30 15:57:00,2026-06-30 09:48:00
3DTE $140-$350,OA-Mirror,SPX,mirror-watch,baseline,T00034,SPX,ironcondor,closed,1,0.5,0.15,35,950,2026-06-29 10:00:03,2026-07-01 09:45:02,2026-07-02 16:00:00,"220,60percent",False,7175,7165,7620,7630,-50,7398.48,7457.91,0.84,-1.1,2026-07-01 09:31:00,2026-06-29 10:17:00
Nigiri-Paper-v1,OA-Mirror,,mirror-watch,baseline,T00035,SPY,shortputspread,closed,10,0.11,0.07,40,4890,2026-06-30 09:45:25,2026-07-01 09:45:02,2026-07-06 16:00:00,,True,715,710,,,-110,742.14,743.06,0.63636364,-0.18181818,2026-06-30 14:05:00,2026-06-30 09:48:00
60min-ORB-10W-Paper-v1,OA-Mirror,SPX,mirror-watch,baseline,T00036,SPX,shortputspread,expired,1,0.8,0,80,920,2026-06-30 10:45:02,2026-06-30 16:15:00,2026-06-30 16:00:00,test a,True,7435,7425,,,-80,7476.12,7499.36,1,-1.3125,2026-06-30 14:11:00,2026-06-30 10:58:00
IC-SPX-FastPT25-S2,IC,SPX,live-candidate,post-fix,T00037,SPX,shortputspread,expired,10,0.35,0,350,4650,2026-06-30 11:01:00,2026-06-30 16:15:00,2026-06-30 16:00:00,put side,False,7410,7405,,,-350,7463.76,7499.36,1,0,2026-06-30 12:19:00,2026-06-30 11:01:01
DIR-SPX-CallVIXdrop,Directional,SPX,experiment,post-fix,T00038,SPX,longcallspread,expired,1,7.4,15,760,740,2026-06-30 11:00:03,2026-06-30 16:15:00,2026-06-30 16:00:00,,False,,,7475,7460,740,7461.21,7499.36,1.02702703,-0.02027027,2026-06-30 15:19:00,2026-06-30 11:00:03
IC-SPX-FastPT25-S2,IC,SPX,live-candidate,post-fix,T00037,SPX,shortcallspread,expired,10,0.1,0,100,4900,2026-06-30 11:01:01,2026-06-30 16:15:00,2026-06-30 16:00:00,call side,False,,,7520,7525,-100,7463.87,7499.36,1,-5,2026-06-30 15:59:00,2026-06-30 13:04:00
Tasty Condor,OA-Mirror,,mirror-watch,baseline,T00039,SPY,ironcondor,expired,1,4.2,0,420,1080,2026-05-05 10:00:13,2026-06-30 16:15:00,2026-06-30 16:00:00,,False,680,665,755,770,-420,722.54,746.77,1,-1.02857143,2026-06-30 09:31:00,2026-06-02 11:23:00
IC-SPX-FastPT25-S2-130PM,IC,SPX,experiment,baseline,T00045,SPX,shortputspread,closed,10,0.3,0.3,0,4700,2026-06-30 14:14:02,2026-06-30 14:17:02,2026-06-30 16:00:00,put side,True,7470,7465,,,-300,7495.68,7496.29,0.16666667,0,2026-06-30 14:15:00,2026-06-30 14:14:02
IC-SPX-FastPT25-S2-130PM,IC,SPX,experiment,baseline,T00040,SPX,shortcallspread,closed,10,0.25,0.3,-50,4750,2026-06-30 14:10:03,2026-06-30 14:14:02,2026-06-30 16:00:00,call side,False,,,7520,7525,-250,7494.8,7495.92,0.2,0,2026-06-30 14:13:00,2026-06-30 14:10:03
IC-SPX-FastPT25-S2-130PM,IC,SPX,experiment,baseline,T00040,SPX,shortputspread,closed,10,0.25,0.15,100,4750,2026-06-30 14:10:02,2026-06-30 14:14:00,2026-06-30 16:00:00,put side,False,7465,7460,,,-250,7494.94,7495.85,0.4,0,2026-06-30 14:14:00,2026-06-30 14:10:02
IC-SPX-FastPT25-S2-130PM,IC,SPX,experiment,baseline,T00041,SPX,shortputspread,closed,10,0.3,0.2,100,4700,2026-06-30 14:07:02,2026-06-30 14:13:00,2026-06-30 16:00:00,put side,False,7465,7460,,,-300,7491.89,7494.58,0.33333333,-0.1,2026-06-30 14:13:00,2026-06-30 14:07:02
IC-SPX-FastPT25-S2-130PM,IC,SPX,experiment,baseline,T00041,SPX,shortcallspread,closed,10,0.2,0.3,-100,4800,2026-06-30 14:07:03,2026-06-30 14:10:01,2026-06-30 16:00:00,call side,False,,,7520,7525,-200,7491.98,7494.94,0,-0.5,2026-06-30 14:07:03,2026-06-30 14:08:00
IC-SPX-FastPT25-S2-130PM,IC,SPX,experiment,baseline,T00042,SPX,shortputspread,closed,10,0.15,0.25,-100,4850,2026-06-30 14:03:02,2026-06-30 14:07:01,2026-06-30 16:00:00,put side,False,7460,7455,,,-150,7494.95,7491.89,0,-0.53333333,2026-06-30 14:03:02,2026-06-30 14:06:00
IC-SPX-FastPT25-S2-130PM,IC,SPX,experiment,baseline,T00042,SPX,shortcallspread,closed,11,0.5,0.35,165,4950,2026-06-30 14:03:03,2026-06-30 14:07:00,2026-06-30 16:00:00,call side,False,,,7515,7520,-550,7495.01,7491.88,0.3,0,2026-06-30 14:07:00,2026-06-30 14:03:03
IC-SPX-FastPT25-S2-130PM,IC,SPX,experiment,baseline,T00044,SPX,shortcallspread,closed,10,0.25,0.35,-100,4750,2026-06-30 13:32:03,2026-06-30 14:03:02,2026-06-30 16:00:00,call side,True,,,7520,7525,-250,7492.39,7494.95,0.2,-0.2,2026-06-30 13:33:00,2026-06-30 13:34:00
IC-SPX-FastPT25-S2-130PM,IC,SPX,experiment,baseline,T00043,SPX,shortputspread,closed,10,0.25,0.15,100,4750,2026-06-30 13:31:00,2026-06-30 14:03:00,2026-06-30 16:00:00,put side,False,7460,7455,,,-250,7492.67,7495.23,0.4,-0.4,2026-06-30 14:03:00,2026-06-30 13:40:00
IC-SPX-Fortress-Defang,IC,SPX,experiment,baseline,T00046,SPX,shortputspread,closed,10,0.1,0.15,-50,4900,2026-06-30 13:36:00,2026-06-30 13:38:01,2026-06-30 16:00:00,put side,True,7440,7435,,,-100,7494.24,7491.76,0,0,2026-06-30 13:36:00,2026-06-30 13:36:00
IC-SPX-Fortress-Unstopped,IC,SPX,control,pre-fix,T00048,SPX,shortputspread,closed,10,0.1,0.15,-50,4900,2026-06-30 13:36:00,2026-06-30 13:38:01,2026-06-30 16:00:00,put side,True,7440,7435,,,-100,7494.24,7491.76,0,0,2026-06-30 13:36:00,2026-06-30 13:36:00
IC-SPX-Fortress-Unstopped,IC,SPX,control,pre-fix,T00049,SPX,shortputspread,closed,10,0.1,0.1,0,4900,2026-06-30 13:31:00,2026-06-30 13:33:02,2026-06-30 16:00:00,put side,True,7435,7430,,,-100,7492.67,7491.76,0.5,0.2,2026-06-30 13:32:00,2026-06-30 13:31:01
IC-SPX-Fortress-Defang,IC,SPX,experiment,baseline,T00047,SPX,shortputspread,closed,10,0.1,0.1,0,4900,2026-06-30 13:31:00,2026-06-30 13:33:02,2026-06-30 16:00:00,put side,True,7435,7430,,,-100,7492.67,7491.59,0.5,0.2,2026-06-30 13:32:00,2026-06-30 13:31:01
IC-SPX-FastPT25-S2-130PM,IC,SPX,experiment,baseline,T00043,SPX,shortcallspread,closed,10,0.3,0.2,100,4700,2026-06-30 13:31:01,2026-06-30 13:32:00,2026-06-30 16:00:00,call side,False,,,7520,7525,-300,7493.05,7492.1,0.33333333,0.1,2026-06-30 13:32:00,2026-06-30 13:31:01
DIR-SPX-Put-Control,Directional,SPX,control,post-fix,T00050,SPX,longputspread,closed,1,5.25,1.25,-400,525,2026-06-30 11:00:03,2026-06-30 11:57:00,2026-06-30 16:00:00,,False,7445,7460,,,525,7461.21,7487.47,-0.02857143,-0.76190476,2026-06-30 11:00:03,2026-06-30 11:57:00
Nigiri-Paper-v1,OA-Mirror,,mirror-watch,baseline,T00051,SPY,shortputspread,closed,10,0.11,0.06,50,4890,2026-06-29 09:45:24,2026-06-30 09:45:14,2026-07-06 16:00:00,,True,706,701,,,-110,739.13,742.12,0.63636364,-1.63636364,2026-06-30 09:36:00,2026-06-29 10:19:00
IC-SPX-FastPT25-S2,IC,SPX,live-candidate,post-fix,T00052,SPX,shortputspread,expired,10,0.35,0,350,4650,2026-06-29 11:01:00,2026-06-29 16:15:00,2026-06-29 16:00:00,put side,False,7350,7345,,,-350,7406.42,7440.43,1,-0.28571429,2026-06-29 13:30:00,2026-06-29 11:25:00
3DTE $140-$350,OA-Mirror,SPX,mirror-watch,baseline,T00053,SPX,ironcondor,expired,1,0.45,0,45,955,2026-06-24 10:00:07,2026-06-29 16:15:00,2026-06-29 16:00:00,270,False,7115,7105,7660,7670,-45,7386.26,7440.43,1,-2.04444444,2026-06-29 09:33:00,2026-06-25 14:04:00
IC-SPX-FastPT25-S2,IC,SPX,live-candidate,post-fix,T00052,SPX,shortcallspread,expired,10,0.15,0,150,4850,2026-06-29 11:01:02,2026-06-29 16:15:00,2026-06-29 16:00:00,call side,False,,,7460,7465,-150,7405.78,7440.43,1,-1.66666667,2026-06-29 12:34:00,2026-06-29 13:32:00
DIR-SPX-Put-Control,Directional,SPX,control,post-fix,T00054,SPX,longputspread,closed,1,5.65,1.3,-435,565,2026-06-29 11:00:02,2026-06-29 13:21:00,2026-06-29 16:00:00,,False,7395,7410,,,565,7408.02,7431.39,0.40707965,-0.7699115,2026-06-29 11:24:00,2026-06-29 13:21:00
Nigiri-Paper-v1,OA-Mirror,,mirror-watch,baseline,T00055,SPY,shortputspread,closed,10,0.1,0.04,60,4900,2026-06-26 10:30:23,2026-06-29 09:45:12,2026-07-06 16:00:00,,True,690,685,,,-100,733.42,739.12,0.7,-0.3,2026-06-29 09:33:00,2026-06-26 10:41:00
Friday 14 DTE Broken Wing IB (B-70),OA-Mirror,,mirror-watch,baseline,T00056,SPX,ironbutterfly,closed,1,42.6,41,160,1740,2026-06-26 10:30:02,2026-06-29 09:45:02,2026-07-10 16:00:00,14 dte,False,7290,7230,7290,7330,-4260,7362.82,7421.39,0.07981221,-0.02464789,2026-06-29 09:31:00,2026-06-26 12:21:00
3DTE $140-$350,OA-Mirror,SPX,mirror-watch,baseline,T00057,SPX,ironcondor,closed,1,0.55,0.1,45,945,2026-06-26 10:05:02,2026-06-29 09:45:02,2026-06-29 16:00:00,"180,90 profit",False,7165,7155,7530,7540,-55,7349.33,7421.39,1,0.03636364,2026-06-29 09:34:00,2026-06-26 10:05:02
QQQ-IC-0DTE-Fortress,IC,QQQ,experiment,baseline,T00058,QQQ,shortputspread,expired,26,0.13,2,-4862,4862,2026-06-26 13:31:00,2026-06-26 16:15:00,2026-06-26 16:00:00,put side,False,709,707,,,-338,714.1,706.52,0.15384615,-6.23076923,2026-06-26 15:47:00,2026-06-26 15:06:00
IC-SPX-FastPT25-S2,IC,SPX,live-candidate,post-fix,T00059,SPX,shortputspread,expired,10,0.5,0,500,4500,2026-06-26 11:01:00,2026-06-26 16:15:00,2026-06-26 16:00:00,put side,False,7300,7295,,,-500,7356.52,7354.02,1,-0.3,2026-06-26 14:08:00,2026-06-26 11:16:00
QQQ-IC-0DTE-Fortress,IC,QQQ,experiment,baseline,T00058,QQQ,shortcallspread,expired,25,0.07,0,175,4825,2026-06-26 13:31:01,2026-06-26 16:15:00,2026-06-26 16:00:00,call side,False,,,719,721,-175,714.1,706.52,1,-0.14285714,2026-06-26 14:18:00,2026-06-26 13:31:01
Tasty Condor,OA-Mirror,,mirror-watch,baseline,T00060,SPY,ironcondor,expired,1,4.3,0,430,1070,2026-05-12 10:00:22,2026-06-26 16:15:00,2026-06-26 16:00:00,,False,695,680,765,780,-430,734.88,728.99,1,-0.34418605,2026-06-25 15:58:00,2026-06-02 11:23:00
IC-SPX-FastPT25-S2,IC,SPX,live-candidate,post-fix,T00059,SPX,shortcallspread,expired,10,0.4,0,400,4600,2026-06-26 11:01:01,2026-06-26 16:15:00,2026-06-26 16:00:00,call side,False,,,7410,7415,-400,7356.47,7354.02,1,-2.5,2026-06-26 14:21:00,2026-06-26 11:44:00
QQQ-IC-0DTE-Fortress-NoPT50,IC,QQQ,experiment,baseline,T00061,QQQ,shortputspread,expired,26,0.13,2,-4862,4862,2026-06-26 13:31:00,2026-06-26 16:15:00,2026-06-26 16:00:00,put side,False,709,707,,,-338,714.1,706.52,0.15384615,-6.23076923,2026-06-26 15:47:00,2026-06-26 15:06:00
QQQ-IC-0DTE-Fortress-NoPT50,IC,QQQ,experiment,baseline,T00061,QQQ,shortcallspread,expired,25,0.07,0,175,4825,2026-06-26 13:31:01,2026-06-26 16:15:00,2026-06-26 16:00:00,call side,False,,,719,721,-175,714.1,706.52,1,-0.14285714,2026-06-26 14:18:00,2026-06-26 13:31:01
IC-SPX-FastPT25-S2-130PM,IC,SPX,experiment,baseline,T00066,SPX,shortputspread,closed,10,0.2,0.3,-100,4800,2026-06-26 13:59:03,2026-06-26 14:02:01,2026-06-26 16:00:00,put side,True,7325,7320,,,-200,7365.38,7366.23,0,-0.25,2026-06-26 14:01:00,2026-06-26 14:00:00
IC-SPX-FastPT25-S2-130PM,IC,SPX,experiment,baseline,T00067,SPX,shortputspread,closed,10,0.3,0.35,-50,4700,2026-06-26 13:56:02,2026-06-26 13:59:01,2026-06-26 16:00:00,put side,True,7330,7325,,,-300,7365.3,7365.38,0,-0.16666667,2026-06-26 13:56:02,2026-06-26 13:57:00
IC-SPX-FastPT25-S2-130PM,IC,SPX,experiment,baseline,T00062,SPX,shortcallspread,closed,10,0.3,0.2,100,4700,2026-06-26 13:49:05,2026-06-26 13:59:00,2026-06-26 16:00:00,call side,False,,,7400,7405,-300,7367.71,7365.4,0.33333333,0,2026-06-26 13:59:00,2026-06-26 13:49:04
IC-SPX-FastPT25-S2-130PM,IC,SPX,experiment,baseline,T00062,SPX,shortputspread,closed,10,0.3,0.35,-50,4700,2026-06-26 13:49:04,2026-06-26 13:56:01,2026-06-26 16:00:00,put side,False,7330,7325,,,-300,7367.91,7365.3,0.16666667,-0.16666667,2026-06-26 13:52:00,2026-06-26 13:56:00
IC-SPX-FastPT25-S2-130PM,IC,SPX,experiment,baseline,T00063,SPX,shortputspread,closed,10,0.25,0.3,-50,4750,2026-06-26 13:40:02,2026-06-26 13:49:03,2026-06-26 16:00:00,put side,False,7325,7320,,,-250,7367.82,7367.68,0.2,-0.2,2026-06-26 13:44:00,2026-06-26 13:41:00
IC-SPX-FastPT25-S2-130PM,IC,SPX,experiment,baseline,T00063,SPX,shortcallspread,closed,10,0.4,0.3,100,4600,2026-06-26 13:40:03,2026-06-26 13:49:01,2026-06-26 16:00:00,call side,False,,,7400,7405,-400,7368.18,7368.07,0.25,-0.05,2026-06-26 13:49:00,2026-06-26 13:43:00
IC-SPX-FastPT25-S2-130PM,IC,SPX,experiment,baseline,T00068,SPX,shortputspread,closed,10,0.3,0.35,-50,4700,2026-06-26 13:38:00,2026-06-26 13:40:01,2026-06-26 16:00:00,put side,True,7330,7325,,,-300,7370.8,7367.82,0,-0.16666667,2026-06-26 13:38:00,2026-06-26 13:40:00
IC-SPX-FastPT25-S2-130PM,IC,SPX,experiment,baseline,T00065,SPX,shortcallspread,closed,10,0.25,0.15,100,4750,2026-06-26 13:32:03,2026-06-26 13:40:00,2026-06-26 16:00:00,call side,True,,,7410,7415,-250,7373.33,7367.8,0.4,-0.08,2026-06-26 13:40:00,2026-06-26 13:34:00
IC-SPX-FastPT25-S2-130PM,IC,SPX,experiment,baseline,T00064,SPX,shortputspread,closed,10,0.25,0.45,-200,4750,2026-06-26 13:31:00,2026-06-26 13:37:02,2026-06-26 16:00:00,put side,False,7335,7330,,,-250,7378.71,7370.75,-0.12,-0.52,2026-06-26 13:31:01,2026-06-26 13:37:00
IC-SPX-Fortress-Unstopped,IC,SPX,control,pre-fix,T00069,SPX,shortputspread,closed,10,0.15,0.25,-100,4850,2026-06-26 13:33:02,2026-06-26 13:36:01,2026-06-26 16:00:00,put side,True,7320,7315,,,-150,7374.46,7370.82,0.13333333,-0.13333333,2026-06-26 13:34:00,2026-06-26 13:35:00
IC-SPX-Fortress-Defang,IC,SPX,experiment,baseline,T00071,SPX,shortputspread,closed,10,0.15,0.25,-100,4850,2026-06-26 13:33:04,2026-06-26 13:36:01,2026-06-26 16:00:00,put side,True,7320,7315,,,-150,7374.02,7370.82,0.13333333,-0.13333333,2026-06-26 13:34:00,2026-06-26 13:35:00
IC-SPX-Fortress-Defang,IC,SPX,experiment,baseline,T00072,SPX,shortputspread,closed,10,0.15,0.25,-100,4850,2026-06-26 13:31:00,2026-06-26 13:33:01,2026-06-26 16:00:00,put side,True,7325,7320,,,-150,7378.71,7374.46,0.33333333,-0.33333333,2026-06-26 13:31:01,2026-06-26 13:32:00
IC-SPX-Fortress-Unstopped,IC,SPX,control,pre-fix,T00070,SPX,shortputspread,closed,10,0.15,0.25,-100,4850,2026-06-26 13:31:00,2026-06-26 13:33:01,2026-06-26 16:00:00,put side,True,7325,7320,,,-150,7378.71,7374.46,0.33333333,-0.33333333,2026-06-26 13:31:01,2026-06-26 13:32:00
IC-SPX-FastPT25-S2-130PM,IC,SPX,experiment,baseline,T00064,SPX,shortcallspread,closed,11,0.55,0.4,165,4895,2026-06-26 13:31:01,2026-06-26 13:32:00,2026-06-26 16:00:00,call side,False,,,7405,7410,-605,7378.85,7373.34,0.27272727,0,2026-06-26 13:32:00,2026-06-26 13:31:01
DIR-SPX-Put-Control,Directional,SPX,control,post-fix,T00073,SPX,longputspread,closed,1,5.2,1.05,-415,520,2026-06-26 11:00:02,2026-06-26 13:09:00,2026-06-26 16:00:00,,False,7335,7350,,,520,7352.22,7383.02,0.16346154,-0.80384615,2026-06-26 11:16:00,2026-06-26 13:09:00
Trendy-Paper-v1,OA-Mirror,,mirror-watch,baseline,T00074,SPY,shortputspread,closed,1,0.87,0.5,37,913,2026-06-25 10:00:08,2026-06-26 12:15:18,2026-07-06 16:00:00,,True,705,695,,,-87,730.57,733.92,0.57471264,-0.16091954,2026-06-26 11:44:00,2026-06-26 09:34:00
Trendy-Paper-v1,OA-Mirror,,mirror-watch,baseline,T00075,SPY,shortcallspread,closed,1,3.04,2.05,99,496,2026-06-24 13:30:02,2026-06-26 11:30:18,2026-06-26 16:00:00,,True,,,734,742,-304,732.18,735.17,0.86184211,-0.62171053,2026-06-26 09:46:00,2026-06-25 09:31:00
Nigiri-Paper-v1,OA-Mirror,,mirror-watch,baseline,T00076,SPY,shortputspread,closed,10,0.12,0.08,40,4880,2026-06-22 09:45:14,2026-06-26 10:30:12,2026-06-26 16:00:00,,True,721,716,,,-120,748.19,733.4,0.5,-5.83333333,2026-06-26 10:22:00,2026-06-23 09:37:00
3DTE $140-$350,OA-Mirror,SPX,mirror-watch,baseline,T00077,SPX,ironcondor,closed,1,0.55,1.4,-85,945,2026-06-25 10:00:07,2026-06-26 10:00:01,2026-06-30 16:00:00,"300,60percent",False,7030,7020,7635,7645,-55,7331.94,7336.06,0.69090909,-0.63636364,2026-06-25 14:20:00,2026-06-25 14:04:00
QQQ-IC-0DTE-Fortress,IC,QQQ,experiment,baseline,T00078,QQQ,shortcallspread,expired,27,0.17,0,459,4941,2026-06-25 13:33:02,2026-06-25 16:15:00,2026-06-25 16:00:00,call side,False,,,721,723,-459,715.92,716.12,1,-1.70588235,2026-06-25 15:32:00,2026-06-25 14:28:00
IC-SPX-Fortress-Unstopped,IC,SPX,control,pre-fix,T00079,SPX,shortcallspread,expired,10,0.1,0,100,4900,2026-06-25 13:31:03,2026-06-25 16:15:00,2026-06-25 16:00:00,call side,False,,,7420,7425,-100,7362.41,7357.49,1,-2.7,2026-06-25 13:50:00,2026-06-25 14:30:00
IC-SPX-FastPT25-S2,IC,SPX,live-candidate,post-fix,T00080,SPX,shortcallspread,expired,11,0.6,0,660,4840,2026-06-25 11:01:01,2026-06-25 16:15:00,2026-06-25 16:00:00,call side,False,,,7435,7440,-660,7381.84,7357.49,1,-0.25,2026-06-25 13:07:00,2026-06-25 11:05:00
3DTE $140-$350,OA-Mirror,SPX,mirror-watch,baseline,T00081,SPX,ironcondor,expired,1,0.55,0,55,945,2026-06-22 10:00:07,2026-06-25 16:15:00,2026-06-25 16:00:00,180,False,7345,7335,7710,7720,-55,7527.34,7357.49,0.54545455,-9.90909091,2026-06-22 14:33:00,2026-06-25 10:00:00
QQQ-IC-0DTE-Fortress-NoPT50,IC,QQQ,experiment,baseline,T00082,QQQ,shortcallspread,expired,27,0.17,0,459,4941,2026-06-25 13:33:02,2026-06-25 16:15:00,2026-06-25 16:00:00,call side,False,,,721,723,-459,715.92,716.12,1,-1.70588235,2026-06-25 15:32:00,2026-06-25 14:28:00
QQQ-IC-0DTE-Fortress,IC,QQQ,experiment,baseline,T00078,QQQ,shortputspread,expired,28,0.22,0,616,4984,2026-06-25 13:33:00,2026-06-25 16:15:00,2026-06-25 16:00:00,put side,False,711,709,,,-616,715.84,716.12,1,-0.72727273,2026-06-25 15:58:00,2026-06-25 14:04:00
IC-SPX-FastPT25-S2,IC,SPX,live-candidate,post-fix,T00080,SPX,shortputspread,expired,11,0.55,0,605,4895,2026-06-25 11:01:00,2026-06-25 16:15:00,2026-06-25 16:00:00,put side,False,7325,7320,,,-605,7380.91,7357.49,1,-1.54545455,2026-06-25 15:53:00,2026-06-25 11:16:00
QQQ-IC-0DTE-Fortress-NoPT50,IC,QQQ,experiment,baseline,T00082,QQQ,shortputspread,expired,28,0.22,0,616,4984,2026-06-25 13:33:00,2026-06-25 16:15:00,2026-06-25 16:00:00,put side,False,711,709,,,-616,715.84,716.12,1,-0.72727273,2026-06-25 15:58:00,2026-06-25 14:04:00
IC-SPX-Fortress-Unstopped,IC,SPX,control,pre-fix,T00079,SPX,shortputspread,expired,10,0.2,0,200,4800,2026-06-25 13:31:00,2026-06-25 16:15:00,2026-06-25 16:00:00,put side,False,7305,7300,,,-200,7362.53,7357.49,1,-1.65,2026-06-25 14:40:00,2026-06-25 14:04:00
IC-SPX-Fortress-Defang,IC,SPX,experiment,baseline,T00083,SPX,shortputspread,closed,10,0.2,0.1,100,4800,2026-06-25 13:31:00,2026-06-25 15:27:02,2026-06-25 16:00:00,put side,False,7305,7300,,,-200,7362.53,7354,1,-1.65,2026-06-25 14:40:00,2026-06-25 14:04:00
IC-SPX-Fortress-Defang,IC,SPX,experiment,baseline,T00083,SPX,shortcallspread,closed,10,0.1,0.05,50,4900,2026-06-25 13:31:03,2026-06-25 15:26:03,2026-06-25 16:00:00,call side,False,,,7420,7425,-100,7362.41,7354.6,1,-2.7,2026-06-25 13:50:00,2026-06-25 14:30:00
IC-SPX-FastPT25-S2-130PM,IC,SPX,experiment,baseline,T00084,SPX,shortputspread,closed,11,0.6,1,-440,4840,2026-06-25 13:45:07,2026-06-25 13:49:02,2026-06-25 16:00:00,put side,False,7320,7315,,,-660,7353.71,7346.83,0.08333333,-0.33333333,2026-06-25 13:45:07,2026-06-25 13:49:00
IC-SPX-FastPT25-S2-130PM,IC,SPX,experiment,baseline,T00084,SPX,shortcallspread,closed,10,0.25,0.15,100,4750,2026-06-25 13:45:07,2026-06-25 13:49:00,2026-06-25 16:00:00,call side,False,,,7400,7405,-250,7353.82,7346.84,0.52,0.08,2026-06-25 13:49:00,2026-06-25 13:45:07
IC-SPX-FastPT25-S2-130PM,IC,SPX,experiment,baseline,T00089,SPX,shortputspread,closed,10,0.25,0.5,-250,4750,2026-06-25 13:39:02,2026-06-25 13:45:04,2026-06-25 16:00:00,put side,True,7315,7310,,,-250,7361.91,7354.14,0,-0.72,2026-06-25 13:40:00,2026-06-25 13:45:00
IC-SPX-FastPT25-S2-130PM,IC,SPX,experiment,baseline,T00085,SPX,shortcallspread,closed,10,0.35,0.25,100,4650,2026-06-25 13:37:03,2026-06-25 13:45:00,2026-06-25 16:00:00,call side,False,,,7400,7405,-350,7360.74,7354.08,0.28571429,-0.14285714,2026-06-25 13:45:00,2026-06-25 13:41:00
IC-SPX-FastPT25-S2-130PM,IC,SPX,experiment,baseline,T00085,SPX,shortputspread,closed,10,0.35,0.25,100,4650,2026-06-25 13:37:02,2026-06-25 13:39:00,2026-06-25 16:00:00,put side,False,7315,7310,,,-350,7361.64,7361.88,0.28571429,0.05714286,2026-06-25 13:39:00,2026-06-25 13:37:02
IC-SPX-FastPT25-S2-130PM,IC,SPX,experiment,baseline,T00086,SPX,shortcallspread,closed,10,0.25,0.4,-150,4750,2026-06-25 13:33:03,2026-06-25 13:37:01,2026-06-25 16:00:00,call side,False,,,7400,7405,-250,7356.3,7361.65,0,-0.32,2026-06-25 13:33:03,2026-06-25 13:37:00
IC-SPX-FastPT25-S2-130PM,IC,SPX,experiment,baseline,T00086,SPX,shortputspread,closed,10,0.4,0.3,100,4600,2026-06-25 13:33:02,2026-06-25 13:37:00,2026-06-25 16:00:00,put side,False,7315,7310,,,-400,7356.63,7361.52,0.25,0,2026-06-25 13:37:00,2026-06-25 13:33:02
IC-SPX-FastPT25-S2-130PM,IC,SPX,experiment,baseline,T00087,SPX,shortputspread,closed,10,0.35,0.45,-100,4650,2026-06-25 13:31:00,2026-06-25 13:33:02,2026-06-25 16:00:00,put side,False,7315,7310,,,-350,7362.53,7356.63,0.05714286,-0.14285714,2026-06-25 13:31:00,2026-06-25 13:33:00
IC-SPX-FastPT25-S2-130PM,IC,SPX,experiment,baseline,T00088,SPX,shortcallspread,closed,10,0.35,0.25,100,4650,2026-06-25 13:32:04,2026-06-25 13:33:00,2026-06-25 16:00:00,call side,True,,,7400,7405,-350,7359.53,7356.51,0.28571429,0,2026-06-25 13:33:00,2026-06-25 13:32:04
IC-SPX-FastPT25-S2-130PM,IC,SPX,experiment,baseline,T00087,SPX,shortcallspread,closed,10,0.4,0.3,100,4600,2026-06-25 13:31:03,2026-06-25 13:32:00,2026-06-25 16:00:00,call side,False,,,7400,7405,-400,7362.41,7359.25,0.25,0,2026-06-25 13:32:00,2026-06-25 13:31:02
Trendy-Paper-v1,OA-Mirror,,mirror-watch,baseline,T00090,SPY,shortputspread,closed,1,0.71,3.53,-282,929,2026-06-16 09:45:19,2026-06-25 10:00:07,2026-06-26 16:00:00,,True,733,723,,,-71,754.92,730.44,0.33802817,-4.32394366,2026-06-22 10:10:00,2026-06-25 10:00:00
60min-ORB-10W-Paper-v1,OA-Mirror,SPX,mirror-watch,baseline,T00091,SPX,shortputspread,expired,1,0.7,6.78,-608,930,2026-06-24 11:15:02,2026-06-24 16:15:00,2026-06-24 16:00:00,test a,True,7365,7355,,,-70,7413.16,7358.22,0.5,-12.5,2026-06-24 11:30:00,2026-06-24 15:43:00
IC-SPX-Fortress-Unstopped,IC,SPX,control,pre-fix,T00092,SPX,shortcallspread,expired,10,0.15,0,150,4850,2026-06-24 13:31:03,2026-06-24 16:15:00,2026-06-24 16:00:00,call side,False,,,7410,7415,-150,7353.25,7358.22,1,-0.66666667,2026-06-24 14:47:00,2026-06-24 14:26:00
QQQ-IC-0DTE-Fortress-NoPT50,IC,QQQ,experiment,baseline,T00093,QQQ,shortputspread,expired,29,0.31,0,899,4901,2026-06-24 13:31:01,2026-06-24 16:15:00,2026-06-24 16:00:00,put side,False,703,701,,,-899,708.59,710.6,0.67741935,-1.06451613,2026-06-24 14:26:00,2026-06-24 15:14:00
IC-SPX-FastPT25-S2,IC,SPX,live-candidate,post-fix,T00094,SPX,shortputspread,expired,10,0.3,0,300,4700,2026-06-24 13:25:03,2026-06-24 16:15:00,2026-06-24 16:00:00,put side,False,7305,7300,,,-300,7359.32,7358.22,1,-0.9,2026-06-24 14:26:00,2026-06-24 13:32:00
QQQ-IC-0DTE-Fortress-NoPT50,IC,QQQ,experiment,baseline,T00093,QQQ,shortcallspread,expired,29,0.31,0,899,4901,2026-06-24 13:31:03,2026-06-24 16:15:00,2026-06-24 16:00:00,call side,False,,,714,716,-899,708.43,710.6,0.74193548,-0.64516129,2026-06-24 15:08:00,2026-06-24 14:26:00
QQQ-IC-0DTE-Fortress,IC,QQQ,experiment,baseline,T00096,QQQ,shortputspread,expired,29,0.31,0,899,4901,2026-06-24 13:31:01,2026-06-24 16:15:00,2026-06-24 16:00:00,put side,False,703,701,,,-899,708.59,710.6,0.67741935,-1.06451613,2026-06-24 14:26:00,2026-06-24 15:14:00
QQQ-IC-0DTE-Fortress,IC,QQQ,experiment,baseline,T00096,QQQ,shortcallspread,expired,29,0.31,0,899,4901,2026-06-24 13:31:03,2026-06-24 16:15:00,2026-06-24 16:00:00,call side,False,,,714,716,-899,708.43,710.6,0.74193548,-0.64516129,2026-06-24 15:08:00,2026-06-24 14:26:00
IC-SPX-Fortress-Unstopped,IC,SPX,control,pre-fix,T00092,SPX,shortputspread,expired,10,0.35,0,350,4650,2026-06-24 13:31:01,2026-06-24 16:15:00,2026-06-24 16:00:00,put side,False,7300,7295,,,-350,7353.28,7358.22,1,-0.71428571,2026-06-24 14:20:00,2026-06-24 13:33:00
IC-SPX-FastPT25-S2,IC,SPX,live-candidate,post-fix,T00094,SPX,shortcallspread,expired,10,0.2,0,200,4800,2026-06-24 13:25:04,2026-06-24 16:15:00,2026-06-24 16:00:00,call side,False,,,7415,7420,-200,7358.64,7358.22,1,0.1,2026-06-24 14:03:00,2026-06-24 13:25:04
IC-SPX-Fortress-Defang,IC,SPX,experiment,baseline,T00097,SPX,shortputspread,closed,10,0.35,0.15,200,4650,2026-06-24 13:31:01,2026-06-24 15:11:02,2026-06-24 16:00:00,put side,False,7300,7295,,,-350,7353.28,7341.39,1,-0.71428571,2026-06-24 14:20:00,2026-06-24 13:33:00
IC-SPX-Fortress-Defang,IC,SPX,experiment,baseline,T00097,SPX,shortcallspread,closed,10,0.15,0.05,100,4850,2026-06-24 13:31:03,2026-06-24 15:10:03,2026-06-24 16:00:00,call side,False,,,7410,7415,-150,7353.25,7340.84,1,-0.66666667,2026-06-24 14:47:00,2026-06-24 14:26:00
IC-SPX-FastPT25-S2-130PM,IC,SPX,experiment,baseline,T00103,SPX,shortputspread,closed,10,0.3,0.15,150,4700,2026-06-24 13:53:04,2026-06-24 13:56:00,2026-06-24 16:00:00,put side,True,7305,7300,,,-300,7351.07,7357.95,0.5,-0.06666667,2026-06-24 13:56:00,2026-06-24 13:53:04
IC-SPX-FastPT25-S2-130PM,IC,SPX,experiment,baseline,T00098,SPX,shortputspread,closed,10,0.45,0.55,-100,4550,2026-06-24 13:50:04,2026-06-24 13:53:03,2026-06-24 16:00:00,put side,False,7310,7305,,,-450,7352.49,7350.97,0.11111111,0.04444444,2026-06-24 13:51:00,2026-06-24 13:50:04
IC-SPX-FastPT25-S2-130PM,IC,SPX,experiment,baseline,T00098,SPX,shortcallspread,closed,10,0.35,0.25,100,4650,2026-06-24 13:50:05,2026-06-24 13:53:00,2026-06-24 16:00:00,call side,False,,,7395,7400,-350,7352.13,7350.19,0.28571429,0,2026-06-24 13:53:00,2026-06-24 13:50:04
IC-SPX-FastPT25-S2-130PM,IC,SPX,experiment,baseline,T00099,SPX,shortcallspread,closed,10,0.3,0.4,-100,4700,2026-06-24 13:45:08,2026-06-24 13:50:03,2026-06-24 16:00:00,call side,False,,,7395,7400,-300,7348.36,7352.67,0.16666667,-0.23333333,2026-06-24 13:46:00,2026-06-24 13:48:00
IC-SPX-FastPT25-S2-130PM,IC,SPX,experiment,baseline,T00099,SPX,shortputspread,closed,10,0.4,0.3,100,4600,2026-06-24 13:45:07,2026-06-24 13:50:01,2026-06-24 16:00:00,put side,False,7305,7300,,,-400,7348.45,7352.75,0.25,-0.2,2026-06-24 13:50:00,2026-06-24 13:46:00
IC-SPX-FastPT25-S2-130PM,IC,SPX,experiment,baseline,T00100,SPX,shortputspread,closed,10,0.35,0.5,-150,4650,2026-06-24 13:43:04,2026-06-24 13:45:05,2026-06-24 16:00:00,put side,False,7305,7300,,,-350,7354.09,7348.3,0.14285714,-0.28571429,2026-06-24 13:43:04,2026-06-24 13:45:00
IC-SPX-FastPT25-S2-130PM,IC,SPX,experiment,baseline,T00100,SPX,shortcallspread,closed,10,0.45,0.3,150,4550,2026-06-24 13:43:05,2026-06-24 13:45:00,2026-06-24 16:00:00,call side,False,,,7395,7400,-450,7354.06,7347.66,0.33333333,0.11111111,2026-06-24 13:45:00,2026-06-24 13:43:05
IC-SPX-FastPT25-S2-130PM,IC,SPX,experiment,baseline,T00102,SPX,shortcallspread,closed,10,0.3,0.5,-200,4700,2026-06-24 13:32:05,2026-06-24 13:43:03,2026-06-24 16:00:00,call side,True,,,7395,7400,-300,7346.06,7354.98,0,-0.5,2026-06-24 13:32:05,2026-06-24 13:35:00
IC-SPX-FastPT25-S2-130PM,IC,SPX,experiment,baseline,T00101,SPX,shortputspread,closed,10,0.4,0.3,100,4600,2026-06-24 13:31:01,2026-06-24 13:43:00,2026-06-24 16:00:00,put side,False,7305,7300,,,-400,7353.28,7355.25,0.325,-0.425,2026-06-24 13:43:00,2026-06-24 13:32:00
IC-SPX-FastPT25-S2-130PM,IC,SPX,experiment,baseline,T00101,SPX,shortcallspread,closed,10,0.35,0.2,150,4650,2026-06-24 13:31:03,2026-06-24 13:32:01,2026-06-24 16:00:00,call side,False,,,7400,7405,-350,7353.25,7345.74,0.42857143,0,2026-06-24 13:32:00,2026-06-24 13:31:02
IC-SPX-FastPT25-S2,IC,SPX,live-candidate,post-fix,T00095,SPX,shortcallspread,closed,10,0.1,0.05,50,4900,2026-06-24 11:08:03,2026-06-24 13:25:02,2026-06-24 16:00:00,call side,False,,,7475,7480,-100,7418.15,7359.32,1,-0.5,2026-06-24 12:04:00,2026-06-24 11:19:00
IC-SPX-FastPT25-S2,IC,SPX,live-candidate,post-fix,T00095,SPX,shortputspread,closed,10,0.25,2.2,-1950,4750,2026-06-24 11:08:01,2026-06-24 13:25:00,2026-06-24 16:00:00,put side,False,7360,7355,,,-250,7418.14,7359.88,0.4,-7.8,2026-06-24 11:30:00,2026-06-24 13:25:00
3DTE $140-$350,OA-Mirror,SPX,mirror-watch,baseline,T00104,SPX,ironcondor,closed,1,0.55,0.15,40,945,2026-06-23 10:00:06,2026-06-24 11:30:01,2026-06-26 16:00:00,"260,60percent",False,7135,7125,7660,7670,-55,7398.42,7424.66,0.81818182,-0.27272727,2026-06-24 11:18:00,2026-06-23 11:27:00
3DTE $140-$350,OA-Mirror,SPX,mirror-watch,baseline,T00105,SPX,ironcondor,expired,1,0.35,0,35,965,2026-06-16 10:00:04,2026-06-22 16:15:00,2026-06-22 16:00:00,240,False,7310,7300,7800,7810,-35,7551.45,7472.79,1,-5.42857143,2026-06-22 09:31:00,2026-06-17 15:40:00
IC-SPX-FastPT25-S2,IC,SPX,live-candidate,post-fix,T00106,SPX,shortcallspread,expired,10,0.25,0,250,4750,2026-06-22 11:01:03,2026-06-22 16:15:00,2026-06-22 16:00:00,call side,False,,,7535,7540,-250,7480.09,7472.79,1,0,2026-06-22 12:04:00,2026-06-22 11:02:00
QQQ-IC-0DTE-Fortress-NoPT50,IC,QQQ,experiment,baseline,T00107,QQQ,shortputspread,expired,26,0.08,0,208,4992,2026-06-22 13:34:01,2026-06-22 16:15:00,2026-06-22 16:00:00,put side,True,731,729,,,-208,736.22,737.95,1,-0.25,2026-06-22 15:39:00,2026-06-22 13:37:00
QQQ-IC-0DTE-Fortress,IC,QQQ,experiment,baseline,T00108,QQQ,shortputspread,expired,26,0.08,0,208,4992,2026-06-22 13:34:01,2026-06-22 16:15:00,2026-06-22 16:00:00,put side,True,731,729,,,-208,736.22,737.95,1,-0.25,2026-06-22 15:39:00,2026-06-22 13:37:00
3DTE $140-$350,OA-Mirror,SPX,mirror-watch,baseline,T00109,SPX,ironcondor,expired,1,0.4,0,40,960,2026-06-18 10:05:07,2026-06-22 16:15:00,2026-06-22 16:00:00,190,False,7285,7275,7670,7680,-40,7478.63,7472.79,1,-0.075,2026-06-22 09:31:00,2026-06-18 10:13:00
IC-SPX-FastPT25-S2,IC,SPX,live-candidate,post-fix,T00106,SPX,shortputspread,expired,10,0.45,0,450,4550,2026-06-22 11:01:01,2026-06-22 16:15:00,2026-06-22 16:00:00,put side,False,7425,7420,,,-450,7479.72,7472.79,1,-0.26666667,2026-06-22 14:09:00,2026-06-22 11:20:00
60min-ORB-10W-Paper-v1,OA-Mirror,SPX,mirror-watch,baseline,T00110,SPX,shortcallspread,expired,1,1.2,0,120,880,2026-06-22 10:30:08,2026-06-22 16:15:00,2026-06-22 16:00:00,test b,True,,,7535,7545,-120,7493.57,7472.79,1,0.025,2026-06-22 13:07:00,2026-06-22 10:30:08
IC-SPX-FastPT25-S2-130PM,IC,SPX,experiment,baseline,T00111,SPX,shortputspread,closed,10,0.25,0.3,-50,4750,2026-06-22 13:51:04,2026-06-22 14:01:03,2026-06-22 16:00:00,put side,False,7450,7445,,,-250,7477.34,7476.28,0.32,0,2026-06-22 13:58:00,2026-06-22 13:51:04
IC-SPX-FastPT25-S2-130PM,IC,SPX,experiment,baseline,T00115,SPX,shortcallspread,closed,10,0.2,0.15,50,4800,2026-06-22 13:58:05,2026-06-22 14:00:01,2026-06-22 16:00:00,call side,True,,,7505,7510,-200,7479.39,7475.7,0.35,0,2026-06-22 14:00:00,2026-06-22 13:58:05
IC-SPX-FastPT25-S2-130PM,IC,SPX,experiment,baseline,T00111,SPX,shortcallspread,closed,10,0.25,0.5,-250,4750,2026-06-22 13:51:05,2026-06-22 13:58:03,2026-06-22 16:00:00,call side,False,,,7500,7505,-250,7477.55,7479.44,0,-1,2026-06-22 13:51:05,2026-06-22 13:55:00
IC-SPX-FastPT25-S2-130PM,IC,SPX,experiment,baseline,T00112,SPX,shortcallspread,closed,10,0.35,0.55,-200,4650,2026-06-22 13:45:10,2026-06-22 13:51:03,2026-06-22 16:00:00,call side,False,,,7495,7500,-350,7472.08,7477.16,0.05714286,-0.42857143,2026-06-22 13:45:10,2026-06-22 13:50:00
IC-SPX-FastPT25-S2-130PM,IC,SPX,experiment,baseline,T00112,SPX,shortputspread,closed,10,0.25,0.15,100,4750,2026-06-22 13:45:09,2026-06-22 13:51:00,2026-06-22 16:00:00,put side,False,7445,7440,,,-250,7472.08,7477.09,0.4,0,2026-06-22 13:51:00,2026-06-22 13:45:09
IC-SPX-FastPT25-S2-130PM,IC,SPX,experiment,baseline,T00113,SPX,shortcallspread,closed,10,0.25,0.25,0,4750,2026-06-22 13:33:05,2026-06-22 13:45:07,2026-06-22 16:00:00,call side,False,,,7500,7505,-250,7473.36,7472.06,0.2,-0.08,2026-06-22 13:36:00,2026-06-22 13:35:00
IC-SPX-FastPT25-S2-130PM,IC,SPX,experiment,baseline,T00113,SPX,shortputspread,closed,10,0.35,0.25,100,4650,2026-06-22 13:33:04,2026-06-22 13:45:01,2026-06-22 16:00:00,put side,False,7445,7440,,,-350,7473.5,7472.36,0.28571429,-0.28571429,2026-06-22 13:45:00,2026-06-22 13:37:00
IC-SPX-FastPT25-S2-130PM,IC,SPX,experiment,baseline,T00114,SPX,shortputspread,closed,10,0.25,0.35,-100,4750,2026-06-22 13:31:00,2026-06-22 13:33:03,2026-06-22 16:00:00,put side,False,7445,7440,,,-250,7476.62,7473.56,0.12,-0.2,2026-06-22 13:31:01,2026-06-22 13:33:00
IC-SPX-FastPT25-S2-130PM,IC,SPX,experiment,baseline,T00116,SPX,shortcallspread,closed,10,0.35,0.25,100,4650,2026-06-22 13:32:05,2026-06-22 13:33:01,2026-06-22 16:00:00,call side,True,,,7500,7505,-350,7475.81,7473.54,0.28571429,0.14285714,2026-06-22 13:33:00,2026-06-22 13:32:05
IC-SPX-FastPT25-S2-130PM,IC,SPX,experiment,baseline,T00114,SPX,shortcallspread,closed,10,0.2,0.15,50,4800,2026-06-22 13:31:02,2026-06-22 13:32:00,2026-06-22 16:00:00,call side,False,,,7505,7510,-200,7476.5,7475.88,0.25,0,2026-06-22 13:32:00,2026-06-22 13:31:03
3DTE $140-$350,OA-Mirror,SPX,mirror-watch,baseline,T00117,SPX,ironcondor,closed,1,0.55,0.1,45,945,2026-06-17 10:00:07,2026-06-22 10:00:01,2026-06-23 16:00:00,"260,90 profit",False,7245,7235,7770,7780,-55,7509.18,7529.1,1,-3.18181818,2026-06-17 14:49:00,2026-06-17 14:34:00
Nigiri-Paper-v1,OA-Mirror,,mirror-watch,baseline,T00118,SPY,shortputspread,closed,10,0.11,0.05,60,4890,2026-06-18 10:45:23,2026-06-22 09:45:14,2026-06-26 16:00:00,,True,709,704,,,-110,746.24,748.16,0.72727273,-0.27272727,2026-06-22 09:31:00,2026-06-18 11:39:00
QQQ long call,OA-Mirror,QQQ,mirror-watch,baseline,T00119,QQQ,longcallspread,closed,1,33.07,44.1,1103,3307,2026-06-08 09:45:05,2026-06-22 09:45:03,2026-09-18 16:00:00,,False,,,840,725,3307,717.37,741.4,0.37738131,-0.30904143,2026-06-22 09:39:00,2026-06-09 12:50:00
IC-SPX-FastPT25-S2,IC,SPX,live-candidate,post-fix,T00120,SPX,shortputspread,expired,10,0.35,0,350,4650,2026-06-18 11:39:00,2026-06-18 16:15:00,2026-06-18 16:00:00,put side,False,7420,7415,,,-350,7474.05,7500.58,1,0.08571429,2026-06-18 13:09:00,2026-06-18 11:39:00
IC-SPX-FastPT25-S2,IC,SPX,live-candidate,post-fix,T00120,SPX,shortcallspread,expired,10,0.15,0,150,4850,2026-06-18 11:39:01,2026-06-18 16:15:00,2026-06-18 16:00:00,call side,False,,,7530,7535,-150,7473.23,7500.58,1,-3,2026-06-18 14:37:00,2026-06-18 13:18:00
Tasty Condor,OA-Mirror,,mirror-watch,baseline,T00121,SPY,ironcondor,expired,1,4.19,1.74,245,1081,2026-04-20 10:00:13,2026-06-18 16:15:00,2026-06-18 16:00:00,,False,665,650,745,760,-419,709.71,746.74,0.7875895,-1.71599045,2026-06-18 15:17:00,2026-06-01 14:59:00
Nigiri-Paper-v1,OA-Mirror,,mirror-watch,baseline,T00122,SPY,shortputspread,closed,10,0.09,0.08,10,4910,2026-06-16 09:45:26,2026-06-18 10:45:12,2026-06-22 16:00:00,,True,724,719,,,-90,754.87,746.25,0.33333333,-6,2026-06-18 10:40:00,2026-06-17 15:41:00
QQQ-IC-0DTE-Fortress,IC,QQQ,experiment,baseline,T00123,QQQ,shortputspread,expired,29,0.32,2,-4872,4872,2026-06-17 13:31:00,2026-06-17 16:15:00,2026-06-17 16:00:00,put side,False,727,725,,,-928,732.32,722.51,0.5625,-5.8125,2026-06-17 14:45:00,2026-06-17 15:59:00
Weekly-IB-SPY-Paper-v1,OA-Mirror,SPY,mirror-watch,baseline,T00124,SPY,ironbutterfly,expired,1,14.07,4.96,911,2093,2026-06-10 10:00:18,2026-06-17 16:15:00,2026-06-17 16:00:00,,False,736,701,736,758,-1407,735.77,740.96,0.72494669,-0.35110163,2026-06-17 15:53:00,2026-06-15 12:06:00
QQQ-IC-0DTE-Fortress,IC,QQQ,experiment,baseline,T00123,QQQ,shortcallspread,expired,29,0.31,0,899,4901,2026-06-17 13:31:01,2026-06-17 16:15:00,2026-06-17 16:00:00,call side,False,,,738,740,-899,732.31,722.51,1,-0.5483871,2026-06-17 15:33:00,2026-06-17 14:45:00
QQQ-IC-0DTE-Fortress-NoPT50,IC,QQQ,experiment,baseline,T00125,QQQ,shortputspread,expired,29,0.32,2,-4872,4872,2026-06-17 13:31:00,2026-06-17 16:15:00,2026-06-17 16:00:00,put side,False,727,725,,,-928,732.32,722.51,0.5625,-5.8125,2026-06-17 14:45:00,2026-06-17 15:59:00
QQQ-IC-0DTE-Fortress-NoPT50,IC,QQQ,experiment,baseline,T00125,QQQ,shortcallspread,expired,29,0.31,0,899,4901,2026-06-17 13:31:01,2026-06-17 16:15:00,2026-06-17 16:00:00,call side,False,,,738,740,-899,732.31,722.51,1,-0.5483871,2026-06-17 15:33:00,2026-06-17 14:45:00
Weekly-IB-SPY-Paper-v1,OA-Mirror,SPY,mirror-watch,baseline,T00126,SPY,ironbutterfly,expired,1,10.35,5.33,502,1465,2026-06-09 09:45:32,2026-06-16 16:15:00,2026-06-16 16:00:00,,False,745,720,745,761,-1035,745.45,750.33,0.46859903,-0.56328502,2026-06-16 15:17:00,2026-06-09 12:40:00
IC-SPX-FastPT25-S2,IC,SPX,live-candidate,post-fix,T00127,SPX,shortcallspread,expired,10,0.1,0,100,4900,2026-06-16 11:01:09,2026-06-16 16:15:00,2026-06-16 16:00:00,call side,False,,,7595,7600,-100,7540.1,7511.35,1,-0.3,2026-06-16 11:47:00,2026-06-16 11:03:00
IC-SPX-FastPT25-S2,IC,SPX,live-candidate,post-fix,T00127,SPX,shortputspread,expired,10,0.3,0,300,4700,2026-06-16 11:01:04,2026-06-16 16:15:00,2026-06-16 16:00:00,put side,False,7485,7480,,,-300,7540.34,7511.35,1,0,2026-06-16 14:19:00,2026-06-16 11:01:05
60min-ORB-10W-Paper-v1,OA-Mirror,SPX,mirror-watch,baseline,T00128,SPX,shortcallspread,expired,1,1.8,0,180,820,2026-06-16 10:30:09,2026-06-16 16:15:00,2026-06-16 16:00:00,test b,True,,,7565,7575,-180,7540.33,7511.35,1,-0.31666667,2026-06-16 14:51:00,2026-06-16 10:41:00
Nigiri-Paper-v1,OA-Mirror,,mirror-watch,baseline,T00129,SPY,shortputspread,closed,10,0.11,0.09,20,4890,2026-06-15 09:45:26,2026-06-16 09:45:14,2026-06-22 16:00:00,,True,722,717,,,-110,753.02,754.88,0.27272727,-0.18181818,2026-06-15 12:59:00,2026-06-15 10:14:00
Weekly-IB-SPY-Paper-v1,OA-Mirror,SPY,mirror-watch,baseline,T00130,SPY,ironbutterfly,expired,1,11.44,11.83,-39,1756,2026-06-08 09:45:17,2026-06-15 16:15:00,2026-06-15 16:00:00,,False,743,714,743,760,-1144,742.75,754.83,0.46590909,-0.47027972,2026-06-12 15:57:00,2026-06-09 12:40:00
3DTE $140-$350,OA-Mirror,SPX,mirror-watch,baseline,T00131,SPX,ironcondor,expired,1,0.45,0,45,955,2026-06-10 10:00:08,2026-06-15 16:15:00,2026-06-15 16:00:00,320,False,7050,7040,7695,7705,-45,7370.6,7554.29,1,-1.51111111,2026-06-10 11:51:00,2026-06-11 11:02:00
Trendy-Paper-v1,OA-Mirror,,mirror-watch,baseline,T00132,SPY,shortputspread,closed,1,0.77,0.02,75,923,2026-06-05 10:00:13,2026-06-15 09:45:15,2026-06-15 16:00:00,,True,730,720,,,-77,748.73,753,0.98701299,-4.96103896,2026-06-15 09:31:00,2026-06-09 12:40:00
Trendy-Paper-v1,OA-Mirror,,mirror-watch,baseline,T00133,SPY,shortcallspread,closed,1,3.58,7.93,-435,442,2026-06-09 12:00:02,2026-06-15 09:45:02,2026-06-15 16:00:00,,True,,,731,739,-358,729.08,752.88,0.33798883,-1.23743017,2026-06-11 13:23:00,2026-06-15 09:40:00
Friday 14 DTE Broken Wing IB (B-70),OA-Mirror,,mirror-watch,baseline,T00134,SPX,ironbutterfly,closed,1,42.95,41.1,185,1705,2026-06-12 10:30:02,2026-06-15 09:45:01,2026-06-26 16:00:00,14 dte,False,7340,7280,7340,7380,-4295,7408.89,7539.88,0.20605355,-0.07217695,2026-06-12 10:53:00,2026-06-12 11:36:00
3DTE $140-$350,OA-Mirror,SPX,mirror-watch,baseline,T00135,SPX,ironcondor,closed,1,0.55,0.15,40,945,2026-06-12 10:05:03,2026-06-15 09:45:01,2026-06-15 16:00:00,"220,60percent",False,7175,7165,7620,7630,-55,7399.99,7539.88,0.87272727,-0.07272727,2026-06-12 15:57:00,2026-06-12 10:53:00
QQQ-IC-0DTE-Fortress,IC,QQQ,experiment,baseline,T00136,QQQ,shortputspread,expired,27,0.16,0,432,4968,2026-06-12 13:33:00,2026-06-12 16:15:00,2026-06-12 16:00:00,put side,False,717,715,,,-432,722.42,721.34,1,-0.4375,2026-06-12 15:52:00,2026-06-12 14:18:00
Nigiri-Paper-v1,OA-Mirror,,mirror-watch,baseline,T00137,SPY,shortputspread,expired,10,0.09,0,90,4910,2026-06-04 10:00:38,2026-06-12 16:15:00,2026-06-12 16:00:00,,True,719,714,,,-90,753.24,741.75,1,-15.66666667,2026-06-12 13:02:00,2026-06-09 12:41:00
QQQ-IC-0DTE-Fortress-NoPT50,IC,QQQ,experiment,baseline,T00138,QQQ,shortputspread,expired,27,0.16,0,432,4968,2026-06-12 13:33:00,2026-06-12 16:15:00,2026-06-12 16:00:00,put side,False,717,715,,,-432,722.42,721.34,1,-0.4375,2026-06-12 15:52:00,2026-06-12 14:18:00
60min-ORB-10W-Paper-v1,OA-Mirror,SPX,mirror-watch,baseline,T00139,SPX,shortputspread,expired,1,2.7,0,270,730,2026-06-12 10:45:02,2026-06-12 16:15:00,2026-06-12 16:00:00,test a,True,7360,7350,,,-270,7392.18,7431.46,1,-0.12962963,2026-06-12 14:43:00,2026-06-12 10:49:00
IC-SPX-FastPT25-S2,IC,SPX,live-candidate,post-fix,T00140,SPX,shortcallspread,expired,11,0.85,0,935,4565,2026-06-12 11:01:02,2026-06-12 16:15:00,2026-06-12 16:00:00,call side,False,,,7495,7500,-935,7440.08,7431.46,1,-0.17647059,2026-06-12 14:07:00,2026-06-12 11:25:00
IC-SPX-Fortress-Unstopped,IC,SPX,control,pre-fix,T00141,SPX,shortputspread,expired,10,0.25,0,250,4750,2026-06-12 13:31:01,2026-06-12 16:15:00,2026-06-12 16:00:00,put side,False,7375,7370,,,-250,7430.34,7431.46,1,-0.2,2026-06-12 14:46:00,2026-06-12 13:33:00
QQQ-IC-0DTE-Fortress-NoPT50,IC,QQQ,experiment,baseline,T00138,QQQ,shortcallspread,expired,26,0.13,0,338,4862,2026-06-12 13:33:02,2026-06-12 16:15:00,2026-06-12 16:00:00,call side,False,,,728,730,-338,722.59,721.34,1,-0.23076923,2026-06-12 15:30:00,2026-06-12 13:43:00
IC-SPX-FastPT25-S2,IC,SPX,live-candidate,post-fix,T00140,SPX,shortputspread,expired,11,0.85,0,935,4565,2026-06-12 11:01:01,2026-06-12 16:15:00,2026-06-12 16:00:00,put side,False,7385,7380,,,-935,7441.66,7431.46,1,-1.17647059,2026-06-12 15:26:00,2026-06-12 12:06:00
Weekly-IB-SPY-Paper-v1,OA-Mirror,SPY,mirror-watch,baseline,T00142,SPY,ironbutterfly,expired,1,9.49,8.25,124,1151,2026-06-05 09:45:27,2026-06-12 16:15:00,2026-06-12 16:00:00,,False,750,729,750,766,-949,750.45,741.75,0.32771338,-0.96311907,2026-06-12 11:28:00,2026-06-11 13:26:00
IC-SPX-Fortress-Unstopped,IC,SPX,control,pre-fix,T00141,SPX,shortcallspread,expired,10,0.25,0,250,4750,2026-06-12 13:31:02,2026-06-12 16:15:00,2026-06-12 16:00:00,call side,False,,,7485,7490,-250,7430.42,7431.46,1,0,2026-06-12 15:00:00,2026-06-12 13:32:00
QQQ-IC-0DTE-Fortress,IC,QQQ,experiment,baseline,T00136,QQQ,shortcallspread,expired,26,0.13,0,338,4862,2026-06-12 13:33:02,2026-06-12 16:15:00,2026-06-12 16:00:00,call side,False,,,728,730,-338,722.59,721.34,1,-0.23076923,2026-06-12 15:30:00,2026-06-12 13:43:00
IC-SPX-Fortress-Defang,IC,SPX,experiment,baseline,T00143,SPX,shortputspread,closed,10,0.25,0.1,150,4750,2026-06-12 13:31:01,2026-06-12 15:31:02,2026-06-12 16:00:00,put side,False,7375,7370,,,-250,7430.34,7424.51,1,-0.2,2026-06-12 14:46:00,2026-06-12 13:33:00
IC-SPX-Fortress-Defang,IC,SPX,experiment,baseline,T00143,SPX,shortcallspread,closed,10,0.25,0.05,200,4750,2026-06-12 13:31:02,2026-06-12 15:30:09,2026-06-12 16:00:00,call side,False,,,7485,7490,-250,7430.42,7426.69,1,0,2026-06-12 15:00:00,2026-06-12 13:32:00
3DTE $140-$350,OA-Mirror,SPX,mirror-watch,baseline,T00144,SPX,ironcondor,closed,1,0.55,0.15,40,945,2026-06-11 10:00:11,2026-06-12 15:15:02,2026-06-16 16:00:00,"310,60percent",False,7000,6990,7625,7635,-55,7310.09,7426.81,1,-2.27272727,2026-06-11 13:29:00,2026-06-11 10:56:00
3DTE $140-$350,OA-Mirror,SPX,mirror-watch,baseline,T00145,SPX,ironcondor,closed,1,0.55,0.1,45,945,2026-06-09 10:00:07,2026-06-12 11:00:01,2026-06-12 16:00:00,"220,60percent,90 profit",False,7235,7225,7680,7690,-55,7454.07,7437.06,0.96363636,-6.41818182,2026-06-12 10:58:00,2026-06-09 12:45:00
IC-SPX-FastPT25-S2,IC,SPX,live-candidate,post-fix,T00146,SPX,shortputspread,closed,11,0.55,0.1,495,4895,2026-06-11 13:29:02,2026-06-11 13:43:02,2026-06-11 16:00:00,put side,False,7255,7250,,,-605,7309.94,7368.61,0.96363636,0.05454545,2026-06-11 13:43:00,2026-06-11 13:29:02
IC-SPX-FastPT25-S2,IC,SPX,live-candidate,post-fix,T00146,SPX,shortcallspread,closed,11,1.25,2.8,-1705,4125,2026-06-11 13:29:03,2026-06-11 13:43:00,2026-06-11 16:00:00,call side,False,,,7365,7370,-1375,7308.2,7368.54,0.824,-1.04,2026-06-11 13:29:03,2026-06-11 13:42:00
IC-SPX-FastPT25-S2,IC,SPX,live-candidate,post-fix,T00147,SPX,shortputspread,closed,12,1.05,0.3,900,4740,2026-06-11 11:01:00,2026-06-11 13:29:01,2026-06-11 16:00:00,put side,False,7210,7205,,,-1260,7263.02,7309.94,1,0.0952381,2026-06-11 13:29:00,2026-06-11 11:01:00
IC-SPX-FastPT25-S2,IC,SPX,live-candidate,post-fix,T00147,SPX,shortcallspread,closed,12,1.05,7.5,-7740,4740,2026-06-11 11:01:01,2026-06-11 13:29:00,2026-06-11 16:00:00,call side,False,,,7315,7320,-1260,7262.79,7313.56,0.45714286,-1.33333333,2026-06-11 13:23:00,2026-06-11 12:16:00
3DTE $140-$350,OA-Mirror,SPX,mirror-watch,baseline,T00148,SPX,ironcondor,expired,1,0.6,10,-940,940,2026-06-05 10:00:07,2026-06-10 16:15:00,2026-06-10 16:00:00,210,False,7290,7280,7715,7725,-60,7500.6,7266.99,1,-14,2026-06-05 13:13:00,2026-06-10 15:58:00
IC-SPX-FastPT25-S2,IC,SPX,live-candidate,post-fix,T00149,SPX,shortcallspread,closed,12,1,0.05,1140,4800,2026-06-10 11:01:02,2026-06-10 15:16:01,2026-06-10 16:00:00,call side,False,,,7390,7395,-1200,7334.94,7279.73,1,-0.4,2026-06-10 13:40:00,2026-06-10 11:02:00
IC-SPX-FastPT25-S2,IC,SPX,live-candidate,post-fix,T00149,SPX,shortputspread,closed,12,0.95,2.3,-1620,4860,2026-06-10 11:01:00,2026-06-10 15:16:00,2026-06-10 16:00:00,put side,False,7280,7275,,,-1140,7335.02,7279.58,0.57894737,-1.26315789,2026-06-10 14:05:00,2026-06-10 15:16:00
Weekly-IB-SPY-Paper-v1,OA-Mirror,SPY,mirror-watch,baseline,T00150,SPY,ironbutterfly,closed,1,9.09,13.85,-476,1191,2026-06-04 09:45:48,2026-06-10 09:45:12,2026-06-11 16:00:00,,False,752,731,752,767,-909,751.79,736.28,0.1540154,-1.02750275,2026-06-09 09:51:00,2026-06-09 12:40:00
IC-SPX-FastPT25-S2,IC,SPX,live-candidate,post-fix,T00151,SPX,shortcallspread,expired,10,0.25,0,250,4750,2026-06-09 14:19:02,2026-06-09 16:15:00,2026-06-09 16:00:00,call side,False,,,7410,7415,-250,7354.07,7386.65,1,-2.08,2026-06-09 15:35:00,2026-06-09 15:05:00
3DTE $140-$350,OA-Mirror,SPX,mirror-watch,baseline,T00153,SPX,ironcondor,expired,1,0.45,0,45,955,2026-06-04 10:00:32,2026-06-09 16:15:00,2026-06-09 16:00:00,190,False,7355,7345,7740,7750,-45,7546.17,7386.65,1,-24.44444444,2026-06-09 15:57:00,2026-06-09 12:54:00
IC-SPX-Fortress-Unstopped,IC,SPX,control,pre-fix,T00154,SPX,shortcallspread,expired,10,0.25,0,250,4750,2026-06-09 14:19:02,2026-06-09 16:15:00,2026-06-09 16:00:00,call side,False,,,7410,7415,-250,7354.07,7386.65,1,-2.08,2026-06-09 15:35:00,2026-06-09 15:05:00
IC-SPX-FastPT25-S2,IC,SPX,live-candidate,post-fix,T00151,SPX,shortputspread,expired,10,0.35,0,350,4650,2026-06-09 14:19:00,2026-06-09 16:15:00,2026-06-09 16:00:00,put side,False,7300,7295,,,-350,7354,7386.65,1,-0.08571429,2026-06-09 15:00:00,2026-06-09 15:17:00
IC-SPX-Fortress-Unstopped,IC,SPX,control,pre-fix,T00154,SPX,shortputspread,expired,10,0.35,0,350,4650,2026-06-09 14:19:00,2026-06-09 16:15:00,2026-06-09 16:00:00,put side,False,7300,7295,,,-350,7354,7386.65,1,-0.08571429,2026-06-09 15:00:00,2026-06-09 15:17:00
IC-SPX-Fortress-Defang,IC,SPX,experiment,baseline,T00155,SPX,shortputspread,closed,10,0.35,0.2,150,4650,2026-06-09 14:19:00,2026-06-09 15:44:02,2026-06-09 16:00:00,put side,False,7300,7295,,,-350,7354,7345.61,1,-0.08571429,2026-06-09 15:00:00,2026-06-09 15:17:00
IC-SPX-Fortress-Defang,IC,SPX,experiment,baseline,T00155,SPX,shortcallspread,closed,10,0.25,0.05,200,4750,2026-06-09 14:19:02,2026-06-09 15:43:03,2026-06-09 16:00:00,call side,False,,,7410,7415,-250,7354.07,7350.73,1,-2.08,2026-06-09 15:35:00,2026-06-09 15:05:00
IC-SPX-FastPT25-S2,IC,SPX,live-candidate,post-fix,T00152,SPX,shortcallspread,closed,11,0.65,0.15,550,4785,2026-06-09 11:01:02,2026-06-09 11:29:01,2026-06-09 16:00:00,call side,False,,,7445,7450,-715,7389.83,7329.01,0.84615385,0.03076923,2026-06-09 11:27:00,2026-06-09 11:11:00
IC-SPX-FastPT25-S2,IC,SPX,live-candidate,post-fix,T00152,SPX,shortputspread,closed,11,0.65,2.7,-2255,4785,2026-06-09 11:01:00,2026-06-09 11:29:00,2026-06-09 16:00:00,put side,False,7335,7330,,,-715,7390.18,7328.17,0.23076923,-2.76923077,2026-06-09 11:11:00,2026-06-09 11:29:00
3DTE $140-$350,OA-Mirror,SPX,mirror-watch,baseline,T00156,SPX,ironcondor,closed,1,0.55,0.15,40,945,2026-06-08 10:00:05,2026-06-09 09:45:02,2026-06-11 16:00:00,"250,60percent",False,7170,7160,7675,7685,-55,7421.79,7467.42,0.81818182,-0.09090909,2026-06-09 09:37:00,2026-06-08 10:00:05
Weekly-IB-SPY-Paper-v1,OA-Mirror,SPY,mirror-watch,baseline,T00157,SPY,ironbutterfly,closed,1,8.77,11.34,-257,1223,2026-06-03 10:15:29,2026-06-09 09:45:02,2026-06-10 16:00:00,,False,757,736,757,771,-877,756.84,745.38,0.18700114,-0.78677309,2026-06-04 15:50:00,2026-06-08 15:28:00
IC-SPX-Fortress-Unstopped,IC,SPX,control,pre-fix,T00158,SPX,shortcallspread,expired,10,0.1,0,100,4900,2026-06-08 13:32:04,2026-06-08 16:15:00,2026-06-08 16:00:00,call side,False,,,7485,7490,-100,7431.26,7405.73,1,0,2026-06-08 13:45:00,2026-06-08 13:32:04
60min-ORB-10W-Paper-v1,OA-Mirror,SPX,mirror-watch,baseline,T00159,SPX,shortputspread,expired,1,1.1,10,-890,890,2026-06-08 11:00:02,2026-06-08 16:15:00,2026-06-08 16:00:00,test a,True,7420,7410,,,-110,7463.24,7405.73,0.22727273,-7.95454545,2026-06-08 11:25:00,2026-06-08 15:58:00
IC-SPX-FastPT25-S2,IC,SPX,live-candidate,post-fix,T00160,SPX,shortputspread,expired,10,0.5,0,500,4500,2026-06-08 11:34:03,2026-06-08 16:15:00,2026-06-08 16:00:00,put side,False,7380,7375,,,-500,7434.77,7405.73,1,-0.8,2026-06-08 15:47:00,2026-06-08 15:26:00
IC-SPX-FastPT25-S2,IC,SPX,live-candidate,post-fix,T00160,SPX,shortcallspread,expired,10,0.35,0,350,4650,2026-06-08 11:33:03,2026-06-08 16:15:00,2026-06-08 16:00:00,call side,False,,,7490,7495,-350,7436.36,7405.73,1,-0.62857143,2026-06-08 13:26:00,2026-06-08 11:48:00
3DTE $140-$350,OA-Mirror,SPX,mirror-watch,baseline,T00162,SPX,ironcondor,expired,1,0.45,0,45,955,2026-06-03 10:05:01,2026-06-08 16:15:00,2026-06-08 16:00:00,190,False,7390,7380,7775,7785,-45,7580.73,7405.73,1,-9.55555556,2026-06-08 15:58:00,2026-06-05 15:18:00
IC-SPX-Fortress-Unstopped,IC,SPX,control,pre-fix,T00158,SPX,shortputspread,expired,10,0.15,0,150,4850,2026-06-08 13:31:01,2026-06-08 16:15:00,2026-06-08 16:00:00,put side,False,7380,7375,,,-150,7437.05,7405.73,1,-5,2026-06-08 15:47:00,2026-06-08 15:26:00
IC-SPX-Fortress-Defang,IC,SPX,experiment,baseline,T00163,SPX,shortputspread,closed,10,0.15,0.15,0,4850,2026-06-08 13:31:01,2026-06-08 15:09:01,2026-06-08 16:00:00,put side,False,7380,7375,,,-150,7437.05,7418.15,0.86666667,-1.66666667,2026-06-08 14:31:00,2026-06-08 13:45:00
IC-SPX-Fortress-Defang,IC,SPX,experiment,baseline,T00163,SPX,shortcallspread,closed,10,0.1,0.05,50,4900,2026-06-08 13:32:06,2026-06-08 15:08:02,2026-06-08 16:00:00,call side,False,,,7485,7490,-100,7431.36,7420.93,1,0,2026-06-08 13:45:00,2026-06-08 13:32:06
IC-SPX-FastPT25-S2,IC,SPX,live-candidate,post-fix,T00161,SPX,shortputspread,closed,11,0.55,0.6,-55,4895,2026-06-08 11:31:01,2026-06-08 11:33:02,2026-06-08 16:00:00,put side,True,7385,7380,,,-605,7438.83,7436.44,0.14545455,-0.09090909,2026-06-08 11:32:00,2026-06-08 11:33:00
Weekly-IB-SPY-Paper-v1,OA-Mirror,SPY,mirror-watch,baseline,T00164,SPY,ironbutterfly,closed,1,8.66,13.18,-452,1134,2026-06-02 09:45:28,2026-06-08 09:45:13,2026-06-09 16:00:00,,False,757,737,757,771,-866,757.46,742.74,0.27713626,-0.77713626,2026-06-04 15:57:00,2026-06-05 15:21:00
Weekly-IB-SPY-Paper-v1,OA-Mirror,SPY,mirror-watch,baseline,T00165,SPY,ironbutterfly,closed,1,8.73,13.05,-432,1227,2026-06-01 09:45:26,2026-06-08 09:45:12,2026-06-08 16:00:00,,False,756,735,756,770,-873,756.29,742.74,0.36769759,-0.8327606,2026-06-04 15:56:00,2026-06-05 15:18:00
IC-SPX-FastPT25-S2,IC,SPX,live-candidate,pre-fix,T00166,SPX,shortcallspread,closed,10,0.35,0.1,250,4650,2026-06-05 09:31:03,2026-06-05 12:01:02,2026-06-05 16:00:00,call side,False,,,7590,7595,-350,7532.72,7474.1,1,-0.28571429,2026-06-05 11:13:00,2026-06-05 09:33:00
IC-SPX-FastPT25-S2,IC,SPX,live-candidate,pre-fix,T00166,SPX,shortputspread,closed,10,0.35,2.4,-2050,4650,2026-06-05 09:31:01,2026-06-05 12:01:00,2026-06-05 16:00:00,put side,False,7475,7470,,,-350,7533.28,7474.27,0.37142857,-5.28571429,2026-06-05 09:36:00,2026-06-05 12:01:00
Trendy-Paper-v1,OA-Mirror,,mirror-watch,baseline,T00167,SPY,shortputspread,closed,1,0.66,0.92,-26,934,2026-06-02 09:45:14,2026-06-05 09:45:19,2026-06-12 16:00:00,,True,737,727,,,-66,757.3,750.37,0.51515152,-0.37878788,2026-06-04 15:33:00,2026-06-05 09:45:00
IC-SPX-FastPT25-S2,IC,SPX,live-candidate,pre-fix,T00168,SPX,shortputspread,closed,10,0.35,0.05,300,4650,2026-06-04 09:31:01,2026-06-04 13:27:03,2026-06-04 16:00:00,put side,False,7475,7470,,,-350,7529.54,7585.29,1,-0.08571429,2026-06-04 10:57:00,2026-06-04 09:46:00
IC-SPX-FastPT25-S2,IC,SPX,live-candidate,pre-fix,T00168,SPX,shortcallspread,closed,10,0.4,2.3,-1900,4600,2026-06-04 09:31:02,2026-06-04 13:27:01,2026-06-04 16:00:00,call side,False,,,7585,7590,-400,7529.02,7585.39,0.375,-4.5,2026-06-04 10:06:00,2026-06-04 13:02:00
3DTE $140-$350,OA-Mirror,SPX,mirror-watch,baseline,T00169,SPX,ironcondor,closed,1,0.5,0.15,35,950,2026-06-02 10:05:09,2026-06-04 11:45:02,2026-06-05 16:00:00,"170,60percent",False,7420,7410,7765,7775,-50,7594.96,7567.17,0.8,-0.34,2026-06-04 11:13:00,2026-06-03 12:44:00
Nigiri-Paper-v1,OA-Mirror,,mirror-watch,baseline,T00170,SPY,shortputspread,closed,10,0.11,0.07,40,4890,2026-06-03 09:45:28,2026-06-04 10:00:13,2026-06-05 16:00:00,,True,738,733,,,-110,756.51,753.37,0.54545455,-0.54545455,2026-06-04 09:59:00,2026-06-03 09:49:00
Nigiri-Paper-v1,OA-Mirror,,mirror-watch,baseline,T00171,SPY,shortputspread,closed,10,0.11,0.1,10,4890,2026-06-03 09:45:28,2026-06-04 09:45:14,2026-06-05 16:00:00,,True,738,733,,,-110,756.51,751.87,0.36363636,-0.54545455,2026-06-03 14:25:00,2026-06-03 09:49:00
IC-SPX-FastPT25-S2,IC,SPX,live-candidate,pre-fix,T00172,SPX,shortcallspread,expired,10,0.1,0,100,4900,2026-06-03 09:34:03,2026-06-03 16:15:00,2026-06-03 16:00:00,call side,False,,,7660,7665,-100,7600.76,7553.68,1,0.2,2026-06-03 09:47:00,2026-06-03 09:34:03
IC-SPX-FastPT25-S2,IC,SPX,live-candidate,pre-fix,T00172,SPX,shortputspread,expired,10,0.2,0,200,4800,2026-06-03 09:34:02,2026-06-03 16:15:00,2026-06-03 16:00:00,put side,False,7545,7540,,,-200,7601.62,7553.68,1,-6.5,2026-06-03 14:26:00,2026-06-03 12:42:00
Nigiri-Paper-v1,OA-Mirror,,mirror-watch,baseline,T00174,SPY,shortputspread,closed,10,0.08,0.04,40,4920,2026-06-02 09:45:28,2026-06-03 09:45:02,2026-06-05 16:00:00,,True,735,730,,,-80,757.46,756.51,1,-0.25,2026-06-02 10:00:00,2026-06-02 09:48:00
IC-SPX-FastPT25-S2,IC,SPX,live-candidate,pre-fix,T00173,SPX,shortputspread,closed,10,0.25,0.25,0,4750,2026-06-03 09:31:01,2026-06-03 09:34:01,2026-06-03 16:00:00,put side,True,7545,7540,,,-250,7601.77,7601.62,0.32,0.08,2026-06-03 09:33:00,2026-06-03 09:31:01
60min-ORB-10W-Paper-v1,OA-Mirror,SPX,mirror-watch,baseline,T00175,SPX,shortputspread,expired,1,0.9,0,90,910,2026-06-02 10:45:02,2026-06-02 16:15:00,2026-06-02 16:00:00,test a,True,7580,7570,,,-90,7606.18,7609.78,1,0,2026-06-02 14:58:00,2026-06-02 10:45:02
IC-SPX-FastPT25-S2,IC,SPX,live-candidate,pre-fix,T00176,SPX,shortputspread,expired,10,0.25,0,250,4750,2026-06-02 09:31:00,2026-06-02 16:15:00,2026-06-02 16:00:00,put side,False,7530,7525,,,-250,7586.72,7609.78,1,0,2026-06-02 11:15:00,2026-06-02 09:31:01
IC-SPX-FastPT25-S2,IC,SPX,live-candidate,pre-fix,T00176,SPX,shortcallspread,expired,10,0.1,0,100,4900,2026-06-02 09:31:02,2026-06-02 16:15:00,2026-06-02 16:00:00,call side,False,,,7645,7650,-100,7586.92,7609.78,1,-3,2026-06-02 13:27:00,2026-06-02 11:22:00
3DTE $140-$350,OA-Mirror,SPX,mirror-watch,baseline,T00177,SPX,ironcondor,closed,1,0.5,0.15,35,950,2026-06-01 10:05:01,2026-06-02 10:45:01,2026-06-04 16:00:00,"180,60percent",False,7390,7380,7755,7765,-50,7573.65,7606.18,0.76,0.06,2026-06-02 10:45:00,2026-06-01 10:05:02
Nigiri-Paper-v1,OA-Mirror,,mirror-watch,baseline,T00178,SPY,shortputspread,closed,10,0.08,0.07,10,4920,2026-06-01 09:45:26,2026-06-02 09:45:13,2026-06-05 16:00:00,,True,730,725,,,-80,756.29,757.4,0.5,-0.5,2026-06-01 15:02:00,2026-06-01 10:00:00
IC-SPX-FastPT25-S2,IC,SPX,live-candidate,pre-fix,T00179,SPX,shortputspread,expired,10,0.4,0,400,4600,2026-06-01 09:31:01,2026-06-01 16:15:00,2026-06-01 16:00:00,put side,False,7510,7505,,,-400,7564.34,7599.96,1,0,2026-06-01 11:37:00,2026-06-01 09:31:01
60min-ORB-10W-Paper-v1,OA-Mirror,SPX,mirror-watch,baseline,T00180,SPX,shortputspread,expired,1,0.75,0,75,925,2026-06-01 12:00:01,2026-06-01 16:15:00,2026-06-01 16:00:00,test a,True,7560,7550,,,-75,7583.93,7599.96,1,-0.82666667,2026-06-01 14:25:00,2026-06-01 12:19:00
IC-SPX-FastPT25-S2,IC,SPX,live-candidate,pre-fix,T00179,SPX,shortcallspread,expired,10,0.35,0,350,4650,2026-06-01 09:31:02,2026-06-01 16:15:00,2026-06-01 16:00:00,call side,False,,,7620,7625,-350,7564.85,7599.96,1,-3.62857143,2026-06-01 15:49:00,2026-06-01 13:48:00
QQQ long call,OA-Mirror,QQQ,mirror-watch,baseline,T00181,QQQ,longcallspread,closed,1,29.25,41.84,1259,2925,2026-05-11 09:45:03,2026-06-01 12:45:01,2026-08-21 16:00:00,,False,,,825,720,2925,712.6,741.55,0.4382906,-0.30188034,2026-06-01 12:42:00,2026-05-19 10:22:00
QQQ long call,OA-Mirror,QQQ,mirror-watch,baseline,T00182,QQQ,longcallspread,closed,1,28.97,43.28,1431,2897,2026-05-18 09:45:07,2026-06-01 11:00:01,2026-08-21 16:00:00,,False,,,820,715,2897,707.36,739.47,0.49395927,-0.22160856,2026-06-01 11:00:00,2026-05-19 10:22:00
Weekly-IB-SPY-Paper-v1,OA-Mirror,SPY,mirror-watch,baseline,T00183,SPY,ironbutterfly,expired,1,10.39,16,-561,1361,2026-05-20 09:45:07,2026-05-31 21:51:29,2026-05-27 16:00:00,,False,736,712,736,752,-1039,736.17,756.48,0.11549567,-0.16650626,2026-05-21 12:59:00,2026-05-22 13:30:00
Weekly-IB-SPY-Paper-v1,OA-Mirror,SPY,mirror-watch,baseline,T00184,SPY,ironbutterfly,expired,1,11.34,18.48,-714,1366,2026-05-18 09:45:07,2026-05-31 21:51:29,2026-05-26 16:00:00,,False,738,713,738,757,-1134,738,756.48,0.3015873,-0.02733686,2026-05-21 13:00:00,2026-05-18 09:57:00
Nigiri-Paper-v1,OA-Mirror,,mirror-watch,baseline,T00185,SPY,shortputspread,expired,10,0.1,0,100,4900,2026-05-22 10:00:23,2026-05-31 21:51:29,2026-05-29 16:00:00,,True,716,711,,,-100,746.85,756.48,0.3,-0.4,2026-05-22 13:06:00,2026-05-22 10:24:00
3DTE $140-$350,OA-Mirror,SPX,mirror-watch,baseline,T00186,SPX,ironcondor,expired,1,0.45,0,45,955,2026-05-21 10:00:08,2026-05-31 21:51:29,2026-05-27 16:00:00,240,False,7175,7165,7660,7670,-45,7416.35,7580.06,0.66666667,-2.4,2026-05-22 15:58:00,2026-05-21 10:15:00
Weekly-IB-SPY-Paper-v1,OA-Mirror,SPY,mirror-watch,baseline,T00187,SPY,ironbutterfly,expired,1,9.65,15,-535,1335,2026-05-21 10:00:18,2026-05-31 21:51:29,2026-05-28 16:00:00,,False,740,717,740,755,-965,739.8,756.48,0.05284974,-0.07564767,2026-05-21 13:11:00,2026-05-22 13:30:00
3DTE $140-$350,OA-Mirror,SPX,mirror-watch,baseline,T00188,SPX,ironcondor,expired,1,0.5,0,50,950,2026-05-22 10:05:02,2026-05-31 21:51:29,2026-05-26 16:00:00,170,False,7305,7295,7650,7660,-50,7479.76,7580.06,0.46,-0.1,2026-05-22 11:55:00,2026-05-22 10:24:00
Weekly-IB-SPY-Paper-v1,OA-Mirror,SPY,mirror-watch,baseline,T00189,SPY,ironbutterfly,expired,1,9.25,8.48,77,1175,2026-05-22 09:45:11,2026-05-31 21:51:29,2026-05-29 16:00:00,,False,748,727,748,763,-925,747.6,756.48,0.07351351,-0.00432432,2026-05-22 13:53:00,2026-05-22 09:45:12
Weekly-IB-SPY-Paper-v1,OA-Mirror,SPY,mirror-watch,baseline,T00190,SPY,ironbutterfly,expired,1,11.33,19,-767,1267,2026-05-19 09:45:15,2026-05-31 21:51:29,2026-05-26 16:00:00,,False,733,709,733,752,-1133,733.56,756.48,0.15445719,-0.30714916,2026-05-21 12:51:00,2026-05-22 13:32:00
1-45pm-Sandwich-Paper-v1,OA-Mirror,,mirror-watch,baseline,T00191,SPX,ironcondor,expired,1,3.4,5,-160,160,2026-05-22 13:45:01,2026-05-22 16:15:00,2026-05-22 16:00:00,,False,7495,7490,7505,7510,-340,7497.7,7473.47,0.07352941,-0.55882353,2026-05-22 14:25:00,2026-05-22 15:58:00
QQQ-IC-0DTE-Raw-HoldToExp,IC,QQQ,control,baseline,T00192,QQQ,shortputspread,closed,1,0.14,0.02,12,186,2026-05-22 11:01:01,2026-05-22 15:50:00,2026-05-22 16:00:00,put side,False,714,712,,,-14,719.78,717.41,1,-0.07142857,2026-05-22 14:42:00,2026-05-22 11:01:00
QQQ-IC-0DTE-Baseline,IC,QQQ,control,baseline,T00193,QQQ,ironcondor,closed,109,0.09,0.19,-1090,9919,2026-05-22 13:30:14,2026-05-22 15:50:00,2026-05-22 16:00:00,,False,717,716,726,727,-981,722.06,717.41,0.66666667,-2.66666667,2026-05-22 14:41:00,2026-05-22 15:31:00
QQQ-IC-0DTE-Raw-HoldToExp,IC,QQQ,control,baseline,T00192,QQQ,shortcallspread,closed,1,0.16,0.01,15,184,2026-05-22 11:01:02,2026-05-22 15:50:00,2026-05-22 16:00:00,call side,False,,,725,727,-16,719.82,717.41,1,-0.3125,2026-05-22 14:40:00,2026-05-22 11:18:00
Trendy-Paper-v1,OA-Mirror,,mirror-watch,baseline,T00194,SPY,shortputspread,closed,1,0.79,0.35,44,921,2026-05-21 12:00:03,2026-05-22 15:15:14,2026-06-01 16:00:00,,True,720,710,,,-79,739.3,746.38,0.6835443,-0.0886076,2026-05-22 13:30:00,2026-05-21 12:51:00
IC-SPX-Fortress-Unstopped,IC,SPX,control,pre-fix,T00195,SPX,shortputspread,closed,10,0.1,0.1,0,4900,2026-05-22 14:06:00,2026-05-22 14:08:02,2026-05-22 16:00:00,put side,True,7435,7430,,,-100,7490.5,7491.66,0.5,0.5,2026-05-22 14:06:00,2026-05-22 14:06:00
IC-SPX-Fortress-Defang,IC,SPX,experiment,baseline,T00196,SPX,shortputspread,closed,10,0.1,0.1,0,4900,2026-05-22 14:06:00,2026-05-22 14:08:01,2026-05-22 16:00:00,put side,True,7435,7430,,,-100,7490.5,7491.66,0.5,0.5,2026-05-22 14:06:00,2026-05-22 14:06:00
QQQ-IC-0DTE-Range075-PT50-Wide2-1230PM,IC,QQQ,experiment,baseline,T00197,QQQ,shortputspread,closed,1,0.07,0.03,4,193,2026-05-22 12:35:00,2026-05-22 13:31:11,2026-05-22 16:00:00,put side,True,714,712,,,-7,719.59,721.59,0.71428571,-0.14285714,2026-05-22 13:31:00,2026-05-22 12:35:00
QQQ-IC-0DTE-HedgeD-Conditional,IC,QQQ,experiment,baseline,T00198,QQQ,shortcallspread,closed,27,0.16,0.08,216,4968,2026-05-22 11:01:02,2026-05-22 12:24:11,2026-05-22 16:00:00,call side,False,,,725,727,-432,719.82,719.7,0.5625,-0.3125,2026-05-22 12:24:00,2026-05-22 11:18:00
QQQ-IC-0DTE-HedgeA-S1,IC,QQQ,experiment,baseline,T00199,QQQ,shortcallspread,closed,27,0.16,0.08,216,4968,2026-05-22 11:01:02,2026-05-22 12:24:11,2026-05-22 16:00:00,call side,False,,,725,727,-432,719.82,719.7,0.5625,-0.3125,2026-05-22 12:24:00,2026-05-22 11:18:00
QQQ-IC-0DTE-HedgeTest,IC,QQQ,experiment,baseline,T00200,QQQ,shortcallspread,closed,27,0.16,0.08,216,4968,2026-05-22 11:01:02,2026-05-22 12:24:11,2026-05-22 16:00:00,call side,False,,,725,727,-432,719.82,719.7,0.5625,-0.3125,2026-05-22 12:24:00,2026-05-22 11:18:00
QQQ-IC-0DTE-HedgeC-S3,IC,QQQ,experiment,baseline,T00201,QQQ,shortcallspread,closed,27,0.16,0.08,216,4968,2026-05-22 11:01:02,2026-05-22 12:24:11,2026-05-22 16:00:00,call side,False,,,725,727,-432,719.82,719.7,0.5625,-0.3125,2026-05-22 12:24:00,2026-05-22 11:18:00
QQQ-IC-0DTE-HedgeD-Conditional,IC,QQQ,experiment,baseline,T00198,QQQ,shortputspread,closed,26,0.14,0.07,182,4836,2026-05-22 11:01:01,2026-05-22 12:02:11,2026-05-22 16:00:00,put side,False,714,712,,,-364,719.78,720.76,0.57142857,-0.07142857,2026-05-22 12:02:00,2026-05-22 11:01:00
QQQ-IC-0DTE-HedgeA-S1,IC,QQQ,experiment,baseline,T00199,QQQ,shortputspread,closed,26,0.14,0.07,182,4836,2026-05-22 11:01:01,2026-05-22 12:02:11,2026-05-22 16:00:00,put side,False,714,712,,,-364,719.78,720.76,0.57142857,-0.07142857,2026-05-22 12:02:00,2026-05-22 11:01:00
QQQ-IC-0DTE-HedgeTest,IC,QQQ,experiment,baseline,T00200,QQQ,shortputspread,closed,26,0.14,0.07,182,4836,2026-05-22 11:01:01,2026-05-22 12:02:10,2026-05-22 16:00:00,put side,False,714,712,,,-364,719.78,720.76,0.57142857,-0.07142857,2026-05-22 12:02:00,2026-05-22 11:01:00
QQQ-IC-0DTE-HedgeC-S3,IC,QQQ,experiment,baseline,T00201,QQQ,shortputspread,closed,26,0.14,0.07,182,4836,2026-05-22 11:01:01,2026-05-22 12:02:10,2026-05-22 16:00:00,put side,False,714,712,,,-364,719.78,720.76,0.57142857,-0.07142857,2026-05-22 12:02:00,2026-05-22 11:01:00
QQQ-IC-0DTE-HedgeB-S2,IC,QQQ,experiment,baseline,T00202,QQQ,shortputspread,closed,26,0.14,0.09,130,4836,2026-05-22 11:01:01,2026-05-22 11:33:00,2026-05-22 16:00:00,put side,False,714,712,,,-364,719.78,721,0.5,-0.07142857,2026-05-22 11:30:00,2026-05-22 11:01:00
QQQ-IC-0DTE-HedgeB-S2,IC,QQQ,experiment,baseline,T00202,QQQ,shortcallspread,closed,27,0.16,0.2,-108,4968,2026-05-22 11:01:02,2026-05-22 11:30:01,2026-05-22 16:00:00,call side,False,,,725,727,-432,719.82,721.16,0,-0.3125,2026-05-22 11:25:00,2026-05-22 11:18:00
Friday 14 DTE Broken Wing IB (B-70),OA-Mirror,,mirror-watch,baseline,T00203,SPX,ironbutterfly,closed,1,41.85,40.7,115,1815,2026-05-22 10:30:03,2026-05-22 11:29:01,2026-06-05 16:00:00,14 dte,False,7405,7345,7405,7445,-4185,7474.54,7494.59,0.02747909,0.00716846,2026-05-22 11:29:00,2026-05-22 10:30:03
IC-SPX-FastPT25-S2,IC,SPX,live-candidate,pre-fix,T00205,SPX,shortputspread,closed,10,0.5,0.45,50,4500,2026-05-22 09:37:02,2026-05-22 11:01:02,2026-05-22 16:00:00,put side,False,7435,7430,,,-500,7490.14,7483.17,0.26,-1.2,2026-05-22 09:48:00,2026-05-22 10:24:00
IC-SPX-FastPT25-S2,IC,SPX,live-candidate,pre-fix,T00207,SPX,shortputspread,closed,10,0.45,0.45,0,4550,2026-05-22 09:49:02,2026-05-22 10:58:02,2026-05-22 16:00:00,put side,False,7435,7430,,,-450,7490.46,7482.36,0.17777778,-1.44444444,2026-05-22 10:58:00,2026-05-22 10:24:00
IC-SPX-FastPT25-S2,IC,SPX,live-candidate,pre-fix,T00207,SPX,shortcallspread,closed,10,0.25,0.15,100,4750,2026-05-22 09:48:03,2026-05-22 10:04:00,2026-05-22 16:00:00,call side,False,,,7555,7560,-250,7497.12,7480.06,0.4,0,2026-05-22 10:04:00,2026-05-22 09:48:03
IC-SPX-FastPT25-S2,IC,SPX,live-candidate,pre-fix,T00208,SPX,shortcallspread,closed,10,0.35,0.25,100,4650,2026-05-22 10:01:03,2026-05-22 10:04:00,2026-05-22 16:00:00,call side,True,,,7540,7545,-350,7483.68,7480.06,0.28571429,0,2026-05-22 10:04:00,2026-05-22 10:02:00
IC-SPX-FastPT25-S2,IC,SPX,live-candidate,pre-fix,T00209,SPX,shortcallspread,closed,10,0.35,0.25,100,4650,2026-05-22 09:52:03,2026-05-22 10:01:00,2026-05-22 16:00:00,call side,True,,,7545,7550,-350,7487.64,7483.77,0.28571429,-0.14285714,2026-05-22 10:01:00,2026-05-22 10:00:00
Nigiri-Paper-v1,OA-Mirror,,mirror-watch,baseline,T00210,SPY,shortputspread,closed,10,0.12,0.05,70,4880,2026-05-21 09:45:15,2026-05-22 10:00:12,2026-05-29 16:00:00,,True,703,698,,,-120,737.74,746.88,0.75,-0.08333333,2026-05-22 09:37:00,2026-05-21 09:45:15
IC-SPX-FastPT25-S2,IC,SPX,live-candidate,pre-fix,T00205,SPX,shortcallspread,closed,10,0.4,0.5,-100,4600,2026-05-22 09:37:03,2026-05-22 09:48:02,2026-05-22 16:00:00,call side,False,,,7545,7550,-400,7489.85,7497.19,0.075,-0.25,2026-05-22 09:45:00,2026-05-22 09:40:00
IC-SPX-FastPT25-S2,IC,SPX,live-candidate,pre-fix,T00204,SPX,shortcallspread,closed,10,0.45,0.55,-100,4550,2026-05-22 09:34:03,2026-05-22 09:37:02,2026-05-22 16:00:00,call side,False,,,7540,7545,-450,7485.39,7490.14,0.06666667,-0.15555556,2026-05-22 09:34:03,2026-05-22 09:35:00
IC-SPX-FastPT25-S2,IC,SPX,live-candidate,pre-fix,T00204,SPX,shortputspread,closed,11,0.6,0.45,165,4840,2026-05-22 09:34:03,2026-05-22 09:37:00,2026-05-22 16:00:00,put side,False,7430,7425,,,-660,7485.8,7490.22,0.3,0,2026-05-22 09:37:00,2026-05-22 09:34:02
IC-SPX-FastPT25-S2,IC,SPX,live-candidate,pre-fix,T00206,SPX,shortcallspread,closed,10,0.45,0.45,0,4550,2026-05-22 09:31:05,2026-05-22 09:34:02,2026-05-22 16:00:00,call side,False,,,7540,7545,-450,7485.06,7485.8,0,-0.22222222,2026-05-22 09:34:00,2026-05-22 09:33:00
IC-SPX-FastPT25-S2,IC,SPX,live-candidate,pre-fix,T00206,SPX,shortputspread,closed,11,0.55,0.4,165,4895,2026-05-22 09:31:04,2026-05-22 09:34:01,2026-05-22 16:00:00,put side,False,7430,7425,,,-605,7485.59,7485.29,0.27272727,0.09090909,2026-05-22 09:34:00,2026-05-22 09:31:04
1-45pm-Sandwich-Paper-v1,OA-Mirror,,mirror-watch,baseline,T00211,SPX,ironcondor,expired,1,3.65,4.28,-63,135,2026-05-21 13:45:03,2026-05-21 16:15:00,2026-05-21 16:00:00,,False,7450,7445,7460,7465,-365,7453.15,7445.72,0.25479452,-0.32876712,2026-05-21 15:58:00,2026-05-21 15:01:00
IC-SPX-Fortress-Unstopped,IC,SPX,control,pre-fix,T00212,SPX,shortcallspread,expired,10,0.1,0,100,4900,2026-05-21 13:31:03,2026-05-21 16:15:00,2026-05-21 16:00:00,call side,False,,,7500,7505,-100,7442.36,7445.72,1,-2,2026-05-21 14:37:00,2026-05-21 13:53:00
IC-SPX-Fortress-Unstopped,IC,SPX,control,pre-fix,T00212,SPX,shortputspread,expired,10,0.1,0,100,4900,2026-05-21 13:31:01,2026-05-21 16:15:00,2026-05-21 16:00:00,put side,False,7385,7380,,,-100,7442.85,7445.72,1,-2.5,2026-05-21 13:50:00,2026-05-21 14:56:00
Opening Range Breakout 60m,OA-Mirror,,mirror-watch,baseline,T00213,SPX,shortcallspread,expired,1,4.1,15,-1090,1090,2026-05-21 11:15:17,2026-05-21 16:15:00,2026-05-21 16:00:00,test b,True,,,7425,7440,-410,7407,7445.72,0.5902439,-2.58536585,2026-05-21 12:51:00,2026-05-21 15:51:00
QQQ-IC-0DTE-Fortress-NoPT50,IC,QQQ,experiment,baseline,T00214,QQQ,shortcallspread,closed,25,0.07,0.01,150,4825,2026-05-21 13:34:02,2026-05-21 15:50:00,2026-05-21 16:00:00,call side,True,,,719,721,-175,713.97,714,1,-3.57142857,2026-05-21 15:22:00,2026-05-21 13:55:00
QQQ-IC-0DTE-Raw-HoldToExp,IC,QQQ,control,baseline,T00216,QQQ,shortcallspread,closed,1,0.27,0.5,-23,173,2026-05-21 11:01:02,2026-05-21 15:50:00,2026-05-21 16:00:00,call side,False,,,714,716,-27,709.15,714,0.7037037,-4.2962963,2026-05-21 12:51:00,2026-05-21 13:55:00
QQQ-IC-0DTE-Raw-HoldToExp,IC,QQQ,control,baseline,T00216,QQQ,shortputspread,closed,1,0.28,0.01,27,172,2026-05-21 11:01:01,2026-05-21 15:50:00,2026-05-21 16:00:00,put side,False,704,702,,,-28,709.09,714,1,-0.42857143,2026-05-21 13:54:00,2026-05-21 11:09:00
QQQ-IC-0DTE-Range075-PT50-Wide2-1230PM,IC,QQQ,experiment,baseline,T00217,QQQ,shortcallspread,closed,1,0.08,0.17,-9,192,2026-05-21 12:31:02,2026-05-21 15:50:00,2026-05-21 16:00:00,call side,False,,,715,717,-8,709.81,714,0.375,-13.875,2026-05-21 12:50:00,2026-05-21 13:55:00
QQQ-IC-0DTE-Fortress-NoPT50,IC,QQQ,experiment,baseline,T00215,QQQ,shortputspread,closed,25,0.07,0.01,150,4825,2026-05-21 13:31:01,2026-05-21 15:50:00,2026-05-21 16:00:00,put side,True,709,707,,,-175,714.25,714,1,-2.85714286,2026-05-21 15:50:00,2026-05-21 14:57:00
IC-SPX-Fortress-Defang,IC,SPX,experiment,baseline,T00218,SPX,shortputspread,closed,10,0.1,0.1,0,4900,2026-05-21 13:31:01,2026-05-21 15:32:02,2026-05-21 16:00:00,put side,False,7385,7380,,,-100,7442.85,7445.44,1,-2.5,2026-05-21 13:50:00,2026-05-21 14:56:00
IC-SPX-Fortress-Defang,IC,SPX,experiment,baseline,T00218,SPX,shortcallspread,closed,10,0.1,0.05,50,4900,2026-05-21 13:31:03,2026-05-21 15:31:03,2026-05-21 16:00:00,call side,False,,,7500,7505,-100,7442.36,7443.59,1,-2,2026-05-21 14:37:00,2026-05-21 13:53:00
QQQ-IC-0DTE-Baseline,IC,QQQ,control,baseline,T00219,QQQ,ironcondor,closed,116,0.14,0.07,812,9976,2026-05-21 13:30:35,2026-05-21 15:03:32,2026-05-21 16:00:00,,False,708,707,717,718,-1624,713.69,712.8,0.64285714,-2.07142857,2026-05-21 15:03:00,2026-05-21 13:55:00
QQQ-IC-0DTE-Fortress,IC,QQQ,experiment,baseline,T00220,QQQ,shortcallspread,closed,25,0.07,0.03,100,4825,2026-05-21 13:34:02,2026-05-21 14:49:11,2026-05-21 16:00:00,call side,True,,,719,721,-175,713.97,713.68,0.71428571,-3.57142857,2026-05-21 14:49:00,2026-05-21 13:55:00
QQQ-IC-0DTE-Fortress,IC,QQQ,experiment,baseline,T00221,QQQ,shortputspread,closed,25,0.07,0.03,100,4825,2026-05-21 13:31:01,2026-05-21 14:28:11,2026-05-21 16:00:00,put side,True,709,707,,,-175,714.25,714.95,0.71428571,-0.14285714,2026-05-21 14:28:00,2026-05-21 13:31:00
QQQ-IC-0DTE-Fortress-S2,IC,QQQ,experiment,baseline,T00222,QQQ,shortcallspread,closed,26,0.08,0.08,0,4992,2026-05-21 13:55:01,2026-05-21 13:56:01,2026-05-21 16:00:00,call side,True,,,722,724,-208,716.84,716.64,0,-0.125,2026-05-21 13:56:00,2026-05-21 13:55:02
QQQ-IC-0DTE-Fortress-S2,IC,QQQ,experiment,baseline,T00223,QQQ,shortputspread,closed,25,0.07,0.06,25,4825,2026-05-21 13:31:01,2026-05-21 13:41:02,2026-05-21 16:00:00,put side,True,709,707,,,-175,714.25,715.47,0.28571429,-0.14285714,2026-05-21 13:41:00,2026-05-21 13:31:00
QQQ-IC-0DTE-Range075-PT50-Wide2-1230PM,IC,QQQ,experiment,baseline,T00217,QQQ,shortputspread,closed,1,0.11,0.05,6,189,2026-05-21 12:31:01,2026-05-21 13:04:11,2026-05-21 16:00:00,put side,False,704,702,,,-11,709.81,710.58,0.63636364,-0.27272727,2026-05-21 13:04:00,2026-05-21 12:51:00
3DTE $140-$350,OA-Mirror,SPX,mirror-watch,baseline,T00224,SPX,ironcondor,closed,1,0.55,0.15,40,945,2026-05-20 10:00:07,2026-05-21 13:00:01,2026-05-26 16:00:00,"250,60percent",False,7125,7115,7630,7640,-55,7378.87,7407.08,0.81818182,-3,2026-05-21 12:59:00,2026-05-20 11:16:00
QQQ-IC-0DTE-HedgeTest,IC,QQQ,experiment,baseline,T00225,QQQ,shortcallspread,closed,28,0.27,0.13,392,4844,2026-05-21 11:01:02,2026-05-21 12:39:11,2026-05-21 16:00:00,call side,False,,,714,716,-756,709.15,709.55,0.55555556,-0.25925926,2026-05-21 12:39:00,2026-05-21 11:48:00
QQQ-IC-0DTE-HedgeA-S1,IC,QQQ,experiment,baseline,T00226,QQQ,shortcallspread,closed,28,0.27,0.13,392,4844,2026-05-21 11:01:02,2026-05-21 12:39:11,2026-05-21 16:00:00,call side,False,,,714,716,-756,709.15,709.55,0.55555556,-0.25925926,2026-05-21 12:39:00,2026-05-21 11:48:00
QQQ-IC-0DTE-HedgeD-Conditional,IC,QQQ,experiment,baseline,T00227,QQQ,shortcallspread,closed,28,0.27,0.13,392,4844,2026-05-21 11:01:02,2026-05-21 12:39:11,2026-05-21 16:00:00,call side,False,,,714,716,-756,709.15,709.55,0.55555556,-0.25925926,2026-05-21 12:39:00,2026-05-21 11:48:00
QQQ-IC-0DTE-HedgeC-S3,IC,QQQ,experiment,baseline,T00228,QQQ,shortcallspread,closed,28,0.27,0.13,392,4844,2026-05-21 11:01:02,2026-05-21 12:39:11,2026-05-21 16:00:00,call side,False,,,714,716,-756,709.15,709.55,0.55555556,-0.25925926,2026-05-21 12:39:00,2026-05-21 11:48:00
QQQ-IC-0DTE-HedgeC-S3,IC,QQQ,experiment,baseline,T00228,QQQ,shortputspread,closed,29,0.28,0.14,406,4988,2026-05-21 11:01:01,2026-05-21 11:46:11,2026-05-21 16:00:00,put side,False,704,702,,,-812,709.09,710.24,0.53571429,-0.42857143,2026-05-21 11:46:00,2026-05-21 11:09:00
QQQ-IC-0DTE-HedgeB-S2,IC,QQQ,experiment,baseline,T00229,QQQ,shortputspread,closed,29,0.28,0.14,406,4988,2026-05-21 11:01:01,2026-05-21 11:46:11,2026-05-21 16:00:00,put side,False,704,702,,,-812,709.09,710.24,0.53571429,-0.42857143,2026-05-21 11:46:00,2026-05-21 11:09:00
QQQ-IC-0DTE-HedgeTest,IC,QQQ,experiment,baseline,T00225,QQQ,shortputspread,closed,29,0.28,0.14,406,4988,2026-05-21 11:01:01,2026-05-21 11:46:11,2026-05-21 16:00:00,put side,False,704,702,,,-812,709.09,710.24,0.53571429,-0.42857143,2026-05-21 11:46:00,2026-05-21 11:09:00
QQQ-IC-0DTE-HedgeD-Conditional,IC,QQQ,experiment,baseline,T00227,QQQ,shortputspread,closed,29,0.28,0.14,406,4988,2026-05-21 11:01:01,2026-05-21 11:46:11,2026-05-21 16:00:00,put side,False,704,702,,,-812,709.09,710.24,0.53571429,-0.42857143,2026-05-21 11:46:00,2026-05-21 11:09:00
QQQ-IC-0DTE-HedgeA-S1,IC,QQQ,experiment,baseline,T00226,QQQ,shortputspread,closed,29,0.28,0.14,406,4988,2026-05-21 11:01:01,2026-05-21 11:46:11,2026-05-21 16:00:00,put side,False,704,702,,,-812,709.09,710.24,0.53571429,-0.42857143,2026-05-21 11:46:00,2026-05-21 11:09:00
QQQ-IC-0DTE-HedgeB-S2,IC,QQQ,experiment,baseline,T00229,QQQ,shortcallspread,closed,28,0.27,0.31,-112,4844,2026-05-21 11:01:02,2026-05-21 11:46:00,2026-05-21 16:00:00,call side,False,,,714,716,-756,709.15,710.3,0.40740741,-0.14814815,2026-05-21 11:09:00,2026-05-21 11:03:00
IC-SPX-FastPT25-S2,IC,SPX,live-candidate,pre-fix,T00231,SPX,shortputspread,closed,11,0.6,0.8,-220,4840,2026-05-21 10:10:05,2026-05-21 10:13:02,2026-05-21 16:00:00,put side,False,7365,7360,,,-660,7421.17,7415.78,0.08333333,0,2026-05-21 10:11:00,2026-05-21 10:10:05
IC-SPX-FastPT25-S2,IC,SPX,live-candidate,pre-fix,T00231,SPX,shortcallspread,closed,11,0.55,0.4,165,4895,2026-05-21 10:10:06,2026-05-21 10:13:00,2026-05-21 16:00:00,call side,False,,,7475,7480,-605,7421.01,7416.22,0.27272727,0,2026-05-21 10:13:00,2026-05-21 10:10:06
IC-SPX-FastPT25-S2,IC,SPX,live-candidate,pre-fix,T00230,SPX,shortcallspread,closed,10,0.5,0.65,-150,4500,2026-05-21 10:00:09,2026-05-21 10:10:04,2026-05-21 16:00:00,call side,False,,,7475,7480,-500,7416.91,7421.17,0.06,-0.14,2026-05-21 10:01:00,2026-05-21 10:03:00
IC-SPX-FastPT25-S2,IC,SPX,live-candidate,pre-fix,T00230,SPX,shortputspread,closed,11,0.6,0.45,165,4840,2026-05-21 10:00:09,2026-05-21 10:10:00,2026-05-21 16:00:00,put side,False,7360,7355,,,-660,7416.35,7422.53,0.25,0,2026-05-21 10:10:00,2026-05-21 10:00:09
IC-SPX-FastPT25-S2,IC,SPX,live-candidate,pre-fix,T00232,SPX,shortcallspread,closed,11,0.7,0.9,-220,4730,2026-05-21 09:54:04,2026-05-21 10:00:07,2026-05-21 16:00:00,call side,False,,,7465,7470,-770,7409.54,7416.48,0.11428571,-0.07142857,2026-05-21 09:58:00,2026-05-21 09:55:00
IC-SPX-FastPT25-S2,IC,SPX,live-candidate,pre-fix,T00232,SPX,shortputspread,closed,11,0.75,0.5,275,4675,2026-05-21 09:54:03,2026-05-21 10:00:01,2026-05-21 16:00:00,put side,False,7355,7350,,,-825,7409.59,7416.08,0.33333333,0,2026-05-21 10:00:00,2026-05-21 09:54:03
IC-SPX-FastPT25-S2,IC,SPX,live-candidate,pre-fix,T00234,SPX,shortcallspread,closed,11,0.55,1,-495,4895,2026-05-21 09:41:03,2026-05-21 09:54:02,2026-05-21 16:00:00,call side,False,,,7455,7460,-605,7398.49,7409.59,0.14545455,-0.63636364,2026-05-21 09:48:00,2026-05-21 09:53:00
IC-SPX-FastPT25-S2,IC,SPX,live-candidate,pre-fix,T00234,SPX,shortputspread,closed,11,0.7,0.45,275,4730,2026-05-21 09:40:03,2026-05-21 09:54:00,2026-05-21 16:00:00,put side,False,7340,7335,,,-770,7394.78,7409.6,0.4,0,2026-05-21 09:54:00,2026-05-21 09:44:00
IC-SPX-FastPT25-S2,IC,SPX,live-candidate,pre-fix,T00233,SPX,shortcallspread,closed,11,0.7,0.5,220,4730,2026-05-21 09:31:03,2026-05-21 09:48:00,2026-05-21 16:00:00,call side,False,,,7455,7460,-770,7401.8,7395.31,0.32857143,-0.07142857,2026-05-21 09:48:00,2026-05-21 09:35:00
Nigiri-Paper-v1,OA-Mirror,,mirror-watch,baseline,T00235,SPY,shortputspread,closed,10,0.09,0.06,30,4910,2026-05-20 14:02:17,2026-05-21 09:45:03,2026-05-22 16:00:00,,True,719,714,,,-90,740.07,737.66,0.22222222,-0.22222222,2026-05-20 15:01:00,2026-05-20 14:03:00
3DTE $140-$350,OA-Mirror,SPX,mirror-watch,baseline,T00236,SPX,ironcondor,closed,1,0.55,0.15,40,945,2026-05-19 10:00:06,2026-05-21 09:45:03,2026-05-22 16:00:00,"230,60percent",False,7140,7130,7605,7615,-55,7370.15,7395.56,0.90909091,-0.45454545,2026-05-21 09:32:00,2026-05-19 10:51:00
IC-SPX-FastPT25-S2,IC,SPX,live-candidate,pre-fix,T00233,SPX,shortputspread,closed,11,0.75,0.9,-165,4675,2026-05-21 09:31:02,2026-05-21 09:40:02,2026-05-21 16:00:00,put side,False,7345,7340,,,-825,7400.6,7394.35,0.13333333,-0.13333333,2026-05-21 09:38:00,2026-05-21 09:32:00
1-45pm-Sandwich-Paper-v1,OA-Mirror,,mirror-watch,baseline,T00237,SPX,ironcondor,expired,1,3.3,5,-170,170,2026-05-20 13:45:03,2026-05-20 16:15:00,2026-05-20 16:00:00,,False,7415,7410,7425,7430,-330,7421.54,7432.97,0.42424242,-0.32424242,2026-05-20 15:51:00,2026-05-20 15:59:00
Opening Range Breakout 60m,OA-Mirror,,mirror-watch,baseline,T00238,SPX,shortputspread,expired,1,1.1,0,110,1390,2026-05-20 10:45:13,2026-05-20 16:15:00,2026-05-20 16:00:00,test a,True,7355,7340,,,-110,7402.63,7432.97,1,-0.29090909,2026-05-20 14:35:00,2026-05-20 10:48:00
QQQ-IC-0DTE-Baseline,IC,QQQ,control,baseline,T00239,QQQ,ironcondor,closed,153,0.35,0.42,-1071,9945,2026-05-20 13:30:35,2026-05-20 15:50:11,2026-05-20 16:00:00,,False,705,704,714,715,-5355,710.78,711.88,0.02857143,-0.22857143,2026-05-20 14:26:00,2026-05-20 15:36:00
QQQ-IC-0DTE-HedgeD-Conditional,IC,QQQ,experiment,baseline,T00240,QQQ,shortcallspread,closed,29,0.32,0.51,-551,4872,2026-05-20 11:01:02,2026-05-20 15:50:00,2026-05-20 16:00:00,call side,False,,,715,717,-928,709.98,712.26,0.1875,-1,2026-05-20 12:29:00,2026-05-20 11:17:00
QQQ-IC-0DTE-HedgeA-S1,IC,QQQ,experiment,baseline,T00241,QQQ,shortcallspread,closed,29,0.32,0.51,-551,4872,2026-05-20 11:01:02,2026-05-20 15:50:00,2026-05-20 16:00:00,call side,False,,,715,717,-928,709.98,712.26,0.1875,-1,2026-05-20 12:29:00,2026-05-20 11:17:00
QQQ-IC-0DTE-Raw-HoldToExp,IC,QQQ,control,baseline,T00242,QQQ,shortputspread,closed,1,0.31,0.13,18,169,2026-05-20 11:01:01,2026-05-20 15:50:00,2026-05-20 16:00:00,put side,False,705,703,,,-31,709.95,712.26,0.74193548,-0.25806452,2026-05-20 15:46:00,2026-05-20 12:27:00
QQQ-IC-0DTE-Fortress-NoFilter,IC,QQQ,experiment,baseline,T00244,QQQ,shortputspread,closed,28,0.25,0.18,196,4900,2026-05-20 14:01:01,2026-05-20 15:50:00,2026-05-20 16:00:00,put side,True,706,704,,,-700,711.16,712.26,0.48,-0.24,2026-05-20 15:46:00,2026-05-20 14:25:00
QQQ-IC-0DTE-Fortress-NoFilter,IC,QQQ,experiment,baseline,T00243,QQQ,shortcallspread,closed,28,0.23,0.39,-448,4956,2026-05-20 13:49:01,2026-05-20 15:50:00,2026-05-20 16:00:00,call side,True,,,716,718,-644,710.66,712.26,0.17391304,-0.73913043,2026-05-20 14:25:00,2026-05-20 15:49:00
QQQ-IC-0DTE-Raw-HoldToExp,IC,QQQ,control,baseline,T00242,QQQ,shortcallspread,closed,1,0.32,0.51,-19,168,2026-05-20 11:01:02,2026-05-20 15:50:00,2026-05-20 16:00:00,call side,False,,,715,717,-32,709.98,712.26,0.1875,-1,2026-05-20 12:29:00,2026-05-20 11:17:00
QQQ-IC-0DTE-HedgeTest,IC,QQQ,experiment,baseline,T00245,QQQ,shortcallspread,closed,29,0.32,0.51,-551,4872,2026-05-20 11:01:02,2026-05-20 15:50:00,2026-05-20 16:00:00,call side,False,,,715,717,-928,709.98,712.26,0.1875,-1,2026-05-20 12:29:00,2026-05-20 11:17:00
QQQ-IC-0DTE-InverseFilter-HoldToExp,IC,QQQ,experiment,baseline,T00246,QQQ,shortputspread,closed,1,0.25,0.18,7,175,2026-05-20 14:01:01,2026-05-20 15:50:00,2026-05-20 16:00:00,put side,True,706,704,,,-25,711.16,712.26,0.48,-0.24,2026-05-20 15:46:00,2026-05-20 14:25:00
QQQ-IC-0DTE-HedgeB-S2,IC,QQQ,experiment,baseline,T00247,QQQ,shortputspread,closed,29,0.31,0.15,464,4901,2026-05-20 11:01:01,2026-05-20 15:18:11,2026-05-20 16:00:00,put side,False,705,703,,,-899,709.95,711.67,0.5483871,-0.25806452,2026-05-20 15:18:00,2026-05-20 12:27:00
QQQ-IC-0DTE-HedgeD-Conditional,IC,QQQ,experiment,baseline,T00240,QQQ,shortputspread,closed,29,0.31,0.15,464,4901,2026-05-20 11:01:01,2026-05-20 15:18:11,2026-05-20 16:00:00,put side,False,705,703,,,-899,709.95,711.67,0.5483871,-0.25806452,2026-05-20 15:18:00,2026-05-20 12:27:00
QQQ-IC-0DTE-HedgeTest,IC,QQQ,experiment,baseline,T00245,QQQ,shortputspread,closed,29,0.31,0.15,464,4901,2026-05-20 11:01:01,2026-05-20 15:18:11,2026-05-20 16:00:00,put side,False,705,703,,,-899,709.95,711.67,0.5483871,-0.25806452,2026-05-20 15:18:00,2026-05-20 12:27:00
QQQ-IC-0DTE-HedgeA-S1,IC,QQQ,experiment,baseline,T00241,QQQ,shortputspread,closed,29,0.31,0.15,464,4901,2026-05-20 11:01:01,2026-05-20 15:18:11,2026-05-20 16:00:00,put side,False,705,703,,,-899,709.95,711.67,0.5483871,-0.25806452,2026-05-20 15:18:00,2026-05-20 12:27:00
QQQ-IC-0DTE-HedgeC-S3,IC,QQQ,experiment,baseline,T00248,QQQ,shortputspread,closed,29,0.31,0.15,464,4901,2026-05-20 11:01:01,2026-05-20 15:18:11,2026-05-20 16:00:00,put side,False,705,703,,,-899,709.95,711.67,0.5483871,-0.25806452,2026-05-20 15:18:00,2026-05-20 12:27:00
QQQ-IC-0DTE-HedgeB-S2,IC,QQQ,experiment,baseline,T00247,QQQ,shortcallspread,closed,29,0.32,0.47,-435,4872,2026-05-20 11:01:02,2026-05-20 15:15:02,2026-05-20 16:00:00,call side,False,,,715,717,-928,709.98,711.73,0.1875,-1,2026-05-20 12:29:00,2026-05-20 11:17:00
Nigiri-Paper-v1,OA-Mirror,,mirror-watch,baseline,T00249,SPY,shortputspread,closed,10,0.12,0.03,90,4880,2026-05-14 09:49:06,2026-05-20 14:02:06,2026-05-22 16:00:00,,True,709,704,,,-120,745.38,740.07,0.83333333,-1,2026-05-20 14:02:00,2026-05-15 09:46:00
Trendy-Paper-v1,OA-Mirror,,mirror-watch,baseline,T00250,SPY,shortputspread,closed,1,0.82,0.45,37,918,2026-05-19 09:45:13,2026-05-20 12:30:22,2026-05-29 16:00:00,,True,710,700,,,-82,733.48,738.65,0.57317073,-0.13414634,2026-05-20 11:17:00,2026-05-19 10:51:00
60min-ORB-10W-Paper-v1,OA-Mirror,SPX,mirror-watch,baseline,T00251,SPX,shortputspread,closed,1,0.85,0.25,60,915,2026-05-20 10:45:03,2026-05-20 11:16:01,2026-05-20 16:00:00,test a,True,7355,7345,,,-85,7402.63,7426.44,0.70588235,-0.2,2026-05-20 11:16:00,2026-05-20 10:48:00
QQQ-IC-0DTE-HedgeC-S3,IC,QQQ,experiment,baseline,T00248,QQQ,shortcallspread,closed,29,0.32,0.5,-522,4872,2026-05-20 11:01:02,2026-05-20 11:16:01,2026-05-20 16:00:00,call side,False,,,715,717,-928,709.98,711.78,0.15625,-0.53125,2026-05-20 11:04:00,2026-05-20 11:16:00
3DTE $140-$350,OA-Mirror,SPX,mirror-watch,baseline,T00252,SPX,ironcondor,closed,1,0.5,0.15,35,950,2026-05-18 10:00:05,2026-05-20 10:30:02,2026-05-21 16:00:00,"230,60percent",False,7190,7180,7655,7665,-50,7424.69,7398.37,1,-0.94,2026-05-18 15:02:00,2026-05-19 10:51:00
IC-SPX-FastPT25-S2,IC,SPX,live-candidate,pre-fix,T00257,SPX,shortputspread,closed,10,0.5,0.65,-150,4500,2026-05-20 10:02:02,2026-05-20 10:05:03,2026-05-20 16:00:00,put side,True,7320,7315,,,-500,7374.39,7369.59,0.1,-0.04,2026-05-20 10:03:00,2026-05-20 10:05:00
IC-SPX-FastPT25-S2,IC,SPX,live-candidate,pre-fix,T00258,SPX,shortputspread,closed,10,0.4,0.9,-500,4600,2026-05-20 09:47:03,2026-05-20 10:02:02,2026-05-20 16:00:00,put side,True,7335,7330,,,-400,7391.4,7374.42,0,-1,2026-05-20 09:47:03,2026-05-20 09:56:00
IC-SPX-FastPT25-S2,IC,SPX,live-candidate,pre-fix,T00253,SPX,shortcallspread,closed,10,0.3,0.2,100,4700,2026-05-20 09:46:04,2026-05-20 10:02:00,2026-05-20 16:00:00,call side,False,,,7440,7445,-300,7383.86,7374.47,0.33333333,-0.23333333,2026-05-20 10:02:00,2026-05-20 09:47:00
IC-SPX-FastPT25-S2,IC,SPX,live-candidate,pre-fix,T00253,SPX,shortputspread,closed,10,0.5,0.35,150,4500,2026-05-20 09:46:03,2026-05-20 09:47:00,2026-05-20 16:00:00,put side,False,7330,7325,,,-500,7383.36,7391.15,0.3,0.04,2026-05-20 09:47:00,2026-05-20 09:46:03
IC-SPX-FastPT25-S2,IC,SPX,live-candidate,pre-fix,T00254,SPX,shortcallspread,closed,10,0.35,0.55,-200,4650,2026-05-20 09:41:03,2026-05-20 09:46:02,2026-05-20 16:00:00,call side,False,,,7430,7435,-350,7375.55,7383.15,0.05714286,-0.37142857,2026-05-20 09:42:00,2026-05-20 09:46:00
IC-SPX-FastPT25-S2,IC,SPX,live-candidate,pre-fix,T00254,SPX,shortputspread,closed,10,0.5,0.25,250,4500,2026-05-20 09:41:02,2026-05-20 09:46:00,2026-05-20 16:00:00,put side,False,7320,7315,,,-500,7374.78,7383.21,0.5,-0.04,2026-05-20 09:46:00,2026-05-20 09:42:00
Weekly-IB-SPY-Paper-v1,OA-Mirror,SPY,mirror-watch,baseline,T00259,SPY,ironbutterfly,closed,1,11.71,8.46,325,1529,2026-05-15 09:45:20,2026-05-20 09:45:14,2026-05-22 16:00:00,,False,739,712,739,758,-1171,738.55,736.28,0.27839453,-0.03501281,2026-05-20 09:45:00,2026-05-15 10:24:00
Weekly-IB-SPY-Paper-v1,OA-Mirror,SPY,mirror-watch,baseline,T00260,SPY,ironbutterfly,closed,1,10.77,9.61,116,1223,2026-05-14 09:45:16,2026-05-20 09:45:03,2026-05-21 16:00:00,,False,745,722,745,763,-1077,745.55,736.09,0.17734448,-0.17084494,2026-05-18 09:57:00,2026-05-19 10:52:00
IC-SPX-FastPT25-S2,IC,SPX,live-candidate,pre-fix,T00255,SPX,shortcallspread,closed,10,0.45,0.65,-200,4550,2026-05-20 09:36:03,2026-05-20 09:41:02,2026-05-20 16:00:00,call side,False,,,7420,7425,-450,7362.87,7374.78,0.06666667,-0.22222222,2026-05-20 09:36:03,2026-05-20 09:41:00
IC-SPX-FastPT25-S2,IC,SPX,live-candidate,pre-fix,T00255,SPX,shortputspread,closed,10,0.5,0.35,150,4500,2026-05-20 09:36:02,2026-05-20 09:41:00,2026-05-20 16:00:00,put side,False,7310,7305,,,-500,7363.53,7374.37,0.3,0,2026-05-20 09:41:00,2026-05-20 09:36:02
IC-SPX-FastPT25-S2,IC,SPX,live-candidate,pre-fix,T00256,SPX,shortputspread,closed,10,0.5,0.8,-300,4500,2026-05-20 09:31:02,2026-05-20 09:36:01,2026-05-20 16:00:00,put side,False,7320,7315,,,-500,7375.27,7363.53,0.1,-0.5,2026-05-20 09:31:02,2026-05-20 09:36:00
IC-SPX-FastPT25-S2,IC,SPX,live-candidate,pre-fix,T00256,SPX,shortcallspread,closed,10,0.45,0.3,150,4550,2026-05-20 09:31:03,2026-05-20 09:36:00,2026-05-20 16:00:00,call side,False,,,7430,7435,-450,7375.68,7363.61,0.33333333,-0.11111111,2026-05-20 09:36:00,2026-05-20 09:31:03
Opening Range Breakout 60m,OA-Mirror,,mirror-watch,baseline,T00261,SPX,shortcallspread,expired,1,2.05,0,205,1295,2026-05-19 11:00:02,2026-05-19 16:15:00,2026-05-19 16:00:00,test b,True,,,7385,7400,-205,7349.73,7353.61,1,-3,2026-05-19 15:41:00,2026-05-19 13:23:00
1-45pm-Sandwich-Paper-v1,OA-Mirror,,mirror-watch,baseline,T00262,SPX,ironcondor,expired,1,3.6,5,-140,140,2026-05-19 13:45:02,2026-05-19 16:15:00,2026-05-19 16:00:00,,False,7385,7380,7395,7400,-360,7390.48,7353.61,0.08333333,-0.44444444,2026-05-19 14:15:00,2026-05-19 15:39:00
QQQ-IC-0DTE-Fortress-NoPT50,IC,QQQ,experiment,baseline,T00263,QQQ,shortputspread,closed,26,0.08,0.37,-754,4992,2026-05-19 13:31:01,2026-05-19 15:50:00,2026-05-19 16:00:00,put side,False,701,699,,,-208,705.99,701.44,0.5,-3.5,2026-05-19 15:15:00,2026-05-19 14:56:00
QQQ-IC-0DTE-Raw-HoldToExp,IC,QQQ,control,baseline,T00264,QQQ,shortputspread,closed,1,0.27,0.01,26,173,2026-05-19 11:01:01,2026-05-19 15:50:00,2026-05-19 16:00:00,put side,False,694,692,,,-27,698.78,701.44,1,-0.48148148,2026-05-19 13:05:00,2026-05-19 11:25:00
QQQ-IC-0DTE-Range075-PT50-Wide2-1230PM,IC,QQQ,experiment,baseline,T00265,QQQ,shortcallspread,closed,1,0.11,0.01,10,189,2026-05-19 12:31:03,2026-05-19 15:50:00,2026-05-19 16:00:00,call side,False,,,707,709,-11,701.69,701.44,1,-5.09090909,2026-05-19 15:46:00,2026-05-19 13:23:00
QQQ-IC-0DTE-Raw-HoldToExp,IC,QQQ,control,baseline,T00264,QQQ,shortcallspread,closed,1,0.2,0.03,17,180,2026-05-19 11:01:03,2026-05-19 15:50:00,2026-05-19 16:00:00,call side,False,,,704,706,-20,698.77,701.44,0.95,-5.7,2026-05-19 15:48:00,2026-05-19 13:23:00
QQQ-IC-0DTE-Fortress-NoPT50,IC,QQQ,experiment,baseline,T00263,QQQ,shortcallspread,closed,25,0.07,0.01,150,4825,2026-05-19 13:32:02,2026-05-19 15:50:00,2026-05-19 16:00:00,call side,False,,,711,713,-175,706.08,701.44,1,-0.14285714,2026-05-19 14:58:00,2026-05-19 13:32:02
QQQ-IC-0DTE-Fortress,IC,QQQ,experiment,baseline,T00266,QQQ,shortputspread,closed,26,0.08,0.37,-754,4992,2026-05-19 13:31:01,2026-05-19 15:50:00,2026-05-19 16:00:00,put side,False,701,699,,,-208,705.99,701.44,0.5,-3.5,2026-05-19 15:15:00,2026-05-19 14:56:00
QQQ-IC-0DTE-Baseline,IC,QQQ,control,baseline,T00267,QQQ,ironcondor,closed,116,0.14,0.07,812,9976,2026-05-19 13:30:35,2026-05-19 15:12:33,2026-05-19 16:00:00,,False,700,699,709,710,-1624,705.46,703.91,0.64285714,-0.35714286,2026-05-19 15:12:00,2026-05-19 13:30:35
QQQ-IC-0DTE-Fortress-S2,IC,QQQ,experiment,baseline,T00268,QQQ,shortcallspread,closed,25,0.07,0.03,100,4825,2026-05-19 13:32:04,2026-05-19 13:49:10,2026-05-19 16:00:00,call side,False,,,711,713,-175,706.08,704.78,0.71428571,0,2026-05-19 13:49:00,2026-05-19 13:32:03
QQQ-IC-0DTE-Fortress,IC,QQQ,experiment,baseline,T00266,QQQ,shortcallspread,closed,25,0.07,0.03,100,4825,2026-05-19 13:32:02,2026-05-19 13:49:10,2026-05-19 16:00:00,call side,False,,,711,713,-175,706.08,704.78,0.71428571,-0.14285714,2026-05-19 13:49:00,2026-05-19 13:32:02
QQQ-IC-0DTE-Fortress-S2,IC,QQQ,experiment,baseline,T00268,QQQ,shortputspread,closed,26,0.08,0.13,-130,4992,2026-05-19 13:31:01,2026-05-19 13:46:03,2026-05-19 16:00:00,put side,False,701,699,,,-208,705.99,705.06,0,-0.5,2026-05-19 13:43:00,2026-05-19 13:34:00
IC-SPX-Fortress-Defang,IC,SPX,experiment,baseline,T00269,SPX,shortputspread,closed,10,0.1,0.15,-50,4900,2026-05-19 13:33:04,2026-05-19 13:36:02,2026-05-19 16:00:00,put side,True,7335,7330,,,-100,7391.34,7388.09,0,-0.5,2026-05-19 13:33:04,2026-05-19 13:35:00
IC-SPX-Fortress-Unstopped,IC,SPX,control,pre-fix,T00271,SPX,shortputspread,closed,10,0.1,0.15,-50,4900,2026-05-19 13:33:02,2026-05-19 13:36:02,2026-05-19 16:00:00,put side,True,7335,7330,,,-100,7391.29,7388.09,0,-0.5,2026-05-19 13:33:02,2026-05-19 13:35:00
IC-SPX-Fortress-Defang,IC,SPX,experiment,baseline,T00270,SPX,shortputspread,closed,10,0.1,0.15,-50,4900,2026-05-19 13:31:01,2026-05-19 13:33:02,2026-05-19 16:00:00,put side,True,7335,7330,,,-100,7392.37,7391.36,0,0,2026-05-19 13:31:01,2026-05-19 13:31:01
IC-SPX-Fortress-Unstopped,IC,SPX,control,pre-fix,T00272,SPX,shortputspread,closed,10,0.1,0.15,-50,4900,2026-05-19 13:31:01,2026-05-19 13:33:02,2026-05-19 16:00:00,put side,True,7335,7330,,,-100,7392.37,7391.36,0,0,2026-05-19 13:31:01,2026-05-19 13:31:01
QQQ-IC-0DTE-HedgeD-Conditional,IC,QQQ,experiment,baseline,T00273,QQQ,shortcallspread,closed,27,0.2,1.07,-2349,4860,2026-05-19 11:01:03,2026-05-19 13:10:03,2026-05-19 16:00:00,call side,False,,,704,706,-540,698.77,705.11,0.4,-4.2,2026-05-19 11:25:00,2026-05-19 13:10:00
QQQ-IC-0DTE-HedgeTest,IC,QQQ,experiment,baseline,T00274,QQQ,shortcallspread,closed,27,0.2,0.85,-1755,4860,2026-05-19 11:01:03,2026-05-19 12:56:06,2026-05-19 16:00:00,call side,False,,,704,706,-540,698.77,703.98,0.4,-3.2,2026-05-19 11:25:00,2026-05-19 12:56:00
QQQ-IC-0DTE-HedgeA-S1,IC,QQQ,experiment,baseline,T00275,QQQ,shortcallspread,closed,27,0.2,0.84,-1728,4860,2026-05-19 11:01:03,2026-05-19 12:55:03,2026-05-19 16:00:00,call side,False,,,704,706,-540,698.77,704.02,0.4,-3.15,2026-05-19 11:25:00,2026-05-19 12:55:00
QQQ-IC-0DTE-Range075-PT50-Wide2-1230PM,IC,QQQ,experiment,baseline,T00265,QQQ,shortputspread,closed,1,0.12,0.06,6,188,2026-05-19 12:31:01,2026-05-19 12:52:11,2026-05-19 16:00:00,put side,False,696,694,,,-12,701.59,703.72,0.58333333,-0.08333333,2026-05-19 12:52:00,2026-05-19 12:31:01
QQQ-IC-0DTE-HedgeC-S3,IC,QQQ,experiment,baseline,T00276,QQQ,shortcallspread,closed,27,0.2,0.35,-405,4860,2026-05-19 11:01:03,2026-05-19 12:26:00,2026-05-19 16:00:00,call side,False,,,704,706,-540,698.77,701.11,0.4,-0.7,2026-05-19 11:25:00,2026-05-19 12:26:00
QQQ-IC-0DTE-HedgeA-S1,IC,QQQ,experiment,baseline,T00275,QQQ,shortputspread,closed,28,0.27,0.13,392,4844,2026-05-19 11:01:01,2026-05-19 12:03:11,2026-05-19 16:00:00,put side,False,694,692,,,-756,698.78,700.28,0.55555556,-0.48148148,2026-05-19 12:03:00,2026-05-19 11:25:00
QQQ-IC-0DTE-HedgeD-Conditional,IC,QQQ,experiment,baseline,T00273,QQQ,shortputspread,closed,28,0.27,0.13,392,4844,2026-05-19 11:01:01,2026-05-19 12:03:11,2026-05-19 16:00:00,put side,False,694,692,,,-756,698.78,700.28,0.55555556,-0.48148148,2026-05-19 12:03:00,2026-05-19 11:25:00
QQQ-IC-0DTE-HedgeC-S3,IC,QQQ,experiment,baseline,T00276,QQQ,shortputspread,closed,28,0.27,0.13,392,4844,2026-05-19 11:01:01,2026-05-19 12:03:11,2026-05-19 16:00:00,put side,False,694,692,,,-756,698.78,700.28,0.55555556,-0.48148148,2026-05-19 12:03:00,2026-05-19 11:25:00
QQQ-IC-0DTE-HedgeB-S2,IC,QQQ,experiment,baseline,T00277,QQQ,shortputspread,closed,28,0.27,0.13,392,4844,2026-05-19 11:01:01,2026-05-19 12:03:11,2026-05-19 16:00:00,put side,False,694,692,,,-756,698.78,700.28,0.55555556,-0.48148148,2026-05-19 12:03:00,2026-05-19 11:25:00
QQQ-IC-0DTE-HedgeTest,IC,QQQ,experiment,baseline,T00274,QQQ,shortputspread,closed,28,0.27,0.13,392,4844,2026-05-19 11:01:01,2026-05-19 12:03:11,2026-05-19 16:00:00,put side,False,694,692,,,-756,698.78,700.28,0.55555556,-0.48148148,2026-05-19 12:03:00,2026-05-19 11:25:00
QQQ-IC-0DTE-HedgeB-S2,IC,QQQ,experiment,baseline,T00277,QQQ,shortcallspread,closed,27,0.2,0.27,-189,4860,2026-05-19 11:01:03,2026-05-19 12:03:01,2026-05-19 16:00:00,call side,False,,,704,706,-540,698.77,700.29,0.4,-0.45,2026-05-19 11:25:00,2026-05-19 11:43:00
60min-ORB-10W-Paper-v1,OA-Mirror,SPX,mirror-watch,baseline,T00278,SPX,shortcallspread,closed,1,1.45,0.8,65,855,2026-05-19 11:00:03,2026-05-19 11:25:01,2026-05-19 16:00:00,test b,True,,,7385,7395,-145,7350.06,7338.72,0.44827586,-0.24137931,2026-05-19 11:25:00,2026-05-19 11:18:00
IC-SPX-FastPT25-S2,IC,SPX,live-candidate,pre-fix,T00279,SPX,shortcallspread,closed,10,0.45,0.45,0,4550,2026-05-19 10:28:02,2026-05-19 10:38:02,2026-05-19 16:00:00,call side,False,,,7405,7410,-450,7347.27,7346.36,0.28888889,0.06666667,2026-05-19 10:30:00,2026-05-19 10:28:02
IC-SPX-FastPT25-S2,IC,SPX,live-candidate,pre-fix,T00284,SPX,shortputspread,closed,11,0.55,0.8,-275,4895,2026-05-19 10:32:00,2026-05-19 10:35:03,2026-05-19 16:00:00,put side,True,7295,7290,,,-605,7348.24,7340.49,0.05454545,-0.27272727,2026-05-19 10:32:01,2026-05-19 10:34:00
IC-SPX-FastPT25-S2,IC,SPX,live-candidate,pre-fix,T00279,SPX,shortputspread,closed,11,0.5,0.7,-220,4950,2026-05-19 10:28:01,2026-05-19 10:30:01,2026-05-19 16:00:00,put side,False,7290,7285,,,-550,7347.6,7342.37,0.04,-0.2,2026-05-19 10:28:01,2026-05-19 10:29:00
IC-SPX-FastPT25-S2,IC,SPX,live-candidate,pre-fix,T00280,SPX,shortputspread,closed,11,0.65,0.8,-165,4785,2026-05-19 10:08:04,2026-05-19 10:20:03,2026-05-19 16:00:00,put side,False,7295,7290,,,-715,7348.32,7342.96,0.23076923,-0.07692308,2026-05-19 10:13:00,2026-05-19 10:09:00
IC-SPX-FastPT25-S2,IC,SPX,live-candidate,pre-fix,T00280,SPX,shortcallspread,closed,11,0.55,0.4,165,4895,2026-05-19 10:08:05,2026-05-19 10:20:00,2026-05-19 16:00:00,call side,False,,,7405,7410,-605,7349.09,7343.06,0.27272727,-0.21818182,2026-05-19 10:20:00,2026-05-19 10:12:00
IC-SPX-FastPT25-S2,IC,SPX,live-candidate,pre-fix,T00283,SPX,shortcallspread,closed,11,0.6,0.35,275,4840,2026-05-19 09:42:05,2026-05-19 10:08:11,2026-05-19 16:00:00,call side,True,,,7415,7420,-660,7361.38,7349.72,0.41666667,-0.75,2026-05-19 10:08:00,2026-05-19 09:56:00
IC-SPX-FastPT25-S2,IC,SPX,live-candidate,pre-fix,T00281,SPX,shortputspread,closed,11,0.65,1.7,-1155,4785,2026-05-19 09:40:03,2026-05-19 10:08:02,2026-05-19 16:00:00,put side,False,7320,7315,,,-715,7374.32,7348.32,0.23076923,-1.07692308,2026-05-19 09:56:00,2026-05-19 10:08:00
IC-SPX-FastPT25-S2,IC,SPX,live-candidate,pre-fix,T00281,SPX,shortcallspread,closed,10,0.5,0.35,150,4500,2026-05-19 09:40:04,2026-05-19 09:42:00,2026-05-19 16:00:00,call side,False,,,7430,7435,-500,7373.99,7362.41,0.3,0,2026-05-19 09:42:00,2026-05-19 09:40:04
IC-SPX-FastPT25-S2,IC,SPX,live-candidate,pre-fix,T00282,SPX,shortcallspread,closed,11,0.65,0.8,-165,4785,2026-05-19 09:31:03,2026-05-19 09:40:02,2026-05-19 16:00:00,call side,False,,,7420,7425,-715,7365.94,7374.31,0.23076923,-0.30769231,2026-05-19 09:33:00,2026-05-19 09:39:00
IC-SPX-FastPT25-S2,IC,SPX,live-candidate,pre-fix,T00282,SPX,shortputspread,closed,11,0.6,0.45,165,4840,2026-05-19 09:31:02,2026-05-19 09:40:00,2026-05-19 16:00:00,put side,False,7310,7305,,,-660,7366.92,7374.1,0.25,-0.16666667,2026-05-19 09:40:00,2026-05-19 09:32:00
IC-SPX-Fortress-Unstopped,IC,SPX,control,pre-fix,T00285,SPX,shortputspread,expired,10,0.1,0,100,4900,2026-05-18 13:31:00,2026-05-18 16:15:00,2026-05-18 16:00:00,put side,False,7335,7330,,,-100,7391.07,7403.05,1,-5.5,2026-05-18 15:15:00,2026-05-18 14:59:00
1-45pm-Sandwich-Paper-v1,OA-Mirror,,mirror-watch,baseline,T00286,SPX,ironcondor,expired,1,3.55,5,-145,145,2026-05-18 13:45:02,2026-05-18 16:15:00,2026-05-18 16:00:00,,False,7380,7375,7390,7395,-355,7387.53,7403.05,0.27605634,-0.42253521,2026-05-18 15:39:00,2026-05-18 15:58:00
Opening Range Breakout 60m,OA-Mirror,,mirror-watch,baseline,T00287,SPX,shortcallspread,expired,1,2.15,0,215,1285,2026-05-18 10:45:03,2026-05-18 16:15:00,2026-05-18 16:00:00,test b,True,,,7435,7450,-215,7402.28,7403.05,1,-0.14883721,2026-05-18 14:19:00,2026-05-18 10:53:00
IC-SPX-Fortress-Unstopped,IC,SPX,control,pre-fix,T00285,SPX,shortcallspread,expired,10,0.1,0,100,4900,2026-05-18 13:32:03,2026-05-18 16:15:00,2026-05-18 16:00:00,call side,False,,,7445,7450,-100,7391.65,7403.05,1,-0.5,2026-05-18 14:02:00,2026-05-18 15:04:00
QQQ-IC-0DTE-Raw-HoldToExp,IC,QQQ,control,baseline,T00288,QQQ,shortcallspread,closed,1,0.21,0.01,20,179,2026-05-18 11:01:01,2026-05-18 15:50:01,2026-05-18 16:00:00,call side,False,,,711,713,-21,705.92,705.16,1,-0.0952381,2026-05-18 14:03:00,2026-05-18 11:01:01
QQQ-IC-0DTE-Fortress-NoPT50,IC,QQQ,experiment,baseline,T00289,QQQ,shortputspread,closed,25,0.05,0.01,100,4875,2026-05-18 15:02:01,2026-05-18 15:50:00,2026-05-18 16:00:00,put side,False,699,697,,,-125,704.18,705.23,1,-3,2026-05-18 15:44:00,2026-05-18 15:07:00
QQQ-IC-0DTE-Fortress-NoPT50,IC,QQQ,experiment,baseline,T00289,QQQ,shortcallspread,closed,25,0.07,0.01,150,4825,2026-05-18 15:02:02,2026-05-18 15:50:00,2026-05-18 16:00:00,call side,False,,,710,712,-175,704.56,705.23,1,-0.57142857,2026-05-18 15:07:00,2026-05-18 15:02:02
QQQ-IC-0DTE-Range075-PT50-Wide2-1230PM,IC,QQQ,experiment,baseline,T00290,QQQ,shortcallspread,closed,1,0.07,0.02,5,193,2026-05-18 12:55:02,2026-05-18 15:50:00,2026-05-18 16:00:00,call side,False,,,709,711,-7,703.9,705.23,1,-0.71428571,2026-05-18 14:16:00,2026-05-18 12:56:00
QQQ-IC-0DTE-Raw-HoldToExp,IC,QQQ,control,baseline,T00288,QQQ,shortputspread,closed,1,0.26,0.02,24,174,2026-05-18 11:01:00,2026-05-18 15:50:00,2026-05-18 16:00:00,put side,False,701,699,,,-26,705.93,705.16,0.96153846,-4,2026-05-18 15:45:00,2026-05-18 14:55:00
QQQ-IC-0DTE-Fortress,IC,QQQ,experiment,baseline,T00291,QQQ,shortputspread,closed,25,0.05,0.02,75,4875,2026-05-18 15:02:01,2026-05-18 15:40:11,2026-05-18 16:00:00,put side,False,699,697,,,-125,704.18,703.68,0.8,-3,2026-05-18 15:40:00,2026-05-18 15:07:00
QQQ-IC-0DTE-Range075-PT50-Wide2-155PM,IC,QQQ,experiment,baseline,T00292,QQQ,shortputspread,closed,1,0.08,0.04,4,192,2026-05-18 15:02:01,2026-05-18 15:36:11,2026-05-18 16:00:00,put side,False,699,697,,,-8,704.18,702.88,0.625,-1.5,2026-05-18 15:36:00,2026-05-18 15:07:00
QQQ-IC-0DTE-Fortress-NoFilter,IC,QQQ,experiment,baseline,T00293,QQQ,shortputspread,closed,25,0.08,0.04,100,4800,2026-05-18 15:02:01,2026-05-18 15:36:11,2026-05-18 16:00:00,put side,False,699,697,,,-200,704.18,702.88,0.625,-1.5,2026-05-18 15:36:00,2026-05-18 15:07:00
QQQ-IC-0DTE-Baseline,IC,QQQ,control,baseline,T00294,QQQ,ironcondor,closed,113,0.12,0.05,791,9944,2026-05-18 13:30:34,2026-05-18 15:18:11,2026-05-18 16:00:00,,False,698,697,707,708,-1356,703.6,701.65,0.58333333,-0.75,2026-05-18 15:09:00,2026-05-18 14:23:00
QQQ-IC-0DTE-Range075-PT50-Wide2-155PM,IC,QQQ,experiment,baseline,T00292,QQQ,shortcallspread,closed,1,0.1,0.02,8,190,2026-05-18 15:02:02,2026-05-18 15:04:11,2026-05-18 16:00:00,call side,False,,,710,712,-10,704.56,703.24,0.9,-0.1,2026-05-18 15:04:00,2026-05-18 15:02:01
QQQ-IC-0DTE-Fortress-S2,IC,QQQ,experiment,baseline,T00295,QQQ,shortcallspread,closed,25,0.07,0.02,125,4825,2026-05-18 15:02:02,2026-05-18 15:04:11,2026-05-18 16:00:00,call side,False,,,710,712,-175,704.56,703.24,0.85714286,-0.57142857,2026-05-18 15:04:00,2026-05-18 15:02:01
QQQ-IC-0DTE-Fortress,IC,QQQ,experiment,baseline,T00291,QQQ,shortcallspread,closed,25,0.07,0.02,125,4825,2026-05-18 15:02:02,2026-05-18 15:04:11,2026-05-18 16:00:00,call side,False,,,710,712,-175,704.56,703.24,0.85714286,-0.57142857,2026-05-18 15:04:00,2026-05-18 15:02:01
QQQ-IC-0DTE-Fortress-NoFilter,IC,QQQ,experiment,baseline,T00293,QQQ,shortcallspread,closed,26,0.1,0.02,208,4940,2026-05-18 15:02:02,2026-05-18 15:04:11,2026-05-18 16:00:00,call side,False,,,710,712,-260,704.56,703.24,0.9,-0.1,2026-05-18 15:04:00,2026-05-18 15:02:01
QQQ-IC-0DTE-Fortress-S2,IC,QQQ,experiment,baseline,T00295,QQQ,shortputspread,closed,25,0.05,0.07,-50,4875,2026-05-18 15:02:01,2026-05-18 15:04:02,2026-05-18 16:00:00,put side,False,699,697,,,-125,704.18,703.39,0,-1,2026-05-18 15:03:00,2026-05-18 15:02:01
QQQ-IC-0DTE-Range075-PT50-Wide2-1230PM,IC,QQQ,experiment,baseline,T00290,QQQ,shortputspread,closed,1,0.13,0.06,7,187,2026-05-18 12:55:00,2026-05-18 15:03:11,2026-05-18 16:00:00,put side,False,699,697,,,-13,703.86,704.45,0.61538462,-3.53846154,2026-05-18 15:03:00,2026-05-18 14:55:00
IC-SPX-Fortress-Defang,IC,SPX,experiment,baseline,T00296,SPX,shortputspread,closed,10,0.1,0.5,-400,4900,2026-05-18 13:31:00,2026-05-18 14:52:01,2026-05-18 16:00:00,put side,False,7335,7330,,,-100,7391.07,7357.87,0.5,-4.7,2026-05-18 13:51:00,2026-05-18 14:28:00
IC-SPX-Fortress-Defang,IC,SPX,experiment,baseline,T00296,SPX,shortcallspread,closed,10,0.1,0.05,50,4900,2026-05-18 13:32:05,2026-05-18 14:51:02,2026-05-18 16:00:00,call side,False,,,7445,7450,-100,7392.1,7356.51,1,0,2026-05-18 14:02:00,2026-05-18 13:32:05
QQQ-IC-0DTE-HedgeD-Conditional,IC,QQQ,experiment,baseline,T00297,QQQ,shortputspread,closed,28,0.26,1.06,-2240,4872,2026-05-18 11:01:00,2026-05-18 12:31:00,2026-05-18 16:00:00,put side,False,701,699,,,-728,705.93,699.75,0.11538462,-2.96153846,2026-05-18 12:22:00,2026-05-18 12:31:00
QQQ-IC-0DTE-HedgeTest,IC,QQQ,experiment,baseline,T00298,QQQ,shortputspread,closed,28,0.26,0.93,-1876,4872,2026-05-18 11:01:00,2026-05-18 12:29:00,2026-05-18 16:00:00,put side,False,701,699,,,-728,705.93,700.16,0.11538462,-2.57692308,2026-05-18 12:22:00,2026-05-18 12:29:00
QQQ-IC-0DTE-HedgeA-S1,IC,QQQ,experiment,baseline,T00299,QQQ,shortputspread,closed,28,0.26,0.96,-1960,4872,2026-05-18 11:01:00,2026-05-18 12:29:00,2026-05-18 16:00:00,put side,False,701,699,,,-728,705.93,700.16,0.11538462,-2.57692308,2026-05-18 12:22:00,2026-05-18 12:29:00
QQQ-IC-0DTE-HedgeTest,IC,QQQ,experiment,baseline,T00298,QQQ,shortcallspread,closed,27,0.21,0.1,297,4833,2026-05-18 11:01:01,2026-05-18 11:22:11,2026-05-18 16:00:00,call side,False,,,711,713,-567,705.92,703.46,0.57142857,-0.0952381,2026-05-18 11:22:00,2026-05-18 11:01:01
QQQ-IC-0DTE-HedgeD-Conditional,IC,QQQ,experiment,baseline,T00297,QQQ,shortcallspread,closed,27,0.21,0.1,297,4833,2026-05-18 11:01:01,2026-05-18 11:22:11,2026-05-18 16:00:00,call side,False,,,711,713,-567,705.92,703.46,0.57142857,-0.0952381,2026-05-18 11:22:00,2026-05-18 11:01:01
QQQ-IC-0DTE-HedgeA-S1,IC,QQQ,experiment,baseline,T00299,QQQ,shortcallspread,closed,27,0.21,0.1,297,4833,2026-05-18 11:01:01,2026-05-18 11:22:11,2026-05-18 16:00:00,call side,False,,,711,713,-567,705.92,703.46,0.57142857,-0.0952381,2026-05-18 11:22:00,2026-05-18 11:01:01
QQQ-IC-0DTE-HedgeC-S3,IC,QQQ,experiment,baseline,T00300,QQQ,shortcallspread,closed,27,0.21,0.1,297,4833,2026-05-18 11:01:01,2026-05-18 11:22:11,2026-05-18 16:00:00,call side,False,,,711,713,-567,705.92,703.46,0.57142857,-0.0952381,2026-05-18 11:22:00,2026-05-18 11:01:01
QQQ-IC-0DTE-HedgeB-S2,IC,QQQ,experiment,baseline,T00301,QQQ,shortcallspread,closed,27,0.21,0.1,297,4833,2026-05-18 11:01:01,2026-05-18 11:22:11,2026-05-18 16:00:00,call side,False,,,711,713,-567,705.92,703.46,0.57142857,-0.0952381,2026-05-18 11:22:00,2026-05-18 11:01:01
QQQ-IC-0DTE-HedgeB-S2,IC,QQQ,experiment,baseline,T00301,QQQ,shortputspread,closed,28,0.26,0.46,-560,4872,2026-05-18 11:01:00,2026-05-18 11:19:00,2026-05-18 16:00:00,put side,False,701,699,,,-728,705.93,703.94,-0.11538462,-0.80769231,2026-05-18 11:01:00,2026-05-18 11:10:00
QQQ-IC-0DTE-HedgeC-S3,IC,QQQ,experiment,baseline,T00300,QQQ,shortputspread,closed,28,0.26,0.42,-448,4872,2026-05-18 11:01:00,2026-05-18 11:04:00,2026-05-18 16:00:00,put side,False,701,699,,,-728,705.93,704.72,-0.11538462,-0.57692308,2026-05-18 11:01:00,2026-05-18 11:04:00
60min-ORB-10W-Paper-v1,OA-Mirror,SPX,mirror-watch,baseline,T00302,SPX,shortcallspread,closed,1,1.6,1,60,840,2026-05-18 10:45:03,2026-05-18 11:03:00,2026-05-18 16:00:00,test b,True,,,7435,7445,-160,7402.28,7394.59,0.375,-0.15625,2026-05-18 11:03:00,2026-05-18 10:53:00
3DTE $140-$350,OA-Mirror,SPX,mirror-watch,baseline,T00303,SPX,ironcondor,closed,1,0.5,0.15,35,950,2026-05-14 10:00:09,2026-05-18 10:30:01,2026-05-19 16:00:00,"210,60percent",False,7255,7245,7680,7690,-50,7465.69,7413.68,0.8,-1,2026-05-18 09:56:00,2026-05-15 09:47:00
3DTE $140-$350,OA-Mirror,SPX,mirror-watch,baseline,T00304,SPX,ironcondor,closed,1,0.5,0.15,35,950,2026-05-15 10:00:06,2026-05-18 10:15:00,2026-05-20 16:00:00,"240,60percent",False,7170,7160,7655,7665,-50,7411.11,7418.98,0.8,-0.9,2026-05-18 09:52:00,2026-05-18 10:06:00
IC-SPX-FastPT25-S2,IC,SPX,live-candidate,pre-fix,T00305,SPX,shortcallspread,closed,10,0.3,0.6,-300,4700,2026-05-18 09:49:03,2026-05-18 09:53:01,2026-05-18 16:00:00,call side,False,,,7465,7470,-300,7408.87,7421.98,0,-0.83333333,2026-05-18 09:50:00,2026-05-18 09:53:00
IC-SPX-FastPT25-S2,IC,SPX,live-candidate,pre-fix,T00310,SPX,shortputspread,closed,10,0.45,0.3,150,4550,2026-05-18 09:51:02,2026-05-18 09:53:00,2026-05-18 16:00:00,put side,True,7360,7355,,,-450,7417.4,7422.03,0.33333333,0.06666667,2026-05-18 09:53:00,2026-05-18 09:51:02
IC-SPX-FastPT25-S2,IC,SPX,live-candidate,pre-fix,T00305,SPX,shortputspread,closed,11,0.55,0.35,220,4895,2026-05-18 09:49:02,2026-05-18 09:51:00,2026-05-18 16:00:00,put side,False,7355,7350,,,-605,7408.43,7417.19,0.36363636,0.05454545,2026-05-18 09:51:00,2026-05-18 09:50:00
IC-SPX-FastPT25-S2,IC,SPX,live-candidate,pre-fix,T00309,SPX,shortcallspread,closed,10,0.25,0.35,-100,4750,2026-05-18 09:44:03,2026-05-18 09:49:01,2026-05-18 16:00:00,call side,True,,,7465,7470,-250,7407.8,7408.43,0.12,-0.08,2026-05-18 09:47:00,2026-05-18 09:45:00
IC-SPX-FastPT25-S2,IC,SPX,live-candidate,pre-fix,T00308,SPX,shortputspread,closed,10,0.5,0.3,200,4500,2026-05-18 09:38:02,2026-05-18 09:49:00,2026-05-18 16:00:00,put side,False,7350,7345,,,-500,7406.31,7408.29,0.4,-0.2,2026-05-18 09:49:00,2026-05-18 09:43:00
Weekly-IB-SPY-Paper-v1,OA-Mirror,SPY,mirror-watch,baseline,T00311,SPY,ironbutterfly,closed,1,10.43,7.84,259,1357,2026-05-13 09:45:17,2026-05-18 09:45:14,2026-05-20 16:00:00,,False,737,713,737,754,-1043,736.82,737.69,0.24928092,-0.22818792,2026-05-18 09:45:00,2026-05-14 15:50:00
Weekly-IB-SPY-Paper-v1,OA-Mirror,SPY,mirror-watch,baseline,T00312,SPY,ironbutterfly,closed,1,9.82,5.82,400,1418,2026-05-12 09:45:33,2026-05-18 09:45:13,2026-05-19 16:00:00,,False,737,713,737,752,-982,736.72,737.63,0.40835031,-0.19246436,2026-05-18 09:45:00,2026-05-14 12:05:00
IC-SPX-FastPT25-S2,IC,SPX,live-candidate,pre-fix,T00308,SPX,shortcallspread,closed,10,0.4,0.5,-100,4600,2026-05-18 09:37:03,2026-05-18 09:44:02,2026-05-18 16:00:00,call side,False,,,7460,7465,-400,7404.3,7408.39,0.125,-0.05,2026-05-18 09:43:00,2026-05-18 09:42:00
IC-SPX-FastPT25-S2,IC,SPX,live-candidate,pre-fix,T00306,SPX,shortputspread,closed,10,0.5,0.8,-300,4500,2026-05-18 09:34:02,2026-05-18 09:37:02,2026-05-18 16:00:00,put side,False,7355,7350,,,-500,7410.86,7403.35,0.3,-0.3,2026-05-18 09:34:02,2026-05-18 09:37:00
IC-SPX-FastPT25-S2,IC,SPX,live-candidate,pre-fix,T00306,SPX,shortcallspread,closed,10,0.4,0.3,100,4600,2026-05-18 09:34:03,2026-05-18 09:37:00,2026-05-18 16:00:00,call side,False,,,7465,7470,-400,7411.32,7402.82,0.25,0.125,2026-05-18 09:37:00,2026-05-18 09:34:03
IC-SPX-FastPT25-S2,IC,SPX,live-candidate,pre-fix,T00307,SPX,shortputspread,closed,11,0.55,0.7,-165,4895,2026-05-18 09:31:01,2026-05-18 09:34:02,2026-05-18 16:00:00,put side,False,7360,7355,,,-605,7415.15,7410.86,0.09090909,-0.18181818,2026-05-18 09:31:01,2026-05-18 09:33:00
IC-SPX-FastPT25-S2,IC,SPX,live-candidate,pre-fix,T00307,SPX,shortcallspread,closed,10,0.45,0.3,150,4550,2026-05-18 09:31:02,2026-05-18 09:34:00,2026-05-18 16:00:00,call side,False,,,7470,7475,-450,7415.42,7410.47,0.4,0.04444444,2026-05-18 09:34:00,2026-05-18 09:31:02
1-45pm-Sandwich-Paper-v1,OA-Mirror,,mirror-watch,baseline,T00313,SPX,ironcondor,expired,1,3.45,5,-155,155,2026-05-15 13:45:01,2026-05-15 16:15:00,2026-05-15 16:00:00,,False,7440,7435,7450,7455,-345,7444.86,7408.5,0.07246377,-0.49275362,2026-05-15 14:17:00,2026-05-15 15:56:00
QQQ-IC-0DTE-Raw-HoldToExp,IC,QQQ,control,baseline,T00314,QQQ,shortputspread,closed,1,0.26,0.01,25,174,2026-05-15 11:01:01,2026-05-15 15:50:01,2026-05-15 16:00:00,put side,False,705,703,,,-26,710.24,710.62,1,-0.23076923,2026-05-15 14:24:00,2026-05-15 11:08:00
QQQ-IC-0DTE-Raw-HoldToExp,IC,QQQ,control,baseline,T00314,QQQ,shortcallspread,closed,1,0.22,0.02,20,178,2026-05-15 11:01:03,2026-05-15 15:50:01,2026-05-15 16:00:00,call side,False,,,716,718,-22,710.32,710.62,1,-1.09090909,2026-05-15 15:14:00,2026-05-15 14:13:00
QQQ-IC-0DTE-Baseline,IC,QQQ,control,baseline,T00315,QQQ,ironcondor,closed,116,0.14,0.06,928,9976,2026-05-15 13:30:35,2026-05-15 14:54:33,2026-05-15 16:00:00,,False,708,707,717,718,-1624,713.47,712.91,0.71428571,-0.35714286,2026-05-15 14:54:00,2026-05-15 14:08:00
IC-SPX-FastPT25-S2,IC,SPX,live-candidate,pre-fix,T00316,SPX,shortputspread,closed,10,0.1,0.05,50,4900,2026-05-15 13:48:01,2026-05-15 13:49:00,2026-05-15 16:00:00,put side,False,7390,7385,,,-100,7445.01,7444.05,0.5,0.2,2026-05-15 13:49:00,2026-05-15 13:48:01
IC-SPX-FastPT25-S2,IC,SPX,live-candidate,pre-fix,T00316,SPX,shortcallspread,closed,10,0.1,0.05,50,4900,2026-05-15 13:46:02,2026-05-15 13:47:00,2026-05-15 16:00:00,call side,False,,,7500,7505,-100,7445.68,7444.83,0.5,0,2026-05-15 13:47:00,2026-05-15 13:46:03
IC-SPX-FastPT25-S2,IC,SPX,live-candidate,pre-fix,T00317,SPX,shortcallspread,closed,10,0.1,0.05,50,4900,2026-05-15 13:44:04,2026-05-15 13:45:00,2026-05-15 16:00:00,call side,True,,,7500,7505,-100,7445.46,7444.85,0.5,0.2,2026-05-15 13:45:00,2026-05-15 13:44:04
IC-SPX-FastPT25-S2,IC,SPX,live-candidate,pre-fix,T00318,SPX,shortcallspread,closed,10,0.1,0.15,-50,4900,2026-05-15 13:39:02,2026-05-15 13:44:02,2026-05-15 16:00:00,call side,True,,,7500,7505,-100,7445.72,7445.38,0.3,0,2026-05-15 13:41:00,2026-05-15 13:40:00
IC-SPX-FastPT25-S2,IC,SPX,live-candidate,pre-fix,T00319,SPX,shortcallspread,closed,10,0.1,0.05,50,4900,2026-05-15 13:41:03,2026-05-15 13:42:01,2026-05-15 16:00:00,call side,True,,,7500,7505,-100,7445.38,7441.92,0.5,0,2026-05-15 13:42:00,2026-05-15 13:41:02
IC-SPX-Fortress-Defang,IC,SPX,experiment,baseline,T00325,SPX,shortcallspread,closed,10,0.1,0.15,-50,4900,2026-05-15 13:34:07,2026-05-15 13:37:02,2026-05-15 16:00:00,call side,True,,,7505,7510,-100,7448.67,7447.82,0.5,0,2026-05-15 13:37:00,2026-05-15 13:35:00
IC-SPX-Fortress-Unstopped,IC,SPX,control,pre-fix,T00327,SPX,shortcallspread,closed,10,0.1,0.15,-50,4900,2026-05-15 13:34:05,2026-05-15 13:37:02,2026-05-15 16:00:00,call side,True,,,7505,7510,-100,7448.65,7447.82,0.5,0,2026-05-15 13:37:00,2026-05-15 13:35:00
IC-SPX-FastPT25-S2,IC,SPX,live-candidate,pre-fix,T00320,SPX,shortcallspread,closed,10,0.1,0.05,50,4900,2026-05-15 13:33:02,2026-05-15 13:37:00,2026-05-15 16:00:00,call side,True,,,7505,7510,-100,7448.01,7447.84,0.5,0,2026-05-15 13:37:00,2026-05-15 13:35:00
IC-SPX-FastPT25-S2,IC,SPX,live-candidate,pre-fix,T00321,SPX,shortcallspread,closed,10,0.1,0.05,50,4900,2026-05-15 13:31:02,2026-05-15 13:37:00,2026-05-15 16:00:00,call side,True,,,7505,7510,-100,7447.34,7447.84,0.5,0,2026-05-15 13:37:00,2026-05-15 13:31:03
IC-SPX-Fortress-Defang,IC,SPX,experiment,baseline,T00326,SPX,shortcallspread,closed,10,0.1,0.15,-50,4900,2026-05-15 13:31:02,2026-05-15 13:34:03,2026-05-15 16:00:00,call side,True,,,7505,7510,-100,7447.34,7448.36,0.3,0,2026-05-15 13:32:00,2026-05-15 13:31:03
IC-SPX-Fortress-Unstopped,IC,SPX,control,pre-fix,T00328,SPX,shortcallspread,closed,10,0.1,0.15,-50,4900,2026-05-15 13:31:02,2026-05-15 13:34:03,2026-05-15 16:00:00,call side,True,,,7505,7510,-100,7447.34,7448.36,0.3,0,2026-05-15 13:32:00,2026-05-15 13:31:03
IC-SPX-FastPT25-S2,IC,SPX,live-candidate,pre-fix,T00322,SPX,shortcallspread,closed,10,0.1,0.05,50,4900,2026-05-15 13:29:03,2026-05-15 13:30:01,2026-05-15 16:00:00,call side,True,,,7505,7510,-100,7447.88,7445.7,0.5,0.2,2026-05-15 13:30:00,2026-05-15 13:29:02
IC-SPX-FastPT25-S2,IC,SPX,live-candidate,pre-fix,T00323,SPX,shortcallspread,closed,10,0.1,0.15,-50,4900,2026-05-15 13:25:03,2026-05-15 13:28:02,2026-05-15 16:00:00,call side,True,,,7500,7505,-100,7445.09,7447.89,0.5,0,2026-05-15 13:25:02,2026-05-15 13:26:00
Friday 14 DTE Broken Wing IB (B-70),OA-Mirror,,mirror-watch,baseline,T00329,SPX,ironbutterfly,closed,1,42.2,41.05,115,1780,2026-05-15 10:30:03,2026-05-15 13:25:01,2026-05-29 16:00:00,14 dte,False,7360,7300,7360,7400,-4220,7431.76,7445.08,0.02725118,-0.01895735,2026-05-15 13:25:00,2026-05-15 10:55:00
QQQ-IC-0DTE-HedgeA-S1,IC,QQQ,experiment,baseline,T00330,QQQ,shortcallspread,closed,28,0.22,0.11,308,4984,2026-05-15 11:01:03,2026-05-15 12:16:11,2026-05-15 16:00:00,call side,False,,,716,718,-616,710.32,709.98,0.54545455,-0.59090909,2026-05-15 12:16:00,2026-05-15 11:38:00
QQQ-IC-0DTE-HedgeTest,IC,QQQ,experiment,baseline,T00331,QQQ,shortcallspread,closed,28,0.22,0.11,308,4984,2026-05-15 11:01:03,2026-05-15 12:16:11,2026-05-15 16:00:00,call side,False,,,716,718,-616,710.32,709.98,0.54545455,-0.59090909,2026-05-15 12:16:00,2026-05-15 11:38:00
QQQ-IC-0DTE-HedgeD-Conditional,IC,QQQ,experiment,baseline,T00332,QQQ,shortcallspread,closed,28,0.22,0.11,308,4984,2026-05-15 11:01:03,2026-05-15 12:16:11,2026-05-15 16:00:00,call side,False,,,716,718,-616,710.32,709.98,0.54545455,-0.59090909,2026-05-15 12:16:00,2026-05-15 11:38:00
QQQ-IC-0DTE-HedgeTest,IC,QQQ,experiment,baseline,T00331,QQQ,shortputspread,closed,28,0.26,0.13,364,4872,2026-05-15 11:01:01,2026-05-15 11:36:11,2026-05-15 16:00:00,put side,False,705,703,,,-728,710.24,712.18,0.53846154,-0.23076923,2026-05-15 11:36:00,2026-05-15 11:08:00
QQQ-IC-0DTE-HedgeC-S3,IC,QQQ,experiment,baseline,T00333,QQQ,shortputspread,closed,28,0.26,0.13,364,4872,2026-05-15 11:01:01,2026-05-15 11:36:11,2026-05-15 16:00:00,put side,False,705,703,,,-728,710.24,712.18,0.53846154,-0.23076923,2026-05-15 11:36:00,2026-05-15 11:08:00
QQQ-IC-0DTE-HedgeD-Conditional,IC,QQQ,experiment,baseline,T00332,QQQ,shortputspread,closed,28,0.26,0.13,364,4872,2026-05-15 11:01:01,2026-05-15 11:36:11,2026-05-15 16:00:00,put side,False,705,703,,,-728,710.24,712.18,0.53846154,-0.23076923,2026-05-15 11:36:00,2026-05-15 11:08:00
QQQ-IC-0DTE-HedgeA-S1,IC,QQQ,experiment,baseline,T00330,QQQ,shortputspread,closed,28,0.26,0.13,364,4872,2026-05-15 11:01:01,2026-05-15 11:36:11,2026-05-15 16:00:00,put side,False,705,703,,,-728,710.24,712.18,0.53846154,-0.23076923,2026-05-15 11:36:00,2026-05-15 11:08:00
QQQ-IC-0DTE-HedgeC-S3,IC,QQQ,experiment,baseline,T00333,QQQ,shortcallspread,closed,28,0.22,0.35,-364,4984,2026-05-15 11:01:03,2026-05-15 11:32:01,2026-05-15 16:00:00,call side,False,,,716,718,-616,710.32,712.18,0.22727273,-0.54545455,2026-05-15 11:08:00,2026-05-15 11:32:00
QQQ-IC-0DTE-HedgeB-S2,IC,QQQ,experiment,baseline,T00334,QQQ,shortputspread,closed,28,0.26,0.19,196,4872,2026-05-15 11:01:01,2026-05-15 11:25:01,2026-05-15 16:00:00,put side,False,705,703,,,-728,710.24,711.26,0.5,-0.23076923,2026-05-15 11:22:00,2026-05-15 11:08:00
QQQ-IC-0DTE-HedgeB-S2,IC,QQQ,experiment,baseline,T00334,QQQ,shortcallspread,closed,28,0.22,0.3,-224,4984,2026-05-15 11:01:03,2026-05-15 11:22:00,2026-05-15 16:00:00,call side,False,,,716,718,-616,710.32,711.93,0.22727273,-0.31818182,2026-05-15 11:08:00,2026-05-15 11:21:00
3DTE $140-$350,OA-Mirror,SPX,mirror-watch,baseline,T00335,SPX,ironcondor,closed,1,0.5,0.15,35,950,2026-05-13 10:00:07,2026-05-15 10:30:01,2026-05-18 16:00:00,"220,60percent",False,7170,7160,7615,7625,-50,7392.93,7430.66,0.8,-1.7,2026-05-15 10:29:00,2026-05-14 12:42:00
IC-SPX-FastPT25-S2,IC,SPX,live-candidate,pre-fix,T00324,SPX,shortputspread,closed,11,0.6,0.8,-220,4840,2026-05-15 10:24:01,2026-05-15 10:26:02,2026-05-15 16:00:00,put side,True,7390,7385,,,-660,7445.02,7437.56,-0.08333333,-0.25,2026-05-15 10:25:00,2026-05-15 10:26:00
Trendy-Paper-v1,OA-Mirror,,mirror-watch,baseline,T00336,SPY,shortputspread,closed,1,0.76,0.52,24,924,2026-05-12 09:45:15,2026-05-15 09:45:14,2026-05-22 16:00:00,,True,713,703,,,-76,736.69,738.54,0.77631579,-0.39473684,2026-05-14 14:56:00,2026-05-12 11:29:00
Weekly-IB-SPY-Paper-v1,OA-Mirror,SPY,mirror-watch,baseline,T00337,SPY,ironbutterfly,closed,1,9.75,7.02,273,1325,2026-05-11 09:45:29,2026-05-15 09:45:13,2026-05-18 16:00:00,,False,739,716,739,755,-975,738.63,738.52,0.28205128,-0.14153846,2026-05-15 09:45:00,2026-05-14 12:05:00
3DTE $140-$350,OA-Mirror,SPX,mirror-watch,baseline,T00338,SPX,ironcondor,closed,1,0.55,0.1,45,945,2026-05-12 10:00:07,2026-05-15 09:45:02,2026-05-15 16:00:00,"200,90 profit",False,7170,7160,7575,7585,-55,7370.37,7405.62,1,-1.27272727,2026-05-15 09:32:00,2026-05-14 12:01:00
1-45pm-Sandwich-Paper-v1,OA-Mirror,,mirror-watch,baseline,T00339,SPX,ironcondor,expired,1,3.2,0,320,180,2026-05-14 13:45:02,2026-05-14 16:15:00,2026-05-14 16:00:00,,False,7495,7490,7505,7510,-320,7498.93,7501.24,0.984375,-0.109375,2026-05-14 15:59:00,2026-05-14 14:04:00
Opening Range Breakout 60m,OA-Mirror,,mirror-watch,baseline,T00340,SPX,shortputspread,expired,1,0.8,0,80,1420,2026-05-14 10:45:02,2026-05-14 16:15:00,2026-05-14 16:00:00,test a,True,7450,7435,,,-80,7491.8,7501.24,1,-0.125,2026-05-14 14:50:00,2026-05-14 13:17:00
QQQ-IC-0DTE-Raw-HoldToExp,IC,QQQ,control,baseline,T00341,QQQ,shortputspread,closed,1,0.17,0.01,16,183,2026-05-14 11:01:00,2026-05-14 15:50:01,2026-05-14 16:00:00,put side,False,714,712,,,-17,719.45,720.14,1,-0.17647059,2026-05-14 15:03:00,2026-05-14 13:19:00
QQQ-IC-0DTE-Range075-PT50-Wide2-1230PM,IC,QQQ,experiment,baseline,T00342,QQQ,shortcallspread,closed,1,0.08,0.01,7,192,2026-05-14 13:11:01,2026-05-14 15:50:01,2026-05-14 16:00:00,call side,False,,,725,727,-8,720.02,720.14,1,-0.125,2026-05-14 14:47:00,2026-05-14 13:11:01
QQQ-IC-0DTE-Fortress-NoPT50,IC,QQQ,experiment,baseline,T00343,QQQ,shortputspread,closed,26,0.08,0.01,182,4992,2026-05-14 13:31:01,2026-05-14 15:50:01,2026-05-14 16:00:00,put side,True,714,712,,,-208,719.16,720.14,1,-0.25,2026-05-14 15:03:00,2026-05-14 13:34:00
QQQ-IC-0DTE-Raw-HoldToExp,IC,QQQ,control,baseline,T00341,QQQ,shortcallspread,closed,1,0.17,0.01,16,183,2026-05-14 11:01:01,2026-05-14 15:50:01,2026-05-14 16:00:00,call side,False,,,725,727,-17,719.45,720.14,1,-0.88235294,2026-05-14 14:47:00,2026-05-14 11:29:00
QQQ-IC-0DTE-Baseline,IC,QQQ,control,baseline,T00344,QQQ,ironcondor,closed,120,0.17,0.08,1080,9960,2026-05-14 13:30:34,2026-05-14 15:28:32,2026-05-14 16:00:00,,False,713,712,722,723,-2040,718.81,720.37,0.64705882,-1,2026-05-14 15:28:00,2026-05-14 13:56:00
QQQ-IC-0DTE-Range075-PT50-Wide2-1230PM,IC,QQQ,experiment,baseline,T00342,QQQ,shortputspread,closed,1,0.09,0.04,5,191,2026-05-14 13:09:00,2026-05-14 13:58:11,2026-05-14 16:00:00,put side,False,715,713,,,-9,720.05,720.98,0.66666667,-2.11111111,2026-05-14 13:58:00,2026-05-14 13:19:00
QQQ-IC-0DTE-Fortress,IC,QQQ,experiment,baseline,T00345,QQQ,shortputspread,closed,26,0.08,0.04,104,4992,2026-05-14 13:31:01,2026-05-14 13:48:11,2026-05-14 16:00:00,put side,True,714,712,,,-208,719.16,720.47,0.625,-0.25,2026-05-14 13:48:00,2026-05-14 13:34:00
QQQ-IC-0DTE-Fortress-S2,IC,QQQ,experiment,baseline,T00346,QQQ,shortputspread,closed,26,0.08,0.06,52,4992,2026-05-14 13:31:01,2026-05-14 13:43:01,2026-05-14 16:00:00,put side,True,714,712,,,-208,719.16,719.91,0.5,-0.25,2026-05-14 13:40:00,2026-05-14 13:34:00
QQQ-IC-0DTE-HedgeTest,IC,QQQ,experiment,baseline,T00347,QQQ,shortcallspread,closed,27,0.17,0.06,297,4941,2026-05-14 11:01:01,2026-05-14 13:16:11,2026-05-14 16:00:00,call side,False,,,725,727,-459,719.45,718.8,0.70588235,-0.88235294,2026-05-14 13:16:00,2026-05-14 11:29:00
QQQ-IC-0DTE-HedgeA-S1,IC,QQQ,experiment,baseline,T00348,QQQ,shortcallspread,closed,27,0.17,0.06,297,4941,2026-05-14 11:01:01,2026-05-14 13:16:11,2026-05-14 16:00:00,call side,False,,,725,727,-459,719.45,718.8,0.70588235,-0.88235294,2026-05-14 13:16:00,2026-05-14 11:29:00
QQQ-IC-0DTE-HedgeD-Conditional,IC,QQQ,experiment,baseline,T00349,QQQ,shortcallspread,closed,27,0.17,0.06,297,4941,2026-05-14 11:01:01,2026-05-14 13:16:11,2026-05-14 16:00:00,call side,False,,,725,727,-459,719.45,718.8,0.70588235,-0.88235294,2026-05-14 13:16:00,2026-05-14 11:29:00
QQQ-IC-0DTE-HedgeA-S1,IC,QQQ,experiment,baseline,T00348,QQQ,shortputspread,closed,27,0.17,0.08,243,4941,2026-05-14 11:01:00,2026-05-14 11:31:11,2026-05-14 16:00:00,put side,False,714,712,,,-459,719.45,721.67,0.58823529,-0.05882353,2026-05-14 11:31:00,2026-05-14 11:01:00
QQQ-IC-0DTE-HedgeD-Conditional,IC,QQQ,experiment,baseline,T00349,QQQ,shortputspread,closed,27,0.17,0.08,243,4941,2026-05-14 11:01:00,2026-05-14 11:31:11,2026-05-14 16:00:00,put side,False,714,712,,,-459,719.45,721.67,0.58823529,-0.05882353,2026-05-14 11:31:00,2026-05-14 11:01:00
QQQ-IC-0DTE-HedgeC-S3,IC,QQQ,experiment,baseline,T00350,QQQ,shortputspread,closed,27,0.17,0.08,243,4941,2026-05-14 11:01:00,2026-05-14 11:31:11,2026-05-14 16:00:00,put side,False,714,712,,,-459,719.45,721.67,0.58823529,-0.05882353,2026-05-14 11:31:00,2026-05-14 11:01:00
QQQ-IC-0DTE-HedgeTest,IC,QQQ,experiment,baseline,T00347,QQQ,shortputspread,closed,27,0.17,0.08,243,4941,2026-05-14 11:01:00,2026-05-14 11:31:11,2026-05-14 16:00:00,put side,False,714,712,,,-459,719.45,721.67,0.58823529,-0.05882353,2026-05-14 11:31:00,2026-05-14 11:01:00
QQQ-IC-0DTE-HedgeB-S2,IC,QQQ,experiment,baseline,T00351,QQQ,shortputspread,closed,27,0.17,0.1,189,4941,2026-05-14 11:01:00,2026-05-14 11:24:01,2026-05-14 16:00:00,put side,False,714,712,,,-459,719.45,721.17,0.52941176,-0.05882353,2026-05-14 11:21:00,2026-05-14 11:01:00
QQQ-IC-0DTE-HedgeB-S2,IC,QQQ,experiment,baseline,T00351,QQQ,shortcallspread,closed,27,0.17,0.31,-378,4941,2026-05-14 11:01:01,2026-05-14 11:21:01,2026-05-14 16:00:00,call side,False,,,725,727,-459,719.45,721.58,-0.05882353,-0.70588235,2026-05-14 11:01:01,2026-05-14 11:21:00
QQQ-IC-0DTE-HedgeC-S3,IC,QQQ,experiment,baseline,T00350,QQQ,shortcallspread,closed,27,0.17,0.28,-297,4941,2026-05-14 11:01:01,2026-05-14 11:19:01,2026-05-14 16:00:00,call side,False,,,725,727,-459,719.45,721.35,-0.05882353,-0.58823529,2026-05-14 11:01:01,2026-05-14 11:19:00
IC-SPX-FastPT25-S2,IC,SPX,live-candidate,pre-fix,T00352,SPX,shortcallspread,closed,10,0.3,0.45,-150,4700,2026-05-14 10:00:11,2026-05-14 10:16:01,2026-05-14 16:00:00,call side,False,,,7520,7525,-300,7465.45,7478.27,0.1,-0.33333333,2026-05-14 10:00:11,2026-05-14 10:06:00
IC-SPX-FastPT25-S2,IC,SPX,live-candidate,pre-fix,T00357,SPX,shortputspread,closed,10,0.35,0.25,100,4650,2026-05-14 10:02:04,2026-05-14 10:16:00,2026-05-14 16:00:00,put side,True,7420,7415,,,-350,7474.13,7478.27,0.28571429,-0.08571429,2026-05-14 10:16:00,2026-05-14 10:04:00
IC-SPX-FastPT25-S2,IC,SPX,live-candidate,pre-fix,T00352,SPX,shortputspread,closed,10,0.35,0.25,100,4650,2026-05-14 10:00:10,2026-05-14 10:02:01,2026-05-14 16:00:00,put side,False,7410,7405,,,-350,7465.45,7474.22,0.28571429,0.05714286,2026-05-14 10:02:00,2026-05-14 10:00:10
IC-SPX-FastPT25-S2,IC,SPX,live-candidate,pre-fix,T00353,SPX,shortputspread,closed,10,0.35,0.55,-200,4650,2026-05-14 09:57:02,2026-05-14 10:00:08,2026-05-14 16:00:00,put side,False,7420,7415,,,-350,7474.46,7465.69,0.05714286,-0.57142857,2026-05-14 09:57:02,2026-05-14 10:00:00
IC-SPX-FastPT25-S2,IC,SPX,live-candidate,pre-fix,T00356,SPX,shortcallspread,closed,10,0.2,0.15,50,4800,2026-05-14 09:59:03,2026-05-14 10:00:00,2026-05-14 16:00:00,call side,True,,,7530,7535,-200,7471.96,7466.34,0.25,0,2026-05-14 10:00:00,2026-05-14 09:59:03
IC-SPX-FastPT25-S2,IC,SPX,live-candidate,pre-fix,T00353,SPX,shortcallspread,closed,10,0.2,0.15,50,4800,2026-05-14 09:57:03,2026-05-14 09:59:00,2026-05-14 16:00:00,call side,False,,,7530,7535,-200,7474.47,7472,0.25,0.15,2026-05-14 09:59:00,2026-05-14 09:57:03
IC-SPX-FastPT25-S2,IC,SPX,live-candidate,pre-fix,T00354,SPX,shortcallspread,closed,10,0.2,0.25,-50,4800,2026-05-14 09:38:03,2026-05-14 09:57:02,2026-05-14 16:00:00,call side,False,,,7530,7535,-200,7471.95,7474.46,0.15,-0.5,2026-05-14 09:56:00,2026-05-14 09:50:00
IC-SPX-FastPT25-S2,IC,SPX,live-candidate,pre-fix,T00354,SPX,shortputspread,closed,10,0.35,0.25,100,4650,2026-05-14 09:38:02,2026-05-14 09:57:00,2026-05-14 16:00:00,put side,False,7415,7410,,,-350,7471.54,7474.5,0.28571429,0,2026-05-14 09:57:00,2026-05-14 09:38:02
Nigiri-Paper-v1,OA-Mirror,,mirror-watch,baseline,T00358,SPY,shortputspread,closed,10,0.08,0.02,60,4920,2026-05-13 09:45:25,2026-05-14 09:49:06,2026-05-15 16:00:00,,True,716,711,,,-80,736.73,745.38,0.875,-0.375,2026-05-14 09:49:00,2026-05-13 09:48:00
IC-SPX-FastPT25-S2,IC,SPX,live-candidate,pre-fix,T00355,SPX,shortcallspread,closed,10,0.25,0.4,-150,4750,2026-05-14 09:31:02,2026-05-14 09:38:02,2026-05-14 16:00:00,call side,False,,,7520,7525,-250,7462.37,7471.54,0.2,-0.4,2026-05-14 09:31:02,2026-05-14 09:35:00
IC-SPX-FastPT25-S2,IC,SPX,live-candidate,pre-fix,T00355,SPX,shortputspread,closed,10,0.35,0.25,100,4650,2026-05-14 09:31:01,2026-05-14 09:38:00,2026-05-14 16:00:00,put side,False,7405,7400,,,-350,7462.86,7471.78,0.37142857,0.14285714,2026-05-14 09:38:00,2026-05-14 09:31:01
1-45pm-Sandwich-Paper-v1,OA-Mirror,,mirror-watch,baseline,T00359,SPX,ironcondor,expired,1,2.85,0.75,210,215,2026-05-13 13:45:02,2026-05-13 16:15:00,2026-05-13 16:00:00,,False,7445,7440,7455,7460,-285,7447.62,7444.25,0.75438596,-0.14035088,2026-05-13 15:57:00,2026-05-13 14:17:00
Opening Range Breakout 60m,OA-Mirror,,mirror-watch,baseline,T00360,SPX,shortputspread,expired,1,1.05,0,105,1395,2026-05-13 11:00:02,2026-05-13 16:15:00,2026-05-13 16:00:00,test a,True,7375,7360,,,-105,7410.12,7444.25,1,0.02857143,2026-05-13 14:16:00,2026-05-13 11:00:02
QQQ-IC-0DTE-Baseline,IC,QQQ,control,baseline,T00361,QQQ,ironcondor,closed,108,0.08,0.07,108,9936,2026-05-13 13:30:34,2026-05-13 15:50:32,2026-05-13 16:00:00,,False,709,708,718,719,-864,714.84,715.07,0.625,-1.875,2026-05-13 15:34:00,2026-05-13 14:29:00
QQQ-IC-0DTE-Raw-HoldToExp,IC,QQQ,control,baseline,T00362,QQQ,shortcallspread,closed,1,0.16,0.49,-33,184,2026-05-13 11:01:02,2026-05-13 15:50:00,2026-05-13 16:00:00,call side,False,,,716,718,-16,711.03,715.85,0.4375,-4.25,2026-05-13 11:58:00,2026-05-13 14:29:00
QQQ-IC-0DTE-Raw-HoldToExp,IC,QQQ,control,baseline,T00362,QQQ,shortputspread,closed,1,0.16,0.01,15,184,2026-05-13 11:01:00,2026-05-13 15:50:00,2026-05-13 16:00:00,put side,False,706,704,,,-16,711.04,715.85,1,-0.5,2026-05-13 14:25:00,2026-05-13 11:28:00
QQQ-IC-0DTE-HedgeD-Conditional,IC,QQQ,experiment,baseline,T00363,QQQ,shortcallspread,closed,27,0.16,0.49,-891,4968,2026-05-13 11:01:02,2026-05-13 15:50:00,2026-05-13 16:00:00,call side,False,,,716,718,-432,711.03,715.85,0.4375,-4.25,2026-05-13 11:58:00,2026-05-13 14:29:00
QQQ-IC-0DTE-HedgeA-S1,IC,QQQ,experiment,baseline,T00364,QQQ,shortcallspread,closed,27,0.16,0.73,-1539,4968,2026-05-13 11:01:02,2026-05-13 14:16:02,2026-05-13 16:00:00,call side,False,,,716,718,-432,711.03,716.18,0.4375,-3.4375,2026-05-13 11:58:00,2026-05-13 14:16:00
QQQ-IC-0DTE-HedgeTest,IC,QQQ,experiment,baseline,T00365,QQQ,shortcallspread,closed,27,0.16,0.72,-1512,4968,2026-05-13 11:01:02,2026-05-13 14:16:01,2026-05-13 16:00:00,call side,False,,,716,718,-432,711.03,716.2,0.4375,-3.4375,2026-05-13 11:58:00,2026-05-13 14:16:00
QQQ-IC-0DTE-HedgeC-S3,IC,QQQ,experiment,baseline,T00366,QQQ,shortcallspread,closed,27,0.16,0.32,-432,4968,2026-05-13 11:01:02,2026-05-13 12:25:01,2026-05-13 16:00:00,call side,False,,,716,718,-432,711.03,713.46,0.4375,-0.9375,2026-05-13 11:58:00,2026-05-13 12:25:00
QQQ-IC-0DTE-HedgeA-S1,IC,QQQ,experiment,baseline,T00364,QQQ,shortputspread,closed,27,0.16,0.08,216,4968,2026-05-13 11:01:00,2026-05-13 12:20:11,2026-05-13 16:00:00,put side,False,706,704,,,-432,711.04,712.29,0.5625,-0.5,2026-05-13 12:20:00,2026-05-13 11:28:00
QQQ-IC-0DTE-HedgeD-Conditional,IC,QQQ,experiment,baseline,T00363,QQQ,shortputspread,closed,27,0.16,0.08,216,4968,2026-05-13 11:01:00,2026-05-13 12:20:11,2026-05-13 16:00:00,put side,False,706,704,,,-432,711.04,712.29,0.5625,-0.5,2026-05-13 12:20:00,2026-05-13 11:28:00
QQQ-IC-0DTE-HedgeTest,IC,QQQ,experiment,baseline,T00365,QQQ,shortputspread,closed,27,0.16,0.08,216,4968,2026-05-13 11:01:00,2026-05-13 12:20:11,2026-05-13 16:00:00,put side,False,706,704,,,-432,711.04,712.29,0.5625,-0.5,2026-05-13 12:20:00,2026-05-13 11:28:00
QQQ-IC-0DTE-HedgeB-S2,IC,QQQ,experiment,baseline,T00367,QQQ,shortputspread,closed,27,0.16,0.11,135,4968,2026-05-13 11:01:00,2026-05-13 11:47:00,2026-05-13 16:00:00,put side,False,706,704,,,-432,711.04,711.82,0.5,-0.5,2026-05-13 11:44:00,2026-05-13 11:28:00
QQQ-IC-0DTE-HedgeB-S2,IC,QQQ,experiment,baseline,T00367,QQQ,shortcallspread,closed,27,0.16,0.18,-54,4968,2026-05-13 11:01:02,2026-05-13 11:44:00,2026-05-13 16:00:00,call side,False,,,716,718,-432,711.03,712.14,0.375,-0.125,2026-05-13 11:28:00,2026-05-13 11:03:00
60min-ORB-10W-Paper-v1,OA-Mirror,SPX,mirror-watch,baseline,T00368,SPX,shortputspread,closed,1,0.8,0.3,50,920,2026-05-13 11:00:02,2026-05-13 11:37:00,2026-05-13 16:00:00,test a,True,7375,7365,,,-80,7410.12,7418.95,0.625,0.0375,2026-05-13 11:37:00,2026-05-13 11:00:02
QQQ-IC-0DTE-HedgeC-S3,IC,QQQ,experiment,baseline,T00366,QQQ,shortputspread,closed,27,0.16,0.25,-243,4968,2026-05-13 11:01:00,2026-05-13 11:28:00,2026-05-13 16:00:00,put side,False,706,704,,,-432,711.04,710,0.125,-0.5,2026-05-13 11:03:00,2026-05-13 11:28:00
IC-SPX-FastPT25-S2,IC,SPX,live-candidate,pre-fix,T00369,SPX,shortcallspread,closed,10,0.3,0.4,-100,4700,2026-05-13 09:49:03,2026-05-13 10:12:02,2026-05-13 16:00:00,call side,False,,,7435,7440,-300,7377.52,7391.1,0,-0.5,2026-05-13 09:49:03,2026-05-13 09:55:00
IC-SPX-FastPT25-S2,IC,SPX,live-candidate,pre-fix,T00370,SPX,shortcallspread,closed,10,0.25,0.15,100,4750,2026-05-13 09:43:03,2026-05-13 10:12:00,2026-05-13 16:00:00,call side,False,,,7445,7450,-250,7391.98,7391.31,0.4,0,2026-05-13 10:12:00,2026-05-13 09:55:00
3DTE $140-$350,OA-Mirror,SPX,mirror-watch,baseline,T00375,SPX,ironcondor,closed,1,0.55,0.15,40,945,2026-05-11 10:00:05,2026-05-13 10:00:03,2026-05-14 16:00:00,"180,60percent",False,7225,7215,7590,7600,-55,7409.09,7391.31,1,-0.58181818,2026-05-11 15:57:00,2026-05-12 11:26:00
IC-SPX-FastPT25-S2,IC,SPX,live-candidate,pre-fix,T00369,SPX,shortputspread,closed,10,0.35,0.25,100,4650,2026-05-13 09:49:03,2026-05-13 09:50:00,2026-05-13 16:00:00,put side,False,7320,7315,,,-350,7377.52,7384.18,0.28571429,0.08571429,2026-05-13 09:50:00,2026-05-13 09:49:02
IC-SPX-FastPT25-S2,IC,SPX,live-candidate,pre-fix,T00374,SPX,shortputspread,closed,10,0.4,0.65,-250,4600,2026-05-13 09:46:03,2026-05-13 09:49:02,2026-05-13 16:00:00,put side,True,7330,7325,,,-400,7385.21,7376.32,0.05,-0.425,2026-05-13 09:46:02,2026-05-13 09:49:00
IC-SPX-FastPT25-S2,IC,SPX,live-candidate,pre-fix,T00370,SPX,shortputspread,closed,10,0.3,0.45,-150,4700,2026-05-13 09:43:02,2026-05-13 09:46:02,2026-05-13 16:00:00,put side,False,7335,7330,,,-300,7391.7,7385.21,0.06666667,-0.33333333,2026-05-13 09:43:02,2026-05-13 09:46:00
Nigiri-Paper-v1,OA-Mirror,,mirror-watch,baseline,T00376,SPY,shortputspread,closed,10,0.09,0.06,30,4910,2026-05-12 14:00:23,2026-05-13 09:45:13,2026-05-15 16:00:00,,True,712,707,,,-90,735.12,736.71,0.44444444,-0.11111111,2026-05-12 15:52:00,2026-05-12 14:00:23
IC-SPX-FastPT25-S2,IC,SPX,live-candidate,pre-fix,T00372,SPX,shortcallspread,closed,10,0.25,0.3,-50,4750,2026-05-13 09:37:04,2026-05-13 09:43:02,2026-05-13 16:00:00,call side,False,,,7445,7450,-250,7389.48,7391.7,0.2,0,2026-05-13 09:40:00,2026-05-13 09:39:00
IC-SPX-FastPT25-S2,IC,SPX,live-candidate,pre-fix,T00372,SPX,shortputspread,closed,10,0.35,0.25,100,4650,2026-05-13 09:37:02,2026-05-13 09:43:00,2026-05-13 16:00:00,put side,False,7335,7330,,,-350,7390.16,7392.84,0.28571429,0,2026-05-13 09:43:00,2026-05-13 09:38:00
IC-SPX-FastPT25-S2,IC,SPX,live-candidate,pre-fix,T00371,SPX,shortputspread,closed,10,0.35,0.6,-250,4650,2026-05-13 09:31:01,2026-05-13 09:37:02,2026-05-13 16:00:00,put side,False,7345,7340,,,-350,7402.29,7389.86,0,-0.34285714,2026-05-13 09:31:01,2026-05-13 09:37:00
IC-SPX-FastPT25-S2,IC,SPX,live-candidate,pre-fix,T00373,SPX,shortcallspread,closed,10,0.2,0.15,50,4800,2026-05-13 09:33:03,2026-05-13 09:37:00,2026-05-13 16:00:00,call side,True,,,7450,7455,-200,7394.47,7390.47,0.25,-0.15,2026-05-13 09:37:00,2026-05-13 09:35:00
IC-SPX-FastPT25-S2,IC,SPX,live-candidate,pre-fix,T00371,SPX,shortcallspread,closed,10,0.15,0.1,50,4850,2026-05-13 09:31:02,2026-05-13 09:33:00,2026-05-13 16:00:00,call side,False,,,7460,7465,-150,7402.21,7394.51,0.33333333,0,2026-05-13 09:33:00,2026-05-13 09:31:02
Opening Range Breakout 60m,OA-Mirror,,mirror-watch,baseline,T00377,SPX,shortcallspread,expired,1,1.55,5.96,-441,1345,2026-05-12 10:45:06,2026-05-12 16:15:00,2026-05-12 16:00:00,test b,True,,,7395,7410,-155,7365.94,7400.96,0.93548387,-7.41935484,2026-05-12 12:43:00,2026-05-12 15:54:00
3DTE $140-$350,OA-Mirror,SPX,mirror-watch,baseline,T00378,SPX,ironcondor,expired,1,0.35,0,35,965,2026-05-07 10:00:07,2026-05-12 16:15:00,2026-05-12 16:00:00,230,False,7130,7120,7600,7610,-35,7364.23,7400.96,1,-0.71428571,2026-05-11 10:13:00,2026-05-07 13:28:00
1-45pm-Sandwich-Paper-v1,OA-Mirror,,mirror-watch,baseline,T00379,SPX,ironcondor,expired,1,3.3,5,-170,170,2026-05-12 13:45:02,2026-05-12 16:15:00,2026-05-12 16:00:00,,False,7365,7360,7375,7380,-330,7368.62,7400.96,0.06969697,-0.53030303,2026-05-12 14:12:00,2026-05-12 15:32:00
QQQ-IC-0DTE-Baseline,IC,QQQ,control,baseline,T00380,QQQ,ironcondor,closed,114,0.13,0.94,-9234,9918,2026-05-12 13:30:35,2026-05-12 15:50:11,2026-05-12 16:00:00,,False,695,694,704,705,-1482,700.24,706.83,0.23076923,-6.15384615,2026-05-12 14:10:00,2026-05-12 15:50:00
QQQ-IC-0DTE-Raw-HoldToExp,IC,QQQ,control,baseline,T00381,QQQ,shortputspread,closed,1,0.19,0.01,18,181,2026-05-12 11:01:00,2026-05-12 15:50:01,2026-05-12 16:00:00,put side,False,698,696,,,-19,703.1,706.47,1,-4.42105263,2026-05-12 15:30:00,2026-05-12 12:59:00
QQQ-IC-0DTE-Raw-HoldToExp,IC,QQQ,control,baseline,T00381,QQQ,shortcallspread,closed,1,0.18,0.06,12,182,2026-05-12 11:01:03,2026-05-12 15:50:01,2026-05-12 16:00:00,call side,False,,,708,710,-18,703.2,706.47,1,-0.11111111,2026-05-12 15:04:00,2026-05-12 11:01:03
Nigiri-Paper-v1,OA-Mirror,,mirror-watch,baseline,T00382,SPY,shortputspread,closed,10,0.08,0.08,0,4920,2026-05-11 09:45:29,2026-05-12 14:00:11,2026-05-15 16:00:00,,True,710,705,,,-80,738.63,735.12,0.125,-0.875,2026-05-11 10:54:00,2026-05-12 11:25:00
QQQ-IC-0DTE-HedgeD-Conditional,IC,QQQ,experiment,baseline,T00383,QQQ,shortputspread,closed,27,0.19,0.98,-2133,4887,2026-05-12 11:01:00,2026-05-12 12:54:01,2026-05-12 16:00:00,put side,False,698,696,,,-513,703.1,696.91,0.15789474,-4.05263158,2026-05-12 11:09:00,2026-05-12 12:54:00
QQQ-IC-0DTE-HedgeTest,IC,QQQ,experiment,baseline,T00384,QQQ,shortputspread,closed,27,0.19,0.81,-1674,4887,2026-05-12 11:01:00,2026-05-12 12:42:06,2026-05-12 16:00:00,put side,False,698,696,,,-513,703.1,697.61,0.15789474,-3.21052632,2026-05-12 11:09:00,2026-05-12 12:42:00
QQQ-IC-0DTE-HedgeA-S1,IC,QQQ,experiment,baseline,T00385,QQQ,shortputspread,closed,27,0.19,0.81,-1674,4887,2026-05-12 11:01:00,2026-05-12 12:42:00,2026-05-12 16:00:00,put side,False,698,696,,,-513,703.1,697.7,0.15789474,-3.21052632,2026-05-12 11:09:00,2026-05-12 12:42:00
QQQ-IC-0DTE-HedgeA-S1,IC,QQQ,experiment,baseline,T00385,QQQ,shortcallspread,closed,27,0.18,0.09,243,4914,2026-05-12 11:01:03,2026-05-12 11:22:11,2026-05-12 16:00:00,call side,False,,,708,710,-486,703.2,700.92,0.55555556,-0.11111111,2026-05-12 11:22:00,2026-05-12 11:01:03
QQQ-IC-0DTE-HedgeTest,IC,QQQ,experiment,baseline,T00384,QQQ,shortcallspread,closed,27,0.18,0.09,243,4914,2026-05-12 11:01:03,2026-05-12 11:22:11,2026-05-12 16:00:00,call side,False,,,708,710,-486,703.2,700.92,0.55555556,-0.11111111,2026-05-12 11:22:00,2026-05-12 11:01:03
QQQ-IC-0DTE-HedgeD-Conditional,IC,QQQ,experiment,baseline,T00383,QQQ,shortcallspread,closed,27,0.18,0.09,243,4914,2026-05-12 11:01:03,2026-05-12 11:22:11,2026-05-12 16:00:00,call side,False,,,708,710,-486,703.2,700.92,0.55555556,-0.11111111,2026-05-12 11:22:00,2026-05-12 11:01:03
QQQ-IC-0DTE-HedgeC-S3,IC,QQQ,experiment,baseline,T00386,QQQ,shortcallspread,closed,27,0.18,0.09,243,4914,2026-05-12 11:01:03,2026-05-12 11:22:11,2026-05-12 16:00:00,call side,False,,,708,710,-486,703.2,700.92,0.55555556,-0.11111111,2026-05-12 11:22:00,2026-05-12 11:01:03
QQQ-IC-0DTE-HedgeB-S2,IC,QQQ,experiment,baseline,T00387,QQQ,shortcallspread,closed,27,0.18,0.11,189,4914,2026-05-12 11:01:03,2026-05-12 11:20:01,2026-05-12 16:00:00,call side,False,,,708,710,-486,703.2,701.41,0.5,-0.11111111,2026-05-12 11:17:00,2026-05-12 11:01:03
QQQ-IC-0DTE-HedgeB-S2,IC,QQQ,experiment,baseline,T00387,QQQ,shortputspread,closed,27,0.19,0.33,-378,4887,2026-05-12 11:01:00,2026-05-12 11:17:00,2026-05-12 16:00:00,put side,False,698,696,,,-513,703.1,701.35,0.15789474,-0.68421053,2026-05-12 11:09:00,2026-05-12 11:17:00
QQQ-IC-0DTE-HedgeC-S3,IC,QQQ,experiment,baseline,T00386,QQQ,shortputspread,closed,27,0.19,0.3,-297,4887,2026-05-12 11:01:00,2026-05-12 11:16:00,2026-05-12 16:00:00,put side,False,698,696,,,-513,703.1,701.57,0.15789474,-0.52631579,2026-05-12 11:09:00,2026-05-12 11:16:00
IC-SPX-FastPT25-S2,IC,SPX,live-candidate,pre-fix,T00391,SPX,shortputspread,closed,10,0.35,0.45,-100,4650,2026-05-12 09:59:00,2026-05-12 10:01:02,2026-05-12 16:00:00,put side,False,7315,7310,,,-350,7370.19,7369.59,0.22857143,-0.05714286,2026-05-12 10:00:00,2026-05-12 10:01:00
IC-SPX-FastPT25-S2,IC,SPX,live-candidate,pre-fix,T00391,SPX,shortcallspread,closed,10,0.2,0.15,50,4800,2026-05-12 09:58:04,2026-05-12 09:59:00,2026-05-12 16:00:00,call side,False,,,7430,7435,-200,7373.83,7370.19,0.25,0,2026-05-12 09:59:00,2026-05-12 09:58:04
IC-SPX-FastPT25-S2,IC,SPX,live-candidate,pre-fix,T00388,SPX,shortputspread,closed,10,0.35,0.55,-200,4650,2026-05-12 09:55:04,2026-05-12 09:58:03,2026-05-12 16:00:00,put side,False,7325,7320,,,-350,7380.84,7373.58,0,-0.2,2026-05-12 09:55:04,2026-05-12 09:57:00
IC-SPX-FastPT25-S2,IC,SPX,live-candidate,pre-fix,T00388,SPX,shortcallspread,closed,10,0.15,0.1,50,4850,2026-05-12 09:55:05,2026-05-12 09:58:01,2026-05-12 16:00:00,call side,False,,,7435,7440,-150,7380.1,7374.04,0.33333333,0,2026-05-12 09:58:00,2026-05-12 09:55:05
IC-SPX-FastPT25-S2,IC,SPX,live-candidate,pre-fix,T00389,SPX,shortcallspread,closed,10,0.15,0.2,-50,4850,2026-05-12 09:49:05,2026-05-12 09:55:03,2026-05-12 16:00:00,call side,False,,,7435,7440,-150,7377.4,7381.16,0,-0.33333333,2026-05-12 09:49:04,2026-05-12 09:54:00
IC-SPX-FastPT25-S2,IC,SPX,live-candidate,pre-fix,T00393,SPX,shortputspread,closed,10,0.35,0.25,100,4650,2026-05-12 09:50:04,2026-05-12 09:55:00,2026-05-12 16:00:00,put side,True,7320,7315,,,-350,7377.72,7381.25,0.28571429,-0.14285714,2026-05-12 09:55:00,2026-05-12 09:52:00
IC-SPX-FastPT25-S2,IC,SPX,live-candidate,pre-fix,T00389,SPX,shortputspread,closed,10,0.35,0.25,100,4650,2026-05-12 09:49:04,2026-05-12 09:50:00,2026-05-12 16:00:00,put side,False,7320,7315,,,-350,7377.3,7379.4,0.28571429,0.08571429,2026-05-12 09:50:00,2026-05-12 09:49:03
IC-SPX-FastPT25-S2,IC,SPX,live-candidate,pre-fix,T00390,SPX,shortputspread,closed,10,0.3,0.6,-300,4700,2026-05-12 09:31:01,2026-05-12 09:49:03,2026-05-12 16:00:00,put side,False,7330,7325,,,-300,7386.7,7376.69,0,-0.73333333,2026-05-12 09:31:01,2026-05-12 09:38:00
IC-SPX-FastPT25-S2,IC,SPX,live-candidate,pre-fix,T00392,SPX,shortcallspread,closed,10,0.2,0.15,50,4800,2026-05-12 09:32:03,2026-05-12 09:49:00,2026-05-12 16:00:00,call side,True,,,7435,7440,-200,7381.13,7376.81,0.25,-0.4,2026-05-12 09:49:00,2026-05-12 09:44:00
IC-SPX-FastPT25-S2,IC,SPX,live-candidate,pre-fix,T00390,SPX,shortcallspread,closed,10,0.2,0.15,50,4800,2026-05-12 09:31:02,2026-05-12 09:32:00,2026-05-12 16:00:00,call side,False,,,7440,7445,-200,7386.6,7381.64,0.25,0,2026-05-12 09:32:00,2026-05-12 09:31:02
Opening Range Breakout 60m,OA-Mirror,,mirror-watch,baseline,T00394,SPX,shortputspread,expired,1,0.65,0,65,1435,2026-05-11 11:00:01,2026-05-11 16:15:00,2026-05-11 16:00:00,test a,True,7380,7365,,,-65,7418.02,7412.84,1,-0.07692308,2026-05-11 15:34:00,2026-05-11 11:15:00
3DTE $140-$350,OA-Mirror,SPX,mirror-watch,baseline,T00395,SPX,ironcondor,expired,1,0.3,0,30,970,2026-05-08 10:05:02,2026-05-11 16:15:00,2026-05-11 16:00:00,170,False,7220,7210,7565,7575,-30,7390.19,7412.84,1,-0.1,2026-05-11 10:36:00,2026-05-08 10:18:00
QQQ-IC-0DTE-Raw-HoldToExp,IC,QQQ,control,baseline,T00396,QQQ,shortcallspread,closed,1,0.09,0.01,8,191,2026-05-11 11:01:02,2026-05-11 15:50:00,2026-05-11 16:00:00,call side,False,,,717,719,-9,712.14,712.63,1,-1.22222222,2026-05-11 15:16:00,2026-05-11 12:03:00
QQQ-IC-0DTE-Raw-HoldToExp,IC,QQQ,control,baseline,T00396,QQQ,shortputspread,closed,1,0.13,0.01,12,187,2026-05-11 11:01:00,2026-05-11 15:50:00,2026-05-11 16:00:00,put side,False,707,705,,,-13,712.18,712.63,1,-0.07692308,2026-05-11 15:46:00,2026-05-11 11:01:00
Trendy-Paper-v1,OA-Mirror,,mirror-watch,baseline,T00397,SPY,shortputspread,closed,1,0.69,0.36,33,931,2026-05-07 10:30:13,2026-05-11 15:00:17,2026-05-18 16:00:00,,True,715,705,,,-69,734.66,738.61,0.60869565,-0.56521739,2026-05-11 11:30:00,2026-05-07 13:27:00
QQQ-IC-0DTE-Range075-PT50-Wide2-1230PM,IC,QQQ,experiment,baseline,T00398,QQQ,shortputspread,closed,1,0.08,0.03,5,192,2026-05-11 12:43:00,2026-05-11 13:27:11,2026-05-11 16:00:00,put side,True,707,705,,,-8,712.21,713.6,0.75,-0.25,2026-05-11 13:27:00,2026-05-11 12:43:00
QQQ-IC-0DTE-HedgeD-Conditional,IC,QQQ,experiment,baseline,T00399,QQQ,shortcallspread,closed,26,0.09,0.04,130,4966,2026-05-11 11:01:02,2026-05-11 13:14:11,2026-05-11 16:00:00,call side,False,,,717,719,-234,712.14,712.36,0.66666667,-1.22222222,2026-05-11 13:14:00,2026-05-11 12:03:00
QQQ-IC-0DTE-HedgeTest,IC,QQQ,experiment,baseline,T00400,QQQ,shortcallspread,closed,26,0.09,0.04,130,4966,2026-05-11 11:01:02,2026-05-11 13:14:11,2026-05-11 16:00:00,call side,False,,,717,719,-234,712.14,712.36,0.66666667,-1.22222222,2026-05-11 13:14:00,2026-05-11 12:03:00
QQQ-IC-0DTE-HedgeA-S1,IC,QQQ,experiment,baseline,T00401,QQQ,shortcallspread,closed,26,0.09,0.04,130,4966,2026-05-11 11:01:02,2026-05-11 13:14:11,2026-05-11 16:00:00,call side,False,,,717,719,-234,712.14,712.36,0.66666667,-1.22222222,2026-05-11 13:14:00,2026-05-11 12:03:00
QQQ-IC-0DTE-HedgeC-S3,IC,QQQ,experiment,baseline,T00402,QQQ,shortputspread,closed,26,0.13,0.06,182,4862,2026-05-11 11:01:00,2026-05-11 11:53:11,2026-05-11 16:00:00,put side,False,707,705,,,-338,712.18,713.73,0.61538462,-0.07692308,2026-05-11 11:53:00,2026-05-11 11:01:00
QQQ-IC-0DTE-HedgeD-Conditional,IC,QQQ,experiment,baseline,T00399,QQQ,shortputspread,closed,26,0.13,0.06,182,4862,2026-05-11 11:01:00,2026-05-11 11:53:11,2026-05-11 16:00:00,put side,False,707,705,,,-338,712.18,713.73,0.61538462,-0.07692308,2026-05-11 11:53:00,2026-05-11 11:01:00
QQQ-IC-0DTE-HedgeA-S1,IC,QQQ,experiment,baseline,T00401,QQQ,shortputspread,closed,26,0.13,0.06,182,4862,2026-05-11 11:01:00,2026-05-11 11:53:11,2026-05-11 16:00:00,put side,False,707,705,,,-338,712.18,713.73,0.61538462,-0.07692308,2026-05-11 11:53:00,2026-05-11 11:01:00
QQQ-IC-0DTE-HedgeTest,IC,QQQ,experiment,baseline,T00400,QQQ,shortputspread,closed,26,0.13,0.06,182,4862,2026-05-11 11:01:00,2026-05-11 11:53:11,2026-05-11 16:00:00,put side,False,707,705,,,-338,712.18,713.73,0.61538462,-0.07692308,2026-05-11 11:53:00,2026-05-11 11:01:00
QQQ-IC-0DTE-HedgeC-S3,IC,QQQ,experiment,baseline,T00402,QQQ,shortcallspread,closed,26,0.09,0.15,-156,4966,2026-05-11 11:01:02,2026-05-11 11:48:00,2026-05-11 16:00:00,call side,False,,,717,719,-234,712.14,713.47,0.11111111,-0.55555556,2026-05-11 11:14:00,2026-05-11 11:48:00
QQQ-IC-0DTE-HedgeB-S2,IC,QQQ,experiment,baseline,T00403,QQQ,shortputspread,closed,26,0.13,0.09,104,4862,2026-05-11 11:01:00,2026-05-11 11:32:00,2026-05-11 16:00:00,put side,False,707,705,,,-338,712.18,713.11,0.53846154,-0.07692308,2026-05-11 11:29:00,2026-05-11 11:01:00
QQQ-IC-0DTE-HedgeB-S2,IC,QQQ,experiment,baseline,T00403,QQQ,shortcallspread,closed,26,0.09,0.13,-104,4966,2026-05-11 11:01:02,2026-05-11 11:29:00,2026-05-11 16:00:00,call side,False,,,717,719,-234,712.14,713.06,0.11111111,-0.44444444,2026-05-11 11:14:00,2026-05-11 11:10:00
IC-SPX-FastPT25-S2,IC,SPX,live-candidate,pre-fix,T00407,SPX,shortcallspread,closed,10,0.1,0.05,50,4900,2026-05-11 09:47:03,2026-05-11 10:09:00,2026-05-11 16:00:00,call side,False,,,7465,7470,-100,7408.71,7409.53,0.5,-0.3,2026-05-11 10:09:00,2026-05-11 09:47:03
IC-SPX-FastPT25-S2,IC,SPX,live-candidate,pre-fix,T00408,SPX,shortputspread,closed,10,0.15,0.2,-50,4850,2026-05-11 10:01:01,2026-05-11 10:03:02,2026-05-11 16:00:00,put side,True,7350,7345,,,-150,7407.73,7408.13,0,0,2026-05-11 10:01:00,2026-05-11 10:01:00
IC-SPX-FastPT25-S2,IC,SPX,live-candidate,pre-fix,T00409,SPX,shortputspread,closed,10,0.2,0.15,50,4800,2026-05-11 10:00:02,2026-05-11 10:01:00,2026-05-11 16:00:00,put side,True,7350,7345,,,-200,7409.44,7407.86,0.25,0.15,2026-05-11 10:01:00,2026-05-11 10:00:02
IC-SPX-FastPT25-S2,IC,SPX,live-candidate,pre-fix,T00407,SPX,shortputspread,closed,10,0.25,0.3,-50,4750,2026-05-11 09:49:02,2026-05-11 09:59:02,2026-05-11 16:00:00,put side,False,7360,7355,,,-250,7413.93,7408.6,0.2,-0.08,2026-05-11 09:51:00,2026-05-11 09:57:00
IC-SPX-FastPT25-S2,IC,SPX,live-candidate,pre-fix,T00405,SPX,shortputspread,closed,10,0.25,0.15,100,4750,2026-05-11 09:44:02,2026-05-11 09:49:00,2026-05-11 16:00:00,put side,False,7350,7345,,,-250,7403.31,7413.89,0.4,0.12,2026-05-11 09:49:00,2026-05-11 09:44:02
IC-SPX-FastPT25-S2,IC,SPX,live-candidate,pre-fix,T00405,SPX,shortcallspread,closed,10,0.1,0.2,-100,4900,2026-05-11 09:44:03,2026-05-11 09:47:01,2026-05-11 16:00:00,call side,False,,,7460,7465,-100,7403.48,7408.82,0,-0.3,2026-05-11 09:44:03,2026-05-11 09:46:00
Nigiri-Paper-v1,OA-Mirror,,mirror-watch,baseline,T00410,SPY,shortputspread,closed,10,0.1,0.07,30,4900,2026-05-08 09:45:30,2026-05-11 09:45:13,2026-05-15 16:00:00,,True,704,699,,,-100,735.63,738.61,0.4,-0.2,2026-05-08 15:53:00,2026-05-08 10:16:00
IC-SPX-FastPT25-S2,IC,SPX,live-candidate,pre-fix,T00406,SPX,shortcallspread,closed,10,0.1,0.15,-50,4900,2026-05-11 09:34:03,2026-05-11 09:44:02,2026-05-11 16:00:00,call side,False,,,7455,7460,-100,7399.77,7403.31,0,-0.5,2026-05-11 09:34:03,2026-05-11 09:42:00
IC-SPX-FastPT25-S2,IC,SPX,live-candidate,pre-fix,T00406,SPX,shortputspread,closed,10,0.25,0.15,100,4750,2026-05-11 09:34:02,2026-05-11 09:44:00,2026-05-11 16:00:00,put side,False,7345,7340,,,-250,7400.23,7402.73,0.4,-0.12,2026-05-11 09:44:00,2026-05-11 09:37:00
IC-SPX-FastPT25-S2,IC,SPX,live-candidate,pre-fix,T00404,SPX,shortputspread,closed,10,0.25,0.15,100,4750,2026-05-11 09:31:01,2026-05-11 09:41:00,2026-05-11 16:00:00,put side,False,7335,7330,,,-250,7390.62,7399.91,0.4,0.12,2026-05-11 09:41:00,2026-05-11 09:31:01
IC-SPX-FastPT25-S2,IC,SPX,live-candidate,pre-fix,T00404,SPX,shortcallspread,closed,10,0.15,0.3,-150,4850,2026-05-11 09:31:01,2026-05-11 09:34:01,2026-05-11 16:00:00,call side,False,,,7445,7450,-150,7391.21,7399.81,0.2,-0.13333333,2026-05-11 09:31:01,2026-05-11 09:33:00
Friday 14 DTE Broken Wing IB (B-70),OA-Mirror,,mirror-watch,baseline,T00411,SPX,ironbutterfly,closed,1,41.9,40.5,140,1810,2026-05-08 10:30:05,2026-05-11 09:33:00,2026-05-22 16:00:00,14 dte,False,7320,7260,7320,7360,-4190,7390.31,7399.07,0.03341289,-0.00596659,2026-05-11 09:33:00,2026-05-08 14:56:00
QQQ-IC-0DTE-HedgeA-S1,IC,QQQ,experiment,baseline,T00412,QQQ,shortcallspread,closed,25,0.07,0.17,-250,4825,2026-05-08 11:18:05,2026-05-08 15:50:00,2026-05-08 16:00:00,call side,True,,,711,713,-175,706.15,710.24,0,-6,2026-05-08 11:19:00,2026-05-08 13:36:00
QQQ-IC-0DTE-Raw-HoldToExp,IC,QQQ,control,baseline,T00415,QQQ,shortputspread,closed,1,0.15,0.01,14,185,2026-05-08 11:01:01,2026-05-08 15:50:00,2026-05-08 16:00:00,put side,True,702,700,,,-15,706.85,710.24,1,-0.26666667,2026-05-08 15:14:00,2026-05-08 11:19:00
QQQ-IC-0DTE-HedgeTest,IC,QQQ,experiment,baseline,T00416,QQQ,shortcallspread,closed,25,0.07,0.17,-250,4825,2026-05-08 11:18:04,2026-05-08 15:50:00,2026-05-08 16:00:00,call side,True,,,711,713,-175,706.16,710.24,0,-6,2026-05-08 11:19:00,2026-05-08 13:36:00
QQQ-IC-0DTE-Raw-HoldToExp,IC,QQQ,control,baseline,T00414,QQQ,shortcallspread,closed,1,0.07,0.17,-10,193,2026-05-08 11:18:03,2026-05-08 15:50:00,2026-05-08 16:00:00,call side,True,,,711,713,-7,706.13,710.24,0,-6,2026-05-08 11:19:00,2026-05-08 13:36:00
QQQ-IC-0DTE-HedgeD-Conditional,IC,QQQ,experiment,baseline,T00418,QQQ,shortcallspread,closed,25,0.07,0.17,-250,4825,2026-05-08 11:18:05,2026-05-08 15:50:00,2026-05-08 16:00:00,call side,True,,,711,713,-175,706.15,710.24,0,-6,2026-05-08 11:19:00,2026-05-08 13:36:00
QQQ-IC-0DTE-Baseline,IC,QQQ,control,baseline,T00420,QQQ,ironcondor,closed,54,0.16,0.08,432,9936,2026-05-08 13:30:35,2026-05-08 14:30:32,2026-05-08 16:00:00,,False,705,704,713,715,-864,710.22,709.82,0.625,-0.1875,2026-05-08 14:30:00,2026-05-08 13:31:00
QQQ-IC-0DTE-HedgeTest,IC,QQQ,experiment,baseline,T00417,QQQ,shortputspread,closed,27,0.15,0.06,243,4995,2026-05-08 11:01:01,2026-05-08 12:16:11,2026-05-08 16:00:00,put side,True,702,700,,,-405,706.85,708.1,0.66666667,-0.26666667,2026-05-08 12:16:00,2026-05-08 11:19:00
QQQ-IC-0DTE-HedgeA-S1,IC,QQQ,experiment,baseline,T00413,QQQ,shortputspread,closed,27,0.15,0.06,243,4995,2026-05-08 11:01:01,2026-05-08 12:16:11,2026-05-08 16:00:00,put side,True,702,700,,,-405,706.85,708.1,0.66666667,-0.26666667,2026-05-08 12:16:00,2026-05-08 11:19:00
QQQ-IC-0DTE-HedgeC-S3,IC,QQQ,experiment,baseline,T00422,QQQ,shortputspread,closed,27,0.15,0.06,243,4995,2026-05-08 11:01:01,2026-05-08 12:16:11,2026-05-08 16:00:00,put side,True,702,700,,,-405,706.85,708.1,0.66666667,-0.26666667,2026-05-08 12:16:00,2026-05-08 11:19:00
QQQ-IC-0DTE-HedgeD-Conditional,IC,QQQ,experiment,baseline,T00419,QQQ,shortputspread,closed,27,0.15,0.06,243,4995,2026-05-08 11:01:01,2026-05-08 12:16:11,2026-05-08 16:00:00,put side,True,702,700,,,-405,706.85,708.1,0.66666667,-0.26666667,2026-05-08 12:16:00,2026-05-08 11:19:00
QQQ-IC-0DTE-HedgeC-S3,IC,QQQ,experiment,baseline,T00421,QQQ,shortcallspread,closed,25,0.07,0.13,-150,4825,2026-05-08 11:18:03,2026-05-08 11:21:00,2026-05-08 16:00:00,call side,True,,,711,713,-175,706.13,706.63,0,-0.71428571,2026-05-08 11:19:00,2026-05-08 11:21:00
QQQ-IC-0DTE-HedgeB-S2,IC,QQQ,experiment,baseline,T00423,QQQ,shortcallspread,closed,25,0.07,0.08,-25,4825,2026-05-08 11:18:03,2026-05-08 11:19:01,2026-05-08 16:00:00,call side,True,,,711,713,-175,706.13,706.02,0,-0.14285714,2026-05-08 11:19:00,2026-05-08 11:18:03
QQQ-IC-0DTE-HedgeB-S2,IC,QQQ,experiment,baseline,T00424,QQQ,shortputspread,closed,27,0.15,0.18,-81,4995,2026-05-08 11:01:01,2026-05-08 11:11:01,2026-05-08 16:00:00,put side,True,702,700,,,-405,706.85,706.62,0,-0.13333333,2026-05-08 11:04:00,2026-05-08 11:01:00
IC-SPX-FastPT25-S2,IC,SPX,live-candidate,pre-fix,T00430,SPX,shortputspread,closed,10,0.3,0.35,-50,4700,2026-05-08 10:07:02,2026-05-08 10:10:03,2026-05-08 16:00:00,put side,True,7335,7330,,,-300,7388.55,7387.63,0.16666667,0.1,2026-05-08 10:08:00,2026-05-08 10:07:02
IC-SPX-FastPT25-S2,IC,SPX,live-candidate,pre-fix,T00428,SPX,shortputspread,closed,10,0.25,0.35,-100,4750,2026-05-08 10:04:03,2026-05-08 10:07:02,2026-05-08 16:00:00,put side,False,7335,7330,,,-250,7389.72,7388.39,0,-0.08,2026-05-08 10:04:03,2026-05-08 10:07:00
IC-SPX-FastPT25-S2,IC,SPX,live-candidate,pre-fix,T00428,SPX,shortcallspread,closed,10,0.1,0.05,50,4900,2026-05-08 10:05:04,2026-05-08 10:06:00,2026-05-08 16:00:00,call side,False,,,7445,7450,-100,7389.27,7390.02,0.5,0.2,2026-05-08 10:06:00,2026-05-08 10:05:04
IC-SPX-FastPT25-S2,IC,SPX,live-candidate,pre-fix,T00425,SPX,shortputspread,closed,10,0.25,0.3,-50,4750,2026-05-08 10:00:08,2026-05-08 10:04:02,2026-05-08 16:00:00,put side,False,7335,7330,,,-250,7391.67,7389.72,0,-0.32,2026-05-08 10:03:00,2026-05-08 10:01:00
IC-SPX-FastPT25-S2,IC,SPX,live-candidate,pre-fix,T00425,SPX,shortcallspread,closed,10,0.1,0.05,50,4900,2026-05-08 10:00:08,2026-05-08 10:04:00,2026-05-08 16:00:00,call side,False,,,7445,7450,-100,7391.67,7390.27,0.5,0.2,2026-05-08 10:04:00,2026-05-08 10:00:08
IC-SPX-FastPT25-S2,IC,SPX,live-candidate,pre-fix,T00427,SPX,shortcallspread,closed,10,0.15,0.35,-200,4850,2026-05-08 09:45:03,2026-05-08 10:00:03,2026-05-08 16:00:00,call side,False,,,7430,7435,-150,7377.11,7391.13,0.13333333,-0.86666667,2026-05-08 09:45:03,2026-05-08 10:00:00
IC-SPX-FastPT25-S2,IC,SPX,live-candidate,pre-fix,T00427,SPX,shortputspread,closed,10,0.3,0.2,100,4700,2026-05-08 09:46:03,2026-05-08 10:00:01,2026-05-08 16:00:00,put side,False,7325,7320,,,-300,7380.82,7389.31,0.33333333,0.06666667,2026-05-08 10:00:00,2026-05-08 09:46:02
IC-SPX-FastPT25-S2,IC,SPX,live-candidate,pre-fix,T00426,SPX,shortputspread,closed,10,0.3,0.2,100,4700,2026-05-08 09:31:01,2026-05-08 09:46:00,2026-05-08 16:00:00,put side,False,7315,7310,,,-300,7371.51,7380.73,0.33333333,0,2026-05-08 09:46:00,2026-05-08 09:32:00
Nigiri-Paper-v1,OA-Mirror,,mirror-watch,baseline,T00431,SPY,shortputspread,closed,10,0.09,0.09,0,4910,2026-05-07 09:45:24,2026-05-08 09:45:13,2026-05-15 16:00:00,,True,699,694,,,-90,734.28,735.46,0.22222222,-0.66666667,2026-05-07 10:59:00,2026-05-07 13:27:00
IC-SPX-FastPT25-S2,IC,SPX,live-candidate,pre-fix,T00429,SPX,shortcallspread,closed,10,0.15,0.1,50,4850,2026-05-08 09:43:03,2026-05-08 09:45:00,2026-05-08 16:00:00,call side,True,,,7430,7435,-150,7374.87,7374.56,0.33333333,0.13333333,2026-05-08 09:45:00,2026-05-08 09:44:00
IC-SPX-FastPT25-S2,IC,SPX,live-candidate,pre-fix,T00426,SPX,shortcallspread,closed,10,0.2,0.25,-50,4800,2026-05-08 09:31:03,2026-05-08 09:43:02,2026-05-08 16:00:00,call side,False,,,7425,7430,-200,7369.8,7374.87,0.15,-0.1,2026-05-08 09:31:03,2026-05-08 09:34:00
Opening Range Breakout 60m,OA-Mirror,,mirror-watch,baseline,T00432,SPX,shortputspread,expired,1,1.9,15,-1310,1310,2026-05-07 10:45:02,2026-05-07 16:15:00,2026-05-07 16:00:00,test a,True,7355,7340,,,-190,7376.25,7337.11,0.39473684,-6.92105263,2026-05-07 10:57:00,2026-05-07 15:57:00
QQQ-IC-0DTE-Fortress-NoPT50,IC,QQQ,experiment,baseline,T00433,QQQ,shortputspread,closed,26,0.09,0.01,208,4966,2026-05-07 13:31:00,2026-05-07 15:50:00,2026-05-07 16:00:00,put side,True,688,686,,,-234,693.3,695.13,1,-0.11111111,2026-05-07 15:37:00,2026-05-07 13:31:01
QQQ-IC-0DTE-Range075-PT50-Wide2-1230PM,IC,QQQ,experiment,baseline,T00434,QQQ,shortcallspread,closed,1,0.07,0.01,6,193,2026-05-07 12:31:03,2026-05-07 15:50:00,2026-05-07 16:00:00,call side,False,,,701,703,-7,696.24,695.13,1,-0.42857143,2026-05-07 13:21:00,2026-05-07 12:34:00
QQQ-IC-0DTE-Raw-HoldToExp,IC,QQQ,control,baseline,T00435,QQQ,shortputspread,closed,1,0.09,0.61,-52,191,2026-05-07 11:01:01,2026-05-07 15:50:00,2026-05-07 16:00:00,put side,False,695,693,,,-9,700.54,695.13,0,-15.33333333,2026-05-07 11:38:00,2026-05-07 15:26:00
QQQ-IC-0DTE-Raw-HoldToExp,IC,QQQ,control,baseline,T00435,QQQ,shortcallspread,closed,1,0.09,0.01,8,191,2026-05-07 11:02:03,2026-05-07 15:50:00,2026-05-07 16:00:00,call side,False,,,705,707,-9,700.21,695.13,1,-0.22222222,2026-05-07 11:59:00,2026-05-07 11:03:00
QQQ-IC-0DTE-Baseline,IC,QQQ,control,baseline,T00436,QQQ,ironcondor,closed,113,0.12,0.06,678,9944,2026-05-07 13:30:35,2026-05-07 14:53:32,2026-05-07 16:00:00,,False,688,687,697,698,-1356,693.08,693.01,0.66666667,-0.83333333,2026-05-07 14:53:00,2026-05-07 14:08:00
3DTE $140-$350,OA-Mirror,SPX,mirror-watch,baseline,T00437,SPX,ironcondor,closed,1,0.55,0.15,40,945,2026-05-05 10:05:02,2026-05-07 14:45:01,2026-05-08 16:00:00,"180,60percent",False,7070,7060,7435,7445,-55,7250.69,7325.89,1,-1.72727273,2026-05-05 10:23:00,2026-05-06 15:56:00
QQQ-IC-0DTE-Range075-PT50-Wide2-1230PM,IC,QQQ,experiment,baseline,T00434,QQQ,shortputspread,closed,1,0.1,0.05,5,190,2026-05-07 12:31:01,2026-05-07 14:19:11,2026-05-07 16:00:00,put side,False,691,689,,,-10,696.15,695.37,0.6,-3.7,2026-05-07 14:19:00,2026-05-07 13:27:00
QQQ-IC-0DTE-Fortress,IC,QQQ,experiment,baseline,T00438,QQQ,shortputspread,closed,26,0.09,0.04,130,4966,2026-05-07 13:31:00,2026-05-07 13:59:11,2026-05-07 16:00:00,put side,True,688,686,,,-234,693.3,694.99,0.66666667,-0.11111111,2026-05-07 13:59:00,2026-05-07 13:31:01
QQQ-IC-0DTE-Fortress-S2,IC,QQQ,experiment,baseline,T00439,QQQ,shortputspread,closed,26,0.09,0.06,78,4966,2026-05-07 13:31:00,2026-05-07 13:44:01,2026-05-07 16:00:00,put side,True,688,686,,,-234,693.3,694.27,0.55555556,-0.11111111,2026-05-07 13:41:00,2026-05-07 13:31:01
QQQ-IC-0DTE-HedgeD-Conditional,IC,QQQ,experiment,baseline,T00440,QQQ,shortputspread,closed,26,0.09,0.91,-2132,4966,2026-05-07 11:01:01,2026-05-07 13:18:00,2026-05-07 16:00:00,put side,False,695,693,,,-234,700.54,693.91,0,-9,2026-05-07 11:38:00,2026-05-07 13:18:00
QQQ-IC-0DTE-HedgeA-S1,IC,QQQ,experiment,baseline,T00441,QQQ,shortputspread,closed,26,0.09,0.84,-1950,4966,2026-05-07 11:01:01,2026-05-07 12:16:01,2026-05-07 16:00:00,put side,False,695,693,,,-234,700.54,694.25,0,-8.44444444,2026-05-07 11:38:00,2026-05-07 12:16:00
QQQ-IC-0DTE-HedgeTest,IC,QQQ,experiment,baseline,T00442,QQQ,shortputspread,closed,26,0.09,0.83,-1924,4966,2026-05-07 11:01:01,2026-05-07 12:16:01,2026-05-07 16:00:00,put side,False,695,693,,,-234,700.54,694.25,0,-8.44444444,2026-05-07 11:38:00,2026-05-07 12:16:00
QQQ-IC-0DTE-HedgeA-S1,IC,QQQ,experiment,baseline,T00441,QQQ,shortcallspread,closed,26,0.09,0.04,130,4966,2026-05-07 11:02:05,2026-05-07 11:50:11,2026-05-07 16:00:00,call side,False,,,705,707,-234,700.28,698.57,0.66666667,-0.22222222,2026-05-07 11:50:00,2026-05-07 11:03:00
QQQ-IC-0DTE-HedgeTest,IC,QQQ,experiment,baseline,T00442,QQQ,shortcallspread,closed,26,0.09,0.04,130,4966,2026-05-07 11:02:04,2026-05-07 11:50:11,2026-05-07 16:00:00,call side,False,,,705,707,-234,700.22,698.57,0.66666667,-0.22222222,2026-05-07 11:50:00,2026-05-07 11:03:00
QQQ-IC-0DTE-HedgeD-Conditional,IC,QQQ,experiment,baseline,T00440,QQQ,shortcallspread,closed,26,0.09,0.04,130,4966,2026-05-07 11:02:05,2026-05-07 11:50:11,2026-05-07 16:00:00,call side,False,,,705,707,-234,700.28,698.57,0.66666667,-0.22222222,2026-05-07 11:50:00,2026-05-07 11:03:00
QQQ-IC-0DTE-HedgeC-S3,IC,QQQ,experiment,baseline,T00443,QQQ,shortcallspread,closed,26,0.09,0.04,130,4966,2026-05-07 11:02:03,2026-05-07 11:50:11,2026-05-07 16:00:00,call side,False,,,705,707,-234,700.21,698.57,0.66666667,-0.22222222,2026-05-07 11:50:00,2026-05-07 11:03:00
QQQ-IC-0DTE-HedgeB-S2,IC,QQQ,experiment,baseline,T00444,QQQ,shortcallspread,closed,26,0.09,0.06,78,4966,2026-05-07 11:02:05,2026-05-07 11:31:00,2026-05-07 16:00:00,call side,False,,,705,707,-234,700.28,699.48,0.55555556,-0.22222222,2026-05-07 11:25:00,2026-05-07 11:03:00
QQQ-IC-0DTE-HedgeB-S2,IC,QQQ,experiment,baseline,T00444,QQQ,shortputspread,closed,26,0.09,0.16,-182,4966,2026-05-07 11:01:01,2026-05-07 11:25:00,2026-05-07 16:00:00,put side,False,695,693,,,-234,700.54,699.19,-0.11111111,-1,2026-05-07 11:01:01,2026-05-07 11:07:00
QQQ-IC-0DTE-HedgeC-S3,IC,QQQ,experiment,baseline,T00443,QQQ,shortputspread,closed,26,0.09,0.16,-182,4966,2026-05-07 11:01:01,2026-05-07 11:06:00,2026-05-07 16:00:00,put side,False,695,693,,,-234,700.54,699.39,-0.11111111,-0.66666667,2026-05-07 11:01:01,2026-05-07 11:06:00
Trendy-Paper-v1,OA-Mirror,,mirror-watch,baseline,T00445,SPY,shortputspread,closed,1,0.69,0.07,62,931,2026-05-01 10:45:02,2026-05-07 10:15:19,2026-05-11 16:00:00,,True,705,695,,,-69,722.93,734.73,0.91304348,-1.07246377,2026-05-07 10:07:00,2026-05-04 12:09:00
IC-SPX-FastPT25-S2,IC,SPX,live-candidate,pre-fix,T00451,SPX,shortputspread,closed,10,0.35,0.35,0,4650,2026-05-07 09:50:04,2026-05-07 09:53:02,2026-05-07 16:00:00,put side,True,7305,7300,,,-350,7360.84,7363.04,0.14285714,0.08571429,2026-05-07 09:53:00,2026-05-07 09:50:04
IC-SPX-FastPT25-S2,IC,SPX,live-candidate,pre-fix,T00446,SPX,shortputspread,closed,10,0.3,0.4,-100,4700,2026-05-07 09:46:02,2026-05-07 09:50:02,2026-05-07 16:00:00,put side,False,7305,7300,,,-300,7362.2,7360.84,0.16666667,-0.16666667,2026-05-07 09:47:00,2026-05-07 09:50:00
IC-SPX-FastPT25-S2,IC,SPX,live-candidate,pre-fix,T00446,SPX,shortcallspread,closed,10,0.25,0.15,100,4750,2026-05-07 09:46:03,2026-05-07 09:50:00,2026-05-07 16:00:00,call side,False,,,7415,7420,-250,7362.26,7360.87,0.4,0,2026-05-07 09:50:00,2026-05-07 09:47:00
IC-SPX-FastPT25-S2,IC,SPX,live-candidate,pre-fix,T00447,SPX,shortputspread,closed,10,0.3,0.55,-250,4700,2026-05-07 09:41:02,2026-05-07 09:46:02,2026-05-07 16:00:00,put side,False,7315,7310,,,-300,7368.02,7362.2,-0.1,-0.4,2026-05-07 09:41:02,2026-05-07 09:46:00
IC-SPX-FastPT25-S2,IC,SPX,live-candidate,pre-fix,T00450,SPX,shortcallspread,closed,10,0.2,0.15,50,4800,2026-05-07 09:42:03,2026-05-07 09:46:00,2026-05-07 16:00:00,call side,True,,,7420,7425,-200,7367.14,7362.92,0.25,0,2026-05-07 09:46:00,2026-05-07 09:45:00
Nigiri-Paper-v1,OA-Mirror,,mirror-watch,baseline,T00452,SPY,shortputspread,closed,10,0.09,0.04,50,4910,2026-05-06 09:45:25,2026-05-07 09:45:12,2026-05-08 16:00:00,,True,709,704,,,-90,729.29,734.27,0.77777778,-0.11111111,2026-05-07 09:31:00,2026-05-06 09:45:25
IC-SPX-FastPT25-S2,IC,SPX,live-candidate,pre-fix,T00447,SPX,shortcallspread,closed,10,0.15,0.1,50,4850,2026-05-07 09:41:03,2026-05-07 09:42:00,2026-05-07 16:00:00,call side,False,,,7425,7430,-150,7368.56,7366.9,0.33333333,0,2026-05-07 09:42:00,2026-05-07 09:41:03
IC-SPX-FastPT25-S2,IC,SPX,live-candidate,pre-fix,T00448,SPX,shortputspread,closed,10,0.3,0.4,-100,4700,2026-05-07 09:33:02,2026-05-07 09:41:01,2026-05-07 16:00:00,put side,False,7315,7310,,,-300,7370.67,7368.02,0.16666667,0,2026-05-07 09:34:00,2026-05-07 09:35:00
IC-SPX-FastPT25-S2,IC,SPX,live-candidate,pre-fix,T00448,SPX,shortcallspread,closed,10,0.15,0.1,50,4850,2026-05-07 09:33:03,2026-05-07 09:41:00,2026-05-07 16:00:00,call side,False,,,7425,7430,-150,7370.69,7367.87,0.33333333,0,2026-05-07 09:41:00,2026-05-07 09:33:03
IC-SPX-FastPT25-S2,IC,SPX,live-candidate,pre-fix,T00449,SPX,shortputspread,closed,10,0.25,0.35,-100,4750,2026-05-07 09:31:01,2026-05-07 09:33:02,2026-05-07 16:00:00,put side,False,7315,7310,,,-250,7372.6,7370.67,0,-0.2,2026-05-07 09:31:01,2026-05-07 09:33:00
IC-SPX-FastPT25-S2,IC,SPX,live-candidate,pre-fix,T00449,SPX,shortcallspread,closed,10,0.15,0.1,50,4850,2026-05-07 09:31:03,2026-05-07 09:33:00,2026-05-07 16:00:00,call side,False,,,7430,7435,-150,7372.45,7370.12,0.33333333,0,2026-05-07 09:33:00,2026-05-07 09:31:02
Opening Range Breakout 60m,OA-Mirror,,mirror-watch,baseline,T00453,SPX,shortputspread,expired,1,0.55,0,55,1445,2026-05-06 10:45:02,2026-05-06 16:15:00,2026-05-06 16:00:00,test a,True,7290,7275,,,-55,7342.3,7365.12,1,0,2026-05-06 14:21:00,2026-05-06 10:47:00
QQQ-IC-0DTE-Raw-HoldToExp,IC,QQQ,control,baseline,T00454,QQQ,shortputspread,closed,1,0.08,0.01,7,192,2026-05-06 11:01:00,2026-05-06 15:50:01,2026-05-06 16:00:00,put side,True,686,684,,,-8,691.34,694.47,1,-0.125,2026-05-06 14:35:00,2026-05-06 11:01:00
QQQ-IC-0DTE-HedgeD-Conditional,IC,QQQ,experiment,baseline,T00455,QQQ,shortputspread,closed,26,0.08,0.04,104,4992,2026-05-06 11:01:00,2026-05-06 12:14:11,2026-05-06 16:00:00,put side,True,686,684,,,-208,691.34,692.74,0.625,-0.125,2026-05-06 12:14:00,2026-05-06 11:01:00
QQQ-IC-0DTE-HedgeTest,IC,QQQ,experiment,baseline,T00456,QQQ,shortputspread,closed,26,0.08,0.04,104,4992,2026-05-06 11:01:00,2026-05-06 12:14:11,2026-05-06 16:00:00,put side,True,686,684,,,-208,691.34,692.74,0.625,-0.125,2026-05-06 12:14:00,2026-05-06 11:01:00
QQQ-IC-0DTE-HedgeA-S1,IC,QQQ,experiment,baseline,T00457,QQQ,shortputspread,closed,26,0.08,0.04,104,4992,2026-05-06 11:01:00,2026-05-06 12:14:11,2026-05-06 16:00:00,put side,True,686,684,,,-208,691.34,692.74,0.625,-0.125,2026-05-06 12:14:00,2026-05-06 11:01:00
QQQ-IC-0DTE-HedgeC-S3,IC,QQQ,experiment,baseline,T00458,QQQ,shortputspread,closed,26,0.08,0.04,104,4992,2026-05-06 11:01:00,2026-05-06 12:14:11,2026-05-06 16:00:00,put side,True,686,684,,,-208,691.34,692.74,0.625,-0.125,2026-05-06 12:14:00,2026-05-06 11:01:00
QQQ-IC-0DTE-HedgeB-S2,IC,QQQ,experiment,baseline,T00459,QQQ,shortputspread,closed,26,0.08,0.09,-26,4992,2026-05-06 11:01:00,2026-05-06 11:11:00,2026-05-06 16:00:00,put side,True,686,684,,,-208,691.34,691.55,0,-0.125,2026-05-06 11:08:00,2026-05-06 11:01:00
IC-SPX-FastPT25-S2,IC,SPX,live-candidate,pre-fix,T00460,SPX,shortputspread,closed,10,0.3,0.3,0,4700,2026-05-06 10:07:01,2026-05-06 10:09:02,2026-05-06 16:00:00,put side,False,7260,7255,,,-300,7312.7,7318.12,0.23333333,-0.06666667,2026-05-06 10:08:00,2026-05-06 10:07:00
IC-SPX-FastPT25-S2,IC,SPX,live-candidate,pre-fix,T00460,SPX,shortcallspread,closed,10,0.2,0.15,50,4800,2026-05-06 10:07:02,2026-05-06 10:08:01,2026-05-06 16:00:00,call side,False,,,7365,7370,-200,7311.85,7317.07,0.25,0.15,2026-05-06 10:08:00,2026-05-06 10:07:02
IC-SPX-FastPT25-S2,IC,SPX,live-candidate,pre-fix,T00461,SPX,shortcallspread,closed,10,0.1,0.25,-150,4900,2026-05-06 09:51:03,2026-05-06 09:54:01,2026-05-06 16:00:00,call side,False,,,7360,7365,-100,7306.35,7316.35,0,-1,2026-05-06 09:51:03,2026-05-06 09:54:00
IC-SPX-FastPT25-S2,IC,SPX,live-candidate,pre-fix,T00461,SPX,shortputspread,closed,10,0.25,0.15,100,4750,2026-05-06 09:51:02,2026-05-06 09:53:00,2026-05-06 16:00:00,put side,False,7250,7245,,,-250,7306.52,7314.14,0.4,0.08,2026-05-06 09:53:00,2026-05-06 09:51:02
IC-SPX-FastPT25-S2,IC,SPX,live-candidate,pre-fix,T00464,SPX,shortputspread,closed,10,0.25,0.45,-200,4750,2026-05-06 09:42:01,2026-05-06 09:51:01,2026-05-06 16:00:00,put side,False,7260,7255,,,-250,7313.21,7307.18,0.08,-0.32,2026-05-06 09:48:00,2026-05-06 09:51:00
IC-SPX-FastPT25-S2,IC,SPX,live-candidate,pre-fix,T00464,SPX,shortcallspread,closed,10,0.1,0.05,50,4900,2026-05-06 09:43:04,2026-05-06 09:51:00,2026-05-06 16:00:00,call side,False,,,7370,7375,-100,7312.74,7307.58,0.5,0,2026-05-06 09:51:00,2026-05-06 09:43:03
Nigiri-Paper-v1,OA-Mirror,,mirror-watch,baseline,T00465,SPY,shortputspread,closed,10,0.11,0.04,70,4890,2026-05-05 10:00:35,2026-05-06 09:45:14,2026-05-08 16:00:00,,True,700,695,,,-110,722.22,729.26,0.72727273,-0.18181818,2026-05-06 09:31:00,2026-05-05 10:20:00
Nigiri-Paper-v1,OA-Mirror,,mirror-watch,baseline,T00466,SPY,shortputspread,closed,10,0.11,0.04,70,4890,2026-05-05 10:00:35,2026-05-06 09:45:13,2026-05-08 16:00:00,,True,700,695,,,-110,722.22,729.28,0.72727273,-0.18181818,2026-05-06 09:31:00,2026-05-05 10:20:00
IC-SPX-FastPT25-S2,IC,SPX,live-candidate,pre-fix,T00462,SPX,shortputspread,closed,10,0.25,0.35,-100,4750,2026-05-06 09:34:02,2026-05-06 09:41:01,2026-05-06 16:00:00,put side,False,7255,7250,,,-250,7311.87,7314.11,0.2,-0.08,2026-05-06 09:37:00,2026-05-06 09:35:00
IC-SPX-FastPT25-S2,IC,SPX,live-candidate,pre-fix,T00462,SPX,shortcallspread,closed,10,0.2,0.15,50,4800,2026-05-06 09:34:03,2026-05-06 09:41:00,2026-05-06 16:00:00,call side,False,,,7365,7370,-200,7312.37,7314.34,0.25,0,2026-05-06 09:41:00,2026-05-06 09:35:00
QQQ long call,OA-Mirror,QQQ,mirror-watch,baseline,T00467,QQQ,longcallspread,closed,1,28.76,36.09,733,2876,2026-05-04 09:45:07,2026-05-06 09:35:00,2026-08-21 16:00:00,,False,,,775,680,2876,674.65,689.09,0.25521558,-0.07649513,2026-05-06 09:35:00,2026-05-04 12:11:00
IC-SPX-FastPT25-S2,IC,SPX,live-candidate,pre-fix,T00463,SPX,shortcallspread,closed,10,0.15,0.3,-150,4850,2026-05-06 09:31:03,2026-05-06 09:34:02,2026-05-06 16:00:00,call side,False,,,7360,7365,-150,7304.11,7311.87,-0.13333333,-0.66666667,2026-05-06 09:31:03,2026-05-06 09:33:00
IC-SPX-FastPT25-S2,IC,SPX,live-candidate,pre-fix,T00463,SPX,shortputspread,closed,10,0.35,0.25,100,4650,2026-05-06 09:31:01,2026-05-06 09:33:01,2026-05-06 16:00:00,put side,False,7250,7245,,,-350,7304.07,7314.53,0.28571429,0.08571429,2026-05-06 09:33:00,2026-05-06 09:31:02
Opening Range Breakout 60m,OA-Mirror,,mirror-watch,baseline,T00468,SPX,shortputspread,expired,1,1.05,0,105,1395,2026-05-05 11:15:02,2026-05-05 16:15:00,2026-05-05 16:00:00,test a,True,7230,7215,,,-105,7259.28,7259.22,1,-0.25714286,2026-05-05 15:06:00,2026-05-05 11:34:00
QQQ-IC-0DTE-HedgeD-Conditional,IC,QQQ,experiment,baseline,T00469,QQQ,shortcallspread,closed,26,0.09,0.03,156,4966,2026-05-05 11:01:25,2026-05-05 15:52:11,2026-05-05 16:00:00,call side,False,,,685,687,-234,680.42,681.35,0.77777778,-0.88888889,2026-05-05 15:52:00,2026-05-05 11:47:00
QQQ-IC-0DTE-HedgeTest,IC,QQQ,experiment,baseline,T00470,QQQ,shortcallspread,closed,26,0.09,0.03,156,4966,2026-05-05 11:01:25,2026-05-05 15:52:11,2026-05-05 16:00:00,call side,False,,,685,687,-234,680.42,681.35,0.77777778,-0.88888889,2026-05-05 15:52:00,2026-05-05 11:47:00
QQQ-IC-0DTE-HedgeA-S1,IC,QQQ,experiment,baseline,T00471,QQQ,shortcallspread,closed,26,0.09,0.03,156,4966,2026-05-05 11:01:25,2026-05-05 15:52:11,2026-05-05 16:00:00,call side,False,,,685,687,-234,680.42,681.35,0.77777778,-0.88888889,2026-05-05 15:52:00,2026-05-05 11:47:00
QQQ-IC-0DTE-Baseline,IC,QQQ,control,baseline,T00472,QQQ,ironcondor,closed,106,0.06,0.06,0,9964,2026-05-05 13:30:35,2026-05-05 15:50:32,2026-05-05 16:00:00,,False,677,676,685,686,-636,681.77,681.64,0.33333333,-0.83333333,2026-05-05 15:43:00,2026-05-05 14:13:00
QQQ-IC-0DTE-Raw-HoldToExp,IC,QQQ,control,baseline,T00473,QQQ,shortputspread,closed,1,0.1,0.01,9,190,2026-05-05 11:01:24,2026-05-05 15:50:00,2026-05-05 16:00:00,put side,False,675,673,,,-10,680.46,681.68,1,-0.1,2026-05-05 15:48:00,2026-05-05 11:01:24
QQQ-IC-0DTE-Raw-HoldToExp,IC,QQQ,control,baseline,T00473,QQQ,shortcallspread,closed,1,0.09,0.05,4,191,2026-05-05 11:01:25,2026-05-05 15:50:00,2026-05-05 16:00:00,call side,False,,,685,687,-9,680.42,681.68,0.55555556,-0.88888889,2026-05-05 15:46:00,2026-05-05 11:47:00
QQQ-IC-0DTE-HedgeC-S3,IC,QQQ,experiment,baseline,T00474,QQQ,shortputspread,closed,26,0.1,0.05,130,4940,2026-05-05 11:01:24,2026-05-05 12:22:11,2026-05-05 16:00:00,put side,False,675,673,,,-260,680.46,681.82,0.6,-0.1,2026-05-05 12:22:00,2026-05-05 11:01:24
QQQ-IC-0DTE-HedgeD-Conditional,IC,QQQ,experiment,baseline,T00469,QQQ,shortputspread,closed,26,0.1,0.05,130,4940,2026-05-05 11:01:24,2026-05-05 12:22:11,2026-05-05 16:00:00,put side,False,675,673,,,-260,680.46,681.82,0.6,-0.1,2026-05-05 12:22:00,2026-05-05 11:01:24
QQQ-IC-0DTE-HedgeTest,IC,QQQ,experiment,baseline,T00470,QQQ,shortputspread,closed,26,0.1,0.05,130,4940,2026-05-05 11:01:24,2026-05-05 12:22:11,2026-05-05 16:00:00,put side,False,675,673,,,-260,680.46,681.82,0.6,-0.1,2026-05-05 12:22:00,2026-05-05 11:01:24
QQQ-IC-0DTE-HedgeA-S1,IC,QQQ,experiment,baseline,T00471,QQQ,shortputspread,closed,26,0.1,0.05,130,4940,2026-05-05 11:01:24,2026-05-05 12:22:11,2026-05-05 16:00:00,put side,False,675,673,,,-260,680.46,681.82,0.6,-0.1,2026-05-05 12:22:00,2026-05-05 11:01:24
QQQ-IC-0DTE-HedgeB-S2,IC,QQQ,experiment,baseline,T00475,QQQ,shortputspread,closed,26,0.1,0.07,78,4940,2026-05-05 11:01:24,2026-05-05 11:51:00,2026-05-05 16:00:00,put side,False,675,673,,,-260,680.46,681.73,0.5,-0.1,2026-05-05 11:48:00,2026-05-05 11:01:24
QQQ-IC-0DTE-HedgeB-S2,IC,QQQ,experiment,baseline,T00475,QQQ,shortcallspread,closed,26,0.09,0.17,-208,4966,2026-05-05 11:01:25,2026-05-05 11:48:00,2026-05-05 16:00:00,call side,False,,,685,687,-234,680.42,681.7,-0.11111111,-0.88888889,2026-05-05 11:01:25,2026-05-05 11:47:00
3DTE $140-$350,OA-Mirror,SPX,mirror-watch,baseline,T00476,SPX,ironcondor,closed,1,0.55,0.2,35,945,2026-05-04 10:00:07,2026-05-05 11:45:01,2026-05-07 16:00:00,"180,60percent",False,7050,7040,7415,7425,-55,7229.7,7254.25,1,-1.27272727,2026-05-04 13:02:00,2026-05-04 12:10:00
QQQ-IC-0DTE-HedgeC-S3,IC,QQQ,experiment,baseline,T00474,QQQ,shortcallspread,closed,26,0.09,0.15,-156,4966,2026-05-05 11:01:25,2026-05-05 11:05:01,2026-05-05 16:00:00,call side,False,,,685,687,-234,680.42,681.14,-0.11111111,-0.55555556,2026-05-05 11:01:25,2026-05-05 11:05:00
Nigiri-Paper-v1,OA-Mirror,,mirror-watch,baseline,T00477,SPY,shortputspread,closed,10,0.12,0.07,50,4880,2026-05-01 09:40:18,2026-05-05 10:00:01,2026-05-08 16:00:00,,True,693,688,,,-120,722.11,722.46,0.66666667,-1.33333333,2026-05-05 09:33:00,2026-05-04 12:09:00
IC-SPX-FastPT25-S2,IC,SPX,live-candidate,pre-fix,T00482,SPX,shortputspread,closed,10,0.25,0.4,-150,4750,2026-05-05 09:52:01,2026-05-05 09:54:02,2026-05-05 16:00:00,put side,True,7200,7195,,,-250,7251.94,7249.08,0,-0.2,2026-05-05 09:52:00,2026-05-05 09:53:00
IC-SPX-FastPT25-S2,IC,SPX,live-candidate,pre-fix,T00483,SPX,shortputspread,closed,10,0.3,0.2,100,4700,2026-05-05 09:33:02,2026-05-05 09:53:00,2026-05-05 16:00:00,put side,True,7190,7185,,,-300,7244.43,7250.21,0.33333333,0,2026-05-05 09:53:00,2026-05-05 09:33:02
IC-SPX-FastPT25-S2,IC,SPX,live-candidate,pre-fix,T00478,SPX,shortcallspread,closed,10,0.1,0.05,50,4900,2026-05-05 09:50:05,2026-05-05 09:52:01,2026-05-05 16:00:00,call side,False,,,7300,7305,-100,7245.05,7251.94,0.5,0,2026-05-05 09:52:00,2026-05-05 09:51:00
IC-SPX-FastPT25-S2,IC,SPX,live-candidate,pre-fix,T00478,SPX,shortputspread,closed,10,0.25,0.15,100,4750,2026-05-05 09:50:04,2026-05-05 09:52:01,2026-05-05 16:00:00,put side,False,7190,7185,,,-250,7245.39,7251.94,0.4,0.08,2026-05-05 09:52:00,2026-05-05 09:50:04
IC-SPX-FastPT25-S2,IC,SPX,live-candidate,pre-fix,T00480,SPX,shortputspread,closed,10,0.25,0.3,-50,4750,2026-05-05 09:38:03,2026-05-05 09:50:03,2026-05-05 16:00:00,put side,False,7190,7185,,,-250,7245.36,7245.1,0.12,-0.2,2026-05-05 09:50:00,2026-05-05 09:44:00
IC-SPX-FastPT25-S2,IC,SPX,live-candidate,pre-fix,T00481,SPX,shortcallspread,closed,10,0.1,0.05,50,4900,2026-05-05 09:44:03,2026-05-05 09:50:00,2026-05-05 16:00:00,call side,True,,,7295,7300,-100,7242.39,7245.19,0.5,-0.3,2026-05-05 09:50:00,2026-05-05 09:48:00
IC-SPX-FastPT25-S2,IC,SPX,live-candidate,pre-fix,T00480,SPX,shortcallspread,closed,10,0.1,0.05,50,4900,2026-05-05 09:39:03,2026-05-05 09:40:01,2026-05-05 16:00:00,call side,False,,,7300,7305,-100,7243.53,7245.12,0.5,0.2,2026-05-05 09:40:00,2026-05-05 09:39:03
IC-SPX-FastPT25-S2,IC,SPX,live-candidate,pre-fix,T00484,SPX,shortputspread,closed,10,0.25,0.3,-50,4750,2026-05-05 09:35:00,2026-05-05 09:38:02,2026-05-05 16:00:00,put side,True,7190,7185,,,-250,7246.37,7245.36,0.12,0,2026-05-05 09:35:00,2026-05-05 09:37:00
IC-SPX-FastPT25-S2,IC,SPX,live-candidate,pre-fix,T00479,SPX,shortputspread,closed,10,0.35,0.3,50,4650,2026-05-05 09:31:01,2026-05-05 09:33:02,2026-05-05 16:00:00,put side,False,7190,7185,,,-350,7242.79,7243.78,0.2,0.08571429,2026-05-05 09:33:00,2026-05-05 09:31:01
IC-SPX-FastPT25-S2,IC,SPX,live-candidate,pre-fix,T00479,SPX,shortcallspread,closed,10,0.1,0.05,50,4900,2026-05-05 09:31:02,2026-05-05 09:33:00,2026-05-05 16:00:00,call side,False,,,7295,7300,-100,7241.68,7243.47,0.5,0.2,2026-05-05 09:33:00,2026-05-05 09:31:02
QQQ long call,OA-Mirror,QQQ,mirror-watch,baseline,T00485,QQQ,longcallspread,closed,1,26.53,33.84,731,2653,2026-04-27 10:30:02,2026-05-05 09:31:01,2026-07-31 16:00:00,,False,,,755,667,2653,662.17,678.31,0.27553713,-0.12024124,2026-05-05 09:31:00,2026-04-28 13:38:00
3DTE $140-$350,OA-Mirror,SPX,mirror-watch,baseline,T00486,SPX,ironcondor,expired,1,0.15,0,15,985,2026-05-01 10:05:02,2026-05-04 16:15:00,2026-05-04 16:00:00,190,False,7075,7065,7460,7470,-15,7267.47,7200.75,1,-1,2026-05-04 10:13:00,2026-05-01 12:24:00
Opening Range Breakout 60m,OA-Mirror,,mirror-watch,baseline,T00487,SPX,shortputspread,expired,1,0.8,9.25,-845,1420,2026-05-04 10:45:03,2026-05-04 16:15:00,2026-05-04 16:00:00,test a,True,7210,7195,,,-80,7243.13,7200.75,0.0875,-13.0625,2026-05-04 10:53:00,2026-05-04 15:54:00
QQQ-IC-0DTE-Raw-HoldToExp,IC,QQQ,control,baseline,T00488,QQQ,shortcallspread,closed,1,0.07,0.01,6,193,2026-05-04 11:18:03,2026-05-04 15:50:00,2026-05-04 16:00:00,call side,True,,,679,681,-7,674.13,673.1,1,-0.14285714,2026-05-04 14:13:00,2026-05-04 11:18:03
QQQ-IC-0DTE-Range075-PT50-Wide2-1230PM,IC,QQQ,experiment,baseline,T00490,QQQ,shortcallspread,closed,1,0.07,0.02,5,193,2026-05-04 12:33:03,2026-05-04 15:50:00,2026-05-04 16:00:00,call side,False,,,676,678,-7,671.21,673.1,1,-0.85714286,2026-05-04 15:31:00,2026-05-04 13:20:00
QQQ-IC-0DTE-Raw-HoldToExp,IC,QQQ,control,baseline,T00489,QQQ,shortputspread,closed,1,0.11,0.04,7,189,2026-05-04 11:01:01,2026-05-04 15:50:00,2026-05-04 16:00:00,put side,True,671,669,,,-11,675.72,673.1,0.72727273,-7.36363636,2026-05-04 15:50:00,2026-05-04 12:09:00
QQQ-IC-0DTE-Range075-PT50-Wide2-1230PM,IC,QQQ,experiment,baseline,T00490,QQQ,shortputspread,closed,1,0.11,0.05,6,189,2026-05-04 12:31:01,2026-05-04 13:16:11,2026-05-04 16:00:00,put side,False,666,664,,,-11,671.47,672.06,0.63636364,-0.18181818,2026-05-04 13:16:00,2026-05-04 12:40:00
QQQ-IC-0DTE-HedgeC-S3,IC,QQQ,experiment,baseline,T00491,QQQ,shortcallspread,closed,25,0.07,0.03,100,4825,2026-05-04 11:18:03,2026-05-04 12:08:12,2026-05-04 16:00:00,call side,True,,,679,681,-175,674.13,669.53,0.71428571,-0.14285714,2026-05-04 12:08:00,2026-05-04 11:18:03
QQQ-IC-0DTE-HedgeA-S1,IC,QQQ,experiment,baseline,T00493,QQQ,shortcallspread,closed,25,0.07,0.03,100,4825,2026-05-04 11:18:05,2026-05-04 12:08:12,2026-05-04 16:00:00,call side,True,,,679,681,-175,674.14,669.53,0.71428571,-0.14285714,2026-05-04 12:08:00,2026-05-04 11:18:05
QQQ-IC-0DTE-HedgeTest,IC,QQQ,experiment,baseline,T00495,QQQ,shortcallspread,closed,25,0.07,0.03,100,4825,2026-05-04 11:18:04,2026-05-04 12:08:12,2026-05-04 16:00:00,call side,True,,,679,681,-175,674.2,669.53,0.71428571,-0.14285714,2026-05-04 12:08:00,2026-05-04 11:18:04
QQQ-IC-0DTE-HedgeD-Conditional,IC,QQQ,experiment,baseline,T00497,QQQ,shortcallspread,closed,25,0.07,0.03,100,4825,2026-05-04 11:18:05,2026-05-04 12:08:12,2026-05-04 16:00:00,call side,True,,,679,681,-175,674.14,669.53,0.71428571,-0.14285714,2026-05-04 12:08:00,2026-05-04 11:18:05
QQQ-IC-0DTE-HedgeTest,IC,QQQ,experiment,baseline,T00496,QQQ,shortputspread,closed,26,0.11,0.86,-1950,4914,2026-05-04 11:01:01,2026-05-04 12:08:01,2026-05-04 16:00:00,put side,True,671,669,,,-286,675.72,669.87,0.09090909,-6.81818182,2026-05-04 11:02:00,2026-05-04 12:08:00
QQQ-IC-0DTE-HedgeD-Conditional,IC,QQQ,experiment,baseline,T00498,QQQ,shortputspread,closed,26,0.11,0.91,-2080,4914,2026-05-04 11:01:01,2026-05-04 12:08:01,2026-05-04 16:00:00,put side,True,671,669,,,-286,675.72,669.87,0.09090909,-6.81818182,2026-05-04 11:02:00,2026-05-04 12:08:00
QQQ-IC-0DTE-HedgeA-S1,IC,QQQ,experiment,baseline,T00494,QQQ,shortputspread,closed,26,0.11,0.91,-2080,4914,2026-05-04 11:01:01,2026-05-04 12:08:01,2026-05-04 16:00:00,put side,True,671,669,,,-286,675.72,669.87,0.09090909,-6.81818182,2026-05-04 11:02:00,2026-05-04 12:08:00
Friday 14 DTE Broken Wing IB (B-70),OA-Mirror,,mirror-watch,baseline,T00499,SPX,ironbutterfly,closed,1,41.35,38.45,290,1865,2026-05-01 10:30:03,2026-05-04 12:08:01,2026-05-15 16:00:00,14 dte,False,7195,7135,7195,7235,-4135,7265.89,7182.5,0.07013301,-0.10036276,2026-05-04 12:08:00,2026-05-01 12:24:00
QQQ-IC-0DTE-HedgeB-S2,IC,QQQ,experiment,baseline,T00500,QQQ,shortcallspread,closed,25,0.07,0.09,-50,4825,2026-05-04 11:18:03,2026-05-04 11:19:01,2026-05-04 16:00:00,call side,True,,,679,681,-175,674.13,673.97,-0.14285714,-0.14285714,2026-05-04 11:18:03,2026-05-04 11:18:03
QQQ-IC-0DTE-HedgeC-S3,IC,QQQ,experiment,baseline,T00492,QQQ,shortputspread,closed,26,0.11,0.18,-182,4914,2026-05-04 11:01:01,2026-05-04 11:13:00,2026-05-04 16:00:00,put side,True,671,669,,,-286,675.72,674.84,0.09090909,-0.54545455,2026-05-04 11:02:00,2026-05-04 11:13:00
QQQ-IC-0DTE-HedgeB-S2,IC,QQQ,experiment,baseline,T00501,QQQ,shortputspread,closed,26,0.11,0.13,-52,4914,2026-05-04 11:01:01,2026-05-04 11:11:00,2026-05-04 16:00:00,put side,True,671,669,,,-286,675.72,675.43,0.09090909,-0.27272727,2026-05-04 11:02:00,2026-05-04 11:09:00
IC-SPX-FastPT25-S2,IC,SPX,live-candidate,pre-fix,T00502,SPX,shortcallspread,closed,10,0.1,0.05,50,4900,2026-05-04 09:51:04,2026-05-04 09:57:00,2026-05-04 16:00:00,call side,False,,,7285,7290,-100,7228.73,7228.54,0.5,0,2026-05-04 09:57:00,2026-05-04 09:52:00
IC-SPX-FastPT25-S2,IC,SPX,live-candidate,pre-fix,T00502,SPX,shortputspread,closed,10,0.25,0.3,-50,4750,2026-05-04 09:51:03,2026-05-04 09:54:02,2026-05-04 16:00:00,put side,False,7175,7170,,,-250,7228.75,7229.04,0.2,0,2026-05-04 09:52:00,2026-05-04 09:51:04
IC-SPX-FastPT25-S2,IC,SPX,live-candidate,pre-fix,T00506,SPX,shortcallspread,closed,10,0.1,0.15,-50,4900,2026-05-04 09:48:04,2026-05-04 09:51:02,2026-05-04 16:00:00,call side,True,,,7280,7285,-100,7226.65,7228.75,0,0,2026-05-04 09:48:04,2026-05-04 09:48:04
IC-SPX-FastPT25-S2,IC,SPX,live-candidate,pre-fix,T00503,SPX,shortputspread,closed,10,0.3,0.2,100,4700,2026-05-04 09:42:01,2026-05-04 09:51:00,2026-05-04 16:00:00,put side,False,7170,7165,,,-300,7224.46,7228.5,0.33333333,0.06666667,2026-05-04 09:51:00,2026-05-04 09:43:00
IC-SPX-FastPT25-S2,IC,SPX,live-candidate,pre-fix,T00503,SPX,shortcallspread,closed,10,0.1,0.15,-50,4900,2026-05-04 09:42:02,2026-05-04 09:48:02,2026-05-04 16:00:00,call side,False,,,7280,7285,-100,7224.49,7227.55,0.2,0,2026-05-04 09:45:00,2026-05-04 09:42:02
IC-SPX-FastPT25-S2,IC,SPX,live-candidate,pre-fix,T00507,SPX,shortcallspread,closed,10,0.15,0.1,50,4850,2026-05-04 09:41:03,2026-05-04 09:42:00,2026-05-04 16:00:00,call side,True,,,7275,7280,-150,7222.22,7224.46,0.33333333,0.2,2026-05-04 09:42:00,2026-05-04 09:41:03
IC-SPX-FastPT25-S2,IC,SPX,live-candidate,pre-fix,T00504,SPX,shortputspread,closed,10,0.35,0.35,0,4650,2026-05-04 09:34:02,2026-05-04 09:41:02,2026-05-04 16:00:00,put side,False,7170,7165,,,-350,7221.78,7221.54,0.14285714,0,2026-05-04 09:37:00,2026-05-04 09:34:02
IC-SPX-FastPT25-S2,IC,SPX,live-candidate,pre-fix,T00504,SPX,shortcallspread,closed,10,0.15,0.1,50,4850,2026-05-04 09:34:03,2026-05-04 09:41:00,2026-05-04 16:00:00,call side,False,,,7275,7280,-150,7221.74,7221.04,0.33333333,0,2026-05-04 09:41:00,2026-05-04 09:34:03
IC-SPX-FastPT25-S2,IC,SPX,live-candidate,pre-fix,T00505,SPX,shortcallspread,closed,10,0.2,0.25,-50,4800,2026-05-04 09:31:02,2026-05-04 09:34:01,2026-05-04 16:00:00,call side,False,,,7275,7280,-200,7220.35,7221.78,0.15,0,2026-05-04 09:32:00,2026-05-04 09:31:02
IC-SPX-FastPT25-S2,IC,SPX,live-candidate,pre-fix,T00505,SPX,shortputspread,closed,10,0.4,0.3,100,4600,2026-05-04 09:31:01,2026-05-04 09:34:00,2026-05-04 16:00:00,put side,False,7165,7160,,,-400,7220.04,7223.03,0.25,-0.05,2026-05-04 09:34:00,2026-05-04 09:31:01
QQQ-IC-0DTE-Raw-HoldToExp,IC,QQQ,control,baseline,T00508,QQQ,shortcallspread,closed,1,0.07,0.01,6,193,2026-05-01 11:06:01,2026-05-01 15:50:00,2026-05-01 16:00:00,call side,True,,,678,680,-7,673.22,674.89,1,-1.71428571,2026-05-01 15:46:00,2026-05-01 11:50:00
QQQ-IC-0DTE-Raw-HoldToExp,IC,QQQ,control,baseline,T00509,QQQ,shortputspread,closed,1,0.08,0.02,6,192,2026-05-01 11:01:00,2026-05-01 15:50:00,2026-05-01 16:00:00,put side,True,668,666,,,-8,673.49,674.89,1,-0.75,2026-05-01 15:10:00,2026-05-01 11:03:00
3DTE $140-$350,OA-Mirror,SPX,mirror-watch,baseline,T00510,SPX,ironcondor,closed,1,0.55,0.15,40,945,2026-04-30 10:00:06,2026-05-01 14:15:02,2026-05-05 16:00:00,"230,60percent",False,6905,6895,7370,7380,-55,7135.46,7241.54,0.78181818,-0.18181818,2026-05-01 13:50:00,2026-04-30 10:02:00
QQQ-IC-0DTE-HedgeD-Conditional,IC,QQQ,experiment,baseline,T00511,QQQ,shortcallspread,closed,25,0.07,0.03,100,4825,2026-05-01 11:06:03,2026-05-01 14:06:11,2026-05-01 16:00:00,call side,True,,,678,680,-175,673.22,674.73,0.71428571,-1.71428571,2026-05-01 14:06:00,2026-05-01 11:50:00
QQQ-IC-0DTE-HedgeTest,IC,QQQ,experiment,baseline,T00513,QQQ,shortcallspread,closed,25,0.07,0.03,100,4825,2026-05-01 11:06:02,2026-05-01 14:06:11,2026-05-01 16:00:00,call side,True,,,678,680,-175,673.26,674.73,0.71428571,-1.71428571,2026-05-01 14:06:00,2026-05-01 11:50:00
QQQ-IC-0DTE-HedgeA-S1,IC,QQQ,experiment,baseline,T00515,QQQ,shortcallspread,closed,25,0.07,0.03,100,4825,2026-05-01 11:06:03,2026-05-01 14:06:10,2026-05-01 16:00:00,call side,True,,,678,680,-175,673.22,674.73,0.71428571,-1.71428571,2026-05-01 14:06:00,2026-05-01 11:50:00
QQQ-IC-0DTE-HedgeA-S1,IC,QQQ,experiment,baseline,T00516,QQQ,shortputspread,closed,26,0.08,0.04,104,4992,2026-05-01 11:01:00,2026-05-01 11:39:10,2026-05-01 16:00:00,put side,True,668,666,,,-208,673.49,675.36,0.625,-0.75,2026-05-01 11:39:00,2026-05-01 11:03:00
QQQ-IC-0DTE-HedgeTest,IC,QQQ,experiment,baseline,T00514,QQQ,shortputspread,closed,26,0.08,0.04,104,4992,2026-05-01 11:01:00,2026-05-01 11:39:10,2026-05-01 16:00:00,put side,True,668,666,,,-208,673.49,675.36,0.625,-0.75,2026-05-01 11:39:00,2026-05-01 11:03:00
QQQ-IC-0DTE-HedgeD-Conditional,IC,QQQ,experiment,baseline,T00512,QQQ,shortputspread,closed,26,0.08,0.04,104,4992,2026-05-01 11:01:00,2026-05-01 11:39:10,2026-05-01 16:00:00,put side,True,668,666,,,-208,673.49,675.36,0.625,-0.75,2026-05-01 11:39:00,2026-05-01 11:03:00
QQQ-IC-0DTE-HedgeB-S2,IC,QQQ,experiment,baseline,T00518,QQQ,shortputspread,closed,26,0.08,0.06,52,4992,2026-05-01 11:01:00,2026-05-01 11:24:00,2026-05-01 16:00:00,put side,True,668,666,,,-208,673.49,674.75,0.5,-0.75,2026-05-01 11:21:00,2026-05-01 11:03:00
QQQ-IC-0DTE-HedgeB-S2,IC,QQQ,experiment,baseline,T00517,QQQ,shortcallspread,closed,25,0.07,0.13,-150,4825,2026-05-01 11:06:03,2026-05-01 11:21:00,2026-05-01 16:00:00,call side,True,,,678,680,-175,673.22,674.65,0.14285714,-0.71428571,2026-05-01 11:11:00,2026-05-01 11:18:00
QQQ-IC-0DTE-HedgeC-S3,IC,QQQ,experiment,baseline,T00519,QQQ,shortcallspread,closed,25,0.07,0.12,-125,4825,2026-05-01 11:06:01,2026-05-01 11:14:00,2026-05-01 16:00:00,call side,True,,,678,680,-175,673.22,673.93,0.14285714,-0.57142857,2026-05-01 11:11:00,2026-05-01 11:14:00
QQQ-IC-0DTE-HedgeC-S3,IC,QQQ,experiment,baseline,T00520,QQQ,shortputspread,closed,26,0.08,0.13,-130,4992,2026-05-01 11:01:00,2026-05-01 11:02:00,2026-05-01 16:00:00,put side,True,668,666,,,-208,673.49,673.03,-0.125,-0.5,2026-05-01 11:01:00,2026-05-01 11:02:00
Trendy-Paper-v1,OA-Mirror,,mirror-watch,baseline,T00521,SPY,shortputspread,closed,1,0.8,0.09,71,920,2026-04-28 10:15:03,2026-05-01 10:00:07,2026-05-08 16:00:00,,True,687,677,,,-80,711.66,724.11,0.8875,-0.1625,2026-05-01 09:57:00,2026-04-28 10:51:00
IC-SPX-FastPT25-S2,IC,SPX,live-candidate,pre-fix,T00527,SPX,shortputspread,closed,10,0.3,0.2,100,4700,2026-05-01 09:49:02,2026-05-01 09:51:00,2026-05-01 16:00:00,put side,True,7190,7185,,,-300,7246.16,7250.61,0.33333333,0.16666667,2026-05-01 09:51:00,2026-05-01 09:50:00
IC-SPX-FastPT25-S2,IC,SPX,live-candidate,pre-fix,T00522,SPX,shortputspread,closed,10,0.25,0.35,-100,4750,2026-05-01 09:39:02,2026-05-01 09:49:01,2026-05-01 16:00:00,put side,False,7195,7190,,,-250,7247.53,7246.16,0,-0.32,2026-05-01 09:39:02,2026-05-01 09:47:00
IC-SPX-FastPT25-S2,IC,SPX,live-candidate,pre-fix,T00522,SPX,shortcallspread,closed,10,0.1,0.05,50,4900,2026-05-01 09:39:03,2026-05-01 09:49:00,2026-05-01 16:00:00,call side,False,,,7300,7305,-100,7247.93,7245.22,0.5,-0.5,2026-05-01 09:49:00,2026-05-01 09:42:00
Nigiri-Paper-v1,OA-Mirror,,mirror-watch,baseline,T00528,SPY,shortputspread,closed,10,0.14,0.03,110,4860,2026-04-30 09:34:29,2026-05-01 09:40:07,2026-05-08 16:00:00,,True,676,671,,,-140,713.03,722.1,0.85714286,-0.21428571,2026-05-01 09:40:00,2026-04-30 09:42:00
IC-SPX-FastPT25-S2,IC,SPX,live-candidate,pre-fix,T00523,SPX,shortputspread,closed,10,0.25,0.3,-50,4750,2026-05-01 09:36:02,2026-05-01 09:39:01,2026-05-01 16:00:00,put side,False,7195,7190,,,-250,7249.76,7247.53,0,-0.2,2026-05-01 09:36:02,2026-05-01 09:37:00
IC-SPX-FastPT25-S2,IC,SPX,live-candidate,pre-fix,T00526,SPX,shortcallspread,closed,10,0.15,0.1,50,4850,2026-05-01 09:37:03,2026-05-01 09:39:00,2026-05-01 16:00:00,call side,True,,,7300,7305,-150,7247.83,7247.95,0.46666667,0,2026-05-01 09:39:00,2026-05-01 09:37:03
IC-SPX-FastPT25-S2,IC,SPX,live-candidate,pre-fix,T00523,SPX,shortcallspread,closed,10,0.15,0.1,50,4850,2026-05-01 09:36:03,2026-05-01 09:37:00,2026-05-01 16:00:00,call side,False,,,7300,7305,-150,7247.97,7248.15,0.33333333,0.13333333,2026-05-01 09:37:00,2026-05-01 09:36:03
IC-SPX-FastPT25-S2,IC,SPX,live-candidate,pre-fix,T00525,SPX,shortcallspread,closed,10,0.1,0.25,-150,4900,2026-05-01 09:32:03,2026-05-01 09:36:01,2026-05-01 16:00:00,call side,False,,,7295,7300,-100,7240.27,7249.76,0.2,-0.7,2026-05-01 09:33:00,2026-05-01 09:35:00
IC-SPX-FastPT25-S2,IC,SPX,live-candidate,pre-fix,T00525,SPX,shortputspread,closed,10,0.3,0.2,100,4700,2026-05-01 09:33:02,2026-05-01 09:36:00,2026-05-01 16:00:00,put side,False,7190,7185,,,-300,7243.35,7248.96,0.33333333,0,2026-05-01 09:36:00,2026-05-01 09:33:02
IC-SPX-FastPT25-S2,IC,SPX,live-candidate,pre-fix,T00524,SPX,shortputspread,closed,10,0.2,0.15,50,4800,2026-05-01 09:31:04,2026-05-01 09:33:00,2026-05-01 16:00:00,put side,False,7180,7175,,,-200,7235.8,7244.06,0.25,0,2026-05-01 09:33:00,2026-05-01 09:31:04
IC-SPX-FastPT25-S2,IC,SPX,live-candidate,pre-fix,T00524,SPX,shortcallspread,closed,10,0.15,0.1,50,4850,2026-05-01 09:31:05,2026-05-01 09:32:00,2026-05-01 16:00:00,call side,False,,,7290,7295,-150,7235.27,7239.48,0.33333333,0.13333333,2026-05-01 09:32:00,2026-05-01 09:31:05
Opening Range Breakout 60m,OA-Mirror,,mirror-watch,baseline,T00529,SPX,shortputspread,expired,1,1.05,0,105,1395,2026-04-30 11:45:12,2026-04-30 16:15:00,2026-04-30 16:00:00,test a,True,7125,7110,,,-105,7161.75,7209.01,1,-0.19047619,2026-04-30 14:18:00,2026-04-30 11:48:00
QQQ-IC-0DTE-Baseline,IC,QQQ,control,baseline,T00530,QQQ,ironcondor,closed,112,0.11,0.48,-4144,9968,2026-04-30 13:30:34,2026-04-30 15:50:22,2026-04-30 16:00:00,,False,660,659,668,669,-1232,664.76,667.97,-0.36363636,-3.36363636,2026-04-30 13:34:00,2026-04-30 15:45:00
QQQ-IC-0DTE-Raw-HoldToExp,IC,QQQ,control,baseline,T00531,QQQ,shortputspread,closed,1,0.22,0.02,20,178,2026-04-30 11:01:01,2026-04-30 15:50:01,2026-04-30 16:00:00,put side,False,658,656,,,-22,662.83,668.43,1,-0.18181818,2026-04-30 15:13:00,2026-04-30 11:48:00
QQQ-IC-0DTE-Fortress,IC,QQQ,experiment,baseline,T00532,QQQ,shortcallspread,closed,25,0.07,0.22,-375,4825,2026-04-30 13:38:02,2026-04-30 15:50:01,2026-04-30 16:00:00,call side,True,,,670,672,-175,665.48,668.43,0,-2.85714286,2026-04-30 13:39:00,2026-04-30 14:04:00
QQQ-IC-0DTE-Range075-PT50-Wide2-1230PM,IC,QQQ,experiment,baseline,T00534,QQQ,shortcallspread,closed,1,0.07,0.42,-35,193,2026-04-30 12:33:01,2026-04-30 15:50:01,2026-04-30 16:00:00,call side,False,,,669,671,-7,663.83,668.43,0.57142857,-5.14285714,2026-04-30 12:57:00,2026-04-30 15:45:00
QQQ-IC-0DTE-Raw-HoldToExp,IC,QQQ,control,baseline,T00531,QQQ,shortcallspread,closed,1,0.13,0.74,-61,187,2026-04-30 11:01:03,2026-04-30 15:50:01,2026-04-30 16:00:00,call side,False,,,668,670,-13,662.88,668.43,0.69230769,-4.92307692,2026-04-30 12:56:00,2026-04-30 15:45:00
QQQ-IC-0DTE-Fortress-NoPT50,IC,QQQ,experiment,baseline,T00536,QQQ,shortputspread,closed,26,0.09,0.01,208,4966,2026-04-30 13:31:01,2026-04-30 15:50:01,2026-04-30 16:00:00,put side,True,661,659,,,-234,665.5,668.43,1,-0.33333333,2026-04-30 15:47:00,2026-04-30 13:32:00
QQQ-IC-0DTE-Fortress-NoPT50,IC,QQQ,experiment,baseline,T00535,QQQ,shortcallspread,closed,25,0.07,0.22,-375,4825,2026-04-30 13:38:02,2026-04-30 15:50:01,2026-04-30 16:00:00,call side,True,,,670,672,-175,665.48,668.43,0,-2.85714286,2026-04-30 13:39:00,2026-04-30 14:04:00
QQQ-IC-0DTE-Fortress,IC,QQQ,experiment,baseline,T00533,QQQ,shortputspread,closed,26,0.09,0.04,130,4966,2026-04-30 13:31:01,2026-04-30 14:31:11,2026-04-30 16:00:00,put side,True,661,659,,,-234,665.5,667.33,0.66666667,-0.33333333,2026-04-30 14:31:00,2026-04-30 13:32:00
QQQ-IC-0DTE-Fortress-S2,IC,QQQ,experiment,baseline,T00538,QQQ,shortputspread,closed,26,0.09,0.06,78,4966,2026-04-30 13:31:01,2026-04-30 14:20:02,2026-04-30 16:00:00,put side,True,661,659,,,-234,665.5,667.26,0.55555556,-0.33333333,2026-04-30 14:17:00,2026-04-30 13:32:00
QQQ-IC-0DTE-Fortress-S2,IC,QQQ,experiment,baseline,T00537,QQQ,shortcallspread,closed,25,0.07,0.25,-450,4825,2026-04-30 13:38:03,2026-04-30 14:17:01,2026-04-30 16:00:00,call side,True,,,670,672,-175,665.5,667.57,0,-2.85714286,2026-04-30 13:39:00,2026-04-30 14:04:00
QQQ-IC-0DTE-Range075-PT50-Wide2-1230PM,IC,QQQ,experiment,baseline,T00534,QQQ,shortputspread,closed,1,0.12,0.06,6,188,2026-04-30 12:31:00,2026-04-30 13:31:12,2026-04-30 16:00:00,put side,False,659,657,,,-12,663.67,665.66,0.58333333,-0.91666667,2026-04-30 13:31:00,2026-04-30 12:58:00
QQQ-IC-0DTE-HedgeTest,IC,QQQ,experiment,baseline,T00539,QQQ,shortcallspread,closed,26,0.13,0.06,182,4862,2026-04-30 11:01:03,2026-04-30 12:55:11,2026-04-30 16:00:00,call side,False,,,668,670,-338,662.88,662.47,0.61538462,-0.38461538,2026-04-30 12:55:00,2026-04-30 11:02:00
QQQ-IC-0DTE-HedgeC-S3,IC,QQQ,experiment,baseline,T00540,QQQ,shortcallspread,closed,26,0.13,0.06,182,4862,2026-04-30 11:01:03,2026-04-30 12:55:11,2026-04-30 16:00:00,call side,False,,,668,670,-338,662.88,662.47,0.61538462,-0.38461538,2026-04-30 12:55:00,2026-04-30 11:02:00
QQQ-IC-0DTE-HedgeD-Conditional,IC,QQQ,experiment,baseline,T00541,QQQ,shortcallspread,closed,26,0.13,0.06,182,4862,2026-04-30 11:01:03,2026-04-30 12:55:11,2026-04-30 16:00:00,call side,False,,,668,670,-338,662.88,662.47,0.61538462,-0.38461538,2026-04-30 12:55:00,2026-04-30 11:02:00
QQQ-IC-0DTE-HedgeA-S1,IC,QQQ,experiment,baseline,T00542,QQQ,shortcallspread,closed,26,0.13,0.06,182,4862,2026-04-30 11:01:03,2026-04-30 12:55:11,2026-04-30 16:00:00,call side,False,,,668,670,-338,662.88,662.47,0.61538462,-0.38461538,2026-04-30 12:55:00,2026-04-30 11:02:00
QQQ-IC-0DTE-HedgeD-Conditional,IC,QQQ,experiment,baseline,T00541,QQQ,shortputspread,closed,28,0.22,0.11,308,4984,2026-04-30 11:01:01,2026-04-30 12:19:11,2026-04-30 16:00:00,put side,False,658,656,,,-616,662.83,663.7,0.54545455,-0.18181818,2026-04-30 12:19:00,2026-04-30 11:48:00
QQQ-IC-0DTE-HedgeA-S1,IC,QQQ,experiment,baseline,T00542,QQQ,shortputspread,closed,28,0.22,0.11,308,4984,2026-04-30 11:01:01,2026-04-30 12:19:11,2026-04-30 16:00:00,put side,False,658,656,,,-616,662.83,663.7,0.54545455,-0.18181818,2026-04-30 12:19:00,2026-04-30 11:48:00
QQQ-IC-0DTE-HedgeB-S2,IC,QQQ,experiment,baseline,T00543,QQQ,shortputspread,closed,28,0.22,0.11,308,4984,2026-04-30 11:01:01,2026-04-30 12:19:11,2026-04-30 16:00:00,put side,False,658,656,,,-616,662.83,663.7,0.54545455,-0.18181818,2026-04-30 12:19:00,2026-04-30 11:48:00
QQQ-IC-0DTE-HedgeTest,IC,QQQ,experiment,baseline,T00539,QQQ,shortputspread,closed,28,0.22,0.11,308,4984,2026-04-30 11:01:01,2026-04-30 12:19:11,2026-04-30 16:00:00,put side,False,658,656,,,-616,662.83,663.7,0.54545455,-0.18181818,2026-04-30 12:19:00,2026-04-30 11:48:00
QQQ-IC-0DTE-HedgeC-S3,IC,QQQ,experiment,baseline,T00540,QQQ,shortputspread,closed,28,0.22,0.11,308,4984,2026-04-30 11:01:01,2026-04-30 12:19:11,2026-04-30 16:00:00,put side,False,658,656,,,-616,662.83,663.7,0.54545455,-0.18181818,2026-04-30 12:19:00,2026-04-30 11:48:00
QQQ-IC-0DTE-HedgeB-S2,IC,QQQ,experiment,baseline,T00543,QQQ,shortcallspread,closed,26,0.13,0.13,0,4862,2026-04-30 11:01:03,2026-04-30 12:13:00,2026-04-30 16:00:00,call side,False,,,668,670,-338,662.88,663.6,0.46153846,-0.38461538,2026-04-30 11:48:00,2026-04-30 11:02:00
3DTE $140-$350,OA-Mirror,SPX,mirror-watch,baseline,T00544,SPX,ironcondor,closed,1,0.55,0.15,40,945,2026-04-29 10:00:06,2026-04-30 10:45:01,2026-05-04 16:00:00,"250,60percent",False,6875,6865,7380,7390,-55,7129.58,7144.8,0.78181818,-0.41818182,2026-04-30 10:45:00,2026-04-29 12:35:00
IC-SPX-FastPT25-S2,IC,SPX,live-candidate,pre-fix,T00550,SPX,shortputspread,closed,11,0.6,0.7,-110,4840,2026-04-30 09:53:02,2026-04-30 09:56:01,2026-04-30 16:00:00,put side,True,7085,7080,,,-660,7139.18,7134.98,0.08333333,-0.08333333,2026-04-30 09:53:02,2026-04-30 09:56:00
IC-SPX-FastPT25-S2,IC,SPX,live-candidate,pre-fix,T00545,SPX,shortputspread,closed,10,0.5,0.9,-400,4500,2026-04-30 09:44:02,2026-04-30 09:53:01,2026-04-30 16:00:00,put side,False,7095,7090,,,-500,7147.95,7139.18,0.06,-0.5,2026-04-30 09:46:00,2026-04-30 09:53:00
IC-SPX-FastPT25-S2,IC,SPX,live-candidate,pre-fix,T00545,SPX,shortcallspread,closed,10,0.5,0.35,150,4500,2026-04-30 09:44:03,2026-04-30 09:53:00,2026-04-30 16:00:00,call side,False,,,7200,7205,-500,7148.22,7139.13,0.34,-0.2,2026-04-30 09:53:00,2026-04-30 09:46:00
3DTE $140-$350,OA-Mirror,SPX,mirror-watch,baseline,T00551,SPX,ironcondor,closed,1,0.55,0.1,45,945,2026-04-28 10:05:02,2026-04-30 09:45:03,2026-05-01 16:00:00,"250,90 profit",False,6885,6875,7390,7400,-55,7137.11,7152.13,0.90909091,-0.45454545,2026-04-30 09:31:00,2026-04-28 10:57:00
IC-SPX-FastPT25-S2,IC,SPX,live-candidate,pre-fix,T00546,SPX,shortcallspread,closed,11,0.7,0.85,-165,4730,2026-04-30 09:41:03,2026-04-30 09:44:02,2026-04-30 16:00:00,call side,False,,,7190,7195,-770,7136.9,7147.95,0.07142857,-0.1,2026-04-30 09:42:00,2026-04-30 09:44:00
IC-SPX-FastPT25-S2,IC,SPX,live-candidate,pre-fix,T00546,SPX,shortputspread,closed,11,0.6,0.4,220,4840,2026-04-30 09:41:02,2026-04-30 09:44:00,2026-04-30 16:00:00,put side,False,7085,7080,,,-660,7137.09,7147.62,0.33333333,0,2026-04-30 09:44:00,2026-04-30 09:41:02
IC-SPX-FastPT25-S2,IC,SPX,live-candidate,pre-fix,T00547,SPX,shortputspread,closed,11,0.65,1,-385,4785,2026-04-30 09:38:02,2026-04-30 09:41:01,2026-04-30 16:00:00,put side,False,7095,7090,,,-715,7146.48,7138.01,0,-0.23076923,2026-04-30 09:38:02,2026-04-30 09:41:00
IC-SPX-FastPT25-S2,IC,SPX,live-candidate,pre-fix,T00547,SPX,shortcallspread,closed,11,0.6,0.4,220,4840,2026-04-30 09:38:03,2026-04-30 09:41:00,2026-04-30 16:00:00,call side,False,,,7200,7205,-660,7146.47,7138.73,0.33333333,0.05,2026-04-30 09:41:00,2026-04-30 09:38:03
IC-SPX-FastPT25-S2,IC,SPX,live-candidate,pre-fix,T00549,SPX,shortcallspread,closed,10,0.45,0.25,200,4550,2026-04-30 09:32:03,2026-04-30 09:41:00,2026-04-30 16:00:00,call side,True,,,7210,7215,-450,7156.68,7138.73,0.44444444,0.06666667,2026-04-30 09:41:00,2026-04-30 09:32:03
IC-SPX-FastPT25-S2,IC,SPX,live-candidate,pre-fix,T00548,SPX,shortputspread,closed,11,0.7,1.1,-440,4730,2026-04-30 09:31:02,2026-04-30 09:38:01,2026-04-30 16:00:00,put side,False,7110,7105,,,-770,7161.69,7145.6,0.07142857,-0.35714286,2026-04-30 09:33:00,2026-04-30 09:38:00
Nigiri-Paper-v1,OA-Mirror,,mirror-watch,baseline,T00552,SPY,shortputspread,closed,10,0.15,0.03,120,4850,2026-04-29 10:00:23,2026-04-30 09:34:06,2026-05-01 16:00:00,,True,688,683,,,-150,710.54,712.97,0.86666667,-0.4,2026-04-30 09:34:00,2026-04-29 12:35:00
IC-SPX-FastPT25-S2,IC,SPX,live-candidate,pre-fix,T00548,SPX,shortcallspread,closed,10,0.4,0.3,100,4600,2026-04-30 09:31:03,2026-04-30 09:32:00,2026-04-30 16:00:00,call side,False,,,7215,7220,-400,7161.86,7156.52,0.25,0.075,2026-04-30 09:32:00,2026-04-30 09:31:03
3DTE $140-$350,OA-Mirror,SPX,mirror-watch,baseline,T00553,SPX,ironcondor,expired,1,0.45,0,45,955,2026-04-24 10:15:06,2026-04-29 16:15:00,2026-04-29 16:00:00,240,False,6880,6870,7370,7380,-45,7123.03,7135.95,1,-0.15555556,2026-04-27 15:59:00,2026-04-24 10:18:00
QQQ-IC-0DTE-Baseline,IC,QQQ,control,baseline,T00554,QQQ,ironcondor,closed,192,0.5,0.49,192,9600,2026-04-29 13:30:12,2026-04-29 15:50:11,2026-04-29 16:00:00,,False,654,653,662,663,-9600,658.82,660.14,0.06,-0.1,2026-04-29 15:06:00,2026-04-29 13:31:00
QQQ-IC-0DTE-Range075-PT50-Wide2-155PM,IC,QQQ,experiment,baseline,T00555,QQQ,shortcallspread,closed,1,0.42,0.41,1,158,2026-04-29 13:56:01,2026-04-29 15:50:00,2026-04-29 16:00:00,call side,False,,,664,666,-42,659.34,660.35,0.30952381,-0.28571429,2026-04-29 14:32:00,2026-04-29 15:16:00
QQQ-IC-0DTE-Range075-PT50,IC,QQQ,experiment,baseline,T00556,QQQ,shortcallspread,closed,1,0.21,0.24,-3,79,2026-04-29 14:01:02,2026-04-29 15:50:00,2026-04-29 16:00:00,call side,True,,,664,665,-21,659.08,660.35,0.23809524,-0.42857143,2026-04-29 14:32:00,2026-04-29 15:16:00
QQQ-IC-0DTE-Fortress-NoPT50,IC,QQQ,experiment,baseline,T00558,QQQ,shortcallspread,closed,31,0.39,0.41,-62,4991,2026-04-29 13:31:02,2026-04-29 15:50:00,2026-04-29 16:00:00,call side,False,,,664,666,-1209,658.81,660.35,0.25641026,-0.38461538,2026-04-29 14:32:00,2026-04-29 15:16:00
QQQ-IC-0DTE-Fortress,IC,QQQ,experiment,baseline,T00559,QQQ,shortcallspread,closed,31,0.39,0.41,-62,4991,2026-04-29 13:31:02,2026-04-29 15:50:00,2026-04-29 16:00:00,call side,False,,,664,666,-1209,658.81,660.35,0.25641026,-0.38461538,2026-04-29 14:32:00,2026-04-29 15:16:00
QQQ-IC-0DTE-Range075-PT50-Wide2-1230PM,IC,QQQ,experiment,baseline,T00560,QQQ,shortcallspread,closed,1,0.42,0.52,-10,158,2026-04-29 12:31:02,2026-04-29 15:50:00,2026-04-29 16:00:00,call side,False,,,663,665,-42,657.85,660.35,0.11904762,-0.57142857,2026-04-29 14:32:00,2026-04-29 15:16:00
QQQ-IC-0DTE-Fortress-NoPT50,IC,QQQ,experiment,baseline,T00558,QQQ,shortputspread,closed,31,0.4,0.21,589,4960,2026-04-29 13:31:00,2026-04-29 15:50:00,2026-04-29 16:00:00,put side,False,654,652,,,-1240,658.84,660.35,0.65,-0.225,2026-04-29 15:16:00,2026-04-29 14:11:00
QQQ-IC-0DTE-HedgeTest,IC,QQQ,experiment,baseline,T00561,QQQ,shortputspread,closed,31,0.42,0.36,186,4898,2026-04-29 11:01:00,2026-04-29 15:50:00,2026-04-29 16:00:00,put side,False,656,654,,,-1302,660.98,660.35,0.38095238,-0.69047619,2026-04-29 15:16:00,2026-04-29 12:34:00
QQQ-IC-0DTE-Range075-PT50-Wide2-155PM,IC,QQQ,experiment,baseline,T00555,QQQ,shortputspread,closed,1,0.37,0.15,22,163,2026-04-29 13:56:00,2026-04-29 15:16:11,2026-04-29 16:00:00,put side,False,654,652,,,-37,659.34,661.38,0.62162162,-0.32432432,2026-04-29 15:16:00,2026-04-29 14:11:00
QQQ-IC-0DTE-Range075-PT50,IC,QQQ,experiment,baseline,T00557,QQQ,shortputspread,closed,1,0.22,0.09,13,78,2026-04-29 13:31:00,2026-04-29 15:15:11,2026-04-29 16:00:00,put side,True,654,653,,,-22,658.84,661.47,0.63636364,-0.22727273,2026-04-29 15:15:00,2026-04-29 14:11:00
3DTE $140-$350,OA-Mirror,SPX,mirror-watch,baseline,T00562,SPX,ironcondor,closed,1,0.5,0.15,35,950,2026-04-27 10:00:08,2026-04-29 15:15:01,2026-04-30 16:00:00,"230,60percent",False,6930,6920,7395,7405,-50,7163.3,7135.74,0.94,-0.44,2026-04-28 09:33:00,2026-04-28 10:51:00
QQQ-IC-0DTE-Fortress,IC,QQQ,experiment,baseline,T00559,QQQ,shortputspread,closed,31,0.4,0.2,620,4960,2026-04-29 13:31:00,2026-04-29 15:12:11,2026-04-29 16:00:00,put side,False,654,652,,,-1240,658.84,660.72,0.525,-0.225,2026-04-29 15:12:00,2026-04-29 14:11:00
QQQ-IC-0DTE-Fortress-S2,IC,QQQ,experiment,baseline,T00563,QQQ,shortputspread,closed,31,0.4,0.22,558,4960,2026-04-29 13:31:00,2026-04-29 15:04:01,2026-04-29 16:00:00,put side,False,654,652,,,-1240,658.84,660.49,0.5,-0.225,2026-04-29 15:01:00,2026-04-29 14:11:00
QQQ-IC-0DTE-Fortress-S2,IC,QQQ,experiment,baseline,T00563,QQQ,shortcallspread,closed,31,0.39,0.48,-279,4991,2026-04-29 13:31:02,2026-04-29 15:01:01,2026-04-29 16:00:00,call side,False,,,664,666,-1209,658.81,660.74,0.25641026,-0.23076923,2026-04-29 14:32:00,2026-04-29 15:00:00
QQQ-IC-0DTE-Range075-PT50-Wide2-1230PM,IC,QQQ,experiment,baseline,T00560,QQQ,shortputspread,closed,1,0.4,0.19,21,160,2026-04-29 12:31:00,2026-04-29 14:59:11,2026-04-29 16:00:00,put side,False,653,651,,,-40,657.94,660.62,0.55,-0.15,2026-04-29 14:59:00,2026-04-29 12:36:00
QQQ-IC-0DTE-HedgeTest,IC,QQQ,experiment,baseline,T00561,QQQ,shortcallspread,closed,32,0.45,0.21,768,4960,2026-04-29 11:01:01,2026-04-29 14:09:11,2026-04-29 16:00:00,call side,False,,,666,668,-1440,661.01,657.9,0.55555556,-0.02222222,2026-04-29 14:09:00,2026-04-29 11:01:02
Nigiri-Paper-v1,OA-Mirror,,mirror-watch,baseline,T00564,SPY,shortputspread,closed,10,0.12,0.1,20,4880,2026-04-28 13:45:23,2026-04-29 10:00:11,2026-05-01 16:00:00,,True,685,680,,,-120,710.82,710.53,0.41666667,-0.16666667,2026-04-28 15:56:00,2026-04-28 13:50:00
3DTE $140-$350,OA-Mirror,SPX,mirror-watch,baseline,T00565,SPX,ironcondor,expired,1,0.45,0,45,955,2026-04-23 10:15:07,2026-04-28 16:15:00,2026-04-28 16:00:00,250,False,6875,6865,7380,7390,-45,7125.69,7138.8,1,-3.11111111,2026-04-23 13:02:00,2026-04-23 13:54:00
Opening Range Breakout 60m,OA-Mirror,,mirror-watch,baseline,T00566,SPX,shortcallspread,expired,1,1.95,0,195,1305,2026-04-28 10:45:08,2026-04-28 16:15:00,2026-04-28 16:00:00,test b,True,,,7155,7170,-195,7128.6,7138.8,1,-0.08717949,2026-04-28 15:55:00,2026-04-28 11:01:00
QQQ-IC-0DTE-Raw-HoldToExp,IC,QQQ,control,baseline,T00567,QQQ,shortcallspread,closed,1,0.11,0.02,9,189,2026-04-28 11:01:03,2026-04-28 15:50:00,2026-04-28 16:00:00,call side,False,,,661,663,-11,656.31,658.02,0.90909091,-0.27272727,2026-04-28 13:22:00,2026-04-28 11:01:03
QQQ-IC-0DTE-Raw-HoldToExp,IC,QQQ,control,baseline,T00567,QQQ,shortputspread,closed,1,0.13,0.01,12,187,2026-04-28 11:01:01,2026-04-28 15:50:00,2026-04-28 16:00:00,put side,False,651,649,,,-13,656.13,658.02,1,-1.23076923,2026-04-28 14:41:00,2026-04-28 11:34:00
Nigiri-Paper-v1,OA-Mirror,,mirror-watch,baseline,T00568,SPY,shortputspread,closed,10,0.11,0.1,10,4890,2026-04-27 09:45:25,2026-04-28 13:45:11,2026-05-01 16:00:00,,True,682,677,,,-110,713.73,710.81,0.36363636,-0.36363636,2026-04-27 15:25:00,2026-04-28 10:51:00
QQQ-IC-0DTE-HedgeA-S1,IC,QQQ,experiment,baseline,T00569,QQQ,shortputspread,closed,26,0.13,0.06,182,4862,2026-04-28 11:01:01,2026-04-28 13:13:11,2026-04-28 16:00:00,put side,False,651,649,,,-338,656.13,655.34,0.61538462,-1.23076923,2026-04-28 13:13:00,2026-04-28 11:34:00
QQQ-IC-0DTE-HedgeD-Conditional,IC,QQQ,experiment,baseline,T00570,QQQ,shortputspread,closed,26,0.13,0.06,182,4862,2026-04-28 11:01:01,2026-04-28 13:13:11,2026-04-28 16:00:00,put side,False,651,649,,,-338,656.13,655.34,0.61538462,-1.23076923,2026-04-28 13:13:00,2026-04-28 11:34:00
QQQ-IC-0DTE-HedgeTest,IC,QQQ,experiment,baseline,T00571,QQQ,shortputspread,closed,26,0.13,0.06,182,4862,2026-04-28 11:01:01,2026-04-28 13:13:11,2026-04-28 16:00:00,put side,False,651,649,,,-338,656.13,655.34,0.61538462,-1.23076923,2026-04-28 13:13:00,2026-04-28 11:34:00
QQQ-IC-0DTE-HedgeD-Conditional,IC,QQQ,experiment,baseline,T00570,QQQ,shortcallspread,closed,26,0.11,0.05,156,4914,2026-04-28 11:01:03,2026-04-28 11:37:11,2026-04-28 16:00:00,call side,False,,,661,663,-286,656.31,654.32,0.63636364,-0.27272727,2026-04-28 11:37:00,2026-04-28 11:01:03
QQQ-IC-0DTE-HedgeTest,IC,QQQ,experiment,baseline,T00571,QQQ,shortcallspread,closed,26,0.11,0.05,156,4914,2026-04-28 11:01:03,2026-04-28 11:37:11,2026-04-28 16:00:00,call side,False,,,661,663,-286,656.31,654.32,0.63636364,-0.27272727,2026-04-28 11:37:00,2026-04-28 11:01:03
QQQ-IC-0DTE-HedgeC-S3,IC,QQQ,experiment,baseline,T00572,QQQ,shortcallspread,closed,26,0.11,0.05,156,4914,2026-04-28 11:01:03,2026-04-28 11:37:11,2026-04-28 16:00:00,call side,False,,,661,663,-286,656.31,654.32,0.63636364,-0.27272727,2026-04-28 11:37:00,2026-04-28 11:01:03
QQQ-IC-0DTE-HedgeA-S1,IC,QQQ,experiment,baseline,T00569,QQQ,shortcallspread,closed,26,0.11,0.05,156,4914,2026-04-28 11:01:03,2026-04-28 11:37:11,2026-04-28 16:00:00,call side,False,,,661,663,-286,656.31,654.32,0.63636364,-0.27272727,2026-04-28 11:37:00,2026-04-28 11:01:03
QQQ-IC-0DTE-HedgeB-S2,IC,QQQ,experiment,baseline,T00573,QQQ,shortcallspread,closed,26,0.11,0.07,104,4914,2026-04-28 11:01:03,2026-04-28 11:29:00,2026-04-28 16:00:00,call side,False,,,661,663,-286,656.31,654.67,0.54545455,-0.27272727,2026-04-28 11:26:00,2026-04-28 11:01:03
QQQ-IC-0DTE-HedgeB-S2,IC,QQQ,experiment,baseline,T00573,QQQ,shortputspread,closed,26,0.13,0.26,-338,4862,2026-04-28 11:01:01,2026-04-28 11:26:00,2026-04-28 16:00:00,put side,False,651,649,,,-338,656.13,654.47,0,-1,2026-04-28 11:20:00,2026-04-28 11:08:00
QQQ-IC-0DTE-HedgeC-S3,IC,QQQ,experiment,baseline,T00572,QQQ,shortputspread,closed,26,0.13,0.26,-338,4862,2026-04-28 11:01:01,2026-04-28 11:07:00,2026-04-28 16:00:00,put side,False,651,649,,,-338,656.13,654.82,-0.07692308,-0.92307692,2026-04-28 11:01:00,2026-04-28 11:07:00
IC-SPX-FastPT25-S2,IC,SPX,live-candidate,pre-fix,T00578,SPX,shortputspread,closed,10,0.25,0.3,-50,4750,2026-04-28 10:15:10,2026-04-28 10:18:02,2026-04-28 16:00:00,put side,True,7085,7080,,,-250,7140.2,7140.86,0,-0.4,2026-04-28 10:15:10,2026-04-28 10:16:00
IC-SPX-FastPT25-S2,IC,SPX,live-candidate,pre-fix,T00579,SPX,shortputspread,closed,10,0.3,0.35,-50,4700,2026-04-28 10:07:03,2026-04-28 10:15:08,2026-04-28 16:00:00,put side,True,7090,7085,,,-300,7144.12,7140.2,0.1,-0.06666667,2026-04-28 10:07:03,2026-04-28 10:12:00
IC-SPX-FastPT25-S2,IC,SPX,live-candidate,pre-fix,T00574,SPX,shortcallspread,closed,10,0.25,0.15,100,4750,2026-04-28 09:55:05,2026-04-28 10:15:01,2026-04-28 16:00:00,call side,False,,,7190,7195,-250,7138.13,7139.93,0.48,0,2026-04-28 10:15:00,2026-04-28 09:55:05
IC-SPX-FastPT25-S2,IC,SPX,live-candidate,pre-fix,T00577,SPX,shortcallspread,closed,10,0.2,0.15,50,4800,2026-04-28 09:56:04,2026-04-28 10:14:00,2026-04-28 16:00:00,call side,True,,,7190,7195,-200,7134.79,7140.64,0.25,-0.25,2026-04-28 10:14:00,2026-04-28 09:58:00
IC-SPX-FastPT25-S2,IC,SPX,live-candidate,pre-fix,T00574,SPX,shortputspread,closed,10,0.35,0.25,100,4650,2026-04-28 09:55:04,2026-04-28 10:07:00,2026-04-28 16:00:00,put side,False,7085,7080,,,-350,7138.31,7143.72,0.28571429,-0.14285714,2026-04-28 10:07:00,2026-04-28 09:56:00
Trendy-Paper-v1,OA-Mirror,,mirror-watch,baseline,T00581,SPY,shortputspread,closed,1,0.78,0.17,61,922,2026-04-20 09:45:03,2026-04-28 10:00:20,2026-04-30 16:00:00,,True,685,675,,,-78,708.69,711.47,0.8974359,-0.71794872,2026-04-27 15:50:00,2026-04-21 15:45:00
IC-SPX-FastPT25-S2,IC,SPX,live-candidate,pre-fix,T00576,SPX,shortputspread,closed,10,0.45,0.55,-100,4550,2026-04-28 09:42:03,2026-04-28 09:55:03,2026-04-28 16:00:00,put side,False,7095,7090,,,-450,7147.78,7138.31,0.22222222,-0.15555556,2026-04-28 09:48:00,2026-04-28 09:55:00
IC-SPX-FastPT25-S2,IC,SPX,live-candidate,pre-fix,T00576,SPX,shortcallspread,closed,10,0.25,0.15,100,4750,2026-04-28 09:40:05,2026-04-28 09:55:00,2026-04-28 16:00:00,call side,False,,,7195,7200,-250,7142.92,7139.13,0.4,-0.4,2026-04-28 09:55:00,2026-04-28 09:44:00
IC-SPX-FastPT25-S2,IC,SPX,live-candidate,pre-fix,T00580,SPX,shortputspread,closed,10,0.45,0.25,200,4550,2026-04-28 09:33:03,2026-04-28 09:43:00,2026-04-28 16:00:00,put side,True,7085,7080,,,-450,7137.46,7150.34,0.44444444,0,2026-04-28 09:43:00,2026-04-28 09:33:03
IC-SPX-FastPT25-S2,IC,SPX,live-candidate,pre-fix,T00575,SPX,shortcallspread,closed,10,0.4,0.55,-150,4600,2026-04-28 09:31:03,2026-04-28 09:40:03,2026-04-28 16:00:00,call side,False,,,7185,7190,-400,7130.08,7143.02,0.075,-0.375,2026-04-28 09:32:00,2026-04-28 09:40:00
IC-SPX-FastPT25-S2,IC,SPX,live-candidate,pre-fix,T00575,SPX,shortputspread,closed,10,0.45,0.3,150,4550,2026-04-28 09:31:01,2026-04-28 09:36:00,2026-04-28 16:00:00,put side,False,7075,7070,,,-450,7130.23,7141.65,0.37777778,0,2026-04-28 09:36:00,2026-04-28 09:31:01
Opening Range Breakout 60m,OA-Mirror,,mirror-watch,baseline,T00582,SPX,shortcallspread,expired,1,2.2,3.91,-171,1280,2026-04-27 11:30:02,2026-04-27 16:15:00,2026-04-27 16:00:00,test b,True,,,7170,7185,-220,7153.02,7173.91,0.11363636,-2.75909091,2026-04-27 11:34:00,2026-04-27 15:52:00
3DTE $140-$350,OA-Mirror,SPX,mirror-watch,baseline,T00583,SPX,ironcondor,expired,1,0.45,0,45,955,2026-04-22 10:00:05,2026-04-27 16:15:00,2026-04-27 16:00:00,250,False,6865,6855,7370,7380,-45,7117.89,7173.91,1,-6.11111111,2026-04-23 13:02:00,2026-04-23 13:54:00
QQQ-IC-0DTE-Raw-HoldToExp,IC,QQQ,control,baseline,T00584,QQQ,shortputspread,closed,1,0.09,0.01,8,191,2026-04-27 11:01:00,2026-04-27 15:50:00,2026-04-27 16:00:00,put side,True,658,656,,,-9,662.54,664.23,1,-1.22222222,2026-04-27 15:24:00,2026-04-27 11:22:00
QQQ-IC-0DTE-HedgeD-Conditional,IC,QQQ,experiment,baseline,T00585,QQQ,shortputspread,closed,26,0.09,0.04,130,4966,2026-04-27 11:01:00,2026-04-27 13:27:11,2026-04-27 16:00:00,put side,True,658,656,,,-234,662.54,663.37,0.66666667,-1.22222222,2026-04-27 13:27:00,2026-04-27 11:22:00
QQQ-IC-0DTE-HedgeTest,IC,QQQ,experiment,baseline,T00586,QQQ,shortputspread,closed,26,0.09,0.04,130,4966,2026-04-27 11:01:00,2026-04-27 13:27:11,2026-04-27 16:00:00,put side,True,658,656,,,-234,662.54,663.37,0.66666667,-1.22222222,2026-04-27 13:27:00,2026-04-27 11:22:00
QQQ-IC-0DTE-HedgeA-S1,IC,QQQ,experiment,baseline,T00587,QQQ,shortputspread,closed,26,0.09,0.04,130,4966,2026-04-27 11:01:00,2026-04-27 13:27:11,2026-04-27 16:00:00,put side,True,658,656,,,-234,662.54,663.37,0.66666667,-1.22222222,2026-04-27 13:27:00,2026-04-27 11:22:00
Friday 14 DTE Broken Wing IB (B-70),OA-Mirror,,mirror-watch,baseline,T00588,SPX,ironbutterfly,closed,1,42.05,40.9,115,1795,2026-04-24 10:30:03,2026-04-27 13:01:01,2026-05-08 16:00:00,14 dte,False,7050,6990,7050,7090,-4205,7121.76,7167.2,0.02734839,-0.03091558,2026-04-27 13:01:00,2026-04-24 11:45:00
QQQ-IC-0DTE-HedgeB-S2,IC,QQQ,experiment,baseline,T00589,QQQ,shortputspread,closed,26,0.09,0.14,-130,4966,2026-04-27 11:01:00,2026-04-27 11:11:01,2026-04-27 16:00:00,put side,True,658,656,,,-234,662.54,662.21,-0.11111111,-0.88888889,2026-04-27 11:01:01,2026-04-27 11:05:00
QQQ-IC-0DTE-HedgeC-S3,IC,QQQ,experiment,baseline,T00590,QQQ,shortputspread,closed,26,0.09,0.16,-182,4966,2026-04-27 11:01:00,2026-04-27 11:04:00,2026-04-27 16:00:00,put side,True,658,656,,,-234,662.54,661.72,-0.11111111,-0.66666667,2026-04-27 11:01:01,2026-04-27 11:04:00
IC-SPX-FastPT25-S2,IC,SPX,live-candidate,pre-fix,T00591,SPX,shortputspread,closed,10,0.35,0.4,-50,4650,2026-04-27 09:44:03,2026-04-27 09:47:02,2026-04-27 16:00:00,put side,False,7110,7105,,,-350,7161.95,7156.44,0.08571429,0,2026-04-27 09:44:03,2026-04-27 09:45:00
Nigiri-Paper-v1,OA-Mirror,,mirror-watch,baseline,T00597,SPY,shortputspread,closed,10,0.13,0.07,60,4870,2026-04-24 09:45:22,2026-04-27 09:45:14,2026-05-01 16:00:00,,True,673,668,,,-130,709.91,713.72,0.61538462,-0.15384615,2026-04-27 09:33:00,2026-04-24 09:56:00
Nigiri-Paper-v1,OA-Mirror,,mirror-watch,baseline,T00598,SPY,shortputspread,closed,10,0.13,0.07,60,4870,2026-04-24 09:45:22,2026-04-27 09:45:13,2026-05-01 16:00:00,,True,673,668,,,-130,709.91,713.73,0.61538462,-0.15384615,2026-04-27 09:33:00,2026-04-24 09:56:00
IC-SPX-FastPT25-S2,IC,SPX,live-candidate,pre-fix,T00591,SPX,shortcallspread,closed,10,0.2,0.1,100,4800,2026-04-27 09:44:04,2026-04-27 09:45:00,2026-04-27 16:00:00,call side,False,,,7215,7220,-200,7162.37,7160.25,0.5,0,2026-04-27 09:45:00,2026-04-27 09:44:04
IC-SPX-FastPT25-S2,IC,SPX,live-candidate,pre-fix,T00592,SPX,shortputspread,closed,10,0.3,0.6,-300,4700,2026-04-27 09:39:02,2026-04-27 09:44:02,2026-04-27 16:00:00,put side,False,7115,7110,,,-300,7166.69,7161.95,-0.06666667,-0.4,2026-04-27 09:39:02,2026-04-27 09:44:00
IC-SPX-FastPT25-S2,IC,SPX,live-candidate,pre-fix,T00592,SPX,shortcallspread,closed,10,0.15,0.1,50,4850,2026-04-27 09:39:03,2026-04-27 09:44:00,2026-04-27 16:00:00,call side,False,,,7220,7225,-150,7166.96,7161.45,0.33333333,0,2026-04-27 09:44:00,2026-04-27 09:39:03
IC-SPX-FastPT25-S2,IC,SPX,live-candidate,pre-fix,T00595,SPX,shortcallspread,closed,10,0.15,0.3,-150,4850,2026-04-27 09:35:03,2026-04-27 09:39:01,2026-04-27 16:00:00,call side,True,,,7215,7220,-150,7160.16,7166.69,0,-0.33333333,2026-04-27 09:35:03,2026-04-27 09:37:00
IC-SPX-FastPT25-S2,IC,SPX,live-candidate,pre-fix,T00593,SPX,shortputspread,closed,10,0.35,0.25,100,4650,2026-04-27 09:34:03,2026-04-27 09:39:00,2026-04-27 16:00:00,put side,False,7110,7105,,,-350,7163.16,7166.87,0.28571429,0,2026-04-27 09:39:00,2026-04-27 09:35:00
IC-SPX-FastPT25-S2,IC,SPX,live-candidate,pre-fix,T00593,SPX,shortcallspread,closed,10,0.2,0.15,50,4800,2026-04-27 09:34:04,2026-04-27 09:35:01,2026-04-27 16:00:00,call side,False,,,7215,7220,-200,7163.56,7160.86,0.25,0.15,2026-04-27 09:35:00,2026-04-27 09:34:03
IC-SPX-FastPT25-S2,IC,SPX,live-candidate,pre-fix,T00594,SPX,shortcallspread,closed,10,0.25,0.45,-200,4750,2026-04-27 09:31:03,2026-04-27 09:34:02,2026-04-27 16:00:00,call side,False,,,7205,7210,-250,7152.88,7163.16,0,-0.72,2026-04-27 09:31:03,2026-04-27 09:32:00
IC-SPX-FastPT25-S2,IC,SPX,live-candidate,pre-fix,T00596,SPX,shortputspread,closed,10,0.45,0.3,150,4550,2026-04-27 09:32:02,2026-04-27 09:34:01,2026-04-27 16:00:00,put side,True,7110,7105,,,-450,7162.52,7163.37,0.33333333,0.06666667,2026-04-27 09:34:00,2026-04-27 09:32:02
IC-SPX-FastPT25-S2,IC,SPX,live-candidate,pre-fix,T00594,SPX,shortputspread,closed,10,0.4,0.25,150,4600,2026-04-27 09:31:02,2026-04-27 09:32:00,2026-04-27 16:00:00,put side,False,7100,7095,,,-400,7152.53,7163.2,0.375,0,2026-04-27 09:32:00,2026-04-27 09:31:02
Opening Range Breakout 60m,OA-Mirror,,mirror-watch,baseline,T00599,SPX,shortputspread,expired,1,1.6,0,160,1340,2026-04-24 11:00:02,2026-04-24 16:15:00,2026-04-24 16:00:00,test a,True,7110,7095,,,-160,7137.91,7165.08,1,-0.075,2026-04-24 15:08:00,2026-04-24 11:07:00
QQQ-IC-0DTE-Raw-HoldToExp,IC,QQQ,control,baseline,T00600,QQQ,shortcallspread,closed,1,0.07,0.05,2,193,2026-04-24 11:02:01,2026-04-24 15:50:01,2026-04-24 16:00:00,call side,False,,,665,667,-7,660.54,663.74,0.57142857,-4,2026-04-24 15:47:00,2026-04-24 12:38:00
QQQ-IC-0DTE-Raw-HoldToExp,IC,QQQ,control,baseline,T00600,QQQ,shortputspread,closed,1,0.14,0.01,13,186,2026-04-24 11:01:00,2026-04-24 15:50:01,2026-04-24 16:00:00,put side,False,656,654,,,-14,660.47,663.74,1,-0.07142857,2026-04-24 15:03:00,2026-04-24 11:01:00
QQQ-IC-0DTE-HedgeD-Conditional,IC,QQQ,experiment,baseline,T00601,QQQ,shortcallspread,closed,25,0.07,0.05,50,4825,2026-04-24 11:06:03,2026-04-24 15:50:01,2026-04-24 16:00:00,call side,True,,,665,667,-175,660.55,663.74,0.57142857,-4,2026-04-24 15:47:00,2026-04-24 12:38:00
QQQ-IC-0DTE-HedgeA-S1,IC,QQQ,experiment,baseline,T00603,QQQ,shortcallspread,closed,25,0.07,0.05,50,4825,2026-04-24 11:06:03,2026-04-24 15:50:01,2026-04-24 16:00:00,call side,True,,,665,667,-175,660.55,663.74,0.57142857,-4,2026-04-24 15:47:00,2026-04-24 12:38:00
QQQ-IC-0DTE-HedgeTest,IC,QQQ,experiment,baseline,T00605,QQQ,shortputspread,closed,26,0.14,0.06,208,4836,2026-04-24 11:01:00,2026-04-24 11:45:01,2026-04-24 16:00:00,put side,True,656,654,,,-364,660.47,662.62,0.57142857,-0.07142857,2026-04-24 11:45:00,2026-04-24 11:01:00
QQQ-IC-0DTE-HedgeD-Conditional,IC,QQQ,experiment,baseline,T00602,QQQ,shortputspread,closed,26,0.14,0.06,208,4836,2026-04-24 11:01:00,2026-04-24 11:45:01,2026-04-24 16:00:00,put side,True,656,654,,,-364,660.47,662.62,0.57142857,-0.07142857,2026-04-24 11:45:00,2026-04-24 11:01:00
QQQ-IC-0DTE-HedgeC-S3,IC,QQQ,experiment,baseline,T00606,QQQ,shortcallspread,closed,25,0.07,0.3,-575,4825,2026-04-24 11:02:01,2026-04-24 11:45:01,2026-04-24 16:00:00,call side,False,,,665,667,-175,660.54,662.62,0.14285714,-2.71428571,2026-04-24 11:40:00,2026-04-24 11:45:00
QQQ-IC-0DTE-HedgeB-S2,IC,QQQ,experiment,baseline,T00608,QQQ,shortputspread,closed,26,0.14,0.06,208,4836,2026-04-24 11:01:00,2026-04-24 11:45:01,2026-04-24 16:00:00,put side,True,656,654,,,-364,660.47,662.62,0.57142857,-0.07142857,2026-04-24 11:45:00,2026-04-24 11:01:00
QQQ-IC-0DTE-HedgeC-S3,IC,QQQ,experiment,baseline,T00606,QQQ,shortputspread,closed,26,0.14,0.06,208,4836,2026-04-24 11:01:00,2026-04-24 11:45:01,2026-04-24 16:00:00,put side,False,656,654,,,-364,660.47,662.62,0.57142857,-0.07142857,2026-04-24 11:45:00,2026-04-24 11:01:00
QQQ-IC-0DTE-HedgeB-S2,IC,QQQ,experiment,baseline,T00607,QQQ,shortcallspread,closed,25,0.07,0.3,-575,4825,2026-04-24 11:06:03,2026-04-24 11:45:01,2026-04-24 16:00:00,call side,True,,,665,667,-175,660.55,662.67,0.14285714,-2.71428571,2026-04-24 11:40:00,2026-04-24 11:45:00
QQQ-IC-0DTE-HedgeA-S1,IC,QQQ,experiment,baseline,T00604,QQQ,shortputspread,closed,26,0.14,0.06,208,4836,2026-04-24 11:01:00,2026-04-24 11:45:00,2026-04-24 16:00:00,put side,True,656,654,,,-364,660.47,662.62,0.57142857,-0.07142857,2026-04-24 11:45:00,2026-04-24 11:01:00
QQQ long call,OA-Mirror,QQQ,mirror-watch,baseline,T00609,QQQ,longcallspread,closed,1,28.16,35.26,710,2816,2026-04-20 09:45:02,2026-04-24 10:57:00,2026-08-21 16:00:00,,False,,,750,655,2816,646.79,660.36,0.25213068,-0.06534091,2026-04-24 10:57:00,2026-04-20 11:08:00
IC-SPX-FastPT25-S2,IC,SPX,live-candidate,pre-fix,T00610,SPX,shortputspread,closed,10,0.45,0.3,150,4550,2026-04-24 09:58:02,2026-04-24 10:16:00,2026-04-24 16:00:00,put side,False,7070,7065,,,-450,7121.7,7126.19,0.33333333,-0.33333333,2026-04-24 10:16:00,2026-04-24 10:04:00
IC-SPX-FastPT25-S2,IC,SPX,live-candidate,pre-fix,T00613,SPX,shortcallspread,closed,10,0.2,0.15,50,4800,2026-04-24 10:14:01,2026-04-24 10:15:00,2026-04-24 16:00:00,call side,True,,,7180,7185,-200,7127.45,7124.06,0.25,0.15,2026-04-24 10:15:00,2026-04-24 10:14:01
IC-SPX-FastPT25-S2,IC,SPX,live-candidate,pre-fix,T00614,SPX,shortcallspread,closed,10,0.15,0.1,50,4850,2026-04-24 10:13:03,2026-04-24 10:14:00,2026-04-24 16:00:00,call side,True,,,7185,7190,-150,7129.05,7127.45,0.33333333,0,2026-04-24 10:14:00,2026-04-24 10:13:03
IC-SPX-FastPT25-S2,IC,SPX,live-candidate,pre-fix,T00610,SPX,shortcallspread,closed,10,0.2,0.35,-150,4800,2026-04-24 09:58:03,2026-04-24 10:13:01,2026-04-24 16:00:00,call side,False,,,7175,7180,-200,7121.86,7129,0.15,-0.35,2026-04-24 10:01:00,2026-04-24 10:13:00
IC-SPX-FastPT25-S2,IC,SPX,live-candidate,pre-fix,T00611,SPX,shortcallspread,closed,10,0.3,0.2,100,4700,2026-04-24 09:44:03,2026-04-24 10:01:00,2026-04-24 16:00:00,call side,False,,,7175,7180,-300,7123.83,7118.51,0.43333333,0,2026-04-24 10:01:00,2026-04-24 09:46:00
IC-SPX-FastPT25-S2,IC,SPX,live-candidate,pre-fix,T00616,SPX,shortputspread,closed,10,0.4,0.4,0,4600,2026-04-24 09:56:01,2026-04-24 09:58:01,2026-04-24 16:00:00,put side,True,7060,7055,,,-400,7114.93,7121.22,0.125,-0.05,2026-04-24 09:58:00,2026-04-24 09:57:00
IC-SPX-FastPT25-S2,IC,SPX,live-candidate,pre-fix,T00611,SPX,shortputspread,closed,10,0.4,0.7,-300,4600,2026-04-24 09:44:02,2026-04-24 09:55:02,2026-04-24 16:00:00,put side,False,7070,7065,,,-400,7123.83,7118.07,0.075,-0.5,2026-04-24 09:50:00,2026-04-24 09:55:00
Nigiri-Paper-v1,OA-Mirror,,mirror-watch,baseline,T00617,SPY,shortputspread,closed,10,0.12,0.09,30,4880,2026-04-23 10:15:23,2026-04-24 09:45:02,2026-05-01 16:00:00,,True,668,663,,,-120,710.19,710.02,0.33333333,-1.75,2026-04-24 09:39:00,2026-04-23 13:47:00
IC-SPX-FastPT25-S2,IC,SPX,live-candidate,pre-fix,T00612,SPX,shortputspread,closed,11,0.55,0.7,-165,4895,2026-04-24 09:31:01,2026-04-24 09:44:01,2026-04-24 16:00:00,put side,False,7075,7070,,,-605,7129.34,7123.83,0.23636364,-0.27272727,2026-04-24 09:43:00,2026-04-24 09:35:00
IC-SPX-FastPT25-S2,IC,SPX,live-candidate,pre-fix,T00615,SPX,shortcallspread,closed,10,0.4,0.3,100,4600,2026-04-24 09:33:03,2026-04-24 09:44:00,2026-04-24 16:00:00,call side,True,,,7175,7180,-400,7123.44,7123.84,0.25,-0.05,2026-04-24 09:44:00,2026-04-24 09:34:00
IC-SPX-FastPT25-S2,IC,SPX,live-candidate,pre-fix,T00612,SPX,shortcallspread,closed,10,0.35,0.25,100,4650,2026-04-24 09:31:02,2026-04-24 09:33:00,2026-04-24 16:00:00,call side,False,,,7185,7190,-350,7129.48,7123.73,0.28571429,0.05714286,2026-04-24 09:33:00,2026-04-24 09:31:02
Opening Range Breakout 60m,OA-Mirror,,mirror-watch,baseline,T00618,SPX,shortputspread,expired,1,1.4,6.6,-520,1360,2026-04-23 11:00:02,2026-04-23 16:15:00,2026-04-23 16:00:00,test a,True,7115,7100,,,-140,7141.59,7108.4,0.45,-8.60714286,2026-04-23 11:33:00,2026-04-23 13:53:00
QQQ-IC-0DTE-Raw-HoldToExp,IC,QQQ,control,baseline,T00620,QQQ,shortputspread,closed,1,0.11,0.7,-59,189,2026-04-23 11:01:01,2026-04-23 15:50:00,2026-04-23 16:00:00,put side,True,651,649,,,-11,655.74,650.73,0.54545455,-12.54545455,2026-04-23 11:32:00,2026-04-23 13:47:00
QQQ-IC-0DTE-Fortress-NoPT50,IC,QQQ,experiment,baseline,T00621,QQQ,shortputspread,closed,27,0.18,0.02,432,4914,2026-04-23 13:33:01,2026-04-23 15:50:00,2026-04-23 16:00:00,put side,False,646,644,,,-486,650.56,650.73,0.94444444,-3.61111111,2026-04-23 15:46:00,2026-04-23 13:47:00
QQQ-IC-0DTE-InverseFilter-HoldToExp,IC,QQQ,experiment,baseline,T00623,QQQ,shortputspread,closed,1,0.16,0.01,15,184,2026-04-23 13:32:02,2026-04-23 15:50:00,2026-04-23 16:00:00,put side,True,645,643,,,-16,650.13,650.73,1,-3.25,2026-04-23 15:50:00,2026-04-23 13:47:00
QQQ-IC-0DTE-Raw-HoldToExp,IC,QQQ,control,baseline,T00619,QQQ,shortcallspread,closed,1,0.09,0.01,8,191,2026-04-23 13:16:02,2026-04-23 15:50:00,2026-04-23 16:00:00,call side,True,,,656,658,-9,651.15,650.73,1,-0.55555556,2026-04-23 15:02:00,2026-04-23 13:35:00
QQQ-IC-0DTE-Range075-PT50-Wide2-1230PM,IC,QQQ,experiment,baseline,T00624,QQQ,shortcallspread,closed,1,0.09,0.01,8,191,2026-04-23 13:16:02,2026-04-23 15:50:00,2026-04-23 16:00:00,call side,True,,,656,658,-9,651.15,650.73,1,-0.55555556,2026-04-23 15:02:00,2026-04-23 13:35:00
QQQ-IC-0DTE-InverseFilter-HoldToExp,IC,QQQ,experiment,baseline,T00622,QQQ,shortcallspread,closed,1,0.17,0.02,15,183,2026-04-23 13:55:03,2026-04-23 15:50:00,2026-04-23 16:00:00,call side,True,,,654,656,-17,649.32,650.73,1,-1.05882353,2026-04-23 15:49:00,2026-04-23 14:11:00
QQQ-IC-0DTE-Range075-PT50-Wide2-1230PM,IC,QQQ,experiment,baseline,T00625,QQQ,shortputspread,closed,1,0.07,0.7,-63,193,2026-04-23 12:32:00,2026-04-23 15:50:00,2026-04-23 16:00:00,put side,True,651,649,,,-7,655.5,650.73,0.14285714,-20.28571429,2026-04-23 12:35:00,2026-04-23 13:47:00
QQQ-IC-0DTE-Fortress-NoPT50,IC,QQQ,experiment,baseline,T00621,QQQ,shortcallspread,closed,26,0.13,0.01,312,4862,2026-04-23 13:31:03,2026-04-23 15:50:00,2026-04-23 16:00:00,call side,False,,,655,657,-338,650.27,650.73,1,-0.84615385,2026-04-23 15:46:00,2026-04-23 13:35:00
QQQ-IC-0DTE-Baseline,IC,QQQ,control,baseline,T00626,QQQ,ironcondor,closed,144,0.31,0.15,2304,9936,2026-04-23 13:30:34,2026-04-23 15:13:32,2026-04-23 16:00:00,,False,645,644,653,654,-4464,650.05,650.53,0.58064516,-0.4516129,2026-04-23 15:13:00,2026-04-23 13:46:00
QQQ-IC-0DTE-Fortress-NoFilter,IC,QQQ,experiment,baseline,T00627,QQQ,shortcallspread,closed,27,0.17,0.07,270,4941,2026-04-23 13:55:03,2026-04-23 15:02:11,2026-04-23 16:00:00,call side,True,,,654,656,-459,649.32,649.82,0.64705882,-1.05882353,2026-04-23 15:02:00,2026-04-23 14:11:00
QQQ-IC-0DTE-Fortress,IC,QQQ,experiment,baseline,T00629,QQQ,shortputspread,closed,27,0.18,0.08,270,4914,2026-04-23 13:33:01,2026-04-23 14:20:11,2026-04-23 16:00:00,put side,False,646,644,,,-486,650.56,651.44,0.61111111,-3.61111111,2026-04-23 14:20:00,2026-04-23 13:47:00
QQQ-IC-0DTE-Fortress-NoFilter,IC,QQQ,experiment,baseline,T00628,QQQ,shortputspread,closed,27,0.18,0.08,270,4914,2026-04-23 13:40:00,2026-04-23 14:08:11,2026-04-23 16:00:00,put side,True,645,643,,,-486,649.87,651.47,0.61111111,-2.77777778,2026-04-23 14:08:00,2026-04-23 13:47:00
QQQ-IC-0DTE-Fortress,IC,QQQ,experiment,baseline,T00629,QQQ,shortcallspread,closed,26,0.13,0.05,208,4862,2026-04-23 13:31:03,2026-04-23 13:45:11,2026-04-23 16:00:00,call side,False,,,655,657,-338,650.27,647.09,0.69230769,-0.84615385,2026-04-23 13:45:00,2026-04-23 13:35:00
QQQ-IC-0DTE-Fortress-S2,IC,QQQ,experiment,baseline,T00630,QQQ,shortcallspread,closed,26,0.13,0.05,208,4862,2026-04-23 13:31:03,2026-04-23 13:45:11,2026-04-23 16:00:00,call side,False,,,655,657,-338,650.27,647.09,0.69230769,-0.84615385,2026-04-23 13:45:00,2026-04-23 13:35:00
QQQ-IC-0DTE-HedgeTest,IC,QQQ,experiment,baseline,T00631,QQQ,shortcallspread,closed,26,0.09,0.03,156,4966,2026-04-23 13:16:03,2026-04-23 13:44:11,2026-04-23 16:00:00,call side,True,,,656,658,-234,651.17,647.45,0.77777778,-0.55555556,2026-04-23 13:44:00,2026-04-23 13:35:00
QQQ-IC-0DTE-HedgeA-S1,IC,QQQ,experiment,baseline,T00633,QQQ,shortcallspread,closed,26,0.09,0.03,156,4966,2026-04-23 13:16:04,2026-04-23 13:44:11,2026-04-23 16:00:00,call side,True,,,656,658,-234,651.13,647.45,0.77777778,-0.55555556,2026-04-23 13:44:00,2026-04-23 13:35:00
QQQ-IC-0DTE-HedgeD-Conditional,IC,QQQ,experiment,baseline,T00635,QQQ,shortcallspread,closed,26,0.09,0.03,156,4966,2026-04-23 13:16:04,2026-04-23 13:44:11,2026-04-23 16:00:00,call side,True,,,656,658,-234,651.13,647.45,0.77777778,-0.55555556,2026-04-23 13:44:00,2026-04-23 13:35:00
QQQ-IC-0DTE-Fortress-S2,IC,QQQ,experiment,baseline,T00630,QQQ,shortputspread,closed,27,0.19,0.51,-864,4887,2026-04-23 13:33:04,2026-04-23 13:42:02,2026-04-23 16:00:00,put side,False,646,644,,,-513,650.57,648,0.31578947,-1.47368421,2026-04-23 13:35:00,2026-04-23 13:42:00
QQQ-IC-0DTE-HedgeD-Conditional,IC,QQQ,experiment,baseline,T00636,QQQ,shortputspread,closed,26,0.11,0.97,-2236,4914,2026-04-23 11:01:01,2026-04-23 13:37:01,2026-04-23 16:00:00,put side,True,651,649,,,-286,655.74,649.95,0.54545455,-7.36363636,2026-04-23 11:32:00,2026-04-23 13:37:00
QQQ-IC-0DTE-HedgeC-S3,IC,QQQ,experiment,baseline,T00637,QQQ,shortcallspread,closed,26,0.09,0.15,-156,4966,2026-04-23 13:16:02,2026-04-23 13:35:01,2026-04-23 16:00:00,call side,True,,,656,658,-234,651.15,651.54,0.22222222,-0.55555556,2026-04-23 13:21:00,2026-04-23 13:35:00
QQQ-IC-0DTE-HedgeA-S1,IC,QQQ,experiment,baseline,T00634,QQQ,shortputspread,closed,26,0.11,0.79,-1768,4914,2026-04-23 11:01:01,2026-04-23 13:17:00,2026-04-23 16:00:00,put side,True,651,649,,,-286,655.74,650.77,0.54545455,-5.90909091,2026-04-23 11:32:00,2026-04-23 13:17:00
QQQ-IC-0DTE-HedgeTest,IC,QQQ,experiment,baseline,T00632,QQQ,shortputspread,closed,26,0.11,0.76,-1690,4914,2026-04-23 11:01:01,2026-04-23 13:17:00,2026-04-23 16:00:00,put side,True,651,649,,,-286,655.74,650.77,0.54545455,-5.90909091,2026-04-23 11:32:00,2026-04-23 13:17:00
QQQ-IC-0DTE-HedgeB-S2,IC,QQQ,experiment,baseline,T00639,QQQ,shortcallspread,closed,26,0.09,0.1,-26,4966,2026-04-23 13:16:02,2026-04-23 13:17:00,2026-04-23 16:00:00,call side,True,,,656,658,-234,651.15,650.77,0,-0.11111111,2026-04-23 13:17:00,2026-04-23 13:16:02
QQQ-IC-0DTE-HedgeC-S3,IC,QQQ,experiment,baseline,T00638,QQQ,shortputspread,closed,26,0.11,0.18,-182,4914,2026-04-23 11:01:01,2026-04-23 12:05:00,2026-04-23 16:00:00,put side,True,651,649,,,-286,655.74,654.3,0.54545455,-0.54545455,2026-04-23 11:32:00,2026-04-23 12:05:00
QQQ-IC-0DTE-HedgeB-S2,IC,QQQ,experiment,baseline,T00640,QQQ,shortputspread,closed,26,0.11,0.1,26,4914,2026-04-23 11:01:01,2026-04-23 11:11:01,2026-04-23 16:00:00,put side,True,651,649,,,-286,655.74,656.08,0.18181818,-0.18181818,2026-04-23 11:11:00,2026-04-23 11:08:00
Nigiri-Paper-v1,OA-Mirror,,mirror-watch,baseline,T00641,SPY,shortputspread,closed,10,0.1,0.04,60,4900,2026-04-22 09:45:24,2026-04-23 10:15:12,2026-04-24 16:00:00,,True,687,682,,,-100,708.85,710.19,0.8,-0.2,2026-04-23 09:42:00,2026-04-22 09:51:00
IC-SPX-FastPT25-S2,IC,SPX,live-candidate,pre-fix,T00645,SPX,shortputspread,closed,10,0.35,0.4,-50,4650,2026-04-23 10:00:06,2026-04-23 10:05:03,2026-04-23 16:00:00,put side,False,7070,7065,,,-350,7124.17,7123.02,0.14285714,-0.28571429,2026-04-23 10:00:06,2026-04-23 10:01:00
IC-SPX-FastPT25-S2,IC,SPX,live-candidate,pre-fix,T00645,SPX,shortcallspread,closed,10,0.15,0.1,50,4850,2026-04-23 10:00:08,2026-04-23 10:05:01,2026-04-23 16:00:00,call side,False,,,7175,7180,-150,7123.52,7123.7,0.33333333,0,2026-04-23 10:05:00,2026-04-23 10:00:08
IC-SPX-FastPT25-S2,IC,SPX,live-candidate,pre-fix,T00643,SPX,shortputspread,closed,10,0.35,0.4,-50,4650,2026-04-23 09:56:02,2026-04-23 10:00:03,2026-04-23 16:00:00,put side,False,7075,7070,,,-350,7128.45,7124.44,0.08571429,0,2026-04-23 09:58:00,2026-04-23 09:56:02
IC-SPX-FastPT25-S2,IC,SPX,live-candidate,pre-fix,T00643,SPX,shortcallspread,closed,10,0.15,0.1,50,4850,2026-04-23 09:56:03,2026-04-23 10:00:00,2026-04-23 16:00:00,call side,False,,,7180,7185,-150,7128.28,7125.77,0.33333333,0,2026-04-23 10:00:00,2026-04-23 09:56:03
IC-SPX-FastPT25-S2,IC,SPX,live-candidate,pre-fix,T00646,SPX,shortputspread,closed,10,0.35,0.45,-100,4650,2026-04-23 09:44:02,2026-04-23 09:56:02,2026-04-23 16:00:00,put side,False,7075,7070,,,-350,7129.44,7128.45,0.14285714,-0.08571429,2026-04-23 09:45:00,2026-04-23 09:51:00
IC-SPX-FastPT25-S2,IC,SPX,live-candidate,pre-fix,T00646,SPX,shortcallspread,closed,10,0.15,0.1,50,4850,2026-04-23 09:43:03,2026-04-23 09:56:00,2026-04-23 16:00:00,call side,False,,,7180,7185,-150,7129.01,7127.93,0.33333333,-0.53333333,2026-04-23 09:56:00,2026-04-23 09:49:00
3DTE $140-$350,OA-Mirror,SPX,mirror-watch,baseline,T00647,SPX,ironcondor,closed,1,0.5,0.15,35,950,2026-04-21 10:30:06,2026-04-23 09:45:02,2026-04-24 16:00:00,"210,60percent",False,6915,6905,7340,7350,-50,7129.24,7129.15,1,-2.4,2026-04-21 15:42:00,2026-04-21 13:39:00
IC-SPX-FastPT25-S2,IC,SPX,live-candidate,pre-fix,T00642,SPX,shortputspread,closed,10,0.35,0.35,0,4650,2026-04-23 09:40:04,2026-04-23 09:43:02,2026-04-23 16:00:00,put side,False,7070,7065,,,-350,7125.82,7128.88,0.14285714,0.05714286,2026-04-23 09:41:00,2026-04-23 09:40:03
IC-SPX-FastPT25-S2,IC,SPX,live-candidate,pre-fix,T00642,SPX,shortcallspread,closed,10,0.2,0.15,50,4800,2026-04-23 09:40:04,2026-04-23 09:43:01,2026-04-23 16:00:00,call side,False,,,7180,7185,-200,7125.82,7129.33,0.4,0.1,2026-04-23 09:40:04,2026-04-23 09:41:00
IC-SPX-FastPT25-S2,IC,SPX,live-candidate,pre-fix,T00644,SPX,shortcallspread,closed,10,0.25,0.25,0,4750,2026-04-23 09:31:02,2026-04-23 09:40:02,2026-04-23 16:00:00,call side,False,,,7175,7180,-250,7119.66,7126.86,0.2,0,2026-04-23 09:34:00,2026-04-23 09:31:02
IC-SPX-FastPT25-S2,IC,SPX,live-candidate,pre-fix,T00644,SPX,shortputspread,closed,10,0.4,0.3,100,4600,2026-04-23 09:31:01,2026-04-23 09:40:01,2026-04-23 16:00:00,put side,False,7065,7060,,,-400,7120.18,7127.32,0.25,-0.125,2026-04-23 09:40:00,2026-04-23 09:31:01
QQQ-IC-0DTE-Raw-HoldToExp,IC,QQQ,control,baseline,T00648,QQQ,shortcallspread,closed,1,0.07,0.04,3,193,2026-04-22 11:09:02,2026-04-22 15:50:00,2026-04-22 16:00:00,call side,True,,,657,659,-7,652.5,654.6,0.85714286,-0.71428571,2026-04-22 14:56:00,2026-04-22 13:23:00
QQQ-IC-0DTE-Raw-HoldToExp,IC,QQQ,control,baseline,T00649,QQQ,shortputspread,closed,1,0.14,0.01,13,186,2026-04-22 11:01:01,2026-04-22 15:50:00,2026-04-22 16:00:00,put side,True,647,645,,,-14,651.8,654.6,1,-0.14285714,2026-04-22 15:20:00,2026-04-22 11:01:01
QQQ-IC-0DTE-Baseline,IC,QQQ,control,baseline,T00650,QQQ,ironcondor,closed,106,0.06,0.03,318,9964,2026-04-22 13:30:34,2026-04-22 15:37:11,2026-04-22 16:00:00,,False,649,648,657,658,-636,653.72,654.14,0.83333333,-0.66666667,2026-04-22 15:37:00,2026-04-22 13:43:00
QQQ-IC-0DTE-HedgeC-S3,IC,QQQ,experiment,baseline,T00651,QQQ,shortcallspread,closed,25,0.07,0.03,100,4825,2026-04-22 11:09:02,2026-04-22 12:32:11,2026-04-22 16:00:00,call side,True,,,657,659,-175,652.5,652.56,0.71428571,-0.28571429,2026-04-22 12:32:00,2026-04-22 11:24:00
QQQ-IC-0DTE-HedgeTest,IC,QQQ,experiment,baseline,T00653,QQQ,shortcallspread,closed,25,0.07,0.03,100,4825,2026-04-22 11:09:02,2026-04-22 12:32:11,2026-04-22 16:00:00,call side,True,,,657,659,-175,652.5,652.56,0.71428571,-0.28571429,2026-04-22 12:32:00,2026-04-22 11:24:00
QQQ-IC-0DTE-HedgeD-Conditional,IC,QQQ,experiment,baseline,T00655,QQQ,shortcallspread,closed,25,0.07,0.03,100,4825,2026-04-22 11:09:03,2026-04-22 12:32:11,2026-04-22 16:00:00,call side,True,,,657,659,-175,652.49,652.56,0.71428571,-0.28571429,2026-04-22 12:32:00,2026-04-22 11:24:00
QQQ-IC-0DTE-HedgeA-S1,IC,QQQ,experiment,baseline,T00657,QQQ,shortcallspread,closed,25,0.07,0.03,100,4825,2026-04-22 11:09:03,2026-04-22 12:32:11,2026-04-22 16:00:00,call side,True,,,657,659,-175,652.49,652.56,0.71428571,-0.28571429,2026-04-22 12:32:00,2026-04-22 11:24:00
QQQ-IC-0DTE-HedgeD-Conditional,IC,QQQ,experiment,baseline,T00656,QQQ,shortputspread,closed,26,0.14,0.07,182,4836,2026-04-22 11:01:01,2026-04-22 11:48:11,2026-04-22 16:00:00,put side,True,647,645,,,-364,651.8,652.83,0.57142857,-0.14285714,2026-04-22 11:48:00,2026-04-22 11:01:01
QQQ-IC-0DTE-HedgeTest,IC,QQQ,experiment,baseline,T00654,QQQ,shortputspread,closed,26,0.14,0.07,182,4836,2026-04-22 11:01:01,2026-04-22 11:48:11,2026-04-22 16:00:00,put side,True,647,645,,,-364,651.8,652.83,0.57142857,-0.14285714,2026-04-22 11:48:00,2026-04-22 11:01:01
QQQ-IC-0DTE-HedgeC-S3,IC,QQQ,experiment,baseline,T00652,QQQ,shortputspread,closed,26,0.14,0.07,182,4836,2026-04-22 11:01:01,2026-04-22 11:48:11,2026-04-22 16:00:00,put side,True,647,645,,,-364,651.8,652.83,0.57142857,-0.14285714,2026-04-22 11:48:00,2026-04-22 11:01:01
QQQ-IC-0DTE-HedgeA-S1,IC,QQQ,experiment,baseline,T00658,QQQ,shortputspread,closed,26,0.14,0.07,182,4836,2026-04-22 11:01:01,2026-04-22 11:48:11,2026-04-22 16:00:00,put side,True,647,645,,,-364,651.8,652.83,0.57142857,-0.14285714,2026-04-22 11:48:00,2026-04-22 11:01:01
QQQ-IC-0DTE-HedgeB-S2,IC,QQQ,experiment,baseline,T00660,QQQ,shortputspread,closed,26,0.14,0.09,130,4836,2026-04-22 11:01:01,2026-04-22 11:27:00,2026-04-22 16:00:00,put side,True,647,645,,,-364,651.8,652.7,0.5,-0.14285714,2026-04-22 11:24:00,2026-04-22 11:01:01
QQQ-IC-0DTE-HedgeB-S2,IC,QQQ,experiment,baseline,T00659,QQQ,shortcallspread,closed,25,0.07,0.1,-75,4825,2026-04-22 11:09:03,2026-04-22 11:24:00,2026-04-22 16:00:00,call side,True,,,657,659,-175,652.49,653.06,0.28571429,-0.28571429,2026-04-22 11:13:00,2026-04-22 11:24:00
IC-SPX-FastPT25-S2,IC,SPX,live-candidate,pre-fix,T00666,SPX,shortputspread,closed,10,0.35,0.25,100,4650,2026-04-22 10:06:00,2026-04-22 10:08:00,2026-04-22 16:00:00,put side,True,7060,7055,,,-350,7113.02,7121.35,0.28571429,0,2026-04-22 10:08:00,2026-04-22 10:06:00
IC-SPX-FastPT25-S2,IC,SPX,live-candidate,pre-fix,T00665,SPX,shortcallspread,closed,10,0.25,0.4,-150,4750,2026-04-22 09:51:03,2026-04-22 10:00:02,2026-04-22 16:00:00,call side,True,,,7160,7165,-250,7108.11,7117.51,0.2,-0.32,2026-04-22 09:52:00,2026-04-22 10:00:00
IC-SPX-FastPT25-S2,IC,SPX,live-candidate,pre-fix,T00661,SPX,shortputspread,closed,10,0.35,0.25,100,4650,2026-04-22 09:50:02,2026-04-22 10:00:00,2026-04-22 16:00:00,put side,False,7055,7050,,,-350,7109.42,7117.3,0.37142857,0,2026-04-22 10:00:00,2026-04-22 09:50:02
IC-SPX-FastPT25-S2,IC,SPX,live-candidate,pre-fix,T00661,SPX,shortcallspread,closed,10,0.2,0.15,50,4800,2026-04-22 09:50:03,2026-04-22 09:51:00,2026-04-22 16:00:00,call side,False,,,7165,7170,-200,7109.67,7108.7,0.25,0,2026-04-22 09:51:00,2026-04-22 09:50:03
IC-SPX-FastPT25-S2,IC,SPX,live-candidate,pre-fix,T00662,SPX,shortputspread,closed,10,0.4,0.45,-50,4600,2026-04-22 09:46:03,2026-04-22 09:50:02,2026-04-22 16:00:00,put side,False,7060,7055,,,-400,7114.12,7109.42,0.2,-0.05,2026-04-22 09:48:00,2026-04-22 09:50:00
IC-SPX-FastPT25-S2,IC,SPX,live-candidate,pre-fix,T00662,SPX,shortcallspread,closed,10,0.15,0.1,50,4850,2026-04-22 09:46:04,2026-04-22 09:50:00,2026-04-22 16:00:00,call side,False,,,7170,7175,-150,7114.16,7109.59,0.33333333,-0.13333333,2026-04-22 09:50:00,2026-04-22 09:47:00
IC-SPX-FastPT25-S2,IC,SPX,live-candidate,pre-fix,T00663,SPX,shortcallspread,closed,10,0.25,0.35,-100,4750,2026-04-22 09:36:03,2026-04-22 09:46:02,2026-04-22 16:00:00,call side,False,,,7160,7165,-250,7107.07,7114.12,0.08,-0.2,2026-04-22 09:36:03,2026-04-22 09:37:00
IC-SPX-FastPT25-S2,IC,SPX,live-candidate,pre-fix,T00663,SPX,shortputspread,closed,10,0.4,0.3,100,4600,2026-04-22 09:36:02,2026-04-22 09:46:01,2026-04-22 16:00:00,put side,False,7055,7050,,,-400,7107.07,7114.21,0.325,0,2026-04-22 09:46:00,2026-04-22 09:36:02
Nigiri-Paper-v1,OA-Mirror,,mirror-watch,baseline,T00667,SPY,shortputspread,closed,10,0.09,0.07,20,4910,2026-04-21 09:45:24,2026-04-22 09:45:13,2026-04-24 16:00:00,,True,681,676,,,-90,709.76,708.81,0.44444444,-2.33333333,2026-04-22 09:32:00,2026-04-21 15:45:00
3DTE $140-$350,OA-Mirror,SPX,mirror-watch,baseline,T00668,SPX,ironcondor,closed,1,0.55,0.15,40,945,2026-04-20 10:05:00,2026-04-22 09:45:02,2026-04-23 16:00:00,"220,60percent",False,6895,6885,7340,7350,-55,7115.55,7110.9,1,-0.63636364,2026-04-20 11:30:00,2026-04-21 13:21:00
IC-SPX-FastPT25-S2,IC,SPX,live-candidate,pre-fix,T00664,SPX,shortputspread,closed,10,0.4,0.6,-200,4600,2026-04-22 09:31:01,2026-04-22 09:36:01,2026-04-22 16:00:00,put side,False,7060,7055,,,-400,7115.16,7106.54,0.075,-0.25,2026-04-22 09:33:00,2026-04-22 09:36:00
IC-SPX-FastPT25-S2,IC,SPX,live-candidate,pre-fix,T00664,SPX,shortcallspread,closed,10,0.2,0.15,50,4800,2026-04-22 09:31:02,2026-04-22 09:36:00,2026-04-22 16:00:00,call side,False,,,7170,7175,-200,7114.45,7107.78,0.25,0,2026-04-22 09:36:00,2026-04-22 09:31:02
Opening Range Breakout 60m,OA-Mirror,,mirror-watch,baseline,T00669,SPX,shortcallspread,expired,1,0.95,0,95,1405,2026-04-21 11:00:03,2026-04-21 16:15:00,2026-04-21 16:00:00,test b,True,,,7140,7155,-95,7099.57,7064.01,1,-0.02105263,2026-04-21 13:08:00,2026-04-21 11:11:00
QQQ-IC-0DTE-Baseline,IC,QQQ,control,baseline,T00670,QQQ,ironcondor,closed,112,0.11,0.07,448,9968,2026-04-21 13:30:35,2026-04-21 15:50:12,2026-04-21 16:00:00,,False,639,638,647,648,-1232,644.15,644.1,0.63636364,-4.36363636,2026-04-21 15:47:00,2026-04-21 15:32:00
QQQ-IC-0DTE-Raw-HoldToExp,IC,QQQ,control,baseline,T00671,QQQ,shortputspread,closed,1,0.14,0.12,2,186,2026-04-21 11:01:01,2026-04-21 15:50:01,2026-04-21 16:00:00,put side,False,641,639,,,-14,646.23,643.59,1,-0.85714286,2026-04-21 15:06:00,2026-04-21 13:20:00
QQQ-IC-0DTE-Raw-HoldToExp,IC,QQQ,control,baseline,T00671,QQQ,shortcallspread,closed,1,0.11,0.01,10,189,2026-04-21 11:01:03,2026-04-21 15:50:01,2026-04-21 16:00:00,call side,False,,,651,653,-11,646.21,643.59,1,-0.63636364,2026-04-21 14:38:00,2026-04-21 11:22:00
QQQ-IC-0DTE-Range075-PT50-Wide2-1230PM,IC,QQQ,experiment,baseline,T00672,QQQ,shortputspread,closed,1,0.09,0.03,6,191,2026-04-21 12:32:01,2026-04-21 15:01:11,2026-04-21 16:00:00,put side,True,642,640,,,-9,646.31,646.43,0.77777778,-3.11111111,2026-04-21 15:01:00,2026-04-21 13:20:00
QQQ-IC-0DTE-Fortress-S2,IC,QQQ,experiment,baseline,T00673,QQQ,shortputspread,closed,26,0.08,0.04,104,4992,2026-04-21 13:31:01,2026-04-21 13:42:11,2026-04-21 16:00:00,put side,True,640,638,,,-208,644.53,646.38,0.625,-0.125,2026-04-21 13:42:00,2026-04-21 13:31:01
QQQ-IC-0DTE-HedgeD-Conditional,IC,QQQ,experiment,baseline,T00674,QQQ,shortcallspread,closed,26,0.11,0.05,156,4914,2026-04-21 11:01:03,2026-04-21 12:26:11,2026-04-21 16:00:00,call side,False,,,651,653,-286,646.21,646.07,0.63636364,-0.63636364,2026-04-21 12:26:00,2026-04-21 11:22:00
QQQ-IC-0DTE-HedgeA-S1,IC,QQQ,experiment,baseline,T00675,QQQ,shortcallspread,closed,26,0.11,0.05,156,4914,2026-04-21 11:01:03,2026-04-21 12:26:11,2026-04-21 16:00:00,call side,False,,,651,653,-286,646.21,646.07,0.63636364,-0.63636364,2026-04-21 12:26:00,2026-04-21 11:22:00
QQQ-IC-0DTE-HedgeTest,IC,QQQ,experiment,baseline,T00676,QQQ,shortcallspread,closed,26,0.11,0.05,156,4914,2026-04-21 11:01:03,2026-04-21 12:26:11,2026-04-21 16:00:00,call side,False,,,651,653,-286,646.21,646.07,0.63636364,-0.63636364,2026-04-21 12:26:00,2026-04-21 11:22:00
QQQ-IC-0DTE-HedgeTest,IC,QQQ,experiment,baseline,T00676,QQQ,shortputspread,closed,26,0.14,0.07,182,4836,2026-04-21 11:01:01,2026-04-21 11:20:11,2026-04-21 16:00:00,put side,False,641,639,,,-364,646.23,647.78,0.57142857,-0.64285714,2026-04-21 11:20:00,2026-04-21 11:04:00
QQQ-IC-0DTE-HedgeD-Conditional,IC,QQQ,experiment,baseline,T00674,QQQ,shortputspread,closed,26,0.14,0.07,182,4836,2026-04-21 11:01:01,2026-04-21 11:20:11,2026-04-21 16:00:00,put side,False,641,639,,,-364,646.23,647.78,0.57142857,-0.64285714,2026-04-21 11:20:00,2026-04-21 11:04:00
QQQ-IC-0DTE-HedgeA-S1,IC,QQQ,experiment,baseline,T00675,QQQ,shortputspread,closed,26,0.14,0.07,182,4836,2026-04-21 11:01:01,2026-04-21 11:20:11,2026-04-21 16:00:00,put side,False,641,639,,,-364,646.23,647.78,0.57142857,-0.64285714,2026-04-21 11:20:00,2026-04-21 11:04:00
QQQ-IC-0DTE-HedgeC-S3,IC,QQQ,experiment,baseline,T00677,QQQ,shortcallspread,closed,26,0.11,0.18,-182,4914,2026-04-21 11:01:03,2026-04-21 11:20:00,2026-04-21 16:00:00,call side,False,,,651,653,-286,646.21,647.66,0.27272727,-0.54545455,2026-04-21 11:06:00,2026-04-21 11:20:00
QQQ-IC-0DTE-HedgeB-S2,IC,QQQ,experiment,baseline,T00678,QQQ,shortputspread,closed,26,0.14,0.09,130,4836,2026-04-21 11:01:01,2026-04-21 11:19:00,2026-04-21 16:00:00,put side,False,641,639,,,-364,646.23,647.22,0.5,-0.64285714,2026-04-21 11:13:00,2026-04-21 11:04:00
QQQ-IC-0DTE-HedgeB-S2,IC,QQQ,experiment,baseline,T00678,QQQ,shortcallspread,closed,26,0.11,0.16,-130,4914,2026-04-21 11:01:03,2026-04-21 11:13:00,2026-04-21 16:00:00,call side,False,,,651,653,-286,646.21,647.31,0.27272727,-0.45454545,2026-04-21 11:06:00,2026-04-21 11:11:00
QQQ-IC-0DTE-HedgeC-S3,IC,QQQ,experiment,baseline,T00677,QQQ,shortputspread,closed,26,0.14,0.24,-260,4836,2026-04-21 11:01:01,2026-04-21 11:04:00,2026-04-21 16:00:00,put side,False,641,639,,,-364,646.23,645.15,-0.07142857,-0.64285714,2026-04-21 11:01:01,2026-04-21 11:04:00
IC-SPX-FastPT25-S2,IC,SPX,live-candidate,pre-fix,T00684,SPX,shortputspread,closed,10,0.35,0.4,-50,4650,2026-04-21 10:02:04,2026-04-21 10:05:03,2026-04-21 16:00:00,put side,True,7080,7075,,,-350,7133.26,7130.67,0.28571429,0,2026-04-21 10:02:04,2026-04-21 10:05:00
IC-SPX-FastPT25-S2,IC,SPX,live-candidate,pre-fix,T00683,SPX,shortcallspread,closed,10,0.2,0.3,-100,4800,2026-04-21 09:50:05,2026-04-21 10:02:03,2026-04-21 16:00:00,call side,True,,,7180,7185,-200,7126.96,7133.11,0,-0.5,2026-04-21 09:50:05,2026-04-21 09:54:00
IC-SPX-FastPT25-S2,IC,SPX,live-candidate,pre-fix,T00679,SPX,shortputspread,closed,10,0.3,0.2,100,4700,2026-04-21 09:49:04,2026-04-21 10:02:00,2026-04-21 16:00:00,put side,False,7075,7070,,,-300,7128.14,7134.03,0.33333333,-0.16666667,2026-04-21 10:02:00,2026-04-21 09:51:00
IC-SPX-FastPT25-S2,IC,SPX,live-candidate,pre-fix,T00679,SPX,shortcallspread,closed,10,0.2,0.15,50,4800,2026-04-21 09:49:05,2026-04-21 09:50:01,2026-04-21 16:00:00,call side,False,,,7180,7185,-200,7128.14,7126.15,0.25,-0.15,2026-04-21 09:50:00,2026-04-21 09:49:04
IC-SPX-FastPT25-S2,IC,SPX,live-candidate,pre-fix,T00680,SPX,shortcallspread,closed,10,0.25,0.45,-200,4750,2026-04-21 09:44:04,2026-04-21 09:49:02,2026-04-21 16:00:00,call side,False,,,7170,7175,-250,7118.14,7128.22,0.08,-0.52,2026-04-21 09:44:04,2026-04-21 09:49:00
IC-SPX-FastPT25-S2,IC,SPX,live-candidate,pre-fix,T00680,SPX,shortputspread,closed,10,0.3,0.2,100,4700,2026-04-21 09:44:03,2026-04-21 09:49:01,2026-04-21 16:00:00,put side,False,7065,7060,,,-300,7118.41,7128.82,0.33333333,-0.16666667,2026-04-21 09:49:00,2026-04-21 09:46:00
Nigiri-Paper-v1,OA-Mirror,,mirror-watch,baseline,T00685,SPY,shortputspread,closed,10,0.1,0.08,20,4900,2026-04-20 09:45:13,2026-04-21 09:45:13,2026-04-24 16:00:00,,True,677,672,,,-100,708.83,709.77,0.3,-0.5,2026-04-20 13:19:00,2026-04-20 11:02:00
IC-SPX-FastPT25-S2,IC,SPX,live-candidate,pre-fix,T00681,SPX,shortcallspread,closed,10,0.2,0.3,-100,4800,2026-04-21 09:37:04,2026-04-21 09:44:02,2026-04-21 16:00:00,call side,False,,,7170,7175,-200,7114.41,7118.41,0,-0.35,2026-04-21 09:37:04,2026-04-21 09:44:00
IC-SPX-FastPT25-S2,IC,SPX,live-candidate,pre-fix,T00681,SPX,shortputspread,closed,10,0.35,0.25,100,4650,2026-04-21 09:37:02,2026-04-21 09:44:00,2026-04-21 16:00:00,put side,False,7060,7055,,,-350,7114.27,7118.99,0.28571429,-0.08571429,2026-04-21 09:44:00,2026-04-21 09:38:00
IC-SPX-FastPT25-S2,IC,SPX,live-candidate,pre-fix,T00682,SPX,shortputspread,closed,10,0.5,0.65,-150,4500,2026-04-21 09:31:01,2026-04-21 09:37:02,2026-04-21 16:00:00,put side,False,7070,7065,,,-500,7121.29,7114.27,0.1,-0.1,2026-04-21 09:35:00,2026-04-21 09:32:00
IC-SPX-FastPT25-S2,IC,SPX,live-candidate,pre-fix,T00682,SPX,shortcallspread,closed,10,0.25,0.15,100,4750,2026-04-21 09:31:04,2026-04-21 09:37:00,2026-04-21 16:00:00,call side,False,,,7175,7180,-250,7120.1,7114.19,0.4,0,2026-04-21 09:37:00,2026-04-21 09:32:00
Opening Range Breakout 60m,OA-Mirror,,mirror-watch,baseline,T00686,SPX,shortcallspread,expired,1,2.8,0,280,1220,2026-04-20 10:45:02,2026-04-20 16:15:00,2026-04-20 16:00:00,test b,True,,,7125,7140,-280,7104.65,7109.14,1,-0.25714286,2026-04-20 15:26:00,2026-04-20 10:50:00
QQQ-IC-0DTE-Raw-HoldToExp,IC,QQQ,control,baseline,T00687,QQQ,shortcallspread,closed,1,0.08,0.01,7,192,2026-04-20 11:01:02,2026-04-20 15:50:00,2026-04-20 16:00:00,call side,False,,,649,651,-8,644.18,646.29,1,-0.5,2026-04-20 15:27:00,2026-04-20 11:26:00
QQQ-IC-0DTE-Raw-HoldToExp,IC,QQQ,control,baseline,T00687,QQQ,shortputspread,closed,1,0.11,0.02,9,189,2026-04-20 11:01:00,2026-04-20 15:50:00,2026-04-20 16:00:00,put side,False,639,637,,,-11,644.31,646.29,1,-1.18181818,2026-04-20 13:41:00,2026-04-20 11:08:00
QQQ-IC-0DTE-HedgeA-S1,IC,QQQ,experiment,baseline,T00688,QQQ,shortcallspread,closed,26,0.08,0.04,104,4992,2026-04-20 11:01:02,2026-04-20 13:07:11,2026-04-20 16:00:00,call side,False,,,649,651,-208,644.18,645.34,0.625,-0.5,2026-04-20 13:07:00,2026-04-20 11:26:00
QQQ-IC-0DTE-HedgeD-Conditional,IC,QQQ,experiment,baseline,T00689,QQQ,shortcallspread,closed,26,0.08,0.04,104,4992,2026-04-20 11:01:02,2026-04-20 13:07:11,2026-04-20 16:00:00,call side,False,,,649,651,-208,644.18,645.34,0.625,-0.5,2026-04-20 13:07:00,2026-04-20 11:26:00
QQQ-IC-0DTE-HedgeTest,IC,QQQ,experiment,baseline,T00690,QQQ,shortcallspread,closed,26,0.08,0.04,104,4992,2026-04-20 11:01:02,2026-04-20 13:07:11,2026-04-20 16:00:00,call side,False,,,649,651,-208,644.18,645.34,0.625,-0.5,2026-04-20 13:07:00,2026-04-20 11:26:00
QQQ-IC-0DTE-HedgeD-Conditional,IC,QQQ,experiment,baseline,T00689,QQQ,shortputspread,closed,26,0.11,0.04,182,4914,2026-04-20 11:01:00,2026-04-20 12:13:11,2026-04-20 16:00:00,put side,False,639,637,,,-286,644.31,645.24,0.72727273,-1.18181818,2026-04-20 12:13:00,2026-04-20 11:08:00
QQQ-IC-0DTE-HedgeTest,IC,QQQ,experiment,baseline,T00690,QQQ,shortputspread,closed,26,0.11,0.04,182,4914,2026-04-20 11:01:00,2026-04-20 12:13:11,2026-04-20 16:00:00,put side,False,639,637,,,-286,644.31,645.24,0.72727273,-1.18181818,2026-04-20 12:13:00,2026-04-20 11:08:00
QQQ-IC-0DTE-HedgeA-S1,IC,QQQ,experiment,baseline,T00688,QQQ,shortputspread,closed,26,0.11,0.04,182,4914,2026-04-20 11:01:00,2026-04-20 12:13:11,2026-04-20 16:00:00,put side,False,639,637,,,-286,644.31,645.24,0.72727273,-1.18181818,2026-04-20 12:13:00,2026-04-20 11:08:00
QQQ-IC-0DTE-HedgeB-S2,IC,QQQ,experiment,baseline,T00691,QQQ,shortputspread,closed,26,0.11,0.08,78,4914,2026-04-20 11:01:00,2026-04-20 11:31:00,2026-04-20 16:00:00,put side,False,639,637,,,-286,644.31,645.16,0.54545455,-1.18181818,2026-04-20 11:28:00,2026-04-20 11:08:00
QQQ-IC-0DTE-HedgeB-S2,IC,QQQ,experiment,baseline,T00691,QQQ,shortcallspread,closed,26,0.08,0.13,-130,4992,2026-04-20 11:01:02,2026-04-20 11:28:00,2026-04-20 16:00:00,call side,False,,,649,651,-208,644.18,645.21,0.5,-0.5,2026-04-20 11:05:00,2026-04-20 11:26:00
QQQ-IC-0DTE-HedgeC-S3,IC,QQQ,experiment,baseline,T00692,QQQ,shortcallspread,closed,26,0.08,0.13,-130,4992,2026-04-20 11:01:02,2026-04-20 11:26:00,2026-04-20 16:00:00,call side,False,,,649,651,-208,644.18,645.1,0.5,-0.5,2026-04-20 11:05:00,2026-04-20 11:26:00
QQQ-IC-0DTE-HedgeC-S3,IC,QQQ,experiment,baseline,T00692,QQQ,shortputspread,closed,26,0.11,0.19,-208,4914,2026-04-20 11:01:00,2026-04-20 11:05:00,2026-04-20 16:00:00,put side,False,639,637,,,-286,644.31,643.43,-0.18181818,-0.63636364,2026-04-20 11:01:00,2026-04-20 11:05:00
IC-SPX-FastPT25-S2,IC,SPX,live-candidate,pre-fix,T00698,SPX,shortputspread,closed,10,0.3,0.35,-50,4700,2026-04-20 10:12:02,2026-04-20 10:18:02,2026-04-20 16:00:00,put side,True,7060,7055,,,-300,7112.67,7112.65,0.26666667,0,2026-04-20 10:15:00,2026-04-20 10:12:02
IC-SPX-FastPT25-S2,IC,SPX,live-candidate,pre-fix,T00693,SPX,shortputspread,closed,10,0.3,0.55,-250,4700,2026-04-20 09:58:02,2026-04-20 10:12:01,2026-04-20 16:00:00,put side,False,7070,7065,,,-300,7122.03,7112.58,0,-0.56666667,2026-04-20 09:58:02,2026-04-20 10:12:00
IC-SPX-FastPT25-S2,IC,SPX,live-candidate,pre-fix,T00697,SPX,shortcallspread,closed,10,0.15,0.1,50,4850,2026-04-20 09:59:03,2026-04-20 10:12:00,2026-04-20 16:00:00,call side,True,,,7175,7180,-150,7120.81,7112.69,0.33333333,-0.2,2026-04-20 10:12:00,2026-04-20 10:01:00
IC-SPX-FastPT25-S2,IC,SPX,live-candidate,pre-fix,T00693,SPX,shortcallspread,closed,10,0.2,0.15,50,4800,2026-04-20 09:58:03,2026-04-20 09:59:00,2026-04-20 16:00:00,call side,False,,,7175,7180,-200,7121.76,7120.9,0.25,0,2026-04-20 09:59:00,2026-04-20 09:58:03
IC-SPX-FastPT25-S2,IC,SPX,live-candidate,pre-fix,T00694,SPX,shortcallspread,closed,10,0.2,0.3,-100,4800,2026-04-20 09:55:03,2026-04-20 09:58:02,2026-04-20 16:00:00,call side,False,,,7170,7175,-200,7117.21,7122.03,0,-0.4,2026-04-20 09:55:03,2026-04-20 09:57:00
IC-SPX-FastPT25-S2,IC,SPX,live-candidate,pre-fix,T00694,SPX,shortputspread,closed,10,0.35,0.25,100,4650,2026-04-20 09:55:02,2026-04-20 09:58:00,2026-04-20 16:00:00,put side,False,7065,7060,,,-350,7117.37,7122.15,0.28571429,0,2026-04-20 09:58:00,2026-04-20 09:55:02
IC-SPX-FastPT25-S2,IC,SPX,live-candidate,pre-fix,T00695,SPX,shortcallspread,closed,10,0.25,0.35,-100,4750,2026-04-20 09:47:03,2026-04-20 09:55:02,2026-04-20 16:00:00,call side,False,,,7165,7170,-250,7111.08,7117.37,0.12,-0.2,2026-04-20 09:51:00,2026-04-20 09:52:00
IC-SPX-FastPT25-S2,IC,SPX,live-candidate,pre-fix,T00695,SPX,shortputspread,closed,10,0.4,0.3,100,4600,2026-04-20 09:47:02,2026-04-20 09:55:00,2026-04-20 16:00:00,put side,False,7060,7055,,,-400,7111.37,7117.71,0.325,-0.125,2026-04-20 09:55:00,2026-04-20 09:47:02
IC-SPX-FastPT25-S2,IC,SPX,live-candidate,pre-fix,T00696,SPX,shortputspread,closed,10,0.45,0.5,-50,4550,2026-04-20 09:31:02,2026-04-20 09:47:01,2026-04-20 16:00:00,put side,False,7060,7055,,,-450,7111.75,7111.74,0.22222222,-0.11111111,2026-04-20 09:37:00,2026-04-20 09:40:00
IC-SPX-FastPT25-S2,IC,SPX,live-candidate,pre-fix,T00696,SPX,shortcallspread,closed,10,0.35,0.25,100,4650,2026-04-20 09:31:03,2026-04-20 09:47:00,2026-04-20 16:00:00,call side,False,,,7165,7170,-350,7110.87,7111.88,0.28571429,0,2026-04-20 09:47:00,2026-04-20 09:32:00
QQQ-IC-0DTE-Raw-HoldToExp,IC,QQQ,control,baseline,T00699,QQQ,shortputspread,closed,1,0.14,0.02,12,186,2026-04-17 11:01:00,2026-04-17 15:50:00,2026-04-17 16:00:00,put side,False,644,642,,,-14,648.68,648.28,1,-0.14285714,2026-04-17 15:44:00,2026-04-17 11:04:00
QQQ-IC-0DTE-Raw-HoldToExp,IC,QQQ,control,baseline,T00699,QQQ,shortcallspread,closed,1,0.07,0.01,6,193,2026-04-17 11:01:02,2026-04-17 15:50:00,2026-04-17 16:00:00,call side,False,,,654,656,-7,648.72,648.28,1,-0.57142857,2026-04-17 13:26:00,2026-04-17 11:03:00
QQQ-IC-0DTE-HedgeTest,IC,QQQ,experiment,baseline,T00700,QQQ,shortcallspread,closed,25,0.07,0.03,100,4825,2026-04-17 11:01:02,2026-04-17 12:18:11,2026-04-17 16:00:00,call side,False,,,654,656,-175,648.72,648.66,0.71428571,-0.57142857,2026-04-17 12:18:00,2026-04-17 11:03:00
QQQ-IC-0DTE-HedgeD-Conditional,IC,QQQ,experiment,baseline,T00701,QQQ,shortcallspread,closed,25,0.07,0.03,100,4825,2026-04-17 11:01:02,2026-04-17 12:18:11,2026-04-17 16:00:00,call side,False,,,654,656,-175,648.72,648.66,0.71428571,-0.57142857,2026-04-17 12:18:00,2026-04-17 11:03:00
QQQ-IC-0DTE-HedgeA-S1,IC,QQQ,experiment,baseline,T00702,QQQ,shortcallspread,closed,25,0.07,0.03,100,4825,2026-04-17 11:01:02,2026-04-17 12:18:11,2026-04-17 16:00:00,call side,False,,,654,656,-175,648.72,648.66,0.71428571,-0.57142857,2026-04-17 12:18:00,2026-04-17 11:03:00
QQQ-IC-0DTE-HedgeC-S3,IC,QQQ,experiment,baseline,T00703,QQQ,shortputspread,closed,26,0.14,0.07,182,4836,2026-04-17 11:01:00,2026-04-17 12:09:11,2026-04-17 16:00:00,put side,False,644,642,,,-364,648.68,649.24,0.57142857,-0.14285714,2026-04-17 12:09:00,2026-04-17 11:04:00
QQQ-IC-0DTE-HedgeD-Conditional,IC,QQQ,experiment,baseline,T00701,QQQ,shortputspread,closed,26,0.14,0.07,182,4836,2026-04-17 11:01:00,2026-04-17 12:09:11,2026-04-17 16:00:00,put side,False,644,642,,,-364,648.68,649.24,0.57142857,-0.14285714,2026-04-17 12:09:00,2026-04-17 11:04:00
QQQ-IC-0DTE-HedgeTest,IC,QQQ,experiment,baseline,T00700,QQQ,shortputspread,closed,26,0.14,0.07,182,4836,2026-04-17 11:01:00,2026-04-17 12:09:11,2026-04-17 16:00:00,put side,False,644,642,,,-364,648.68,649.24,0.57142857,-0.14285714,2026-04-17 12:09:00,2026-04-17 11:04:00
QQQ-IC-0DTE-HedgeA-S1,IC,QQQ,experiment,baseline,T00702,QQQ,shortputspread,closed,26,0.14,0.07,182,4836,2026-04-17 11:01:00,2026-04-17 12:09:11,2026-04-17 16:00:00,put side,False,644,642,,,-364,648.68,649.24,0.57142857,-0.14285714,2026-04-17 12:09:00,2026-04-17 11:04:00
QQQ-IC-0DTE-HedgeB-S2,IC,QQQ,experiment,baseline,T00704,QQQ,shortputspread,closed,26,0.14,0.11,78,4836,2026-04-17 11:01:00,2026-04-17 11:38:00,2026-04-17 16:00:00,put side,False,644,642,,,-364,648.68,649.37,0.5,-0.14285714,2026-04-17 11:35:00,2026-04-17 11:04:00
QQQ-IC-0DTE-HedgeB-S2,IC,QQQ,experiment,baseline,T00704,QQQ,shortcallspread,closed,25,0.07,0.11,-100,4825,2026-04-17 11:01:02,2026-04-17 11:35:00,2026-04-17 16:00:00,call side,False,,,654,656,-175,648.72,649.8,0.14285714,-0.57142857,2026-04-17 11:20:00,2026-04-17 11:03:00
QQQ-IC-0DTE-HedgeC-S3,IC,QQQ,experiment,baseline,T00703,QQQ,shortcallspread,closed,25,0.07,0.12,-125,4825,2026-04-17 11:01:02,2026-04-17 11:03:00,2026-04-17 16:00:00,call side,False,,,654,656,-175,648.72,649.13,-0.14285714,-0.57142857,2026-04-17 11:01:02,2026-04-17 11:03:00
IC-SPX-FastPT25-S2,IC,SPX,live-candidate,pre-fix,T00707,SPX,shortputspread,closed,10,0.45,0.25,200,4550,2026-04-17 09:48:03,2026-04-17 09:52:00,2026-04-17 16:00:00,put side,False,7035,7030,,,-450,7086.77,7100.92,0.44444444,0.11111111,2026-04-17 09:52:00,2026-04-17 09:48:02
IC-SPX-FastPT25-S2,IC,SPX,live-candidate,pre-fix,T00707,SPX,shortcallspread,closed,10,0.25,0.35,-100,4750,2026-04-17 09:47:04,2026-04-17 09:50:02,2026-04-17 16:00:00,call side,False,,,7145,7150,-250,7089.69,7095.42,0,-0.28,2026-04-17 09:47:03,2026-04-17 09:50:00
IC-SPX-FastPT25-S2,IC,SPX,live-candidate,pre-fix,T00706,SPX,shortputspread,closed,10,0.4,0.5,-100,4600,2026-04-17 09:41:00,2026-04-17 09:47:02,2026-04-17 16:00:00,put side,False,7040,7035,,,-400,7092.71,7089.76,0.075,-0.05,2026-04-17 09:45:00,2026-04-17 09:42:00
IC-SPX-FastPT25-S2,IC,SPX,live-candidate,pre-fix,T00706,SPX,shortcallspread,closed,10,0.35,0.25,100,4650,2026-04-17 09:41:02,2026-04-17 09:47:01,2026-04-17 16:00:00,call side,False,,,7145,7150,-350,7092.98,7089.82,0.34285714,0,2026-04-17 09:47:00,2026-04-17 09:45:00
IC-SPX-FastPT25-S2,IC,SPX,live-candidate,pre-fix,T00705,SPX,shortcallspread,closed,10,0.3,0.65,-350,4700,2026-04-17 09:31:02,2026-04-17 09:38:02,2026-04-17 16:00:00,call side,False,,,7140,7145,-300,7085.56,7098.97,0,-0.83333333,2026-04-17 09:31:02,2026-04-17 09:38:00
IC-SPX-FastPT25-S2,IC,SPX,live-candidate,pre-fix,T00705,SPX,shortputspread,closed,10,0.35,0.25,100,4650,2026-04-17 09:31:01,2026-04-17 09:38:00,2026-04-17 16:00:00,put side,False,7030,7025,,,-350,7085.03,7099.23,0.28571429,-0.05714286,2026-04-17 09:38:00,2026-04-17 09:31:01
QQQ-IC-0DTE-Raw-HoldToExp,IC,QQQ,control,baseline,T00708,QQQ,shortcallspread,closed,1,0.12,0.03,9,188,2026-04-16 11:01:02,2026-04-16 15:50:00,2026-04-16 16:00:00,call side,False,,,643,645,-12,638.67,640.24,0.91666667,-3.16666667,2026-04-16 14:28:00,2026-04-16 12:19:00
QQQ-IC-0DTE-Range075-PT50-Wide2-1230PM,IC,QQQ,experiment,baseline,T00709,QQQ,shortcallspread,closed,1,0.08,0.03,5,192,2026-04-16 13:16:02,2026-04-16 15:50:00,2026-04-16 16:00:00,call side,True,,,643,645,-8,639.19,640.24,0.875,-1.625,2026-04-16 14:28:00,2026-04-16 13:44:00
QQQ-IC-0DTE-Fortress-NoPT50,IC,QQQ,experiment,baseline,T00711,QQQ,shortputspread,closed,26,0.08,0.02,156,4992,2026-04-16 13:32:00,2026-04-16 15:50:00,2026-04-16 16:00:00,put side,True,636,634,,,-208,640.42,640.24,0.875,-2.875,2026-04-16 15:41:00,2026-04-16 14:28:00
QQQ-IC-0DTE-Raw-HoldToExp,IC,QQQ,control,baseline,T00708,QQQ,shortputspread,closed,1,0.13,0.01,12,187,2026-04-16 11:01:00,2026-04-16 15:50:00,2026-04-16 16:00:00,put side,False,634,632,,,-13,638.64,640.24,1,-0.15384615,2026-04-16 15:37:00,2026-04-16 11:02:00
QQQ-IC-0DTE-Range075-PT50-Wide2-1230PM,IC,QQQ,experiment,baseline,T00710,QQQ,shortputspread,closed,1,0.07,0.03,4,193,2026-04-16 12:31:00,2026-04-16 15:35:11,2026-04-16 16:00:00,put side,True,636,634,,,-7,640.99,639.58,0.71428571,-3.42857143,2026-04-16 15:35:00,2026-04-16 14:28:00
QQQ-IC-0DTE-Fortress,IC,QQQ,experiment,baseline,T00712,QQQ,shortputspread,closed,26,0.08,0.04,104,4992,2026-04-16 13:32:00,2026-04-16 15:04:11,2026-04-16 16:00:00,put side,True,636,634,,,-208,640.42,639.71,0.625,-2.875,2026-04-16 15:04:00,2026-04-16 14:28:00
QQQ-IC-0DTE-Baseline,IC,QQQ,control,baseline,T00713,QQQ,ironcondor,closed,54,0.17,0.08,486,9882,2026-04-16 13:30:34,2026-04-16 14:41:32,2026-04-16 16:00:00,,False,635,634,643,645,-918,640.15,639.15,0.64705882,-0.35294118,2026-04-16 14:41:00,2026-04-16 13:32:00
QQQ-IC-0DTE-HedgeTest,IC,QQQ,experiment,baseline,T00714,QQQ,shortcallspread,closed,26,0.12,0.04,208,4888,2026-04-16 11:01:02,2026-04-16 14:10:11,2026-04-16 16:00:00,call side,False,,,643,645,-312,638.67,638.62,0.75,-3.16666667,2026-04-16 14:10:00,2026-04-16 12:19:00
QQQ-IC-0DTE-HedgeD-Conditional,IC,QQQ,experiment,baseline,T00715,QQQ,shortcallspread,closed,26,0.12,0.04,208,4888,2026-04-16 11:01:02,2026-04-16 14:10:11,2026-04-16 16:00:00,call side,False,,,643,645,-312,638.67,638.62,0.75,-3.16666667,2026-04-16 14:10:00,2026-04-16 12:19:00
QQQ-IC-0DTE-HedgeA-S1,IC,QQQ,experiment,baseline,T00716,QQQ,shortcallspread,closed,26,0.12,0.04,208,4888,2026-04-16 11:01:02,2026-04-16 14:10:11,2026-04-16 16:00:00,call side,False,,,643,645,-312,638.67,638.62,0.75,-3.16666667,2026-04-16 14:10:00,2026-04-16 12:19:00
QQQ-IC-0DTE-Fortress-S2,IC,QQQ,experiment,baseline,T00717,QQQ,shortputspread,closed,26,0.08,0.08,0,4992,2026-04-16 13:32:00,2026-04-16 13:41:02,2026-04-16 16:00:00,put side,True,636,634,,,-208,640.42,640.53,0.125,-0.375,2026-04-16 13:41:00,2026-04-16 13:37:00
QQQ-IC-0DTE-HedgeD-Conditional,IC,QQQ,experiment,baseline,T00715,QQQ,shortputspread,closed,26,0.13,0.06,182,4862,2026-04-16 11:01:00,2026-04-16 11:38:11,2026-04-16 16:00:00,put side,False,634,632,,,-338,638.64,641.12,0.61538462,-0.15384615,2026-04-16 11:38:00,2026-04-16 11:02:00
QQQ-IC-0DTE-HedgeTest,IC,QQQ,experiment,baseline,T00714,QQQ,shortputspread,closed,26,0.13,0.06,182,4862,2026-04-16 11:01:00,2026-04-16 11:38:11,2026-04-16 16:00:00,put side,False,634,632,,,-338,638.64,641.12,0.61538462,-0.15384615,2026-04-16 11:38:00,2026-04-16 11:02:00
QQQ-IC-0DTE-HedgeC-S3,IC,QQQ,experiment,baseline,T00718,QQQ,shortputspread,closed,26,0.13,0.06,182,4862,2026-04-16 11:01:00,2026-04-16 11:38:11,2026-04-16 16:00:00,put side,False,634,632,,,-338,638.64,641.12,0.61538462,-0.15384615,2026-04-16 11:38:00,2026-04-16 11:02:00
QQQ-IC-0DTE-HedgeA-S1,IC,QQQ,experiment,baseline,T00716,QQQ,shortputspread,closed,26,0.13,0.06,182,4862,2026-04-16 11:01:00,2026-04-16 11:38:11,2026-04-16 16:00:00,put side,False,634,632,,,-338,638.64,641.12,0.61538462,-0.15384615,2026-04-16 11:38:00,2026-04-16 11:02:00
QQQ-IC-0DTE-HedgeB-S2,IC,QQQ,experiment,baseline,T00719,QQQ,shortputspread,closed,26,0.13,0.09,104,4862,2026-04-16 11:01:00,2026-04-16 11:32:00,2026-04-16 16:00:00,put side,False,634,632,,,-338,638.64,640.04,0.53846154,-0.15384615,2026-04-16 11:29:00,2026-04-16 11:02:00
QQQ-IC-0DTE-HedgeB-S2,IC,QQQ,experiment,baseline,T00719,QQQ,shortcallspread,closed,26,0.12,0.29,-442,4888,2026-04-16 11:01:02,2026-04-16 11:29:00,2026-04-16 16:00:00,call side,False,,,643,645,-312,638.67,640.55,0.08333333,-1.5,2026-04-16 11:02:00,2026-04-16 11:27:00
QQQ-IC-0DTE-HedgeC-S3,IC,QQQ,experiment,baseline,T00718,QQQ,shortcallspread,closed,26,0.12,0.19,-182,4888,2026-04-16 11:01:02,2026-04-16 11:09:00,2026-04-16 16:00:00,call side,False,,,643,645,-312,638.67,639.6,0.08333333,-0.5,2026-04-16 11:02:00,2026-04-16 11:09:00
IC-SPX-FastPT25-S2,IC,SPX,live-candidate,pre-fix,T00720,SPX,shortputspread,closed,10,0.35,0.4,-50,4650,2026-04-16 10:13:03,2026-04-16 10:15:06,2026-04-16 16:00:00,put side,False,6970,6965,,,-350,7023.85,7021.32,0.05714286,0,2026-04-16 10:13:03,2026-04-16 10:14:00
IC-SPX-FastPT25-S2,IC,SPX,live-candidate,pre-fix,T00720,SPX,shortcallspread,closed,10,0.2,0.15,50,4800,2026-04-16 10:13:03,2026-04-16 10:14:00,2026-04-16 16:00:00,call side,False,,,7075,7080,-200,7023.77,7022.76,0.25,0.1,2026-04-16 10:14:00,2026-04-16 10:13:03
IC-SPX-FastPT25-S2,IC,SPX,live-candidate,pre-fix,T00724,SPX,shortcallspread,closed,10,0.3,0.5,-200,4700,2026-04-16 09:55:05,2026-04-16 10:13:02,2026-04-16 16:00:00,call side,True,,,7060,7065,-300,7009.74,7023.85,0,-0.66666667,2026-04-16 09:55:04,2026-04-16 10:00:00
IC-SPX-FastPT25-S2,IC,SPX,live-candidate,pre-fix,T00723,SPX,shortputspread,closed,10,0.35,0.25,100,4650,2026-04-16 09:53:02,2026-04-16 10:13:00,2026-04-16 16:00:00,put side,False,6965,6960,,,-350,7018.96,7023.6,0.28571429,-0.42857143,2026-04-16 10:13:00,2026-04-16 09:54:00
IC-SPX-FastPT25-S2,IC,SPX,live-candidate,pre-fix,T00725,SPX,shortcallspread,closed,10,0.35,0.25,100,4650,2026-04-16 09:54:03,2026-04-16 09:55:01,2026-04-16 16:00:00,call side,True,,,7065,7070,-350,7014.2,7010.05,0.28571429,0,2026-04-16 09:55:00,2026-04-16 09:54:03
IC-SPX-FastPT25-S2,IC,SPX,live-candidate,pre-fix,T00723,SPX,shortcallspread,closed,10,0.25,0.15,100,4750,2026-04-16 09:52:03,2026-04-16 09:54:00,2026-04-16 16:00:00,call side,False,,,7075,7080,-250,7023.22,7014.18,0.4,0.12,2026-04-16 09:54:00,2026-04-16 09:52:03
IC-SPX-FastPT25-S2,IC,SPX,live-candidate,pre-fix,T00722,SPX,shortputspread,closed,10,0.35,0.55,-200,4650,2026-04-16 09:43:02,2026-04-16 09:52:02,2026-04-16 16:00:00,put side,False,6975,6970,,,-350,7027.46,7023.02,0.22857143,-0.2,2026-04-16 09:46:00,2026-04-16 09:52:00
IC-SPX-FastPT25-S2,IC,SPX,live-candidate,pre-fix,T00722,SPX,shortcallspread,closed,10,0.2,0.15,50,4800,2026-04-16 09:42:04,2026-04-16 09:52:00,2026-04-16 16:00:00,call side,False,,,7080,7085,-200,7027.04,7023.13,0.25,-0.25,2026-04-16 09:52:00,2026-04-16 09:45:00
IC-SPX-FastPT25-S2,IC,SPX,live-candidate,pre-fix,T00721,SPX,shortputspread,closed,10,0.35,0.55,-200,4650,2026-04-16 09:31:02,2026-04-16 09:42:02,2026-04-16 16:00:00,put side,False,6980,6975,,,-350,7032.5,7026.61,0.2,-0.34285714,2026-04-16 09:33:00,2026-04-16 09:42:00
IC-SPX-FastPT25-S2,IC,SPX,live-candidate,pre-fix,T00721,SPX,shortcallspread,closed,10,0.2,0.15,50,4800,2026-04-16 09:31:03,2026-04-16 09:42:01,2026-04-16 16:00:00,call side,False,,,7085,7090,-200,7032.7,7026.29,0.25,-0.25,2026-04-16 09:42:00,2026-04-16 09:31:03
QQQ-IC-0DTE-Raw-HoldToExp,IC,QQQ,control,baseline,T00726,QQQ,shortputspread,closed,1,0.1,0.01,9,190,2026-04-15 11:01:01,2026-04-15 15:50:00,2026-04-15 16:00:00,put side,False,628,626,,,-10,632.35,636.67,1,-0.7,2026-04-15 14:34:00,2026-04-15 12:57:00
QQQ-IC-0DTE-Raw-HoldToExp,IC,QQQ,control,baseline,T00726,QQQ,shortcallspread,closed,1,0.07,0.29,-22,193,2026-04-15 11:02:03,2026-04-15 15:50:00,2026-04-15 16:00:00,call side,False,,,637,639,-7,632.66,636.67,0.85714286,-6.14285714,2026-04-15 13:43:00,2026-04-15 15:36:00
QQQ-IC-0DTE-Range075-PT50-Wide2-1230PM,IC,QQQ,experiment,baseline,T00727,QQQ,shortputspread,closed,1,0.07,0.03,4,193,2026-04-15 12:35:00,2026-04-15 14:13:11,2026-04-15 16:00:00,put side,True,629,627,,,-7,633.27,634.35,0.71428571,-2.28571429,2026-04-15 14:13:00,2026-04-15 12:56:00
QQQ-IC-0DTE-HedgeTest,IC,QQQ,experiment,baseline,T00728,QQQ,shortcallspread,closed,25,0.07,0.03,100,4825,2026-04-15 11:02:04,2026-04-15 12:42:11,2026-04-15 16:00:00,call side,False,,,637,639,-175,632.66,632.18,0.71428571,-1,2026-04-15 12:42:00,2026-04-15 12:24:00
QQQ-IC-0DTE-HedgeA-S1,IC,QQQ,experiment,baseline,T00729,QQQ,shortcallspread,closed,25,0.07,0.03,100,4825,2026-04-15 11:02:05,2026-04-15 12:42:11,2026-04-15 16:00:00,call side,False,,,637,639,-175,632.64,632.18,0.71428571,-1,2026-04-15 12:42:00,2026-04-15 12:24:00
QQQ-IC-0DTE-HedgeD-Conditional,IC,QQQ,experiment,baseline,T00730,QQQ,shortcallspread,closed,25,0.07,0.03,100,4825,2026-04-15 11:02:05,2026-04-15 12:42:11,2026-04-15 16:00:00,call side,False,,,637,639,-175,632.64,632.18,0.71428571,-1,2026-04-15 12:42:00,2026-04-15 12:24:00
QQQ-IC-0DTE-HedgeC-S3,IC,QQQ,experiment,baseline,T00731,QQQ,shortcallspread,closed,25,0.07,0.12,-125,4825,2026-04-15 11:02:03,2026-04-15 12:19:00,2026-04-15 16:00:00,call side,False,,,637,639,-175,632.66,634.23,0.28571429,-0.57142857,2026-04-15 11:08:00,2026-04-15 12:19:00
QQQ-IC-0DTE-HedgeD-Conditional,IC,QQQ,experiment,baseline,T00730,QQQ,shortputspread,closed,26,0.1,0.05,130,4940,2026-04-15 11:01:01,2026-04-15 12:10:11,2026-04-15 16:00:00,put side,False,628,626,,,-260,632.35,633.69,0.6,-0.2,2026-04-15 12:10:00,2026-04-15 11:08:00
QQQ-IC-0DTE-HedgeA-S1,IC,QQQ,experiment,baseline,T00729,QQQ,shortputspread,closed,26,0.1,0.05,130,4940,2026-04-15 11:01:01,2026-04-15 12:10:11,2026-04-15 16:00:00,put side,False,628,626,,,-260,632.35,633.69,0.6,-0.2,2026-04-15 12:10:00,2026-04-15 11:08:00
QQQ-IC-0DTE-HedgeTest,IC,QQQ,experiment,baseline,T00728,QQQ,shortputspread,closed,26,0.1,0.05,130,4940,2026-04-15 11:01:01,2026-04-15 12:10:11,2026-04-15 16:00:00,put side,False,628,626,,,-260,632.35,633.69,0.6,-0.2,2026-04-15 12:10:00,2026-04-15 11:08:00
QQQ-IC-0DTE-HedgeC-S3,IC,QQQ,experiment,baseline,T00731,QQQ,shortputspread,closed,26,0.1,0.05,130,4940,2026-04-15 11:01:01,2026-04-15 12:10:11,2026-04-15 16:00:00,put side,False,628,626,,,-260,632.35,633.69,0.6,-0.2,2026-04-15 12:10:00,2026-04-15 11:08:00
QQQ-IC-0DTE-HedgeB-S2,IC,QQQ,experiment,baseline,T00732,QQQ,shortputspread,closed,26,0.1,0.07,78,4940,2026-04-15 11:01:01,2026-04-15 11:53:00,2026-04-15 16:00:00,put side,False,628,626,,,-260,632.35,633.67,0.5,-0.2,2026-04-15 11:44:00,2026-04-15 11:08:00
QQQ-IC-0DTE-HedgeB-S2,IC,QQQ,experiment,baseline,T00732,QQQ,shortcallspread,closed,25,0.07,0.08,-25,4825,2026-04-15 11:02:05,2026-04-15 11:44:00,2026-04-15 16:00:00,call side,False,,,637,639,-175,632.64,633.54,0.28571429,-0.28571429,2026-04-15 11:08:00,2026-04-15 11:15:00
IC-SPX-FastPT25-S2,IC,SPX,live-candidate,pre-fix,T00736,SPX,shortcallspread,closed,10,0.1,0.25,-150,4900,2026-04-15 10:01:03,2026-04-15 10:15:06,2026-04-15 16:00:00,call side,False,,,7030,7035,-100,6976.11,6983.32,0,-0.8,2026-04-15 10:01:03,2026-04-15 10:15:00
IC-SPX-FastPT25-S2,IC,SPX,live-candidate,pre-fix,T00736,SPX,shortputspread,closed,10,0.25,0.15,100,4750,2026-04-15 10:00:07,2026-04-15 10:15:01,2026-04-15 16:00:00,put side,False,6930,6925,,,-250,6981.41,6983.21,0.4,-0.2,2026-04-15 10:15:00,2026-04-15 10:01:00
IC-SPX-FastPT25-S2,IC,SPX,live-candidate,pre-fix,T00737,SPX,shortcallspread,closed,10,0.2,0.15,50,4800,2026-04-15 09:59:04,2026-04-15 10:01:00,2026-04-15 16:00:00,call side,True,,,7030,7035,-200,6979.07,6975.5,0.25,0.1,2026-04-15 10:01:00,2026-04-15 09:59:03
IC-SPX-FastPT25-S2,IC,SPX,live-candidate,pre-fix,T00733,SPX,shortputspread,closed,10,0.25,0.15,100,4750,2026-04-15 09:58:03,2026-04-15 10:00:01,2026-04-15 16:00:00,put side,False,6925,6920,,,-250,6978.01,6980.77,0.4,0,2026-04-15 10:00:00,2026-04-15 09:58:02
IC-SPX-FastPT25-S2,IC,SPX,live-candidate,pre-fix,T00733,SPX,shortcallspread,closed,10,0.2,0.15,50,4800,2026-04-15 09:58:04,2026-04-15 09:59:00,2026-04-15 16:00:00,call side,False,,,7030,7035,-200,6977.91,6979.16,0.25,0.15,2026-04-15 09:59:00,2026-04-15 09:58:03
IC-SPX-FastPT25-S2,IC,SPX,live-candidate,pre-fix,T00734,SPX,shortcallspread,closed,10,0.2,0.25,-50,4800,2026-04-15 09:47:04,2026-04-15 09:58:02,2026-04-15 16:00:00,call side,False,,,7025,7030,-200,6970.55,6978.01,0.1,-0.35,2026-04-15 09:55:00,2026-04-15 09:48:00
IC-SPX-FastPT25-S2,IC,SPX,live-candidate,pre-fix,T00738,SPX,shortputspread,closed,10,0.35,0.25,100,4650,2026-04-15 09:48:03,2026-04-15 09:58:01,2026-04-15 16:00:00,put side,True,6925,6920,,,-350,6976.23,6978.27,0.37142857,0,2026-04-15 09:58:00,2026-04-15 09:49:00
IC-SPX-FastPT25-S2,IC,SPX,live-candidate,pre-fix,T00734,SPX,shortputspread,closed,10,0.35,0.25,100,4650,2026-04-15 09:47:03,2026-04-15 09:48:00,2026-04-15 16:00:00,put side,False,6920,6915,,,-350,6970.55,6975.86,0.28571429,0,2026-04-15 09:48:00,2026-04-15 09:47:03
IC-SPX-FastPT25-S2,IC,SPX,live-candidate,pre-fix,T00735,SPX,shortputspread,closed,10,0.25,0.45,-200,4750,2026-04-15 09:31:01,2026-04-15 09:47:02,2026-04-15 16:00:00,put side,False,6925,6920,,,-250,6978.88,6970.41,0.2,-2.48,2026-04-15 09:37:00,2026-04-15 09:45:00
IC-SPX-FastPT25-S2,IC,SPX,live-candidate,pre-fix,T00735,SPX,shortcallspread,closed,10,0.2,0.15,50,4800,2026-04-15 09:31:03,2026-04-15 09:47:00,2026-04-15 16:00:00,call side,False,,,7030,7035,-200,6978.71,6970.38,0.25,-0.75,2026-04-15 09:47:00,2026-04-15 09:40:00
QQQ-IC-0DTE-Raw-HoldToExp,IC,QQQ,control,baseline,T00739,QQQ,shortputspread,closed,1,0.07,0.01,6,193,2026-04-14 11:01:00,2026-04-14 15:50:01,2026-04-14 16:00:00,put side,True,619,617,,,-7,623.62,627.85,1,-0.42857143,2026-04-14 13:21:00,2026-04-14 11:10:00
QQQ-IC-0DTE-HedgeA-S1,IC,QQQ,experiment,baseline,T00740,QQQ,shortputspread,closed,25,0.07,0.03,100,4825,2026-04-14 11:01:00,2026-04-14 11:46:11,2026-04-14 16:00:00,put side,True,619,617,,,-175,623.62,625.47,0.71428571,-0.42857143,2026-04-14 11:46:00,2026-04-14 11:10:00
QQQ-IC-0DTE-HedgeC-S3,IC,QQQ,experiment,baseline,T00741,QQQ,shortputspread,closed,25,0.07,0.03,100,4825,2026-04-14 11:01:00,2026-04-14 11:46:11,2026-04-14 16:00:00,put side,True,619,617,,,-175,623.62,625.47,0.71428571,-0.42857143,2026-04-14 11:46:00,2026-04-14 11:10:00
QQQ-IC-0DTE-HedgeD-Conditional,IC,QQQ,experiment,baseline,T00742,QQQ,shortputspread,closed,25,0.07,0.03,100,4825,2026-04-14 11:01:00,2026-04-14 11:46:11,2026-04-14 16:00:00,put side,True,619,617,,,-175,623.62,625.47,0.71428571,-0.42857143,2026-04-14 11:46:00,2026-04-14 11:10:00
QQQ-IC-0DTE-HedgeTest,IC,QQQ,experiment,baseline,T00743,QQQ,shortputspread,closed,25,0.07,0.03,100,4825,2026-04-14 11:01:00,2026-04-14 11:46:11,2026-04-14 16:00:00,put side,True,619,617,,,-175,623.62,625.47,0.71428571,-0.42857143,2026-04-14 11:46:00,2026-04-14 11:10:00
QQQ-IC-0DTE-HedgeB-S2,IC,QQQ,experiment,baseline,T00744,QQQ,shortputspread,closed,25,0.07,0.1,-75,4825,2026-04-14 11:01:00,2026-04-14 11:11:00,2026-04-14 16:00:00,put side,True,619,617,,,-175,623.62,623.15,0,-0.42857143,2026-04-14 11:02:00,2026-04-14 11:10:00
IC-SPX-FastPT25-S2,IC,SPX,live-candidate,pre-fix,T00748,SPX,shortputspread,closed,10,0.25,0.15,100,4750,2026-04-14 09:57:02,2026-04-14 10:11:00,2026-04-14 16:00:00,put side,False,6870,6865,,,-250,6921.52,6927.93,0.4,0,2026-04-14 10:11:00,2026-04-14 09:57:02
IC-SPX-FastPT25-S2,IC,SPX,live-candidate,pre-fix,T00748,SPX,shortcallspread,closed,10,0.1,0.25,-150,4900,2026-04-14 09:58:03,2026-04-14 10:08:02,2026-04-14 16:00:00,call side,False,,,6970,6975,-100,6919.57,6924.82,0,-0.8,2026-04-14 09:58:03,2026-04-14 10:08:00
IC-SPX-FastPT25-S2,IC,SPX,live-candidate,pre-fix,T00745,SPX,shortputspread,closed,10,0.25,0.3,-50,4750,2026-04-14 09:46:02,2026-04-14 09:57:01,2026-04-14 16:00:00,put side,False,6870,6865,,,-250,6921.22,6921.52,0.2,-0.08,2026-04-14 09:57:00,2026-04-14 09:48:00
IC-SPX-FastPT25-S2,IC,SPX,live-candidate,pre-fix,T00749,SPX,shortcallspread,closed,10,0.1,0.05,50,4900,2026-04-14 09:47:03,2026-04-14 09:57:00,2026-04-14 16:00:00,call side,True,,,6975,6980,-100,6921.26,6921.24,0.5,-0.3,2026-04-14 09:57:00,2026-04-14 09:49:00
IC-SPX-FastPT25-S2,IC,SPX,live-candidate,pre-fix,T00745,SPX,shortcallspread,closed,10,0.15,0.1,50,4850,2026-04-14 09:46:03,2026-04-14 09:47:00,2026-04-14 16:00:00,call side,False,,,6975,6980,-150,6921.23,6922.1,0.33333333,0.2,2026-04-14 09:47:00,2026-04-14 09:46:03
IC-SPX-FastPT25-S2,IC,SPX,live-candidate,pre-fix,T00746,SPX,shortcallspread,closed,10,0.1,0.25,-150,4900,2026-04-14 09:42:03,2026-04-14 09:46:02,2026-04-14 16:00:00,call side,False,,,6970,6975,-100,6918.41,6921.22,0,-1,2026-04-14 09:42:03,2026-04-14 09:45:00
IC-SPX-FastPT25-S2,IC,SPX,live-candidate,pre-fix,T00746,SPX,shortputspread,closed,10,0.3,0.2,100,4700,2026-04-14 09:42:02,2026-04-14 09:46:00,2026-04-14 16:00:00,put side,False,6865,6860,,,-300,6918.66,6921.4,0.33333333,0.16666667,2026-04-14 09:46:00,2026-04-14 09:42:02
IC-SPX-FastPT25-S2,IC,SPX,live-candidate,pre-fix,T00750,SPX,shortputspread,closed,10,0.25,0.15,100,4750,2026-04-14 09:32:02,2026-04-14 09:45:01,2026-04-14 16:00:00,put side,True,6855,6850,,,-250,6907.82,6923.15,0.4,-0.08,2026-04-14 09:45:00,2026-04-14 09:32:02
IC-SPX-FastPT25-S2,IC,SPX,live-candidate,pre-fix,T00747,SPX,shortcallspread,closed,10,0.15,0.3,-150,4850,2026-04-14 09:31:04,2026-04-14 09:42:02,2026-04-14 16:00:00,call side,False,,,6960,6965,-150,6906.43,6918.66,0.2,-1,2026-04-14 09:32:00,2026-04-14 09:39:00
IC-SPX-FastPT25-S2,IC,SPX,live-candidate,pre-fix,T00747,SPX,shortputspread,closed,10,0.35,0.25,100,4650,2026-04-14 09:31:03,2026-04-14 09:32:00,2026-04-14 16:00:00,put side,False,6855,6850,,,-350,6907.35,6908.2,0.28571429,0.08571429,2026-04-14 09:32:00,2026-04-14 09:31:03
QQQ-IC-0DTE-Raw-HoldToExp,IC,QQQ,control,baseline,T00751,QQQ,shortputspread,closed,1,0.1,0.01,9,190,2026-04-13 11:01:00,2026-04-13 15:50:01,2026-04-13 16:00:00,put side,False,607,605,,,-10,611.91,615.68,1,-0.1,2026-04-13 14:22:00,2026-04-13 11:01:01
QQQ-IC-0DTE-Range075-PT50-Wide2-1230PM,IC,QQQ,experiment,baseline,T00752,QQQ,shortcallspread,closed,1,0.07,0.02,5,193,2026-04-13 12:36:02,2026-04-13 15:50:01,2026-04-13 16:00:00,call side,True,,,618,620,-7,613.9,615.68,0.85714286,0,2026-04-13 13:51:00,2026-04-13 12:36:03
QQQ-IC-0DTE-Raw-HoldToExp,IC,QQQ,control,baseline,T00751,QQQ,shortcallspread,closed,1,0.07,0.19,-12,193,2026-04-13 11:03:03,2026-04-13 15:50:01,2026-04-13 16:00:00,call side,False,,,616,618,-7,611.92,615.68,0.71428571,-3.14285714,2026-04-13 12:03:00,2026-04-13 15:37:00
QQQ-IC-0DTE-Range075-PT50-Wide2-1230PM,IC,QQQ,experiment,baseline,T00753,QQQ,shortputspread,closed,1,0.07,0.03,4,193,2026-04-13 12:31:00,2026-04-13 13:16:11,2026-04-13 16:00:00,put side,True,609,607,,,-7,613.62,614.4,0.71428571,-0.42857143,2026-04-13 13:16:00,2026-04-13 12:43:00
QQQ-IC-0DTE-HedgeD-Conditional,IC,QQQ,experiment,baseline,T00754,QQQ,shortputspread,closed,26,0.1,0.04,156,4940,2026-04-13 11:01:00,2026-04-13 12:30:12,2026-04-13 16:00:00,put side,False,607,605,,,-260,611.91,613.44,0.7,-0.1,2026-04-13 12:30:00,2026-04-13 11:01:01
QQQ-IC-0DTE-HedgeTest,IC,QQQ,experiment,baseline,T00755,QQQ,shortputspread,closed,26,0.1,0.04,156,4940,2026-04-13 11:01:00,2026-04-13 12:30:12,2026-04-13 16:00:00,put side,False,607,605,,,-260,611.91,613.44,0.7,-0.1,2026-04-13 12:30:00,2026-04-13 11:01:01
QQQ-IC-0DTE-HedgeA-S1,IC,QQQ,experiment,baseline,T00756,QQQ,shortputspread,closed,26,0.1,0.04,156,4940,2026-04-13 11:01:00,2026-04-13 12:30:12,2026-04-13 16:00:00,put side,False,607,605,,,-260,611.91,613.44,0.7,-0.1,2026-04-13 12:30:00,2026-04-13 11:01:01
QQQ-IC-0DTE-HedgeC-S3,IC,QQQ,experiment,baseline,T00757,QQQ,shortputspread,closed,26,0.1,0.04,156,4940,2026-04-13 11:01:00,2026-04-13 12:30:12,2026-04-13 16:00:00,put side,False,607,605,,,-260,611.91,613.44,0.7,-0.1,2026-04-13 12:30:00,2026-04-13 11:01:01
QQQ-IC-0DTE-HedgeTest,IC,QQQ,experiment,baseline,T00755,QQQ,shortcallspread,closed,25,0.07,0.03,100,4825,2026-04-13 11:03:04,2026-04-13 12:05:11,2026-04-13 16:00:00,call side,False,,,616,618,-175,611.95,611.25,0.71428571,-0.57142857,2026-04-13 12:05:00,2026-04-13 11:12:00
QQQ-IC-0DTE-HedgeD-Conditional,IC,QQQ,experiment,baseline,T00754,QQQ,shortcallspread,closed,25,0.07,0.03,100,4825,2026-04-13 11:03:05,2026-04-13 12:05:11,2026-04-13 16:00:00,call side,False,,,616,618,-175,611.9,611.25,0.71428571,-0.57142857,2026-04-13 12:05:00,2026-04-13 11:12:00
QQQ-IC-0DTE-HedgeB-S2,IC,QQQ,experiment,baseline,T00758,QQQ,shortcallspread,closed,25,0.07,0.03,100,4825,2026-04-13 11:03:05,2026-04-13 12:05:11,2026-04-13 16:00:00,call side,False,,,616,618,-175,611.9,611.25,0.71428571,-0.57142857,2026-04-13 12:05:00,2026-04-13 11:12:00
QQQ-IC-0DTE-HedgeA-S1,IC,QQQ,experiment,baseline,T00756,QQQ,shortcallspread,closed,25,0.07,0.03,100,4825,2026-04-13 11:03:05,2026-04-13 12:05:11,2026-04-13 16:00:00,call side,False,,,616,618,-175,611.9,611.25,0.71428571,-0.57142857,2026-04-13 12:05:00,2026-04-13 11:12:00
QQQ-IC-0DTE-HedgeB-S2,IC,QQQ,experiment,baseline,T00758,QQQ,shortputspread,closed,26,0.1,0.11,-26,4940,2026-04-13 11:01:00,2026-04-13 12:02:00,2026-04-13 16:00:00,put side,False,607,605,,,-260,611.91,611.39,0.3,-0.1,2026-04-13 11:40:00,2026-04-13 11:01:01
QQQ-IC-0DTE-HedgeC-S3,IC,QQQ,experiment,baseline,T00757,QQQ,shortcallspread,closed,25,0.07,0.12,-125,4825,2026-04-13 11:03:03,2026-04-13 11:12:00,2026-04-13 16:00:00,call side,False,,,616,618,-175,611.92,612.67,0.14285714,-0.57142857,2026-04-13 11:06:00,2026-04-13 11:12:00
IC-SPX-FastPT25-S2,IC,SPX,live-candidate,pre-fix,T00759,SPX,shortcallspread,closed,10,0.25,0.55,-300,4750,2026-04-13 09:49:03,2026-04-13 09:55:02,2026-04-13 16:00:00,call side,False,,,6855,6860,-250,6802.53,6811.03,0.08,-1.4,2026-04-13 09:49:03,2026-04-13 09:51:00
IC-SPX-FastPT25-S2,IC,SPX,live-candidate,pre-fix,T00759,SPX,shortputspread,closed,10,0.5,0.35,150,4500,2026-04-13 09:49:03,2026-04-13 09:55:00,2026-04-13 16:00:00,put side,False,6750,6745,,,-500,6801.71,6810.6,0.36,0.1,2026-04-13 09:55:00,2026-04-13 09:49:02
IC-SPX-FastPT25-S2,IC,SPX,live-candidate,pre-fix,T00760,SPX,shortcallspread,closed,10,0.25,0.65,-400,4750,2026-04-13 09:46:03,2026-04-13 09:49:02,2026-04-13 16:00:00,call side,False,,,6840,6845,-250,6790.3,6801.71,0,-1.4,2026-04-13 09:46:03,2026-04-13 09:49:00
IC-SPX-FastPT25-S2,IC,SPX,live-candidate,pre-fix,T00760,SPX,shortputspread,closed,10,0.5,0.3,200,4500,2026-04-13 09:46:02,2026-04-13 09:49:00,2026-04-13 16:00:00,put side,False,6740,6735,,,-500,6790.19,6802.39,0.4,0,2026-04-13 09:49:00,2026-04-13 09:46:03
IC-SPX-FastPT25-S2,IC,SPX,live-candidate,pre-fix,T00761,SPX,shortputspread,closed,11,0.55,0.6,-55,4895,2026-04-13 09:41:03,2026-04-13 09:46:02,2026-04-13 16:00:00,put side,False,6745,6740,,,-605,6795,6790.19,0.09090909,-0.09090909,2026-04-13 09:41:02,2026-04-13 09:46:00
IC-SPX-FastPT25-S2,IC,SPX,live-candidate,pre-fix,T00761,SPX,shortcallspread,closed,10,0.3,0.15,150,4700,2026-04-13 09:41:04,2026-04-13 09:46:00,2026-04-13 16:00:00,call side,False,,,6845,6850,-300,6795,6790.28,0.5,0,2026-04-13 09:46:00,2026-04-13 09:44:00
IC-SPX-FastPT25-S2,IC,SPX,live-candidate,pre-fix,T00762,SPX,shortcallspread,closed,10,0.3,0.3,0,4700,2026-04-13 09:37:03,2026-04-13 09:41:02,2026-04-13 16:00:00,call side,False,,,6845,6850,-300,6791.8,6795,0,-0.16666667,2026-04-13 09:37:03,2026-04-13 09:40:00
IC-SPX-FastPT25-S2,IC,SPX,live-candidate,pre-fix,T00762,SPX,shortputspread,closed,11,0.6,0.45,165,4840,2026-04-13 09:37:02,2026-04-13 09:41:01,2026-04-13 16:00:00,put side,False,6740,6735,,,-660,6791.57,6795.2,0.25,0,2026-04-13 09:41:00,2026-04-13 09:37:02
IC-SPX-FastPT25-S2,IC,SPX,live-candidate,pre-fix,T00763,SPX,shortputspread,closed,11,0.55,0.8,-275,4895,2026-04-13 09:31:01,2026-04-13 09:37:02,2026-04-13 16:00:00,put side,False,6750,6745,,,-605,6800.28,6791.57,0,-0.36363636,2026-04-13 09:31:01,2026-04-13 09:37:00
IC-SPX-FastPT25-S2,IC,SPX,live-candidate,pre-fix,T00763,SPX,shortcallspread,closed,10,0.3,0.2,100,4700,2026-04-13 09:31:02,2026-04-13 09:37:00,2026-04-13 16:00:00,call side,False,,,6850,6855,-300,6800.22,6791.62,0.33333333,0,2026-04-13 09:37:00,2026-04-13 09:31:02
QQQ-IC-0DTE-Raw-HoldToExp,IC,QQQ,control,baseline,T00764,QQQ,shortputspread,closed,1,0.11,0.02,9,189,2026-04-10 11:01:01,2026-04-10 15:50:00,2026-04-10 16:00:00,put side,True,608,606,,,-11,612.46,610.62,0.90909091,-1.81818182,2026-04-10 15:17:00,2026-04-10 12:45:00
QQQ-IC-0DTE-HedgeTest,IC,QQQ,experiment,baseline,T00765,QQQ,shortputspread,closed,26,0.11,0.04,182,4914,2026-04-10 11:01:01,2026-04-10 15:02:11,2026-04-10 16:00:00,put side,True,608,606,,,-286,612.46,610.73,0.72727273,-1.81818182,2026-04-10 15:02:00,2026-04-10 12:45:00
QQQ-IC-0DTE-HedgeD-Conditional,IC,QQQ,experiment,baseline,T00766,QQQ,shortputspread,closed,26,0.11,0.04,182,4914,2026-04-10 11:01:01,2026-04-10 15:02:11,2026-04-10 16:00:00,put side,True,608,606,,,-286,612.46,610.73,0.72727273,-1.81818182,2026-04-10 15:02:00,2026-04-10 12:45:00
QQQ-IC-0DTE-HedgeA-S1,IC,QQQ,experiment,baseline,T00767,QQQ,shortputspread,closed,26,0.11,0.04,182,4914,2026-04-10 11:01:01,2026-04-10 15:02:11,2026-04-10 16:00:00,put side,True,608,606,,,-286,612.46,610.73,0.72727273,-1.81818182,2026-04-10 15:02:00,2026-04-10 12:45:00
QQQ-IC-0DTE-Range075-PT50-Wide2-1230PM,IC,QQQ,experiment,baseline,T00768,QQQ,shortputspread,closed,1,0.07,0.03,4,193,2026-04-10 12:33:00,2026-04-10 13:54:11,2026-04-10 16:00:00,put side,True,606,604,,,-7,610.53,610.76,0.71428571,-0.85714286,2026-04-10 13:54:00,2026-04-10 12:44:00
QQQ-IC-0DTE-HedgeC-S3,IC,QQQ,experiment,baseline,T00769,QQQ,shortputspread,closed,26,0.11,0.19,-208,4914,2026-04-10 11:01:01,2026-04-10 11:41:00,2026-04-10 16:00:00,put side,True,608,606,,,-286,612.46,611.23,0.45454545,-0.63636364,2026-04-10 11:24:00,2026-04-10 11:41:00
QQQ-IC-0DTE-HedgeB-S2,IC,QQQ,experiment,baseline,T00770,QQQ,shortputspread,closed,26,0.11,0.11,0,4914,2026-04-10 11:01:01,2026-04-10 11:11:00,2026-04-10 16:00:00,put side,True,608,606,,,-286,612.46,612.56,0.09090909,-0.09090909,2026-04-10 11:08:00,2026-04-10 11:01:01
IC-SPX-FastPT25-S2,IC,SPX,live-candidate,pre-fix,T00776,SPX,shortputspread,closed,10,0.35,0.25,100,4650,2026-04-10 10:02:02,2026-04-10 10:03:00,2026-04-10 16:00:00,put side,True,6775,6770,,,-350,6824.07,6827.33,0.28571429,0.08571429,2026-04-10 10:03:00,2026-04-10 10:02:02
IC-SPX-FastPT25-S2,IC,SPX,live-candidate,pre-fix,T00771,SPX,shortputspread,closed,10,0.3,0.4,-100,4700,2026-04-10 09:55:04,2026-04-10 10:02:02,2026-04-10 16:00:00,put side,False,6780,6775,,,-300,6830.78,6824.07,0,-0.23333333,2026-04-10 09:55:04,2026-04-10 10:02:00
IC-SPX-FastPT25-S2,IC,SPX,live-candidate,pre-fix,T00771,SPX,shortcallspread,closed,10,0.2,0.1,100,4800,2026-04-10 09:55:05,2026-04-10 10:02:00,2026-04-10 16:00:00,call side,False,,,6880,6885,-200,6830.8,6823.46,0.5,-0.1,2026-04-10 10:02:00,2026-04-10 09:57:00
IC-SPX-FastPT25-S2,IC,SPX,live-candidate,pre-fix,T00772,SPX,shortcallspread,closed,10,0.25,0.3,-50,4750,2026-04-10 09:51:03,2026-04-10 09:55:03,2026-04-10 16:00:00,call side,False,,,6875,6880,-250,6825.36,6830.74,0.2,-0.12,2026-04-10 09:51:03,2026-04-10 09:55:00
IC-SPX-FastPT25-S2,IC,SPX,live-candidate,pre-fix,T00772,SPX,shortputspread,closed,10,0.35,0.25,100,4650,2026-04-10 09:51:02,2026-04-10 09:55:01,2026-04-10 16:00:00,put side,False,6775,6770,,,-350,6825.24,6831.68,0.28571429,0.14285714,2026-04-10 09:55:00,2026-04-10 09:51:02
IC-SPX-FastPT25-S2,IC,SPX,live-candidate,pre-fix,T00773,SPX,shortputspread,closed,10,0.35,0.5,-150,4650,2026-04-10 09:35:02,2026-04-10 09:51:01,2026-04-10 16:00:00,put side,False,6780,6775,,,-350,6832.73,6825.24,0.14285714,-0.08571429,2026-04-10 09:35:02,2026-04-10 09:37:00
IC-SPX-FastPT25-S2,IC,SPX,live-candidate,pre-fix,T00773,SPX,shortcallspread,closed,10,0.15,0.1,50,4850,2026-04-10 09:35:03,2026-04-10 09:51:00,2026-04-10 16:00:00,call side,False,,,6885,6890,-150,6832.82,6825.48,0.33333333,-0.46666667,2026-04-10 09:51:00,2026-04-10 09:41:00
IC-SPX-FastPT25-S2,IC,SPX,live-candidate,pre-fix,T00774,SPX,shortputspread,closed,10,0.4,0.6,-200,4600,2026-04-10 09:31:02,2026-04-10 09:35:02,2026-04-10 16:00:00,put side,False,6790,6785,,,-400,6840.74,6832.73,0.2,-0.125,2026-04-10 09:33:00,2026-04-10 09:35:00
IC-SPX-FastPT25-S2,IC,SPX,live-candidate,pre-fix,T00775,SPX,shortcallspread,closed,10,0.15,0.1,50,4850,2026-04-10 09:32:03,2026-04-10 09:35:00,2026-04-10 16:00:00,call side,True,,,6895,6900,-150,6841.38,6833.33,0.33333333,0,2026-04-10 09:35:00,2026-04-10 09:32:03
IC-SPX-FastPT25-S2,IC,SPX,live-candidate,pre-fix,T00774,SPX,shortcallspread,closed,10,0.2,0.15,50,4800,2026-04-10 09:31:03,2026-04-10 09:32:00,2026-04-10 16:00:00,call side,False,,,6895,6900,-200,6842.21,6841.84,0.25,0.15,2026-04-10 09:32:00,2026-04-10 09:31:03
QQQ-IC-0DTE-Raw-HoldToExp,IC,QQQ,control,baseline,T00777,QQQ,shortputspread,expired,1,0.09,0,9,191,2026-04-09 11:01:00,2026-04-09 16:15:00,2026-04-09 16:00:00,put side,False,600,598,,,-9,605.04,610.19,1,-0.33333333,2026-04-09 13:41:00,2026-04-09 11:08:00
QQQ-IC-0DTE-Raw-HoldToExp,IC,QQQ,control,baseline,T00777,QQQ,shortcallspread,closed,1,0.07,1.07,-100,193,2026-04-09 11:02:01,2026-04-09 15:50:00,2026-04-09 16:00:00,call side,False,,,609,611,-7,604.88,610,0.14285714,-15.57142857,2026-04-09 11:05:00,2026-04-09 15:48:00
QQQ-IC-0DTE-Range075-PT50-Wide2-1230PM,IC,QQQ,experiment,baseline,T00778,QQQ,shortcallspread,closed,1,0.07,0.02,5,193,2026-04-09 12:33:02,2026-04-09 15:50:00,2026-04-09 16:00:00,call side,False,,,613,615,-7,608.86,610,0.85714286,-0.57142857,2026-04-09 14:04:00,2026-04-09 13:20:00
QQQ-IC-0DTE-Baseline,IC,QQQ,control,baseline,T00779,QQQ,ironcondor,closed,111,0.1,0.05,555,9990,2026-04-09 13:30:34,2026-04-09 14:57:33,2026-04-09 16:00:00,,False,605,604,612,613,-1110,609.36,608.4,0.7,-0.7,2026-04-09 14:57:00,2026-04-09 13:41:00
QQQ-IC-0DTE-Range075-PT50-Wide2-1230PM,IC,QQQ,experiment,baseline,T00778,QQQ,shortputspread,closed,1,0.1,0.05,5,190,2026-04-09 12:31:00,2026-04-09 13:36:11,2026-04-09 16:00:00,put side,False,605,603,,,-10,609.15,609.42,0.6,-0.5,2026-04-09 13:36:00,2026-04-09 12:41:00
QQQ-IC-0DTE-HedgeD-Conditional,IC,QQQ,experiment,baseline,T00780,QQQ,shortcallspread,closed,25,0.07,1.04,-2425,4825,2026-04-09 11:02:03,2026-04-09 12:04:01,2026-04-09 16:00:00,call side,False,,,609,611,-175,604.91,610.17,0.14285714,-13.57142857,2026-04-09 11:05:00,2026-04-09 12:04:00
QQQ-IC-0DTE-HedgeTest,IC,QQQ,experiment,baseline,T00781,QQQ,shortcallspread,closed,25,0.07,0.8,-1825,4825,2026-04-09 11:02:02,2026-04-09 12:02:06,2026-04-09 16:00:00,call side,False,,,609,611,-175,604.88,609.32,0.14285714,-10.28571429,2026-04-09 11:05:00,2026-04-09 12:02:00
QQQ-IC-0DTE-HedgeA-S1,IC,QQQ,experiment,baseline,T00782,QQQ,shortcallspread,closed,25,0.07,0.79,-1800,4825,2026-04-09 11:02:03,2026-04-09 12:02:01,2026-04-09 16:00:00,call side,False,,,609,611,-175,604.91,609.25,0.14285714,-10.28571429,2026-04-09 11:05:00,2026-04-09 12:02:00
QQQ-IC-0DTE-HedgeTest,IC,QQQ,experiment,baseline,T00781,QQQ,shortputspread,closed,26,0.09,0.04,130,4966,2026-04-09 11:01:00,2026-04-09 11:43:11,2026-04-09 16:00:00,put side,False,600,598,,,-234,605.04,607.35,0.66666667,-0.33333333,2026-04-09 11:43:00,2026-04-09 11:08:00
QQQ-IC-0DTE-HedgeC-S3,IC,QQQ,experiment,baseline,T00783,QQQ,shortputspread,closed,26,0.09,0.04,130,4966,2026-04-09 11:01:00,2026-04-09 11:43:11,2026-04-09 16:00:00,put side,False,600,598,,,-234,605.04,607.35,0.66666667,-0.33333333,2026-04-09 11:43:00,2026-04-09 11:08:00
QQQ-IC-0DTE-HedgeD-Conditional,IC,QQQ,experiment,baseline,T00780,QQQ,shortputspread,closed,26,0.09,0.04,130,4966,2026-04-09 11:01:00,2026-04-09 11:43:11,2026-04-09 16:00:00,put side,False,600,598,,,-234,605.04,607.35,0.66666667,-0.33333333,2026-04-09 11:43:00,2026-04-09 11:08:00
QQQ-IC-0DTE-HedgeA-S1,IC,QQQ,experiment,baseline,T00782,QQQ,shortputspread,closed,26,0.09,0.04,130,4966,2026-04-09 11:01:00,2026-04-09 11:43:11,2026-04-09 16:00:00,put side,False,600,598,,,-234,605.04,607.35,0.66666667,-0.33333333,2026-04-09 11:43:00,2026-04-09 11:08:00
QQQ-IC-0DTE-HedgeB-S2,IC,QQQ,experiment,baseline,T00784,QQQ,shortputspread,closed,26,0.09,0.06,78,4966,2026-04-09 11:01:00,2026-04-09 11:39:00,2026-04-09 16:00:00,put side,False,600,598,,,-234,605.04,606.37,0.55555556,-0.33333333,2026-04-09 11:33:00,2026-04-09 11:08:00
QQQ-IC-0DTE-HedgeB-S2,IC,QQQ,experiment,baseline,T00784,QQQ,shortcallspread,closed,25,0.07,0.33,-650,4825,2026-04-09 11:02:03,2026-04-09 11:33:00,2026-04-09 16:00:00,call side,False,,,609,611,-175,604.91,607.04,0.14285714,-3.28571429,2026-04-09 11:05:00,2026-04-09 11:33:00
QQQ-IC-0DTE-HedgeC-S3,IC,QQQ,experiment,baseline,T00783,QQQ,shortcallspread,closed,25,0.07,0.14,-175,4825,2026-04-09 11:02:01,2026-04-09 11:15:00,2026-04-09 16:00:00,call side,False,,,609,611,-175,604.88,605.79,0.14285714,-0.85714286,2026-04-09 11:05:00,2026-04-09 11:15:00
IC-SPX-FastPT25-S2,IC,SPX,live-candidate,pre-fix,T00785,SPX,shortcallspread,closed,10,0.25,0.25,0,4750,2026-04-09 09:51:03,2026-04-09 10:06:01,2026-04-09 16:00:00,call side,False,,,6825,6830,-250,6774.88,6779.68,0.28,0,2026-04-09 10:03:00,2026-04-09 09:51:03
IC-SPX-FastPT25-S2,IC,SPX,live-candidate,pre-fix,T00785,SPX,shortputspread,closed,10,0.4,0.4,0,4600,2026-04-09 09:51:02,2026-04-09 10:03:01,2026-04-09 16:00:00,put side,False,6725,6720,,,-400,6774.69,6774.86,0.2,-0.05,2026-04-09 10:00:00,2026-04-09 09:55:00
IC-SPX-FastPT25-S2,IC,SPX,live-candidate,pre-fix,T00789,SPX,shortputspread,closed,10,0.45,0.6,-150,4550,2026-04-09 09:49:00,2026-04-09 09:51:02,2026-04-09 16:00:00,put side,True,6730,6725,,,-450,6778.46,6774.69,0.11111111,0.06666667,2026-04-09 09:51:00,2026-04-09 09:49:00
IC-SPX-FastPT25-S2,IC,SPX,live-candidate,pre-fix,T00790,SPX,shortputspread,closed,10,0.4,0.55,-150,4600,2026-04-09 09:45:05,2026-04-09 09:48:02,2026-04-09 16:00:00,put side,True,6730,6725,,,-400,6780.78,6776.48,0.075,-0.175,2026-04-09 09:45:05,2026-04-09 09:47:00
IC-SPX-FastPT25-S2,IC,SPX,live-candidate,pre-fix,T00791,SPX,shortputspread,closed,10,0.45,0.5,-50,4550,2026-04-09 09:43:03,2026-04-09 09:45:04,2026-04-09 16:00:00,put side,True,6730,6725,,,-450,6779.66,6780.76,0.17777778,0.06666667,2026-04-09 09:45:00,2026-04-09 09:43:02
IC-SPX-FastPT25-S2,IC,SPX,live-candidate,pre-fix,T00787,SPX,shortcallspread,closed,10,0.2,0.35,-150,4800,2026-04-09 09:39:01,2026-04-09 09:43:02,2026-04-09 16:00:00,call side,False,,,6825,6830,-200,6774.58,6779.66,-0.1,-0.6,2026-04-09 09:41:00,2026-04-09 09:43:00
IC-SPX-FastPT25-S2,IC,SPX,live-candidate,pre-fix,T00787,SPX,shortputspread,closed,10,0.45,0.3,150,4550,2026-04-09 09:40:03,2026-04-09 09:43:01,2026-04-09 16:00:00,put side,False,6725,6720,,,-450,6775.84,6779.66,0.33333333,0.06666667,2026-04-09 09:43:00,2026-04-09 09:40:03
IC-SPX-FastPT25-S2,IC,SPX,live-candidate,pre-fix,T00786,SPX,shortputspread,closed,10,0.5,0.35,150,4500,2026-04-09 09:31:00,2026-04-09 09:40:00,2026-04-09 16:00:00,put side,False,6720,6715,,,-500,6770.81,6775.73,0.36,0,2026-04-09 09:40:00,2026-04-09 09:31:01
IC-SPX-FastPT25-S2,IC,SPX,live-candidate,pre-fix,T00788,SPX,shortcallspread,closed,10,0.3,0.2,100,4700,2026-04-09 09:37:03,2026-04-09 09:39:00,2026-04-09 16:00:00,call side,True,,,6825,6830,-300,6776.62,6774.32,0.33333333,0.16666667,2026-04-09 09:39:00,2026-04-09 09:37:03
IC-SPX-FastPT25-S2,IC,SPX,live-candidate,pre-fix,T00786,SPX,shortcallspread,closed,10,0.4,0.45,-50,4600,2026-04-09 09:31:02,2026-04-09 09:37:01,2026-04-09 16:00:00,call side,False,,,6820,6825,-400,6770.82,6776.83,0.2,0,2026-04-09 09:35:00,2026-04-09 09:37:00
QQQ-IC-0DTE-Raw-HoldToExp,IC,QQQ,control,baseline,T00792,QQQ,shortputspread,closed,1,0.15,0.01,14,185,2026-04-08 11:01:00,2026-04-08 15:50:01,2026-04-08 16:00:00,put side,False,599,597,,,-15,603.83,604.94,1,-0.26666667,2026-04-08 14:03:00,2026-04-08 11:10:00
QQQ-IC-0DTE-Raw-HoldToExp,IC,QQQ,control,baseline,T00792,QQQ,shortcallspread,closed,1,0.13,0.02,11,187,2026-04-08 11:01:03,2026-04-08 15:50:01,2026-04-08 16:00:00,call side,False,,,608,610,-13,603.89,604.94,1,-3,2026-04-08 15:24:00,2026-04-08 13:02:00
QQQ-IC-0DTE-Baseline,IC,QQQ,control,baseline,T00793,QQQ,ironcondor,closed,107,0.07,0.03,428,9951,2026-04-08 13:30:35,2026-04-08 15:41:11,2026-04-08 16:00:00,,False,601,600,609,610,-749,605.87,603.88,0.71428571,-1.57142857,2026-04-08 15:41:00,2026-04-08 15:01:00
QQQ-IC-0DTE-HedgeD-Conditional,IC,QQQ,experiment,baseline,T00794,QQQ,shortcallspread,closed,26,0.13,0.05,208,4862,2026-04-08 11:01:03,2026-04-08 14:43:11,2026-04-08 16:00:00,call side,False,,,608,610,-338,603.89,604.72,0.69230769,-3,2026-04-08 14:43:00,2026-04-08 13:02:00
QQQ-IC-0DTE-HedgeTest,IC,QQQ,experiment,baseline,T00795,QQQ,shortcallspread,closed,26,0.13,0.05,208,4862,2026-04-08 11:01:03,2026-04-08 14:43:11,2026-04-08 16:00:00,call side,False,,,608,610,-338,603.89,604.72,0.69230769,-3,2026-04-08 14:43:00,2026-04-08 13:02:00
QQQ-IC-0DTE-HedgeA-S1,IC,QQQ,experiment,baseline,T00796,QQQ,shortcallspread,closed,26,0.13,0.05,208,4862,2026-04-08 11:01:03,2026-04-08 14:43:11,2026-04-08 16:00:00,call side,False,,,608,610,-338,603.89,604.72,0.69230769,-3,2026-04-08 14:43:00,2026-04-08 13:02:00
QQQ-IC-0DTE-HedgeC-S3,IC,QQQ,experiment,baseline,T00797,QQQ,shortcallspread,closed,26,0.13,0.21,-208,4862,2026-04-08 11:01:03,2026-04-08 11:46:00,2026-04-08 16:00:00,call side,False,,,608,610,-338,603.89,605.42,0.15384615,-0.53846154,2026-04-08 11:10:00,2026-04-08 11:46:00
QQQ-IC-0DTE-HedgeD-Conditional,IC,QQQ,experiment,baseline,T00794,QQQ,shortputspread,closed,27,0.15,0.07,216,4995,2026-04-08 11:01:00,2026-04-08 11:43:11,2026-04-08 16:00:00,put side,False,599,597,,,-405,603.83,605.12,0.6,-0.26666667,2026-04-08 11:43:00,2026-04-08 11:10:00
QQQ-IC-0DTE-HedgeA-S1,IC,QQQ,experiment,baseline,T00796,QQQ,shortputspread,closed,27,0.15,0.07,216,4995,2026-04-08 11:01:00,2026-04-08 11:43:11,2026-04-08 16:00:00,put side,False,599,597,,,-405,603.83,605.12,0.6,-0.26666667,2026-04-08 11:43:00,2026-04-08 11:10:00
QQQ-IC-0DTE-HedgeTest,IC,QQQ,experiment,baseline,T00795,QQQ,shortputspread,closed,27,0.15,0.07,216,4995,2026-04-08 11:01:00,2026-04-08 11:43:11,2026-04-08 16:00:00,put side,False,599,597,,,-405,603.83,605.12,0.6,-0.26666667,2026-04-08 11:43:00,2026-04-08 11:10:00
QQQ-IC-0DTE-HedgeB-S2,IC,QQQ,experiment,baseline,T00798,QQQ,shortputspread,closed,27,0.15,0.07,216,4995,2026-04-08 11:01:00,2026-04-08 11:43:11,2026-04-08 16:00:00,put side,False,599,597,,,-405,603.83,605.12,0.6,-0.26666667,2026-04-08 11:43:00,2026-04-08 11:10:00
QQQ-IC-0DTE-HedgeC-S3,IC,QQQ,experiment,baseline,T00797,QQQ,shortputspread,closed,27,0.15,0.07,216,4995,2026-04-08 11:01:00,2026-04-08 11:43:11,2026-04-08 16:00:00,put side,False,599,597,,,-405,603.83,605.12,0.6,-0.26666667,2026-04-08 11:43:00,2026-04-08 11:10:00
QQQ-IC-0DTE-HedgeB-S2,IC,QQQ,experiment,baseline,T00798,QQQ,shortcallspread,closed,26,0.13,0.19,-156,4862,2026-04-08 11:01:03,2026-04-08 11:37:01,2026-04-08 16:00:00,call side,False,,,608,610,-338,603.89,605.13,0.15384615,-0.46153846,2026-04-08 11:10:00,2026-04-08 11:07:00
QQQ-IC-0DTE-Range075-PT50-Wide2-1230PM,IC,QQQ,experiment,baseline,T00799,QQQ,shortcallspread,closed,1,0.18,0.23,-5,182,2026-04-07 12:31:01,2026-04-07 15:50:00,2026-04-07 16:00:00,call side,False,,,589,591,-18,584.47,586.72,1,-0.61111111,2026-04-07 14:51:00,2026-04-07 13:37:00
QQQ-IC-0DTE-Fortress-NoPT50,IC,QQQ,experiment,baseline,T00800,QQQ,shortputspread,closed,26,0.12,0.02,260,4888,2026-04-07 13:31:00,2026-04-07 15:50:00,2026-04-07 16:00:00,put side,False,580,578,,,-312,584.27,586.72,1,-1.66666667,2026-04-07 15:46:00,2026-04-07 14:56:00
QQQ-IC-0DTE-Baseline,IC,QQQ,control,baseline,T00801,QQQ,ironcondor,closed,125,0.2,0.37,-2125,10000,2026-04-07 13:30:34,2026-04-07 15:50:00,2026-04-07 16:00:00,,False,580,579,587,588,-2500,584.32,586.72,0.55,-1.05,2026-04-07 14:44:00,2026-04-07 15:48:00
QQQ-IC-0DTE-Fortress-NoPT50,IC,QQQ,experiment,baseline,T00800,QQQ,shortcallspread,closed,26,0.11,0.23,-312,4914,2026-04-07 13:33:01,2026-04-07 15:50:00,2026-04-07 16:00:00,call side,False,,,589,591,-286,584.98,586.72,1,-1.63636364,2026-04-07 14:51:00,2026-04-07 13:37:00
QQQ-IC-0DTE-Raw-HoldToExp,IC,QQQ,control,baseline,T00802,QQQ,shortcallspread,closed,1,0.27,1.65,-138,173,2026-04-07 11:01:01,2026-04-07 15:50:00,2026-04-07 16:00:00,call side,False,,,584,586,-27,579.78,586.72,0.33333333,-5.88888889,2026-04-07 11:09:00,2026-04-07 15:46:00
QQQ-IC-0DTE-Raw-HoldToExp,IC,QQQ,control,baseline,T00802,QQQ,shortputspread,closed,1,0.21,0.01,20,179,2026-04-07 11:01:00,2026-04-07 15:50:00,2026-04-07 16:00:00,put side,False,575,573,,,-21,579.76,586.72,1,-0.57142857,2026-04-07 13:57:00,2026-04-07 11:06:00
QQQ-IC-0DTE-Range075-PT50,IC,QQQ,experiment,baseline,T00803,QQQ,shortputspread,closed,1,0.08,0.04,4,92,2026-04-07 15:20:01,2026-04-07 15:48:11,2026-04-07 16:00:00,put side,True,582,581,,,-8,585.97,587.39,0.625,-0.25,2026-04-07 15:48:00,2026-04-07 15:24:00
QQQ-IC-0DTE-Fortress-NoFilter,IC,QQQ,experiment,baseline,T00805,QQQ,shortputspread,closed,26,0.08,0.03,130,4992,2026-04-07 15:19:01,2026-04-07 15:47:11,2026-04-07 16:00:00,put side,True,581,579,,,-208,585.02,586.92,0.75,-0.125,2026-04-07 15:47:00,2026-04-07 15:19:01
QQQ-IC-0DTE-Range075-PT50-Wide2-155PM,IC,QQQ,experiment,baseline,T00806,QQQ,shortputspread,closed,1,0.08,0.03,5,192,2026-04-07 15:19:01,2026-04-07 15:47:11,2026-04-07 16:00:00,put side,False,581,579,,,-8,585.02,586.92,0.75,-0.125,2026-04-07 15:47:00,2026-04-07 15:19:01
QQQ-IC-0DTE-Range075-PT50-Wide2-155PM,IC,QQQ,experiment,baseline,T00806,QQQ,shortcallspread,closed,1,0.09,0.04,5,191,2026-04-07 15:20:02,2026-04-07 15:31:11,2026-04-07 16:00:00,call side,False,,,590,592,-9,585.86,584.94,0.66666667,-0.22222222,2026-04-07 15:31:00,2026-04-07 15:21:00
QQQ-IC-0DTE-Fortress,IC,QQQ,experiment,baseline,T00807,QQQ,shortcallspread,closed,26,0.11,0.05,156,4914,2026-04-07 13:33:01,2026-04-07 14:24:11,2026-04-07 16:00:00,call side,False,,,589,591,-286,584.98,584.66,0.63636364,-1.63636364,2026-04-07 14:24:00,2026-04-07 13:37:00
QQQ-IC-0DTE-Fortress,IC,QQQ,experiment,baseline,T00807,QQQ,shortputspread,closed,26,0.12,0.06,156,4888,2026-04-07 13:31:00,2026-04-07 13:51:11,2026-04-07 16:00:00,put side,False,580,578,,,-312,584.27,585.52,0.58333333,-0.08333333,2026-04-07 13:51:00,2026-04-07 13:31:00
QQQ-IC-0DTE-Fortress-NoFilter,IC,QQQ,experiment,baseline,T00804,QQQ,shortcallspread,closed,26,0.12,0.05,182,4888,2026-04-07 13:37:01,2026-04-07 13:44:11,2026-04-07 16:00:00,call side,True,,,591,593,-312,586.49,585.39,0.66666667,0,2026-04-07 13:44:00,2026-04-07 13:37:01
QQQ-IC-0DTE-Range075-PT50-Wide2-1230PM,IC,QQQ,experiment,baseline,T00799,QQQ,shortputspread,closed,1,0.22,0.11,11,178,2026-04-07 12:31:00,2026-04-07 13:07:11,2026-04-07 16:00:00,put side,False,580,578,,,-22,584.46,585.18,0.54545455,-0.04545455,2026-04-07 13:07:00,2026-04-07 12:31:00
QQQ-IC-0DTE-HedgeD-Conditional,IC,QQQ,experiment,baseline,T00808,QQQ,shortcallspread,closed,28,0.27,1.05,-2184,4844,2026-04-07 11:01:01,2026-04-07 12:46:02,2026-04-07 16:00:00,call side,False,,,584,586,-756,579.78,585.09,0.33333333,-2.81481481,2026-04-07 11:09:00,2026-04-07 12:46:00
QQQ-IC-0DTE-HedgeA-S1,IC,QQQ,experiment,baseline,T00809,QQQ,shortcallspread,closed,28,0.27,0.9,-1764,4844,2026-04-07 11:01:01,2026-04-07 12:03:01,2026-04-07 16:00:00,call side,False,,,584,586,-756,579.78,584.38,0.33333333,-2.25925926,2026-04-07 11:09:00,2026-04-07 12:03:00
QQQ-IC-0DTE-HedgeTest,IC,QQQ,experiment,baseline,T00810,QQQ,shortcallspread,closed,28,0.27,0.88,-1708,4844,2026-04-07 11:01:01,2026-04-07 12:03:00,2026-04-07 16:00:00,call side,False,,,584,586,-756,579.78,584.38,0.33333333,-2.25925926,2026-04-07 11:09:00,2026-04-07 12:03:00
QQQ-IC-0DTE-HedgeD-Conditional,IC,QQQ,experiment,baseline,T00808,QQQ,shortputspread,closed,27,0.21,0.1,297,4833,2026-04-07 11:01:01,2026-04-07 11:47:11,2026-04-07 16:00:00,put side,False,575,573,,,-567,579.76,581.65,0.57142857,-0.57142857,2026-04-07 11:47:00,2026-04-07 11:06:00
QQQ-IC-0DTE-HedgeA-S1,IC,QQQ,experiment,baseline,T00809,QQQ,shortputspread,closed,27,0.21,0.1,297,4833,2026-04-07 11:01:00,2026-04-07 11:47:11,2026-04-07 16:00:00,put side,False,575,573,,,-567,579.76,581.65,0.57142857,-0.57142857,2026-04-07 11:47:00,2026-04-07 11:06:00
QQQ-IC-0DTE-HedgeTest,IC,QQQ,experiment,baseline,T00810,QQQ,shortputspread,closed,27,0.21,0.1,297,4833,2026-04-07 11:01:00,2026-04-07 11:47:11,2026-04-07 16:00:00,put side,False,575,573,,,-567,579.76,581.65,0.57142857,-0.57142857,2026-04-07 11:47:00,2026-04-07 11:06:00
QQQ-IC-0DTE-HedgeB-S2,IC,QQQ,experiment,baseline,T00811,QQQ,shortputspread,closed,27,0.21,0.13,216,4833,2026-04-07 11:01:01,2026-04-07 11:40:00,2026-04-07 16:00:00,put side,False,575,573,,,-567,579.76,581.2,0.52380952,-0.57142857,2026-04-07 11:37:00,2026-04-07 11:06:00
QQQ-IC-0DTE-HedgeB-S2,IC,QQQ,experiment,baseline,T00811,QQQ,shortcallspread,closed,28,0.27,0.5,-644,4844,2026-04-07 11:01:01,2026-04-07 11:37:00,2026-04-07 16:00:00,call side,False,,,584,586,-756,579.78,582.02,0.33333333,-0.77777778,2026-04-07 11:09:00,2026-04-07 11:37:00
QQQ-IC-0DTE-HedgeC-S3,IC,QQQ,experiment,baseline,T00812,QQQ,shortcallspread,closed,28,0.27,0.48,-588,4844,2026-04-07 11:01:01,2026-04-07 11:16:01,2026-04-07 16:00:00,call side,False,,,584,586,-756,579.78,581.48,0.33333333,-0.74074074,2026-04-07 11:09:00,2026-04-07 11:16:00
QQQ-IC-0DTE-HedgeC-S3,IC,QQQ,experiment,baseline,T00812,QQQ,shortputspread,closed,27,0.21,0.35,-378,4833,2026-04-07 11:01:00,2026-04-07 11:06:00,2026-04-07 16:00:00,put side,False,575,573,,,-567,579.76,578.54,-0.04761905,-0.57142857,2026-04-07 11:01:01,2026-04-07 11:06:00
QQQ-IC-0DTE-Raw-HoldToExp,IC,QQQ,control,baseline,T00813,QQQ,shortputspread,closed,1,0.17,0.01,16,183,2026-04-06 11:01:01,2026-04-06 15:50:00,2026-04-06 16:00:00,put side,False,583,581,,,-17,587.41,588.57,1,-1.05882353,2026-04-06 14:46:00,2026-04-06 13:14:00
QQQ-IC-0DTE-Fortress-NoPT50,IC,QQQ,experiment,baseline,T00814,QQQ,shortputspread,closed,26,0.08,0.01,182,4992,2026-04-06 13:31:00,2026-04-06 15:50:00,2026-04-06 16:00:00,put side,True,583,581,,,-208,587.07,588.57,1,-0.5,2026-04-06 14:46:00,2026-04-06 14:05:00
QQQ-IC-0DTE-Range075-PT50-Wide2-1230PM,IC,QQQ,experiment,baseline,T00815,QQQ,shortcallspread,closed,1,0.07,0.04,3,193,2026-04-06 13:12:02,2026-04-06 15:50:00,2026-04-06 16:00:00,call side,True,,,590,592,-7,586.1,588.57,1,-1.14285714,2026-04-06 15:46:00,2026-04-06 14:28:00
QQQ-IC-0DTE-Raw-HoldToExp,IC,QQQ,control,baseline,T00813,QQQ,shortcallspread,closed,1,0.1,0.01,9,190,2026-04-06 11:01:03,2026-04-06 15:50:00,2026-04-06 16:00:00,call side,False,,,592,594,-10,587.42,588.57,1,-0.4,2026-04-06 13:55:00,2026-04-06 11:02:00
QQQ-IC-0DTE-Baseline,IC,QQQ,control,baseline,T00817,QQQ,ironcondor,closed,111,0.1,0.05,555,9990,2026-04-06 13:30:33,2026-04-06 14:44:32,2026-04-06 16:00:00,,False,583,582,590,591,-1110,587.16,587.76,0.7,-0.3,2026-04-06 14:44:00,2026-04-06 13:32:00
QQQ-IC-0DTE-Fortress,IC,QQQ,experiment,baseline,T00818,QQQ,shortputspread,closed,26,0.08,0.04,104,4992,2026-04-06 13:31:00,2026-04-06 14:19:11,2026-04-06 16:00:00,put side,True,583,581,,,-208,587.07,587.77,0.625,-0.5,2026-04-06 14:19:00,2026-04-06 14:05:00
QQQ-IC-0DTE-Range075-PT50-Wide2-1230PM,IC,QQQ,experiment,baseline,T00816,QQQ,shortputspread,closed,1,0.09,0.04,5,191,2026-04-06 12:31:01,2026-04-06 14:19:11,2026-04-06 16:00:00,put side,True,583,581,,,-9,587.13,587.77,0.66666667,-2.88888889,2026-04-06 14:19:00,2026-04-06 13:14:00
QQQ-IC-0DTE-HedgeA-S1,IC,QQQ,experiment,baseline,T00819,QQQ,shortputspread,closed,27,0.17,0.08,243,4941,2026-04-06 11:01:01,2026-04-06 12:39:11,2026-04-06 16:00:00,put side,False,583,581,,,-459,587.41,587.74,0.58823529,-0.35294118,2026-04-06 12:39:00,2026-04-06 11:33:00
QQQ-IC-0DTE-HedgeTest,IC,QQQ,experiment,baseline,T00820,QQQ,shortputspread,closed,27,0.17,0.08,243,4941,2026-04-06 11:01:01,2026-04-06 12:39:11,2026-04-06 16:00:00,put side,False,583,581,,,-459,587.41,587.74,0.58823529,-0.35294118,2026-04-06 12:39:00,2026-04-06 11:33:00
QQQ-IC-0DTE-HedgeC-S3,IC,QQQ,experiment,baseline,T00821,QQQ,shortputspread,closed,27,0.17,0.08,243,4941,2026-04-06 11:01:01,2026-04-06 12:39:11,2026-04-06 16:00:00,put side,False,583,581,,,-459,587.41,587.74,0.58823529,-0.35294118,2026-04-06 12:39:00,2026-04-06 11:33:00
QQQ-IC-0DTE-HedgeD-Conditional,IC,QQQ,experiment,baseline,T00822,QQQ,shortputspread,closed,27,0.17,0.08,243,4941,2026-04-06 11:01:01,2026-04-06 12:39:11,2026-04-06 16:00:00,put side,False,583,581,,,-459,587.41,587.74,0.58823529,-0.35294118,2026-04-06 12:39:00,2026-04-06 11:33:00
QQQ-IC-0DTE-HedgeD-Conditional,IC,QQQ,experiment,baseline,T00822,QQQ,shortcallspread,closed,26,0.1,0.05,130,4940,2026-04-06 11:01:03,2026-04-06 11:34:11,2026-04-06 16:00:00,call side,False,,,592,594,-260,587.42,586.36,0.6,-0.4,2026-04-06 11:34:00,2026-04-06 11:02:00
QQQ-IC-0DTE-HedgeTest,IC,QQQ,experiment,baseline,T00820,QQQ,shortcallspread,closed,26,0.1,0.05,130,4940,2026-04-06 11:01:03,2026-04-06 11:34:11,2026-04-06 16:00:00,call side,False,,,592,594,-260,587.42,586.36,0.6,-0.4,2026-04-06 11:34:00,2026-04-06 11:02:00
QQQ-IC-0DTE-HedgeC-S3,IC,QQQ,experiment,baseline,T00821,QQQ,shortcallspread,closed,26,0.1,0.05,130,4940,2026-04-06 11:01:03,2026-04-06 11:34:11,2026-04-06 16:00:00,call side,False,,,592,594,-260,587.42,586.36,0.6,-0.4,2026-04-06 11:34:00,2026-04-06 11:02:00
QQQ-IC-0DTE-HedgeA-S1,IC,QQQ,experiment,baseline,T00819,QQQ,shortcallspread,closed,26,0.1,0.05,130,4940,2026-04-06 11:01:03,2026-04-06 11:34:11,2026-04-06 16:00:00,call side,False,,,592,594,-260,587.42,586.36,0.6,-0.4,2026-04-06 11:34:00,2026-04-06 11:02:00
QQQ-IC-0DTE-HedgeB-S2,IC,QQQ,experiment,baseline,T00823,QQQ,shortcallspread,closed,26,0.1,0.07,78,4940,2026-04-06 11:01:03,2026-04-06 11:29:00,2026-04-06 16:00:00,call side,False,,,592,594,-260,587.42,586.65,0.5,-0.4,2026-04-06 11:26:00,2026-04-06 11:02:00
QQQ-IC-0DTE-HedgeB-S2,IC,QQQ,experiment,baseline,T00823,QQQ,shortputspread,closed,27,0.17,0.23,-162,4941,2026-04-06 11:01:01,2026-04-06 11:26:00,2026-04-06 16:00:00,put side,False,583,581,,,-459,587.41,586.42,0.11764706,-0.29411765,2026-04-06 11:08:00,2026-04-06 11:26:00
QQQ-IC-0DTE-Range075-PT50-Wide2-1230PM,IC,QQQ,experiment,baseline,T00824,QQQ,shortcallspread,closed,1,0.14,0.02,12,186,2026-04-02 12:31:01,2026-04-02 15:50:01,2026-04-02 16:00:00,call side,False,,,586,588,-14,581.41,583.27,1,-1.57142857,2026-04-02 15:46:00,2026-04-02 12:46:00
QQQ-IC-0DTE-Raw-HoldToExp,IC,QQQ,control,baseline,T00825,QQQ,shortcallspread,closed,1,0.32,0.01,31,168,2026-04-02 11:01:02,2026-04-02 15:50:01,2026-04-02 16:00:00,call side,False,,,587,589,-32,582.72,583.27,1,-0.46875,2026-04-02 15:34:00,2026-04-02 11:13:00
QQQ-IC-0DTE-Fortress-NoPT50,IC,QQQ,experiment,baseline,T00827,QQQ,shortputspread,closed,26,0.09,0.01,208,4966,2026-04-02 13:31:00,2026-04-02 15:50:01,2026-04-02 16:00:00,put side,True,579,577,,,-234,583.52,583.4,1,-2.11111111,2026-04-02 15:46:00,2026-04-02 13:50:00
QQQ-IC-0DTE-Raw-HoldToExp,IC,QQQ,control,baseline,T00825,QQQ,shortputspread,closed,1,0.29,0.01,28,171,2026-04-02 11:01:01,2026-04-02 15:50:01,2026-04-02 16:00:00,put side,False,578,576,,,-29,582.73,583.27,1,-0.17241379,2026-04-02 15:12:00,2026-04-02 11:03:00
QQQ-IC-0DTE-Fortress-NoPT50,IC,QQQ,experiment,baseline,T00826,QQQ,shortcallspread,closed,25,0.07,0.01,150,4825,2026-04-02 13:39:02,2026-04-02 15:50:01,2026-04-02 16:00:00,call side,True,,,587,589,-175,582.9,583.4,1,-0.28571429,2026-04-02 15:34:00,2026-04-02 13:40:00
QQQ-IC-0DTE-Fortress,IC,QQQ,experiment,baseline,T00829,QQQ,shortputspread,closed,26,0.09,0.04,130,4966,2026-04-02 13:31:00,2026-04-02 14:56:11,2026-04-02 16:00:00,put side,True,579,577,,,-234,583.52,583.15,0.66666667,-2.11111111,2026-04-02 14:56:00,2026-04-02 13:50:00
QQQ-IC-0DTE-Baseline,IC,QQQ,control,baseline,T00830,QQQ,ironcondor,closed,126,0.22,0.11,1386,9828,2026-04-02 13:30:12,2026-04-02 14:36:32,2026-04-02 16:00:00,,False,579,578,586,587,-2772,583.53,582.34,0.59090909,-0.09090909,2026-04-02 14:36:00,2026-04-02 13:30:12
QQQ-IC-0DTE-Fortress,IC,QQQ,experiment,baseline,T00828,QQQ,shortcallspread,closed,25,0.07,0.02,125,4825,2026-04-02 13:39:02,2026-04-02 14:27:11,2026-04-02 16:00:00,call side,True,,,587,589,-175,582.9,582.13,0.85714286,-0.28571429,2026-04-02 14:27:00,2026-04-02 13:40:00
QQQ-IC-0DTE-Range075-PT50,IC,QQQ,experiment,baseline,T00831,QQQ,shortputspread,closed,1,0.08,0.03,5,92,2026-04-02 13:52:01,2026-04-02 14:06:11,2026-04-02 16:00:00,put side,True,577,576,,,-8,581.48,582.86,0.75,0,2026-04-02 14:06:00,2026-04-02 13:52:00
QQQ-IC-0DTE-Range075-PT50-Wide2-1230PM,IC,QQQ,experiment,baseline,T00824,QQQ,shortputspread,closed,1,0.2,0.1,10,180,2026-04-02 12:31:00,2026-04-02 12:57:11,2026-04-02 16:00:00,put side,False,577,575,,,-20,581.41,582.85,0.55,-0.05,2026-04-02 12:57:00,2026-04-02 12:31:00
QQQ-IC-0DTE-HedgeC-S3,IC,QQQ,experiment,baseline,T00832,QQQ,shortputspread,closed,29,0.29,0.14,435,4959,2026-04-02 11:01:01,2026-04-02 12:54:11,2026-04-02 16:00:00,put side,False,578,576,,,-841,582.73,583.37,0.55172414,-0.17241379,2026-04-02 12:54:00,2026-04-02 11:03:00
QQQ-IC-0DTE-HedgeA-S1,IC,QQQ,experiment,baseline,T00833,QQQ,shortputspread,closed,29,0.29,0.14,435,4959,2026-04-02 11:01:01,2026-04-02 12:54:11,2026-04-02 16:00:00,put side,False,578,576,,,-841,582.73,583.32,0.55172414,-0.17241379,2026-04-02 12:54:00,2026-04-02 11:03:00
QQQ-IC-0DTE-HedgeTest,IC,QQQ,experiment,baseline,T00834,QQQ,shortputspread,closed,29,0.29,0.14,435,4959,2026-04-02 11:01:01,2026-04-02 12:54:11,2026-04-02 16:00:00,put side,False,578,576,,,-841,582.73,583.37,0.55172414,-0.17241379,2026-04-02 12:54:00,2026-04-02 11:03:00
QQQ-IC-0DTE-HedgeD-Conditional,IC,QQQ,experiment,baseline,T00835,QQQ,shortputspread,closed,29,0.29,0.14,435,4959,2026-04-02 11:01:01,2026-04-02 12:54:11,2026-04-02 16:00:00,put side,False,578,576,,,-841,582.73,583.32,0.55172414,-0.17241379,2026-04-02 12:54:00,2026-04-02 11:03:00
QQQ-IC-0DTE-HedgeD-Conditional,IC,QQQ,experiment,baseline,T00835,QQQ,shortcallspread,closed,29,0.32,0.15,493,4872,2026-04-02 11:01:02,2026-04-02 12:11:11,2026-04-02 16:00:00,call side,False,,,587,589,-928,582.72,582.1,0.5625,-0.46875,2026-04-02 12:11:00,2026-04-02 11:13:00
QQQ-IC-0DTE-HedgeA-S1,IC,QQQ,experiment,baseline,T00833,QQQ,shortcallspread,closed,29,0.32,0.15,493,4872,2026-04-02 11:01:02,2026-04-02 12:11:11,2026-04-02 16:00:00,call side,False,,,587,589,-928,582.72,582.1,0.5625,-0.46875,2026-04-02 12:11:00,2026-04-02 11:13:00
QQQ-IC-0DTE-HedgeTest,IC,QQQ,experiment,baseline,T00834,QQQ,shortcallspread,closed,29,0.32,0.15,493,4872,2026-04-02 11:01:02,2026-04-02 12:11:11,2026-04-02 16:00:00,call side,False,,,587,589,-928,582.72,582.1,0.5625,-0.46875,2026-04-02 12:11:00,2026-04-02 11:13:00
QQQ-IC-0DTE-HedgeC-S3,IC,QQQ,experiment,baseline,T00832,QQQ,shortcallspread,closed,29,0.32,0.15,493,4872,2026-04-02 11:01:02,2026-04-02 12:11:11,2026-04-02 16:00:00,call side,False,,,587,589,-928,582.72,582.1,0.5625,-0.46875,2026-04-02 12:11:00,2026-04-02 11:13:00
QQQ-IC-0DTE-HedgeB-S2,IC,QQQ,experiment,baseline,T00836,QQQ,shortputspread,closed,29,0.29,0.17,348,4959,2026-04-02 11:01:01,2026-04-02 11:41:00,2026-04-02 16:00:00,put side,False,578,576,,,-841,582.73,583.94,0.51724138,-0.17241379,2026-04-02 11:38:00,2026-04-02 11:03:00
QQQ-IC-0DTE-HedgeB-S2,IC,QQQ,experiment,baseline,T00836,QQQ,shortcallspread,closed,29,0.32,0.44,-348,4872,2026-04-02 11:01:02,2026-04-02 11:38:00,2026-04-02 16:00:00,call side,False,,,587,589,-928,582.72,584.34,0.15625,-0.46875,2026-04-02 11:23:00,2026-04-02 11:13:00
QQQ-IC-0DTE-Baseline,IC,QQQ,control,baseline,T00837,QQQ,ironcondor,closed,106,0.06,0.06,0,9964,2026-04-01 13:30:35,2026-04-01 15:52:22,2026-04-01 16:00:00,,False,583,582,590,591,-636,587.34,584.59,0.66666667,-6.66666667,2026-04-01 15:42:00,2026-04-01 14:36:00
QQQ-IC-0DTE-Raw-HoldToExp,IC,QQQ,control,baseline,T00838,QQQ,shortputspread,closed,1,0.15,0.02,13,185,2026-04-01 11:01:00,2026-04-01 15:50:01,2026-04-01 16:00:00,put side,False,581,579,,,-15,585.7,585.05,1,-1.13333333,2026-04-01 15:41:00,2026-04-01 14:38:00
QQQ-IC-0DTE-Raw-HoldToExp,IC,QQQ,control,baseline,T00838,QQQ,shortcallspread,closed,1,0.13,0.01,12,187,2026-04-01 11:01:03,2026-04-01 15:50:01,2026-04-01 16:00:00,call side,False,,,590,592,-13,585.7,585.05,1,-0.15384615,2026-04-01 14:22:00,2026-04-01 11:08:00
QQQ-IC-0DTE-HedgeD-Conditional,IC,QQQ,experiment,baseline,T00839,QQQ,shortcallspread,closed,26,0.13,0.06,182,4862,2026-04-01 11:01:03,2026-04-01 13:37:11,2026-04-01 16:00:00,call side,False,,,590,592,-338,585.7,586.89,0.61538462,-0.15384615,2026-04-01 13:37:00,2026-04-01 11:08:00
QQQ-IC-0DTE-HedgeC-S3,IC,QQQ,experiment,baseline,T00840,QQQ,shortcallspread,closed,26,0.13,0.06,182,4862,2026-04-01 11:01:03,2026-04-01 13:37:11,2026-04-01 16:00:00,call side,False,,,590,592,-338,585.7,586.89,0.61538462,-0.15384615,2026-04-01 13:37:00,2026-04-01 11:08:00
QQQ-IC-0DTE-HedgeTest,IC,QQQ,experiment,baseline,T00841,QQQ,shortcallspread,closed,26,0.13,0.06,182,4862,2026-04-01 11:01:03,2026-04-01 13:37:11,2026-04-01 16:00:00,call side,False,,,590,592,-338,585.7,586.89,0.61538462,-0.15384615,2026-04-01 13:37:00,2026-04-01 11:08:00
QQQ-IC-0DTE-HedgeA-S1,IC,QQQ,experiment,baseline,T00842,QQQ,shortcallspread,closed,26,0.13,0.06,182,4862,2026-04-01 11:01:03,2026-04-01 13:37:11,2026-04-01 16:00:00,call side,False,,,590,592,-338,585.7,586.89,0.61538462,-0.15384615,2026-04-01 13:37:00,2026-04-01 11:08:00
QQQ-IC-0DTE-HedgeD-Conditional,IC,QQQ,experiment,baseline,T00839,QQQ,shortputspread,closed,27,0.15,0.07,216,4995,2026-04-01 11:01:00,2026-04-01 11:59:11,2026-04-01 16:00:00,put side,False,581,579,,,-405,585.7,587.05,0.6,-0.13333333,2026-04-01 11:59:00,2026-04-01 11:31:00
QQQ-IC-0DTE-HedgeTest,IC,QQQ,experiment,baseline,T00841,QQQ,shortputspread,closed,27,0.15,0.07,216,4995,2026-04-01 11:01:00,2026-04-01 11:59:11,2026-04-01 16:00:00,put side,False,581,579,,,-405,585.7,587.05,0.6,-0.13333333,2026-04-01 11:59:00,2026-04-01 11:31:00
QQQ-IC-0DTE-HedgeC-S3,IC,QQQ,experiment,baseline,T00840,QQQ,shortputspread,closed,27,0.15,0.07,216,4995,2026-04-01 11:01:00,2026-04-01 11:59:11,2026-04-01 16:00:00,put side,False,581,579,,,-405,585.7,587.05,0.6,-0.13333333,2026-04-01 11:59:00,2026-04-01 11:31:00
QQQ-IC-0DTE-HedgeA-S1,IC,QQQ,experiment,baseline,T00842,QQQ,shortputspread,closed,27,0.15,0.07,216,4995,2026-04-01 11:01:00,2026-04-01 11:59:11,2026-04-01 16:00:00,put side,False,581,579,,,-405,585.7,587.05,0.6,-0.13333333,2026-04-01 11:59:00,2026-04-01 11:31:00
QQQ-IC-0DTE-HedgeB-S2,IC,QQQ,experiment,baseline,T00843,QQQ,shortcallspread,closed,26,0.13,0.11,52,4862,2026-04-01 11:01:03,2026-04-01 11:37:01,2026-04-01 16:00:00,call side,False,,,590,592,-338,585.7,586.15,0.53846154,-0.15384615,2026-04-01 11:31:00,2026-04-01 11:08:00
QQQ-IC-0DTE-HedgeB-S2,IC,QQQ,experiment,baseline,T00843,QQQ,shortputspread,closed,27,0.15,0.18,-81,4995,2026-04-01 11:01:00,2026-04-01 11:31:00,2026-04-01 16:00:00,put side,False,581,579,,,-405,585.7,584.97,0.2,-0.13333333,2026-04-01 11:24:00,2026-04-01 11:31:00
QQQ-IC-0DTE-Baseline,IC,QQQ,control,baseline,T00844,QQQ,ironcondor,closed,135,0.26,0.6,-4590,9990,2026-03-31 13:30:34,2026-03-31 15:50:11,2026-03-31 16:00:00,,False,570,569,577,578,-3510,574.5,578.58,0.5,-1.26923077,2026-03-31 14:27:00,2026-03-31 15:50:00
QQQ-IC-0DTE-Raw-HoldToExp,IC,QQQ,control,baseline,T00845,QQQ,shortputspread,closed,1,0.22,0.02,20,178,2026-03-31 11:01:00,2026-03-31 15:50:00,2026-03-31 16:00:00,put side,False,561,559,,,-22,565.47,577.81,1,-0.04545455,2026-03-31 14:08:00,2026-03-31 11:01:01
QQQ-IC-0DTE-Raw-HoldToExp,IC,QQQ,control,baseline,T00845,QQQ,shortcallspread,closed,1,0.19,2.19,-200,181,2026-03-31 11:01:02,2026-03-31 15:50:00,2026-03-31 16:00:00,call side,False,,,570,572,-19,565.47,577.81,0.10526316,-9.84210526,2026-03-31 12:00:00,2026-03-31 14:45:00
QQQ-IC-0DTE-HedgeTest,IC,QQQ,experiment,baseline,T00846,QQQ,shortcallspread,closed,27,0.19,1.06,-2349,4887,2026-03-31 11:01:02,2026-03-31 12:40:07,2026-03-31 16:00:00,call side,False,,,570,572,-513,565.47,571.73,0.10526316,-4.52631579,2026-03-31 12:00:00,2026-03-31 12:40:00
QQQ-IC-0DTE-HedgeA-S1,IC,QQQ,experiment,baseline,T00847,QQQ,shortcallspread,closed,27,0.19,1.07,-2376,4887,2026-03-31 11:01:02,2026-03-31 12:40:03,2026-03-31 16:00:00,call side,False,,,570,572,-513,565.47,571.45,0.10526316,-4.52631579,2026-03-31 12:00:00,2026-03-31 12:40:00
QQQ-IC-0DTE-HedgeD-Conditional,IC,QQQ,experiment,baseline,T00848,QQQ,shortcallspread,closed,27,0.19,1.07,-2376,4887,2026-03-31 11:01:02,2026-03-31 12:40:03,2026-03-31 16:00:00,call side,False,,,570,572,-513,565.47,571.45,0.10526316,-4.52631579,2026-03-31 12:00:00,2026-03-31 12:40:00
QQQ-IC-0DTE-HedgeC-S3,IC,QQQ,experiment,baseline,T00849,QQQ,shortputspread,closed,28,0.22,0.11,308,4984,2026-03-31 11:01:00,2026-03-31 12:17:11,2026-03-31 16:00:00,put side,False,561,559,,,-616,565.47,567.96,0.54545455,-0.04545455,2026-03-31 12:17:00,2026-03-31 11:01:01
QQQ-IC-0DTE-HedgeD-Conditional,IC,QQQ,experiment,baseline,T00848,QQQ,shortputspread,closed,28,0.22,0.11,308,4984,2026-03-31 11:01:00,2026-03-31 12:17:11,2026-03-31 16:00:00,put side,False,561,559,,,-616,565.47,567.96,0.54545455,-0.04545455,2026-03-31 12:17:00,2026-03-31 11:01:01
QQQ-IC-0DTE-HedgeTest,IC,QQQ,experiment,baseline,T00846,QQQ,shortputspread,closed,28,0.22,0.11,308,4984,2026-03-31 11:01:00,2026-03-31 12:17:11,2026-03-31 16:00:00,put side,False,561,559,,,-616,565.47,567.96,0.54545455,-0.04545455,2026-03-31 12:17:00,2026-03-31 11:01:01
QQQ-IC-0DTE-HedgeA-S1,IC,QQQ,experiment,baseline,T00847,QQQ,shortputspread,closed,28,0.22,0.11,308,4984,2026-03-31 11:01:00,2026-03-31 12:17:11,2026-03-31 16:00:00,put side,False,561,559,,,-616,565.47,567.96,0.54545455,-0.04545455,2026-03-31 12:17:00,2026-03-31 11:01:01
QQQ-IC-0DTE-HedgeB-S2,IC,QQQ,experiment,baseline,T00850,QQQ,shortputspread,closed,28,0.22,0.13,252,4984,2026-03-31 11:01:00,2026-03-31 11:18:00,2026-03-31 16:00:00,put side,False,561,559,,,-616,565.47,568.26,0.5,-0.04545455,2026-03-31 11:15:00,2026-03-31 11:01:01
QQQ-IC-0DTE-HedgeB-S2,IC,QQQ,experiment,baseline,T00850,QQQ,shortcallspread,closed,27,0.19,0.58,-1053,4887,2026-03-31 11:01:02,2026-03-31 11:15:01,2026-03-31 16:00:00,call side,False,,,570,572,-513,565.47,568.3,-0.05263158,-2,2026-03-31 11:01:02,2026-03-31 11:15:00
QQQ-IC-0DTE-HedgeC-S3,IC,QQQ,experiment,baseline,T00849,QQQ,shortcallspread,closed,27,0.19,0.31,-324,4887,2026-03-31 11:01:02,2026-03-31 11:06:00,2026-03-31 16:00:00,call side,False,,,570,572,-513,565.47,566.56,-0.05263158,-0.57894737,2026-03-31 11:01:02,2026-03-31 11:06:00
QQQ-IC-0DTE-Fortress,IC,QQQ,experiment,baseline,T00851,QQQ,shortputspread,closed,26,0.12,0.05,182,4888,2026-03-30 13:31:02,2026-03-30 15:51:11,2026-03-30 16:00:00,put side,False,556,554,,,-312,559.74,557.97,0.66666667,-4.25,2026-03-30 15:51:00,2026-03-30 15:29:00
QQQ-IC-0DTE-Raw-HoldToExp,IC,QQQ,control,baseline,T00852,QQQ,shortputspread,closed,1,0.24,1.95,-171,176,2026-03-30 11:01:01,2026-03-30 15:50:01,2026-03-30 16:00:00,put side,False,560,558,,,-24,564.58,557.41,0.45833333,-7.29166667,2026-03-30 11:52:00,2026-03-30 15:29:00
QQQ-IC-0DTE-Fortress-NoPT50,IC,QQQ,experiment,baseline,T00853,QQQ,shortcallspread,closed,26,0.09,0.01,208,4966,2026-03-30 13:33:03,2026-03-30 15:50:01,2026-03-30 16:00:00,call side,False,,,563,565,-234,559.26,557.41,1,-1.11111111,2026-03-30 15:35:00,2026-03-30 13:46:00
QQQ-IC-0DTE-Raw-HoldToExp,IC,QQQ,control,baseline,T00852,QQQ,shortcallspread,closed,1,0.19,0.01,18,181,2026-03-30 11:01:03,2026-03-30 15:50:01,2026-03-30 16:00:00,call side,False,,,569,571,-19,564.55,557.41,1,-0.21052632,2026-03-30 14:47:00,2026-03-30 11:04:00
QQQ-IC-0DTE-Range075-PT50-Wide2-1230PM,IC,QQQ,experiment,baseline,T00854,QQQ,shortputspread,closed,1,0.11,0.31,-20,189,2026-03-30 12:31:02,2026-03-30 15:50:01,2026-03-30 16:00:00,put side,False,557,555,,,-11,561.64,557.41,0.45454545,-9.54545455,2026-03-30 12:40:00,2026-03-30 15:33:00
QQQ-IC-0DTE-Fortress-NoPT50,IC,QQQ,experiment,baseline,T00853,QQQ,shortputspread,closed,26,0.12,0.09,78,4888,2026-03-30 13:31:02,2026-03-30 15:50:01,2026-03-30 16:00:00,put side,False,556,554,,,-312,559.74,557.41,0.66666667,-4.25,2026-03-30 14:37:00,2026-03-30 15:29:00
QQQ-IC-0DTE-Range075-PT50-Wide2-1230PM,IC,QQQ,experiment,baseline,T00854,QQQ,shortcallspread,closed,1,0.09,0.01,8,191,2026-03-30 12:31:03,2026-03-30 15:50:01,2026-03-30 16:00:00,call side,False,,,566,568,-9,561.64,557.41,1,-0.44444444,2026-03-30 14:30:00,2026-03-30 12:40:00
QQQ-IC-0DTE-Baseline,IC,QQQ,control,baseline,T00855,QQQ,ironcondor,closed,119,0.16,0.08,952,9996,2026-03-30 13:30:36,2026-03-30 14:38:33,2026-03-30 16:00:00,,False,556,555,563,564,-1904,559.78,559.43,0.625,-0.125,2026-03-30 14:38:00,2026-03-30 13:30:36
QQQ-IC-0DTE-HedgeD-Conditional,IC,QQQ,experiment,baseline,T00856,QQQ,shortputspread,closed,28,0.24,1,-2128,4928,2026-03-30 11:01:01,2026-03-30 14:28:01,2026-03-30 16:00:00,put side,False,560,558,,,-672,564.58,558.82,0.45833333,-3.125,2026-03-30 11:52:00,2026-03-30 14:28:00
QQQ-IC-0DTE-Fortress,IC,QQQ,experiment,baseline,T00851,QQQ,shortcallspread,closed,26,0.09,0.04,130,4966,2026-03-30 13:33:03,2026-03-30 14:24:11,2026-03-30 16:00:00,call side,False,,,563,565,-234,559.26,559.46,0.66666667,-1.11111111,2026-03-30 14:24:00,2026-03-30 13:46:00
QQQ-IC-0DTE-HedgeA-S1,IC,QQQ,experiment,baseline,T00857,QQQ,shortputspread,closed,28,0.24,0.77,-1484,4928,2026-03-30 11:01:01,2026-03-30 13:28:01,2026-03-30 16:00:00,put side,False,560,558,,,-672,564.58,559.79,0.45833333,-2.125,2026-03-30 11:52:00,2026-03-30 13:28:00
QQQ-IC-0DTE-HedgeTest,IC,QQQ,experiment,baseline,T00858,QQQ,shortputspread,closed,28,0.24,0.76,-1456,4928,2026-03-30 11:01:01,2026-03-30 13:28:01,2026-03-30 16:00:00,put side,False,560,558,,,-672,564.58,559.79,0.45833333,-2.125,2026-03-30 11:52:00,2026-03-30 13:28:00
QQQ-IC-0DTE-HedgeB-S2,IC,QQQ,experiment,baseline,T00859,QQQ,shortcallspread,closed,27,0.19,0.09,270,4887,2026-03-30 11:01:03,2026-03-30 11:15:12,2026-03-30 16:00:00,call side,False,,,569,571,-513,564.55,562.65,0.57894737,-0.21052632,2026-03-30 11:15:00,2026-03-30 11:04:00
QQQ-IC-0DTE-HedgeD-Conditional,IC,QQQ,experiment,baseline,T00856,QQQ,shortcallspread,closed,27,0.19,0.09,270,4887,2026-03-30 11:01:03,2026-03-30 11:15:11,2026-03-30 16:00:00,call side,False,,,569,571,-513,564.55,562.65,0.57894737,-0.21052632,2026-03-30 11:15:00,2026-03-30 11:04:00
QQQ-IC-0DTE-HedgeA-S1,IC,QQQ,experiment,baseline,T00857,QQQ,shortcallspread,closed,27,0.19,0.09,270,4887,2026-03-30 11:01:03,2026-03-30 11:15:11,2026-03-30 16:00:00,call side,False,,,569,571,-513,564.55,562.65,0.57894737,-0.21052632,2026-03-30 11:15:00,2026-03-30 11:04:00
QQQ-IC-0DTE-HedgeTest,IC,QQQ,experiment,baseline,T00858,QQQ,shortcallspread,closed,27,0.19,0.09,270,4887,2026-03-30 11:01:03,2026-03-30 11:15:11,2026-03-30 16:00:00,call side,False,,,569,571,-513,564.55,562.65,0.57894737,-0.21052632,2026-03-30 11:15:00,2026-03-30 11:04:00
QQQ-IC-0DTE-HedgeC-S3,IC,QQQ,experiment,baseline,T00860,QQQ,shortcallspread,closed,27,0.19,0.09,270,4887,2026-03-30 11:01:03,2026-03-30 11:15:11,2026-03-30 16:00:00,call side,False,,,569,571,-513,564.55,562.65,0.57894737,-0.21052632,2026-03-30 11:15:00,2026-03-30 11:04:00
QQQ-IC-0DTE-HedgeB-S2,IC,QQQ,experiment,baseline,T00859,QQQ,shortputspread,closed,28,0.24,0.39,-420,4928,2026-03-30 11:01:01,2026-03-30 11:15:02,2026-03-30 16:00:00,put side,False,560,558,,,-672,564.58,562.63,0.16666667,-0.625,2026-03-30 11:05:00,2026-03-30 11:15:00
QQQ-IC-0DTE-HedgeC-S3,IC,QQQ,experiment,baseline,T00860,QQQ,shortputspread,closed,28,0.24,0.4,-448,4928,2026-03-30 11:01:01,2026-03-30 11:15:01,2026-03-30 16:00:00,put side,False,560,558,,,-672,564.58,562.63,0.16666667,-0.625,2026-03-30 11:05:00,2026-03-30 11:15:00
QQQ-IC-0DTE-Raw-HoldToExp,IC,QQQ,control,baseline,T00861,QQQ,shortcallspread,expired,1,0.2,0,20,180,2026-03-27 11:01:02,2026-03-27 16:15:00,2026-03-27 16:00:00,call side,False,,,572,574,-20,567.4,562.58,1,-0.9,2026-03-27 15:32:00,2026-03-27 11:34:00
QQQ-IC-0DTE-Raw-HoldToExp,IC,QQQ,control,baseline,T00861,QQQ,shortputspread,closed,1,0.22,0.85,-63,178,2026-03-27 11:01:01,2026-03-27 15:50:00,2026-03-27 16:00:00,put side,False,563,561,,,-22,567.41,562.35,0.54545455,-3.72727273,2026-03-27 11:34:00,2026-03-27 15:47:00
QQQ-IC-0DTE-Baseline,IC,QQQ,control,baseline,T00862,QQQ,ironcondor,closed,126,0.21,0.09,1512,9954,2026-03-27 13:30:35,2026-03-27 15:08:32,2026-03-27 16:00:00,,False,560,559,567,568,-2646,564.31,562.86,0.66666667,-0.14285714,2026-03-27 15:08:00,2026-03-27 13:34:00
QQQ-IC-0DTE-HedgeA-S1,IC,QQQ,experiment,baseline,T00863,QQQ,shortcallspread,closed,27,0.2,0.1,270,4860,2026-03-27 11:01:02,2026-03-27 12:26:11,2026-03-27 16:00:00,call side,False,,,572,574,-540,567.4,566.79,0.55,-0.9,2026-03-27 12:26:00,2026-03-27 11:34:00
QQQ-IC-0DTE-HedgeTest,IC,QQQ,experiment,baseline,T00864,QQQ,shortcallspread,closed,27,0.2,0.1,270,4860,2026-03-27 11:01:02,2026-03-27 12:26:11,2026-03-27 16:00:00,call side,False,,,572,574,-540,567.4,566.79,0.55,-0.9,2026-03-27 12:26:00,2026-03-27 11:34:00
QQQ-IC-0DTE-HedgeD-Conditional,IC,QQQ,experiment,baseline,T00865,QQQ,shortcallspread,closed,27,0.2,0.1,270,4860,2026-03-27 11:01:02,2026-03-27 12:26:11,2026-03-27 16:00:00,call side,False,,,572,574,-540,567.4,566.79,0.55,-0.9,2026-03-27 12:26:00,2026-03-27 11:34:00
QQQ-IC-0DTE-HedgeA-S1,IC,QQQ,experiment,baseline,T00863,QQQ,shortputspread,closed,28,0.22,0.11,308,4984,2026-03-27 11:01:01,2026-03-27 11:34:11,2026-03-27 16:00:00,put side,False,563,561,,,-616,567.41,569.52,0.54545455,-0.36363636,2026-03-27 11:34:00,2026-03-27 11:18:00
QQQ-IC-0DTE-HedgeD-Conditional,IC,QQQ,experiment,baseline,T00865,QQQ,shortputspread,closed,28,0.22,0.11,308,4984,2026-03-27 11:01:01,2026-03-27 11:34:11,2026-03-27 16:00:00,put side,False,563,561,,,-616,567.41,569.52,0.54545455,-0.36363636,2026-03-27 11:34:00,2026-03-27 11:18:00
QQQ-IC-0DTE-HedgeC-S3,IC,QQQ,experiment,baseline,T00866,QQQ,shortputspread,closed,28,0.22,0.11,308,4984,2026-03-27 11:01:01,2026-03-27 11:34:11,2026-03-27 16:00:00,put side,False,563,561,,,-616,567.41,569.52,0.54545455,-0.36363636,2026-03-27 11:34:00,2026-03-27 11:18:00
QQQ-IC-0DTE-HedgeTest,IC,QQQ,experiment,baseline,T00864,QQQ,shortputspread,closed,28,0.22,0.11,308,4984,2026-03-27 11:01:01,2026-03-27 11:34:11,2026-03-27 16:00:00,put side,False,563,561,,,-616,567.41,569.52,0.54545455,-0.36363636,2026-03-27 11:34:00,2026-03-27 11:18:00
QQQ-IC-0DTE-HedgeB-S2,IC,QQQ,experiment,baseline,T00867,QQQ,shortputspread,closed,28,0.22,0.11,308,4984,2026-03-27 11:01:01,2026-03-27 11:34:11,2026-03-27 16:00:00,put side,False,563,561,,,-616,567.41,569.52,0.54545455,-0.36363636,2026-03-27 11:34:00,2026-03-27 11:18:00
QQQ-IC-0DTE-HedgeC-S3,IC,QQQ,experiment,baseline,T00866,QQQ,shortcallspread,closed,27,0.2,0.35,-405,4860,2026-03-27 11:01:02,2026-03-27 11:31:01,2026-03-27 16:00:00,call side,False,,,572,574,-540,567.4,568.9,0.4,-0.7,2026-03-27 11:21:00,2026-03-27 11:31:00
QQQ-IC-0DTE-HedgeB-S2,IC,QQQ,experiment,baseline,T00867,QQQ,shortcallspread,closed,27,0.2,0.35,-405,4860,2026-03-27 11:01:02,2026-03-27 11:31:01,2026-03-27 16:00:00,call side,False,,,572,574,-540,567.4,568.9,0.4,-0.7,2026-03-27 11:21:00,2026-03-27 11:31:00
QQQ-IC-0DTE-Baseline,IC,QQQ,control,baseline,T00868,QQQ,ironcondor,closed,109,0.09,0.05,436,9919,2026-03-26 13:30:35,2026-03-26 15:50:01,2026-03-26 16:00:00,,False,573,572,581,582,-981,577.78,574.47,0.55555556,-1,2026-03-26 15:02:00,2026-03-26 14:00:00
QQQ-IC-0DTE-Raw-HoldToExp,IC,QQQ,control,baseline,T00869,QQQ,shortputspread,closed,1,0.19,1.86,-167,181,2026-03-26 11:01:01,2026-03-26 15:50:01,2026-03-26 16:00:00,put side,False,577,575,,,-19,581.65,574.47,0.42105263,-9,2026-03-26 11:53:00,2026-03-26 15:46:00
QQQ-IC-0DTE-Raw-HoldToExp,IC,QQQ,control,baseline,T00869,QQQ,shortcallspread,closed,1,0.17,0.01,16,183,2026-03-26 11:01:03,2026-03-26 15:50:01,2026-03-26 16:00:00,call side,False,,,586,588,-17,581.66,574.47,1,-0.05882353,2026-03-26 14:12:00,2026-03-26 11:01:03
QQQ-IC-0DTE-HedgeD-Conditional,IC,QQQ,experiment,baseline,T00870,QQQ,shortputspread,closed,27,0.19,1.05,-2322,4887,2026-03-26 11:01:01,2026-03-26 13:55:01,2026-03-26 16:00:00,put side,False,577,575,,,-513,581.65,575.86,0.42105263,-4.42105263,2026-03-26 11:53:00,2026-03-26 13:55:00
QQQ-IC-0DTE-HedgeTest,IC,QQQ,experiment,baseline,T00871,QQQ,shortputspread,closed,27,0.19,0.71,-1404,4887,2026-03-26 11:01:01,2026-03-26 13:45:07,2026-03-26 16:00:00,put side,False,577,575,,,-513,581.65,577.11,0.42105263,-2.68421053,2026-03-26 11:53:00,2026-03-26 13:44:00
QQQ-IC-0DTE-HedgeA-S1,IC,QQQ,experiment,baseline,T00872,QQQ,shortputspread,closed,27,0.19,0.71,-1404,4887,2026-03-26 11:01:01,2026-03-26 13:45:02,2026-03-26 16:00:00,put side,False,577,575,,,-513,581.65,576.97,0.42105263,-2.68421053,2026-03-26 11:53:00,2026-03-26 13:44:00
QQQ-IC-0DTE-HedgeB-S2,IC,QQQ,experiment,baseline,T00873,QQQ,shortcallspread,closed,27,0.17,0.07,270,4941,2026-03-26 11:01:03,2026-03-26 11:33:11,2026-03-26 16:00:00,call side,False,,,586,588,-459,581.66,580.34,0.64705882,-0.05882353,2026-03-26 11:33:00,2026-03-26 11:01:03
QQQ-IC-0DTE-HedgeTest,IC,QQQ,experiment,baseline,T00871,QQQ,shortcallspread,closed,27,0.17,0.07,270,4941,2026-03-26 11:01:03,2026-03-26 11:33:11,2026-03-26 16:00:00,call side,False,,,586,588,-459,581.66,580.34,0.64705882,-0.05882353,2026-03-26 11:33:00,2026-03-26 11:01:03
QQQ-IC-0DTE-HedgeD-Conditional,IC,QQQ,experiment,baseline,T00870,QQQ,shortcallspread,closed,27,0.17,0.07,270,4941,2026-03-26 11:01:03,2026-03-26 11:33:11,2026-03-26 16:00:00,call side,False,,,586,588,-459,581.66,580.34,0.64705882,-0.05882353,2026-03-26 11:33:00,2026-03-26 11:01:03
QQQ-IC-0DTE-HedgeC-S3,IC,QQQ,experiment,baseline,T00874,QQQ,shortcallspread,closed,27,0.17,0.07,270,4941,2026-03-26 11:01:03,2026-03-26 11:33:11,2026-03-26 16:00:00,call side,False,,,586,588,-459,581.66,580.34,0.64705882,-0.05882353,2026-03-26 11:33:00,2026-03-26 11:01:03
QQQ-IC-0DTE-HedgeA-S1,IC,QQQ,experiment,baseline,T00872,QQQ,shortcallspread,closed,27,0.17,0.07,270,4941,2026-03-26 11:01:03,2026-03-26 11:33:11,2026-03-26 16:00:00,call side,False,,,586,588,-459,581.66,580.34,0.64705882,-0.05882353,2026-03-26 11:33:00,2026-03-26 11:01:03
QQQ-IC-0DTE-HedgeC-S3,IC,QQQ,experiment,baseline,T00874,QQQ,shortputspread,closed,27,0.19,0.3,-297,4887,2026-03-26 11:01:01,2026-03-26 11:32:01,2026-03-26 16:00:00,put side,False,577,575,,,-513,581.65,580.2,0.10526316,-0.52631579,2026-03-26 11:02:00,2026-03-26 11:32:00
QQQ-IC-0DTE-HedgeB-S2,IC,QQQ,experiment,baseline,T00873,QQQ,shortputspread,closed,27,0.19,0.22,-81,4887,2026-03-26 11:01:01,2026-03-26 11:30:01,2026-03-26 16:00:00,put side,False,577,575,,,-513,581.65,580.85,0.10526316,-0.26315789,2026-03-26 11:02:00,2026-03-26 11:18:00
QQQ-IC-0DTE-Raw-HoldToExp,IC,QQQ,control,baseline,T00875,QQQ,shortputspread,closed,1,0.21,0.13,8,179,2026-03-25 11:01:01,2026-03-25 15:50:00,2026-03-25 16:00:00,put side,False,586,584,,,-21,590.14,587.06,0.66666667,-2.85714286,2026-03-25 14:17:00,2026-03-25 11:18:00
QQQ-IC-0DTE-Raw-HoldToExp,IC,QQQ,control,baseline,T00875,QQQ,shortcallspread,closed,1,0.09,0.01,8,191,2026-03-25 11:01:02,2026-03-25 15:50:00,2026-03-25 16:00:00,call side,False,,,595,597,-9,590.12,587.06,1,-0.44444444,2026-03-25 14:32:00,2026-03-25 11:04:00
QQQ-IC-0DTE-Baseline,IC,QQQ,control,baseline,T00876,QQQ,ironcondor,closed,112,0.11,0.05,672,9968,2026-03-25 13:30:34,2026-03-25 15:23:33,2026-03-25 16:00:00,,False,585,584,592,593,-1232,589.09,587.81,0.72727273,-0.72727273,2026-03-25 15:23:00,2026-03-25 13:44:00
QQQ-IC-0DTE-HedgeD-Conditional,IC,QQQ,experiment,baseline,T00877,QQQ,shortputspread,closed,27,0.21,0.09,324,4833,2026-03-25 11:01:01,2026-03-25 13:44:11,2026-03-25 16:00:00,put side,False,586,584,,,-567,590.14,590.17,0.61904762,-2.85714286,2026-03-25 13:44:00,2026-03-25 11:18:00
QQQ-IC-0DTE-Range075-PT50-Wide2-1230PM,IC,QQQ,experiment,baseline,T00878,QQQ,shortputspread,closed,1,0.1,0.05,5,190,2026-03-25 13:06:01,2026-03-25 13:36:11,2026-03-25 16:00:00,put side,True,584,582,,,-10,588.1,589.34,0.6,-0.1,2026-03-25 13:36:00,2026-03-25 13:06:01
QQQ-IC-0DTE-HedgeB-S2,IC,QQQ,experiment,baseline,T00879,QQQ,shortcallspread,closed,26,0.09,0.04,130,4966,2026-03-25 11:01:02,2026-03-25 11:18:11,2026-03-25 16:00:00,call side,False,,,595,597,-234,590.12,585.91,0.66666667,-0.44444444,2026-03-25 11:18:00,2026-03-25 11:04:00
QQQ-IC-0DTE-HedgeA-S1,IC,QQQ,experiment,baseline,T00880,QQQ,shortcallspread,closed,26,0.09,0.04,130,4966,2026-03-25 11:01:02,2026-03-25 11:18:11,2026-03-25 16:00:00,call side,False,,,595,597,-234,590.12,585.91,0.66666667,-0.44444444,2026-03-25 11:18:00,2026-03-25 11:04:00
QQQ-IC-0DTE-HedgeTest,IC,QQQ,experiment,baseline,T00881,QQQ,shortcallspread,closed,26,0.09,0.04,130,4966,2026-03-25 11:01:02,2026-03-25 11:18:11,2026-03-25 16:00:00,call side,False,,,595,597,-234,590.12,585.91,0.66666667,-0.44444444,2026-03-25 11:18:00,2026-03-25 11:04:00
QQQ-IC-0DTE-HedgeC-S3,IC,QQQ,experiment,baseline,T00882,QQQ,shortcallspread,closed,26,0.09,0.04,130,4966,2026-03-25 11:01:02,2026-03-25 11:18:11,2026-03-25 16:00:00,call side,False,,,595,597,-234,590.12,585.91,0.66666667,-0.44444444,2026-03-25 11:18:00,2026-03-25 11:04:00
QQQ-IC-0DTE-HedgeD-Conditional,IC,QQQ,experiment,baseline,T00877,QQQ,shortcallspread,closed,26,0.09,0.04,130,4966,2026-03-25 11:01:02,2026-03-25 11:18:11,2026-03-25 16:00:00,call side,False,,,595,597,-234,590.12,585.91,0.66666667,-0.44444444,2026-03-25 11:18:00,2026-03-25 11:04:00
QQQ-IC-0DTE-HedgeTest,IC,QQQ,experiment,baseline,T00881,QQQ,shortputspread,closed,27,0.21,0.81,-1620,4833,2026-03-25 11:01:01,2026-03-25 11:18:00,2026-03-25 16:00:00,put side,False,586,584,,,-567,590.14,585.73,0.04761905,-2.85714286,2026-03-25 11:02:00,2026-03-25 11:18:00
QQQ-IC-0DTE-HedgeA-S1,IC,QQQ,experiment,baseline,T00880,QQQ,shortputspread,closed,27,0.21,0.86,-1755,4833,2026-03-25 11:01:01,2026-03-25 11:18:00,2026-03-25 16:00:00,put side,False,586,584,,,-567,590.14,585.73,0.04761905,-2.85714286,2026-03-25 11:02:00,2026-03-25 11:18:00
QQQ-IC-0DTE-HedgeB-S2,IC,QQQ,experiment,baseline,T00879,QQQ,shortputspread,closed,27,0.21,0.45,-648,4833,2026-03-25 11:01:01,2026-03-25 11:15:01,2026-03-25 16:00:00,put side,False,586,584,,,-567,590.14,588.03,0.04761905,-1,2026-03-25 11:02:00,2026-03-25 11:15:00
QQQ-IC-0DTE-HedgeC-S3,IC,QQQ,experiment,baseline,T00882,QQQ,shortputspread,closed,27,0.21,0.35,-378,4833,2026-03-25 11:01:01,2026-03-25 11:10:00,2026-03-25 16:00:00,put side,False,586,584,,,-567,590.14,588.85,0.04761905,-0.61904762,2026-03-25 11:02:00,2026-03-25 11:10:00
QQQ-IC-0DTE-Raw-HoldToExp,IC,QQQ,control,baseline,T00883,QQQ,shortcallspread,closed,1,0.08,0.01,7,192,2026-03-24 12:08:01,2026-03-24 15:50:00,2026-03-24 16:00:00,call side,False,,,590,592,-8,585.51,584.17,1,-1.25,2026-03-24 15:29:00,2026-03-24 12:23:00
QQQ-IC-0DTE-Fortress-NoPT50,IC,QQQ,experiment,baseline,T00884,QQQ,shortcallspread,closed,26,0.08,0.01,182,4992,2026-03-24 13:56:02,2026-03-24 15:50:00,2026-03-24 16:00:00,call side,True,,,588,590,-208,584.1,584.17,1,-3.875,2026-03-24 15:46:00,2026-03-24 14:41:00
QQQ-IC-0DTE-Fortress-NoPT50,IC,QQQ,experiment,baseline,T00885,QQQ,shortputspread,closed,26,0.09,0.01,208,4966,2026-03-24 13:31:01,2026-03-24 15:50:00,2026-03-24 16:00:00,put side,True,580,578,,,-234,584.01,584.17,1,-1.11111111,2026-03-24 15:20:00,2026-03-24 13:45:00
QQQ-IC-0DTE-Raw-HoldToExp,IC,QQQ,control,baseline,T00883,QQQ,shortputspread,closed,1,0.13,0.02,11,187,2026-03-24 12:07:01,2026-03-24 15:50:00,2026-03-24 16:00:00,put side,False,581,579,,,-13,585.34,584.17,1,-1.84615385,2026-03-24 15:42:00,2026-03-24 13:18:00
QQQ-IC-0DTE-Range075-PT50-Wide2-1230PM,IC,QQQ,experiment,baseline,T00886,QQQ,shortcallspread,closed,1,0.07,0.01,6,193,2026-03-24 12:33:02,2026-03-24 15:50:00,2026-03-24 16:00:00,call side,False,,,591,593,-7,586.58,584.17,1,-0.14285714,2026-03-24 15:26:00,2026-03-24 12:33:02
QQQ-IC-0DTE-Baseline,IC,QQQ,control,baseline,T00887,QQQ,ironcondor,closed,120,0.17,0.07,1200,9960,2026-03-24 13:30:34,2026-03-24 15:45:32,2026-03-24 16:00:00,,False,579,578,586,587,-2040,583.5,584.18,0.70588235,-2.64705882,2026-03-24 15:45:00,2026-03-24 14:41:00
QQQ-IC-0DTE-Range075-PT50-Wide2-155PM,IC,QQQ,experiment,baseline,T00888,QQQ,shortcallspread,closed,1,0.1,0.04,6,190,2026-03-24 13:56:02,2026-03-24 15:27:11,2026-03-24 16:00:00,call side,False,,,588,590,-10,584.1,585.57,0.7,-2.9,2026-03-24 15:27:00,2026-03-24 14:41:00
QQQ-IC-0DTE-Fortress,IC,QQQ,experiment,baseline,T00889,QQQ,shortcallspread,closed,26,0.08,0.04,104,4992,2026-03-24 13:56:02,2026-03-24 15:27:11,2026-03-24 16:00:00,call side,True,,,588,590,-208,584.1,585.57,0.625,-3.875,2026-03-24 15:27:00,2026-03-24 14:41:00
QQQ-IC-0DTE-Range075-PT50-Wide2-1230PM,IC,QQQ,experiment,baseline,T00886,QQQ,shortputspread,closed,1,0.11,0.05,6,189,2026-03-24 12:31:01,2026-03-24 14:39:11,2026-03-24 16:00:00,put side,False,582,580,,,-11,586.37,586.32,0.63636364,-4,2026-03-24 14:39:00,2026-03-24 13:18:00
QQQ-IC-0DTE-Fortress,IC,QQQ,experiment,baseline,T00890,QQQ,shortputspread,closed,26,0.09,0.04,130,4966,2026-03-24 13:31:01,2026-03-24 14:32:11,2026-03-24 16:00:00,put side,True,580,578,,,-234,584.01,585.66,0.66666667,-1.11111111,2026-03-24 14:32:00,2026-03-24 13:45:00
QQQ-IC-0DTE-Range075-PT50-Wide2-155PM,IC,QQQ,experiment,baseline,T00888,QQQ,shortputspread,closed,1,0.1,0.04,6,190,2026-03-24 13:56:01,2026-03-24 14:28:11,2026-03-24 16:00:00,put side,False,580,578,,,-10,584.04,584.85,0.7,0,2026-03-24 14:28:00,2026-03-24 13:56:01
QQQ-IC-0DTE-HedgeA-S1,IC,QQQ,experiment,baseline,T00891,QQQ,shortcallspread,closed,28,0.27,0.13,392,4844,2026-03-24 11:01:02,2026-03-24 12:02:10,2026-03-24 16:00:00,call side,False,,,590,592,-756,585.72,585.61,0.55555556,-0.62962963,2026-03-24 12:02:00,2026-03-24 11:26:00
QQQ-IC-0DTE-HedgeD-Conditional,IC,QQQ,experiment,baseline,T00892,QQQ,shortcallspread,closed,28,0.27,0.13,392,4844,2026-03-24 11:01:02,2026-03-24 12:02:10,2026-03-24 16:00:00,call side,False,,,590,592,-756,585.72,585.61,0.55555556,-0.62962963,2026-03-24 12:02:00,2026-03-24 11:26:00
QQQ-IC-0DTE-HedgeTest,IC,QQQ,experiment,baseline,T00893,QQQ,shortcallspread,closed,28,0.27,0.13,392,4844,2026-03-24 11:01:02,2026-03-24 12:02:10,2026-03-24 16:00:00,call side,False,,,590,592,-756,585.72,585.61,0.55555556,-0.62962963,2026-03-24 12:02:00,2026-03-24 11:26:00
QQQ-IC-0DTE-HedgeC-S3,IC,QQQ,experiment,baseline,T00894,QQQ,shortcallspread,closed,28,0.27,0.45,-504,4844,2026-03-24 11:01:02,2026-03-24 11:26:01,2026-03-24 16:00:00,call side,False,,,590,592,-756,585.72,587.86,0.18518519,-0.62962963,2026-03-24 11:11:00,2026-03-24 11:26:00
QQQ-IC-0DTE-HedgeA-S1,IC,QQQ,experiment,baseline,T00891,QQQ,shortputspread,closed,28,0.25,0.12,364,4900,2026-03-24 11:01:01,2026-03-24 11:23:11,2026-03-24 16:00:00,put side,False,581,579,,,-700,585.78,586.97,0.56,-0.04,2026-03-24 11:23:00,2026-03-24 11:01:01
QQQ-IC-0DTE-HedgeC-S3,IC,QQQ,experiment,baseline,T00894,QQQ,shortputspread,closed,28,0.25,0.12,364,4900,2026-03-24 11:01:01,2026-03-24 11:23:11,2026-03-24 16:00:00,put side,False,581,579,,,-700,585.78,586.97,0.56,-0.04,2026-03-24 11:23:00,2026-03-24 11:01:01
QQQ-IC-0DTE-HedgeD-Conditional,IC,QQQ,experiment,baseline,T00892,QQQ,shortputspread,closed,28,0.25,0.12,364,4900,2026-03-24 11:01:01,2026-03-24 11:23:11,2026-03-24 16:00:00,put side,False,581,579,,,-700,585.78,586.97,0.56,-0.04,2026-03-24 11:23:00,2026-03-24 11:01:01
QQQ-IC-0DTE-HedgeTest,IC,QQQ,experiment,baseline,T00893,QQQ,shortputspread,closed,28,0.25,0.12,364,4900,2026-03-24 11:01:01,2026-03-24 11:23:11,2026-03-24 16:00:00,put side,False,581,579,,,-700,585.78,586.97,0.56,-0.04,2026-03-24 11:23:00,2026-03-24 11:01:01
QQQ-IC-0DTE-HedgeB-S2,IC,QQQ,experiment,baseline,T00895,QQQ,shortputspread,closed,28,0.25,0.12,364,4900,2026-03-24 11:01:01,2026-03-24 11:23:11,2026-03-24 16:00:00,put side,False,581,579,,,-700,585.78,586.97,0.56,-0.04,2026-03-24 11:23:00,2026-03-24 11:01:01
QQQ-IC-0DTE-HedgeB-S2,IC,QQQ,experiment,baseline,T00895,QQQ,shortcallspread,closed,28,0.27,0.36,-252,4844,2026-03-24 11:01:02,2026-03-24 11:23:01,2026-03-24 16:00:00,call side,False,,,590,592,-756,585.72,587.18,0.18518519,-0.2962963,2026-03-24 11:11:00,2026-03-24 11:23:00
QQQ-IC-0DTE-Baseline,IC,QQQ,control,baseline,T00896,QQQ,ironcondor,closed,120,0.17,0.5,-3960,9960,2026-03-23 13:30:34,2026-03-23 15:50:11,2026-03-23 16:00:00,,False,583,582,590,591,-2040,587.24,589.74,-0.17647059,-2.88235294,2026-03-23 13:31:00,2026-03-23 14:38:00
QQQ-IC-0DTE-HedgeD-Conditional,IC,QQQ,experiment,baseline,T00897,QQQ,shortputspread,closed,27,0.18,1.01,-2241,4914,2026-03-23 11:01:01,2026-03-23 11:59:01,2026-03-23 16:00:00,put side,False,589,587,,,-486,593.56,587.54,0.33333333,-4.38888889,2026-03-23 11:03:00,2026-03-23 11:59:00
QQQ-IC-0DTE-HedgeTest,IC,QQQ,experiment,baseline,T00898,QQQ,shortputspread,closed,27,0.18,0.76,-1566,4914,2026-03-23 11:01:01,2026-03-23 11:56:00,2026-03-23 16:00:00,put side,False,589,587,,,-486,593.56,588.89,0.33333333,-3.16666667,2026-03-23 11:03:00,2026-03-23 11:56:00
QQQ-IC-0DTE-HedgeA-S1,IC,QQQ,experiment,baseline,T00899,QQQ,shortputspread,closed,27,0.18,0.78,-1620,4914,2026-03-23 11:01:01,2026-03-23 11:56:00,2026-03-23 16:00:00,put side,False,589,587,,,-486,593.56,588.89,0.33333333,-3.16666667,2026-03-23 11:03:00,2026-03-23 11:56:00
QQQ-IC-0DTE-HedgeA-S1,IC,QQQ,experiment,baseline,T00899,QQQ,shortcallspread,closed,26,0.11,0.05,156,4914,2026-03-23 11:01:03,2026-03-23 11:40:12,2026-03-23 16:00:00,call side,False,,,598,600,-286,593.6,591.69,0.63636364,-1.09090909,2026-03-23 11:40:00,2026-03-23 11:03:00
QQQ-IC-0DTE-HedgeD-Conditional,IC,QQQ,experiment,baseline,T00897,QQQ,shortcallspread,closed,26,0.11,0.05,156,4914,2026-03-23 11:01:03,2026-03-23 11:40:12,2026-03-23 16:00:00,call side,False,,,598,600,-286,593.6,591.69,0.63636364,-1.09090909,2026-03-23 11:40:00,2026-03-23 11:03:00
QQQ-IC-0DTE-HedgeB-S2,IC,QQQ,experiment,baseline,T00900,QQQ,shortcallspread,closed,26,0.11,0.05,156,4914,2026-03-23 11:01:03,2026-03-23 11:40:12,2026-03-23 16:00:00,call side,False,,,598,600,-286,593.6,591.69,0.63636364,-1.09090909,2026-03-23 11:40:00,2026-03-23 11:03:00
QQQ-IC-0DTE-HedgeTest,IC,QQQ,experiment,baseline,T00898,QQQ,shortcallspread,closed,26,0.11,0.05,156,4914,2026-03-23 11:01:03,2026-03-23 11:40:12,2026-03-23 16:00:00,call side,False,,,598,600,-286,593.6,591.69,0.63636364,-1.09090909,2026-03-23 11:40:00,2026-03-23 11:03:00
QQQ-IC-0DTE-HedgeB-S2,IC,QQQ,experiment,baseline,T00900,QQQ,shortputspread,closed,27,0.18,0.29,-297,4914,2026-03-23 11:01:01,2026-03-23 11:37:01,2026-03-23 16:00:00,put side,False,589,587,,,-486,593.56,592.09,0.33333333,-0.55555556,2026-03-23 11:03:00,2026-03-23 11:37:00
QQQ-IC-0DTE-HedgeC-S3,IC,QQQ,experiment,baseline,T00901,QQQ,shortputspread,closed,27,0.18,0.29,-297,4914,2026-03-23 11:01:01,2026-03-23 11:37:01,2026-03-23 16:00:00,put side,False,589,587,,,-486,593.56,592.09,0.33333333,-0.55555556,2026-03-23 11:03:00,2026-03-23 11:37:00
QQQ-IC-0DTE-HedgeC-S3,IC,QQQ,experiment,baseline,T00901,QQQ,shortcallspread,closed,26,0.11,0.24,-338,4914,2026-03-23 11:01:03,2026-03-23 11:03:01,2026-03-23 16:00:00,call side,False,,,598,600,-286,593.6,594.76,-0.09090909,-1.09090909,2026-03-23 11:01:03,2026-03-23 11:03:00
QQQ-IC-0DTE-Baseline,IC,QQQ,control,baseline,T00902,QQQ,ironcondor,closed,117,0.15,0.72,-6669,9945,2026-03-20 13:30:34,2026-03-20 15:50:00,2026-03-20 16:00:00,,False,581,580,588,589,-1755,585.05,579.92,0.2,-4.2,2026-03-20 14:01:00,2026-03-20 15:38:00
QQQ-IC-0DTE-HedgeD-Conditional,IC,QQQ,experiment,baseline,T00903,QQQ,shortputspread,closed,28,0.24,1.04,-2240,4928,2026-03-20 11:01:00,2026-03-20 14:37:00,2026-03-20 16:00:00,put side,False,583,581,,,-672,587.01,581.92,0.5,-3.25,2026-03-20 12:12:00,2026-03-20 14:37:00
QQQ-IC-0DTE-HedgeTest,IC,QQQ,experiment,baseline,T00904,QQQ,shortputspread,closed,28,0.24,0.91,-1876,4928,2026-03-20 11:01:00,2026-03-20 14:23:06,2026-03-20 16:00:00,put side,False,583,581,,,-672,587.01,582.47,0.5,-2.75,2026-03-20 12:12:00,2026-03-20 14:23:00
QQQ-IC-0DTE-HedgeA-S1,IC,QQQ,experiment,baseline,T00905,QQQ,shortputspread,closed,28,0.24,0.91,-1876,4928,2026-03-20 11:01:00,2026-03-20 14:23:01,2026-03-20 16:00:00,put side,False,583,581,,,-672,587.01,582.28,0.5,-2.75,2026-03-20 12:12:00,2026-03-20 14:23:00
QQQ-IC-0DTE-HedgeD-Conditional,IC,QQQ,experiment,baseline,T00903,QQQ,shortcallspread,closed,28,0.22,0.11,308,4984,2026-03-20 11:01:01,2026-03-20 11:41:11,2026-03-20 16:00:00,call side,False,,,591,593,-616,586.98,585.99,0.54545455,-0.27272727,2026-03-20 11:41:00,2026-03-20 11:24:00
QQQ-IC-0DTE-HedgeTest,IC,QQQ,experiment,baseline,T00904,QQQ,shortcallspread,closed,28,0.22,0.11,308,4984,2026-03-20 11:01:01,2026-03-20 11:41:11,2026-03-20 16:00:00,call side,False,,,591,593,-616,586.98,585.99,0.54545455,-0.27272727,2026-03-20 11:41:00,2026-03-20 11:24:00
QQQ-IC-0DTE-HedgeC-S3,IC,QQQ,experiment,baseline,T00906,QQQ,shortcallspread,closed,28,0.22,0.11,308,4984,2026-03-20 11:01:01,2026-03-20 11:41:11,2026-03-20 16:00:00,call side,False,,,591,593,-616,586.98,585.99,0.54545455,-0.27272727,2026-03-20 11:41:00,2026-03-20 11:24:00
QQQ-IC-0DTE-HedgeA-S1,IC,QQQ,experiment,baseline,T00905,QQQ,shortcallspread,closed,28,0.22,0.11,308,4984,2026-03-20 11:01:01,2026-03-20 11:41:11,2026-03-20 16:00:00,call side,False,,,591,593,-616,586.98,585.99,0.54545455,-0.27272727,2026-03-20 11:41:00,2026-03-20 11:24:00
QQQ-IC-0DTE-HedgeB-S2,IC,QQQ,experiment,baseline,T00907,QQQ,shortcallspread,closed,28,0.22,0.11,308,4984,2026-03-20 11:01:01,2026-03-20 11:41:11,2026-03-20 16:00:00,call side,False,,,591,593,-616,586.98,585.99,0.54545455,-0.27272727,2026-03-20 11:41:00,2026-03-20 11:24:00
QQQ-IC-0DTE-HedgeB-S2,IC,QQQ,experiment,baseline,T00907,QQQ,shortputspread,closed,28,0.24,0.34,-280,4928,2026-03-20 11:01:00,2026-03-20 11:41:00,2026-03-20 16:00:00,put side,False,583,581,,,-672,587.01,585.84,0.08333333,-0.83333333,2026-03-20 11:24:00,2026-03-20 11:09:00
QQQ-IC-0DTE-HedgeC-S3,IC,QQQ,experiment,baseline,T00906,QQQ,shortputspread,closed,28,0.24,0.39,-420,4928,2026-03-20 11:01:00,2026-03-20 11:03:00,2026-03-20 16:00:00,put side,False,583,581,,,-672,587.01,585.87,-0.04166667,-0.58333333,2026-03-20 11:01:00,2026-03-20 11:03:00
QQQ-IC-0DTE-VIX25-Range075-PT50,IC,QQQ,experiment,baseline,T00908,QQQ,shortputspread,closed,1,0.09,0.04,5,91,2026-03-19 15:07:02,2026-03-19 15:44:11,2026-03-19 16:00:00,put side,True,591,590,,,-9,595.47,593.59,0.66666667,-0.33333333,2026-03-19 15:44:00,2026-03-19 15:14:00
QQQ-IC-0DTE-Range075-PT50-Wide2-155PM,IC,QQQ,experiment,baseline,T00910,QQQ,shortputspread,closed,1,0.1,0.05,5,190,2026-03-19 15:15:02,2026-03-19 15:44:11,2026-03-19 16:00:00,put side,True,591,589,,,-10,594.91,593.59,0.6,-1.2,2026-03-19 15:44:00,2026-03-19 15:36:00
QQQ-IC-0DTE-Range075-PT50,IC,QQQ,experiment,baseline,T00911,QQQ,shortputspread,closed,1,0.09,0.04,5,91,2026-03-19 15:07:01,2026-03-19 15:44:11,2026-03-19 16:00:00,put side,True,591,590,,,-9,595.47,593.59,0.66666667,-0.33333333,2026-03-19 15:44:00,2026-03-19 15:14:00
QQQ-IC-0DTE-Fortress,IC,QQQ,experiment,baseline,T00912,QQQ,shortcallspread,closed,25,0.07,0.03,100,4825,2026-03-19 15:02:02,2026-03-19 15:36:11,2026-03-19 16:00:00,call side,False,,,597,599,-175,593.03,592.57,0.71428571,-5.71428571,2026-03-19 15:36:00,2026-03-19 15:07:00
QQQ-IC-0DTE-Range075-PT50-Wide2-155PM,IC,QQQ,experiment,baseline,T00909,QQQ,shortcallspread,closed,1,0.08,0.03,5,192,2026-03-19 15:06:02,2026-03-19 15:27:11,2026-03-19 16:00:00,call side,True,,,598,600,-8,594.03,593.2,0.75,-2.75,2026-03-19 15:27:00,2026-03-19 15:07:00
QQQ-IC-0DTE-Fortress,IC,QQQ,experiment,baseline,T00912,QQQ,shortputspread,closed,25,0.07,0.03,100,4825,2026-03-19 15:03:01,2026-03-19 15:15:11,2026-03-19 16:00:00,put side,False,589,587,,,-175,593.39,595.11,0.71428571,-0.14285714,2026-03-19 15:15:00,2026-03-19 15:03:01
QQQ-IC-0DTE-Baseline,IC,QQQ,control,baseline,T00913,QQQ,ironcondor,closed,113,0.12,0.06,678,9944,2026-03-19 13:30:34,2026-03-19 14:46:32,2026-03-19 16:00:00,,False,586,585,593,594,-1356,590.09,589.56,0.66666667,-0.91666667,2026-03-19 14:46:00,2026-03-19 14:14:00
QQQ-IC-0DTE-HedgeB-S2,IC,QQQ,experiment,baseline,T00914,QQQ,shortputspread,closed,28,0.23,0.09,392,4956,2026-03-19 11:01:01,2026-03-19 13:55:11,2026-03-19 16:00:00,put side,False,587,585,,,-644,591.12,590.44,0.65217391,-1,2026-03-19 13:55:00,2026-03-19 11:37:00
QQQ-IC-0DTE-HedgeD-Conditional,IC,QQQ,experiment,baseline,T00915,QQQ,shortputspread,closed,28,0.23,0.09,392,4956,2026-03-19 11:01:01,2026-03-19 13:55:11,2026-03-19 16:00:00,put side,False,587,585,,,-644,591.12,590.44,0.65217391,-1,2026-03-19 13:55:00,2026-03-19 11:37:00
QQQ-IC-0DTE-HedgeA-S1,IC,QQQ,experiment,baseline,T00916,QQQ,shortputspread,closed,28,0.23,0.09,392,4956,2026-03-19 11:01:01,2026-03-19 13:55:10,2026-03-19 16:00:00,put side,False,587,585,,,-644,591.12,590.44,0.65217391,-1,2026-03-19 13:55:00,2026-03-19 11:37:00
QQQ-IC-0DTE-HedgeTest,IC,QQQ,experiment,baseline,T00917,QQQ,shortputspread,closed,28,0.23,0.09,392,4956,2026-03-19 11:01:01,2026-03-19 13:55:10,2026-03-19 16:00:00,put side,False,587,585,,,-644,591.12,590.44,0.65217391,-1,2026-03-19 13:55:00,2026-03-19 11:37:00
QQQ-IC-0DTE-HedgeA-S1,IC,QQQ,experiment,baseline,T00916,QQQ,shortcallspread,closed,27,0.16,0.07,243,4968,2026-03-19 11:01:03,2026-03-19 11:34:11,2026-03-19 16:00:00,call side,False,,,596,598,-432,591.16,589.57,0.625,-1.1875,2026-03-19 11:34:00,2026-03-19 11:07:00
QQQ-IC-0DTE-HedgeTest,IC,QQQ,experiment,baseline,T00917,QQQ,shortcallspread,closed,27,0.16,0.07,243,4968,2026-03-19 11:01:03,2026-03-19 11:34:11,2026-03-19 16:00:00,call side,False,,,596,598,-432,591.16,589.57,0.625,-1.1875,2026-03-19 11:34:00,2026-03-19 11:07:00
QQQ-IC-0DTE-HedgeB-S2,IC,QQQ,experiment,baseline,T00914,QQQ,shortcallspread,closed,27,0.16,0.07,243,4968,2026-03-19 11:01:03,2026-03-19 11:34:11,2026-03-19 16:00:00,call side,False,,,596,598,-432,591.16,589.57,0.625,-1.1875,2026-03-19 11:34:00,2026-03-19 11:07:00
QQQ-IC-0DTE-HedgeD-Conditional,IC,QQQ,experiment,baseline,T00915,QQQ,shortcallspread,closed,27,0.16,0.07,243,4968,2026-03-19 11:01:03,2026-03-19 11:34:11,2026-03-19 16:00:00,call side,False,,,596,598,-432,591.16,589.57,0.625,-1.1875,2026-03-19 11:34:00,2026-03-19 11:07:00
QQQ-IC-0DTE-HedgeC-S3,IC,QQQ,experiment,baseline,T00918,QQQ,shortputspread,closed,28,0.23,0.38,-420,4956,2026-03-19 11:01:01,2026-03-19 11:32:01,2026-03-19 16:00:00,put side,False,587,585,,,-644,591.12,589.62,0.39130435,-0.60869565,2026-03-19 11:07:00,2026-03-19 11:32:00
QQQ-IC-0DTE-HedgeC-S3,IC,QQQ,experiment,baseline,T00918,QQQ,shortcallspread,closed,27,0.16,0.32,-432,4968,2026-03-19 11:01:03,2026-03-19 11:06:00,2026-03-19 16:00:00,call side,False,,,596,598,-432,591.16,592.75,0.125,-0.9375,2026-03-19 11:03:00,2026-03-19 11:06:00
QQQ-IC-0DTE-Baseline,IC,QQQ,control,baseline,T00919,QQQ,ironcondor,expired,153,0.35,0.1,3825,9945,2026-03-18 13:30:34,2026-03-18 16:15:00,2026-03-18 16:00:00,,False,595,594,602,603,-5355,599.16,594.9,0.82857143,-0.14285714,2026-03-18 15:35:00,2026-03-18 13:48:00
QQQ-IC-0DTE-HedgeTest,IC,QQQ,experiment,baseline,T00920,QQQ,shortputspread,closed,28,0.22,0.62,-1120,4984,2026-03-18 11:01:00,2026-03-18 15:42:00,2026-03-18 16:00:00,put side,False,596,594,,,-616,600.95,595.78,0.45454545,-1.77272727,2026-03-18 14:05:00,2026-03-18 15:42:00
QQQ-IC-0DTE-Fortress,IC,QQQ,experiment,baseline,T00921,QQQ,shortcallspread,closed,28,0.23,0.11,336,4956,2026-03-18 13:31:02,2026-03-18 14:38:11,2026-03-18 16:00:00,call side,False,,,603,605,-644,598.91,599.03,0.56521739,-0.73913043,2026-03-18 14:38:00,2026-03-18 14:01:00
QQQ-IC-0DTE-Fortress,IC,QQQ,experiment,baseline,T00921,QQQ,shortputspread,closed,27,0.18,0.07,297,4914,2026-03-18 13:31:01,2026-03-18 14:01:12,2026-03-18 16:00:00,put side,False,594,592,,,-486,598.91,600.92,0.66666667,-0.05555556,2026-03-18 14:01:00,2026-03-18 13:31:00
QQQ-IC-0DTE-HedgeTest,IC,QQQ,experiment,baseline,T00920,QQQ,shortcallspread,closed,29,0.29,0.14,435,4959,2026-03-18 11:01:02,2026-03-18 13:03:11,2026-03-18 16:00:00,call side,False,,,605,607,-841,600.97,598.99,0.55172414,-0.24137931,2026-03-18 13:03:00,2026-03-18 11:08:00
QQQ-IC-0DTE-Baseline,IC,QQQ,control,baseline,T00922,QQQ,ironcondor,expired,101,0.01,0,101,9999,2026-03-17 13:30:33,2026-03-17 16:15:00,2026-03-17 16:00:00,,False,599,598,607,608,-101,603.55,603.31,1,-2,2026-03-17 14:53:00,2026-03-17 13:30:33
QQQ-IC-0DTE-Fortress,IC,QQQ,experiment,baseline,T00923,QQQ,shortcallspread,expired,25,0.01,0,25,4975,2026-03-17 13:31:02,2026-03-17 16:15:00,2026-03-17 16:00:00,call side,False,,,608,610,-25,603.63,603.31,1,0,2026-03-17 13:47:00,2026-03-17 13:31:02
QQQ-IC-0DTE-Fortress,IC,QQQ,experiment,baseline,T00923,QQQ,shortputspread,closed,25,0.02,0.01,25,4950,2026-03-17 13:31:00,2026-03-17 15:20:00,2026-03-17 16:00:00,put side,False,599,597,,,-50,603.61,603.45,1,-0.5,2026-03-17 15:20:00,2026-03-17 13:31:00
QQQ-IC-0DTE-HedgeTest,IC,QQQ,experiment,baseline,T00924,QQQ,shortcallspread,closed,25,0.02,0.01,25,4950,2026-03-17 11:01:01,2026-03-17 13:52:00,2026-03-17 16:00:00,call side,False,,,610,612,-50,605.08,603.49,1,-0.5,2026-03-17 13:52:00,2026-03-17 11:01:01
QQQ-IC-0DTE-HedgeTest,IC,QQQ,experiment,baseline,T00924,QQQ,shortputspread,closed,26,0.11,0.05,156,4914,2026-03-17 11:01:00,2026-03-17 13:37:11,2026-03-17 16:00:00,put side,False,601,599,,,-286,605.08,603.78,0.63636364,-3.45454545,2026-03-17 13:37:00,2026-03-17 11:37:00
QQQ-IC-0DTE-Baseline,IC,QQQ,control,baseline,T00925,QQQ,ironcondor,expired,108,0.08,0,864,9936,2026-03-16 13:30:34,2026-03-16 16:15:00,2026-03-16 16:00:00,,False,596,595,604,605,-864,601.05,600.31,1,-1.625,2026-03-16 15:40:00,2026-03-16 15:10:00
QQQ-IC-0DTE-HedgeTest,IC,QQQ,experiment,baseline,T00926,QQQ,shortputspread,closed,26,0.11,0.05,156,4914,2026-03-16 12:10:02,2026-03-16 13:14:11,2026-03-16 16:00:00,,True,596,594,,,-286,600.67,601.36,0.63636364,-1.18181818,2026-03-16 13:14:00,2026-03-16 12:26:00
QQQ-IC-0DTE-HedgeTest,IC,QQQ,experiment,baseline,T00927,QQQ,shortputspread,closed,26,0.12,0.06,156,4888,2026-03-16 12:07:00,2026-03-16 13:01:12,2026-03-16 16:00:00,,True,596,594,,,-312,600.63,601.21,0.58333333,-1,2026-03-16 13:01:00,2026-03-16 12:26:00
QQQ-IC-0DTE-Baseline,IC,QQQ,control,baseline,T00928,QQQ,ironcondor,expired,125,0.2,0,2500,10000,2026-03-13 13:30:34,2026-03-13 16:15:00,2026-03-13 16:00:00,,False,591,590,598,599,-2500,595.05,593.72,1,-0.35,2026-03-13 15:54:00,2026-03-13 13:50:00
QQQ-IC-0DTE-Baseline,IC,QQQ,control,baseline,T00929,QQQ,ironcondor,expired,121,0.18,0,2178,9922,2026-03-12 13:30:34,2026-03-12 16:15:00,2026-03-12 16:00:00,,False,595,594,603,604,-2178,599.81,597.26,1,-0.27777778,2026-03-12 15:40:00,2026-03-12 13:36:00
QQQ-IC-0DTE-Baseline,IC,QQQ,control,baseline,T00930,QQQ,ironcondor,expired,121,0.18,0,2178,9922,2026-03-11 13:30:35,2026-03-11 16:15:00,2026-03-11 16:00:00,,False,604,603,611,612,-2178,608.28,607.69,1,-0.94444444,2026-03-11 15:39:00,2026-03-11 13:39:00
QQQ-IC-0DTE-Baseline,IC,QQQ,control,baseline,T00931,QQQ,ironcondor,expired,114,0.13,1,-9918,9918,2026-03-10 13:30:34,2026-03-10 16:15:00,2026-03-10 16:00:00,,False,609,608,616,617,-1482,613.11,607.77,0.30769231,-5.92307692,2026-03-10 14:04:00,2026-03-10 15:57:00
QQQ-IC-0DTE-Baseline,IC,QQQ,control,baseline,T00932,QQQ,ironcondor,expired,112,0.11,1,-9968,9968,2026-03-09 13:30:35,2026-03-09 16:15:00,2026-03-09 16:00:00,,False,594,593,602,603,-1232,598.52,607.76,0.63636364,-8.90909091,2026-03-09 15:07:00,2026-03-09 15:55:00
QQQ-IC-0DTE-Baseline,IC,QQQ,control,baseline,T00933,QQQ,ironcondor,expired,117,0.15,0,1755,9945,2026-03-06 14:25:04,2026-03-06 16:15:00,2026-03-06 16:00:00,,False,599,598,606,607,-1755,603.19,599.75,0.66666667,-2.06666667,2026-03-06 15:58:00,2026-03-06 15:37:00
QQQ-IC-0DTE-Baseline,IC,QQQ,control,baseline,T00934,QQQ,ironcondor,expired,133,0.25,1,-9975,9975,2026-03-05 13:30:35,2026-03-05 16:15:00,2026-03-05 16:00:00,,False,598,597,606,607,-3325,602.77,608.91,0.48,-3.12,2026-03-05 14:37:00,2026-03-05 15:58:00
