Opened,Closed,Symbol,Exp,Type,Legs,Quantity,Status,P/L,Risk,ROR,Premium,Reward/Risk,Open Price,Open Bid Price,Open Ask Price,Close Price,Close Bid Price,Close Ask Price,Max Loss,Max Profit,Price at Open,Price at Close,Test
"Aug 28, 2026 1:30pm","Aug 28, 2026 4:00pm","QQQ","Aug 28, 2026","ironcondor","long put 708 / short put 710 / short call 721 / long call 723","1","expired","10","190","5.26","10","5.26","0.1","0.08","0.12","0","","","190","10","715.86","716.43","A"
"Aug 28, 2026 2:00pm","Aug 28, 2026 4:00pm","QQQ","Aug 28, 2026","longputspread","short put 712 / long put 714","1","expired","-13","13","-100","13","1438.46","0.13","0.12","0.14","0","","","13","187","716.97","716.43","B"
"Aug 26, 2026 1:30pm","Aug 26, 2026 4:00pm","QQQ","Aug 26, 2026","ironcondor","long put 703 / short put 705 / short call 716 / long call 718","1","expired","21","179","11.73","21","11.73","0.21","0.19","0.23","0","","","179","21","710.6","711.37","A"
"Aug 26, 2026 2:00pm","Aug 26, 2026 4:00pm","QQQ","Aug 26, 2026","longputspread","short put 706 / long put 708","1","expired","-34","34","-100","34","488.24","0.34","0.33","0.35","0","","","34","166","711.02","711.37","B"
"Aug 6, 2026 1:30pm","Aug 6, 2026 4:00pm","QQQ","Aug 6, 2026","ironcondor","long put 708 / short put 710 / short call 721 / long call 723","1","expired","10","190","5.26","10","5.26","0.1","0.08","0.12","0","","","190","10","715.41","714.65","A"
"Aug 6, 2026 2:00pm","Aug 6, 2026 4:00pm","QQQ","Aug 6, 2026","longputspread","short put 710 / long put 712","1","expired","-11","11","-100","11","1718.18","0.11","0.1","0.12","0","","","11","189","715.44","714.65","B"
"Aug 5, 2026 1:30pm","Aug 5, 2026 4:00pm","QQQ","Aug 5, 2026","ironcondor","long put 713 / short put 715 / short call 726 / long call 728","1","expired","16","184","8.7","16","8.7","0.16","0.14","0.18","0","","","184","16","720.78","717.3","A"
"Aug 5, 2026 2:00pm","Aug 5, 2026 4:00pm","QQQ","Aug 5, 2026","longputspread","short put 715 / long put 717","1","expired","-14","14","-100","14","1328.57","0.14","0.13","0.15","0","","","14","186","720.86","717.3","B"
"Jul 28, 2026 1:30pm","Jul 28, 2026 4:00pm","QQQ","Jul 28, 2026","ironcondor","long put 670 / short put 672 / short call 682 / long call 684","1","expired","16","184","8.7","16","8.7","0.16","0.14","0.18","0","","","184","16","677.38","675.49","A"
"Jul 28, 2026 2:00pm","Jul 28, 2026 4:00pm","QQQ","Jul 28, 2026","longputspread","short put 672 / long put 674","1","expired","-21","21","-100","21","852.38","0.21","0.2","0.22","0","","","21","179","676.8","675.49","B"
"Jul 24, 2026 1:30pm","Jul 24, 2026 4:00pm","QQQ","Jul 24, 2026","ironcondor","long put 683 / short put 685 / short call 695 / long call 697","1","expired","-62","185","-33.51","15","8.11","0.15","0.13","0.17","0.77","","","185","15","689.8","684.23","A"
"Jul 22, 2026 1:30pm","Jul 22, 2026 4:00pm","QQQ","Jul 22, 2026","ironcondor","long put 701 / short put 703 / short call 714 / long call 716","1","expired","14","186","7.53","14","7.53","0.14","0.12","0.16","0","","","186","14","708.75","705.35","A"
"Jul 22, 2026 2:00pm","Jul 22, 2026 4:00pm","QQQ","Jul 22, 2026","longputspread","short put 702 / long put 704","1","expired","-24","24","-100","24","733.33","0.24","0.23","0.25","0","","","24","176","707.29","705.35","B"
"Jul 20, 2026 1:30pm","Jul 20, 2026 4:00pm","QQQ","Jul 20, 2026","ironcondor","long put 693 / short put 695 / short call 705 / long call 707","1","expired","16","184","8.7","16","8.7","0.16","0.14","0.18","0","","","184","16","700.14","696.06","A"
"Jul 20, 2026 2:00pm","Jul 20, 2026 4:00pm","QQQ","Jul 20, 2026","longputspread","short put 695 / long put 697","1","expired","78","16","487.5","16","1150","0.16","0.15","0.17","0.94","","","16","184","700.14","696.06","B"
"Jul 17, 2026 1:30pm","Jul 17, 2026 4:00pm","QQQ","Jul 17, 2026","ironcondor","long put 695 / short put 697 / short call 707 / long call 709","1","expired","-142","175","-81.14","25","14.29","0.25","0.23","0.27","1.67","","","175","25","702","695.33","A"
"Jul 17, 2026 2:00pm","Jul 17, 2026 4:00pm","QQQ","Jul 17, 2026","longputspread","short put 693 / long put 695","1","expired","-24","24","-100","24","733.33","0.24","0.23","0.25","0","","","24","176","698.6","695.33","B"
"Jul 15, 2026 1:30pm","Jul 15, 2026 4:00pm","QQQ","Jul 15, 2026","ironcondor","long put 708 / short put 710 / short call 721 / long call 723","1","expired","8","192","4.17","8","4.17","0.08","0.06","0.1","0","","","192","8","715.25","717.74","A"
"Jul 15, 2026 2:00pm","Jul 15, 2026 4:00pm","QQQ","Jul 15, 2026","longputspread","short put 712 / long put 714","1","expired","-12","12","-100","12","1566.67","0.12","0.11","0.14","0","","","12","188","717.23","717.74","B"
"Jul 8, 2026 1:30pm","Jul 8, 2026 4:00pm","QQQ","Jul 8, 2026","ironcondor","long put 703 / short put 705 / short call 716 / long call 718","1","expired","19","181","10.5","19","10.5","0.19","0.17","0.21","0","","","181","19","710.74","711.44","A"
"Jun 26, 2026 1:30pm","Jun 26, 2026 4:00pm","QQQ","Jun 26, 2026","ironcondor","long put 706 / short put 708 / short call 719 / long call 721","1","expired","-130","182","-71.43","18","9.89","0.18","0.16","0.2","1.48","","","182","18","713.59","706.52","A"
"Jun 22, 2026 1:30pm","Jun 22, 2026 4:00pm","QQQ","Jun 22, 2026","ironcondor","long put 729 / short put 731 / short call 742 / long call 744","1","expired","11","189","5.82","11","5.82","0.11","0.09","0.13","0","","","189","11","736.65","737.95","A"
"Jun 22, 2026 2:00pm","Jun 22, 2026 4:00pm","QQQ","Jun 22, 2026","longputspread","short put 732 / long put 734","1","expired","-14","14","-100","14","1328.57","0.14","0.13","0.15","0","","","14","186","737.12","737.95","B"
"Jun 17, 2026 1:30pm","Jun 17, 2026 4:00pm","QQQ","Jun 17, 2026","ironcondor","long put 725 / short put 727 / short call 738 / long call 740","1","expired","-133","133","-100","67","50.38","0.67","0.65","0.69","2","","","133","67","732.78","722.51","A"
"Jun 3, 2026 1:30pm","Jun 3, 2026 4:00pm","QQQ","Jun 3, 2026","ironcondor","long put 735 / short put 737 / short call 748 / long call 750","1","expired","13","187","6.95","13","6.95","0.13","0.11","0.15","0","","","187","13","742.92","744.21","A"
"Jun 3, 2026 2:00pm","Jun 3, 2026 4:00pm","QQQ","Jun 3, 2026","longputspread","short put 739 / long put 741","1","expired","-13","13","-100","13","1438.46","0.13","0.12","0.14","0","","","13","187","744.61","744.21","B"
"May 29, 2026 1:30pm","May 29, 2026 4:00pm","QQQ","May 29, 2026","ironcondor","long put 730 / short put 732 / short call 743 / long call 745","1","expired","8","192","4.17","8","4.17","0.08","0.06","0.1","0","","","192","8","737.62","738.31","A"
"May 29, 2026 2:00pm","May 29, 2026 4:00pm","QQQ","May 29, 2026","longputspread","short put 731 / long put 733","1","expired","-18","18","-100","18","1011.11","0.18","0.17","0.19","0","","","18","182","736.03","738.31","B"
"May 27, 2026 1:30pm","May 27, 2026 4:00pm","QQQ","May 27, 2026","ironcondor","long put 720 / short put 722 / short call 733 / long call 735","1","expired","9","191","4.71","9","4.71","0.09","0.07","0.11","0","","","191","9","727.35","729.45","A"
"May 27, 2026 2:00pm","May 27, 2026 4:00pm","QQQ","May 27, 2026","longputspread","short put 722 / long put 724","1","expired","-8","8","-100","8","2400","0.08","0.07","0.09","0","","","8","192","727.72","729.45","B"
"May 21, 2026 1:30pm","May 21, 2026 4:00pm","QQQ","May 21, 2026","ironcondor","long put 706 / short put 708 / short call 719 / long call 721","1","expired","13","187","6.95","13","6.95","0.13","0.11","0.15","0","","","187","13","713.69","714.51","A"
"May 21, 2026 2:00pm","May 21, 2026 4:00pm","QQQ","May 21, 2026","longputspread","short put 710 / long put 712","1","expired","-15","15","-100","15","1233.33","0.15","0.14","0.16","0","","","15","185","715.7","714.51","B"
"May 19, 2026 1:30pm","May 19, 2026 4:00pm","QQQ","May 19, 2026","ironcondor","long put 698 / short put 700 / short call 711 / long call 713","1","expired","14","186","7.53","14","7.53","0.14","0.12","0.16","0","","","186","14","705.44","701.53","A"
"May 19, 2026 2:00pm","May 19, 2026 4:00pm","QQQ","May 19, 2026","longputspread","short put 700 / long put 702","1","expired","27","20","135","20","900","0.2","0.19","0.21","0.47","","","20","180","705.14","701.53","B"
"May 18, 2026 1:30pm","May 18, 2026 4:00pm","QQQ","May 18, 2026","ironcondor","long put 696 / short put 698 / short call 709 / long call 711","1","expired","13","187","6.95","13","6.95","0.13","0.11","0.15","0","","","187","13","703.6","705.88","A"
"May 18, 2026 2:00pm","May 18, 2026 4:00pm","QQQ","May 18, 2026","longputspread","short put 698 / long put 700","1","expired","-12","12","-100","12","1566.67","0.12","0.11","0.13","0","","","12","188","703.69","705.88","B"
"May 14, 2026 1:30pm","May 14, 2026 4:00pm","QQQ","May 14, 2026","ironcondor","long put 711 / short put 713 / short call 724 / long call 726","1","expired","15","185","8.11","15","8.11","0.15","0.13","0.17","0","","","185","15","718.81","719.79","A"
"May 14, 2026 2:00pm","May 14, 2026 4:00pm","QQQ","May 14, 2026","longputspread","short put 715 / long put 717","1","expired","-10","10","-100","10","1900","0.1","0.09","0.11","0","","","10","190","720.8","719.79","B"
"May 7, 2026 1:30pm","May 7, 2026 4:00pm","QQQ","May 7, 2026","ironcondor","long put 686 / short put 688 / short call 698 / long call 700","1","expired","15","185","8.11","15","8.11","0.15","0.13","0.17","0","","","185","15","693.07","694.94","A"
"May 7, 2026 2:00pm","May 7, 2026 4:00pm","QQQ","May 7, 2026","longputspread","short put 690 / long put 692","1","expired","-13","13","-100","13","1438.46","0.13","0.12","0.14","0","","","13","187","695.22","694.94","B"
"May 4, 2026 1:30pm","May 4, 2026 4:00pm","QQQ","May 4, 2026","ironcondor","long put 666 / short put 668 / short call 678 / long call 680","1","expired","8","192","4.17","8","4.17","0.08","0.06","0.1","0","","","192","8","673.22","672.88","A"
"May 4, 2026 2:00pm","May 4, 2026 4:00pm","QQQ","May 4, 2026","longputspread","short put 668 / long put 670","1","expired","-8","8","-100","8","2400","0.08","0.07","0.09","0","","","8","192","673.19","672.88","B"
"Apr 30, 2026 1:30pm","Apr 30, 2026 4:00pm","QQQ","Apr 30, 2026","ironcondor","long put 658 / short put 660 / short call 670 / long call 672","1","expired","13","187","6.95","13","6.95","0.13","0.11","0.15","0","","","187","13","664.76","667.74","A"
"Apr 30, 2026 2:00pm","Apr 30, 2026 4:00pm","QQQ","Apr 30, 2026","longputspread","short put 662 / long put 664","1","expired","-22","22","-100","22","809.09","0.22","0.21","0.23","0","","","22","178","666.69","667.74","B"
"Apr 29, 2026 1:30pm","Apr 29, 2026 4:00pm","QQQ","Apr 29, 2026","ironcondor","long put 652 / short put 654 / short call 664 / long call 666","1","expired","81","119","68.07","81","68.07","0.81","0.79","0.84","0","","","119","81","658.74","661.57","A"
"Apr 29, 2026 2:00pm","Apr 29, 2026 4:00pm","QQQ","Apr 29, 2026","longputspread","short put 655 / long put 657","1","expired","-60","60","-100","60","233.33","0.6","0.58","0.62","0","","","60","140","659.59","661.57","B"
"Apr 21, 2026 1:30pm","Apr 21, 2026 4:00pm","QQQ","Apr 21, 2026","ironcondor","long put 637 / short put 639 / short call 649 / long call 651","1","expired","10","190","5.26","10","5.26","0.1","0.08","0.12","0","","","190","10","644.17","644.33","A"
"Apr 21, 2026 2:00pm","Apr 21, 2026 4:00pm","QQQ","Apr 21, 2026","longputspread","short put 641 / long put 643","1","expired","-15","15","-100","15","1233.33","0.15","0.14","0.16","0","","","15","185","645.73","644.33","B"
"Apr 9, 2026 1:30pm","Apr 9, 2026 4:00pm","QQQ","Apr 9, 2026","ironcondor","long put 603 / short put 605 / short call 614 / long call 616","1","expired","10","190","5.26","10","5.26","0.1","0.07","0.11","0","","","190","10","609.38","610.19","A"
"Apr 9, 2026 2:00pm","Apr 9, 2026 4:00pm","QQQ","Apr 9, 2026","longputspread","short put 605 / long put 607","1","expired","-10","10","-100","10","1900","0.1","0.1","0.12","0","","","10","190","609.46","610.19","B"
"Apr 7, 2026 1:30pm","Apr 7, 2026 4:00pm","QQQ","Apr 7, 2026","ironcondor","long put 578 / short put 580 / short call 589 / long call 591","1","expired","19","181","10.5","19","10.5","0.19","0.17","0.21","0","","","181","19","584.32","588.59","A"
"Apr 7, 2026 2:00pm","Apr 7, 2026 4:00pm","QQQ","Apr 7, 2026","longputspread","short put 581 / long put 583","1","expired","-24","24","-100","24","733.33","0.24","0.23","0.25","0","","","24","176","585.23","588.59","B"
"Apr 6, 2026 1:30pm","Apr 6, 2026 4:00pm","QQQ","Apr 6, 2026","ironcondor","long put 581 / short put 583 / short call 592 / long call 594","1","expired","13","187","6.95","13","6.95","0.13","0.1","0.14","0","","","187","13","587.15","588.5","A"
"Apr 6, 2026 2:00pm","Apr 6, 2026 4:00pm","QQQ","Apr 6, 2026","longputspread","short put 582 / long put 584","1","expired","-16","16","-100","16","1150","0.16","0.16","0.18","0","","","16","184","586.12","588.5","B"
"Apr 2, 2026 1:30pm","Apr 2, 2026 4:00pm","QQQ","Apr 2, 2026","ironcondor","long put 577 / short put 579 / short call 588 / long call 590","1","expired","19","181","10.5","19","10.5","0.19","0.16","0.2","0","","","181","19","583.53","584.98","A"
"Mar 30, 2026 1:30pm","Mar 30, 2026 4:00pm","QQQ","Mar 30, 2026","ironcondor","long put 554 / short put 556 / short call 564 / long call 566","1","expired","22","178","12.36","22","12.36","0.22","0.19","0.23","0","","","178","22","559.78","558.28","A"
"Mar 30, 2026 2:00pm","Mar 30, 2026 4:00pm","QQQ","Mar 30, 2026","longputspread","short put 556 / long put 558","1","expired","-25","25","-100","25","700","0.25","0.24","0.26","0","","","25","175","560.1","558.28","B"
"Mar 18, 2026 1:30pm","Mar 18, 2026 4:00pm","QQQ","Mar 18, 2026","ironcondor","long put 593 / short put 595 / short call 604 / long call 606","1","expired","29","161","18.01","39","24.22","0.39","0.39","0.43","0.1","","","161","39","599.16","594.9","A"
"Mar 18, 2026 2:00pm","Mar 18, 2026 4:00pm","QQQ","Mar 18, 2026","longputspread","short put 596 / long put 598","1","expired","158","42","376.19","42","376.19","0.42","0.39","0.45","2","","","42","158","600.23","594.9","B"
"Mar 13, 2026 1:30pm","Mar 13, 2026 4:00pm","QQQ","Mar 13, 2026","ironcondor","long put 589 / short put 591 / short call 599 / long call 601","1","expired","25","175","14.29","25","14.29","0.25","0.23","0.27","0","","","175","25","594.98","593.72","A"
"Mar 11, 2026 1:30pm","Mar 11, 2026 4:00pm","QQQ","Mar 11, 2026","ironcondor","long put 602 / short put 604 / short call 613 / long call 615","1","expired","15","185","8.11","15","8.11","0.15","0.14","0.18","0","","","185","15","608.29","607.69","A"
"Mar 9, 2026 1:30pm","Mar 9, 2026 4:00pm","QQQ","Mar 9, 2026","ironcondor","long put 592 / short put 594 / short call 603 / long call 605","1","expired","-184","184","-100","16","8.7","0.16","0.14","0.18","2","","","184","16","598.53","607.76","A"
"Mar 9, 2026 2:00pm","Mar 9, 2026 4:00pm","QQQ","Mar 9, 2026","longputspread","short put 594 / long put 596","1","expired","-18","18","-100","18","1011.11","0.18","0.17","0.19","0","","","18","182","598.51","607.76","B"
"Feb 27, 2026 1:30pm","Feb 27, 2026 4:00pm","QQQ","Feb 27, 2026","ironcondor","long put 599 / short put 601 / short call 610 / long call 612","1","expired","15","185","8.11","15","8.11","0.15","0.13","0.17","0","","","185","15","605.33","607.29","A"
"Feb 27, 2026 2:00pm","Feb 27, 2026 4:00pm","QQQ","Feb 27, 2026","longputspread","short put 601 / long put 603","1","expired","-23","23","-100","23","769.57","0.23","0.22","0.24","0","","","23","177","605.1","607.29","B"
"Feb 20, 2026 1:30pm","Feb 20, 2026 4:00pm","QQQ","Feb 20, 2026","ironcondor","long put 600 / short put 602 / short call 611 / long call 613","1","expired","23","177","12.99","23","12.99","0.23","0.21","0.25","0","","","177","23","606.15","608.81","A"
"Feb 20, 2026 2:00pm","Feb 20, 2026 4:00pm","QQQ","Feb 20, 2026","longputspread","short put 605 / long put 607","1","expired","-19","19","-100","19","952.63","0.19","0.18","0.2","0","","","19","181","609.33","608.81","B"
"Feb 19, 2026 1:30pm","Feb 19, 2026 4:00pm","QQQ","Feb 19, 2026","ironcondor","long put 595 / short put 597 / short call 606 / long call 608","1","expired","18","182","9.89","18","9.89","0.18","0.16","0.2","0","","","182","18","601.7","603.47","A"
"Feb 19, 2026 2:00pm","Feb 19, 2026 4:00pm","QQQ","Feb 19, 2026","longputspread","short put 598 / long put 600","1","expired","-14","14","-100","14","1328.57","0.14","0.13","0.15","0","","","14","186","602.97","603.47","B"
"Feb 17, 2026 1:30pm","Feb 17, 2026 4:00pm","QQQ","Feb 17, 2026","ironcondor","long put 595 / short put 597 / short call 606 / long call 608","1","expired","21","179","11.73","21","11.73","0.21","0.19","0.23","0","","","179","21","601.03","601.3","A"
"Feb 17, 2026 2:00pm","Feb 17, 2026 4:00pm","QQQ","Feb 17, 2026","longputspread","short put 598 / long put 600","1","expired","-18","18","-100","18","1011.11","0.18","0.17","0.19","0","","","18","182","602.89","601.3","B"
"Feb 10, 2026 1:30pm","Feb 10, 2026 4:00pm","QQQ","Feb 10, 2026","ironcondor","long put 607 / short put 609 / short call 618 / long call 620","1","expired","9","191","4.71","9","4.71","0.09","0.07","0.11","0","","","191","9","613.28","611.47","A"
"Feb 10, 2026 2:00pm","Feb 10, 2026 4:00pm","QQQ","Feb 10, 2026","longputspread","short put 609 / long put 611","1","expired","-11","11","-100","11","1718.18","0.11","0.1","0.12","0","","","11","189","613.79","611.47","B"
"Jan 28, 2026 1:30pm","Jan 28, 2026 4:00pm","QQQ","Jan 28, 2026","ironcondor","long put 627 / short put 629 / short call 638 / long call 640","1","expired","62","138","44.93","62","44.93","0.62","0.58","0.62","0","","","138","62","633.27","633.22","A"
"Jan 28, 2026 2:00pm","Jan 28, 2026 4:00pm","QQQ","Jan 28, 2026","longputspread","short put 629 / long put 631","1","expired","-46","46","-100","46","334.78","0.46","0.39","0.53","0","","","46","154","633.46","633.22","B"
"Jan 21, 2026 1:30pm","Jan 21, 2026 4:00pm","QQQ","Jan 21, 2026","ironcondor","long put 604 / short put 606 / short call 615 / long call 617","1","expired","-114","186","-61.29","14","7.53","0.14","0.12","0.16","1.28","","","186","14","610.45","616.28","A"
"Jan 21, 2026 2:00pm","Jan 21, 2026 4:00pm","QQQ","Jan 21, 2026","longputspread","short put 607 / long put 609","1","expired","-13","13","-100","13","1438.46","0.13","0.13","0.15","0","","","13","187","611.57","616.28","B"
"Dec 16, 2025 1:30pm","Dec 16, 2025 4:00pm","QQQ","Dec 16, 2025","ironcondor","long put 601 / short put 603 / short call 612 / long call 614","1","expired","14","186","7.53","14","7.53","0.14","0.12","0.16","0","","","186","14","607.63","611.75","A"
"Dec 16, 2025 2:00pm","Dec 16, 2025 4:00pm","QQQ","Dec 16, 2025","longputspread","short put 606 / long put 608","1","expired","-16","16","-100","16","1150","0.16","0.15","0.17","0","","","16","184","610.28","611.75","B"
"Dec 15, 2025 1:30pm","Dec 15, 2025 4:00pm","QQQ","Dec 15, 2025","ironcondor","long put 604 / short put 606 / short call 615 / long call 617","1","expired","11","189","5.82","11","5.82","0.11","0.08","0.12","0","","","189","11","610.84","610.54","A"
"Dec 15, 2025 2:00pm","Dec 15, 2025 4:00pm","QQQ","Dec 15, 2025","longputspread","short put 608 / long put 610","1","expired","-10","10","-100","10","1900","0.1","0.1","0.12","0","","","10","190","612.15","610.54","B"
"Dec 11, 2025 1:30pm","Dec 11, 2025 4:00pm","QQQ","Dec 11, 2025","ironcondor","long put 617 / short put 619 / short call 628 / long call 630","1","expired","16","184","8.7","16","8.7","0.16","0.14","0.18","0","","","184","16","623.35","625.58","A"
"Dec 11, 2025 2:00pm","Dec 11, 2025 4:00pm","QQQ","Dec 11, 2025","longputspread","short put 619 / long put 621","1","expired","-21","21","-100","21","852.38","0.21","0.2","0.22","0","","","21","179","623.73","625.58","B"
"Dec 10, 2025 1:30pm","Dec 10, 2025 4:00pm","QQQ","Dec 10, 2025","ironcondor","long put 616 / short put 618 / short call 628 / long call 630","1","expired","61","139","43.88","61","43.88","0.61","0.58","0.62","0","","","139","61","622.88","627.61","A"
"Dec 10, 2025 2:00pm","Dec 10, 2025 4:00pm","QQQ","Dec 10, 2025","longputspread","short put 618 / long put 620","1","expired","-47","47","-100","47","325.53","0.47","0.4","0.55","0","","","47","153","623.12","627.61","B"
"Dec 2, 2025 1:30pm","Dec 2, 2025 4:00pm","QQQ","Dec 2, 2025","ironcondor","long put 615 / short put 617 / short call 626 / long call 628","1","expired","10","190","5.26","10","5.26","0.1","0.07","0.11","0","","","190","10","621.19","622","A"
"Dec 2, 2025 2:00pm","Dec 2, 2025 4:00pm","QQQ","Dec 2, 2025","longputspread","short put 617 / long put 619","1","expired","-11","11","-100","11","1718.18","0.11","0.11","0.13","0","","","11","189","621.52","622","B"
"Nov 21, 2025 1:30pm","Nov 21, 2025 4:00pm","QQQ","Nov 21, 2025","ironcondor","long put 583 / short put 585 / short call 593 / long call 595","1","expired","60","140","42.86","60","42.86","0.6","0.58","0.62","0","","","140","60","588.95","590.07","A"
"Nov 21, 2025 2:00pm","Nov 21, 2025 4:00pm","QQQ","Nov 21, 2025","longputspread","short put 590 / long put 592","1","expired","147","46","319.57","46","334.78","0.46","0.44","0.47","1.93","","","46","154","594.07","590.07","B"
"Nov 19, 2025 1:30pm","Nov 19, 2025 4:00pm","QQQ","Nov 19, 2025","ironcondor","long put 590 / short put 592 / short call 601 / long call 603","1","expired","77","123","62.6","77","62.6","0.77","0.75","0.79","0","","","123","77","596.77","599.87","A"
"Nov 19, 2025 2:00pm","Nov 19, 2025 4:00pm","QQQ","Nov 19, 2025","longputspread","short put 594 / long put 596","1","expired","-48","48","-100","48","316.67","0.48","0.44","0.53","0","","","48","152","598.92","599.87","B"
"Nov 18, 2025 1:30pm","Nov 18, 2025 4:00pm","QQQ","Nov 18, 2025","ironcondor","long put 593 / short put 595 / short call 604 / long call 606","1","expired","39","161","24.22","39","24.22","0.39","0.38","0.42","0","","","161","39","599.79","596.31","A"
"Nov 18, 2025 2:00pm","Nov 18, 2025 4:00pm","QQQ","Nov 18, 2025","longputspread","short put 595 / long put 597","1","expired","32","37","86.49","37","440.54","0.37","0.36","0.38","0.69","","","37","163","599.37","596.31","B"
"Nov 17, 2025 1:30pm","Nov 17, 2025 4:00pm","QQQ","Nov 17, 2025","ironcondor","long put 599 / short put 601 / short call 610 / long call 612","1","expired","33","167","19.76","33","19.76","0.33","0.29","0.33","0","","","167","33","605.93","603.66","A"
"Nov 14, 2025 1:30pm","Nov 14, 2025 4:00pm","QQQ","Nov 14, 2025","ironcondor","long put 604 / short put 606 / short call 615 / long call 617","1","expired","28","172","16.28","28","16.28","0.28","0.28","0.32","0","","","172","28","610.27","608.86","A"
"Nov 14, 2025 2:00pm","Nov 14, 2025 4:00pm","QQQ","Nov 14, 2025","longputspread","short put 606 / long put 608","1","expired","-31","31","-100","31","545.16","0.31","0.31","0.33","0","","","31","169","610.43","608.86","B"
"Nov 12, 2025 1:30pm","Nov 12, 2025 4:00pm","QQQ","Nov 12, 2025","ironcondor","long put 614 / short put 616 / short call 625 / long call 627","1","expired","11","189","5.82","11","5.82","0.11","0.1","0.14","0","","","189","11","620.76","621.08","A"
"Nov 12, 2025 2:00pm","Nov 12, 2025 4:00pm","QQQ","Nov 12, 2025","longputspread","short put 616 / long put 618","1","expired","-13","13","-100","13","1438.46","0.13","0.12","0.14","0","","","13","187","620.83","621.08","B"
"Oct 31, 2025 1:30pm","Oct 31, 2025 4:00pm","QQQ","Oct 31, 2025","ironcondor","long put 620 / short put 622 / short call 632 / long call 634","1","expired","23","177","12.99","23","12.99","0.23","0.21","0.25","0","","","177","23","627.2","629.07","A"
"Oct 31, 2025 2:00pm","Oct 31, 2025 4:00pm","QQQ","Oct 31, 2025","longputspread","short put 623 / long put 625","1","expired","-19","19","-100","19","952.63","0.19","0.17","0.19","0","","","19","181","628.11","629.07","B"
"Oct 29, 2025 1:30pm","Oct 29, 2025 4:00pm","QQQ","Oct 29, 2025","ironcondor","long put 628 / short put 630 / short call 639 / long call 641","1","expired","100","100","100","100","100","1","0.96","1.01","0","","","100","100","634.67","635.77","A"
"Oct 17, 2025 1:30pm","Oct 17, 2025 4:00pm","QQQ","Oct 17, 2025","ironcondor","long put 594 / short put 596 / short call 605 / long call 607","1","expired","28","172","16.28","28","16.28","0.28","0.27","0.31","0","","","172","28","600.87","603.93","A"
"Oct 17, 2025 2:00pm","Oct 17, 2025 4:00pm","QQQ","Oct 17, 2025","longputspread","short put 598 / long put 600","1","expired","-23","23","-100","23","769.57","0.23","0.23","0.25","0","","","23","177","602.68","603.93","B"
"Oct 16, 2025 1:30pm","Oct 16, 2025 4:00pm","QQQ","Oct 16, 2025","ironcondor","long put 596 / short put 598 / short call 607 / long call 609","1","expired","36","164","21.95","36","21.95","0.36","0.32","0.38","0","","","164","36","602.4","599.99","A"
"Oct 15, 2025 1:30pm","Oct 15, 2025 4:00pm","QQQ","Oct 15, 2025","ironcondor","long put 591 / short put 593 / short call 602 / long call 604","1","expired","28","150","18.67","50","33.33","0.5","0.49","0.53","0.22","","","150","50","597.96","602.22","A"
"Oct 15, 2025 2:00pm","Oct 15, 2025 4:00pm","QQQ","Oct 15, 2025","longputspread","short put 597 / long put 599","1","expired","-23","23","-100","23","769.57","0.23","0.22","0.25","0","","","23","177","601.69","602.22","B"
"Oct 14, 2025 1:30pm","Oct 14, 2025 4:00pm","QQQ","Oct 14, 2025","ironcondor","long put 596 / short put 598 / short call 607 / long call 609","1","expired","12","188","6.38","12","6.38","0.12","0.1","0.14","0","","","188","12","602.17","598","A"
"Oct 14, 2025 2:00pm","Oct 14, 2025 4:00pm","QQQ","Oct 14, 2025","longputspread","short put 597 / long put 599","1","expired","86","14","614.29","14","1328.57","0.14","0.13","0.15","1","","","14","186","601.5","598","B"
"Oct 3, 2025 1:30pm","Oct 3, 2025 4:00pm","QQQ","Oct 3, 2025","ironcondor","long put 597 / short put 599 / short call 608 / long call 610","1","expired","8","192","4.17","8","4.17","0.08","0.06","0.1","0","","","192","8","603.88","603.18","A"
"Oct 3, 2025 2:00pm","Oct 3, 2025 4:00pm","QQQ","Oct 3, 2025","longputspread","short put 598 / long put 600","1","expired","-18","18","-100","18","1011.11","0.18","0.17","0.19","0","","","18","182","602.62","603.18","B"
"Sep 23, 2025 1:30pm","Sep 23, 2025 4:00pm","QQQ","Sep 23, 2025","ironcondor","long put 593 / short put 595 / short call 604 / long call 606","1","expired","9","191","4.71","9","4.71","0.09","0.05","0.09","0","","","191","9","599.14","598.2","A"
"Sep 23, 2025 2:00pm","Sep 23, 2025 4:00pm","QQQ","Sep 23, 2025","longputspread","short put 594 / long put 596","1","expired","-15","15","-100","15","1233.33","0.15","0.14","0.16","0","","","15","185","598.35","598.2","B"
"Sep 17, 2025 1:30pm","Sep 17, 2025 4:00pm","QQQ","Sep 17, 2025","ironcondor","long put 582 / short put 584 / short call 593 / long call 595","1","expired","78","122","63.93","78","63.93","0.78","0.76","0.8","0","","","122","78","588.36","590","A"
"Sep 17, 2025 2:00pm","Sep 17, 2025 4:00pm","QQQ","Sep 17, 2025","longputspread","short put 585 / long put 587","1","expired","-55","55","-100","55","263.64","0.55","0.44","0.66","0","","","55","145","589.42","590","B"
"Sep 4, 2025 1:30pm","Sep 4, 2025 4:00pm","QQQ","Sep 4, 2025","ironcondor","long put 567 / short put 569 / short call 577 / long call 579","1","expired","10","190","5.26","10","5.26","0.1","0.08","0.12","0","","","190","10","573.03","575.23","A"
"Sep 4, 2025 2:00pm","Sep 4, 2025 4:00pm","QQQ","Sep 4, 2025","longputspread","short put 569 / long put 571","1","expired","-18","18","-100","18","1011.11","0.18","0.17","0.19","0","","","18","182","573.23","575.23","B"
"Aug 27, 2025 1:30pm","Aug 27, 2025 4:00pm","QQQ","Aug 27, 2025","ironcondor","long put 567 / short put 569 / short call 577 / long call 579","1","expired","48","152","31.58","48","31.58","0.48","0.45","0.49","0","","","152","48","573.09","573.49","A"
"Aug 27, 2025 2:00pm","Aug 27, 2025 4:00pm","QQQ","Aug 27, 2025","longputspread","short put 569 / long put 571","1","expired","-38","38","-100","38","426.32","0.38","0.36","0.38","0","","","38","162","573.55","573.49","B"
"Aug 7, 2025 1:30pm","Aug 7, 2025 4:00pm","QQQ","Aug 7, 2025","ironcondor","long put 561 / short put 563 / short call 571 / long call 573","1","expired","19","181","10.5","19","10.5","0.19","0.17","0.21","0","","","181","19","566.99","569.24","A"
"Aug 7, 2025 2:00pm","Aug 7, 2025 4:00pm","QQQ","Aug 7, 2025","longputspread","short put 563 / long put 565","1","expired","-18","18","-100","18","1011.11","0.18","0.17","0.19","0","","","18","182","567.28","569.24","B"
"Jul 31, 2025 1:30pm","Jul 31, 2025 4:00pm","QQQ","Jul 31, 2025","ironcondor","long put 561 / short put 563 / short call 572 / long call 574","1","expired","38","162","23.46","38","23.46","0.38","0.34","0.38","0","","","162","38","567.48","565.01","A"
"Jul 31, 2025 2:00pm","Jul 31, 2025 4:00pm","QQQ","Jul 31, 2025","longputspread","short put 562 / long put 564","1","expired","-47","47","-100","47","325.53","0.47","0.46","0.49","0","","","47","153","565.9","565.01","B"
"Jul 30, 2025 1:30pm","Jul 30, 2025 4:00pm","QQQ","Jul 30, 2025","ironcondor","long put 563 / short put 565 / short call 573 / long call 575","1","expired","35","165","21.21","35","21.21","0.35","0.34","0.38","0","","","165","35","569.12","568.02","A"
"Jul 30, 2025 2:00pm","Jul 30, 2025 4:00pm","QQQ","Jul 30, 2025","longputspread","short put 565 / long put 567","1","expired","-31","31","-100","31","545.16","0.31","0.22","0.4","0","","","31","169","569.5","568.02","B"
"Jul 23, 2025 1:30pm","Jul 23, 2025 4:00pm","QQQ","Jul 23, 2025","ironcondor","long put 555 / short put 557 / short call 566 / long call 568","1","expired","9","191","4.71","9","4.71","0.09","0.06","0.1","0","","","191","9","561.67","563.81","A"
"Jul 23, 2025 2:00pm","Jul 23, 2025 4:00pm","QQQ","Jul 23, 2025","longputspread","short put 558 / long put 560","1","expired","-18","18","-100","18","1011.11","0.18","0.16","0.18","0","","","18","182","562.36","563.81","B"
"Jun 23, 2025 1:30pm","Jun 23, 2025 4:00pm","QQQ","Jun 23, 2025","ironcondor","long put 524 / short put 526 / short call 534 / long call 536","1","expired","13","187","6.95","13","6.95","0.13","0.11","0.15","0","","","187","13","530.36","531.65","A"
"Jun 23, 2025 2:00pm","Jun 23, 2025 4:00pm","QQQ","Jun 23, 2025","longputspread","short put 527 / long put 529","1","expired","-17","17","-100","17","1076.47","0.17","0.16","0.18","0","","","17","183","531.14","531.65","B"
"Jun 20, 2025 1:30pm","Jun 20, 2025 4:00pm","QQQ","Jun 20, 2025","ironcondor","long put 520 / short put 522 / short call 529.78 / long call 532","1","expired","24","198","12.12","24","12.12","0.24","0.22","0.26","0","","","198","24","525.59","526.83","A"
"Jun 20, 2025 2:00pm","Jun 20, 2025 4:00pm","QQQ","Jun 20, 2025","longputspread","short put 523 / long put 525","1","expired","-25","25","-100","25","700","0.25","0.25","0.27","0","","","25","175","526.64","526.83","B"
"Jun 18, 2025 1:30pm","Jun 18, 2025 4:00pm","QQQ","Jun 18, 2025","ironcondor","long put 524 / short put 526 / short call 534 / long call 536","1","expired","54","146","36.99","54","36.99","0.54","0.5","0.54","0","","","146","54","529.64","528.99","A"
"Jun 18, 2025 2:00pm","Jun 18, 2025 4:00pm","QQQ","Jun 18, 2025","longputspread","short put 527 / long put 529","1","expired","-50","51","-98.04","51","292.16","0.51","0.43","0.59","0.01","","","51","149","530.77","528.99","B"
"Jun 17, 2025 1:30pm","Jun 17, 2025 4:00pm","QQQ","Jun 17, 2025","ironcondor","long put 524 / short put 526 / short call 534 / long call 536","1","expired","12","188","6.38","12","6.38","0.12","0.12","0.16","0","","","188","12","530.44","529.08","A"
"Jun 17, 2025 2:00pm","Jun 17, 2025 4:00pm","QQQ","Jun 17, 2025","longputspread","short put 525 / long put 527","1","expired","-24","24","-100","24","733.33","0.24","0.23","0.25","0","","","24","176","529.21","529.08","B"
"Jun 13, 2025 1:30pm","Jun 13, 2025 4:00pm","QQQ","Jun 13, 2025","ironcondor","long put 524 / short put 526 / short call 534 / long call 536","1","expired","16","184","8.7","16","8.7","0.16","0.14","0.18","0","","","184","16","529.88","526.96","A"
"Jun 13, 2025 2:00pm","Jun 13, 2025 4:00pm","QQQ","Jun 13, 2025","longputspread","short put 526 / long put 528","1","expired","86","18","477.78","18","1011.11","0.18","0.17","0.19","1.04","","","18","182","530.25","526.96","B"
"Jun 12, 2025 1:30pm","Jun 12, 2025 4:00pm","QQQ","Jun 12, 2025","ironcondor","long put 528 / short put 530 / short call 538 / long call 540","1","expired","10","190","5.26","10","5.26","0.1","0.08","0.12","0","","","190","10","533.75","533.66","A"
"Jun 12, 2025 2:00pm","Jun 12, 2025 4:00pm","QQQ","Jun 12, 2025","longputspread","short put 530 / long put 532","1","expired","-18","18","-100","18","1011.11","0.18","0.17","0.19","0","","","18","182","533.67","533.66","B"
"Jun 9, 2025 1:30pm","Jun 9, 2025 4:00pm","QQQ","Jun 9, 2025","ironcondor","long put 526 / short put 528 / short call 536 / long call 538","1","expired","8","192","4.17","8","4.17","0.08","0.06","0.1","0","","","192","8","531.6","530.7","A"
"Jun 9, 2025 2:00pm","Jun 9, 2025 4:00pm","QQQ","Jun 9, 2025","longputspread","short put 528 / long put 530","1","expired","-13","13","-100","13","1438.46","0.13","0.13","0.15","0","","","13","187","531.82","530.7","B"
"Jun 5, 2025 1:30pm","Jun 5, 2025 4:00pm","QQQ","Jun 5, 2025","ironcondor","long put 523 / short put 525 / short call 533 / long call 535","1","expired","-2","181","-1.1","19","10.5","0.19","0.18","0.22","0.21","","","181","19","529.23","524.79","A"
"Jun 5, 2025 2:00pm","Jun 5, 2025 4:00pm","QQQ","Jun 5, 2025","longputspread","short put 524 / long put 526","1","expired","95","26","365.38","26","669.23","0.26","0.26","0.28","1.21","","","26","174","528.16","524.79","B"
"Jun 2, 2025 1:30pm","Jun 2, 2025 4:00pm","QQQ","Jun 2, 2025","ironcondor","long put 515 / short put 517 / short call 525 / long call 527","1","expired","8","192","4.17","8","4.17","0.08","0.07","0.11","0","","","192","8","521.13","523.21","A"
"Jun 2, 2025 2:00pm","Jun 2, 2025 4:00pm","QQQ","Jun 2, 2025","longputspread","short put 517 / long put 519","1","expired","-13","13","-100","13","1438.46","0.13","0.13","0.15","0","","","13","187","521.08","523.21","B"
"May 29, 2025 1:30pm","May 29, 2025 4:00pm","QQQ","May 29, 2025","ironcondor","long put 514 / short put 516 / short call 524 / long call 526","1","expired","21","179","11.73","21","11.73","0.21","0.19","0.23","0","","","179","21","520.07","519.93","A"
"May 29, 2025 2:00pm","May 29, 2025 4:00pm","QQQ","May 29, 2025","longputspread","short put 515 / long put 517","1","expired","-27","27","-100","27","640.74","0.27","0.27","0.29","0","","","27","173","519.03","519.93","B"
"May 28, 2025 1:30pm","May 28, 2025 4:00pm","QQQ","May 28, 2025","ironcondor","long put 516 / short put 518 / short call 525 / long call 527","1","expired","47","153","30.72","47","30.72","0.47","0.45","0.49","0","","","153","47","521.55","518.91","A"
"May 28, 2025 2:00pm","May 28, 2025 4:00pm","QQQ","May 28, 2025","longputspread","short put 517 / long put 519","1","expired","-27","36","-75","36","455.56","0.36","0.35","0.38","0.09","","","36","164","521.35","518.91","B"
"May 23, 2025 1:30pm","May 23, 2025 4:00pm","QQQ","May 23, 2025","ironcondor","long put 506 / short put 508 / short call 515 / long call 517","1","expired","30","170","17.65","30","17.65","0.3","0.28","0.32","0","","","170","30","511.52","509.24","A"
"May 23, 2025 2:00pm","May 23, 2025 4:00pm","QQQ","May 23, 2025","longputspread","short put 507 / long put 509","1","expired","-25","25","-100","25","700","0.25","0.24","0.26","0","","","25","175","511.09","509.24","B"
"May 22, 2025 1:30pm","May 22, 2025 4:00pm","QQQ","May 22, 2025","ironcondor","long put 510 / short put 512 / short call 520 / long call 522","1","expired","19","181","10.5","19","10.5","0.19","0.18","0.22","0","","","181","19","515.99","514","A"
"May 22, 2025 2:00pm","May 22, 2025 4:00pm","QQQ","May 22, 2025","longputspread","short put 513 / long put 515","1","expired","71","29","244.83","29","589.66","0.29","0.27","0.29","1","","","29","171","516.63","514","B"
"May 20, 2025 1:30pm","May 20, 2025 4:00pm","QQQ","May 20, 2025","ironcondor","long put 515 / short put 517 / short call 524 / long call 526","1","expired","9","191","4.71","9","4.71","0.09","0.07","0.11","0","","","191","9","520.45","520.27","A"
"May 20, 2025 2:00pm","May 20, 2025 4:00pm","QQQ","May 20, 2025","longputspread","short put 516 / long put 518","1","expired","-15","15","-100","15","1233.33","0.15","0.14","0.17","0","","","15","185","519.89","520.27","B"
"May 19, 2025 1:30pm","May 19, 2025 4:00pm","QQQ","May 19, 2025","ironcondor","long put 516 / short put 518 / short call 526 / long call 528","1","expired","8","192","4.17","8","4.17","0.08","0.08","0.12","0","","","192","8","522","522.01","A"
"May 19, 2025 2:00pm","May 19, 2025 4:00pm","QQQ","May 19, 2025","longputspread","short put 518 / long put 520","1","expired","-22","22","-100","22","809.09","0.22","0.21","0.23","0","","","22","178","521.46","522.01","B"
"May 16, 2025 1:30pm","May 16, 2025 4:00pm","QQQ","May 16, 2025","ironcondor","long put 515 / short put 517 / short call 524 / long call 526","1","expired","12","188","6.38","12","6.38","0.12","0.11","0.15","0","","","188","12","520.41","521.51","A"
"May 16, 2025 2:00pm","May 16, 2025 4:00pm","QQQ","May 16, 2025","longputspread","short put 516 / long put 518","1","expired","-14","14","-100","14","1328.57","0.14","0.13","0.15","0","","","14","186","520.09","521.51","B"
"May 15, 2025 1:30pm","May 15, 2025 4:00pm","QQQ","May 15, 2025","ironcondor","long put 516 / short put 518 / short call 526 / long call 528","1","expired","14","186","7.53","14","7.53","0.14","0.11","0.15","0","","","186","14","521.72","519.25","A"
"May 15, 2025 2:00pm","May 15, 2025 4:00pm","QQQ","May 15, 2025","longputspread","short put 517 / long put 519","1","expired","-22","22","-100","22","809.09","0.22","0.21","0.23","0","","","22","178","520.64","519.25","B"
"May 14, 2025 1:30pm","May 14, 2025 4:00pm","QQQ","May 14, 2025","ironcondor","long put 511 / short put 513 / short call 521 / long call 523","1","expired","15","185","8.11","15","8.11","0.15","0.14","0.18","0","","","185","15","516.73","518.68","A"
"May 14, 2025 2:00pm","May 14, 2025 4:00pm","QQQ","May 14, 2025","longputspread","short put 514 / long put 516","1","expired","-21","21","-100","21","852.38","0.21","0.19","0.21","0","","","21","179","517.93","518.68","B"
"May 9, 2025 1:30pm","May 9, 2025 4:00pm","QQQ","May 9, 2025","ironcondor","long put 482 / short put 484 / short call 491 / long call 493","1","expired","27","173","15.61","27","15.61","0.27","0.24","0.29","0","","","173","27","487.28","487.97","A"
"May 9, 2025 2:00pm","May 9, 2025 4:00pm","QQQ","May 9, 2025","longputspread","short put 485 / long put 487","1","expired","-28","28","-100","28","614.29","0.28","0.27","0.29","0","","","28","172","488.52","487.97","B"
"May 7, 2025 1:30pm","May 7, 2025 4:00pm","QQQ","May 7, 2025","ironcondor","long put 476 / short put 478 / short call 486 / long call 488","1","expired","51","149","34.23","51","34.23","0.51","0.5","0.54","0","","","149","51","482.09","483.3","A"
"May 5, 2025 1:30pm","May 5, 2025 4:00pm","QQQ","May 5, 2025","ironcondor","long put 482 / short put 484 / short call 491 / long call 493","1","expired","15","185","8.11","15","8.11","0.15","0.13","0.17","0","","","185","15","487.59","485.93","A"
"May 5, 2025 2:00pm","May 5, 2025 4:00pm","QQQ","May 5, 2025","longputspread","short put 484 / long put 486","1","expired","-9","16","-56.25","16","1150","0.16","0.14","0.17","0.07","","","16","184","487.88","485.93","B"
"Apr 29, 2025 1:30pm","Apr 29, 2025 4:00pm","QQQ","Apr 29, 2025","ironcondor","long put 468 / short put 470 / short call 477 / long call 479","1","expired","26","174","14.94","26","14.94","0.26","0.25","0.29","0","","","174","26","473.33","475.53","A"
"Apr 29, 2025 2:00pm","Apr 29, 2025 4:00pm","QQQ","Apr 29, 2025","longputspread","short put 472 / long put 474","1","expired","-30","30","-100","30","566.67","0.3","0.29","0.32","0","","","30","170","475.64","475.53","B"
"Apr 17, 2025 1:30pm","Apr 17, 2025 4:00pm","QQQ","Apr 17, 2025","ironcondor","long put 439 / short put 441 / short call 447 / long call 449","1","expired","69","131","52.67","69","52.67","0.69","0.65","0.71","0","","","131","69","443.99","444.1","A"
"Apr 17, 2025 2:00pm","Apr 17, 2025 4:00pm","QQQ","Apr 17, 2025","longputspread","short put 443 / long put 445","1","expired","34","56","60.71","56","257.14","0.56","0.55","0.57","0.9","","","56","144","445.99","444.1","B"
"Apr 15, 2025 1:30pm","Apr 15, 2025 4:00pm","QQQ","Apr 15, 2025","ironcondor","long put 452 / short put 454 / short call 461 / long call 463","1","expired","49","151","32.45","49","32.45","0.49","0.47","0.51","0","","","151","49","457.13","457.99","A"
"Apr 15, 2025 2:00pm","Apr 15, 2025 4:00pm","QQQ","Apr 15, 2025","longputspread","short put 454 / long put 456","1","expired","-38","38","-100","38","426.32","0.38","0.37","0.39","0","","","38","162","457.78","457.99","B"
"Apr 14, 2025 1:30pm","Apr 14, 2025 4:00pm","QQQ","Apr 14, 2025","ironcondor","long put 450 / short put 452 / short call 459 / long call 461","1","expired","68","132","51.52","68","51.52","0.68","0.66","0.72","0","","","132","68","455.65","457.48","A"
"Apr 14, 2025 2:00pm","Apr 14, 2025 4:00pm","QQQ","Apr 14, 2025","longputspread","short put 454 / long put 456","1","expired","-51","51","-100","51","292.16","0.51","0.48","0.53","0","","","51","149","457.47","457.48","B"
"Apr 8, 2025 1:30pm","Apr 8, 2025 4:00pm","QQQ","Apr 8, 2025","ironcondor","long put 417 / short put 419 / short call 426 / long call 428","1","expired","-85","85","-100","115","135.29","1.15","1.09","1.2","2","","","85","115","422.65","416.06","A"
"Apr 8, 2025 2:00pm","Apr 8, 2025 4:00pm","QQQ","Apr 8, 2025","longputspread","short put 423 / long put 425","1","expired","134","66","203.03","66","203.03","0.66","0.63","0.69","2","","","66","134","426.63","416.06","B"
"Apr 7, 2025 1:30pm","Apr 7, 2025 4:00pm","QQQ","Apr 7, 2025","ironcondor","long put 421 / short put 423 / short call 429 / long call 431","1","expired","131","69","189.86","131","189.86","1.31","1.21","1.42","0","","","69","131","425.72","423.69","A"
"Apr 7, 2025 2:00pm","Apr 7, 2025 4:00pm","QQQ","Apr 7, 2025","longputspread","short put 426 / long put 428","1","expired","118","82","143.9","82","143.9","0.82","0.77","0.86","2","","","82","118","429.23","423.69","B"
"Apr 1, 2025 1:30pm","Apr 1, 2025 4:00pm","QQQ","Apr 1, 2025","ironcondor","long put 465 / short put 467 / short call 474 / long call 476","1","expired","26","174","14.94","26","14.94","0.26","0.24","0.28","0","","","174","26","470.75","472.7","A"
"Apr 1, 2025 2:00pm","Apr 1, 2025 4:00pm","QQQ","Apr 1, 2025","longputspread","short put 467 / long put 469","1","expired","-33","33","-100","33","506.06","0.33","0.32","0.34","0","","","33","167","470.3","472.7","B"
"Mar 27, 2025 1:30pm","Mar 27, 2025 4:00pm","QQQ","Mar 27, 2025","ironcondor","long put 476 / short put 478 / short call 486 / long call 488","1","expired","19","181","10.5","19","10.5","0.19","0.17","0.21","0","","","181","19","481.96","481.62","A"
"Mar 27, 2025 2:00pm","Mar 27, 2025 4:00pm","QQQ","Mar 27, 2025","longputspread","short put 478 / long put 480","1","expired","-25","25","-100","25","700","0.25","0.24","0.26","0","","","25","175","482.12","481.62","B"
"Mar 25, 2025 1:30pm","Mar 25, 2025 4:00pm","QQQ","Mar 25, 2025","ironcondor","long put 486 / short put 488 / short call 495 / long call 497","1","expired","10","190","5.26","10","5.26","0.1","0.08","0.12","0","","","190","10","491.54","493.46","A"
"Mar 25, 2025 2:00pm","Mar 25, 2025 4:00pm","QQQ","Mar 25, 2025","longputspread","short put 488 / long put 490","1","expired","-19","19","-100","19","952.63","0.19","0.18","0.2","0","","","19","181","491.67","493.46","B"
"Mar 21, 2025 1:30pm","Mar 21, 2025 4:00pm","QQQ","Mar 21, 2025","ironcondor","long put 472 / short put 474 / short call 482 / long call 484","1","expired","25","175","14.29","25","14.29","0.25","0.24","0.28","0","","","175","25","477.95","480.84","A"
"Mar 21, 2025 2:00pm","Mar 21, 2025 4:00pm","QQQ","Mar 21, 2025","longputspread","short put 475 / long put 477","1","expired","-30","30","-100","30","566.67","0.3","0.29","0.31","0","","","30","170","478.79","480.84","B"
"Mar 20, 2025 1:30pm","Mar 20, 2025 4:00pm","QQQ","Mar 20, 2025","ironcondor","long put 472 / short put 474 / short call 482 / long call 484","1","expired","31","169","18.34","31","18.34","0.31","0.29","0.33","0","","","169","31","478.06","479.26","A"
"Mar 20, 2025 2:00pm","Mar 20, 2025 4:00pm","QQQ","Mar 20, 2025","longputspread","short put 475 / long put 477","1","expired","-40","40","-100","40","400","0.4","0.39","0.41","0","","","40","160","478.51","479.26","B"
"Mar 19, 2025 1:30pm","Mar 19, 2025 4:00pm","QQQ","Mar 19, 2025","ironcondor","long put 472 / short put 474 / short call 481 / long call 483","1","expired","74","126","58.73","74","58.73","0.74","0.73","0.77","0","","","126","74","477.3","480.89","A"
"Mar 19, 2025 2:00pm","Mar 19, 2025 4:00pm","QQQ","Mar 19, 2025","longputspread","short put 474 / long put 476","1","expired","-55","55","-100","55","263.64","0.55","0.45","0.66","0","","","55","145","477.35","480.89","B"
"Mar 17, 2025 1:30pm","Mar 17, 2025 4:00pm","QQQ","Mar 17, 2025","ironcondor","long put 475 / short put 477 / short call 485 / long call 487","1","expired","14","186","7.53","14","7.53","0.14","0.14","0.18","0","","","186","14","481.01","482.77","A"
"Mar 17, 2025 2:00pm","Mar 17, 2025 4:00pm","QQQ","Mar 17, 2025","longputspread","short put 479 / long put 481","1","expired","-29","29","-100","29","589.66","0.29","0.28","0.3","0","","","29","171","482.34","482.77","B"
"Mar 7, 2025 1:30pm","Mar 7, 2025 4:00pm","QQQ","Mar 7, 2025","ironcondor","long put 482 / short put 484 / short call 491 / long call 493","1","expired","2","119","1.68","81","68.07","0.81","0.78","0.83","0.79","","","119","81","487.61","491.79","A"
"Mar 7, 2025 2:00pm","Mar 7, 2025 4:00pm","QQQ","Mar 7, 2025","longputspread","short put 487 / long put 489","1","expired","-54","54","-100","54","270.37","0.54","0.52","0.56","0","","","54","146","490.44","491.79","B"
"Mar 5, 2025 1:30pm","Mar 5, 2025 4:00pm","QQQ","Mar 5, 2025","ironcondor","long put 493 / short put 495 / short call 502 / long call 504","1","expired","73","126","57.94","74","58.73","0.74","0.7","0.76","0.01","","","126","74","498.26","502.01","A"
"Mar 5, 2025 2:00pm","Mar 5, 2025 4:00pm","QQQ","Mar 5, 2025","longputspread","short put 497 / long put 499","1","expired","-55","55","-100","55","263.64","0.55","0.54","0.57","0","","","55","145","500.39","502.01","B"
"Mar 4, 2025 1:30pm","Mar 4, 2025 4:00pm","QQQ","Mar 4, 2025","ironcondor","long put 489 / short put 491 / short call 499 / long call 501","1","expired","49","151","32.45","49","32.45","0.49","0.47","0.51","0","","","151","49","495.09","495.55","A"
"Mar 4, 2025 2:00pm","Mar 4, 2025 4:00pm","QQQ","Mar 4, 2025","longputspread","short put 494 / long put 496","1","expired","5","40","12.5","40","400","0.4","0.39","0.42","0.45","","","40","160","498.06","495.55","B"
"Feb 28, 2025 1:30pm","Feb 28, 2025 4:00pm","QQQ","Feb 28, 2025","ironcondor","long put 494 / short put 496 / short call 504 / long call 506","1","expired","-156","156","-100","44","28.21","0.44","0.42","0.47","2","","","156","44","500.14","508.17","A"
"Feb 28, 2025 2:00pm","Feb 28, 2025 4:00pm","QQQ","Feb 28, 2025","longputspread","short put 495 / long put 497","1","expired","-43","43","-100","43","365.12","0.43","0.42","0.46","0","","","43","157","498.91","508.17","B"
"Feb 27, 2025 1:30pm","Feb 27, 2025 4:00pm","QQQ","Feb 27, 2025","ironcondor","long put 506 / short put 508 / short call 516 / long call 518","1","expired","-179","179","-100","21","11.73","0.21","0.21","0.25","2","","","179","21","512.19","500.27","A"
"Feb 27, 2025 2:00pm","Feb 27, 2025 4:00pm","QQQ","Feb 27, 2025","longputspread","short put 507 / long put 509","1","expired","172","28","614.29","28","614.29","0.28","0.27","0.29","2","","","28","172","511.11","500.27","B"
"Feb 26, 2025 1:30pm","Feb 26, 2025 4:00pm","QQQ","Feb 26, 2025","ironcondor","long put 508 / short put 510 / short call 518 / long call 520","1","expired","62","138","44.93","62","44.93","0.62","0.59","0.63","0","","","138","62","513.95","514.56","A"
"Feb 13, 2025 1:30pm","Feb 13, 2025 4:00pm","QQQ","Feb 13, 2025","ironcondor","long put 526 / short put 528 / short call 536 / long call 538","1","expired","12","188","6.38","12","6.38","0.12","0.11","0.15","0","","","188","12","531.78","535.9","A"
"Feb 13, 2025 2:00pm","Feb 13, 2025 4:00pm","QQQ","Feb 13, 2025","longputspread","short put 529 / long put 531","1","expired","-14","14","-100","14","1328.57","0.14","0.14","0.16","0","","","14","186","533.05","535.9","B"
"Feb 7, 2025 1:30pm","Feb 7, 2025 4:00pm","QQQ","Feb 7, 2025","ironcondor","long put 520 / short put 522 / short call 530 / long call 532","1","expired","11","189","5.82","11","5.82","0.11","0.1","0.14","0","","","189","11","525.94","522.92","A"
"Feb 6, 2025 1:30pm","Feb 6, 2025 4:00pm","QQQ","Feb 6, 2025","ironcondor","long put 523 / short put 525 / short call 533 / long call 535","1","expired","17","183","9.29","17","9.29","0.17","0.13","0.17","0","","","183","17","528.58","529.6","A"
"Feb 6, 2025 2:00pm","Feb 6, 2025 4:00pm","QQQ","Feb 6, 2025","longputspread","short put 524 / long put 526","1","expired","-23","23","-100","23","769.57","0.23","0.22","0.24","0","","","23","177","528.24","529.6","B"
"Feb 5, 2025 1:30pm","Feb 5, 2025 4:00pm","QQQ","Feb 5, 2025","ironcondor","long put 519 / short put 521 / short call 529 / long call 531","1","expired","9","191","4.71","9","4.71","0.09","0.05","0.09","0","","","191","9","525.13","526.85","A"
"Feb 5, 2025 2:00pm","Feb 5, 2025 4:00pm","QQQ","Feb 5, 2025","longputspread","short put 522 / long put 524","1","expired","-15","15","-100","15","1233.33","0.15","0.15","0.17","0","","","15","185","525.62","526.85","B"
"Jan 30, 2025 1:30pm","Jan 30, 2025 4:00pm","QQQ","Jan 30, 2025","ironcondor","long put 515 / short put 517 / short call 525 / long call 527","1","expired","20","180","11.11","20","11.11","0.2","0.16","0.2","0","","","180","20","521.36","523.05","A"
"Jan 30, 2025 2:00pm","Jan 30, 2025 4:00pm","QQQ","Jan 30, 2025","longputspread","short put 519 / long put 521","1","expired","-31","31","-100","31","545.16","0.31","0.31","0.33","0","","","31","169","522.69","523.05","B"
"Jan 29, 2025 1:30pm","Jan 29, 2025 4:00pm","QQQ","Jan 29, 2025","ironcondor","long put 514 / short put 516 / short call 524 / long call 526","1","expired","80","120","66.67","80","66.67","0.8","0.77","0.82","0","","","120","80","519.92","520.83","A"
"Jan 21, 2025 1:30pm","Jan 21, 2025 4:00pm","QQQ","Jan 21, 2025","ironcondor","long put 520 / short put 522 / short call 529 / long call 531","1","expired","10","190","5.26","10","5.26","0.1","0.09","0.13","0","","","190","10","525.5","524.8","A"
"Jan 21, 2025 2:00pm","Jan 21, 2025 4:00pm","QQQ","Jan 21, 2025","longputspread","short put 522 / long put 524","1","expired","-21","21","-100","21","852.38","0.21","0.2","0.22","0","","","21","179","525.54","524.8","B"
"Jan 16, 2025 1:30pm","Jan 16, 2025 4:00pm","QQQ","Jan 16, 2025","ironcondor","long put 510 / short put 512 / short call 519 / long call 521","1","expired","18","182","9.89","18","9.89","0.18","0.16","0.2","0","","","182","18","515.4","513.08","A"
"Jan 14, 2025 1:30pm","Jan 14, 2025 4:00pm","QQQ","Jan 14, 2025","ironcondor","long put 500 / short put 502 / short call 509 / long call 511","1","expired","12","188","6.38","12","6.38","0.12","0.12","0.16","0","","","188","12","505.5","505.08","A"
"Jan 14, 2025 2:00pm","Jan 14, 2025 4:00pm","QQQ","Jan 14, 2025","longputspread","short put 503 / long put 505","1","expired","-20","20","-100","20","900","0.2","0.19","0.21","0","","","20","180","506.93","505.08","B"
"Jan 13, 2025 1:30pm","Jan 13, 2025 4:00pm","QQQ","Jan 13, 2025","ironcondor","long put 498 / short put 500 / short call 508 / long call 510","1","expired","15","185","8.11","15","8.11","0.15","0.13","0.17","0","","","185","15","504.24","505.56","A"
"Jan 13, 2025 2:00pm","Jan 13, 2025 4:00pm","QQQ","Jan 13, 2025","longputspread","short put 500 / long put 502","1","expired","-18","18","-100","18","1011.11","0.18","0.17","0.19","0","","","18","182","504.24","505.56","B"
"Jan 8, 2025 1:30pm","Jan 8, 2025 4:00pm","QQQ","Jan 8, 2025","ironcondor","long put 510 / short put 512 / short call 520 / long call 522","1","expired","23","177","12.99","23","12.99","0.23","0.2","0.24","0","","","177","23","515.77","515.27","A"
"Jan 8, 2025 2:00pm","Jan 8, 2025 4:00pm","QQQ","Jan 8, 2025","longputspread","short put 511 / long put 513","1","expired","-38","38","-100","38","426.32","0.38","0.35","0.4","0","","","38","162","514.39","515.27","B"
"Jan 2, 2025 1:30pm","Jan 2, 2025 4:00pm","QQQ","Jan 2, 2025","ironcondor","long put 502 / short put 504 / short call 511 / long call 513","1","expired","36","164","21.95","36","21.95","0.36","0.33","0.37","0","","","164","36","507.64","510.23","A"
"Jan 2, 2025 2:00pm","Jan 2, 2025 4:00pm","QQQ","Jan 2, 2025","longputspread","short put 503 / long put 505","1","expired","-28","28","-100","28","614.29","0.28","0.27","0.29","0","","","28","172","507.27","510.23","B"
"Dec 19, 2024 1:30pm","Dec 19, 2024 4:00pm","QQQ","Dec 19, 2024","ironcondor","long put 512 / short put 514 / short call 522 / long call 524","1","expired","22","178","12.36","22","12.36","0.22","0.19","0.23","0","","","178","22","517.79","514.17","A"
"Dec 19, 2024 2:00pm","Dec 19, 2024 4:00pm","QQQ","Dec 19, 2024","longputspread","short put 516 / long put 518","1","expired","164","36","455.56","36","455.56","0.36","0.35","0.38","2","","","36","164","519.44","514.17","B"
"Dec 18, 2024 1:30pm","Dec 18, 2024 4:00pm","QQQ","Dec 18, 2024","ironcondor","long put 529 / short put 531 / short call 539 / long call 541","1","expired","-165","165","-100","35","21.21","0.35","0.33","0.37","2","","","165","35","535.47","516.47","A"
"Dec 18, 2024 2:00pm","Dec 18, 2024 4:00pm","QQQ","Dec 18, 2024","longputspread","short put 531 / long put 533","1","expired","163","37","440.54","37","440.54","0.37","0.31","0.42","2","","","37","163","535.5","516.47","B"
"Dec 12, 2024 1:30pm","Dec 12, 2024 4:00pm","QQQ","Dec 12, 2024","ironcondor","long put 523 / short put 525 / short call 533 / long call 535","1","expired","8","192","4.17","8","4.17","0.08","0.05","0.09","0","","","192","8","528.57","526.5","A"
"Dec 12, 2024 2:00pm","Dec 12, 2024 4:00pm","QQQ","Dec 12, 2024","longputspread","short put 524 / long put 526","1","expired","-23","23","-100","23","769.57","0.23","0.22","0.24","0","","","23","177","527.79","526.5","B"
"Nov 22, 2024 1:30pm","Nov 22, 2024 4:00pm","QQQ","Nov 22, 2024","ironcondor","long put 500 / short put 502 / short call 510 / long call 512","1","expired","8","192","4.17","8","4.17","0.08","0.05","0.09","0","","","192","8","505.84","505.79","A"
"Nov 22, 2024 2:00pm","Nov 22, 2024 4:00pm","QQQ","Nov 22, 2024","longputspread","short put 502 / long put 504","1","expired","-11","11","-100","11","1718.18","0.11","0.1","0.12","0","","","11","189","505.75","505.79","B"
"Nov 21, 2024 1:30pm","Nov 21, 2024 4:00pm","QQQ","Nov 21, 2024","ironcondor","long put 500 / short put 502 / short call 509 / long call 511","1","expired","10","190","5.26","10","5.26","0.1","0.09","0.13","0","","","190","10","505.52","504.98","A"
"Nov 21, 2024 2:00pm","Nov 21, 2024 4:00pm","QQQ","Nov 21, 2024","longputspread","short put 502 / long put 504","1","expired","-18","18","-100","18","1011.11","0.18","0.16","0.18","0","","","18","182","505.79","504.98","B"
"Nov 20, 2024 1:30pm","Nov 20, 2024 4:00pm","QQQ","Nov 20, 2024","ironcondor","long put 494 / short put 496 / short call 504 / long call 506","1","expired","45","155","29.03","45","29.03","0.45","0.43","0.47","0","","","155","45","500.17","503.17","A"
"Nov 20, 2024 2:00pm","Nov 20, 2024 4:00pm","QQQ","Nov 20, 2024","longputspread","short put 496 / long put 498","1","expired","-60","60","-100","60","233.33","0.6","0.6","0.62","0","","","60","140","499.26","503.17","B"
"Nov 4, 2024 1:30pm","Nov 4, 2024 4:00pm","QQQ","Nov 4, 2024","ironcondor","long put 482 / short put 484 / short call 491 / long call 493","1","expired","11","189","5.82","11","5.82","0.11","0.08","0.12","0","","","189","11","487.24","486.01","A"
"Nov 4, 2024 2:00pm","Nov 4, 2024 4:00pm","QQQ","Nov 4, 2024","longputspread","short put 484 / long put 486","1","expired","-19","19","-100","19","952.63","0.19","0.19","0.21","0","","","19","181","487.51","486.01","B"
"Oct 30, 2024 1:30pm","Oct 30, 2024 4:00pm","QQQ","Oct 30, 2024","ironcondor","long put 493 / short put 495 / short call 502 / long call 504","1","expired","25","175","14.29","25","14.29","0.25","0.24","0.28","0","","","175","25","498.42","496.38","A"
"Oct 30, 2024 2:00pm","Oct 30, 2024 4:00pm","QQQ","Oct 30, 2024","longputspread","short put 494 / long put 496","1","expired","-47","47","-100","47","325.53","0.47","0.45","0.47","0","","","47","153","497.39","496.38","B"
"Oct 28, 2024 1:30pm","Oct 28, 2024 4:00pm","QQQ","Oct 28, 2024","ironcondor","long put 491 / short put 493 / short call 500 / long call 502","1","expired","8","192","4.17","8","4.17","0.08","0.05","0.09","0","","","192","8","496.34","495.4","A"
"Oct 28, 2024 2:00pm","Oct 28, 2024 4:00pm","QQQ","Oct 28, 2024","longputspread","short put 493 / long put 495","1","expired","-11","11","-100","11","1718.18","0.11","0.09","0.11","0","","","11","189","496.76","495.4","B"
"Oct 10, 2024 1:30pm","Oct 10, 2024 4:00pm","QQQ","Oct 10, 2024","ironcondor","long put 488 / short put 490 / short call 497 / long call 499","1","expired","8","192","4.17","8","4.17","0.08","0.07","0.11","0","","","192","8","493.31","492.59","A"
"Oct 10, 2024 2:00pm","Oct 10, 2024 4:00pm","QQQ","Oct 10, 2024","longputspread","short put 489 / long put 491","1","expired","-13","13","-100","13","1438.46","0.13","0.12","0.14","0","","","13","187","492.98","492.59","B"
"Oct 9, 2024 1:30pm","Oct 9, 2024 4:00pm","QQQ","Oct 9, 2024","ironcondor","long put 487 / short put 489 / short call 496 / long call 498","1","expired","10","190","5.26","10","5.26","0.1","0.09","0.13","0","","","190","10","492.21","493.15","A"
"Oct 9, 2024 2:00pm","Oct 9, 2024 4:00pm","QQQ","Oct 9, 2024","longputspread","short put 488 / long put 490","1","expired","-20","20","-100","20","900","0.2","0.16","0.24","0","","","20","180","491.75","493.15","B"
"Oct 3, 2024 1:30pm","Oct 3, 2024 4:00pm","QQQ","Oct 3, 2024","ironcondor","long put 475 / short put 477 / short call 484 / long call 486","1","expired","21","179","11.73","21","11.73","0.21","0.2","0.24","0","","","179","21","480.57","481.59","A"
"Oct 3, 2024 2:00pm","Oct 3, 2024 4:00pm","QQQ","Oct 3, 2024","longputspread","short put 477 / long put 479","1","expired","-19","19","-100","19","952.63","0.19","0.17","0.19","0","","","19","181","480.98","481.59","B"
"Oct 2, 2024 1:30pm","Oct 2, 2024 4:00pm","QQQ","Oct 2, 2024","ironcondor","long put 477 / short put 479 / short call 486 / long call 488","1","expired","16","184","8.7","16","8.7","0.16","0.14","0.18","0","","","184","16","482.17","481.95","A"
"Oct 2, 2024 2:00pm","Oct 2, 2024 4:00pm","QQQ","Oct 2, 2024","longputspread","short put 479 / long put 481","1","expired","-18","18","-100","18","1011.11","0.18","0.17","0.19","0","","","18","182","482.83","481.95","B"
"Sep 30, 2024 1:30pm","Sep 30, 2024 4:00pm","QQQ","Sep 30, 2024","ironcondor","long put 480 / short put 482 / short call 489.78 / long call 492","1","expired","11","211","5.21","11","5.21","0.11","0.09","0.13","0","","","211","11","485.73","488.07","A"
"Sep 30, 2024 2:00pm","Sep 30, 2024 4:00pm","QQQ","Sep 30, 2024","longputspread","short put 483 / long put 484.78","1","expired","-21","21","-100","21","747.62","0.21","0.19","0.21","0","","","21","157","486.46","488.07","B"
"Sep 26, 2024 1:30pm","Sep 26, 2024 4:00pm","QQQ","Sep 26, 2024","ironcondor","long put 482 / short put 484 / short call 491 / long call 493","1","expired","13","187","6.95","13","6.95","0.13","0.1","0.14","0","","","187","13","487.28","489.47","A"
"Sep 26, 2024 2:00pm","Sep 26, 2024 4:00pm","QQQ","Sep 26, 2024","longputspread","short put 484 / long put 486","1","expired","-17","17","-100","17","1076.47","0.17","0.17","0.19","0","","","17","183","487.86","489.47","B"
"Sep 25, 2024 1:30pm","Sep 25, 2024 4:00pm","QQQ","Sep 25, 2024","ironcondor","long put 480 / short put 482 / short call 489 / long call 491","1","expired","9","191","4.71","9","4.71","0.09","0.07","0.11","0","","","191","9","485.66","485.82","A"
"Sep 25, 2024 2:00pm","Sep 25, 2024 4:00pm","QQQ","Sep 25, 2024","longputspread","short put 482 / long put 484","1","expired","-12","12","-100","12","1566.67","0.12","0.12","0.14","0","","","12","188","486.1","485.82","B"
"Sep 23, 2024 1:30pm","Sep 23, 2024 4:00pm","QQQ","Sep 23, 2024","ironcondor","long put 477 / short put 479 / short call 486 / long call 488","1","expired","10","190","5.26","10","5.26","0.1","0.07","0.11","0","","","190","10","482.17","483.04","A"
"Sep 23, 2024 2:00pm","Sep 23, 2024 4:00pm","QQQ","Sep 23, 2024","longputspread","short put 479 / long put 481","1","expired","-13","13","-100","13","1438.46","0.13","0.11","0.13","0","","","13","187","482.92","483.04","B"
"Sep 20, 2024 1:30pm","Sep 20, 2024 4:00pm","QQQ","Sep 20, 2024","ironcondor","long put 476 / short put 478 / short call 485 / long call 487","1","expired","13","187","6.95","13","6.95","0.13","0.12","0.16","0","","","187","13","481.79","482.44","A"
"Sep 20, 2024 2:00pm","Sep 20, 2024 4:00pm","QQQ","Sep 20, 2024","longputspread","short put 478 / long put 480","1","expired","-23","23","-100","23","769.57","0.23","0.22","0.24","0","","","23","177","481.57","482.44","B"
"Sep 18, 2024 1:30pm","Sep 18, 2024 4:00pm","QQQ","Sep 18, 2024","ironcondor","long put 469 / short put 471 / short call 478 / long call 480","1","expired","113","87","129.89","113","129.89","1.13","1.11","1.15","0","","","87","113","474.11","471.44","A"
"Sep 17, 2024 1:30pm","Sep 17, 2024 4:00pm","QQQ","Sep 17, 2024","ironcondor","long put 468 / short put 470 / short call 477 / long call 479","1","expired","18","182","9.89","18","9.89","0.18","0.17","0.21","0","","","182","18","473.43","473.49","A"
"Sep 17, 2024 2:00pm","Sep 17, 2024 4:00pm","QQQ","Sep 17, 2024","longputspread","short put 469 / long put 471","1","expired","-22","22","-100","22","809.09","0.22","0.21","0.23","0","","","22","178","473.05","473.49","B"
"Sep 16, 2024 1:30pm","Sep 16, 2024 4:00pm","QQQ","Sep 16, 2024","ironcondor","long put 466 / short put 468 / short call 476 / long call 478","1","expired","9","191","4.71","9","4.71","0.09","0.07","0.11","0","","","191","9","471.97","473.24","A"
"Sep 16, 2024 2:00pm","Sep 16, 2024 4:00pm","QQQ","Sep 16, 2024","longputspread","short put 469 / long put 471","1","expired","-15","15","-100","15","1233.33","0.15","0.14","0.16","0","","","15","185","473","473.24","B"
"Sep 13, 2024 1:30pm","Sep 13, 2024 4:00pm","QQQ","Sep 13, 2024","ironcondor","long put 470 / short put 472.50 / short call 480 / long call 482","1","expired","10","240","4.17","10","4.17","0.1","0.07","0.11","0","","","240","10","476.2","475.34","A"
"Sep 13, 2024 2:00pm","Sep 13, 2024 4:00pm","QQQ","Sep 13, 2024","longputspread","short put 472.50 / long put 474","1","expired","-10","10","-100","10","1400","0.1","0.1","0.12","0","","","10","140","476.14","475.34","B"
"Sep 11, 2024 1:30pm","Sep 11, 2024 4:00pm","QQQ","Sep 11, 2024","ironcondor","long put 456 / short put 458 / short call 465 / long call 467","1","expired","-177","177","-100","23","12.99","0.23","0.22","0.26","2","","","177","23","461.85","468.62","A"
"Sep 11, 2024 2:00pm","Sep 11, 2024 4:00pm","QQQ","Sep 11, 2024","longputspread","short put 460 / long put 462","1","expired","-34","34","-100","34","488.24","0.34","0.33","0.35","0","","","34","166","463.19","468.62","B"
"Sep 10, 2024 1:30pm","Sep 10, 2024 4:00pm","QQQ","Sep 10, 2024","ironcondor","long put 451 / short put 453 / short call 459 / long call 461","1","expired","22","178","12.36","22","12.36","0.22","0.22","0.26","0","","","178","22","456.01","458.66","A"
"Sep 10, 2024 2:00pm","Sep 10, 2024 4:00pm","QQQ","Sep 10, 2024","longputspread","short put 454 / long put 456","1","expired","-35","35","-100","35","471.43","0.35","0.33","0.35","0","","","35","165","456.97","458.66","B"
"Sep 5, 2024 1:30pm","Sep 5, 2024 4:00pm","QQQ","Sep 5, 2024","ironcondor","long put 454 / short put 456 / short call 463 / long call 465","1","expired","34","166","20.48","34","20.48","0.34","0.3","0.34","0","","","166","34","459.14","461.04","A"
"Sep 5, 2024 2:00pm","Sep 5, 2024 4:00pm","QQQ","Sep 5, 2024","longputspread","short put 459 / long put 461","1","expired","-50","50","-100","50","300","0.5","0.49","0.51","0","","","50","150","462.05","461.04","B"
"Sep 4, 2024 1:30pm","Sep 4, 2024 4:00pm","QQQ","Sep 4, 2024","ironcondor","long put 457 / short put 459 / short call 466 / long call 468","1","expired","18","182","9.89","18","9.89","0.18","0.17","0.21","0","","","182","18","462.16","460.61","A"
"Sep 4, 2024 2:00pm","Sep 4, 2024 4:00pm","QQQ","Sep 4, 2024","longputspread","short put 458 / long put 460","1","expired","-23","23","-100","23","769.57","0.23","0.22","0.24","0","","","23","177","461.76","460.61","B"
"Aug 30, 2024 1:30pm","Aug 30, 2024 4:00pm","QQQ","Aug 30, 2024","ironcondor","long put 467 / short put 469 / short call 476 / long call 478","1","expired","-10","183","-5.46","17","9.29","0.17","0.17","0.21","0.27","","","183","17","472.78","476.27","A"
"Aug 30, 2024 2:00pm","Aug 30, 2024 4:00pm","QQQ","Aug 30, 2024","longputspread","short put 469 / long put 471","1","expired","-32","32","-100","32","525","0.32","0.31","0.34","0","","","32","168","472.35","476.27","B"
"Aug 27, 2024 1:30pm","Aug 27, 2024 4:00pm","QQQ","Aug 27, 2024","ironcondor","long put 472 / short put 474 / short call 481 / long call 483","1","expired","8","192","4.17","8","4.17","0.08","0.06","0.1","0","","","192","8","477.26","476.76","A"
"Aug 27, 2024 2:00pm","Aug 27, 2024 4:00pm","QQQ","Aug 27, 2024","longputspread","short put 474 / long put 476","1","expired","-16","16","-100","16","1150","0.16","0.15","0.17","0","","","16","184","477.65","476.76","B"
"Aug 21, 2024 1:30pm","Aug 21, 2024 4:00pm","QQQ","Aug 21, 2024","ironcondor","long put 476 / short put 478 / short call 485 / long call 487","1","expired","15","185","8.11","15","8.11","0.15","0.11","0.15","0","","","185","15","481.35","482.5","A"
"Aug 21, 2024 2:00pm","Aug 21, 2024 4:00pm","QQQ","Aug 21, 2024","longputspread","short put 479 / long put 481","1","expired","-29","29","-100","29","589.66","0.29","0.25","0.32","0","","","29","171","482.25","482.5","B"
"Aug 20, 2024 1:30pm","Aug 20, 2024 4:00pm","QQQ","Aug 20, 2024","ironcondor","long put 474 / short put 476 / short call 483 / long call 485","1","expired","15","185","8.11","15","8.11","0.15","0.12","0.16","0","","","185","15","479.64","480.26","A"
"Aug 20, 2024 2:00pm","Aug 20, 2024 4:00pm","QQQ","Aug 20, 2024","longputspread","short put 477 / long put 479","1","expired","-29","29","-100","29","589.66","0.29","0.28","0.3","0","","","29","171","480.15","480.26","B"
"Aug 14, 2024 1:30pm","Aug 14, 2024 4:00pm","QQQ","Aug 14, 2024","ironcondor","long put 457 / short put 459 / short call 466 / long call 468","1","expired","18","182","9.89","18","9.89","0.18","0.16","0.2","0","","","182","18","462.24","462.73","A"
"Aug 14, 2024 2:00pm","Aug 14, 2024 4:00pm","QQQ","Aug 14, 2024","longputspread","short put 458 / long put 460","1","expired","-21","21","-100","21","852.38","0.21","0.2","0.22","0","","","21","179","461.95","462.73","B"
"Aug 12, 2024 1:30pm","Aug 12, 2024 4:00pm","QQQ","Aug 12, 2024","ironcondor","long put 446 / short put 448 / short call 455 / long call 457","1","expired","30","170","17.65","30","17.65","0.3","0.27","0.31","0","","","170","30","451.67","451.38","A"
"Aug 12, 2024 2:00pm","Aug 12, 2024 4:00pm","QQQ","Aug 12, 2024","longputspread","short put 447 / long put 449","1","expired","-30","30","-100","30","566.67","0.3","0.29","0.32","0","","","30","170","450.82","451.38","B"
"Aug 7, 2024 1:30pm","Aug 7, 2024 4:00pm","QQQ","Aug 7, 2024","ironcondor","long put 435 / short put 437 / short call 444 / long call 446","1","expired","-137","137","-100","63","45.99","0.63","0.6","0.66","2","","","137","63","440.36","434.77","A"
"Jul 29, 2024 1:30pm","Jul 29, 2024 4:00pm","QQQ","Jul 29, 2024","ironcondor","long put 460 / short put 462 / short call 469 / long call 471","1","expired","29","171","16.96","29","16.96","0.29","0.27","0.31","0","","","171","29","465.05","463.9","A"
"Jul 29, 2024 2:00pm","Jul 29, 2024 4:00pm","QQQ","Jul 29, 2024","longputspread","short put 461 / long put 463","1","expired","-27","27","-100","27","640.74","0.27","0.26","0.29","0","","","27","173","464.95","463.9","B"
"Jul 25, 2024 1:30pm","Jul 25, 2024 4:00pm","QQQ","Jul 25, 2024","ironcondor","long put 459 / short put 461 / short call 468 / long call 470","1","expired","-162","162","-100","38","23.46","0.38","0.35","0.41","2","","","162","38","464.89","458.27","A"
"Jul 25, 2024 2:00pm","Jul 25, 2024 4:00pm","QQQ","Jul 25, 2024","longputspread","short put 462 / long put 464","1","expired","165","35","471.43","35","471.43","0.35","0.33","0.35","2","","","35","165","465.52","458.27","B"
"Jul 23, 2024 1:30pm","Jul 23, 2024 4:00pm","QQQ","Jul 23, 2024","ironcondor","long put 476 / short put 478 / short call 485 / long call 487","1","expired","37","163","22.7","37","22.7","0.37","0.34","0.38","0","","","163","37","481.5","480.62","A"
"Jul 23, 2024 2:00pm","Jul 23, 2024 4:00pm","QQQ","Jul 23, 2024","longputspread","short put 478 / long put 480","1","expired","-36","36","-100","36","455.56","0.36","0.35","0.37","0","","","36","164","481.98","480.62","B"
"Jul 18, 2024 1:30pm","Jul 18, 2024 4:00pm","QQQ","Jul 18, 2024","ironcondor","long put 474 / short put 476 / short call 483 / long call 485","1","expired","36","164","21.95","36","21.95","0.36","0.33","0.38","0","","","164","36","479.71","479.49","A"
"Jul 18, 2024 2:00pm","Jul 18, 2024 4:00pm","QQQ","Jul 18, 2024","longputspread","short put 475 / long put 477","1","expired","-34","34","-100","34","488.24","0.34","0.33","0.36","0","","","34","166","479.01","479.49","B"
"Jul 16, 2024 1:30pm","Jul 16, 2024 4:00pm","QQQ","Jul 16, 2024","ironcondor","long put 489 / short put 491 / short call 498 / long call 500","1","expired","15","185","8.11","15","8.11","0.15","0.13","0.17","0","","","185","15","494.27","496.34","A"
"Jul 16, 2024 2:00pm","Jul 16, 2024 4:00pm","QQQ","Jul 16, 2024","longputspread","short put 491 / long put 493","1","expired","-24","24","-100","24","733.33","0.24","0.23","0.25","0","","","24","176","494.6","496.34","B"
"Jul 15, 2024 1:30pm","Jul 15, 2024 4:00pm","QQQ","Jul 15, 2024","ironcondor","long put 491 / short put 493 / short call 500 / long call 502","1","expired","18","182","9.89","18","9.89","0.18","0.15","0.19","0","","","182","18","496.45","496.15","A"
"Jul 15, 2024 2:00pm","Jul 15, 2024 4:00pm","QQQ","Jul 15, 2024","longputspread","short put 492 / long put 494","1","expired","-25","25","-100","25","700","0.25","0.25","0.27","0","","","25","175","495.61","496.15","B"
"Jun 28, 2024 1:30pm","Jun 28, 2024 4:00pm","QQQ","Jun 28, 2024","ironcondor","long put 476 / short put 478 / short call 486 / long call 488","1","expired","9","191","4.71","9","4.71","0.09","0.07","0.11","0","","","191","9","481.91","479.11","A"
"Jun 28, 2024 2:00pm","Jun 28, 2024 4:00pm","QQQ","Jun 28, 2024","longputspread","short put 478 / long put 480","1","expired","71","18","394.44","18","1011.11","0.18","0.17","0.19","0.89","","","18","182","481.7","479.11","B"
"Jun 26, 2024 1:30pm","Jun 26, 2024 4:00pm","QQQ","Jun 26, 2024","ironcondor","long put 474 / short put 476 / short call 483 / long call 485","1","expired","18","182","9.89","18","9.89","0.18","0.16","0.2","0","","","182","18","479.39","480.37","A"
"Jun 26, 2024 2:00pm","Jun 26, 2024 4:00pm","QQQ","Jun 26, 2024","longputspread","short put 476 / long put 478","1","expired","-25","25","-100","25","700","0.25","0.23","0.25","0","","","25","175","479.9","480.37","B"
"Jun 21, 2024 1:30pm","Jun 21, 2024 4:00pm","QQQ","Jun 21, 2024","ironcondor","long put 475 / short put 477 / short call 484 / long call 486","1","expired","13","187","6.95","13","6.95","0.13","0.1","0.14","0","","","187","13","480.16","480.18","A"
"Jun 21, 2024 2:00pm","Jun 21, 2024 4:00pm","QQQ","Jun 21, 2024","longputspread","short put 476 / long put 478","1","expired","-21","21","-100","21","852.38","0.21","0.2","0.22","0","","","21","179","479.86","480.18","B"
"Jun 7, 2024 1:30pm","Jun 7, 2024 4:00pm","QQQ","Jun 7, 2024","ironcondor","long put 460 / short put 462 / short call 469 / long call 471","1","expired","9","191","4.71","9","4.71","0.09","0.07","0.11","0","","","191","9","465.06","462.96","A"
"Jun 7, 2024 2:00pm","Jun 7, 2024 4:00pm","QQQ","Jun 7, 2024","longputspread","short put 461 / long put 463","1","expired","-9","13","-69.23","13","1438.46","0.13","0.11","0.13","0.04","","","13","187","464.78","462.96","B"
"Jun 4, 2024 1:30pm","Jun 4, 2024 4:00pm","QQQ","Jun 4, 2024","ironcondor","long put 447 / short put 449 / short call 456 / long call 458","1","expired","8","192","4.17","8","4.17","0.08","0.05","0.09","0","","","192","8","452.87","454.37","A"
"Jun 4, 2024 2:00pm","Jun 4, 2024 4:00pm","QQQ","Jun 4, 2024","longputspread","short put 449 / long put 451","1","expired","-17","17","-100","17","1076.47","0.17","0.16","0.18","0","","","17","183","452.59","454.37","B"
"Jun 3, 2024 1:30pm","Jun 3, 2024 4:00pm","QQQ","Jun 3, 2024","ironcondor","long put 445 / short put 447 / short call 454 / long call 456","1","expired","17","183","9.29","17","9.29","0.17","0.16","0.2","0","","","183","17","450.2","453.13","A"
"Jun 3, 2024 2:00pm","Jun 3, 2024 4:00pm","QQQ","Jun 3, 2024","longputspread","short put 447 / long put 449","1","expired","-21","21","-100","21","852.38","0.21","0.2","0.22","0","","","21","179","450.84","453.13","B"
"May 22, 2024 1:30pm","May 22, 2024 4:00pm","QQQ","May 22, 2024","ironcondor","long put 451 / short put 453 / short call 460 / long call 462","1","expired","67","133","50.38","67","50.38","0.67","0.65","0.69","0","","","133","67","456.31","455.71","A"
"May 22, 2024 2:00pm","May 22, 2024 4:00pm","QQQ","May 22, 2024","longputspread","short put 452 / long put 454","1","expired","-67","67","-100","67","198.51","0.67","0.64","0.69","0","","","67","133","455.19","455.71","B"
"May 16, 2024 1:30pm","May 16, 2024 4:00pm","QQQ","May 16, 2024","ironcondor","long put 448 / short put 450 / short call 456 / long call 458","1","expired","9","191","4.71","9","4.71","0.09","0.07","0.11","0","","","191","9","452.98","451.98","A"
"May 16, 2024 2:00pm","May 16, 2024 4:00pm","QQQ","May 16, 2024","longputspread","short put 450 / long put 452","1","expired","-11","13","-84.62","13","1438.46","0.13","0.12","0.14","0.02","","","13","187","453.47","451.98","B"
"May 8, 2024 1:30pm","May 8, 2024 4:00pm","QQQ","May 8, 2024","ironcondor","long put 434 / short put 436 / short call 442 / long call 444","1","expired","9","191","4.71","9","4.71","0.09","0.06","0.1","0","","","191","9","439.14","440.06","A"
"May 8, 2024 2:00pm","May 8, 2024 4:00pm","QQQ","May 8, 2024","longputspread","short put 437 / long put 439","1","expired","-20","20","-100","20","900","0.2","0.19","0.21","0","","","20","180","439.95","440.06","B"
"May 1, 2024 1:30pm","May 1, 2024 4:00pm","QQQ","May 1, 2024","ironcondor","long put 417 / short put 419 / short call 425 / long call 427","1","expired","91","109","83.49","91","83.49","0.91","0.88","0.92","0","","","109","91","421.86","421.52","A"
"May 1, 2024 2:00pm","May 1, 2024 4:00pm","QQQ","May 1, 2024","longputspread","short put 419 / long put 421","1","expired","-68","68","-100","68","194.12","0.68","0.56","0.8","0","","","68","132","422.32","421.52","B"
"Apr 24, 2024 1:30pm","Apr 24, 2024 4:00pm","QQQ","Apr 24, 2024","ironcondor","long put 421 / short put 423 / short call 430 / long call 432","1","expired","28","172","16.28","28","16.28","0.28","0.26","0.3","0","","","172","28","426.31","426.51","A"
"Apr 24, 2024 2:00pm","Apr 24, 2024 4:00pm","QQQ","Apr 24, 2024","longputspread","short put 424 / long put 426","1","expired","-41","41","-100","41","387.8","0.41","0.4","0.42","0","","","41","159","427.39","426.51","B"
"Apr 18, 2024 1:30pm","Apr 18, 2024 4:00pm","QQQ","Apr 18, 2024","ironcondor","long put 419 / short put 421 / short call 428 / long call 430","1","expired","24","176","13.64","24","13.64","0.24","0.21","0.25","0","","","176","24","424.4","423.41","A"
"Apr 18, 2024 2:00pm","Apr 18, 2024 4:00pm","QQQ","Apr 18, 2024","longputspread","short put 421 / long put 423","1","expired","-51","51","-100","51","292.16","0.51","0.5","0.53","0","","","51","149","423.78","423.41","B"
"Apr 16, 2024 1:30pm","Apr 16, 2024 4:00pm","QQQ","Apr 16, 2024","ironcondor","long put 426 / short put 428 / short call 435 / long call 437","1","expired","35","165","21.21","35","21.21","0.35","0.32","0.37","0","","","165","35","431.66","431.1","A"
"Apr 16, 2024 2:00pm","Apr 16, 2024 4:00pm","QQQ","Apr 16, 2024","longputspread","short put 428 / long put 430","1","expired","-39","39","-100","39","412.82","0.39","0.37","0.4","0","","","39","161","431.39","431.1","B"
"Apr 9, 2024 1:30pm","Apr 9, 2024 4:00pm","QQQ","Apr 9, 2024","ironcondor","long put 435 / short put 437 / short call 444 / long call 446","1","expired","8","192","4.17","8","4.17","0.08","0.06","0.1","0","","","192","8","440.21","442.23","A"
"Apr 9, 2024 2:00pm","Apr 9, 2024 4:00pm","QQQ","Apr 9, 2024","longputspread","short put 436 / long put 438","1","expired","-16","16","-100","16","1150","0.16","0.15","0.17","0","","","16","184","439.69","442.23","B"
"Mar 20, 2024 1:30pm","Mar 20, 2024 4:00pm","QQQ","Mar 20, 2024","ironcondor","long put 433 / short put 435 / short call 442 / long call 444","1","expired","-101","124","-81.45","76","61.29","0.76","0.75","0.79","1.77","","","124","76","438.47","443.77","A"
"Mar 19, 2024 1:30pm","Mar 19, 2024 4:00pm","QQQ","Mar 19, 2024","ironcondor","long put 433 / short put 435 / short call 441 / long call 443","1","expired","13","187","6.95","13","6.95","0.13","0.09","0.13","0","","","187","13","438.09","438.57","A"
"Mar 19, 2024 2:00pm","Mar 19, 2024 4:00pm","QQQ","Mar 19, 2024","longputspread","short put 435 / long put 437","1","expired","-15","15","-100","15","1233.33","0.15","0.14","0.16","0","","","15","185","438.39","438.57","B"
"Mar 14, 2024 1:30pm","Mar 14, 2024 4:00pm","QQQ","Mar 14, 2024","ironcondor","long put 433 / short put 435 / short call 441 / long call 443","1","expired","16","184","8.7","16","8.7","0.16","0.14","0.18","0","","","184","16","438.14","439.14","A"
"Mar 14, 2024 2:00pm","Mar 14, 2024 4:00pm","QQQ","Mar 14, 2024","longputspread","short put 436 / long put 438","1","expired","-20","20","-100","20","900","0.2","0.19","0.21","0","","","20","180","439.55","439.14","B"
"Mar 11, 2024 1:30pm","Mar 11, 2024 4:00pm","QQQ","Mar 11, 2024","ironcondor","long put 433 / short put 435 / short call 441 / long call 443","1","expired","13","187","6.95","13","6.95","0.13","0.11","0.15","0","","","187","13","437.88","437.39","A"
"Mar 11, 2024 2:00pm","Mar 11, 2024 4:00pm","QQQ","Mar 11, 2024","longputspread","short put 434 / long put 436","1","expired","-20","20","-100","20","900","0.2","0.19","0.21","0","","","20","180","437.47","437.39","B"
"Feb 16, 2024 1:30pm","Feb 16, 2024 4:00pm","QQQ","Feb 16, 2024","ironcondor","long put 428 / short put 429.78 / short call 436 / long call 438","1","expired","10","190","5.26","10","5.26","0.1","0.08","0.12","0","","","190","10","432.65","430.57","A"
"Feb 16, 2024 2:00pm","Feb 16, 2024 4:00pm","QQQ","Feb 16, 2024","longputspread","short put 430 / long put 432","1","expired","132","11","1200","11","1718.18","0.11","0.11","0.13","1.43","","","11","189","433.69","430.57","B"
"Feb 5, 2024 1:30pm","Feb 5, 2024 4:00pm","QQQ","Feb 5, 2024","ironcondor","long put 423 / short put 425 / short call 431 / long call 433","1","expired","8","192","4.17","8","4.17","0.08","0.04","0.08","0","","","192","8","428.04","428.45","A"
"Feb 5, 2024 2:00pm","Feb 5, 2024 4:00pm","QQQ","Feb 5, 2024","longputspread","short put 425 / long put 427","1","expired","-11","11","-100","11","1718.18","0.11","0.1","0.12","0","","","11","189","428.44","428.45","B"
"Jan 30, 2024 1:30pm","Jan 30, 2024 4:00pm","QQQ","Jan 30, 2024","ironcondor","long put 420 / short put 422 / short call 429 / long call 431","1","expired","21","179","11.73","21","11.73","0.21","0.19","0.23","0","","","179","21","425.56","425.3","A"
"Jan 30, 2024 2:00pm","Jan 30, 2024 4:00pm","QQQ","Jan 30, 2024","longputspread","short put 422 / long put 424","1","expired","-48","48","-100","48","316.67","0.48","0.46","0.49","0","","","48","152","424.93","425.3","B"
"Jan 26, 2024 1:30pm","Jan 26, 2024 4:00pm","QQQ","Jan 26, 2024","ironcondor","long put 419 / short put 421 / short call 427 / long call 429.78","1","expired","10","268","3.73","10","3.73","0.1","0.07","0.11","0","","","268","10","424.1","423.81","A"
"Jan 26, 2024 2:00pm","Jan 26, 2024 4:00pm","QQQ","Jan 26, 2024","longputspread","short put 420 / long put 422","1","expired","-14","14","-100","14","1328.57","0.14","0.13","0.15","0","","","14","186","423.53","423.81","B"
"Jan 25, 2024 1:30pm","Jan 25, 2024 4:00pm","QQQ","Jan 25, 2024","ironcondor","long put 421 / short put 423 / short call 429 / long call 431","1","expired","11","189","5.82","11","5.82","0.11","0.08","0.12","0","","","189","11","426.07","426.35","A"
"Jan 25, 2024 2:00pm","Jan 25, 2024 4:00pm","QQQ","Jan 25, 2024","longputspread","short put 422 / long put 424","1","expired","-35","35","-100","35","471.43","0.35","0.35","0.37","0","","","35","165","424.84","426.35","B"
"Jan 23, 2024 1:30pm","Jan 23, 2024 4:00pm","QQQ","Jan 23, 2024","ironcondor","long put 417 / short put 419 / short call 425 / long call 427","1","expired","8","192","4.17","8","4.17","0.08","0.04","0.08","0","","","192","8","422.2","423.48","A"
"Jan 23, 2024 2:00pm","Jan 23, 2024 4:00pm","QQQ","Jan 23, 2024","longputspread","short put 419 / long put 421","1","expired","-14","14","-100","14","1328.57","0.14","0.13","0.15","0","","","14","186","422.32","423.48","B"
"Jan 22, 2024 1:30pm","Jan 22, 2024 4:00pm","QQQ","Jan 22, 2024","ironcondor","long put 416 / short put 418 / short call 424 / long call 426","1","expired","9","191","4.71","9","4.71","0.09","0.06","0.1","0","","","191","9","421.23","421.73","A"
"Jan 22, 2024 2:00pm","Jan 22, 2024 4:00pm","QQQ","Jan 22, 2024","longputspread","short put 419 / long put 421","1","expired","-17","17","-100","17","1076.47","0.17","0.16","0.18","0","","","17","183","422.2","421.73","B"
"Jan 11, 2024 1:30pm","Jan 11, 2024 4:00pm","QQQ","Jan 11, 2024","ironcondor","long put 402 / short put 404 / short call 410 / long call 412","1","expired","9","191","4.71","9","4.71","0.09","0.06","0.1","0","","","191","9","407.44","409.35","A"
"Jan 11, 2024 2:00pm","Jan 11, 2024 4:00pm","QQQ","Jan 11, 2024","longputspread","short put 406 / long put 408","1","expired","-33","33","-100","33","506.06","0.33","0.33","0.35","0","","","33","167","408.59","409.35","B"
"Jan 5, 2024 1:30pm","Jan 5, 2024 4:00pm","QQQ","Jan 5, 2024","ironcondor","long put 392 / short put 394 / short call 400 / long call 402","1","expired","8","192","4.17","8","4.17","0.08","0.04","0.08","0","","","192","8","396.99","396.75","A"
"Jan 5, 2024 2:00pm","Jan 5, 2024 4:00pm","QQQ","Jan 5, 2024","longputspread","short put 394.78 / long put 396.78","1","expired","-23","26","-88.46","26","669.23","0.26","0.25","0.27","0.03","","","26","174","397.39","396.75","B"
"Dec 21, 2023 1:30pm","Dec 21, 2023 4:00pm","QQQ","Dec 21, 2023","ironcondor","long put 401 / short put 403 / short call 409 / long call 411","1","expired","12","188","6.38","12","6.38","0.12","0.1","0.14","0","","","188","12","405.69","407.77","A"
"Dec 21, 2023 2:00pm","Dec 21, 2023 4:00pm","QQQ","Dec 21, 2023","longputspread","short put 403 / long put 405","1","expired","-26","26","-100","26","669.23","0.26","0.25","0.27","0","","","26","174","406.07","407.77","B"
"Dec 14, 2023 1:30pm","Dec 14, 2023 4:00pm","QQQ","Dec 14, 2023","ironcondor","long put 397 / short put 399 / short call 405 / long call 407","1","expired","10","190","5.26","10","5.26","0.1","0.08","0.12","0","","","190","10","401.72","403.39","A"
"Dec 14, 2023 2:00pm","Dec 14, 2023 4:00pm","QQQ","Dec 14, 2023","longputspread","short put 398 / long put 400","1","expired","-20","20","-100","20","900","0.2","0.19","0.21","0","","","20","180","401.31","403.39","B"
"Dec 13, 2023 1:30pm","Dec 13, 2023 4:00pm","QQQ","Dec 13, 2023","ironcondor","long put 394 / short put 396 / short call 402 / long call 404","1","expired","-128","154","-83.12","46","29.87","0.46","0.44","0.48","1.74","","","154","46","398.95","403.74","A"
"Dec 13, 2023 2:00pm","Dec 13, 2023 4:00pm","QQQ","Dec 13, 2023","longputspread","short put 396 / long put 398","1","expired","-53","53","-100","53","277.36","0.53","0.47","0.6","0","","","53","147","399.18","403.74","B"
"Dec 1, 2023 1:30pm","Dec 1, 2023 4:00pm","QQQ","Dec 1, 2023","ironcondor","long put 385 / short put 387 / short call 392 / long call 394","1","expired","11","189","5.82","11","5.82","0.11","0.07","0.11","0","","","189","11","389.57","389.94","A"
"Dec 1, 2023 2:00pm","Dec 1, 2023 4:00pm","QQQ","Dec 1, 2023","longputspread","short put 386 / long put 388","1","expired","-13","13","-100","13","1438.46","0.13","0.12","0.14","0","","","13","187","389.22","389.94","B"
"Oct 31, 2023 1:30pm","Oct 31, 2023 4:00pm","QQQ","Oct 31, 2023","ironcondor","long put 345 / short put 347 / short call 352 / long call 354","1","expired","13","187","6.95","13","6.95","0.13","0.11","0.15","0","","","187","13","349.55","350.87","A"
"Oct 31, 2023 2:00pm","Oct 31, 2023 4:00pm","QQQ","Oct 31, 2023","longputspread","short put 348 / long put 350","1","expired","-29","29","-100","29","589.66","0.29","0.29","0.31","0","","","29","171","350.64","350.87","B"
"Oct 27, 2023 1:30pm","Oct 27, 2023 4:00pm","QQQ","Oct 27, 2023","ironcondor","long put 341 / short put 343 / short call 348 / long call 350","1","expired","23","177","12.99","23","12.99","0.23","0.2","0.24","0","","","177","23","345.22","345.31","A"
"Oct 27, 2023 2:00pm","Oct 27, 2023 4:00pm","QQQ","Oct 27, 2023","longputspread","short put 342 / long put 344","1","expired","-38","38","-100","38","426.32","0.38","0.37","0.39","0","","","38","162","344.89","345.31","B"
"Oct 24, 2023 1:30pm","Oct 24, 2023 4:00pm","QQQ","Oct 24, 2023","ironcondor","long put 353 / short put 355 / short call 360 / long call 362","1","expired","35","165","21.21","35","21.21","0.35","0.33","0.37","0","","","165","35","357.41","359.13","A"
"Oct 24, 2023 2:00pm","Oct 24, 2023 4:00pm","QQQ","Oct 24, 2023","longputspread","short put 355 / long put 357","1","expired","-60","60","-100","60","233.33","0.6","0.59","0.61","0","","","60","140","357.4","359.13","B"
"Oct 20, 2023 1:30pm","Oct 20, 2023 4:00pm","QQQ","Oct 20, 2023","ironcondor","long put 353 / short put 355 / short call 360 / long call 362","1","expired","-11","171","-6.43","29","16.96","0.29","0.27","0.31","0.4","","","171","29","357.41","354.6","A"
"Oct 20, 2023 2:00pm","Oct 20, 2023 4:00pm","QQQ","Oct 20, 2023","longputspread","short put 355 / long put 357","1","expired","153","47","325.53","47","325.53","0.47","0.45","0.47","2","","","47","153","357.44","354.6","B"
"Oct 19, 2023 1:30pm","Oct 19, 2023 4:00pm","QQQ","Oct 19, 2023","ironcondor","long put 360 / short put 362 / short call 367 / long call 369","1","expired","-168","168","-100","32","19.05","0.32","0.3","0.34","2","","","168","32","364.25","359.97","A"
"Oct 18, 2023 1:30pm","Oct 18, 2023 4:00pm","QQQ","Oct 18, 2023","ironcondor","long put 361 / short put 363 / short call 369 / long call 371","1","expired","22","178","12.36","22","12.36","0.22","0.2","0.24","0","","","178","22","366.04","363.37","A"
"Oct 18, 2023 2:00pm","Oct 18, 2023 4:00pm","QQQ","Oct 18, 2023","longputspread","short put 363 / long put 365","1","expired","111","52","213.46","52","284.62","0.52","0.5","0.55","1.63","","","52","148","365.27","363.37","B"
"Oct 17, 2023 1:30pm","Oct 17, 2023 4:00pm","QQQ","Oct 17, 2023","ironcondor","long put 364 / short put 366 / short call 371 / long call 373","1","expired","14","186","7.53","14","7.53","0.14","0.1","0.14","0","","","186","14","368.69","368.2","A"
"Oct 17, 2023 2:00pm","Oct 17, 2023 4:00pm","QQQ","Oct 17, 2023","longputspread","short put 365 / long put 367","1","expired","-42","42","-100","42","376.19","0.42","0.39","0.43","0","","","42","158","367.38","368.2","B"
"Oct 12, 2023 1:30pm","Oct 12, 2023 4:00pm","QQQ","Oct 12, 2023","ironcondor","long put 365 / short put 367 / short call 373 / long call 375","1","expired","12","188","6.38","12","6.38","0.12","0.09","0.13","0","","","188","12","369.74","369.93","A"
"Oct 12, 2023 2:00pm","Oct 12, 2023 4:00pm","QQQ","Oct 12, 2023","longputspread","short put 366 / long put 368","1","expired","-24","24","-100","24","733.33","0.24","0.23","0.26","0","","","24","176","369.05","369.93","B"
"Oct 11, 2023 1:30pm","Oct 11, 2023 4:00pm","QQQ","Oct 11, 2023","ironcondor","long put 364 / short put 366 / short call 372 / long call 374","1","expired","13","187","6.95","13","6.95","0.13","0.11","0.15","0","","","187","13","368.94","371.22","A"
"Oct 11, 2023 2:00pm","Oct 11, 2023 4:00pm","QQQ","Oct 11, 2023","longputspread","short put 366 / long put 368","1","expired","-28","28","-100","28","614.29","0.28","0.27","0.3","0","","","28","172","368.91","371.22","B"
"Oct 10, 2023 1:30pm","Oct 10, 2023 4:00pm","QQQ","Oct 10, 2023","ironcondor","long put 364 / short put 366 / short call 372 / long call 374","1","expired","13","187","6.95","13","6.95","0.13","0.11","0.15","0","","","187","13","369.03","368.59","A"
"Oct 10, 2023 2:00pm","Oct 10, 2023 4:00pm","QQQ","Oct 10, 2023","longputspread","short put 366 / long put 368","1","expired","-25","25","-100","25","700","0.25","0.25","0.27","0","","","25","175","369.06","368.59","B"
"Oct 9, 2023 1:30pm","Oct 9, 2023 4:00pm","QQQ","Oct 9, 2023","ironcondor","long put 360 / short put 362 / short call 367 / long call 369","1","expired","9","191","4.71","9","4.71","0.09","0.07","0.11","0","","","191","9","364.52","366.56","A"
"Oct 9, 2023 2:00pm","Oct 9, 2023 4:00pm","QQQ","Oct 9, 2023","longputspread","short put 364 / long put 366","1","expired","-31","31","-100","31","545.16","0.31","0.3","0.32","0","","","31","169","366.6","366.56","B"
"Oct 5, 2023 1:30pm","Oct 5, 2023 4:00pm","QQQ","Oct 5, 2023","ironcondor","long put 353 / short put 355 / short call 360 / long call 362","1","expired","16","184","8.7","16","8.7","0.16","0.14","0.18","0","","","184","16","357.5","358.69","A"
"Oct 5, 2023 2:00pm","Oct 5, 2023 4:00pm","QQQ","Oct 5, 2023","longputspread","short put 356 / long put 358","1","expired","-39","39","-100","39","412.82","0.39","0.38","0.41","0","","","39","161","358.46","358.69","B"
"Oct 2, 2023 1:30pm","Oct 2, 2023 4:00pm","QQQ","Oct 2, 2023","ironcondor","long put 355 / short put 357 / short call 362 / long call 364","1","expired","20","180","11.11","20","11.11","0.2","0.17","0.21","0","","","180","20","359.51","361.26","A"
"Oct 2, 2023 2:00pm","Oct 2, 2023 4:00pm","QQQ","Oct 2, 2023","longputspread","short put 357 / long put 359","1","expired","-44","44","-100","44","354.55","0.44","0.43","0.46","0","","","44","156","359.4","361.26","B"
"Sep 29, 2023 1:30pm","Sep 29, 2023 4:00pm","QQQ","Sep 29, 2023","ironcondor","long put 354 / short put 356 / short call 361 / long call 363","1","expired","28","172","16.28","28","16.28","0.28","0.26","0.3","0","","","172","28","358.32","358.27","A"
"Sep 29, 2023 2:00pm","Sep 29, 2023 4:00pm","QQQ","Sep 29, 2023","longputspread","short put 355 / long put 357","1","expired","-58","58","-100","58","244.83","0.58","0.58","0.6","0","","","58","142","357.21","358.27","B"
"Sep 27, 2023 1:30pm","Sep 27, 2023 4:00pm","QQQ","Sep 27, 2023","ironcondor","long put 347 / short put 349 / short call 355 / long call 357","1","expired","9","187","4.81","13","6.95","0.13","0.1","0.14","0.04","","","187","13","352.11","355.04","A"
"Sep 27, 2023 2:00pm","Sep 27, 2023 4:00pm","QQQ","Sep 27, 2023","longputspread","short put 350 / long put 352","1","expired","-54","54","-100","54","270.37","0.54","0.52","0.54","0","","","54","146","352.17","355.04","B"
"Sep 25, 2023 1:30pm","Sep 25, 2023 4:00pm","QQQ","Sep 25, 2023","ironcondor","long put 354 / short put 356 / short call 361 / long call 363","1","expired","12","188","6.38","12","6.38","0.12","0.11","0.15","0","","","188","12","358.46","359.61","A"
"Sep 25, 2023 2:00pm","Sep 25, 2023 4:00pm","QQQ","Sep 25, 2023","longputspread","short put 356 / long put 358","1","expired","-26","26","-100","26","669.23","0.26","0.26","0.28","0","","","26","174","358.84","359.61","B"
"Sep 22, 2023 1:30pm","Sep 22, 2023 4:00pm","QQQ","Sep 22, 2023","ironcondor","long put 355 / short put 357 / short call 362.50 / long call 364","1","expired","8","192","4.17","8","4.17","0.08","0.07","0.11","0","","","192","8","359.79","357.91","A"
"Sep 22, 2023 2:00pm","Sep 22, 2023 4:00pm","QQQ","Sep 22, 2023","longputspread","short put 356 / long put 358","1","expired","-14","23","-60.87","23","769.57","0.23","0.23","0.25","0.09","","","23","177","359.12","357.91","B"
"Sep 20, 2023 1:30pm","Sep 20, 2023 4:00pm","QQQ","Sep 20, 2023","ironcondor","long put 365 / short put 367 / short call 372 / long call 374","1","expired","-139","139","-100","61","43.88","0.61","0.58","0.62","2","","","139","61","369.72","364.54","A"
"Sep 20, 2023 2:00pm","Sep 20, 2023 4:00pm","QQQ","Sep 20, 2023","longputspread","short put 367 / long put 369","1","expired","140","60","233.33","60","233.33","0.6","0.57","0.63","2","","","60","140","369.76","364.54","B"
"Aug 30, 2023 1:30pm","Aug 30, 2023 4:00pm","QQQ","Aug 30, 2023","ironcondor","long put 372 / short put 374 / short call 380 / long call 382","1","expired","8","192","4.17","8","4.17","0.08","0.05","0.09","0","","","192","8","376.8","376.86","A"
"Aug 30, 2023 2:00pm","Aug 30, 2023 4:00pm","QQQ","Aug 30, 2023","longputspread","short put 374 / long put 376","1","expired","-31","31","-100","31","545.16","0.31","0.3","0.32","0","","","31","169","376.49","376.86","B"
"Aug 28, 2023 1:30pm","Aug 28, 2023 4:00pm","QQQ","Aug 28, 2023","ironcondor","long put 362 / short put 364 / short call 369 / long call 371","1","expired","13","187","6.95","13","6.95","0.13","0.11","0.15","0","","","187","13","366.65","366.76","A"
"Aug 25, 2023 1:30pm","Aug 25, 2023 4:00pm","QQQ","Aug 25, 2023","ironcondor","long put 357 / short put 359 / short call 364 / long call 366","1","expired","35","163","21.47","37","22.7","0.37","0.36","0.4","0.02","","","163","37","361.43","364.02","A"
"Aug 25, 2023 2:00pm","Aug 25, 2023 4:00pm","QQQ","Aug 25, 2023","longputspread","short put 359 / long put 361","1","expired","-42","42","-100","42","376.19","0.42","0.41","0.44","0","","","42","158","361.71","364.02","B"
"Aug 22, 2023 1:30pm","Aug 22, 2023 4:00pm","QQQ","Aug 22, 2023","ironcondor","long put 359 / short put 361 / short call 366 / long call 368","1","expired","17","183","9.29","17","9.29","0.17","0.15","0.19","0","","","183","17","363.38","363.38","A"
"Aug 22, 2023 2:00pm","Aug 22, 2023 4:00pm","QQQ","Aug 22, 2023","longputspread","short put 361 / long put 363","1","expired","-42","42","-100","42","376.19","0.42","0.41","0.43","0","","","42","158","363.34","363.38","B"
"Aug 18, 2023 1:30pm","Aug 18, 2023 4:00pm","QQQ","Aug 18, 2023","ironcondor","long put 352 / short put 354 / short call 360 / long call 362","1","expired","11","189","5.82","11","5.82","0.11","0.1","0.14","0","","","189","11","357.12","358.13","A"
"Aug 18, 2023 2:00pm","Aug 18, 2023 4:00pm","QQQ","Aug 18, 2023","longputspread","short put 355 / long put 357","1","expired","-39","39","-100","39","412.82","0.39","0.38","0.4","0","","","39","161","357.64","358.13","B"
"Aug 17, 2023 1:30pm","Aug 17, 2023 4:00pm","QQQ","Aug 17, 2023","ironcondor","long put 357 / short put 359 / short call 365 / long call 367","1","expired","-33","191","-17.28","9","4.71","0.09","0.08","0.12","0.42","","","191","9","361.81","358.58","A"
"Aug 17, 2023 2:00pm","Aug 17, 2023 4:00pm","QQQ","Aug 17, 2023","longputspread","short put 358 / long put 360","1","expired","119","23","517.39","23","769.57","0.23","0.22","0.25","1.42","","","23","177","361.18","358.58","B"
"Aug 16, 2023 1:30pm","Aug 16, 2023 4:00pm","QQQ","Aug 16, 2023","ironcondor","long put 360 / short put 362 / short call 367 / long call 369","1","expired","17","183","9.29","17","9.29","0.17","0.15","0.19","0","","","183","17","364.3","362.54","A"
"Aug 16, 2023 2:00pm","Aug 16, 2023 4:00pm","QQQ","Aug 16, 2023","longputspread","short put 362 / long put 364","1","expired","115","31","370.97","31","545.16","0.31","0.3","0.33","1.46","","","31","169","365.09","362.54","B"
"Aug 11, 2023 1:30pm","Aug 11, 2023 4:00pm","QQQ","Aug 11, 2023","ironcondor","long put 362 / short put 364 / short call 369 / long call 371","1","expired","16","184","8.7","16","8.7","0.16","0.14","0.18","0","","","184","16","366.29","366.24","A"
"Aug 11, 2023 2:00pm","Aug 11, 2023 4:00pm","QQQ","Aug 11, 2023","longputspread","short put 363 / long put 365","1","expired","-33","33","-100","33","506.06","0.33","0.32","0.35","0","","","33","167","365.84","366.24","B"
"Aug 10, 2023 1:30pm","Aug 10, 2023 4:00pm","QQQ","Aug 10, 2023","ironcondor","long put 364 / short put 366 / short call 371 / long call 373","1","expired","33","167","19.76","33","19.76","0.33","0.32","0.36","0","","","167","33","368.57","368.59","A"
"Aug 9, 2023 1:30pm","Aug 9, 2023 4:00pm","QQQ","Aug 9, 2023","ironcondor","long put 365 / short put 367 / short call 372 / long call 374","1","expired","10","190","5.26","10","5.26","0.1","0.08","0.12","0","","","190","10","369.49","367.91","A"
"Aug 9, 2023 2:00pm","Aug 9, 2023 4:00pm","QQQ","Aug 9, 2023","longputspread","short put 367 / long put 369","1","expired","81","28","289.29","28","614.29","0.28","0.28","0.3","1.09","","","28","172","369.58","367.91","B"
"Aug 7, 2023 1:30pm","Aug 7, 2023 4:00pm","QQQ","Aug 7, 2023","ironcondor","long put 369 / short put 371 / short call 376 / long call 378","1","expired","10","190","5.26","10","5.26","0.1","0.07","0.11","0","","","190","10","373.69","375.19","A"
"Aug 7, 2023 2:00pm","Aug 7, 2023 4:00pm","QQQ","Aug 7, 2023","longputspread","short put 371 / long put 373","1","expired","-19","19","-100","19","952.63","0.19","0.17","0.19","0","","","19","181","374.2","375.19","B"
"Aug 3, 2023 1:30pm","Aug 3, 2023 4:00pm","QQQ","Aug 3, 2023","ironcondor","long put 370 / short put 372 / short call 378 / long call 380","1","expired","31","169","18.34","31","18.34","0.31","0.29","0.33","0","","","169","31","375.21","373.79","A"
"Aug 3, 2023 2:00pm","Aug 3, 2023 4:00pm","QQQ","Aug 3, 2023","longputspread","short put 371 / long put 373","1","expired","-39","39","-100","39","412.82","0.39","0.39","0.41","0","","","39","161","374.24","373.79","B"
"Jul 26, 2023 1:30pm","Jul 26, 2023 4:00pm","QQQ","Jul 26, 2023","ironcondor","long put 372 / short put 374 / short call 379 / long call 381","1","expired","81","119","68.07","81","68.07","0.81","0.8","0.84","0","","","119","81","376.33","377.52","A"
"Jul 26, 2023 2:00pm","Jul 26, 2023 4:00pm","QQQ","Jul 26, 2023","longputspread","short put 373 / long put 375","1","expired","-61","61","-100","61","227.87","0.61","0.55","0.68","0","","","61","139","376.22","377.52","B"
"Jul 21, 2023 1:30pm","Jul 21, 2023 4:00pm","QQQ","Jul 21, 2023","ironcondor","long put 373 / short put 375 / short call 380 / long call 382","1","expired","15","185","8.11","15","8.11","0.15","0.13","0.17","0","","","185","15","377.66","375.63","A"
"Jul 21, 2023 2:00pm","Jul 21, 2023 4:00pm","QQQ","Jul 21, 2023","longputspread","short put 375 / long put 377","1","expired","114","23","495.65","23","769.57","0.23","0.21","0.23","1.37","","","23","177","378.21","375.63","B"
"Jul 19, 2023 1:30pm","Jul 19, 2023 4:00pm","QQQ","Jul 19, 2023","ironcondor","long put 380 / short put 382 / short call 388 / long call 390","1","expired","18","182","9.89","18","9.89","0.18","0.15","0.19","0","","","182","18","385.09","385.65","A"
"Jul 19, 2023 2:00pm","Jul 19, 2023 4:00pm","QQQ","Jul 19, 2023","longputspread","short put 382 / long put 384","1","expired","-31","31","-100","31","545.16","0.31","0.3","0.32","0","","","31","169","385.19","385.65","B"
"Jun 29, 2023 1:30pm","Jun 29, 2023 4:00pm","QQQ","Jun 29, 2023","ironcondor","long put 359 / short put 361 / short call 366 / long call 368","1","expired","12","188","6.38","12","6.38","0.12","0.08","0.12","0","","","188","12","363.75","363.81","A"
"Jun 29, 2023 2:00pm","Jun 29, 2023 4:00pm","QQQ","Jun 29, 2023","longputspread","short put 360 / long put 362","1","expired","-22","22","-100","22","809.09","0.22","0.21","0.24","0","","","22","178","362.89","363.81","B"
"Jun 28, 2023 1:30pm","Jun 28, 2023 4:00pm","QQQ","Jun 28, 2023","ironcondor","long put 360 / short put 362 / short call 367 / long call 369","1","expired","11","189","5.82","11","5.82","0.11","0.1","0.14","0","","","189","11","364.27","364.54","A"
"Jun 28, 2023 2:00pm","Jun 28, 2023 4:00pm","QQQ","Jun 28, 2023","longputspread","short put 361 / long put 363","1","expired","-26","26","-100","26","669.23","0.26","0.26","0.28","0","","","26","174","363.81","364.54","B"
"Jun 23, 2023 1:30pm","Jun 23, 2023 4:00pm","QQQ","Jun 23, 2023","ironcondor","long put 360 / short put 362 / short call 367 / long call 369","1","expired","10","190","5.26","10","5.26","0.1","0.07","0.11","0","","","190","10","364.61","362.54","A"
"Jun 23, 2023 2:00pm","Jun 23, 2023 4:00pm","QQQ","Jun 23, 2023","longputspread","short put 361 / long put 363","1","expired","27","19","142.11","19","952.63","0.19","0.18","0.2","0.46","","","19","181","364.19","362.54","B"
"Jun 20, 2023 1:30pm","Jun 20, 2023 4:00pm","QQQ","Jun 20, 2023","ironcondor","long put 363 / short put 365 / short call 370 / long call 372","1","expired","10","190","5.26","10","5.26","0.1","0.09","0.13","0","","","190","10","367.27","366.9","A"
"Jun 20, 2023 2:00pm","Jun 20, 2023 4:00pm","QQQ","Jun 20, 2023","longputspread","short put 364 / long put 366","1","expired","-33","33","-100","33","506.06","0.33","0.32","0.34","0","","","33","167","366.53","366.9","B"
"Jun 16, 2023 1:30pm","Jun 16, 2023 4:00pm","QQQ","Jun 16, 2023","ironcondor","long put 365 / short put 367 / short call 373 / long call 375","1","expired","11","189","5.82","11","5.82","0.11","0.09","0.13","0","","","189","11","370.26","367.93","A"
"Jun 16, 2023 2:00pm","Jun 16, 2023 4:00pm","QQQ","Jun 16, 2023","longputspread","short put 368 / long put 370","1","expired","156","44","354.55","44","354.55","0.44","0.43","0.45","2","","","44","156","370.3","367.93","B"
"Jun 15, 2023 1:30pm","Jun 15, 2023 4:00pm","QQQ","Jun 15, 2023","ironcondor","long put 364 / short put 366 / short call 371 / long call 373","1","expired","14","186","7.53","14","7.53","0.14","0.12","0.16","0","","","186","14","368.57","370.26","A"
"Jun 15, 2023 2:00pm","Jun 15, 2023 4:00pm","QQQ","Jun 15, 2023","longputspread","short put 367 / long put 369","1","expired","-30","30","-100","30","566.67","0.3","0.29","0.31","0","","","30","170","369.66","370.26","B"
"Jun 14, 2023 1:30pm","Jun 14, 2023 4:00pm","QQQ","Jun 14, 2023","ironcondor","long put 360 / short put 362 / short call 367 / long call 369","1","expired","89","111","80.18","89","80.18","0.89","0.87","0.91","0","","","111","89","364.28","365.9","A"
"Jun 13, 2023 1:30pm","Jun 13, 2023 4:00pm","QQQ","Jun 13, 2023","ironcondor","long put 358 / short put 360 / short call 366 / long call 368","1","expired","12","188","6.38","12","6.38","0.12","0.11","0.15","0","","","188","12","363.11","363.26","A"
"Jun 13, 2023 2:00pm","Jun 13, 2023 4:00pm","QQQ","Jun 13, 2023","longputspread","short put 360 / long put 362","1","expired","-24","24","-100","24","733.33","0.24","0.22","0.24","0","","","24","176","363.1","363.26","B"
"Jun 5, 2023 1:30pm","Jun 5, 2023 4:00pm","QQQ","Jun 5, 2023","ironcondor","long put 352 / short put 354 / short call 359 / long call 361","1","expired","12","188","6.38","12","6.38","0.12","0.09","0.13","0","","","188","12","356.49","354.9","A"
"Jun 5, 2023 2:00pm","Jun 5, 2023 4:00pm","QQQ","Jun 5, 2023","longputspread","short put 353 / long put 355","1","expired","-12","22","-54.55","22","809.09","0.22","0.21","0.23","0.1","","","22","178","356","354.9","B"
"May 31, 2023 1:30pm","May 31, 2023 4:00pm","QQQ","May 31, 2023","ironcondor","long put 344 / short put 346 / short call 351 / long call 353","1","expired","16","184","8.7","16","8.7","0.16","0.13","0.18","0","","","184","16","348.14","347.99","A"
"May 31, 2023 2:00pm","May 31, 2023 4:00pm","QQQ","May 31, 2023","longputspread","short put 346 / long put 348","1","expired","-25","26","-96.15","26","669.23","0.26","0.25","0.28","0.01","","","26","174","348.77","347.99","B"
"May 30, 2023 1:30pm","May 30, 2023 4:00pm","QQQ","May 30, 2023","ironcondor","long put 345 / short put 347 / short call 352 / long call 354","1","expired","20","180","11.11","20","11.11","0.2","0.19","0.23","0","","","180","20","349.74","349.98","A"
"May 30, 2023 2:00pm","May 30, 2023 4:00pm","QQQ","May 30, 2023","longputspread","short put 346 / long put 348","1","expired","-31","31","-100","31","545.16","0.31","0.29","0.32","0","","","31","169","348.87","349.98","B"
"May 19, 2023 1:30pm","May 19, 2023 4:00pm","QQQ","May 19, 2023","ironcondor","long put 332 / short put 334 / short call 339 / long call 341","1","expired","9","191","4.71","9","4.71","0.09","0.07","0.11","0","","","191","9","336.73","336.51","A"
"May 19, 2023 2:00pm","May 19, 2023 4:00pm","QQQ","May 19, 2023","longputspread","short put 333 / long put 335","1","expired","-21","21","-100","21","852.38","0.21","0.2","0.22","0","","","21","179","336.02","336.51","B"
"May 12, 2023 1:30pm","May 12, 2023 4:00pm","QQQ","May 12, 2023","ironcondor","long put 320 / short put 322 / short call 326 / long call 328","1","expired","11","189","5.82","11","5.82","0.11","0.09","0.13","0","","","189","11","324","325.03","A"
"May 12, 2023 2:00pm","May 12, 2023 4:00pm","QQQ","May 12, 2023","longputspread","short put 321 / long put 323","1","expired","-39","39","-100","39","412.82","0.39","0.39","0.41","0","","","39","161","323.18","325.03","B"
"May 10, 2023 1:30pm","May 10, 2023 4:00pm","QQQ","May 10, 2023","ironcondor","long put 317 / short put 319 / short call 324 / long call 326","1","expired","-101","187","-54.01","13","6.95","0.13","0.1","0.14","1.14","","","187","13","321.87","325.14","A"
"May 10, 2023 2:00pm","May 10, 2023 4:00pm","QQQ","May 10, 2023","longputspread","short put 320 / long put 322","1","expired","-22","22","-100","22","809.09","0.22","0.21","0.24","0","","","22","178","322.76","325.14","B"
"May 9, 2023 1:30pm","May 9, 2023 4:00pm","QQQ","May 9, 2023","ironcondor","long put 318 / short put 320 / short call 324 / long call 326","1","expired","8","192","4.17","8","4.17","0.08","0.04","0.08","0","","","192","8","321.99","321.64","A"
"May 9, 2023 2:00pm","May 9, 2023 4:00pm","QQQ","May 9, 2023","longputspread","short put 320 / long put 322","1","expired","2","34","5.88","34","488.24","0.34","0.32","0.35","0.36","","","34","166","322.1","321.64","B"
"May 4, 2023 1:30pm","May 4, 2023 4:00pm","QQQ","May 4, 2023","ironcondor","long put 313 / short put 315 / short call 320 / long call 322","1","expired","27","173","15.61","27","15.61","0.27","0.25","0.29","0","","","173","27","317.68","316.17","A"
"May 4, 2023 2:00pm","May 4, 2023 4:00pm","QQQ","May 4, 2023","longputspread","short put 315 / long put 317","1","expired","40","43","93.02","43","365.12","0.43","0.43","0.45","0.83","","","43","157","317.7","316.17","B"
"May 3, 2023 1:30pm","May 3, 2023 4:00pm","QQQ","May 3, 2023","ironcondor","long put 316 / short put 318 / short call 323 / long call 325","1","expired","12","117","10.26","83","70.94","0.83","0.82","0.86","0.71","","","117","83","320.45","317.29","A"
"May 3, 2023 2:00pm","May 3, 2023 4:00pm","QQQ","May 3, 2023","longputspread","short put 318 / long put 320","1","expired","126","74","170.27","74","170.27","0.74","0.66","0.8","2","","","74","126","320.35","317.29","B"
"Apr 28, 2023 1:30pm","Apr 28, 2023 4:00pm","QQQ","Apr 28, 2023","ironcondor","long put 317 / short put 319 / short call 324 / long call 326","1","expired","9","191","4.71","9","4.71","0.09","0.06","0.1","0","","","191","9","321.69","322.56","A"
"Apr 28, 2023 2:00pm","Apr 28, 2023 4:00pm","QQQ","Apr 28, 2023","longputspread","short put 319 / long put 321","1","expired","-30","30","-100","30","566.67","0.3","0.29","0.32","0","","","30","170","321.47","322.56","B"
"Apr 24, 2023 1:30pm","Apr 24, 2023 4:00pm","QQQ","Apr 24, 2023","ironcondor","long put 311 / short put 313 / short call 317 / long call 319","1","expired","8","192","4.17","8","4.17","0.08","0.05","0.09","0","","","192","8","314.99","315.95","A"
"Apr 24, 2023 2:00pm","Apr 24, 2023 4:00pm","QQQ","Apr 24, 2023","longputspread","short put 313 / long put 315","1","expired","-20","20","-100","20","900","0.2","0.18","0.21","0","","","20","180","315.63","315.95","B"
"Apr 21, 2023 1:30pm","Apr 21, 2023 4:00pm","QQQ","Apr 21, 2023","ironcondor","long put 312 / short put 314 / short call 319 / long call 321","1","expired","10","190","5.26","10","5.26","0.1","0.07","0.11","0","","","190","10","316.26","316.61","A"
"Apr 21, 2023 2:00pm","Apr 21, 2023 4:00pm","QQQ","Apr 21, 2023","longputspread","short put 315 / long put 317","1","expired","-6","45","-13.33","45","344.44","0.45","0.44","0.47","0.39","","","45","155","316.9","316.61","B"
"Apr 20, 2023 1:30pm","Apr 20, 2023 4:00pm","QQQ","Apr 20, 2023","ironcondor","long put 315 / short put 317 / short call 321 / long call 323","1","expired","-64","192","-33.33","8","4.17","0.08","0.07","0.11","0.72","","","192","8","319.07","316.28","A"
"Apr 20, 2023 2:00pm","Apr 20, 2023 4:00pm","QQQ","Apr 20, 2023","longputspread","short put 316 / long put 318","1","expired","148","24","616.67","24","733.33","0.24","0.22","0.25","1.72","","","24","176","318.54","316.28","B"
"Apr 19, 2023 1:30pm","Apr 19, 2023 4:00pm","QQQ","Apr 19, 2023","ironcondor","long put 315 / short put 317 / short call 322 / long call 324","1","expired","9","191","4.71","9","4.71","0.09","0.07","0.11","0","","","191","9","319.34","318.71","A"
"Apr 19, 2023 2:00pm","Apr 19, 2023 4:00pm","QQQ","Apr 19, 2023","longputspread","short put 317 / long put 319","1","expired","-9","38","-23.68","38","426.32","0.38","0.37","0.39","0.29","","","38","162","319.33","318.71","B"
"Apr 18, 2023 1:30pm","Apr 18, 2023 4:00pm","QQQ","Apr 18, 2023","ironcondor","long put 314 / short put 316 / short call 321 / long call 323","1","expired","8","192","4.17","8","4.17","0.08","0.06","0.1","0","","","192","8","318.39","318.86","A"
"Apr 18, 2023 2:00pm","Apr 18, 2023 4:00pm","QQQ","Apr 18, 2023","longputspread","short put 316 / long put 318","1","expired","-31","31","-100","31","545.16","0.31","0.31","0.33","0","","","31","169","318.54","318.86","B"
"Apr 12, 2023 1:30pm","Apr 12, 2023 4:00pm","QQQ","Apr 12, 2023","ironcondor","long put 312 / short put 314 / short call 319 / long call 321","1","expired","-77","181","-42.54","19","10.5","0.19","0.18","0.22","0.96","","","181","19","316.27","313.04","A"
"Apr 12, 2023 2:00pm","Apr 12, 2023 4:00pm","QQQ","Apr 12, 2023","longputspread","short put 313 / long put 315","1","expired","155","41","378.05","41","387.8","0.41","0.37","0.45","1.96","","","41","159","315.69","313.04","B"
"Apr 4, 2023 1:30pm","Apr 4, 2023 4:00pm","QQQ","Apr 4, 2023","ironcondor","long put 315 / short put 317 / short call 322 / long call 324","1","expired","10","190","5.26","10","5.26","0.1","0.07","0.11","0","","","190","10","319.46","319.07","A"
"Apr 4, 2023 2:00pm","Apr 4, 2023 4:00pm","QQQ","Apr 4, 2023","longputspread","short put 317 / long put 319","1","expired","-36","36","-100","36","455.56","0.36","0.36","0.38","0","","","36","164","319.3","319.07","B"
"Mar 30, 2023 1:30pm","Mar 30, 2023 4:00pm","QQQ","Mar 30, 2023","ironcondor","long put 310 / short put 312 / short call 317 / long call 319","1","expired","9","191","4.71","9","4.71","0.09","0.07","0.11","0","","","191","9","314.82","315.68","A"
"Mar 30, 2023 2:00pm","Mar 30, 2023 4:00pm","QQQ","Mar 30, 2023","longputspread","short put 312 / long put 314","1","expired","-32","32","-100","32","525","0.32","0.31","0.34","0","","","32","168","314.41","315.68","B"
"Mar 27, 2023 1:30pm","Mar 27, 2023 4:00pm","QQQ","Mar 27, 2023","ironcondor","long put 305 / short put 307 / short call 311 / long call 313","1","expired","26","174","14.94","26","14.94","0.26","0.24","0.28","0","","","174","26","308.83","308.76","A"
"Mar 27, 2023 2:00pm","Mar 27, 2023 4:00pm","QQQ","Mar 27, 2023","longputspread","short put 307 / long put 309","1","expired","-34","58","-58.62","58","244.83","0.58","0.57","0.59","0.24","","","58","142","308.89","308.76","B"
"Mar 24, 2023 1:30pm","Mar 24, 2023 4:00pm","QQQ","Mar 24, 2023","ironcondor","long put 305 / short put 307 / short call 311 / long call 313","1","expired","40","160","25","40","25","0.4","0.39","0.44","0","","","160","40","309.08","310.89","A"
"Mar 24, 2023 2:00pm","Mar 24, 2023 4:00pm","QQQ","Mar 24, 2023","longputspread","short put 307 / long put 309","1","expired","-54","54","-100","54","270.37","0.54","0.53","0.56","0","","","54","146","308.98","310.89","B"
"Mar 22, 2023 1:30pm","Mar 22, 2023 4:00pm","QQQ","Mar 22, 2023","ironcondor","long put 307 / short put 309 / short call 313 / long call 315","1","expired","-61","61","-100","139","227.87","1.39","1.35","1.43","2","","","61","139","311.07","306.12","A"
"Mar 20, 2023 1:30pm","Mar 20, 2023 4:00pm","QQQ","Mar 20, 2023","ironcondor","long put 301 / short put 303 / short call 307 / long call 309","1","expired","31","169","18.34","31","18.34","0.31","0.28","0.33","0","","","169","31","304.94","305.97","A"
"Mar 20, 2023 2:00pm","Mar 20, 2023 4:00pm","QQQ","Mar 20, 2023","longputspread","short put 303 / long put 305","1","expired","-51","51","-100","51","292.16","0.51","0.49","0.52","0","","","51","149","305.17","305.97","B"
"Mar 17, 2023 1:30pm","Mar 17, 2023 4:00pm","QQQ","Mar 17, 2023","ironcondor","long put 301 / short put 303 / short call 308 / long call 310","1","expired","29","171","16.96","29","16.96","0.29","0.26","0.31","0","","","171","29","305.75","305.36","A"
"Mar 17, 2023 2:00pm","Mar 17, 2023 4:00pm","QQQ","Mar 17, 2023","longputspread","short put 304 / long put 306","1","expired","5","59","8.47","59","238.98","0.59","0.57","0.62","0.64","","","59","141","306.05","305.36","B"
"Mar 15, 2023 1:30pm","Mar 15, 2023 4:00pm","QQQ","Mar 15, 2023","ironcondor","long put 292 / short put 294 / short call 299 / long call 301","1","expired","41","159","25.79","41","25.79","0.41","0.39","0.44","0","","","159","41","296.34","298.93","A"
"Mar 15, 2023 2:00pm","Mar 15, 2023 4:00pm","QQQ","Mar 15, 2023","longputspread","short put 294 / long put 296","1","expired","-52","52","-100","52","284.62","0.52","0.5","0.54","0","","","52","148","296.48","298.93","B"
"Mar 9, 2023 1:30pm","Mar 9, 2023 4:00pm","QQQ","Mar 9, 2023","ironcondor","long put 292 / short put 294 / short call 299 / long call 301","1","expired","-123","189","-65.08","11","5.82","0.11","0.09","0.13","1.34","","","189","11","296.47","292.66","A"
"Mar 9, 2023 2:00pm","Mar 9, 2023 4:00pm","QQQ","Mar 9, 2023","longputspread","short put 293 / long put 295","1","expired","147","53","277.36","53","277.36","0.53","0.51","0.53","2","","","53","147","295.18","292.66","B"
"Mar 8, 2023 1:30pm","Mar 8, 2023 4:00pm","QQQ","Mar 8, 2023","ironcondor","long put 292 / short put 294 / short call 298 / long call 300","1","expired","21","179","11.73","21","11.73","0.21","0.21","0.25","0","","","179","21","296.06","297.82","A"
"Mar 8, 2023 2:00pm","Mar 8, 2023 4:00pm","QQQ","Mar 8, 2023","longputspread","short put 294 / long put 296","1","expired","-51","51","-100","51","292.16","0.51","0.5","0.54","0","","","51","149","296.06","297.82","B"
"Mar 7, 2023 1:30pm","Mar 7, 2023 4:00pm","QQQ","Mar 7, 2023","ironcondor","long put 294 / short put 296 / short call 300 / long call 302","1","expired","26","174","14.94","26","14.94","0.26","0.24","0.29","0","","","174","26","297.89","296.34","A"
"Mar 6, 2023 1:30pm","Mar 6, 2023 4:00pm","QQQ","Mar 6, 2023","ironcondor","long put 298 / short put 300 / short call 304 / long call 306","1","expired","18","182","9.89","18","9.89","0.18","0.15","0.19","0","","","182","18","301.81","300.02","A"
"Mar 6, 2023 2:00pm","Mar 6, 2023 4:00pm","QQQ","Mar 6, 2023","longputspread","short put 299 / long put 301","1","expired","47","51","92.16","51","292.16","0.51","0.5","0.53","0.98","","","51","149","300.97","300.02","B"
"Mar 2, 2023 1:30pm","Mar 2, 2023 4:00pm","QQQ","Mar 2, 2023","ironcondor","long put 286 / short put 288 / short call 292 / long call 294","1","expired","-137","176","-77.84","24","13.64","0.24","0.21","0.25","1.61","","","176","24","290.09","293.61","A"
"Mar 2, 2023 2:00pm","Mar 2, 2023 4:00pm","QQQ","Mar 2, 2023","longputspread","short put 290 / long put 292","1","expired","-57","57","-100","57","250.88","0.57","0.56","0.59","0","","","57","143","292.09","293.61","B"
"Mar 1, 2023 1:30pm","Mar 1, 2023 4:00pm","QQQ","Mar 1, 2023","ironcondor","long put 287 / short put 289 / short call 294 / long call 296","1","expired","15","185","8.11","15","8.11","0.15","0.14","0.18","0","","","185","15","291.45","291.2","A"
"Mar 1, 2023 2:00pm","Mar 1, 2023 4:00pm","QQQ","Mar 1, 2023","longputspread","short put 289 / long put 291","1","expired","-41","41","-100","41","387.8","0.41","0.39","0.42","0","","","41","159","291.44","291.2","B"
"Feb 28, 2023 1:30pm","Feb 28, 2023 4:00pm","QQQ","Feb 28, 2023","ironcondor","long put 292 / short put 294 / short call 298 / long call 300","1","expired","-26","182","-14.29","18","9.89","0.18","0.17","0.21","0.44","","","182","18","295.82","293.56","A"
"Feb 28, 2023 2:00pm","Feb 28, 2023 4:00pm","QQQ","Feb 28, 2023","longputspread","short put 294 / long put 296","1","expired","143","57","250.88","57","250.88","0.57","0.54","0.58","2","","","57","143","295.88","293.56","B"
"Feb 23, 2023 1:30pm","Feb 23, 2023 4:00pm","QQQ","Feb 23, 2023","ironcondor","long put 290 / short put 292 / short call 296 / long call 298","1","expired","-63","181","-34.81","19","10.5","0.19","0.18","0.22","0.82","","","181","19","293.88","296.82","A"
"Feb 23, 2023 2:00pm","Feb 23, 2023 4:00pm","QQQ","Feb 23, 2023","longputspread","short put 292 / long put 294","1","expired","-30","30","-100","30","566.67","0.3","0.29","0.32","0","","","30","170","294.67","296.82","B"
"Feb 22, 2023 1:30pm","Feb 22, 2023 4:00pm","QQQ","Feb 22, 2023","ironcondor","long put 291 / short put 293 / short call 298 / long call 300","1","expired","54","146","36.99","54","36.99","0.54","0.51","0.55","0","","","146","54","295.71","294.25","A"
"Feb 22, 2023 2:00pm","Feb 22, 2023 4:00pm","QQQ","Feb 22, 2023","longputspread","short put 293 / long put 295","1","expired","10","65","15.38","65","207.69","0.65","0.57","0.75","0.75","","","65","135","295.36","294.25","B"
"Feb 16, 2023 1:30pm","Feb 16, 2023 4:00pm","QQQ","Feb 16, 2023","ironcondor","long put 303 / short put 305 / short call 309 / long call 311","1","expired","-140","170","-82.35","30","17.65","0.3","0.28","0.33","1.7","","","170","30","306.89","303.3","A"
"Feb 16, 2023 2:00pm","Feb 16, 2023 4:00pm","QQQ","Feb 16, 2023","longputspread","short put 305 / long put 307","1","expired","166","34","488.24","34","488.24","0.34","0.33","0.36","2","","","34","166","307.68","303.3","B"
"Feb 15, 2023 1:30pm","Feb 15, 2023 4:00pm","QQQ","Feb 15, 2023","ironcondor","long put 303 / short put 305 / short call 310 / long call 312","1","expired","13","187","6.95","13","6.95","0.13","0.11","0.15","0","","","187","13","307.48","309.1","A"
"Feb 15, 2023 2:00pm","Feb 15, 2023 4:00pm","QQQ","Feb 15, 2023","longputspread","short put 306 / long put 308","1","expired","-51","51","-100","51","292.16","0.51","0.5","0.53","0","","","51","149","307.98","309.1","B"
"Feb 14, 2023 1:30pm","Feb 14, 2023 4:00pm","QQQ","Feb 14, 2023","ironcondor","long put 301 / short put 303 / short call 308 / long call 310","1","expired","19","181","10.5","19","10.5","0.19","0.18","0.22","0","","","181","19","305.59","306.75","A"
"Feb 14, 2023 2:00pm","Feb 14, 2023 4:00pm","QQQ","Feb 14, 2023","longputspread","short put 303 / long put 305","1","expired","-42","42","-100","42","376.19","0.42","0.4","0.43","0","","","42","158","305.56","306.75","B"
"Feb 10, 2023 1:30pm","Feb 10, 2023 4:00pm","QQQ","Feb 10, 2023","ironcondor","long put 295 / short put 297 / short call 302 / long call 304","1","expired","28","172","16.28","28","16.28","0.28","0.27","0.31","0","","","172","28","299.63","299.7","A"
"Feb 10, 2023 2:00pm","Feb 10, 2023 4:00pm","QQQ","Feb 10, 2023","longputspread","short put 297 / long put 299","1","expired","-69","69","-100","69","189.86","0.69","0.68","0.71","0","","","69","131","298.75","299.7","B"
"Feb 9, 2023 1:30pm","Feb 9, 2023 4:00pm","QQQ","Feb 9, 2023","ironcondor","long put 300 / short put 302 / short call 307 / long call 309","1","expired","-9","177","-5.08","23","12.99","0.23","0.22","0.27","0.32","","","177","23","304.31","301.68","A"
"Feb 9, 2023 2:00pm","Feb 9, 2023 4:00pm","QQQ","Feb 9, 2023","longputspread","short put 301 / long put 303","1","expired","87","45","193.33","45","344.44","0.45","0.43","0.46","1.32","","","45","155","303.56","301.68","B"
"Feb 7, 2023 1:30pm","Feb 7, 2023 4:00pm","QQQ","Feb 7, 2023","ironcondor","long put 300 / short put 302 / short call 307 / long call 309","1","expired","-149","149","-100","51","34.23","0.51","0.46","0.54","2","","","149","51","304.46","309.88","A"
"Feb 7, 2023 2:00pm","Feb 7, 2023 4:00pm","QQQ","Feb 7, 2023","longputspread","short put 301 / long put 303","1","expired","-51","51","-100","51","292.16","0.51","0.48","0.53","0","","","51","149","303.68","309.88","B"
"Feb 1, 2023 1:30pm","Feb 1, 2023 4:00pm","QQQ","Feb 1, 2023","ironcondor","long put 290 / short put 292 / short call 297 / long call 299","1","expired","-79","79","-100","121","153.16","1.21","1.18","1.25","2","","","79","121","294.35","300.92","A"
"Jan 25, 2023 1:30pm","Jan 25, 2023 4:00pm","QQQ","Jan 25, 2023","ironcondor","long put 282 / short put 284 / short call 288 / long call 290","1","expired","21","179","11.73","21","11.73","0.21","0.18","0.22","0","","","179","21","286.23","287.73","A"
"Jan 25, 2023 2:00pm","Jan 25, 2023 4:00pm","QQQ","Jan 25, 2023","longputspread","short put 284 / long put 286","1","expired","-41","41","-100","41","387.8","0.41","0.4","0.42","0","","","41","159","286.31","287.73","B"
"Jan 24, 2023 1:30pm","Jan 24, 2023 4:00pm","QQQ","Jan 24, 2023","ironcondor","long put 284 / short put 286 / short call 291 / long call 293","1","expired","42","158","26.58","42","26.58","0.42","0.4","0.44","0","","","158","42","288.63","288.37","A"
"Jan 24, 2023 2:00pm","Jan 24, 2023 4:00pm","QQQ","Jan 24, 2023","longputspread","short put 287 / long put 289","1","expired","-17","80","-21.25","80","150","0.8","0.78","0.82","0.63","","","80","120","288.82","288.37","B"
"Jan 17, 2023 1:30pm","Jan 17, 2023 4:00pm","QQQ","Jan 17, 2023","ironcondor","long put 277 / short put 279 / short call 284 / long call 286","1","expired","8","192","4.17","8","4.17","0.08","0.05","0.09","0","","","192","8","281.46","281.54","A"
"Jan 17, 2023 2:00pm","Jan 17, 2023 4:00pm","QQQ","Jan 17, 2023","longputspread","short put 280 / long put 282","1","expired","-4","50","-8","50","300","0.5","0.49","0.52","0.46","","","50","150","281.89","281.54","B"
"Jan 13, 2023 1:30pm","Jan 13, 2023 4:00pm","QQQ","Jan 13, 2023","ironcondor","long put 275 / short put 277 / short call 281 / long call 283","1","expired","16","184","8.7","16","8.7","0.16","0.12","0.16","0","","","184","16","279.02","280.97","A"
"Jan 13, 2023 2:00pm","Jan 13, 2023 4:00pm","QQQ","Jan 13, 2023","longputspread","short put 277.50 / long put 279","1","expired","-20","20","-100","20","650","0.2","0.19","0.21","0","","","20","130","279.81","280.97","B"
"Jan 12, 2023 1:30pm","Jan 12, 2023 4:00pm","QQQ","Jan 12, 2023","ironcondor","long put 274 / short put 276 / short call 280 / long call 282","1","expired","25","175","14.29","25","14.29","0.25","0.24","0.29","0","","","175","25","277.8","279.05","A"
"Jan 12, 2023 2:00pm","Jan 12, 2023 4:00pm","QQQ","Jan 12, 2023","longputspread","short put 278 / long put 280","1","expired","36","59","61.02","59","238.98","0.59","0.57","0.61","0.95","","","59","141","279.87","279.05","B"
"Jan 10, 2023 1:30pm","Jan 10, 2023 4:00pm","QQQ","Jan 10, 2023","ironcondor","long put 267 / short put 269 / short call 273 / long call 275","1","expired","18","182","9.89","18","9.89","0.18","0.16","0.22","0","","","182","18","271.46","272.83","A"
"Jan 10, 2023 2:00pm","Jan 10, 2023 4:00pm","QQQ","Jan 10, 2023","longputspread","short put 270 / long put 272","1","expired","-52","52","-100","52","284.62","0.52","0.51","0.54","0","","","52","148","271.96","272.83","B"
"Jan 4, 2023 1:30pm","Jan 4, 2023 4:00pm","QQQ","Jan 4, 2023","ironcondor","long put 262 / short put 264 / short call 268 / long call 270","1","expired","56","144","38.89","56","38.89","0.56","0.55","0.6","0","","","144","56","266.42","265.74","A"
"Dec 28, 2022 1:30pm","Dec 28, 2022 4:00pm","QQQ","Dec 28, 2022","ironcondor","long put 258 / short put 260 / short call 264 / long call 266","1","expired","14","186","7.53","14","7.53","0.14","0.1","0.14","0","","","186","14","261.85","260.1","A"
"Dec 28, 2022 2:00pm","Dec 28, 2022 4:00pm","QQQ","Dec 28, 2022","longputspread","short put 259 / long put 261","1","expired","55","35","157.14","35","471.43","0.35","0.34","0.37","0.9","","","35","165","261.32","260.1","B"
"Dec 23, 2022 1:30pm","Dec 23, 2022 4:00pm","QQQ","Dec 23, 2022","ironcondor","long put 263 / short put 265 / short call 269 / long call 271","1","expired","23","177","12.99","23","12.99","0.23","0.21","0.26","0","","","177","23","266.71","267.36","A"
"Dec 23, 2022 2:00pm","Dec 23, 2022 4:00pm","QQQ","Dec 23, 2022","longputspread","short put 264 / long put 266","1","expired","-38","38","-100","38","426.32","0.38","0.37","0.4","0","","","38","162","266.43","267.36","B"
"Dec 20, 2022 1:30pm","Dec 20, 2022 4:00pm","QQQ","Dec 20, 2022","ironcondor","long put 266 / short put 268 / short call 272 / long call 274","1","expired","20","180","11.11","20","11.11","0.2","0.19","0.23","0","","","180","20","270.15","269.54","A"
"Dec 20, 2022 2:00pm","Dec 20, 2022 4:00pm","QQQ","Dec 20, 2022","longputspread","short put 268 / long put 270","1","expired","-11","57","-19.3","57","250.88","0.57","0.56","0.59","0.46","","","57","143","269.89","269.54","B"
"Dec 14, 2022 1:30pm","Dec 14, 2022 4:00pm","QQQ","Dec 14, 2022","ironcondor","long put 286 / short put 288 / short call 292 / long call 294","1","expired","4","47","8.51","153","325.53","1.53","1.5","1.55","1.49","","","47","153","290.04","286.51","A"
"Dec 12, 2022 1:30pm","Dec 12, 2022 4:00pm","QQQ","Dec 12, 2022","ironcondor","long put 278 / short put 280 / short call 285 / long call 287","1","expired","-49","191","-25.65","9","4.71","0.09","0.05","0.09","0.58","","","191","9","282.56","285.58","A"
"Dec 12, 2022 2:00pm","Dec 12, 2022 4:00pm","QQQ","Dec 12, 2022","longputspread","short put 281 / long put 283","1","expired","-55","55","-100","55","263.64","0.55","0.54","0.57","0","","","55","145","282.85","285.58","B"
"Dec 9, 2022 1:30pm","Dec 9, 2022 4:00pm","QQQ","Dec 9, 2022","ironcondor","long put 280 / short put 282 / short call 286 / long call 288","1","expired","15","185","8.11","15","8.11","0.15","0.15","0.19","0","","","185","15","284.01","282.04","A"
"Dec 9, 2022 2:00pm","Dec 9, 2022 4:00pm","QQQ","Dec 9, 2022","longputspread","short put 282 / long put 284","1","expired","157","39","402.56","39","412.82","0.39","0.39","0.41","1.96","","","39","161","284.3","282.04","B"
"Dec 7, 2022 1:30pm","Dec 7, 2022 4:00pm","QQQ","Dec 7, 2022","ironcondor","long put 277 / short put 279 / short call 283 / long call 285","1","expired","28","172","16.28","28","16.28","0.28","0.25","0.3","0","","","172","28","281.32","280.53","A"
"Dec 7, 2022 2:00pm","Dec 7, 2022 4:00pm","QQQ","Dec 7, 2022","longputspread","short put 278 / long put 280","1","expired","-42","42","-100","42","376.19","0.42","0.4","0.44","0","","","42","158","280.41","280.53","B"
"Dec 1, 2022 1:30pm","Dec 1, 2022 4:00pm","QQQ","Dec 1, 2022","ironcondor","long put 289 / short put 291 / short call 295 / long call 297","1","expired","33","167","19.76","33","19.76","0.33","0.31","0.36","0","","","167","33","293.11","293.72","A"
"Dec 1, 2022 2:00pm","Dec 1, 2022 4:00pm","QQQ","Dec 1, 2022","longputspread","short put 291 / long put 293","1","expired","-37","37","-100","37","440.54","0.37","0.35","0.38","0","","","37","163","293.53","293.72","B"
"Nov 30, 2022 1:30pm","Nov 30, 2022 4:00pm","QQQ","Nov 30, 2022","ironcondor","long put 277 / short put 279 / short call 284 / long call 286","1","expired","-86","86","-100","114","132.56","1.14","1.06","1.23","2","","","86","114","281.48","293.36","A"
"Nov 30, 2022 2:00pm","Nov 30, 2022 4:00pm","QQQ","Nov 30, 2022","longputspread","short put 284 / long put 286","1","expired","-66","66","-100","66","203.03","0.66","0.61","0.7","0","","","66","134","286.16","293.36","B"
"Nov 23, 2022 1:30pm","Nov 23, 2022 4:00pm","QQQ","Nov 23, 2022","ironcondor","long put 283 / short put 285 / short call 289 / long call 291","1","expired","53","147","36.05","53","36.05","0.53","0.5","0.55","0","","","147","53","287.22","288.82","A"
"Nov 23, 2022 2:00pm","Nov 23, 2022 4:00pm","QQQ","Nov 23, 2022","longputspread","short put 285 / long put 287","1","expired","-61","61","-100","61","227.87","0.61","0.54","0.66","0","","","61","139","287.5","288.82","B"
"Nov 18, 2022 1:30pm","Nov 18, 2022 4:00pm","QQQ","Nov 18, 2022","ironcondor","long put 280 / short put 282 / short call 286 / long call 288","1","expired","34","166","20.48","34","20.48","0.34","0.32","0.37","0","","","166","34","283.92","284.82","A"
"Nov 18, 2022 2:00pm","Nov 18, 2022 4:00pm","QQQ","Nov 18, 2022","longputspread","short put 281 / long put 283","1","expired","-53","53","-100","53","277.36","0.53","0.51","0.54","0","","","53","147","283.23","284.82","B"
"Nov 17, 2022 1:30pm","Nov 17, 2022 4:00pm","QQQ","Nov 17, 2022","ironcondor","long put 282 / short put 284 / short call 288 / long call 290","1","expired","35","165","21.21","35","21.21","0.35","0.34","0.38","0","","","165","35","285.75","284.81","A"
"Nov 17, 2022 2:00pm","Nov 17, 2022 4:00pm","QQQ","Nov 17, 2022","longputspread","short put 283 / long put 285","1","expired","-22","41","-53.66","41","387.8","0.41","0.4","0.43","0.19","","","41","159","285.64","284.81","B"
"Nov 14, 2022 1:30pm","Nov 14, 2022 4:00pm","QQQ","Nov 14, 2022","ironcondor","long put 285 / short put 287 / short call 291 / long call 293","1","expired","-127","171","-74.27","29","16.96","0.29","0.27","0.31","1.56","","","171","29","288.83","285.44","A"
"Nov 14, 2022 2:00pm","Nov 14, 2022 4:00pm","QQQ","Nov 14, 2022","longputspread","short put 287 / long put 289","1","expired","146","54","270.37","54","270.37","0.54","0.53","0.55","2","","","54","146","289.08","285.44","B"
"Nov 7, 2022 1:30pm","Nov 7, 2022 4:00pm","QQQ","Nov 7, 2022","ironcondor","long put 261 / short put 263 / short call 267 / long call 269","1","expired","-35","176","-19.89","24","13.64","0.24","0.23","0.27","0.59","","","176","24","265.38","267.59","A"
"Nov 7, 2022 2:00pm","Nov 7, 2022 4:00pm","QQQ","Nov 7, 2022","longputspread","short put 264 / long put 266","1","expired","-71","71","-100","71","181.69","0.71","0.69","0.72","0","","","71","129","265.6","267.59","B"
"Nov 4, 2022 1:30pm","Nov 4, 2022 4:00pm","QQQ","Nov 4, 2022","ironcondor","long put 256 / short put 258 / short call 262 / long call 264","1","expired","-141","141","-100","59","41.84","0.59","0.56","0.62","2","","","141","59","259.97","264.68","A"
"Nov 4, 2022 2:00pm","Nov 4, 2022 4:00pm","QQQ","Nov 4, 2022","longputspread","short put 258 / long put 260","1","expired","-75","75","-100","75","166.67","0.75","0.73","0.77","0","","","75","125","259.68","264.68","B"
"Oct 24, 2022 1:30pm","Oct 24, 2022 4:00pm","QQQ","Oct 24, 2022","ironcondor","long put 272 / short put 274 / short call 279 / long call 281","1","expired","25","175","14.29","25","14.29","0.25","0.23","0.27","0","","","175","25","276.46","278.45","A"
"Oct 24, 2022 2:00pm","Oct 24, 2022 4:00pm","QQQ","Oct 24, 2022","longputspread","short put 274 / long put 276","1","expired","-43","43","-100","43","365.12","0.43","0.41","0.44","0","","","43","157","276.48","278.45","B"
"Oct 12, 2022 1:30pm","Oct 12, 2022 4:00pm","QQQ","Oct 12, 2022","ironcondor","long put 260 / short put 262 / short call 266 / long call 268","1","expired","64","136","47.06","64","47.06","0.64","0.63","0.67","0","","","136","64","263.62","262.66","A"
"Oct 5, 2022 1:30pm","Oct 5, 2022 4:00pm","QQQ","Oct 5, 2022","ironcondor","long put 277 / short put 279 / short call 283 / long call 285","1","expired","34","166","20.48","34","20.48","0.34","0.32","0.37","0","","","166","34","280.99","281.98","A"
"Oct 5, 2022 2:00pm","Oct 5, 2022 4:00pm","QQQ","Oct 5, 2022","longputspread","short put 278 / long put 280","1","expired","-49","49","-100","49","308.16","0.49","0.48","0.51","0","","","49","151","280.31","281.98","B"
"Sep 30, 2022 1:30pm","Sep 30, 2022 4:00pm","QQQ","Sep 30, 2022","ironcondor","long put 268 / short put 270 / short call 274 / long call 276","1","expired","-134","134","-100","66","49.25","0.66","0.64","0.69","2","","","134","66","272.05","267.26","A"
"Sep 26, 2022 1:30pm","Sep 26, 2022 4:00pm","QQQ","Sep 26, 2022","ironcondor","long put 270 / short put 272 / short call 276 / long call 278","1","expired","70","130","53.85","70","53.85","0.7","0.69","0.74","0","","","130","70","274.3","274.37","A"
"Sep 26, 2022 2:00pm","Sep 26, 2022 4:00pm","QQQ","Sep 26, 2022","longputspread","short put 272 / long put 274","1","expired","-80","80","-100","80","150","0.8","0.78","0.82","0","","","80","120","273.68","274.37","B"
"Sep 21, 2022 1:30pm","Sep 21, 2022 4:00pm","QQQ","Sep 21, 2022","ironcondor","long put 286 / short put 288 / short call 292 / long call 294","1","expired","-49","49","-100","151","308.16","1.51","1.47","1.56","2","","","49","151","290.11","283.56","A"
"Sep 19, 2022 1:30pm","Sep 19, 2022 4:00pm","QQQ","Sep 19, 2022","ironcondor","long put 285 / short put 287 / short call 291 / long call 293","1","expired","30","165","18.18","35","21.21","0.35","0.35","0.39","0.05","","","165","35","289.11","291.05","A"
"Sep 19, 2022 2:00pm","Sep 19, 2022 4:00pm","QQQ","Sep 19, 2022","longputspread","short put 286 / long put 288","1","expired","-47","47","-100","47","325.53","0.47","0.46","0.49","0","","","47","153","288.49","291.05","B"
"Aug 31, 2022 1:30pm","Aug 31, 2022 4:00pm","QQQ","Aug 31, 2022","ironcondor","long put 296 / short put 298 / short call 303 / long call 305","1","expired","26","174","14.94","26","14.94","0.26","0.26","0.3","0","","","174","26","300.27","299.27","A"
"Aug 31, 2022 2:00pm","Aug 31, 2022 4:00pm","QQQ","Aug 31, 2022","longputspread","short put 298 / long put 300","1","expired","11","62","17.74","62","222.58","0.62","0.61","0.64","0.73","","","62","138","300.07","299.27","B"
"Aug 29, 2022 1:30pm","Aug 29, 2022 4:00pm","QQQ","Aug 29, 2022","ironcondor","long put 302 / short put 304 / short call 308 / long call 310","1","expired","39","161","24.22","39","24.22","0.39","0.37","0.41","0","","","161","39","305.92","304.41","A"
"Aug 29, 2022 2:00pm","Aug 29, 2022 4:00pm","QQQ","Aug 29, 2022","longputspread","short put 304 / long put 306","1","expired","107","52","205.77","52","284.62","0.52","0.5","0.54","1.59","","","52","148","306.35","304.41","B"
"Aug 24, 2022 1:30pm","Aug 24, 2022 4:00pm","QQQ","Aug 24, 2022","ironcondor","long put 310 / short put 312 / short call 317 / long call 319","1","expired","13","187","6.95","13","6.95","0.13","0.1","0.14","0","","","187","13","314.5","315.01","A"
"Aug 24, 2022 2:00pm","Aug 24, 2022 4:00pm","QQQ","Aug 24, 2022","longputspread","short put 313 / long put 315","1","expired","-49","49","-100","49","308.16","0.49","0.48","0.52","0","","","49","151","315.12","315.01","B"
"Aug 15, 2022 1:30pm","Aug 15, 2022 4:00pm","QQQ","Aug 15, 2022","ironcondor","long put 328 / short put 330 / short call 335 / long call 337","1","expired","10","190","5.26","10","5.26","0.1","0.08","0.12","0","","","190","10","332.61","333.06","A"
"Aug 15, 2022 2:00pm","Aug 15, 2022 4:00pm","QQQ","Aug 15, 2022","longputspread","short put 330 / long put 332","1","expired","-34","34","-100","34","488.24","0.34","0.33","0.35","0","","","34","166","332.49","333.06","B"
"Aug 8, 2022 1:30pm","Aug 8, 2022 4:00pm","QQQ","Aug 8, 2022","ironcondor","long put 316 / short put 318 / short call 323 / long call 325","1","expired","19","181","10.5","19","10.5","0.19","0.17","0.22","0","","","181","19","320.88","320.71","A"
"Aug 8, 2022 2:00pm","Aug 8, 2022 4:00pm","QQQ","Aug 8, 2022","longputspread","short put 319 / long put 321","1","expired","-15","44","-34.09","44","354.55","0.44","0.43","0.46","0.29","","","44","156","321.43","320.71","B"
"Aug 1, 2022 1:30pm","Aug 1, 2022 4:00pm","QQQ","Aug 1, 2022","ironcondor","long put 310 / short put 312 / short call 317 / long call 319","1","expired","26","174","14.94","26","14.94","0.26","0.24","0.28","0","","","174","26","314.66","315.27","A"
"Aug 1, 2022 2:00pm","Aug 1, 2022 4:00pm","QQQ","Aug 1, 2022","longputspread","short put 312 / long put 314","1","expired","-45","45","-100","45","344.44","0.45","0.43","0.46","0","","","45","155","314.55","315.27","B"
"Jul 25, 2022 1:30pm","Jul 25, 2022 4:00pm","QQQ","Jul 25, 2022","ironcondor","long put 296 / short put 298 / short call 303 / long call 305","1","expired","19","181","10.5","19","10.5","0.19","0.17","0.21","0","","","181","19","300.43","300.27","A"
"Jul 25, 2022 2:00pm","Jul 25, 2022 4:00pm","QQQ","Jul 25, 2022","longputspread","short put 297 / long put 299","1","expired","-47","47","-100","47","325.53","0.47","0.45","0.48","0","","","47","153","299.54","300.27","B"
"Jul 13, 2022 1:30pm","Jul 13, 2022 4:00pm","QQQ","Jul 13, 2022","ironcondor","long put 283 / short put 285 / short call 289 / long call 291","1","expired","45","155","29.03","45","29.03","0.45","0.42","0.48","0","","","155","45","287.1","285.65","A"
"Jul 13, 2022 2:00pm","Jul 13, 2022 4:00pm","QQQ","Jul 13, 2022","longputspread","short put 285 / long put 287","1","expired","79","56","141.07","56","257.14","0.56","0.54","0.57","1.35","","","56","144","287.29","285.65","B"
"Jul 8, 2022 1:30pm","Jul 8, 2022 4:00pm","QQQ","Jul 8, 2022","ironcondor","long put 290 / short put 292.50 / short call 297 / long call 299","1","expired","26","224","11.61","26","11.61","0.26","0.22","0.27","0","","","224","26","294.5","295.35","A"
"Jul 8, 2022 2:00pm","Jul 8, 2022 4:00pm","QQQ","Jul 8, 2022","longputspread","short put 292.50 / long put 294","1","expired","-31","31","-100","31","383.87","0.31","0.3","0.32","0","","","31","119","294.68","295.35","B"
"Jul 6, 2022 1:30pm","Jul 6, 2022 4:00pm","QQQ","Jul 6, 2022","ironcondor","long put 284 / short put 286 / short call 290 / long call 292","1","expired","68","132","51.52","68","51.52","0.68","0.65","0.71","0","","","132","68","287.67","288.8","A"
"Jul 6, 2022 2:00pm","Jul 6, 2022 4:00pm","QQQ","Jul 6, 2022","longputspread","short put 286 / long put 288","1","expired","-72","72","-100","72","177.78","0.72","0.62","0.84","0","","","72","128","287.92","288.8","B"
"Jul 5, 2022 1:30pm","Jul 5, 2022 4:00pm","QQQ","Jul 5, 2022","ironcondor","long put 279 / short put 281 / short call 286 / long call 288","1","expired","-66","170","-38.82","30","17.65","0.3","0.29","0.34","0.96","","","170","30","283.49","286.96","A"
"Jul 5, 2022 2:00pm","Jul 5, 2022 4:00pm","QQQ","Jul 5, 2022","longputspread","short put 282 / long put 284","1","expired","-72","72","-100","72","177.78","0.72","0.71","0.75","0","","","72","128","283.7","286.96","B"
"Jul 1, 2022 1:30pm","Jul 1, 2022 4:00pm","QQQ","Jul 1, 2022","ironcondor","long put 275 / short put 277 / short call 281 / long call 283","1","expired","-67","154","-43.51","46","29.87","0.46","0.44","0.49","1.13","","","154","46","278.84","282.13","A"
"Jul 1, 2022 2:00pm","Jul 1, 2022 4:00pm","QQQ","Jul 1, 2022","longputspread","short put 278 / long put 280","1","expired","-66","66","-100","66","203.03","0.66","0.64","0.68","0","","","66","134","279.94","282.13","B"
"Jun 30, 2022 1:30pm","Jun 30, 2022 4:00pm","QQQ","Jun 30, 2022","ironcondor","long put 278 / short put 280 / short call 284 / long call 286","1","expired","76","124","61.29","76","61.29","0.76","0.72","0.81","0","","","124","76","282.15","280.28","A"
"Jun 30, 2022 2:00pm","Jun 30, 2022 4:00pm","QQQ","Jun 30, 2022","longputspread","short put 281 / long put 283","1","expired","123","77","159.74","77","159.74","0.77","0.74","0.8","2","","","77","123","282.9","280.28","B"
"Jun 29, 2022 1:30pm","Jun 29, 2022 4:00pm","QQQ","Jun 29, 2022","ironcondor","long put 279 / short put 281 / short call 285 / long call 287","1","expired","46","154","29.87","46","29.87","0.46","0.44","0.5","0","","","154","46","282.97","283.8","A"
"Jun 29, 2022 2:00pm","Jun 29, 2022 4:00pm","QQQ","Jun 29, 2022","longputspread","short put 282 / long put 284","1","expired","-48","68","-70.59","68","194.12","0.68","0.67","0.7","0.2","","","68","132","283.9","283.8","B"
"Jun 27, 2022 1:30pm","Jun 27, 2022 4:00pm","QQQ","Jun 27, 2022","ironcondor","long put 289 / short put 291 / short call 295 / long call 297","1","expired","38","162","23.46","38","23.46","0.38","0.36","0.41","0","","","162","38","293.22","292.45","A"
"Jun 27, 2022 2:00pm","Jun 27, 2022 4:00pm","QQQ","Jun 27, 2022","longputspread","short put 290 / long put 292","1","expired","-53","53","-100","53","277.36","0.53","0.53","0.55","0","","","53","147","292.39","292.45","B"
"Jun 8, 2022 1:30pm","Jun 8, 2022 4:00pm","QQQ","Jun 8, 2022","ironcondor","long put 304 / short put 306 / short call 310 / long call 312","1","expired","52","148","35.14","52","35.14","0.52","0.49","0.54","0","","","148","52","307.83","307.64","A"
"Jun 8, 2022 2:00pm","Jun 8, 2022 4:00pm","QQQ","Jun 8, 2022","longputspread","short put 306 / long put 308","1","expired","-24","60","-40","60","233.33","0.6","0.6","0.62","0.36","","","60","140","308.07","307.64","B"
"Jun 6, 2022 1:30pm","Jun 6, 2022 4:00pm","QQQ","Jun 6, 2022","ironcondor","long put 303 / short put 305 / short call 309 / long call 311","1","expired","62","138","44.93","62","44.93","0.62","0.59","0.65","0","","","138","62","306.9","307.22","A"
"Jun 6, 2022 2:00pm","Jun 6, 2022 4:00pm","QQQ","Jun 6, 2022","longputspread","short put 307 / long put 309","1","expired","115","63","182.54","63","217.46","0.63","0.62","0.65","1.78","","","63","137","309.14","307.22","B"
"May 31, 2022 1:30pm","May 31, 2022 4:00pm","QQQ","May 31, 2022","ironcondor","long put 305 / short put 307 / short call 311 / long call 313","1","expired","69","131","52.67","69","52.67","0.69","0.65","0.72","0","","","131","69","309.01","308.28","A"
"May 31, 2022 2:00pm","May 31, 2022 4:00pm","QQQ","May 31, 2022","longputspread","short put 309 / long put 311","1","expired","127","73","173.97","73","173.97","0.73","0.69","0.76","2","","","73","127","311.07","308.28","B"
"May 25, 2022 1:30pm","May 25, 2022 4:00pm","QQQ","May 25, 2022","ironcondor","long put 284 / short put 286 / short call 291 / long call 293","1","expired","72","102","70.59","98","96.08","0.98","0.94","1.02","0.26","","","102","98","288.42","291.26","A"
"May 16, 2022 1:30pm","May 16, 2022 4:00pm","QQQ","May 16, 2022","ironcondor","long put 296 / short put 298 / short call 303 / long call 305","1","expired","65","135","48.15","65","48.15","0.65","0.63","0.7","0","","","135","65","300.33","298.44","A"
"May 16, 2022 2:00pm","May 16, 2022 4:00pm","QQQ","May 16, 2022","longputspread","short put 298 / long put 300","1","expired","92","64","143.75","64","212.5","0.64","0.62","0.67","1.56","","","64","136","300.39","298.44","B"
"May 6, 2022 1:30pm","May 6, 2022 4:00pm","QQQ","May 6, 2022","ironcondor","long put 307 / short put 309 / short call 314 / long call 316","1","expired","87","113","76.99","87","76.99","0.87","0.83","0.9","0","","","113","87","311.47","309.25","A"
"May 4, 2022 1:30pm","May 4, 2022 4:00pm","QQQ","May 4, 2022","ironcondor","long put 315 / short put 317 / short call 321 / long call 323","1","expired","-65","65","-100","135","207.69","1.35","1.31","1.42","2","","","65","135","319.11","329.6","A"
"May 2, 2022 1:30pm","May 2, 2022 4:00pm","QQQ","May 2, 2022","ironcondor","long put 307 / short put 309 / short call 314 / long call 316","1","expired","-120","120","-100","80","66.67","0.8","0.75","0.84","2","","","120","80","311.75","318.48","A"
"May 2, 2022 2:00pm","May 2, 2022 4:00pm","QQQ","May 2, 2022","longputspread","short put 309 / long put 311","1","expired","-68","68","-100","68","194.12","0.68","0.66","0.7","0","","","68","132","311.44","318.48","B"
"Apr 25, 2022 1:30pm","Apr 25, 2022 4:00pm","QQQ","Apr 25, 2022","ironcondor","long put 322 / short put 324 / short call 328 / long call 330","1","expired","-75","117","-64.1","83","70.94","0.83","0.79","0.86","1.58","","","117","83","325.96","329.58","A"
"Apr 25, 2022 2:00pm","Apr 25, 2022 4:00pm","QQQ","Apr 25, 2022","longputspread","short put 323 / long put 325","1","expired","-75","75","-100","75","166.67","0.75","0.72","0.77","0","","","75","125","325.19","329.58","B"
"Apr 18, 2022 1:30pm","Apr 18, 2022 4:00pm","QQQ","Apr 18, 2022","ironcondor","long put 333 / short put 335 / short call 340 / long call 342","1","expired","43","157","27.39","43","27.39","0.43","0.41","0.45","0","","","157","43","337.54","338.69","A"
"Apr 18, 2022 2:00pm","Apr 18, 2022 4:00pm","QQQ","Apr 18, 2022","longputspread","short put 337 / long put 339","1","expired","-13","44","-29.55","44","354.55","0.44","0.42","0.46","0.31","","","44","156","339.9","338.69","B"
"Mar 31, 2022 1:30pm","Mar 31, 2022 4:00pm","QQQ","Mar 31, 2022","ironcondor","long put 361 / short put 363 / short call 368 / long call 370","1","expired","0","154","0","46","29.87","0.46","0.45","0.5","0.46","","","154","46","365.49","362.54","A"
"Mar 31, 2022 2:00pm","Mar 31, 2022 4:00pm","QQQ","Mar 31, 2022","longputspread","short put 363 / long put 365","1","expired","137","63","217.46","63","217.46","0.63","0.62","0.65","2","","","63","137","365.34","362.54","B"
"Mar 30, 2022 1:30pm","Mar 30, 2022 4:00pm","QQQ","Mar 30, 2022","ironcondor","long put 364 / short put 366 / short call 372 / long call 374","1","expired","26","174","14.94","26","14.94","0.26","0.23","0.28","0","","","174","26","369.13","367.09","A"
"Mar 30, 2022 2:00pm","Mar 30, 2022 4:00pm","QQQ","Mar 30, 2022","longputspread","short put 366 / long put 368","1","expired","32","59","54.24","59","238.98","0.59","0.58","0.6","0.91","","","59","141","368.39","367.09","B"
"Mar 28, 2022 1:30pm","Mar 28, 2022 4:00pm","QQQ","Mar 28, 2022","ironcondor","long put 357 / short put 359 / short call 364 / long call 366","1","expired","-66","175","-37.71","25","14.29","0.25","0.22","0.28","0.91","","","175","25","361.41","364.91","A"
"Mar 28, 2022 2:00pm","Mar 28, 2022 4:00pm","QQQ","Mar 28, 2022","longputspread","short put 359 / long put 361","1","expired","-45","45","-100","45","344.44","0.45","0.43","0.46","0","","","45","155","361.54","364.91","B"
"Mar 11, 2022 1:30pm","Mar 11, 2022 4:00pm","QQQ","Mar 11, 2022","ironcondor","long put 325 / short put 327 / short call 332 / long call 334","1","expired","-159","159","-100","41","25.79","0.41","0.38","0.44","2","","","159","41","329.05","324.4","A"
"Feb 28, 2022 1:30pm","Feb 28, 2022 4:00pm","QQQ","Feb 28, 2022","ironcondor","long put 340 / short put 342 / short call 347 / long call 349","1","expired","76","124","61.29","76","61.29","0.76","0.71","0.8","0","","","124","76","344.32","346.8","A"
"Feb 28, 2022 2:00pm","Feb 28, 2022 4:00pm","QQQ","Feb 28, 2022","longputspread","short put 342 / long put 344","1","expired","-60","60","-100","60","233.33","0.6","0.58","0.64","0","","","60","140","344.83","346.8","B"
"Feb 14, 2022 1:30pm","Feb 14, 2022 4:00pm","QQQ","Feb 14, 2022","ironcondor","long put 344 / short put 346 / short call 351 / long call 353","1","expired","64","136","47.06","64","47.06","0.64","0.61","0.67","0","","","136","64","348.67","347.49","A"
"Feb 14, 2022 2:00pm","Feb 14, 2022 4:00pm","QQQ","Feb 14, 2022","longputspread","short put 342 / long put 344","1","expired","-60","60","-100","60","233.33","0.6","0.59","0.62","0","","","60","140","344.81","347.49","B"
"Feb 7, 2022 1:30pm","Feb 7, 2022 4:00pm","QQQ","Feb 7, 2022","ironcondor","long put 353 / short put 355 / short call 360 / long call 362","1","expired","53","147","36.05","53","36.05","0.53","0.49","0.56","0","","","147","53","357.42","355.13","A"
"Feb 7, 2022 2:00pm","Feb 7, 2022 4:00pm","QQQ","Feb 7, 2022","longputspread","short put 355 / long put 357","1","expired","133","54","246.3","54","270.37","0.54","0.52","0.57","1.87","","","54","146","357.66","355.13","B"
"Feb 2, 2022 1:30pm","Feb 2, 2022 4:00pm","QQQ","Feb 2, 2022","ironcondor","long put 362 / short put 364 / short call 370 / long call 372","1","expired","56","144","38.89","56","38.89","0.56","0.52","0.59","0","","","144","56","367.04","368.49","A"
"Feb 2, 2022 2:00pm","Feb 2, 2022 4:00pm","QQQ","Feb 2, 2022","longputspread","short put 364 / long put 366","1","expired","-50","50","-100","50","300","0.5","0.48","0.52","0","","","50","150","367.21","368.49","B"
"Jan 19, 2022 1:30pm","Jan 19, 2022 4:00pm","QQQ","Jan 19, 2022","ironcondor","long put 368 / short put 370 / short call 375 / long call 376","1","expired","-161","161","-100","39","24.22","0.39","0.37","0.42","2","","","161","39","371.89","366.48","A"
"Jan 14, 2022 1:30pm","Jan 14, 2022 4:00pm","QQQ","Jan 14, 2022","ironcondor","long put 371 / short put 373 / short call 379 / long call 381","1","expired","-70","169","-41.42","31","18.34","0.31","0.28","0.34","1.01","","","169","31","375.95","380.01","A"
"Jan 14, 2022 2:00pm","Jan 14, 2022 4:00pm","QQQ","Jan 14, 2022","longputspread","short put 375 / long put 377","1","expired","-38","38","-100","38","426.32","0.38","0.38","0.4","0","","","38","162","378.1","380.01","B"
"Jan 12, 2022 1:30pm","Jan 12, 2022 4:00pm","QQQ","Jan 12, 2022","ironcondor","long put 383 / short put 385 / short call 390 / long call 392","1","expired","28","172","16.28","28","16.28","0.28","0.25","0.32","0","","","172","28","387.44","387.35","A"
"Jan 12, 2022 2:00pm","Jan 12, 2022 4:00pm","QQQ","Jan 12, 2022","longputspread","short put 384 / long put 386","1","expired","-31","31","-100","31","545.16","0.31","0.29","0.33","0","","","31","169","387.2","387.35","B"
"Dec 22, 2021 1:30pm","Dec 22, 2021 4:00pm","QQQ","Dec 22, 2021","ironcondor","long put 387 / short put 389 / short call 395 / long call 397","1","expired","9","191","4.71","9","4.71","0.09","0.06","0.11","0","","","191","9","391.68","393.95","A"
"Dec 22, 2021 2:00pm","Dec 22, 2021 4:00pm","QQQ","Dec 22, 2021","longputspread","short put 388 / long put 390","1","expired","-17","17","-100","17","1076.47","0.17","0.16","0.19","0","","","17","183","391.42","393.95","B"
"Dec 17, 2021 1:30pm","Dec 17, 2021 4:00pm","QQQ","Dec 17, 2021","ironcondor","long put 382 / short put 384 / short call 390 / long call 392","1","expired","30","170","17.65","30","17.65","0.3","0.26","0.33","0","","","170","30","387.34","384.91","A"
"Dec 17, 2021 2:00pm","Dec 17, 2021 4:00pm","QQQ","Dec 17, 2021","longputspread","short put 385 / long put 387","1","expired","160","40","400","40","400","0.4","0.37","0.44","2","","","40","160","387.85","384.91","B"
"Dec 15, 2021 1:30pm","Dec 15, 2021 4:00pm","QQQ","Dec 15, 2021","ironcondor","long put 380 / short put 382 / short call 388 / long call 390","1","expired","-111","111","-100","89","80.18","0.89","0.85","0.94","2","","","111","89","385.38","397.05","A"
"Dec 8, 2021 1:30pm","Dec 8, 2021 4:00pm","QQQ","Dec 8, 2021","ironcondor","long put 394 / short put 396 / short call 402 / long call 404","1","expired","11","189","5.82","11","5.82","0.11","0.09","0.13","0","","","189","11","398.52","399.61","A"
"Dec 8, 2021 2:00pm","Dec 8, 2021 4:00pm","QQQ","Dec 8, 2021","longputspread","short put 396 / long put 398","1","expired","-33","33","-100","33","506.06","0.33","0.32","0.34","0","","","33","167","398.81","399.61","B"
"Dec 1, 2021 1:30pm","Dec 1, 2021 4:00pm","QQQ","Dec 1, 2021","ironcondor","long put 390 / short put 393 / short call 399 / long call 401","1","expired","-266","266","-100","34","12.78","0.34","0.32","0.36","3","","","266","34","396.15","387.12","A"
"Dec 1, 2021 2:00pm","Dec 1, 2021 4:00pm","QQQ","Dec 1, 2021","longputspread","short put 392 / long put 394","1","expired","168","32","525","32","525","0.32","0.3","0.34","2","","","32","168","395.31","387.12","B"
"Nov 24, 2021 1:30pm","Nov 24, 2021 4:00pm","QQQ","Nov 24, 2021","ironcondor","long put 392 / short put 395 / short call 400 / long call 402","1","expired","26","274","9.49","26","9.49","0.26","0.25","0.29","0","","","274","26","397.97","398.76","A"
"Nov 24, 2021 2:00pm","Nov 24, 2021 4:00pm","QQQ","Nov 24, 2021","longputspread","short put 394 / long put 396","1","expired","-25","25","-100","25","700","0.25","0.2","0.29","0","","","25","175","397.45","398.76","B"
"Nov 22, 2021 1:30pm","Nov 22, 2021 4:00pm","QQQ","Nov 22, 2021","ironcondor","long put 398 / short put 400 / short call 406 / long call 408","1","expired","-59","189","-31.22","11","5.82","0.11","0.07","0.11","0.7","","","189","11","403.16","399.3","A"
"Nov 15, 2021 1:30pm","Nov 15, 2021 4:00pm","QQQ","Nov 15, 2021","ironcondor","long put 389 / short put 391 / short call 396 / long call 398","1","expired","13","187","6.95","13","6.95","0.13","0.09","0.14","0","","","187","13","393.62","394.61","A"
"Nov 15, 2021 2:00pm","Nov 15, 2021 4:00pm","QQQ","Nov 15, 2021","longputspread","short put 390 / long put 392","1","expired","-13","13","-100","13","1438.46","0.13","0.12","0.15","0","","","13","187","393.25","394.61","B"
"Nov 5, 2021 1:30pm","Nov 5, 2021 4:00pm","QQQ","Nov 5, 2021","ironcondor","long put 392 / short put 394 / short call 400 / long call 402","1","expired","19","181","10.5","19","10.5","0.19","0.17","0.22","0","","","181","19","397.2","398.6","A"
"Nov 5, 2021 2:00pm","Nov 5, 2021 4:00pm","QQQ","Nov 5, 2021","longputspread","short put 396 / long put 398","1","expired","-38","38","-100","38","426.32","0.38","0.36","0.4","0","","","38","162","398.71","398.6","B"
"Nov 3, 2021 1:30pm","Nov 3, 2021 4:00pm","QQQ","Nov 3, 2021","ironcondor","long put 384 / short put 386 / short call 392 / long call 394","1","expired","-85","167","-50.9","33","19.76","0.33","0.32","0.37","1.18","","","167","33","389.53","393.18","A"
"Nov 3, 2021 2:00pm","Nov 3, 2021 4:00pm","QQQ","Nov 3, 2021","longputspread","short put 386 / long put 388","1","expired","-38","38","-100","38","426.32","0.38","0.31","0.45","0","","","38","162","389.29","393.18","B"
"Oct 13, 2021 1:30pm","Oct 13, 2021 4:00pm","QQQ","Oct 13, 2021","ironcondor","long put 354 / short put 356 / short call 362 / long call 364","1","expired","11","189","5.82","11","5.82","0.11","0.08","0.12","0","","","189","11","359.49","360","A"
"Oct 13, 2021 2:00pm","Oct 13, 2021 4:00pm","QQQ","Oct 13, 2021","longputspread","short put 356 / long put 358","1","expired","-14","14","-100","14","1328.57","0.14","0.14","0.16","0","","","14","186","359.59","360","B"
"Oct 11, 2021 1:30pm","Oct 11, 2021 4:00pm","QQQ","Oct 11, 2021","ironcondor","long put 356 / short put 358 / short call 362 / long call 364","1","expired","19","181","10.5","19","10.5","0.19","0.18","0.22","0","","","181","19","360.21","358.39","A"
"Oct 11, 2021 2:00pm","Oct 11, 2021 4:00pm","QQQ","Oct 11, 2021","longputspread","short put 358 / long put 360","1","expired","118","43","274.42","43","365.12","0.43","0.41","0.43","1.61","","","43","157","360.42","358.39","B"
"Oct 8, 2021 1:30pm","Oct 8, 2021 4:00pm","QQQ","Oct 8, 2021","ironcondor","long put 356 / short put 358 / short call 364 / long call 366","1","expired","11","189","5.82","11","5.82","0.11","0.09","0.13","0","","","189","11","360.82","361.16","A"
"Oct 8, 2021 2:00pm","Oct 8, 2021 4:00pm","QQQ","Oct 8, 2021","longputspread","short put 359 / long put 361","1","expired","-37","37","-100","37","440.54","0.37","0.35","0.39","0","","","37","163","361.51","361.16","B"
"Oct 6, 2021 1:30pm","Oct 6, 2021 4:00pm","QQQ","Oct 6, 2021","ironcondor","long put 353 / short put 355 / short call 360 / long call 362","1","expired","18","182","9.89","18","9.89","0.18","0.17","0.21","0","","","182","18","357.27","359.67","A"
"Oct 6, 2021 2:00pm","Oct 6, 2021 4:00pm","QQQ","Oct 6, 2021","longputspread","short put 355 / long put 357","1","expired","-33","33","-100","33","506.06","0.33","0.31","0.34","0","","","33","167","358.19","359.67","B"
"Oct 1, 2021 1:30pm","Oct 1, 2021 4:00pm","QQQ","Oct 1, 2021","ironcondor","long put 353 / short put 355 / short call 361 / long call 363","1","expired","13","187","6.95","13","6.95","0.13","0.1","0.14","0","","","187","13","358.15","360.18","A"
"Oct 1, 2021 2:00pm","Oct 1, 2021 4:00pm","QQQ","Oct 1, 2021","longputspread","short put 356 / long put 358","1","expired","-33","33","-100","33","506.06","0.33","0.31","0.34","0","","","33","167","358.8","360.18","B"
"Sep 30, 2021 1:30pm","Sep 30, 2021 4:00pm","QQQ","Sep 30, 2021","ironcondor","long put 354 / short put 356 / short call 362 / long call 364","1","expired","24","176","13.64","24","13.64","0.24","0.21","0.27","0","","","176","24","359.08","357.96","A"
"Sep 30, 2021 2:00pm","Sep 30, 2021 4:00pm","QQQ","Sep 30, 2021","longputspread","short put 357 / long put 359","1","expired","64","40","160","40","400","0.4","0.38","0.42","1.04","","","40","160","359.84","357.96","B"
"Sep 29, 2021 1:30pm","Sep 29, 2021 4:00pm","QQQ","Sep 29, 2021","ironcondor","long put 354 / short put 356 / short call 362 / long call 364","1","expired","17","183","9.29","17","9.29","0.17","0.16","0.2","0","","","183","17","359.39","359.28","A"
"Sep 29, 2021 2:00pm","Sep 29, 2021 4:00pm","QQQ","Sep 29, 2021","longputspread","short put 358 / long put 360","1","expired","8","64","12.5","64","212.5","0.64","0.63","0.66","0.72","","","64","136","359.87","359.28","B"