Opened,Closed,Symbol,Exp,Type,Legs,Quantity,Status,P/L,Risk,ROR,Premium,Reward/Risk,Open Price,Open Bid Price,Open Ask Price,Close Price,Close Bid Price,Close Ask Price,Max Loss,Max Profit,Price at Open,Price at Close
"Sep 15, 2026 2:00pm","Sep 15, 2026 4:00pm","QQQ","Sep 15, 2026","longputspread","short put 700 / long put 702","1","expired","-3","3","-100","3","6566.67","0.03","0.02","0.04","0","","","3","197","705.01","704.59"
"Sep 14, 2026 2:00pm","Sep 14, 2026 4:00pm","QQQ","Sep 14, 2026","longputspread","short put 707 / long put 709","1","expired","-4","4","-100","4","4900","0.04","0.03","0.05","0","","","4","196","712.43","709.17"
"Sep 11, 2026 2:00pm","Sep 11, 2026 4:00pm","QQQ","Sep 11, 2026","longputspread","short put 711 / long put 713","1","expired","-3","3","-100","3","6566.67","0.03","0.02","0.04","0","","","3","197","716.52","714.88"
"Sep 10, 2026 2:00pm","Sep 10, 2026 4:00pm","QQQ","Sep 10, 2026","longputspread","short put 705 / long put 707","1","expired","-9","9","-100","9","2122.22","0.09","0.08","0.1","0","","","9","191","709.89","708.63"
"Sep 9, 2026 2:00pm","Sep 9, 2026 4:00pm","QQQ","Sep 9, 2026","longputspread","short put 711 / long put 713","1","expired","-3","3","-100","3","6566.67","0.03","0.02","0.04","0","","","3","197","716.7","716.3"
"Sep 8, 2026 2:00pm","Sep 8, 2026 4:00pm","QQQ","Sep 8, 2026","longputspread","short put 714 / long put 716","1","expired","-2","2","-100","2","9900","0.02","0.01","0.03","0","","","2","198","719.65","718.38"
"Sep 4, 2026 2:00pm","Sep 4, 2026 4:00pm","QQQ","Sep 4, 2026","longputspread","short put 712 / long put 714","1","expired","-4","4","-100","4","4900","0.04","0.03","0.05","0","","","4","196","717.12","718.96"
"Sep 3, 2026 2:00pm","Sep 3, 2026 4:00pm","QQQ","Sep 3, 2026","longputspread","short put 713 / long put 715","1","expired","-6","6","-100","6","3233.33","0.06","0.05","0.07","0","","","6","194","717.93","717.67"
"Sep 2, 2026 2:00pm","Sep 2, 2026 4:00pm","QQQ","Sep 2, 2026","longputspread","short put 703 / long put 705","1","expired","-9","9","-100","9","2122.22","0.09","0.08","0.1","0","","","9","191","708.53","709.24"
"Sep 1, 2026 2:00pm","Sep 1, 2026 4:00pm","QQQ","Sep 1, 2026","longputspread","short put 703 / long put 705","1","expired","-8","8","-100","8","2400","0.08","0.07","0.09","0","","","8","192","708.01","707.64"
"Aug 31, 2026 2:00pm","Aug 31, 2026 4:00pm","QQQ","Aug 31, 2026","longputspread","short put 710 / long put 712","1","expired","-4","4","-100","4","4900","0.04","0.03","0.05","0","","","4","196","715.26","716.76"
"Aug 28, 2026 2:00pm","Aug 28, 2026 4:00pm","QQQ","Aug 28, 2026","longputspread","short put 712 / long put 714","1","expired","-13","13","-100","13","1438.46","0.13","0.12","0.14","0","","","13","187","716.97","716.43"
"Aug 27, 2026 2:00pm","Aug 27, 2026 4:00pm","QQQ","Aug 27, 2026","longputspread","short put 714 / long put 716","1","expired","-9","9","-100","9","2122.22","0.09","0.08","0.1","0","","","9","191","719.1","721.11"
"Aug 26, 2026 2:00pm","Aug 26, 2026 4:00pm","QQQ","Aug 26, 2026","longputspread","short put 706 / long put 708","1","expired","-34","34","-100","34","488.24","0.34","0.33","0.35","0","","","34","166","711.02","711.37"
"Aug 25, 2026 2:00pm","Aug 25, 2026 4:00pm","QQQ","Aug 25, 2026","longputspread","short put 704 / long put 706","1","expired","-1","1","-100","1","19900","0.01","0","0.02","0","","","1","199","709.54","710.72"
"Aug 24, 2026 2:00pm","Aug 24, 2026 4:00pm","QQQ","Aug 24, 2026","longputspread","short put 702 / long put 704","1","expired","-6","6","-100","6","3233.33","0.06","0.05","0.07","0","","","6","194","706.91","706.32"
"Aug 21, 2026 2:00pm","Aug 21, 2026 4:00pm","QQQ","Aug 21, 2026","longputspread","short put 708 / long put 710","1","expired","-6","6","-100","6","3233.33","0.06","0.05","0.07","0","","","6","194","713.12","713.44"
"Aug 20, 2026 2:00pm","Aug 20, 2026 4:00pm","QQQ","Aug 20, 2026","longputspread","short put 705 / long put 707","1","expired","-6","6","-100","6","3233.33","0.06","0.05","0.07","0","","","6","194","710.72","710.93"
"Aug 19, 2026 2:00pm","Aug 19, 2026 4:00pm","QQQ","Aug 19, 2026","longputspread","short put 711 / long put 713","1","expired","-8","8","-100","8","2400","0.08","0.07","0.09","0","","","8","192","716.65","716.08"
"Aug 18, 2026 2:00pm","Aug 18, 2026 4:00pm","QQQ","Aug 18, 2026","longputspread","short put 712 / long put 714","1","expired","-9","9","-100","9","2122.22","0.09","0.08","0.1","0","","","9","191","717.13","717.51"
"Aug 17, 2026 2:00pm","Aug 17, 2026 4:00pm","QQQ","Aug 17, 2026","longputspread","short put 725 / long put 727","1","expired","-5","5","-100","5","3900","0.05","0.04","0.06","0","","","5","195","730.17","729.87"
"Aug 14, 2026 2:00pm","Aug 14, 2026 4:00pm","QQQ","Aug 14, 2026","longputspread","short put 724 / long put 726","1","expired","-3","3","-100","3","6566.67","0.03","0.02","0.04","0","","","3","197","729.53","731.07"
"Aug 13, 2026 2:00pm","Aug 13, 2026 4:00pm","QQQ","Aug 13, 2026","longputspread","short put 727 / long put 729","1","expired","-5","5","-100","5","3900","0.05","0.04","0.06","0","","","5","195","732.29","732.07"
"Aug 12, 2026 2:00pm","Aug 12, 2026 4:00pm","QQQ","Aug 12, 2026","longputspread","short put 720 / long put 722","1","expired","-6","6","-100","6","3233.33","0.06","0.05","0.07","0","","","6","194","725.12","723.7"
"Aug 11, 2026 2:00pm","Aug 11, 2026 4:00pm","QQQ","Aug 11, 2026","longputspread","short put 713 / long put 715","1","expired","-5","5","-100","5","3900","0.05","0.04","0.06","0","","","5","195","718.2","718.45"
"Aug 10, 2026 2:00pm","Aug 10, 2026 4:00pm","QQQ","Aug 10, 2026","longputspread","short put 716 / long put 718","1","expired","-6","6","-100","6","3233.33","0.06","0.05","0.07","0","","","6","194","721.27","720.87"
"Aug 7, 2026 2:00pm","Aug 7, 2026 4:00pm","QQQ","Aug 7, 2026","longputspread","short put 715 / long put 717","1","expired","-6","6","-100","6","3233.33","0.06","0.05","0.07","0","","","6","194","720.79","723.03"
"Aug 6, 2026 2:00pm","Aug 6, 2026 4:00pm","QQQ","Aug 6, 2026","longputspread","short put 710 / long put 712","1","expired","-11","11","-100","11","1718.18","0.11","0.1","0.12","0","","","11","189","715.44","714.65"
"Aug 5, 2026 2:00pm","Aug 5, 2026 4:00pm","QQQ","Aug 5, 2026","longputspread","short put 715 / long put 717","1","expired","-14","14","-100","14","1328.57","0.14","0.13","0.15","0","","","14","186","720.86","717.3"
"Aug 4, 2026 2:00pm","Aug 4, 2026 4:00pm","QQQ","Aug 4, 2026","longputspread","short put 717 / long put 719","1","expired","-26","26","-100","26","669.23","0.26","0.25","0.28","0","","","26","174","722.74","723.85"
"Aug 3, 2026 2:00pm","Aug 3, 2026 4:00pm","QQQ","Aug 3, 2026","longputspread","short put 695 / long put 697","1","expired","-12","12","-100","12","1566.67","0.12","0.11","0.13","0","","","12","188","700.47","700.07"
"Jul 31, 2026 2:00pm","Jul 31, 2026 4:00pm","QQQ","Jul 31, 2026","longputspread","short put 683 / long put 685","1","expired","-19","19","-100","19","952.63","0.19","0.18","0.2","0","","","19","181","688.56","687.99"
"Jul 30, 2026 2:00pm","Jul 30, 2026 4:00pm","QQQ","Jul 30, 2026","longputspread","short put 677 / long put 679","1","expired","-24","24","-100","24","733.33","0.24","0.23","0.25","0","","","24","176","682.18","683.55"
"Jul 28, 2026 2:00pm","Jul 28, 2026 4:00pm","QQQ","Jul 28, 2026","longputspread","short put 672 / long put 674","1","expired","-21","21","-100","21","852.38","0.21","0.2","0.22","0","","","21","179","676.8","675.49"
"Jul 27, 2026 2:00pm","Jul 27, 2026 4:00pm","QQQ","Jul 27, 2026","longputspread","short put 675 / long put 677","1","expired","-26","26","-100","26","669.23","0.26","0.25","0.27","0","","","26","174","679.9","682.12"
"Jul 24, 2026 2:00pm","Jul 24, 2026 4:00pm","QQQ","Jul 24, 2026","longputspread","short put 683 / long put 685","1","expired","63","14","450","14","1328.57","0.14","0.13","0.15","0.77","","","14","186","688.65","684.23"
"Jul 23, 2026 2:00pm","Jul 23, 2026 4:00pm","QQQ","Jul 23, 2026","longputspread","short put 686 / long put 688","1","expired","-30","30","-100","30","566.67","0.3","0.29","0.31","0","","","30","170","691.01","691.96"
"Jul 22, 2026 2:00pm","Jul 22, 2026 4:00pm","QQQ","Jul 22, 2026","longputspread","short put 702 / long put 704","1","expired","-24","24","-100","24","733.33","0.24","0.23","0.25","0","","","24","176","707.29","705.35"
"Jul 21, 2026 2:00pm","Jul 21, 2026 4:00pm","QQQ","Jul 21, 2026","longputspread","short put 704 / long put 706","1","expired","-7","7","-100","7","2757.14","0.07","0.06","0.08","0","","","7","193","709.54","708.97"
"Jul 20, 2026 2:00pm","Jul 20, 2026 4:00pm","QQQ","Jul 20, 2026","longputspread","short put 695 / long put 697","1","expired","78","16","487.5","16","1150","0.16","0.15","0.17","0.94","","","16","184","700.14","696.06"
"Jul 17, 2026 2:00pm","Jul 17, 2026 4:00pm","QQQ","Jul 17, 2026","longputspread","short put 693 / long put 695","1","expired","-24","24","-100","24","733.33","0.24","0.23","0.25","0","","","24","176","698.6","695.33"
"Jul 16, 2026 2:00pm","Jul 16, 2026 4:00pm","QQQ","Jul 16, 2026","longputspread","short put 701 / long put 703","1","expired","-19","19","-100","19","952.63","0.19","0.18","0.2","0","","","19","181","706.59","705.94"
"Jul 15, 2026 2:00pm","Jul 15, 2026 4:00pm","QQQ","Jul 15, 2026","longputspread","short put 712 / long put 714","1","expired","-12","12","-100","12","1566.67","0.12","0.11","0.14","0","","","12","188","717.23","717.74"
"Jul 14, 2026 2:00pm","Jul 14, 2026 4:00pm","QQQ","Jul 14, 2026","longputspread","short put 716 / long put 718","1","expired","-7","7","-100","7","2757.14","0.07","0.06","0.08","0","","","7","193","721.51","719.69"
"Jul 13, 2026 2:00pm","Jul 13, 2026 4:00pm","QQQ","Jul 13, 2026","longputspread","short put 707 / long put 709","1","expired","-17","17","-100","17","1076.47","0.17","0.16","0.18","0","","","17","183","712.06","711.74"
"Jul 10, 2026 2:00pm","Jul 10, 2026 4:00pm","QQQ","Jul 10, 2026","longputspread","short put 720 / long put 722","1","expired","-6","6","-100","6","3233.33","0.06","0.05","0.07","0","","","6","194","725.5","725.51"
"Jul 9, 2026 2:00pm","Jul 9, 2026 4:00pm","QQQ","Jul 9, 2026","longputspread","short put 718 / long put 720","1","expired","-5","5","-100","5","3900","0.05","0.04","0.06","0","","","5","195","723.79","723.28"
"Jul 8, 2026 2:00pm","Jul 8, 2026 4:00pm","QQQ","Jul 8, 2026","longputspread","short put 703 / long put 705","1","expired","-23","23","-100","23","769.57","0.23","0.22","0.24","0","","","23","177","708.62","711.44"
"Jul 7, 2026 2:00pm","Jul 7, 2026 4:00pm","QQQ","Jul 7, 2026","longputspread","short put 708 / long put 710","1","expired","43","14","307.14","14","1328.57","0.14","0.13","0.16","0.57","","","14","186","713.57","709.43"
"Jul 6, 2026 2:00pm","Jul 6, 2026 4:00pm","QQQ","Jul 6, 2026","longputspread","short put 716 / long put 718","1","expired","-13","13","-100","13","1438.46","0.13","0.12","0.14","0","","","13","187","721.38","722.82"
"Jul 2, 2026 2:00pm","Jul 2, 2026 4:00pm","QQQ","Jul 2, 2026","longputspread","short put 702 / long put 704","1","expired","-24","24","-100","24","733.33","0.24","0.23","0.25","0","","","24","176","707.81","712.6"
"Jul 1, 2026 2:00pm","Jul 1, 2026 4:00pm","QQQ","Jul 1, 2026","longputspread","short put 722 / long put 724","1","expired","-14","14","-100","14","1328.57","0.14","0.13","0.15","0","","","14","186","727.21","725.17"
"Jun 30, 2026 2:00pm","Jun 30, 2026 4:00pm","QQQ","Jun 30, 2026","longputspread","short put 730 / long put 732","1","expired","-15","15","-100","15","1233.33","0.15","0.14","0.17","0","","","15","185","735.78","736.4"
"Jun 29, 2026 2:00pm","Jun 29, 2026 4:00pm","QQQ","Jun 29, 2026","longputspread","short put 717 / long put 719","1","expired","-14","14","-100","14","1328.57","0.14","0.13","0.15","0","","","14","186","722.84","724.08"
"Jun 26, 2026 2:00pm","Jun 26, 2026 4:00pm","QQQ","Jun 26, 2026","longputspread","short put 706 / long put 708","1","expired","127","21","604.76","21","852.38","0.21","0.2","0.22","1.48","","","21","179","711.43","706.52"
"Jun 25, 2026 2:00pm","Jun 25, 2026 4:00pm","QQQ","Jun 25, 2026","longputspread","short put 712 / long put 714","1","expired","-31","31","-100","31","545.16","0.31","0.3","0.32","0","","","31","169","717.3","716.38"
"Jun 24, 2026 2:00pm","Jun 24, 2026 4:00pm","QQQ","Jun 24, 2026","longputspread","short put 702 / long put 704","1","expired","-44","44","-100","44","354.55","0.44","0.43","0.45","0","","","44","156","707.46","710.62"
"Jun 23, 2026 2:00pm","Jun 23, 2026 4:00pm","QQQ","Jun 23, 2026","longputspread","short put 710 / long put 712","1","expired","-24","24","-100","24","733.33","0.24","0.23","0.25","0","","","24","176","715.87","713.65"
"Jun 22, 2026 2:00pm","Jun 22, 2026 4:00pm","QQQ","Jun 22, 2026","longputspread","short put 732 / long put 734","1","expired","-14","14","-100","14","1328.57","0.14","0.13","0.15","0","","","14","186","737.12","737.95"
"Jun 18, 2026 2:00pm","Jun 18, 2026 4:00pm","QQQ","Jun 18, 2026","longputspread","short put 734 / long put 736","1","expired","-10","10","-100","10","1900","0.1","0.09","0.11","0","","","10","190","739.94","740.62"
"Jun 16, 2026 2:00pm","Jun 16, 2026 4:00pm","QQQ","Jun 16, 2026","longputspread","short put 729 / long put 731","1","expired","99","15","660","15","1233.33","0.15","0.14","0.16","1.14","","","15","185","734.04","729.86"
"Jun 15, 2026 2:00pm","Jun 15, 2026 4:00pm","QQQ","Jun 15, 2026","longputspread","short put 738 / long put 740","1","expired","-11","11","-100","11","1718.18","0.11","0.1","0.12","0","","","11","189","743.45","744"
"Jun 12, 2026 2:00pm","Jun 12, 2026 4:00pm","QQQ","Jun 12, 2026","longputspread","short put 717 / long put 719","1","expired","-29","29","-100","29","589.66","0.29","0.28","0.3","0","","","29","171","722.15","721.34"
"Jun 11, 2026 2:00pm","Jun 11, 2026 4:00pm","QQQ","Jun 11, 2026","longputspread","short put 705 / long put 707","1","expired","-40","40","-100","40","400","0.4","0.39","0.41","0","","","40","160","710.39","717.12"
"Jun 10, 2026 2:00pm","Jun 10, 2026 4:00pm","QQQ","Jun 10, 2026","longputspread","short put 695 / long put 697","1","expired","154","46","334.78","46","334.78","0.46","0.45","0.48","2","","","46","154","699.8","693.69"
"Jun 9, 2026 2:00pm","Jun 9, 2026 4:00pm","QQQ","Jun 9, 2026","longputspread","short put 696 / long put 698","1","expired","-48","48","-100","48","316.67","0.48","0.47","0.49","0","","","48","152","701.06","707.83"
"Jun 8, 2026 2:00pm","Jun 8, 2026 4:00pm","QQQ","Jun 8, 2026","longputspread","short put 713 / long put 715","1","expired","-18","18","-100","18","1011.11","0.18","0.17","0.19","0","","","18","182","718.58","716.07"
"Jun 5, 2026 2:00pm","Jun 5, 2026 4:00pm","QQQ","Jun 5, 2026","longputspread","short put 711 / long put 713","1","expired","181","19","952.63","19","952.63","0.19","0.18","0.2","2","","","19","181","716.4","705.06"
"Jun 4, 2026 2:00pm","Jun 4, 2026 4:00pm","QQQ","Jun 4, 2026","longputspread","short put 737 / long put 739","1","expired","-7","7","-100","7","2757.14","0.07","0.06","0.08","0","","","7","193","742.49","740.61"
"Jun 3, 2026 2:00pm","Jun 3, 2026 4:00pm","QQQ","Jun 3, 2026","longputspread","short put 739 / long put 741","1","expired","-13","13","-100","13","1438.46","0.13","0.12","0.14","0","","","13","187","744.61","744.21"
"Jun 2, 2026 2:00pm","Jun 2, 2026 4:00pm","QQQ","Jun 2, 2026","longputspread","short put 739 / long put 741","1","expired","-8","8","-100","8","2400","0.08","0.07","0.09","0","","","8","192","744.2","746.16"
"Jun 1, 2026 2:00pm","Jun 1, 2026 4:00pm","QQQ","Jun 1, 2026","longputspread","short put 739 / long put 741","1","expired","-4","4","-100","4","4900","0.04","0.03","0.05","0","","","4","196","745.09","742.74"
"May 29, 2026 2:00pm","May 29, 2026 4:00pm","QQQ","May 29, 2026","longputspread","short put 731 / long put 733","1","expired","-18","18","-100","18","1011.11","0.18","0.17","0.19","0","","","18","182","736.03","738.31"
"May 28, 2026 2:00pm","May 28, 2026 4:00pm","QQQ","May 28, 2026","longputspread","short put 731 / long put 733","1","expired","-7","7","-100","7","2757.14","0.07","0.06","0.08","0","","","7","193","736.05","735.6"
"May 27, 2026 2:00pm","May 27, 2026 4:00pm","QQQ","May 27, 2026","longputspread","short put 722 / long put 724","1","expired","-8","8","-100","8","2400","0.08","0.07","0.09","0","","","8","192","727.72","729.45"
"May 26, 2026 2:00pm","May 26, 2026 4:00pm","QQQ","May 26, 2026","longputspread","short put 723 / long put 725","1","expired","-9","9","-100","9","2122.22","0.09","0.08","0.1","0","","","9","191","728.25","730.28"
"May 22, 2026 2:00pm","May 22, 2026 4:00pm","QQQ","May 22, 2026","longputspread","short put 715 / long put 717","1","expired","-10","10","-100","10","1900","0.1","0.09","0.11","0","","","10","190","720.49","717.54"
"May 21, 2026 2:00pm","May 21, 2026 4:00pm","QQQ","May 21, 2026","longputspread","short put 710 / long put 712","1","expired","-15","15","-100","15","1233.33","0.15","0.14","0.16","0","","","15","185","715.7","714.51"
"May 20, 2026 2:00pm","May 20, 2026 4:00pm","QQQ","May 20, 2026","longputspread","short put 706 / long put 708","1","expired","-44","44","-100","44","354.55","0.44","0.4","0.48","0","","","44","156","710.88","713.15"
"May 19, 2026 2:00pm","May 19, 2026 4:00pm","QQQ","May 19, 2026","longputspread","short put 700 / long put 702","1","expired","27","20","135","20","900","0.2","0.19","0.21","0.47","","","20","180","705.14","701.53"
"May 18, 2026 2:00pm","May 18, 2026 4:00pm","QQQ","May 18, 2026","longputspread","short put 698 / long put 700","1","expired","-12","12","-100","12","1566.67","0.12","0.11","0.13","0","","","12","188","703.69","705.88"
"May 15, 2026 2:00pm","May 15, 2026 4:00pm","QQQ","May 15, 2026","longputspread","short put 709 / long put 711","1","expired","186","14","1328.57","14","1328.57","0.14","0.13","0.15","2","","","14","186","714.22","708.93"
"May 14, 2026 2:00pm","May 14, 2026 4:00pm","QQQ","May 14, 2026","longputspread","short put 715 / long put 717","1","expired","-10","10","-100","10","1900","0.1","0.09","0.11","0","","","10","190","720.8","719.79"
"May 13, 2026 2:00pm","May 13, 2026 4:00pm","QQQ","May 13, 2026","longputspread","short put 708 / long put 710","1","expired","-12","12","-100","12","1566.67","0.12","0.11","0.13","0","","","12","188","713.73","714.71"
"May 12, 2026 2:00pm","May 12, 2026 4:00pm","QQQ","May 12, 2026","longputspread","short put 696 / long put 698","1","expired","-17","17","-100","17","1076.47","0.17","0.16","0.18","0","","","17","183","701.02","707.24"
"May 11, 2026 2:00pm","May 11, 2026 4:00pm","QQQ","May 11, 2026","longputspread","short put 708 / long put 710","1","expired","-7","7","-100","7","2757.14","0.07","0.06","0.08","0","","","7","193","713.62","713.29"
"May 8, 2026 2:00pm","May 8, 2026 4:00pm","QQQ","May 8, 2026","longputspread","short put 704 / long put 706","1","expired","-11","11","-100","11","1718.18","0.11","0.1","0.12","0","","","11","189","709.2","711.23"
"May 7, 2026 2:00pm","May 7, 2026 4:00pm","QQQ","May 7, 2026","longputspread","short put 690 / long put 692","1","expired","-13","13","-100","13","1438.46","0.13","0.12","0.14","0","","","13","187","695.22","694.94"
"May 6, 2026 2:00pm","May 6, 2026 4:00pm","QQQ","May 6, 2026","longputspread","short put 688 / long put 690","1","expired","-7","7","-100","7","2757.14","0.07","0.06","0.08","0","","","7","193","692.81","695.77"
"May 5, 2026 2:00pm","May 5, 2026 4:00pm","QQQ","May 5, 2026","longputspread","short put 677 / long put 679","1","expired","-9","9","-100","9","2122.22","0.09","0.08","0.1","0","","","9","191","682.1","681.61"
"May 4, 2026 2:00pm","May 4, 2026 4:00pm","QQQ","May 4, 2026","longputspread","short put 668 / long put 670","1","expired","-8","8","-100","8","2400","0.08","0.07","0.09","0","","","8","192","673.19","672.88"
"May 1, 2026 2:00pm","May 1, 2026 4:00pm","QQQ","May 1, 2026","longputspread","short put 670 / long put 672","1","expired","-5","5","-100","5","3900","0.05","0.04","0.06","0","","","5","195","675.22","674.15"
"Apr 30, 2026 2:00pm","Apr 30, 2026 4:00pm","QQQ","Apr 30, 2026","longputspread","short put 662 / long put 664","1","expired","-22","22","-100","22","809.09","0.22","0.21","0.23","0","","","22","178","666.69","667.74"
"Apr 29, 2026 2:00pm","Apr 29, 2026 4:00pm","QQQ","Apr 29, 2026","longputspread","short put 655 / long put 657","1","expired","-60","60","-100","60","233.33","0.6","0.58","0.62","0","","","60","140","659.59","661.57"
"Apr 28, 2026 2:00pm","Apr 28, 2026 4:00pm","QQQ","Apr 28, 2026","longputspread","short put 652 / long put 654","1","expired","-8","8","-100","8","2400","0.08","0.07","0.09","0","","","8","192","656.98","657.55"
"Apr 27, 2026 2:00pm","Apr 27, 2026 4:00pm","QQQ","Apr 27, 2026","longputspread","short put 659 / long put 661","1","expired","-7","7","-100","7","2757.14","0.07","0.07","0.09","0","","","7","193","663.85","664.23"
"Apr 24, 2026 2:00pm","Apr 24, 2026 4:00pm","QQQ","Apr 24, 2026","longputspread","short put 659 / long put 661","1","expired","-10","10","-100","10","1900","0.1","0.1","0.12","0","","","10","190","663.81","663.88"
"Apr 23, 2026 2:00pm","Apr 23, 2026 4:00pm","QQQ","Apr 23, 2026","longputspread","short put 645 / long put 647","1","expired","-30","30","-100","30","566.67","0.3","0.28","0.3","0","","","30","170","650.29","651.42"
"Apr 22, 2026 2:00pm","Apr 22, 2026 4:00pm","QQQ","Apr 22, 2026","longputspread","short put 649 / long put 651","1","expired","-12","12","-100","12","1566.67","0.12","0.11","0.13","0","","","12","188","653.79","655.11"
"Apr 21, 2026 2:00pm","Apr 21, 2026 4:00pm","QQQ","Apr 21, 2026","longputspread","short put 641 / long put 643","1","expired","-15","15","-100","15","1233.33","0.15","0.14","0.16","0","","","15","185","645.73","644.33"
"Apr 20, 2026 2:00pm","Apr 20, 2026 4:00pm","QQQ","Apr 20, 2026","longputspread","short put 641 / long put 643","1","expired","-7","7","-100","7","2757.14","0.07","0.06","0.08","0","","","7","193","645.86","646.79"
"Apr 17, 2026 2:00pm","Apr 17, 2026 4:00pm","QQQ","Apr 17, 2026","longputspread","short put 643 / long put 645","1","expired","-10","10","-100","10","1900","0.1","0.09","0.11","0","","","10","190","648.22","648.85"
"Apr 16, 2026 2:00pm","Apr 16, 2026 4:00pm","QQQ","Apr 16, 2026","longputspread","short put 635 / long put 637","1","expired","-13","13","-100","13","1438.46","0.13","0.12","0.14","0","","","13","187","639.76","640.47"
"Apr 15, 2026 2:00pm","Apr 15, 2026 4:00pm","QQQ","Apr 15, 2026","longputspread","short put 628 / long put 630","1","expired","-7","7","-100","7","2757.14","0.07","0.05","0.07","0","","","7","193","633.08","637.4"
"Apr 14, 2026 2:00pm","Apr 14, 2026 4:00pm","QQQ","Apr 14, 2026","longputspread","short put 623 / long put 625","1","expired","-7","7","-100","7","2757.14","0.07","0.06","0.08","0","","","7","193","627.44","628.6"
"Apr 13, 2026 2:00pm","Apr 13, 2026 4:00pm","QQQ","Apr 13, 2026","longputspread","short put 609 / long put 611","1","expired","-4","4","-100","4","4900","0.04","0.03","0.05","0","","","4","196","614","617.39"
"Apr 10, 2026 2:00pm","Apr 10, 2026 4:00pm","QQQ","Apr 10, 2026","longputspread","short put 606 / long put 608","1","expired","-7","7","-100","7","2757.14","0.07","0.06","0.08","0","","","7","193","610.78","611.07"
"Apr 9, 2026 2:00pm","Apr 9, 2026 4:00pm","QQQ","Apr 9, 2026","longputspread","short put 605 / long put 607","1","expired","-10","10","-100","10","1900","0.1","0.1","0.12","0","","","10","190","609.46","610.19"
"Apr 8, 2026 2:00pm","Apr 8, 2026 4:00pm","QQQ","Apr 8, 2026","longputspread","short put 602 / long put 604","1","expired","-14","14","-100","14","1328.57","0.14","0.14","0.16","0","","","14","186","606.21","606.09"
"Apr 7, 2026 2:00pm","Apr 7, 2026 4:00pm","QQQ","Apr 7, 2026","longputspread","short put 581 / long put 583","1","expired","-24","24","-100","24","733.33","0.24","0.23","0.25","0","","","24","176","585.23","588.59"
"Apr 6, 2026 2:00pm","Apr 6, 2026 4:00pm","QQQ","Apr 6, 2026","longputspread","short put 582 / long put 584","1","expired","-16","16","-100","16","1150","0.16","0.16","0.18","0","","","16","184","586.12","588.5"
"Apr 2, 2026 2:00pm","Apr 2, 2026 4:00pm","QQQ","Apr 2, 2026","longputspread","short put 577 / long put 579","1","expired","-22","22","-100","22","809.09","0.22","0.21","0.23","0","","","22","178","581.81","584.98"
"Apr 1, 2026 2:00pm","Apr 1, 2026 4:00pm","QQQ","Apr 1, 2026","longputspread","short put 581 / long put 583","1","expired","-16","16","-100","16","1150","0.16","0.16","0.18","0","","","16","184","585.76","584.31"
"Mar 31, 2026 2:00pm","Mar 31, 2026 4:00pm","QQQ","Mar 31, 2026","longputspread","short put 569 / long put 571","1","expired","-29","29","-100","29","589.66","0.29","0.28","0.3","0","","","29","171","573.43","577.18"
"Mar 30, 2026 2:00pm","Mar 30, 2026 4:00pm","QQQ","Mar 30, 2026","longputspread","short put 556 / long put 558","1","expired","-25","25","-100","25","700","0.25","0.24","0.26","0","","","25","175","560.1","558.28"
"Mar 27, 2026 2:00pm","Mar 27, 2026 4:00pm","QQQ","Mar 27, 2026","longputspread","short put 559 / long put 561","1","expired","-22","22","-100","22","809.09","0.22","0.21","0.23","0","","","22","178","563.71","562.58"
"Mar 26, 2026 2:00pm","Mar 26, 2026 4:00pm","QQQ","Mar 26, 2026","longputspread","short put 571 / long put 573","1","expired","-22","22","-100","22","809.09","0.22","0.22","0.24","0","","","22","178","575.54","573.79"
"Mar 25, 2026 2:00pm","Mar 25, 2026 4:00pm","QQQ","Mar 25, 2026","longputspread","short put 585 / long put 587","1","expired","-20","20","-100","20","900","0.2","0.2","0.22","0","","","20","180","589","587.82"
"Mar 24, 2026 2:00pm","Mar 24, 2026 4:00pm","QQQ","Mar 24, 2026","longputspread","short put 580 / long put 582","1","expired","-21","21","-100","21","852.38","0.21","0.21","0.23","0","","","21","179","584.55","583.98"
"Mar 23, 2026 2:00pm","Mar 23, 2026 4:00pm","QQQ","Mar 23, 2026","longputspread","short put 585 / long put 587","1","expired","-15","15","-100","15","1233.33","0.15","0.15","0.17","0","","","15","185","589.85","588"
"Mar 20, 2026 2:00pm","Mar 20, 2026 4:00pm","QQQ","Mar 20, 2026","longputspread","short put 580 / long put 582","1","expired","-19","19","-100","19","952.63","0.19","0.18","0.2","0","","","19","181","584.48","582.06"
"Mar 19, 2026 2:00pm","Mar 19, 2026 4:00pm","QQQ","Mar 19, 2026","longputspread","short put 586 / long put 588","1","expired","-18","18","-100","18","1011.11","0.18","0.17","0.19","0","","","18","182","590.15","593.02"
"Mar 18, 2026 2:00pm","Mar 18, 2026 4:00pm","QQQ","Mar 18, 2026","longputspread","short put 596 / long put 598","1","expired","158","42","376.19","42","376.19","0.42","0.39","0.45","2","","","42","158","600.23","594.9"
"Mar 17, 2026 2:00pm","Mar 17, 2026 4:00pm","QQQ","Mar 17, 2026","longputspread","short put 599 / long put 601","1","expired","-4","4","-100","4","4900","0.04","0.03","0.05","0","","","4","196","603.97","603.31"
"Mar 16, 2026 2:00pm","Mar 16, 2026 4:00pm","QQQ","Mar 16, 2026","longputspread","short put 596 / long put 598","1","expired","-11","11","-100","11","1718.18","0.11","0.1","0.12","0","","","11","189","600.65","600.38"
"Mar 13, 2026 2:00pm","Mar 13, 2026 4:00pm","QQQ","Mar 13, 2026","longputspread","short put 589 / long put 591","1","expired","-33","33","-100","33","506.06","0.33","0.32","0.34","0","","","33","167","593.13","593.72"
"Mar 12, 2026 2:00pm","Mar 12, 2026 4:00pm","QQQ","Mar 12, 2026","longputspread","short put 595 / long put 597","1","expired","-33","33","-100","33","506.06","0.33","0.31","0.34","0","","","33","167","599.06","597.26"
"Mar 11, 2026 2:00pm","Mar 11, 2026 4:00pm","QQQ","Mar 11, 2026","longputspread","short put 602 / long put 604","1","expired","-19","19","-100","19","952.63","0.19","0.18","0.2","0","","","19","181","606.94","607.69"
"Mar 10, 2026 2:00pm","Mar 10, 2026 4:00pm","QQQ","Mar 10, 2026","longputspread","short put 608 / long put 610","1","expired","179","21","852.38","21","852.38","0.21","0.2","0.22","2","","","21","179","612.14","607.77"
"Mar 9, 2026 2:00pm","Mar 9, 2026 4:00pm","QQQ","Mar 9, 2026","longputspread","short put 594 / long put 596","1","expired","-18","18","-100","18","1011.11","0.18","0.17","0.19","0","","","18","182","598.51","607.76"
"Mar 6, 2026 2:00pm","Mar 6, 2026 4:00pm","QQQ","Mar 6, 2026","longputspread","short put 599 / long put 601","1","expired","93","32","290.63","32","525","0.32","0.32","0.34","1.25","","","32","168","603.08","599.75"
"Mar 5, 2026 2:00pm","Mar 5, 2026 4:00pm","QQQ","Mar 5, 2026","longputspread","short put 599 / long put 601","1","expired","-31","31","-100","31","545.16","0.31","0.3","0.32","0","","","31","169","603.24","608.91"
"Mar 4, 2026 2:00pm","Mar 4, 2026 4:00pm","QQQ","Mar 4, 2026","longputspread","short put 608 / long put 610","1","expired","-14","14","-100","14","1328.57","0.14","0.14","0.16","0","","","14","186","612.3","610.75"
"Mar 3, 2026 2:00pm","Mar 3, 2026 4:00pm","QQQ","Mar 3, 2026","longputspread","short put 598 / long put 600","1","expired","-19","19","-100","19","952.63","0.19","0.19","0.21","0","","","19","181","602.72","601.58"
"Mar 2, 2026 2:00pm","Mar 2, 2026 4:00pm","QQQ","Mar 2, 2026","longputspread","short put 602 / long put 604","1","expired","-12","12","-100","12","1566.67","0.12","0.1","0.12","0","","","12","188","606.85","608.09"
"Feb 27, 2026 2:00pm","Feb 27, 2026 4:00pm","QQQ","Feb 27, 2026","longputspread","short put 601 / long put 603","1","expired","-23","23","-100","23","769.57","0.23","0.22","0.24","0","","","23","177","605.1","607.29"
"Feb 26, 2026 2:00pm","Feb 26, 2026 4:00pm","QQQ","Feb 26, 2026","longputspread","short put 603 / long put 605","1","expired","-19","19","-100","19","952.63","0.19","0.18","0.2","0","","","19","181","607.34","609.24"
"Feb 25, 2026 2:00pm","Feb 25, 2026 4:00pm","QQQ","Feb 25, 2026","longputspread","short put 611 / long put 613","1","expired","-31","31","-100","31","545.16","0.31","0.3","0.32","0","","","31","169","615.71","616.68"
"Feb 24, 2026 2:00pm","Feb 24, 2026 4:00pm","QQQ","Feb 24, 2026","longputspread","short put 603 / long put 605","1","expired","-5","5","-100","5","3900","0.05","0.04","0.06","0","","","5","195","607.81","607.87"
"Feb 23, 2026 2:00pm","Feb 23, 2026 4:00pm","QQQ","Feb 23, 2026","longputspread","short put 596 / long put 598","1","expired","-19","19","-100","19","952.63","0.19","0.18","0.2","0","","","19","181","600.47","601.41"
"Feb 20, 2026 2:00pm","Feb 20, 2026 4:00pm","QQQ","Feb 20, 2026","longputspread","short put 605 / long put 607","1","expired","-19","19","-100","19","952.63","0.19","0.18","0.2","0","","","19","181","609.33","608.81"
"Feb 19, 2026 2:00pm","Feb 19, 2026 4:00pm","QQQ","Feb 19, 2026","longputspread","short put 598 / long put 600","1","expired","-14","14","-100","14","1328.57","0.14","0.13","0.15","0","","","14","186","602.97","603.47"
"Feb 18, 2026 2:00pm","Feb 18, 2026 4:00pm","QQQ","Feb 18, 2026","longputspread","short put 603 / long put 605","1","expired","-19","19","-100","19","952.63","0.19","0.15","0.23","0","","","19","181","607.34","605.79"
"Feb 17, 2026 2:00pm","Feb 17, 2026 4:00pm","QQQ","Feb 17, 2026","longputspread","short put 598 / long put 600","1","expired","-18","18","-100","18","1011.11","0.18","0.17","0.19","0","","","18","182","602.89","601.3"
"Feb 13, 2026 2:00pm","Feb 13, 2026 4:00pm","QQQ","Feb 13, 2026","longputspread","short put 601 / long put 603","1","expired","82","26","315.38","26","669.23","0.26","0.25","0.27","1.08","","","26","174","605.15","601.92"
"Feb 12, 2026 2:00pm","Feb 12, 2026 4:00pm","QQQ","Feb 12, 2026","longputspread","short put 600 / long put 602","1","expired","101","35","288.57","35","471.43","0.35","0.34","0.36","1.36","","","35","165","604.06","600.64"
"Feb 11, 2026 2:00pm","Feb 11, 2026 4:00pm","QQQ","Feb 11, 2026","longputspread","short put 609 / long put 611","1","expired","-11","11","-100","11","1718.18","0.11","0.1","0.12","0","","","11","189","613.58","613.11"
"Feb 10, 2026 2:00pm","Feb 10, 2026 4:00pm","QQQ","Feb 10, 2026","longputspread","short put 609 / long put 611","1","expired","-11","11","-100","11","1718.18","0.11","0.1","0.12","0","","","11","189","613.79","611.47"
"Feb 9, 2026 2:00pm","Feb 9, 2026 4:00pm","QQQ","Feb 9, 2026","longputspread","short put 610 / long put 612","1","expired","-5","5","-100","5","3900","0.05","0.04","0.06","0","","","5","195","615.07","614.32"
"Feb 6, 2026 2:00pm","Feb 6, 2026 4:00pm","QQQ","Feb 6, 2026","longputspread","short put 604 / long put 606","1","expired","-16","16","-100","16","1150","0.16","0.15","0.17","0","","","16","184","608.07","609.65"
"Feb 5, 2026 2:00pm","Feb 5, 2026 4:00pm","QQQ","Feb 5, 2026","longputspread","short put 594 / long put 596","1","expired","-46","46","-100","46","334.78","0.46","0.45","0.47","0","","","46","154","598.52","597.03"
"Feb 4, 2026 2:00pm","Feb 4, 2026 4:00pm","QQQ","Feb 4, 2026","longputspread","short put 599 / long put 601","1","expired","-41","41","-100","41","387.8","0.41","0.4","0.42","0","","","41","159","603.87","605.75"
"Feb 3, 2026 2:00pm","Feb 3, 2026 4:00pm","QQQ","Feb 3, 2026","longputspread","short put 607 / long put 609","1","expired","-31","31","-100","31","545.16","0.31","0.3","0.32","0","","","31","169","611.61","616.52"
"Feb 2, 2026 2:00pm","Feb 2, 2026 4:00pm","QQQ","Feb 2, 2026","longputspread","short put 624 / long put 626","1","expired","-8","8","-100","8","2400","0.08","0.07","0.09","0","","","8","192","628.33","626.14"
"Jan 30, 2026 2:00pm","Jan 30, 2026 4:00pm","QQQ","Jan 30, 2026","longputspread","short put 619 / long put 621","1","expired","-26","26","-100","26","669.23","0.26","0.26","0.28","0","","","26","174","623.45","621.87"
"Jan 29, 2026 2:00pm","Jan 29, 2026 4:00pm","QQQ","Jan 29, 2026","longputspread","short put 621 / long put 623","1","expired","-25","25","-100","25","700","0.25","0.25","0.27","0","","","25","175","625.58","629.43"
"Jan 28, 2026 2:00pm","Jan 28, 2026 4:00pm","QQQ","Jan 28, 2026","longputspread","short put 629 / long put 631","1","expired","-46","46","-100","46","334.78","0.46","0.39","0.53","0","","","46","154","633.46","633.22"
"Jan 27, 2026 2:00pm","Jan 27, 2026 4:00pm","QQQ","Jan 27, 2026","longputspread","short put 627 / long put 629","1","expired","-4","4","-100","4","4900","0.04","0.03","0.05","0","","","4","196","631.47","631.13"
"Jan 26, 2026 2:00pm","Jan 26, 2026 4:00pm","QQQ","Jan 26, 2026","longputspread","short put 622 / long put 624","1","expired","-4","4","-100","4","4900","0.04","0.03","0.05","0","","","4","196","626.8","625.46"
"Jan 23, 2026 2:00pm","Jan 23, 2026 4:00pm","QQQ","Jan 23, 2026","longputspread","short put 618 / long put 620","1","expired","-7","7","-100","7","2757.14","0.07","0.07","0.09","0","","","7","193","622.56","622.72"
"Jan 22, 2026 2:00pm","Jan 22, 2026 4:00pm","QQQ","Jan 22, 2026","longputspread","short put 616 / long put 618","1","expired","-7","7","-100","7","2757.14","0.07","0.07","0.09","0","","","7","193","621.06","620.76"
"Jan 21, 2026 2:00pm","Jan 21, 2026 4:00pm","QQQ","Jan 21, 2026","longputspread","short put 607 / long put 609","1","expired","-13","13","-100","13","1438.46","0.13","0.13","0.15","0","","","13","187","611.57","616.28"
"Jan 20, 2026 2:00pm","Jan 20, 2026 4:00pm","QQQ","Jan 20, 2026","longputspread","short put 605 / long put 607","1","expired","-24","24","-100","24","733.33","0.24","0.23","0.25","0","","","24","176","609.52","608.06"
"Jan 16, 2026 2:00pm","Jan 16, 2026 4:00pm","QQQ","Jan 16, 2026","longputspread","short put 617 / long put 619","1","expired","-5","5","-100","5","3900","0.05","0.04","0.06","0","","","5","195","621.8","621.26"
"Jan 15, 2026 2:00pm","Jan 15, 2026 4:00pm","QQQ","Jan 15, 2026","longputspread","short put 621 / long put 623","1","expired","118","4","2950","4","4900","0.04","0.03","0.05","1.22","","","4","196","625.73","621.78"
"Jan 14, 2026 2:00pm","Jan 14, 2026 4:00pm","QQQ","Jan 14, 2026","longputspread","short put 612 / long put 614","1","expired","-10","10","-100","10","1900","0.1","0.1","0.12","0","","","10","190","616.8","619.55"
"Jan 13, 2026 2:00pm","Jan 13, 2026 4:00pm","QQQ","Jan 13, 2026","longputspread","short put 620 / long put 622","1","expired","-11","11","-100","11","1718.18","0.11","0.11","0.13","0","","","11","189","624.59","626.24"
"Jan 12, 2026 2:00pm","Jan 12, 2026 4:00pm","QQQ","Jan 12, 2026","longputspread","short put 623 / long put 625","1","expired","-4","4","-100","4","4900","0.04","0.02","0.04","0","","","4","196","627.84","627.17"
"Jan 9, 2026 2:00pm","Jan 9, 2026 4:00pm","QQQ","Jan 9, 2026","longputspread","short put 623 / long put 625","1","expired","-4","4","-100","4","4900","0.04","0.04","0.06","0","","","4","196","627.31","626.65"
"Jan 8, 2026 2:00pm","Jan 8, 2026 4:00pm","QQQ","Jan 8, 2026","longputspread","short put 615 / long put 617","1","expired","-13","13","-100","13","1438.46","0.13","0.13","0.15","0","","","13","187","619.24","620.47"
"Jan 7, 2026 2:00pm","Jan 7, 2026 4:00pm","QQQ","Jan 7, 2026","longputspread","short put 622 / long put 624","1","expired","-3","3","-100","3","6566.67","0.03","0.02","0.04","0","","","3","197","626.99","624.02"
"Jan 6, 2026 2:00pm","Jan 6, 2026 4:00pm","QQQ","Jan 6, 2026","longputspread","short put 619 / long put 621","1","expired","-6","6","-100","6","3233.33","0.06","0.05","0.07","0","","","6","194","623.22","623.42"
"Jan 5, 2026 2:00pm","Jan 5, 2026 4:00pm","QQQ","Jan 5, 2026","longputspread","short put 614 / long put 616","1","expired","-6","6","-100","6","3233.33","0.06","0.04","0.06","0","","","6","194","618.57","617.99"
"Jan 2, 2026 2:00pm","Jan 2, 2026 4:00pm","QQQ","Jan 2, 2026","longputspread","short put 606 / long put 608","1","expired","-10","10","-100","10","1900","0.1","0.1","0.12","0","","","10","190","610.85","613.12"
"Dec 31, 2025 2:00pm","Dec 31, 2025 4:00pm","QQQ","Dec 31, 2025","longputspread","short put 613 / long put 615","1","expired","68","1","6800","1","19900","0.01","0.01","0.03","0.69","","","1","199","618.14","614.31"
"Dec 30, 2025 2:00pm","Dec 30, 2025 4:00pm","QQQ","Dec 30, 2025","longputspread","short put 616 / long put 618","1","expired","-1","1","-100","1","19900","0.01","0.01","0.03","0","","","1","199","620.75","619.43"
"Dec 29, 2025 2:00pm","Dec 29, 2025 4:00pm","QQQ","Dec 29, 2025","longputspread","short put 615 / long put 617","1","expired","-1","1","-100","1","19900","0.01","0","0.02","0","","","1","199","619.84","620.87"
"Dec 23, 2025 2:00pm","Dec 23, 2025 4:00pm","QQQ","Dec 23, 2025","longputspread","short put 617 / long put 619","1","expired","-1","1","-100","1","19900","0.01","0.01","0.03","0","","","1","199","621.26","622.11"
"Dec 22, 2025 2:00pm","Dec 22, 2025 4:00pm","QQQ","Dec 22, 2025","longputspread","short put 615 / long put 617","1","expired","-3","3","-100","3","6566.67","0.03","0.02","0.04","0","","","3","197","619.18","619.21"
"Dec 19, 2025 2:00pm","Dec 19, 2025 4:00pm","QQQ","Dec 19, 2025","longputspread","short put 612 / long put 614","1","expired","-9","9","-100","9","2122.22","0.09","0.07","0.09","0","","","9","191","616.48","617.05"
"Dec 18, 2025 2:00pm","Dec 18, 2025 4:00pm","QQQ","Dec 18, 2025","longputspread","short put 607 / long put 609","1","expired","-15","15","-100","15","1233.33","0.15","0.15","0.17","0","","","15","185","611.22","609.11"
"Dec 17, 2025 2:00pm","Dec 17, 2025 4:00pm","QQQ","Dec 17, 2025","longputspread","short put 598 / long put 600","1","expired","-26","26","-100","26","669.23","0.26","0.24","0.26","0","","","26","174","602.16","600.41"
"Dec 16, 2025 2:00pm","Dec 16, 2025 4:00pm","QQQ","Dec 16, 2025","longputspread","short put 606 / long put 608","1","expired","-16","16","-100","16","1150","0.16","0.15","0.17","0","","","16","184","610.28","611.75"
"Dec 15, 2025 2:00pm","Dec 15, 2025 4:00pm","QQQ","Dec 15, 2025","longputspread","short put 608 / long put 610","1","expired","-10","10","-100","10","1900","0.1","0.1","0.12","0","","","10","190","612.15","610.54"
"Dec 12, 2025 2:00pm","Dec 12, 2025 4:00pm","QQQ","Dec 12, 2025","longputspread","short put 611 / long put 613","1","expired","-19","19","-100","19","952.63","0.19","0.18","0.2","0","","","19","181","615.24","613.62"
"Dec 11, 2025 2:00pm","Dec 11, 2025 4:00pm","QQQ","Dec 11, 2025","longputspread","short put 619 / long put 621","1","expired","-21","21","-100","21","852.38","0.21","0.2","0.22","0","","","21","179","623.73","625.58"
"Dec 10, 2025 2:00pm","Dec 10, 2025 4:00pm","QQQ","Dec 10, 2025","longputspread","short put 618 / long put 620","1","expired","-47","47","-100","47","325.53","0.47","0.4","0.55","0","","","47","153","623.12","627.61"
"Dec 9, 2025 2:00pm","Dec 9, 2025 4:00pm","QQQ","Dec 9, 2025","longputspread","short put 621 / long put 623","1","expired","-4","4","-100","4","4900","0.04","0.03","0.05","0","","","4","196","625.54","625.05"
"Dec 8, 2025 2:00pm","Dec 8, 2025 4:00pm","QQQ","Dec 8, 2025","longputspread","short put 618 / long put 620","1","expired","-13","13","-100","13","1438.46","0.13","0.11","0.13","0","","","13","187","622.36","624.28"
"Dec 5, 2025 2:00pm","Dec 5, 2025 4:00pm","QQQ","Dec 5, 2025","longputspread","short put 621 / long put 623","1","expired","-7","7","-100","7","2757.14","0.07","0.06","0.08","0","","","7","193","625.54","625.48"
"Dec 4, 2025 2:00pm","Dec 4, 2025 4:00pm","QQQ","Dec 4, 2025","longputspread","short put 618 / long put 620","1","expired","-8","8","-100","8","2400","0.08","0.07","0.09","0","","","8","192","622.35","622.94"
"Dec 3, 2025 2:00pm","Dec 3, 2025 4:00pm","QQQ","Dec 3, 2025","longputspread","short put 618 / long put 620","1","expired","-7","7","-100","7","2757.14","0.07","0.05","0.07","0","","","7","193","622.86","623.52"
"Dec 2, 2025 2:00pm","Dec 2, 2025 4:00pm","QQQ","Dec 2, 2025","longputspread","short put 617 / long put 619","1","expired","-11","11","-100","11","1718.18","0.11","0.11","0.13","0","","","11","189","621.52","622"
"Dec 1, 2025 2:00pm","Dec 1, 2025 4:00pm","QQQ","Dec 1, 2025","longputspread","short put 615 / long put 617","1","expired","-6","6","-100","6","3233.33","0.06","0.06","0.08","0","","","6","194","619.21","617.17"
"Nov 26, 2025 2:00pm","Nov 26, 2025 4:00pm","QQQ","Nov 26, 2025","longputspread","short put 610 / long put 612","1","expired","-7","7","-100","7","2757.14","0.07","0.06","0.08","0","","","7","193","614.78","614.27"
"Nov 25, 2025 2:00pm","Nov 25, 2025 4:00pm","QQQ","Nov 25, 2025","longputspread","short put 603 / long put 605","1","expired","-7","7","-100","7","2757.14","0.07","0.06","0.08","0","","","7","193","607.55","608.89"
"Nov 24, 2025 2:00pm","Nov 24, 2025 4:00pm","QQQ","Nov 24, 2025","longputspread","short put 600 / long put 602","1","expired","-6","6","-100","6","3233.33","0.06","0.04","0.07","0","","","6","194","605.04","605.16"
"Nov 21, 2025 2:00pm","Nov 21, 2025 4:00pm","QQQ","Nov 21, 2025","longputspread","short put 590 / long put 592","1","expired","147","46","319.57","46","334.78","0.46","0.44","0.47","1.93","","","46","154","594.07","590.07"
"Nov 20, 2025 2:00pm","Nov 20, 2025 4:00pm","QQQ","Nov 20, 2025","longputspread","short put 585 / long put 587","1","expired","69","64","107.81","64","212.5","0.64","0.63","0.65","1.33","","","64","136","589.12","585.67"
"Nov 19, 2025 2:00pm","Nov 19, 2025 4:00pm","QQQ","Nov 19, 2025","longputspread","short put 594 / long put 596","1","expired","-48","48","-100","48","316.67","0.48","0.44","0.53","0","","","48","152","598.92","599.87"
"Nov 18, 2025 2:00pm","Nov 18, 2025 4:00pm","QQQ","Nov 18, 2025","longputspread","short put 595 / long put 597","1","expired","32","37","86.49","37","440.54","0.37","0.36","0.38","0.69","","","37","163","599.37","596.31"
"Nov 17, 2025 2:00pm","Nov 17, 2025 4:00pm","QQQ","Nov 17, 2025","longputspread","short put 599 / long put 601","1","expired","-33","33","-100","33","506.06","0.33","0.32","0.34","0","","","33","167","603.83","603.66"
"Nov 14, 2025 2:00pm","Nov 14, 2025 4:00pm","QQQ","Nov 14, 2025","longputspread","short put 606 / long put 608","1","expired","-31","31","-100","31","545.16","0.31","0.31","0.33","0","","","31","169","610.43","608.86"
"Nov 13, 2025 2:00pm","Nov 13, 2025 4:00pm","QQQ","Nov 13, 2025","longputspread","short put 603 / long put 605","1","expired","-31","31","-100","31","545.16","0.31","0.29","0.31","0","","","31","169","607.74","608.4"
"Nov 12, 2025 2:00pm","Nov 12, 2025 4:00pm","QQQ","Nov 12, 2025","longputspread","short put 616 / long put 618","1","expired","-13","13","-100","13","1438.46","0.13","0.12","0.14","0","","","13","187","620.83","621.08"
"Nov 11, 2025 2:00pm","Nov 11, 2025 4:00pm","QQQ","Nov 11, 2025","longputspread","short put 618 / long put 620","1","expired","-5","5","-100","5","3900","0.05","0.05","0.07","0","","","5","195","622.6","621.57"
"Nov 10, 2025 2:00pm","Nov 10, 2025 4:00pm","QQQ","Nov 10, 2025","longputspread","short put 617 / long put 619","1","expired","-7","7","-100","7","2757.14","0.07","0.07","0.09","0","","","7","193","621.55","623.23"
"Nov 7, 2025 2:00pm","Nov 7, 2025 4:00pm","QQQ","Nov 7, 2025","longputspread","short put 599 / long put 601","1","expired","-21","21","-100","21","852.38","0.21","0.21","0.23","0","","","21","179","603.88","609.74"
"Nov 6, 2025 2:00pm","Nov 6, 2025 4:00pm","QQQ","Nov 6, 2025","longputspread","short put 609 / long put 611","1","expired","-25","25","-100","25","700","0.25","0.24","0.27","0","","","25","175","613.5","611.67"
"Nov 5, 2025 2:00pm","Nov 5, 2025 4:00pm","QQQ","Nov 5, 2025","longputspread","short put 622 / long put 624","1","expired","65","7","928.57","7","2757.14","0.07","0.06","0.08","0.72","","","7","193","626.3","623.28"
"Nov 4, 2025 2:00pm","Nov 4, 2025 4:00pm","QQQ","Nov 4, 2025","longputspread","short put 617 / long put 619","1","expired","-24","24","-100","24","733.33","0.24","0.22","0.24","0","","","24","176","621.51","619.25"
"Nov 3, 2025 2:00pm","Nov 3, 2025 4:00pm","QQQ","Nov 3, 2025","longputspread","short put 628 / long put 630","1","expired","-9","9","-100","9","2122.22","0.09","0.08","0.1","0","","","9","191","632.56","632.08"
"Oct 31, 2025 2:00pm","Oct 31, 2025 4:00pm","QQQ","Oct 31, 2025","longputspread","short put 623 / long put 625","1","expired","-19","19","-100","19","952.63","0.19","0.17","0.19","0","","","19","181","628.11","629.07"
"Oct 30, 2025 2:00pm","Oct 30, 2025 4:00pm","QQQ","Oct 30, 2025","longputspread","short put 626 / long put 628","1","expired","163","32","509.38","32","525","0.32","0.3","0.32","1.95","","","32","168","630.82","626.05"
"Oct 28, 2025 2:00pm","Oct 28, 2025 4:00pm","QQQ","Oct 28, 2025","longputspread","short put 628 / long put 630","1","expired","-4","4","-100","4","4900","0.04","0.03","0.05","0","","","4","196","632.77","632.92"
"Oct 27, 2025 2:00pm","Oct 27, 2025 4:00pm","QQQ","Oct 27, 2025","longputspread","short put 623 / long put 625","1","expired","-2","2","-100","2","9900","0.02","0.01","0.03","0","","","2","198","627.21","628.09"
"Oct 24, 2025 2:00pm","Oct 24, 2025 4:00pm","QQQ","Oct 24, 2025","longputspread","short put 613 / long put 615","1","expired","-4","4","-100","4","4900","0.04","0.03","0.05","0","","","4","196","617.98","617.1"
"Oct 23, 2025 2:00pm","Oct 23, 2025 4:00pm","QQQ","Oct 23, 2025","longputspread","short put 607 / long put 609","1","expired","-5","5","-100","5","3900","0.05","0.05","0.07","0","","","5","195","611.21","610.58"
"Oct 22, 2025 2:00pm","Oct 22, 2025 4:00pm","QQQ","Oct 22, 2025","longputspread","short put 597 / long put 599","1","expired","-41","41","-100","41","387.8","0.41","0.42","0.41","0","","","41","159","601.39","605.49"
"Oct 21, 2025 2:00pm","Oct 21, 2025 4:00pm","QQQ","Oct 21, 2025","longputspread","short put 607 / long put 609","1","expired","-6","6","-100","6","3233.33","0.06","0.05","0.07","0","","","6","194","611.91","611.38"
"Oct 20, 2025 2:00pm","Oct 20, 2025 4:00pm","QQQ","Oct 20, 2025","longputspread","short put 608 / long put 610","1","expired","-4","4","-100","4","4900","0.04","0.04","0.06","0","","","4","196","612.38","611.54"
"Oct 17, 2025 2:00pm","Oct 17, 2025 4:00pm","QQQ","Oct 17, 2025","longputspread","short put 598 / long put 600","1","expired","-23","23","-100","23","769.57","0.23","0.23","0.25","0","","","23","177","602.68","603.93"
"Oct 16, 2025 2:00pm","Oct 16, 2025 4:00pm","QQQ","Oct 16, 2025","longputspread","short put 596 / long put 598","1","expired","-30","30","-100","30","566.67","0.3","0.29","0.32","0","","","30","170","600.83","599.99"
"Oct 15, 2025 2:00pm","Oct 15, 2025 4:00pm","QQQ","Oct 15, 2025","longputspread","short put 597 / long put 599","1","expired","-23","23","-100","23","769.57","0.23","0.22","0.25","0","","","23","177","601.69","602.22"
"Oct 14, 2025 2:00pm","Oct 14, 2025 4:00pm","QQQ","Oct 14, 2025","longputspread","short put 597 / long put 599","1","expired","86","14","614.29","14","1328.57","0.14","0.13","0.15","1","","","14","186","601.5","598"
"Oct 13, 2025 2:00pm","Oct 13, 2025 4:00pm","QQQ","Oct 13, 2025","longputspread","short put 598 / long put 600","1","expired","-12","12","-100","12","1566.67","0.12","0.1","0.12","0","","","12","188","602.09","602.01"
"Oct 10, 2025 2:00pm","Oct 10, 2025 4:00pm","QQQ","Oct 10, 2025","longputspread","short put 592 / long put 594","1","expired","164","36","455.56","36","455.56","0.36","0.35","0.38","2","","","36","164","596.18","589.5"
"Oct 9, 2025 2:00pm","Oct 9, 2025 4:00pm","QQQ","Oct 9, 2025","longputspread","short put 604 / long put 606","1","expired","-6","6","-100","6","3233.33","0.06","0.04","0.06","0","","","6","194","608.8","610.7"
"Oct 8, 2025 2:00pm","Oct 8, 2025 4:00pm","QQQ","Oct 8, 2025","longputspread","short put 605 / long put 607","1","expired","-5","5","-100","5","3900","0.05","0.04","0.06","0","","","5","195","610.03","611.44"
"Oct 7, 2025 2:00pm","Oct 7, 2025 4:00pm","QQQ","Oct 7, 2025","longputspread","short put 599 / long put 601","1","expired","-8","8","-100","8","2400","0.08","0.08","0.1","0","","","8","192","603.8","604.51"
"Oct 6, 2025 2:00pm","Oct 6, 2025 4:00pm","QQQ","Oct 6, 2025","longputspread","short put 604 / long put 606","1","expired","-4","4","-100","4","4900","0.04","0.03","0.05","0","","","4","196","608.78","607.71"
"Oct 3, 2025 2:00pm","Oct 3, 2025 4:00pm","QQQ","Oct 3, 2025","longputspread","short put 598 / long put 600","1","expired","-18","18","-100","18","1011.11","0.18","0.17","0.19","0","","","18","182","602.62","603.18"
"Oct 2, 2025 2:00pm","Oct 2, 2025 4:00pm","QQQ","Oct 2, 2025","longputspread","short put 601 / long put 603","1","expired","-4","4","-100","4","4900","0.04","0.04","0.06","0","","","4","196","605.2","605.73"
"Oct 1, 2025 2:00pm","Oct 1, 2025 4:00pm","QQQ","Oct 1, 2025","longputspread","short put 598 / long put 600","1","expired","-4","4","-100","4","4900","0.04","0.03","0.05","0","","","4","196","602.54","603.25"
"Sep 30, 2025 2:00pm","Sep 30, 2025 4:00pm","QQQ","Sep 30, 2025","longputspread","short put 593 / long put 595","1","expired","-12","12","-100","12","1566.67","0.12","0.11","0.13","0","","","12","188","597.2","600.37"
"Sep 29, 2025 2:00pm","Sep 29, 2025 4:00pm","QQQ","Sep 29, 2025","longputspread","short put 594 / long put 596","1","expired","-3","3","-100","3","6566.67","0.03","0.02","0.04","0","","","3","197","598.99","598.73"
"Sep 26, 2025 2:00pm","Sep 26, 2025 4:00pm","QQQ","Sep 26, 2025","longputspread","short put 591 / long put 593","1","expired","-7","7","-100","7","2757.14","0.07","0.07","0.09","0","","","7","193","595.21","595.97"
"Sep 25, 2025 2:00pm","Sep 25, 2025 4:00pm","QQQ","Sep 25, 2025","longputspread","short put 586 / long put 588","1","expired","-15","15","-100","15","1233.33","0.15","0.15","0.17","0","","","15","185","590.79","593.53"
"Sep 24, 2025 2:00pm","Sep 24, 2025 4:00pm","QQQ","Sep 24, 2025","longputspread","short put 591 / long put 593","1","expired","-10","10","-100","10","1900","0.1","0.08","0.1","0","","","10","190","595.34","596.1"
"Sep 23, 2025 2:00pm","Sep 23, 2025 4:00pm","QQQ","Sep 23, 2025","longputspread","short put 594 / long put 596","1","expired","-15","15","-100","15","1233.33","0.15","0.14","0.16","0","","","15","185","598.35","598.2"
"Sep 22, 2025 2:00pm","Sep 22, 2025 4:00pm","QQQ","Sep 22, 2025","longputspread","short put 597 / long put 599","1","expired","-2","2","-100","2","9900","0.02","0.01","0.03","0","","","2","198","601.94","602.2"
"Sep 19, 2025 2:00pm","Sep 19, 2025 4:00pm","QQQ","Sep 19, 2025","longputspread","short put 594 / long put 596","1","expired","-3","3","-100","3","6566.67","0.03","0.03","0.05","0","","","3","197","598.38","599.35"
"Sep 18, 2025 2:00pm","Sep 18, 2025 4:00pm","QQQ","Sep 18, 2025","longputspread","short put 592 / long put 594","1","expired","-7","7","-100","7","2757.14","0.07","0.06","0.08","0","","","7","193","596.2","595.32"
"Sep 17, 2025 2:00pm","Sep 17, 2025 4:00pm","QQQ","Sep 17, 2025","longputspread","short put 585 / long put 587","1","expired","-55","55","-100","55","263.64","0.55","0.44","0.66","0","","","55","145","589.42","590"
"Sep 16, 2025 2:00pm","Sep 16, 2025 4:00pm","QQQ","Sep 16, 2025","longputspread","short put 587 / long put 589","1","expired","-3","3","-100","3","6566.67","0.03","0.02","0.04","0","","","3","197","591.36","591.18"
"Sep 15, 2025 2:00pm","Sep 15, 2025 4:00pm","QQQ","Sep 15, 2025","longputspread","short put 587 / long put 589","1","expired","-3","3","-100","3","6566.67","0.03","0.02","0.04","0","","","3","197","591.1","591.68"
"Sep 12, 2025 2:00pm","Sep 12, 2025 4:00pm","QQQ","Sep 12, 2025","longputspread","short put 583 / long put 585","1","expired","-2","2","-100","2","9900","0.02","0.02","0.04","0","","","2","198","587.02","586.66"
"Sep 11, 2025 2:00pm","Sep 11, 2025 4:00pm","QQQ","Sep 11, 2025","longputspread","short put 580 / long put 582","1","expired","-5","5","-100","5","3900","0.05","0.04","0.06","0","","","5","195","584.59","584.08"
"Sep 10, 2025 2:00pm","Sep 10, 2025 4:00pm","QQQ","Sep 10, 2025","longputspread","short put 577 / long put 579","1","expired","-8","8","-100","8","2400","0.08","0.07","0.09","0","","","8","192","581.27","580.7"
"Sep 9, 2025 2:00pm","Sep 9, 2025 4:00pm","QQQ","Sep 9, 2025","longputspread","short put 575 / long put 577","1","expired","-3","3","-100","3","6566.67","0.03","0.02","0.04","0","","","3","197","579.77","580.51"
"Sep 8, 2025 2:00pm","Sep 8, 2025 4:00pm","QQQ","Sep 8, 2025","longputspread","short put 574 / long put 576","1","expired","-6","6","-100","6","3233.33","0.06","0.06","0.08","0","","","6","194","578.33","578.87"
"Sep 5, 2025 2:00pm","Sep 5, 2025 4:00pm","QQQ","Sep 5, 2025","longputspread","short put 570 / long put 572","1","expired","-17","17","-100","17","1076.47","0.17","0.15","0.17","0","","","17","183","574.18","576.06"
"Sep 4, 2025 2:00pm","Sep 4, 2025 4:00pm","QQQ","Sep 4, 2025","longputspread","short put 569 / long put 571","1","expired","-18","18","-100","18","1011.11","0.18","0.17","0.19","0","","","18","182","573.23","575.23"
"Sep 3, 2025 2:00pm","Sep 3, 2025 4:00pm","QQQ","Sep 3, 2025","longputspread","short put 564 / long put 566","1","expired","-18","18","-100","18","1011.11","0.18","0.18","0.2","0","","","18","182","567.86","570.07"
"Sep 2, 2025 2:00pm","Sep 2, 2025 4:00pm","QQQ","Sep 2, 2025","longputspread","short put 559 / long put 561","1","expired","-15","15","-100","15","1233.33","0.15","0.14","0.16","0","","","15","185","563.49","565.62"
"Aug 29, 2025 2:00pm","Aug 29, 2025 4:00pm","QQQ","Aug 29, 2025","longputspread","short put 566 / long put 568","1","expired","-19","19","-100","19","952.63","0.19","0.18","0.2","0","","","19","181","569.98","570.4"
"Aug 28, 2025 2:00pm","Aug 28, 2025 4:00pm","QQQ","Aug 28, 2025","longputspread","short put 573 / long put 575","1","expired","-8","8","-100","8","2400","0.08","0.08","0.1","0","","","8","192","577.1","577.08"
"Aug 27, 2025 2:00pm","Aug 27, 2025 4:00pm","QQQ","Aug 27, 2025","longputspread","short put 569 / long put 571","1","expired","-38","38","-100","38","426.32","0.38","0.36","0.38","0","","","38","162","573.55","573.49"
"Aug 26, 2025 2:00pm","Aug 26, 2025 4:00pm","QQQ","Aug 26, 2025","longputspread","short put 566 / long put 568","1","expired","-4","4","-100","4","4900","0.04","0.04","0.06","0","","","4","196","570.61","572.61"
"Aug 25, 2025 2:00pm","Aug 25, 2025 4:00pm","QQQ","Aug 25, 2025","longputspread","short put 568 / long put 570","1","expired","-4","4","-100","4","4900","0.04","0.03","0.05","0","","","4","196","572.38","570.32"
"Aug 22, 2025 2:00pm","Aug 22, 2025 4:00pm","QQQ","Aug 22, 2025","longputspread","short put 569 / long put 571","1","expired","-12","12","-100","12","1566.67","0.12","0.1","0.12","0","","","12","188","572.95","571.97"
"Aug 21, 2025 2:00pm","Aug 21, 2025 4:00pm","QQQ","Aug 21, 2025","longputspread","short put 559 / long put 561","1","expired","-17","17","-100","17","1076.47","0.17","0.16","0.18","0","","","17","183","563.26","563.28"
"Aug 20, 2025 2:00pm","Aug 20, 2025 4:00pm","QQQ","Aug 20, 2025","longputspread","short put 560 / long put 562","1","expired","-16","16","-100","16","1150","0.16","0.14","0.17","0","","","16","184","564.39","565.9"
"Aug 19, 2025 2:00pm","Aug 19, 2025 4:00pm","QQQ","Aug 19, 2025","longputspread","short put 566 / long put 568","1","expired","-10","10","-100","10","1900","0.1","0.09","0.11","0","","","10","190","570.21","569.28"
"Aug 18, 2025 2:00pm","Aug 18, 2025 4:00pm","QQQ","Aug 18, 2025","longputspread","short put 572 / long put 574","1","expired","-4","4","-100","4","4900","0.04","0.04","0.06","0","","","4","196","576.25","577.11"
"Aug 15, 2025 2:00pm","Aug 15, 2025 4:00pm","QQQ","Aug 15, 2025","longputspread","short put 574 / long put 576","1","expired","-7","7","-100","7","2757.14","0.07","0.06","0.08","0","","","7","193","578.09","577.34"
"Aug 14, 2025 2:00pm","Aug 14, 2025 4:00pm","QQQ","Aug 14, 2025","longputspread","short put 576 / long put 578","1","expired","-4","4","-100","4","4900","0.04","0.03","0.05","0","","","4","196","580.84","579.89"
"Aug 13, 2025 2:00pm","Aug 13, 2025 4:00pm","QQQ","Aug 13, 2025","longputspread","short put 576 / long put 578","1","expired","-9","9","-100","9","2122.22","0.09","0.08","0.1","0","","","9","191","580.23","580.34"
"Aug 12, 2025 2:00pm","Aug 12, 2025 4:00pm","QQQ","Aug 12, 2025","longputspread","short put 575 / long put 577","1","expired","-4","4","-100","4","4900","0.04","0.03","0.05","0","","","4","196","579.51","580.05"
"Aug 11, 2025 2:00pm","Aug 11, 2025 4:00pm","QQQ","Aug 11, 2025","longputspread","short put 570 / long put 572","1","expired","-8","8","-100","8","2400","0.08","0.07","0.09","0","","","8","192","574.25","572.85"
"Aug 8, 2025 2:00pm","Aug 8, 2025 4:00pm","QQQ","Aug 8, 2025","longputspread","short put 570 / long put 572","1","expired","-7","7","-100","7","2757.14","0.07","0.06","0.08","0","","","7","193","574.21","574.55"
"Aug 7, 2025 2:00pm","Aug 7, 2025 4:00pm","QQQ","Aug 7, 2025","longputspread","short put 563 / long put 565","1","expired","-18","18","-100","18","1011.11","0.18","0.17","0.19","0","","","18","182","567.28","569.24"
"Aug 6, 2025 2:00pm","Aug 6, 2025 4:00pm","QQQ","Aug 6, 2025","longputspread","short put 562 / long put 564","1","expired","-8","8","-100","8","2400","0.08","0.07","0.09","0","","","8","192","566.06","567.32"
"Aug 5, 2025 2:00pm","Aug 5, 2025 4:00pm","QQQ","Aug 5, 2025","longputspread","short put 559 / long put 561","1","expired","60","13","461.54","13","1438.46","0.13","0.13","0.15","0.73","","","13","187","562.81","560.27"
"Aug 4, 2025 2:00pm","Aug 4, 2025 4:00pm","QQQ","Aug 4, 2025","longputspread","short put 559 / long put 561","1","expired","-9","9","-100","9","2122.22","0.09","0.08","0.1","0","","","9","191","563.34","564.1"
"Aug 1, 2025 2:00pm","Aug 1, 2025 4:00pm","QQQ","Aug 1, 2025","longputspread","short put 549 / long put 551","1","expired","-28","28","-100","28","614.29","0.28","0.27","0.29","0","","","28","172","553.01","553.88"
"Jul 31, 2025 2:00pm","Jul 31, 2025 4:00pm","QQQ","Jul 31, 2025","longputspread","short put 562 / long put 564","1","expired","-47","47","-100","47","325.53","0.47","0.46","0.49","0","","","47","153","565.9","565.01"
"Jul 30, 2025 2:00pm","Jul 30, 2025 4:00pm","QQQ","Jul 30, 2025","longputspread","short put 565 / long put 567","1","expired","-31","31","-100","31","545.16","0.31","0.22","0.4","0","","","31","169","569.5","568.02"
"Jul 29, 2025 2:00pm","Jul 29, 2025 4:00pm","QQQ","Jul 29, 2025","longputspread","short put 564 / long put 566","1","expired","-4","4","-100","4","4900","0.04","0.03","0.05","0","","","4","196","568.23","567.26"
"Jul 28, 2025 2:00pm","Jul 28, 2025 4:00pm","QQQ","Jul 28, 2025","longputspread","short put 563 / long put 565","1","expired","-4","4","-100","4","4900","0.04","0.03","0.05","0","","","4","196","567.45","568.14"
"Jul 25, 2025 2:00pm","Jul 25, 2025 4:00pm","QQQ","Jul 25, 2025","longputspread","short put 563 / long put 565","1","expired","-3","3","-100","3","6566.67","0.03","0.02","0.04","0","","","3","197","566.82","566.37"
"Jul 24, 2025 2:00pm","Jul 24, 2025 4:00pm","QQQ","Jul 24, 2025","longputspread","short put 561 / long put 563","1","expired","-4","4","-100","4","4900","0.04","0.03","0.05","0","","","4","196","565.33","565.01"
"Jul 23, 2025 2:00pm","Jul 23, 2025 4:00pm","QQQ","Jul 23, 2025","longputspread","short put 558 / long put 560","1","expired","-18","18","-100","18","1011.11","0.18","0.16","0.18","0","","","18","182","562.36","563.81"
"Jul 22, 2025 2:00pm","Jul 22, 2025 4:00pm","QQQ","Jul 22, 2025","longputspread","short put 557 / long put 559","1","expired","-5","5","-100","5","3900","0.05","0.04","0.06","0","","","5","195","561.2","561.25"
"Jul 21, 2025 2:00pm","Jul 21, 2025 4:00pm","QQQ","Jul 21, 2025","longputspread","short put 562 / long put 564","1","expired","-3","3","-100","3","6566.67","0.03","0.02","0.04","0","","","3","197","565.78","564.17"
"Jul 18, 2025 2:00pm","Jul 18, 2025 4:00pm","QQQ","Jul 18, 2025","longputspread","short put 556 / long put 558","1","expired","-4","4","-100","4","4900","0.04","0.03","0.05","0","","","4","196","560.64","561.26"
"Jul 17, 2025 2:00pm","Jul 17, 2025 4:00pm","QQQ","Jul 17, 2025","longputspread","short put 558 / long put 560","1","expired","-8","8","-100","8","2400","0.08","0.07","0.09","0","","","8","192","562.24","561.8"
"Jul 16, 2025 2:00pm","Jul 16, 2025 4:00pm","QQQ","Jul 16, 2025","longputspread","short put 552 / long put 554","1","expired","-4","4","-100","4","4900","0.04","0.03","0.05","0","","","4","196","556.19","557.29"
"Jul 15, 2025 2:00pm","Jul 15, 2025 4:00pm","QQQ","Jul 15, 2025","longputspread","short put 555 / long put 557","1","expired","24","4","600","4","4900","0.04","0.04","0.06","0.28","","","4","196","559.53","556.72"
"Jul 14, 2025 2:00pm","Jul 14, 2025 4:00pm","QQQ","Jul 14, 2025","longputspread","short put 552 / long put 554","1","expired","-4","4","-100","4","4900","0.04","0.04","0.06","0","","","4","196","556.43","556.21"
"Jul 11, 2025 2:00pm","Jul 11, 2025 4:00pm","QQQ","Jul 11, 2025","longputspread","short put 551 / long put 553","1","expired","-7","7","-100","7","2757.14","0.07","0.06","0.08","0","","","7","193","555.25","554.2"
"Jul 10, 2025 2:00pm","Jul 10, 2025 4:00pm","QQQ","Jul 10, 2025","longputspread","short put 552 / long put 554","1","expired","-5","5","-100","5","3900","0.05","0.05","0.07","0","","","5","195","556","555.45"
"Jul 9, 2025 2:00pm","Jul 9, 2025 4:00pm","QQQ","Jul 9, 2025","longputspread","short put 550 / long put 552","1","expired","-7","7","-100","7","2757.14","0.07","0.05","0.07","0","","","7","193","554.62","556.25"
"Jul 8, 2025 2:00pm","Jul 8, 2025 4:00pm","QQQ","Jul 8, 2025","longputspread","short put 549 / long put 551","1","expired","-7","7","-100","7","2757.14","0.07","0.06","0.08","0","","","7","193","553.33","552.34"
"Jul 7, 2025 2:00pm","Jul 7, 2025 4:00pm","QQQ","Jul 7, 2025","longputspread","short put 548 / long put 550","1","expired","-16","16","-100","16","1150","0.16","0.15","0.17","0","","","16","184","551.75","552.03"
"Jul 2, 2025 2:00pm","Jul 2, 2025 4:00pm","QQQ","Jul 2, 2025","longputspread","short put 546 / long put 548","1","expired","-7","7","-100","7","2757.14","0.07","0.05","0.07","0","","","7","193","550.3","550.8"
"Jul 1, 2025 2:00pm","Jul 1, 2025 4:00pm","QQQ","Jul 1, 2025","longputspread","short put 544 / long put 546","1","expired","-10","10","-100","10","1900","0.1","0.09","0.11","0","","","10","190","548.22","546.99"
"Jun 30, 2025 2:00pm","Jun 30, 2025 4:00pm","QQQ","Jun 30, 2025","longputspread","short put 546 / long put 548","1","expired","-16","16","-100","16","1150","0.16","0.15","0.17","0","","","16","184","549.99","551.64"
"Jun 27, 2025 2:00pm","Jun 27, 2025 4:00pm","QQQ","Jun 27, 2025","longputspread","short put 544 / long put 546","1","expired","-13","13","-100","13","1438.46","0.13","0.12","0.14","0","","","13","187","547.89","548.09"
"Jun 26, 2025 2:00pm","Jun 26, 2025 4:00pm","QQQ","Jun 26, 2025","longputspread","short put 541 / long put 543","1","expired","-4","4","-100","4","4900","0.04","0.03","0.05","0","","","4","196","545.43","546.22"
"Jun 25, 2025 2:00pm","Jun 25, 2025 4:00pm","QQQ","Jun 25, 2025","longputspread","short put 536 / long put 538","1","expired","-13","13","-100","13","1438.46","0.13","0.12","0.14","0","","","13","187","539.92","541.16"
"Jun 24, 2025 2:00pm","Jun 24, 2025 4:00pm","QQQ","Jun 24, 2025","longputspread","short put 536 / long put 538","1","expired","-10","10","-100","10","1900","0.1","0.09","0.11","0","","","10","190","540","539.78"
"Jun 23, 2025 2:00pm","Jun 23, 2025 4:00pm","QQQ","Jun 23, 2025","longputspread","short put 527 / long put 529","1","expired","-17","17","-100","17","1076.47","0.17","0.16","0.18","0","","","17","183","531.14","531.65"
"Jun 20, 2025 2:00pm","Jun 20, 2025 4:00pm","QQQ","Jun 20, 2025","longputspread","short put 523 / long put 525","1","expired","-25","25","-100","25","700","0.25","0.25","0.27","0","","","25","175","526.64","526.83"
"Jun 18, 2025 2:00pm","Jun 18, 2025 4:00pm","QQQ","Jun 18, 2025","longputspread","short put 527 / long put 529","1","expired","-50","51","-98.04","51","292.16","0.51","0.43","0.59","0.01","","","51","149","530.77","528.99"
"Jun 17, 2025 2:00pm","Jun 17, 2025 4:00pm","QQQ","Jun 17, 2025","longputspread","short put 525 / long put 527","1","expired","-24","24","-100","24","733.33","0.24","0.23","0.25","0","","","24","176","529.21","529.08"
"Jun 16, 2025 2:00pm","Jun 16, 2025 4:00pm","QQQ","Jun 16, 2025","longputspread","short put 530 / long put 532","1","expired","-13","13","-100","13","1438.46","0.13","0.13","0.15","0","","","13","187","533.98","534.29"
"Jun 13, 2025 2:00pm","Jun 13, 2025 4:00pm","QQQ","Jun 13, 2025","longputspread","short put 526 / long put 528","1","expired","86","18","477.78","18","1011.11","0.18","0.17","0.19","1.04","","","18","182","530.25","526.96"
"Jun 12, 2025 2:00pm","Jun 12, 2025 4:00pm","QQQ","Jun 12, 2025","longputspread","short put 530 / long put 532","1","expired","-18","18","-100","18","1011.11","0.18","0.17","0.19","0","","","18","182","533.67","533.66"
"Jun 11, 2025 2:00pm","Jun 11, 2025 4:00pm","QQQ","Jun 11, 2025","longputspread","short put 529 / long put 531","1","expired","-20","20","-100","20","900","0.2","0.19","0.22","0","","","20","180","533.17","532.41"
"Jun 10, 2025 2:00pm","Jun 10, 2025 4:00pm","QQQ","Jun 10, 2025","longputspread","short put 528 / long put 530","1","expired","-13","13","-100","13","1438.46","0.13","0.12","0.14","0","","","13","187","532.02","534.21"
"Jun 9, 2025 2:00pm","Jun 9, 2025 4:00pm","QQQ","Jun 9, 2025","longputspread","short put 528 / long put 530","1","expired","-13","13","-100","13","1438.46","0.13","0.13","0.15","0","","","13","187","531.82","530.7"
"Jun 6, 2025 2:00pm","Jun 6, 2025 4:00pm","QQQ","Jun 6, 2025","longputspread","short put 527 / long put 529","1","expired","-17","17","-100","17","1076.47","0.17","0.16","0.18","0","","","17","183","530.62","529.92"
"Jun 5, 2025 2:00pm","Jun 5, 2025 4:00pm","QQQ","Jun 5, 2025","longputspread","short put 524 / long put 526","1","expired","95","26","365.38","26","669.23","0.26","0.26","0.28","1.21","","","26","174","528.16","524.79"
"Jun 4, 2025 2:00pm","Jun 4, 2025 4:00pm","QQQ","Jun 4, 2025","longputspread","short put 525 / long put 527","1","expired","-8","8","-100","8","2400","0.08","0.07","0.09","0","","","8","192","529.47","528.77"
"Jun 3, 2025 2:00pm","Jun 3, 2025 4:00pm","QQQ","Jun 3, 2025","longputspread","short put 524 / long put 526","1","expired","-13","13","-100","13","1438.46","0.13","0.12","0.14","0","","","13","187","527.74","527.3"
"Jun 2, 2025 2:00pm","Jun 2, 2025 4:00pm","QQQ","Jun 2, 2025","longputspread","short put 517 / long put 519","1","expired","-13","13","-100","13","1438.46","0.13","0.13","0.15","0","","","13","187","521.08","523.21"
"May 30, 2025 2:00pm","May 30, 2025 4:00pm","QQQ","May 30, 2025","longputspread","short put 511 / long put 513","1","expired","-44","44","-100","44","354.55","0.44","0.44","0.46","0","","","44","156","514.46","519.11"
"May 29, 2025 2:00pm","May 29, 2025 4:00pm","QQQ","May 29, 2025","longputspread","short put 515 / long put 517","1","expired","-27","27","-100","27","640.74","0.27","0.27","0.29","0","","","27","173","519.03","519.93"
"May 28, 2025 2:00pm","May 28, 2025 4:00pm","QQQ","May 28, 2025","longputspread","short put 517 / long put 519","1","expired","-27","36","-75","36","455.56","0.36","0.35","0.38","0.09","","","36","164","521.35","518.91"
"May 27, 2025 2:00pm","May 27, 2025 4:00pm","QQQ","May 27, 2025","longputspread","short put 518 / long put 520","1","expired","-19","19","-100","19","952.63","0.19","0.18","0.2","0","","","19","181","521.42","521.22"
"May 23, 2025 2:00pm","May 23, 2025 4:00pm","QQQ","May 23, 2025","longputspread","short put 507 / long put 509","1","expired","-25","25","-100","25","700","0.25","0.24","0.26","0","","","25","175","511.09","509.24"
"May 22, 2025 2:00pm","May 22, 2025 4:00pm","QQQ","May 22, 2025","longputspread","short put 513 / long put 515","1","expired","71","29","244.83","29","589.66","0.29","0.27","0.29","1","","","29","171","516.63","514"
"May 21, 2025 2:00pm","May 21, 2025 4:00pm","QQQ","May 21, 2025","longputspread","short put 512 / long put 514","1","expired","62","34","182.35","34","488.24","0.34","0.33","0.36","0.96","","","34","166","516.07","513.04"
"May 20, 2025 2:00pm","May 20, 2025 4:00pm","QQQ","May 20, 2025","longputspread","short put 516 / long put 518","1","expired","-15","15","-100","15","1233.33","0.15","0.14","0.17","0","","","15","185","519.89","520.27"
"May 19, 2025 2:00pm","May 19, 2025 4:00pm","QQQ","May 19, 2025","longputspread","short put 518 / long put 520","1","expired","-22","22","-100","22","809.09","0.22","0.21","0.23","0","","","22","178","521.46","522.01"
"May 16, 2025 2:00pm","May 16, 2025 4:00pm","QQQ","May 16, 2025","longputspread","short put 516 / long put 518","1","expired","-14","14","-100","14","1328.57","0.14","0.13","0.15","0","","","14","186","520.09","521.51"
"May 15, 2025 2:00pm","May 15, 2025 4:00pm","QQQ","May 15, 2025","longputspread","short put 517 / long put 519","1","expired","-22","22","-100","22","809.09","0.22","0.21","0.23","0","","","22","178","520.64","519.25"
"May 14, 2025 2:00pm","May 14, 2025 4:00pm","QQQ","May 14, 2025","longputspread","short put 514 / long put 516","1","expired","-21","21","-100","21","852.38","0.21","0.19","0.21","0","","","21","179","517.93","518.68"
"May 13, 2025 2:00pm","May 13, 2025 4:00pm","QQQ","May 13, 2025","longputspread","short put 512 / long put 514","1","expired","-18","18","-100","18","1011.11","0.18","0.17","0.19","0","","","18","182","516.16","515.59"
"May 12, 2025 2:00pm","May 12, 2025 4:00pm","QQQ","May 12, 2025","longputspread","short put 503 / long put 505","1","expired","-25","25","-100","25","700","0.25","0.24","0.26","0","","","25","175","506.76","507.85"
"May 9, 2025 2:00pm","May 9, 2025 4:00pm","QQQ","May 9, 2025","longputspread","short put 485 / long put 487","1","expired","-28","28","-100","28","614.29","0.28","0.27","0.29","0","","","28","172","488.52","487.97"
"May 8, 2025 2:00pm","May 8, 2025 4:00pm","QQQ","May 8, 2025","longputspread","short put 487 / long put 489","1","expired","40","31","129.03","31","545.16","0.31","0.29","0.31","0.71","","","31","169","490.6","488.29"
"May 6, 2025 2:00pm","May 6, 2025 4:00pm","QQQ","May 6, 2025","longputspread","short put 477 / long put 479","1","expired","-24","24","-100","24","733.33","0.24","0.23","0.25","0","","","24","176","480.74","481.41"
"May 5, 2025 2:00pm","May 5, 2025 4:00pm","QQQ","May 5, 2025","longputspread","short put 484 / long put 486","1","expired","-9","16","-56.25","16","1150","0.16","0.14","0.17","0.07","","","16","184","487.88","485.93"
"May 2, 2025 2:00pm","May 2, 2025 4:00pm","QQQ","May 2, 2025","longputspread","short put 486 / long put 488","1","expired","-19","19","-100","19","952.63","0.19","0.19","0.21","0","","","19","181","489.68","488.83"
"May 1, 2025 2:00pm","May 1, 2025 4:00pm","QQQ","May 1, 2025","longputspread","short put 480 / long put 482","1","expired","-14","46","-30.43","46","334.78","0.46","0.44","0.46","0.32","","","46","154","483.72","481.68"
"Apr 30, 2025 2:00pm","Apr 30, 2025 4:00pm","QQQ","Apr 30, 2025","longputspread","short put 468 / long put 470","1","expired","-51","51","-100","51","292.16","0.51","0.5","0.52","0","","","51","149","471.45","475.47"
"Apr 29, 2025 2:00pm","Apr 29, 2025 4:00pm","QQQ","Apr 29, 2025","longputspread","short put 472 / long put 474","1","expired","-30","30","-100","30","566.67","0.3","0.29","0.32","0","","","30","170","475.64","475.53"
"Apr 28, 2025 2:00pm","Apr 28, 2025 4:00pm","QQQ","Apr 28, 2025","longputspread","short put 465 / long put 467","1","expired","-33","33","-100","33","506.06","0.33","0.31","0.34","0","","","33","167","468.76","472.41"
"Apr 25, 2025 2:00pm","Apr 25, 2025 4:00pm","QQQ","Apr 25, 2025","longputspread","short put 467 / long put 469","1","expired","-45","45","-100","45","344.44","0.45","0.44","0.47","0","","","45","155","470.06","472.56"
"Apr 24, 2025 2:00pm","Apr 24, 2025 4:00pm","QQQ","Apr 24, 2025","longputspread","short put 462 / long put 464","1","expired","-47","47","-100","47","325.53","0.47","0.45","0.48","0","","","47","153","465.88","467.35"
"Apr 23, 2025 2:00pm","Apr 23, 2025 4:00pm","QQQ","Apr 23, 2025","longputspread","short put 454 / long put 456","1","expired","98","46","213.04","46","334.78","0.46","0.44","0.47","1.44","","","46","154","457.64","454.56"
"Apr 22, 2025 2:00pm","Apr 22, 2025 4:00pm","QQQ","Apr 22, 2025","longputspread","short put 437 / long put 439","1","expired","-45","45","-100","45","344.44","0.45","0.43","0.46","0","","","45","155","440.58","444.48"
"Apr 21, 2025 2:00pm","Apr 21, 2025 4:00pm","QQQ","Apr 21, 2025","longputspread","short put 425 / long put 427","1","expired","-47","47","-100","47","325.53","0.47","0.46","0.49","0","","","47","153","428.23","433.11"
"Apr 17, 2025 2:00pm","Apr 17, 2025 4:00pm","QQQ","Apr 17, 2025","longputspread","short put 443 / long put 445","1","expired","34","56","60.71","56","257.14","0.56","0.55","0.57","0.9","","","56","144","445.99","444.1"
"Apr 16, 2025 2:00pm","Apr 16, 2025 4:00pm","QQQ","Apr 16, 2025","longputspread","short put 439 / long put 441","1","expired","-63","63","-100","63","217.46","0.63","0.61","0.66","0","","","63","137","441.97","444.18"
"Apr 15, 2025 2:00pm","Apr 15, 2025 4:00pm","QQQ","Apr 15, 2025","longputspread","short put 454 / long put 456","1","expired","-38","38","-100","38","426.32","0.38","0.37","0.39","0","","","38","162","457.78","457.99"
"Apr 14, 2025 2:00pm","Apr 14, 2025 4:00pm","QQQ","Apr 14, 2025","longputspread","short put 454 / long put 456","1","expired","-51","51","-100","51","292.16","0.51","0.48","0.53","0","","","51","149","457.47","457.48"
"Apr 11, 2025 2:00pm","Apr 11, 2025 4:00pm","QQQ","Apr 11, 2025","longputspread","short put 451 / long put 453","1","expired","-65","65","-100","65","207.69","0.65","0.63","0.69","0","","","65","135","454.5","454.4"
"Apr 10, 2025 2:00pm","Apr 10, 2025 4:00pm","QQQ","Apr 10, 2025","longputspread","short put 442 / long put 444","1","expired","-79","79","-100","79","153.16","0.79","0.72","0.84","0","","","79","121","445.72","446.18"
"Apr 8, 2025 2:00pm","Apr 8, 2025 4:00pm","QQQ","Apr 8, 2025","longputspread","short put 423 / long put 425","1","expired","134","66","203.03","66","203.03","0.66","0.63","0.69","2","","","66","134","426.63","416.06"
"Apr 7, 2025 2:00pm","Apr 7, 2025 4:00pm","QQQ","Apr 7, 2025","longputspread","short put 426 / long put 428","1","expired","118","82","143.9","82","143.9","0.82","0.77","0.86","2","","","82","118","429.23","423.69"
"Apr 4, 2025 2:00pm","Apr 4, 2025 4:00pm","QQQ","Apr 4, 2025","longputspread","short put 428 / long put 430","1","expired","130","70","185.71","70","185.71","0.7","0.68","0.72","2","","","70","130","431.23","422.67"
"Apr 3, 2025 2:00pm","Apr 3, 2025 4:00pm","QQQ","Apr 3, 2025","longputspread","short put 450 / long put 452","1","expired","85","49","173.47","49","308.16","0.49","0.48","0.51","1.34","","","49","151","453.78","450.66"
"Apr 2, 2025 2:00pm","Apr 2, 2025 4:00pm","QQQ","Apr 2, 2025","longputspread","short put 473 / long put 475","1","expired","-67","67","-100","67","198.51","0.67","0.65","0.69","0","","","67","133","476.09","476.15"
"Apr 1, 2025 2:00pm","Apr 1, 2025 4:00pm","QQQ","Apr 1, 2025","longputspread","short put 467 / long put 469","1","expired","-33","33","-100","33","506.06","0.33","0.32","0.34","0","","","33","167","470.3","472.7"
"Mar 31, 2025 2:00pm","Mar 31, 2025 4:00pm","QQQ","Mar 31, 2025","longputspread","short put 460 / long put 462","1","expired","-43","43","-100","43","365.12","0.43","0.41","0.44","0","","","43","157","463.32","468.92"
"Mar 28, 2025 2:00pm","Mar 28, 2025 4:00pm","QQQ","Mar 28, 2025","longputspread","short put 466 / long put 468","1","expired","-32","32","-100","32","525","0.32","0.32","0.34","0","","","32","168","469.54","468.94"
"Mar 27, 2025 2:00pm","Mar 27, 2025 4:00pm","QQQ","Mar 27, 2025","longputspread","short put 478 / long put 480","1","expired","-25","25","-100","25","700","0.25","0.24","0.26","0","","","25","175","482.12","481.62"
"Mar 26, 2025 2:00pm","Mar 26, 2025 4:00pm","QQQ","Mar 26, 2025","longputspread","short put 480 / long put 482","1","expired","-35","35","-100","35","471.43","0.35","0.35","0.37","0","","","35","165","483.75","484.38"
"Mar 25, 2025 2:00pm","Mar 25, 2025 4:00pm","QQQ","Mar 25, 2025","longputspread","short put 488 / long put 490","1","expired","-19","19","-100","19","952.63","0.19","0.18","0.2","0","","","19","181","491.67","493.46"
"Mar 24, 2025 2:00pm","Mar 24, 2025 4:00pm","QQQ","Mar 24, 2025","longputspread","short put 486 / long put 488","1","expired","-15","15","-100","15","1233.33","0.15","0.14","0.16","0","","","15","185","489.81","490.66"
"Mar 21, 2025 2:00pm","Mar 21, 2025 4:00pm","QQQ","Mar 21, 2025","longputspread","short put 475 / long put 477","1","expired","-30","30","-100","30","566.67","0.3","0.29","0.31","0","","","30","170","478.79","480.84"
"Mar 20, 2025 2:00pm","Mar 20, 2025 4:00pm","QQQ","Mar 20, 2025","longputspread","short put 475 / long put 477","1","expired","-40","40","-100","40","400","0.4","0.39","0.41","0","","","40","160","478.51","479.26"
"Mar 19, 2025 2:00pm","Mar 19, 2025 4:00pm","QQQ","Mar 19, 2025","longputspread","short put 474 / long put 476","1","expired","-55","55","-100","55","263.64","0.55","0.45","0.66","0","","","55","145","477.35","480.89"
"Mar 18, 2025 2:00pm","Mar 18, 2025 4:00pm","QQQ","Mar 18, 2025","longputspread","short put 471 / long put 473","1","expired","-35","35","-100","35","471.43","0.35","0.34","0.36","0","","","35","165","474.94","474.54"
"Mar 17, 2025 2:00pm","Mar 17, 2025 4:00pm","QQQ","Mar 17, 2025","longputspread","short put 479 / long put 481","1","expired","-29","29","-100","29","589.66","0.29","0.28","0.3","0","","","29","171","482.34","482.77"
"Mar 14, 2025 2:00pm","Mar 14, 2025 4:00pm","QQQ","Mar 14, 2025","longputspread","short put 474 / long put 476","1","expired","-31","31","-100","31","545.16","0.31","0.31","0.33","0","","","31","169","477.76","479.66"
"Mar 13, 2025 2:00pm","Mar 13, 2025 4:00pm","QQQ","Mar 13, 2025","longputspread","short put 463 / long put 465","1","expired","-45","45","-100","45","344.44","0.45","0.44","0.47","0","","","45","155","466.95","468.34"
"Mar 12, 2025 2:00pm","Mar 12, 2025 4:00pm","QQQ","Mar 12, 2025","longputspread","short put 472 / long put 474","1","expired","-53","53","-100","53","277.36","0.53","0.52","0.55","0","","","53","147","475.36","476.92"
"Mar 11, 2025 2:00pm","Mar 11, 2025 4:00pm","QQQ","Mar 11, 2025","longputspread","short put 466 / long put 468","1","expired","-52","52","-100","52","284.62","0.52","0.5","0.53","0","","","52","148","470","471.6"
"Mar 10, 2025 2:00pm","Mar 10, 2025 4:00pm","QQQ","Mar 10, 2025","longputspread","short put 469 / long put 471","1","expired","-52","52","-100","52","284.62","0.52","0.5","0.52","0","","","52","148","472.78","472.73"
"Mar 7, 2025 2:00pm","Mar 7, 2025 4:00pm","QQQ","Mar 7, 2025","longputspread","short put 487 / long put 489","1","expired","-54","54","-100","54","270.37","0.54","0.52","0.56","0","","","54","146","490.44","491.79"
"Mar 6, 2025 2:00pm","Mar 6, 2025 4:00pm","QQQ","Mar 6, 2025","longputspread","short put 485 / long put 487","1","expired","-52","52","-100","52","284.62","0.52","0.51","0.54","0","","","52","148","489.04","488.2"
"Mar 5, 2025 2:00pm","Mar 5, 2025 4:00pm","QQQ","Mar 5, 2025","longputspread","short put 497 / long put 499","1","expired","-55","55","-100","55","263.64","0.55","0.54","0.57","0","","","55","145","500.39","502.01"
"Mar 4, 2025 2:00pm","Mar 4, 2025 4:00pm","QQQ","Mar 4, 2025","longputspread","short put 494 / long put 496","1","expired","5","40","12.5","40","400","0.4","0.39","0.42","0.45","","","40","160","498.06","495.55"
"Mar 3, 2025 2:00pm","Mar 3, 2025 4:00pm","QQQ","Mar 3, 2025","longputspread","short put 500 / long put 502","1","expired","162","38","426.32","38","426.32","0.38","0.37","0.39","2","","","38","162","504.01","497.05"
"Feb 28, 2025 2:00pm","Feb 28, 2025 4:00pm","QQQ","Feb 28, 2025","longputspread","short put 495 / long put 497","1","expired","-43","43","-100","43","365.12","0.43","0.42","0.46","0","","","43","157","498.91","508.17"
"Feb 27, 2025 2:00pm","Feb 27, 2025 4:00pm","QQQ","Feb 27, 2025","longputspread","short put 507 / long put 509","1","expired","172","28","614.29","28","614.29","0.28","0.27","0.29","2","","","28","172","511.11","500.27"
"Feb 26, 2025 2:00pm","Feb 26, 2025 4:00pm","QQQ","Feb 26, 2025","longputspread","short put 508 / long put 510","1","expired","-49","49","-100","49","308.16","0.49","0.48","0.51","0","","","49","151","512.28","514.56"
"Feb 25, 2025 2:00pm","Feb 25, 2025 4:00pm","QQQ","Feb 25, 2025","longputspread","short put 511 / long put 513","1","expired","-30","30","-100","30","566.67","0.3","0.29","0.31","0","","","30","170","514.51","513.32"
"Feb 24, 2025 2:00pm","Feb 24, 2025 4:00pm","QQQ","Feb 24, 2025","longputspread","short put 520 / long put 522","1","expired","191","9","2122.22","9","2122.22","0.09","0.09","0.11","2","","","9","191","524.4","519.87"
"Feb 21, 2025 2:00pm","Feb 21, 2025 4:00pm","QQQ","Feb 21, 2025","longputspread","short put 524 / long put 526","1","expired","-23","23","-100","23","769.57","0.23","0.22","0.24","0","","","23","177","528.32","526.08"
"Feb 20, 2025 2:00pm","Feb 20, 2025 4:00pm","QQQ","Feb 20, 2025","longputspread","short put 531 / long put 533","1","expired","-7","7","-100","7","2757.14","0.07","0.07","0.09","0","","","7","193","535.3","537.23"
"Feb 19, 2025 2:00pm","Feb 19, 2025 4:00pm","QQQ","Feb 19, 2025","longputspread","short put 535 / long put 537","1","expired","-10","10","-100","10","1900","0.1","0.09","0.12","0","","","10","190","539.19","539.52"
"Feb 18, 2025 2:00pm","Feb 18, 2025 4:00pm","QQQ","Feb 18, 2025","longputspread","short put 533 / long put 535","1","expired","-8","8","-100","8","2400","0.08","0.07","0.09","0","","","8","192","537.35","539.37"
"Feb 14, 2025 2:00pm","Feb 14, 2025 4:00pm","QQQ","Feb 14, 2025","longputspread","short put 534 / long put 536","1","expired","-8","8","-100","8","2400","0.08","0.08","0.1","0","","","8","192","537.94","538.15"
"Feb 13, 2025 2:00pm","Feb 13, 2025 4:00pm","QQQ","Feb 13, 2025","longputspread","short put 529 / long put 531","1","expired","-14","14","-100","14","1328.57","0.14","0.14","0.16","0","","","14","186","533.05","535.9"
"Feb 12, 2025 2:00pm","Feb 12, 2025 4:00pm","QQQ","Feb 12, 2025","longputspread","short put 524 / long put 526","1","expired","-13","13","-100","13","1438.46","0.13","0.11","0.13","0","","","13","187","528.07","528.3"
"Feb 11, 2025 2:00pm","Feb 11, 2025 4:00pm","QQQ","Feb 11, 2025","longputspread","short put 524 / long put 526","1","expired","-8","8","-100","8","2400","0.08","0.07","0.09","0","","","8","192","528.25","527.99"
"Feb 10, 2025 2:00pm","Feb 10, 2025 4:00pm","QQQ","Feb 10, 2025","longputspread","short put 526 / long put 528","1","expired","-9","9","-100","9","2122.22","0.09","0.09","0.11","0","","","9","191","529.98","529.25"
"Feb 7, 2025 2:00pm","Feb 7, 2025 4:00pm","QQQ","Feb 7, 2025","longputspread","short put 520 / long put 522","1","expired","-25","25","-100","25","700","0.25","0.24","0.26","0","","","25","175","523.86","522.92"
"Feb 6, 2025 2:00pm","Feb 6, 2025 4:00pm","QQQ","Feb 6, 2025","longputspread","short put 524 / long put 526","1","expired","-23","23","-100","23","769.57","0.23","0.22","0.24","0","","","23","177","528.24","529.6"
"Feb 5, 2025 2:00pm","Feb 5, 2025 4:00pm","QQQ","Feb 5, 2025","longputspread","short put 522 / long put 524","1","expired","-15","15","-100","15","1233.33","0.15","0.15","0.17","0","","","15","185","525.62","526.85"
"Feb 4, 2025 2:00pm","Feb 4, 2025 4:00pm","QQQ","Feb 4, 2025","longputspread","short put 519 / long put 521","1","expired","-30","30","-100","30","566.67","0.3","0.28","0.3","0","","","30","170","523.38","524.47"
"Feb 3, 2025 2:00pm","Feb 3, 2025 4:00pm","QQQ","Feb 3, 2025","longputspread","short put 516 / long put 518","1","expired","-36","36","-100","36","455.56","0.36","0.35","0.37","0","","","36","164","519.59","518.11"
"Jan 31, 2025 2:00pm","Jan 31, 2025 4:00pm","QQQ","Jan 31, 2025","longputspread","short put 522 / long put 524","1","expired","148","23","643.48","23","769.57","0.23","0.23","0.25","1.71","","","23","177","526.41","522.29"
"Jan 30, 2025 2:00pm","Jan 30, 2025 4:00pm","QQQ","Jan 30, 2025","longputspread","short put 519 / long put 521","1","expired","-31","31","-100","31","545.16","0.31","0.31","0.33","0","","","31","169","522.69","523.05"
"Jan 28, 2025 2:00pm","Jan 28, 2025 4:00pm","QQQ","Jan 28, 2025","longputspread","short put 517 / long put 519","1","expired","-16","16","-100","16","1150","0.16","0.16","0.18","0","","","16","184","520.93","521.81"
"Jan 27, 2025 2:00pm","Jan 27, 2025 4:00pm","QQQ","Jan 27, 2025","longputspread","short put 508 / long put 510","1","expired","-34","34","-100","34","488.24","0.34","0.33","0.36","0","","","34","166","511.44","514.21"
"Jan 24, 2025 2:00pm","Jan 24, 2025 4:00pm","QQQ","Jan 24, 2025","longputspread","short put 525 / long put 527","1","expired","-16","16","-100","16","1150","0.16","0.15","0.17","0","","","16","184","528.71","529.63"
"Jan 23, 2025 2:00pm","Jan 23, 2025 4:00pm","QQQ","Jan 23, 2025","longputspread","short put 527 / long put 529","1","expired","-10","10","-100","10","1900","0.1","0.09","0.11","0","","","10","190","530.58","532.64"
"Jan 22, 2025 2:00pm","Jan 22, 2025 4:00pm","QQQ","Jan 22, 2025","longputspread","short put 528 / long put 530","1","expired","-7","7","-100","7","2757.14","0.07","0.06","0.08","0","","","7","193","532.23","531.51"
"Jan 21, 2025 2:00pm","Jan 21, 2025 4:00pm","QQQ","Jan 21, 2025","longputspread","short put 522 / long put 524","1","expired","-21","21","-100","21","852.38","0.21","0.2","0.22","0","","","21","179","525.54","524.8"
"Jan 17, 2025 2:00pm","Jan 17, 2025 4:00pm","QQQ","Jan 17, 2025","longputspread","short put 519 / long put 521","1","expired","-22","22","-100","22","809.09","0.22","0.21","0.23","0","","","22","178","522.47","521.74"
"Jan 16, 2025 2:00pm","Jan 16, 2025 4:00pm","QQQ","Jan 16, 2025","longputspread","short put 510 / long put 512","1","expired","-22","22","-100","22","809.09","0.22","0.21","0.23","0","","","22","178","514.16","513.08"
"Jan 15, 2025 2:00pm","Jan 15, 2025 4:00pm","QQQ","Jan 15, 2025","longputspread","short put 512 / long put 514","1","expired","-11","11","-100","11","1718.18","0.11","0.11","0.13","0","","","11","189","516.1","516.7"
"Jan 14, 2025 2:00pm","Jan 14, 2025 4:00pm","QQQ","Jan 14, 2025","longputspread","short put 503 / long put 505","1","expired","-20","20","-100","20","900","0.2","0.19","0.21","0","","","20","180","506.93","505.08"
"Jan 13, 2025 2:00pm","Jan 13, 2025 4:00pm","QQQ","Jan 13, 2025","longputspread","short put 500 / long put 502","1","expired","-18","18","-100","18","1011.11","0.18","0.17","0.19","0","","","18","182","504.24","505.56"
"Jan 10, 2025 2:00pm","Jan 10, 2025 4:00pm","QQQ","Jan 10, 2025","longputspread","short put 507 / long put 509","1","expired","156","25","624","25","700","0.25","0.24","0.26","1.81","","","25","175","510.94","507.19"
"Jan 8, 2025 2:00pm","Jan 8, 2025 4:00pm","QQQ","Jan 8, 2025","longputspread","short put 511 / long put 513","1","expired","-38","38","-100","38","426.32","0.38","0.35","0.4","0","","","38","162","514.39","515.27"
"Jan 7, 2025 2:00pm","Jan 7, 2025 4:00pm","QQQ","Jan 7, 2025","longputspread","short put 513 / long put 515","1","expired","-18","18","-100","18","1011.11","0.18","0.16","0.18","0","","","18","182","517.15","515.18"
"Jan 6, 2025 2:00pm","Jan 6, 2025 4:00pm","QQQ","Jan 6, 2025","longputspread","short put 519 / long put 521","1","expired","-11","11","-100","11","1718.18","0.11","0.11","0.13","0","","","11","189","523.4","524.54"
"Jan 3, 2025 2:00pm","Jan 3, 2025 4:00pm","QQQ","Jan 3, 2025","longputspread","short put 515 / long put 517","1","expired","-19","19","-100","19","952.63","0.19","0.18","0.2","0","","","19","181","518.43","518.58"
"Jan 2, 2025 2:00pm","Jan 2, 2025 4:00pm","QQQ","Jan 2, 2025","longputspread","short put 503 / long put 505","1","expired","-28","28","-100","28","614.29","0.28","0.27","0.29","0","","","28","172","507.27","510.23"
"Dec 31, 2024 2:00pm","Dec 31, 2024 4:00pm","QQQ","Dec 31, 2024","longputspread","short put 507 / long put 509","1","expired","-29","29","-100","29","589.66","0.29","0.27","0.3","0","","","29","171","511.2","511.23"
"Dec 30, 2024 2:00pm","Dec 30, 2024 4:00pm","QQQ","Dec 30, 2024","longputspread","short put 515 / long put 517","1","expired","115","24","479.17","24","733.33","0.24","0.23","0.25","1.39","","","24","176","518.72","515.61"
"Dec 27, 2024 2:00pm","Dec 27, 2024 4:00pm","QQQ","Dec 27, 2024","longputspread","short put 518 / long put 520","1","expired","-21","21","-100","21","852.38","0.21","0.19","0.21","0","","","21","179","521.79","522.56"
"Dec 26, 2024 2:00pm","Dec 26, 2024 4:00pm","QQQ","Dec 26, 2024","longputspread","short put 526 / long put 528","1","expired","-11","11","-100","11","1718.18","0.11","0.11","0.13","0","","","11","189","529.84","529.6"
"Dec 23, 2024 2:00pm","Dec 23, 2024 4:00pm","QQQ","Dec 23, 2024","longputspread","short put 519 / long put 521","1","expired","-16","16","-100","16","1150","0.16","0.16","0.18","0","","","16","184","522.54","522.87"
"Dec 20, 2024 2:00pm","Dec 20, 2024 4:00pm","QQQ","Dec 20, 2024","longputspread","short put 517 / long put 519","1","expired","7","27","25.93","27","640.74","0.27","0.26","0.29","0.34","","","27","173","521.28","518.66"
"Dec 19, 2024 2:00pm","Dec 19, 2024 4:00pm","QQQ","Dec 19, 2024","longputspread","short put 516 / long put 518","1","expired","164","36","455.56","36","455.56","0.36","0.35","0.38","2","","","36","164","519.44","514.17"
"Dec 18, 2024 2:00pm","Dec 18, 2024 4:00pm","QQQ","Dec 18, 2024","longputspread","short put 531 / long put 533","1","expired","163","37","440.54","37","440.54","0.37","0.31","0.42","2","","","37","163","535.5","516.47"
"Dec 17, 2024 2:00pm","Dec 17, 2024 4:00pm","QQQ","Dec 17, 2024","longputspread","short put 532 / long put 534","1","expired","-8","8","-100","8","2400","0.08","0.08","0.1","0","","","8","192","535.6","535.8"
"Dec 16, 2024 2:00pm","Dec 16, 2024 4:00pm","QQQ","Dec 16, 2024","longputspread","short put 534 / long put 536","1","expired","-7","7","-100","7","2757.14","0.07","0.06","0.08","0","","","7","193","538.3","538.17"
"Dec 13, 2024 2:00pm","Dec 13, 2024 4:00pm","QQQ","Dec 13, 2024","longputspread","short put 526 / long put 528","1","expired","-7","7","-100","7","2757.14","0.07","0.07","0.09","0","","","7","193","529.92","530.53"
"Dec 12, 2024 2:00pm","Dec 12, 2024 4:00pm","QQQ","Dec 12, 2024","longputspread","short put 524 / long put 526","1","expired","-23","23","-100","23","769.57","0.23","0.22","0.24","0","","","23","177","527.79","526.5"
"Dec 11, 2024 2:00pm","Dec 11, 2024 4:00pm","QQQ","Dec 11, 2024","longputspread","short put 526 / long put 528","1","expired","-8","8","-100","8","2400","0.08","0.07","0.09","0","","","8","192","529.93","529.92"
"Dec 10, 2024 2:00pm","Dec 10, 2024 4:00pm","QQQ","Dec 10, 2024","longputspread","short put 518 / long put 520","1","expired","-7","7","-100","7","2757.14","0.07","0.06","0.08","0","","","7","193","521.61","520.6"
"Dec 9, 2024 2:00pm","Dec 9, 2024 4:00pm","QQQ","Dec 9, 2024","longputspread","short put 520 / long put 522","1","expired","-8","8","-100","8","2400","0.08","0.08","0.1","0","","","8","192","523.48","522.38"
"Dec 6, 2024 2:00pm","Dec 6, 2024 4:00pm","QQQ","Dec 6, 2024","longputspread","short put 523 / long put 525","1","expired","-7","7","-100","7","2757.14","0.07","0.06","0.08","0","","","7","193","526.49","526.48"
"Dec 5, 2024 2:00pm","Dec 5, 2024 4:00pm","QQQ","Dec 5, 2024","longputspread","short put 518 / long put 520","1","expired","-7","7","-100","7","2757.14","0.07","0.06","0.08","0","","","7","193","522.26","521.81"
"Dec 4, 2024 2:00pm","Dec 4, 2024 4:00pm","QQQ","Dec 4, 2024","longputspread","short put 518 / long put 520","1","expired","-12","12","-100","12","1566.67","0.12","0.11","0.14","0","","","12","188","521.65","523.26"
"Dec 3, 2024 2:00pm","Dec 3, 2024 4:00pm","QQQ","Dec 3, 2024","longputspread","short put 512 / long put 514","1","expired","-5","5","-100","5","3900","0.05","0.04","0.06","0","","","5","195","515.77","516.87"
"Dec 2, 2024 2:00pm","Dec 2, 2024 4:00pm","QQQ","Dec 2, 2024","longputspread","short put 511 / long put 513","1","expired","-4","4","-100","4","4900","0.04","0.03","0.05","0","","","4","196","515.15","515.29"
"Nov 27, 2024 2:00pm","Nov 27, 2024 4:00pm","QQQ","Nov 27, 2024","longputspread","short put 501 / long put 503","1","expired","-5","5","-100","5","3900","0.05","0.04","0.06","0","","","5","195","505.19","505.3"
"Nov 26, 2024 2:00pm","Nov 26, 2024 4:00pm","QQQ","Nov 26, 2024","longputspread","short put 505 / long put 507","1","expired","-11","11","-100","11","1718.18","0.11","0.09","0.11","0","","","11","189","508.82","509.31"
"Nov 25, 2024 2:00pm","Nov 25, 2024 4:00pm","QQQ","Nov 25, 2024","longputspread","short put 502 / long put 504","1","expired","-10","10","-100","10","1900","0.1","0.09","0.11","0","","","10","190","505.97","506.59"
"Nov 22, 2024 2:00pm","Nov 22, 2024 4:00pm","QQQ","Nov 22, 2024","longputspread","short put 502 / long put 504","1","expired","-11","11","-100","11","1718.18","0.11","0.1","0.12","0","","","11","189","505.75","505.79"
"Nov 21, 2024 2:00pm","Nov 21, 2024 4:00pm","QQQ","Nov 21, 2024","longputspread","short put 502 / long put 504","1","expired","-18","18","-100","18","1011.11","0.18","0.16","0.18","0","","","18","182","505.79","504.98"
"Nov 20, 2024 2:00pm","Nov 20, 2024 4:00pm","QQQ","Nov 20, 2024","longputspread","short put 496 / long put 498","1","expired","-60","60","-100","60","233.33","0.6","0.6","0.62","0","","","60","140","499.26","503.17"
"Nov 19, 2024 2:00pm","Nov 19, 2024 4:00pm","QQQ","Nov 19, 2024","longputspread","short put 500 / long put 502","1","expired","-9","9","-100","9","2122.22","0.09","0.09","0.11","0","","","9","191","503.76","503.46"
"Nov 18, 2024 2:00pm","Nov 18, 2024 4:00pm","QQQ","Nov 18, 2024","longputspread","short put 497 / long put 499","1","expired","-11","11","-100","11","1718.18","0.11","0.1","0.12","0","","","11","189","500.68","500.02"
"Nov 15, 2024 2:00pm","Nov 15, 2024 4:00pm","QQQ","Nov 15, 2024","longputspread","short put 491 / long put 493","1","expired","-14","14","-100","14","1328.57","0.14","0.14","0.16","0","","","14","186","495.07","496.57"
"Nov 14, 2024 2:00pm","Nov 14, 2024 4:00pm","QQQ","Nov 14, 2024","longputspread","short put 505 / long put 507","1","expired","-13","13","-100","13","1438.46","0.13","0.12","0.14","0","","","13","187","509.23","508.69"
"Nov 13, 2024 2:00pm","Nov 13, 2024 4:00pm","QQQ","Nov 13, 2024","longputspread","short put 511 / long put 513","1","expired","68","7","971.43","7","2757.14","0.07","0.07","0.09","0.75","","","7","193","514.71","512.25"
"Nov 12, 2024 2:00pm","Nov 12, 2024 4:00pm","QQQ","Nov 12, 2024","longputspread","short put 509 / long put 511","1","expired","-8","8","-100","8","2400","0.08","0.08","0.1","0","","","8","192","512.88","512.91"
"Nov 11, 2024 2:00pm","Nov 11, 2024 4:00pm","QQQ","Nov 11, 2024","longputspread","short put 509 / long put 511","1","expired","-7","7","-100","7","2757.14","0.07","0.07","0.09","0","","","7","193","512.87","513.84"
"Nov 8, 2024 2:00pm","Nov 8, 2024 4:00pm","QQQ","Nov 8, 2024","longputspread","short put 511 / long put 513","1","expired","-11","11","-100","11","1718.18","0.11","0.09","0.11","0","","","11","189","514.61","514.14"
"Nov 7, 2024 2:00pm","Nov 7, 2024 4:00pm","QQQ","Nov 7, 2024","longputspread","short put 509 / long put 511","1","expired","-37","37","-100","37","440.54","0.37","0.33","0.42","0","","","37","163","512.57","513.54"
"Nov 6, 2024 2:00pm","Nov 6, 2024 4:00pm","QQQ","Nov 6, 2024","longputspread","short put 501 / long put 503","1","expired","-14","14","-100","14","1328.57","0.14","0.14","0.16","0","","","14","186","504.74","505.58"
"Nov 5, 2024 2:00pm","Nov 5, 2024 4:00pm","QQQ","Nov 5, 2024","longputspread","short put 488 / long put 490","1","expired","-23","23","-100","23","769.57","0.23","0.22","0.24","0","","","23","177","491.39","492.21"
"Nov 4, 2024 2:00pm","Nov 4, 2024 4:00pm","QQQ","Nov 4, 2024","longputspread","short put 484 / long put 486","1","expired","-19","19","-100","19","952.63","0.19","0.19","0.21","0","","","19","181","487.51","486.01"
"Nov 1, 2024 2:00pm","Nov 1, 2024 4:00pm","QQQ","Nov 1, 2024","longputspread","short put 484 / long put 486","1","expired","-23","23","-100","23","769.57","0.23","0.21","0.23","0","","","23","177","487.66","487.43"
"Oct 31, 2024 2:00pm","Oct 31, 2024 4:00pm","QQQ","Oct 31, 2024","longputspread","short put 481 / long put 483","1","expired","-50","50","-100","50","300","0.5","0.48","0.5","0","","","50","150","484.47","483.85"
"Oct 30, 2024 2:00pm","Oct 30, 2024 4:00pm","QQQ","Oct 30, 2024","longputspread","short put 494 / long put 496","1","expired","-47","47","-100","47","325.53","0.47","0.45","0.47","0","","","47","153","497.39","496.38"
"Oct 29, 2024 2:00pm","Oct 29, 2024 4:00pm","QQQ","Oct 29, 2024","longputspread","short put 496 / long put 498","1","expired","-40","40","-100","40","400","0.4","0.39","0.41","0","","","40","160","499.59","500.16"
"Oct 28, 2024 2:00pm","Oct 28, 2024 4:00pm","QQQ","Oct 28, 2024","longputspread","short put 493 / long put 495","1","expired","-11","11","-100","11","1718.18","0.11","0.09","0.11","0","","","11","189","496.76","495.4"
"Oct 25, 2024 2:00pm","Oct 25, 2024 4:00pm","QQQ","Oct 25, 2024","longputspread","short put 492 / long put 494","1","expired","-28","28","-100","28","614.29","0.28","0.26","0.28","0","","","28","172","495.64","495.32"
"Oct 24, 2024 2:00pm","Oct 24, 2024 4:00pm","QQQ","Oct 24, 2024","longputspread","short put 488 / long put 490","1","expired","-20","20","-100","20","900","0.2","0.18","0.2","0","","","20","180","491.46","492.32"
"Oct 23, 2024 2:00pm","Oct 23, 2024 4:00pm","QQQ","Oct 23, 2024","longputspread","short put 483 / long put 485","1","expired","-38","38","-100","38","426.32","0.38","0.36","0.38","0","","","38","162","486.18","488.36"
"Oct 22, 2024 2:00pm","Oct 22, 2024 4:00pm","QQQ","Oct 22, 2024","longputspread","short put 493 / long put 495","1","expired","-16","16","-100","16","1150","0.16","0.14","0.16","0","","","16","184","496.81","495.96"
"Oct 21, 2024 2:00pm","Oct 21, 2024 4:00pm","QQQ","Oct 21, 2024","longputspread","short put 491 / long put 493","1","expired","-9","9","-100","9","2122.22","0.09","0.08","0.1","0","","","9","191","494.79","495.42"
"Oct 18, 2024 2:00pm","Oct 18, 2024 4:00pm","QQQ","Oct 18, 2024","longputspread","short put 491 / long put 493","1","expired","-11","11","-100","11","1718.18","0.11","0.1","0.12","0","","","11","189","494.56","494.47"
"Oct 17, 2024 2:00pm","Oct 17, 2024 4:00pm","QQQ","Oct 17, 2024","longputspread","short put 490 / long put 492","1","expired","64","11","581.82","11","1718.18","0.11","0.1","0.12","0.75","","","11","189","494.15","491.25"
"Oct 16, 2024 2:00pm","Oct 16, 2024 4:00pm","QQQ","Oct 16, 2024","longputspread","short put 487 / long put 489","1","expired","-13","13","-100","13","1438.46","0.13","0.12","0.14","0","","","13","187","490.68","490.91"
"Oct 15, 2024 2:00pm","Oct 15, 2024 4:00pm","QQQ","Oct 15, 2024","longputspread","short put 488 / long put 490","1","expired","-29","29","-100","29","589.66","0.29","0.28","0.31","0","","","29","171","491.22","490.85"
"Oct 14, 2024 2:00pm","Oct 14, 2024 4:00pm","QQQ","Oct 14, 2024","longputspread","short put 493 / long put 495","1","expired","-4","4","-100","4","4900","0.04","0.04","0.06","0","","","4","196","497.17","497.5"
"Oct 11, 2024 2:00pm","Oct 11, 2024 4:00pm","QQQ","Oct 11, 2024","longputspread","short put 489 / long put 491","1","expired","-7","7","-100","7","2757.14","0.07","0.06","0.08","0","","","7","193","493.03","493.36"
"Oct 10, 2024 2:00pm","Oct 10, 2024 4:00pm","QQQ","Oct 10, 2024","longputspread","short put 489 / long put 491","1","expired","-13","13","-100","13","1438.46","0.13","0.12","0.14","0","","","13","187","492.98","492.59"
"Oct 9, 2024 2:00pm","Oct 9, 2024 4:00pm","QQQ","Oct 9, 2024","longputspread","short put 488 / long put 490","1","expired","-20","20","-100","20","900","0.2","0.16","0.24","0","","","20","180","491.75","493.15"
"Oct 8, 2024 2:00pm","Oct 8, 2024 4:00pm","QQQ","Oct 8, 2024","longputspread","short put 484 / long put 486","1","expired","-16","16","-100","16","1150","0.16","0.15","0.17","0","","","16","184","487.66","489.3"
"Oct 7, 2024 2:00pm","Oct 7, 2024 4:00pm","QQQ","Oct 7, 2024","longputspread","short put 482 / long put 484","1","expired","173","17","1017.65","17","1076.47","0.17","0.16","0.18","1.9","","","17","183","485.68","482.1"
"Oct 4, 2024 2:00pm","Oct 4, 2024 4:00pm","QQQ","Oct 4, 2024","longputspread","short put 481 / long put 483","1","expired","-24","24","-100","24","733.33","0.24","0.23","0.26","0","","","24","176","484.8","487.32"
"Oct 3, 2024 2:00pm","Oct 3, 2024 4:00pm","QQQ","Oct 3, 2024","longputspread","short put 477 / long put 479","1","expired","-19","19","-100","19","952.63","0.19","0.17","0.19","0","","","19","181","480.98","481.59"
"Oct 2, 2024 2:00pm","Oct 2, 2024 4:00pm","QQQ","Oct 2, 2024","longputspread","short put 479 / long put 481","1","expired","-18","18","-100","18","1011.11","0.18","0.17","0.19","0","","","18","182","482.83","481.95"
"Oct 1, 2024 2:00pm","Oct 1, 2024 4:00pm","QQQ","Oct 1, 2024","longputspread","short put 478 / long put 480","1","expired","-35","35","-100","35","471.43","0.35","0.34","0.36","0","","","35","165","481.68","481.27"
"Sep 30, 2024 2:00pm","Sep 30, 2024 4:00pm","QQQ","Sep 30, 2024","longputspread","short put 483 / long put 484.78","1","expired","-21","21","-100","21","747.62","0.21","0.19","0.21","0","","","21","157","486.46","488.07"
"Sep 27, 2024 2:00pm","Sep 27, 2024 4:00pm","QQQ","Sep 27, 2024","longputspread","short put 484 / long put 486","1","expired","-11","11","-100","11","1718.18","0.11","0.09","0.11","0","","","11","189","488.14","486.75"
"Sep 26, 2024 2:00pm","Sep 26, 2024 4:00pm","QQQ","Sep 26, 2024","longputspread","short put 484 / long put 486","1","expired","-17","17","-100","17","1076.47","0.17","0.17","0.19","0","","","17","183","487.86","489.47"
"Sep 25, 2024 2:00pm","Sep 25, 2024 4:00pm","QQQ","Sep 25, 2024","longputspread","short put 482 / long put 484","1","expired","-12","12","-100","12","1566.67","0.12","0.12","0.14","0","","","12","188","486.1","485.82"
"Sep 24, 2024 2:00pm","Sep 24, 2024 4:00pm","QQQ","Sep 24, 2024","longputspread","short put 482 / long put 484","1","expired","-20","20","-100","20","900","0.2","0.19","0.21","0","","","20","180","485.18","485.37"
"Sep 23, 2024 2:00pm","Sep 23, 2024 4:00pm","QQQ","Sep 23, 2024","longputspread","short put 479 / long put 481","1","expired","-13","13","-100","13","1438.46","0.13","0.11","0.13","0","","","13","187","482.92","483.04"
"Sep 20, 2024 2:00pm","Sep 20, 2024 4:00pm","QQQ","Sep 20, 2024","longputspread","short put 478 / long put 480","1","expired","-23","23","-100","23","769.57","0.23","0.22","0.24","0","","","23","177","481.57","482.44"
"Sep 19, 2024 2:00pm","Sep 19, 2024 4:00pm","QQQ","Sep 19, 2024","longputspread","short put 482 / long put 484","1","expired","40","24","166.67","24","733.33","0.24","0.22","0.24","0.64","","","24","176","485.99","483.36"
"Sep 17, 2024 2:00pm","Sep 17, 2024 4:00pm","QQQ","Sep 17, 2024","longputspread","short put 469 / long put 471","1","expired","-22","22","-100","22","809.09","0.22","0.21","0.23","0","","","22","178","473.05","473.49"
"Sep 16, 2024 2:00pm","Sep 16, 2024 4:00pm","QQQ","Sep 16, 2024","longputspread","short put 469 / long put 471","1","expired","-15","15","-100","15","1233.33","0.15","0.14","0.16","0","","","15","185","473","473.24"
"Sep 13, 2024 2:00pm","Sep 13, 2024 4:00pm","QQQ","Sep 13, 2024","longputspread","short put 472.50 / long put 474","1","expired","-10","10","-100","10","1400","0.1","0.1","0.12","0","","","10","140","476.14","475.34"
"Sep 12, 2024 2:00pm","Sep 12, 2024 4:00pm","QQQ","Sep 12, 2024","longputspread","short put 470 / long put 472","1","expired","-25","25","-100","25","700","0.25","0.24","0.26","0","","","25","175","473.64","473.22"
"Sep 11, 2024 2:00pm","Sep 11, 2024 4:00pm","QQQ","Sep 11, 2024","longputspread","short put 460 / long put 462","1","expired","-34","34","-100","34","488.24","0.34","0.33","0.35","0","","","34","166","463.19","468.62"
"Sep 10, 2024 2:00pm","Sep 10, 2024 4:00pm","QQQ","Sep 10, 2024","longputspread","short put 454 / long put 456","1","expired","-35","35","-100","35","471.43","0.35","0.33","0.35","0","","","35","165","456.97","458.66"
"Sep 9, 2024 2:00pm","Sep 9, 2024 4:00pm","QQQ","Sep 9, 2024","longputspread","short put 450 / long put 452","1","expired","-33","33","-100","33","506.06","0.33","0.32","0.34","0","","","33","167","453.29","454.46"
"Sep 6, 2024 2:00pm","Sep 6, 2024 4:00pm","QQQ","Sep 6, 2024","longputspread","short put 446 / long put 447.50","1","expired","-26","26","-100","26","476.92","0.26","0.26","0.28","0","","","26","124","449.34","448.69"
"Sep 5, 2024 2:00pm","Sep 5, 2024 4:00pm","QQQ","Sep 5, 2024","longputspread","short put 459 / long put 461","1","expired","-50","50","-100","50","300","0.5","0.49","0.51","0","","","50","150","462.05","461.04"
"Sep 4, 2024 2:00pm","Sep 4, 2024 4:00pm","QQQ","Sep 4, 2024","longputspread","short put 458 / long put 460","1","expired","-23","23","-100","23","769.57","0.23","0.22","0.24","0","","","23","177","461.76","460.61"
"Sep 3, 2024 2:00pm","Sep 3, 2024 4:00pm","QQQ","Sep 3, 2024","longputspread","short put 461 / long put 463","1","expired","84","35","240","35","471.43","0.35","0.34","0.36","1.19","","","35","165","464.23","461.81"
"Aug 30, 2024 2:00pm","Aug 30, 2024 4:00pm","QQQ","Aug 30, 2024","longputspread","short put 469 / long put 471","1","expired","-32","32","-100","32","525","0.32","0.31","0.34","0","","","32","168","472.35","476.27"
"Aug 29, 2024 2:00pm","Aug 29, 2024 4:00pm","QQQ","Aug 29, 2024","longputspread","short put 473 / long put 475","1","expired","180","20","900","20","900","0.2","0.2","0.22","2","","","20","180","476.56","470.66"
"Aug 28, 2024 2:00pm","Aug 28, 2024 4:00pm","QQQ","Aug 28, 2024","longputspread","short put 465 / long put 467","1","expired","-75","75","-100","75","166.67","0.75","0.73","0.77","0","","","75","125","468.32","471.35"
"Aug 27, 2024 2:00pm","Aug 27, 2024 4:00pm","QQQ","Aug 27, 2024","longputspread","short put 474 / long put 476","1","expired","-16","16","-100","16","1150","0.16","0.15","0.17","0","","","16","184","477.65","476.76"
"Aug 26, 2024 2:00pm","Aug 26, 2024 4:00pm","QQQ","Aug 26, 2024","longputspread","short put 470 / long put 472","1","expired","-20","20","-100","20","900","0.2","0.19","0.22","0","","","20","180","473.98","475.34"
"Aug 23, 2024 2:00pm","Aug 23, 2024 4:00pm","QQQ","Aug 23, 2024","longputspread","short put 475 / long put 477","1","expired","-23","23","-100","23","769.57","0.23","0.23","0.25","0","","","23","177","478.63","480"
"Aug 22, 2024 2:00pm","Aug 22, 2024 4:00pm","QQQ","Aug 22, 2024","longputspread","short put 472 / long put 474","1","expired","-39","39","-100","39","412.82","0.39","0.38","0.41","0","","","39","161","475.44","474.85"
"Aug 21, 2024 2:00pm","Aug 21, 2024 4:00pm","QQQ","Aug 21, 2024","longputspread","short put 479 / long put 481","1","expired","-29","29","-100","29","589.66","0.29","0.25","0.32","0","","","29","171","482.25","482.5"
"Aug 20, 2024 2:00pm","Aug 20, 2024 4:00pm","QQQ","Aug 20, 2024","longputspread","short put 477 / long put 479","1","expired","-29","29","-100","29","589.66","0.29","0.28","0.3","0","","","29","171","480.15","480.26"
"Aug 19, 2024 2:00pm","Aug 19, 2024 4:00pm","QQQ","Aug 19, 2024","longputspread","short put 474 / long put 476","1","expired","-8","8","-100","8","2400","0.08","0.07","0.09","0","","","8","192","477.98","481.27"
"Aug 16, 2024 2:00pm","Aug 16, 2024 4:00pm","QQQ","Aug 16, 2024","longputspread","short put 472 / long put 474","1","expired","-13","13","-100","13","1438.46","0.13","0.13","0.15","0","","","13","187","475.63","475.03"
"Aug 15, 2024 2:00pm","Aug 15, 2024 4:00pm","QQQ","Aug 15, 2024","longputspread","short put 471 / long put 473","1","expired","-25","25","-100","25","700","0.25","0.24","0.26","0","","","25","175","474.33","474.42"
"Aug 14, 2024 2:00pm","Aug 14, 2024 4:00pm","QQQ","Aug 14, 2024","longputspread","short put 458 / long put 460","1","expired","-21","21","-100","21","852.38","0.21","0.2","0.22","0","","","21","179","461.95","462.73"
"Aug 13, 2024 2:00pm","Aug 13, 2024 4:00pm","QQQ","Aug 13, 2024","longputspread","short put 458 / long put 460","1","expired","-32","32","-100","32","525","0.32","0.31","0.34","0","","","32","168","461.46","462.58"
"Aug 12, 2024 2:00pm","Aug 12, 2024 4:00pm","QQQ","Aug 12, 2024","longputspread","short put 447 / long put 449","1","expired","-30","30","-100","30","566.67","0.3","0.29","0.32","0","","","30","170","450.82","451.38"
"Aug 9, 2024 2:00pm","Aug 9, 2024 4:00pm","QQQ","Aug 9, 2024","longputspread","short put 447 / long put 449","1","expired","-34","34","-100","34","488.24","0.34","0.34","0.36","0","","","34","166","450.5","450.41"
"Aug 8, 2024 2:00pm","Aug 8, 2024 4:00pm","QQQ","Aug 8, 2024","longputspread","short put 445 / long put 447","1","expired","-47","47","-100","47","325.53","0.47","0.45","0.48","0","","","47","153","448","448.07"
"Aug 7, 2024 2:00pm","Aug 7, 2024 4:00pm","QQQ","Aug 7, 2024","longputspread","short put 435 / long put 437","1","expired","146","54","270.37","54","270.37","0.54","0.53","0.57","2","","","54","146","438.39","434.77"
"Aug 6, 2024 2:00pm","Aug 6, 2024 4:00pm","QQQ","Aug 6, 2024","longputspread","short put 442 / long put 444","1","expired","157","43","365.12","43","365.12","0.43","0.43","0.45","2","","","43","157","445.53","439.53"
"Aug 5, 2024 2:00pm","Aug 5, 2024 4:00pm","QQQ","Aug 5, 2024","longputspread","short put 434 / long put 436","1","expired","7","56","12.5","56","257.14","0.56","0.54","0.58","0.63","","","56","144","437.24","435.37"
"Aug 2, 2024 2:00pm","Aug 2, 2024 4:00pm","QQQ","Aug 2, 2024","longputspread","short put 444 / long put 446","1","expired","-57","57","-100","57","250.88","0.57","0.56","0.59","0","","","57","143","447.08","448.75"
"Aug 1, 2024 2:00pm","Aug 1, 2024 4:00pm","QQQ","Aug 1, 2024","longputspread","short put 456 / long put 458","1","expired","-61","61","-100","61","227.87","0.61","0.59","0.63","0","","","61","139","459.63","459.66"
"Jul 30, 2024 2:00pm","Jul 30, 2024 4:00pm","QQQ","Jul 30, 2024","longputspread","short put 454 / long put 456","1","expired","-53","53","-100","53","277.36","0.53","0.52","0.55","0","","","53","147","457.41","457.53"
"Jul 29, 2024 2:00pm","Jul 29, 2024 4:00pm","QQQ","Jul 29, 2024","longputspread","short put 461 / long put 463","1","expired","-27","27","-100","27","640.74","0.27","0.26","0.29","0","","","27","173","464.95","463.9"
"Jul 26, 2024 2:00pm","Jul 26, 2024 4:00pm","QQQ","Jul 26, 2024","longputspread","short put 460 / long put 462","1","expired","-41","41","-100","41","387.8","0.41","0.39","0.43","0","","","41","159","463.49","462.97"
"Jul 25, 2024 2:00pm","Jul 25, 2024 4:00pm","QQQ","Jul 25, 2024","longputspread","short put 462 / long put 464","1","expired","165","35","471.43","35","471.43","0.35","0.33","0.35","2","","","35","165","465.52","458.27"
"Jul 24, 2024 2:00pm","Jul 24, 2024 4:00pm","QQQ","Jul 24, 2024","longputspread","short put 463 / long put 465","1","expired","123","39","315.38","39","412.82","0.39","0.38","0.4","1.62","","","39","161","466.2","463.38"
"Jul 23, 2024 2:00pm","Jul 23, 2024 4:00pm","QQQ","Jul 23, 2024","longputspread","short put 478 / long put 480","1","expired","-36","36","-100","36","455.56","0.36","0.35","0.37","0","","","36","164","481.98","480.62"
"Jul 22, 2024 2:00pm","Jul 22, 2024 4:00pm","QQQ","Jul 22, 2024","longputspread","short put 479 / long put 481","1","expired","-30","30","-100","30","566.67","0.3","0.29","0.31","0","","","30","170","482.28","482.32"
"Jul 19, 2024 2:00pm","Jul 19, 2024 4:00pm","QQQ","Jul 19, 2024","longputspread","short put 472 / long put 474","1","expired","-31","31","-100","31","545.16","0.31","0.3","0.32","0","","","31","169","475.58","475.24"
"Jul 18, 2024 2:00pm","Jul 18, 2024 4:00pm","QQQ","Jul 18, 2024","longputspread","short put 475 / long put 477","1","expired","-34","34","-100","34","488.24","0.34","0.33","0.36","0","","","34","166","479.01","479.49"
"Jul 17, 2024 2:00pm","Jul 17, 2024 4:00pm","QQQ","Jul 17, 2024","longputspread","short put 479 / long put 481","1","expired","-27","27","-100","27","640.74","0.27","0.25","0.29","0","","","27","173","482.78","481.77"
"Jul 16, 2024 2:00pm","Jul 16, 2024 4:00pm","QQQ","Jul 16, 2024","longputspread","short put 491 / long put 493","1","expired","-24","24","-100","24","733.33","0.24","0.23","0.25","0","","","24","176","494.6","496.34"
"Jul 15, 2024 2:00pm","Jul 15, 2024 4:00pm","QQQ","Jul 15, 2024","longputspread","short put 492 / long put 494","1","expired","-25","25","-100","25","700","0.25","0.25","0.27","0","","","25","175","495.61","496.15"
"Jul 12, 2024 2:00pm","Jul 12, 2024 4:00pm","QQQ","Jul 12, 2024","longputspread","short put 495 / long put 497","1","expired","186","14","1328.57","14","1328.57","0.14","0.13","0.15","2","","","14","186","498.87","494.82"
"Jul 11, 2024 2:00pm","Jul 11, 2024 4:00pm","QQQ","Jul 11, 2024","longputspread","short put 487 / long put 489","1","expired","-23","23","-100","23","769.57","0.23","0.22","0.24","0","","","23","177","491.04","491.93"
"Jul 10, 2024 2:00pm","Jul 10, 2024 4:00pm","QQQ","Jul 10, 2024","longputspread","short put 499 / long put 501","1","expired","-13","13","-100","13","1438.46","0.13","0.12","0.14","0","","","13","187","502.48","502.96"
"Jul 9, 2024 2:00pm","Jul 9, 2024 4:00pm","QQQ","Jul 9, 2024","longputspread","short put 494 / long put 496","1","expired","-19","19","-100","19","952.63","0.19","0.17","0.19","0","","","19","181","497.31","497.77"
"Jul 8, 2024 2:00pm","Jul 8, 2024 4:00pm","QQQ","Jul 8, 2024","longputspread","short put 493 / long put 495","1","expired","-5","5","-100","5","3900","0.05","0.05","0.07","0","","","5","195","497.11","497.34"
"Jul 5, 2024 2:00pm","Jul 5, 2024 4:00pm","QQQ","Jul 5, 2024","longputspread","short put 492.50 / long put 494","1","expired","-5","5","-100","5","2900","0.05","0.05","0.07","0","","","5","145","496.17","496.16"
"Jul 2, 2024 2:00pm","Jul 2, 2024 4:00pm","QQQ","Jul 2, 2024","longputspread","short put 482 / long put 484","1","expired","-13","13","-100","13","1438.46","0.13","0.12","0.14","0","","","13","187","485.8","486.98"
"Jul 1, 2024 2:00pm","Jul 1, 2024 4:00pm","QQQ","Jul 1, 2024","longputspread","short put 477 / long put 479","1","expired","-13","13","-100","13","1438.46","0.13","0.11","0.13","0","","","13","187","480.75","481.92"
"Jun 28, 2024 2:00pm","Jun 28, 2024 4:00pm","QQQ","Jun 28, 2024","longputspread","short put 478 / long put 480","1","expired","71","18","394.44","18","1011.11","0.18","0.17","0.19","0.89","","","18","182","481.7","479.11"
"Jun 27, 2024 2:00pm","Jun 27, 2024 4:00pm","QQQ","Jun 27, 2024","longputspread","short put 478 / long put 480","1","expired","-19","19","-100","19","952.63","0.19","0.17","0.19","0","","","19","181","481.24","481.61"
"Jun 26, 2024 2:00pm","Jun 26, 2024 4:00pm","QQQ","Jun 26, 2024","longputspread","short put 476 / long put 478","1","expired","-25","25","-100","25","700","0.25","0.23","0.25","0","","","25","175","479.9","480.37"
"Jun 25, 2024 2:00pm","Jun 25, 2024 4:00pm","QQQ","Jun 25, 2024","longputspread","short put 475 / long put 477","1","expired","-17","17","-100","17","1076.47","0.17","0.17","0.19","0","","","17","183","478.33","479.38"
"Jun 24, 2024 2:00pm","Jun 24, 2024 4:00pm","QQQ","Jun 24, 2024","longputspread","short put 472 / long put 474","1","expired","-17","21","-80.95","21","852.38","0.21","0.2","0.22","0.04","","","21","179","475.51","473.96"
"Jun 21, 2024 2:00pm","Jun 21, 2024 4:00pm","QQQ","Jun 21, 2024","longputspread","short put 476 / long put 478","1","expired","-21","21","-100","21","852.38","0.21","0.2","0.22","0","","","21","179","479.86","480.18"
"Jun 20, 2024 2:00pm","Jun 20, 2024 4:00pm","QQQ","Jun 20, 2024","longputspread","short put 478 / long put 480","1","expired","-25","25","-100","25","700","0.25","0.24","0.26","0","","","25","175","481.44","481.47"
"Jun 18, 2024 2:00pm","Jun 18, 2024 4:00pm","QQQ","Jun 18, 2024","longputspread","short put 482 / long put 484","1","expired","-17","17","-100","17","1076.47","0.17","0.16","0.18","0","","","17","183","485.27","485.21"
"Jun 17, 2024 2:00pm","Jun 17, 2024 4:00pm","QQQ","Jun 17, 2024","longputspread","short put 482 / long put 484","1","expired","-15","15","-100","15","1233.33","0.15","0.13","0.15","0","","","15","185","485.94","485.06"
"Jun 14, 2024 2:00pm","Jun 14, 2024 4:00pm","QQQ","Jun 14, 2024","longputspread","short put 475 / long put 477","1","expired","-20","20","-100","20","900","0.2","0.18","0.21","0","","","20","180","478.48","479.19"
"Jun 13, 2024 2:00pm","Jun 13, 2024 4:00pm","QQQ","Jun 13, 2024","longputspread","short put 473 / long put 475","1","expired","-25","25","-100","25","700","0.25","0.24","0.27","0","","","25","175","476.09","476.72"
"Jun 11, 2024 2:00pm","Jun 11, 2024 4:00pm","QQQ","Jun 11, 2024","longputspread","short put 463 / long put 465","1","expired","-19","19","-100","19","952.63","0.19","0.17","0.19","0","","","19","181","466.15","468.02"
"Jun 10, 2024 2:00pm","Jun 10, 2024 4:00pm","QQQ","Jun 10, 2024","longputspread","short put 461 / long put 463","1","expired","-14","14","-100","14","1328.57","0.14","0.13","0.15","0","","","14","186","464.53","464.83"
"Jun 7, 2024 2:00pm","Jun 7, 2024 4:00pm","QQQ","Jun 7, 2024","longputspread","short put 461 / long put 463","1","expired","-9","13","-69.23","13","1438.46","0.13","0.11","0.13","0.04","","","13","187","464.78","462.96"
"Jun 6, 2024 2:00pm","Jun 6, 2024 4:00pm","QQQ","Jun 6, 2024","longputspread","short put 460 / long put 462","1","expired","-16","16","-100","16","1150","0.16","0.14","0.16","0","","","16","184","463.54","463.37"
"Jun 5, 2024 2:00pm","Jun 5, 2024 4:00pm","QQQ","Jun 5, 2024","longputspread","short put 459 / long put 461","1","expired","-18","18","-100","18","1011.11","0.18","0.17","0.18","0","","","18","182","462.22","463.53"
"Jun 4, 2024 2:00pm","Jun 4, 2024 4:00pm","QQQ","Jun 4, 2024","longputspread","short put 449 / long put 451","1","expired","-17","17","-100","17","1076.47","0.17","0.16","0.18","0","","","17","183","452.59","454.37"
"Jun 3, 2024 2:00pm","Jun 3, 2024 4:00pm","QQQ","Jun 3, 2024","longputspread","short put 447 / long put 449","1","expired","-21","21","-100","21","852.38","0.21","0.2","0.22","0","","","21","179","450.84","453.13"
"May 31, 2024 2:00pm","May 31, 2024 4:00pm","QQQ","May 31, 2024","longputspread","short put 442 / long put 444","1","expired","-25","25","-100","25","700","0.25","0.24","0.26","0","","","25","175","445.48","450.71"
"May 30, 2024 2:00pm","May 30, 2024 4:00pm","QQQ","May 30, 2024","longputspread","short put 451 / long put 453","1","expired","120","25","480","25","700","0.25","0.24","0.26","1.45","","","25","175","453.99","451.55"
"May 29, 2024 2:00pm","May 29, 2024 4:00pm","QQQ","May 29, 2024","longputspread","short put 454 / long put 456","1","expired","-14","14","-100","14","1328.57","0.14","0.14","0.16","0","","","14","186","457.74","456.44"
"May 28, 2024 2:00pm","May 28, 2024 4:00pm","QQQ","May 28, 2024","longputspread","short put 455 / long put 457","1","expired","-11","11","-100","11","1718.18","0.11","0.09","0.11","0","","","11","189","458.68","459.68"
"May 24, 2024 2:00pm","May 24, 2024 4:00pm","QQQ","May 24, 2024","longputspread","short put 455 / long put 457","1","expired","-7","7","-100","7","2757.14","0.07","0.06","0.08","0","","","7","193","458.68","457.95"
"May 23, 2024 2:00pm","May 23, 2024 4:00pm","QQQ","May 23, 2024","longputspread","short put 451 / long put 453","1","expired","-34","34","-100","34","488.24","0.34","0.32","0.35","0","","","34","166","454.14","453.66"
"May 22, 2024 2:00pm","May 22, 2024 4:00pm","QQQ","May 22, 2024","longputspread","short put 452 / long put 454","1","expired","-67","67","-100","67","198.51","0.67","0.64","0.69","0","","","67","133","455.19","455.71"
"May 21, 2024 2:00pm","May 21, 2024 4:00pm","QQQ","May 21, 2024","longputspread","short put 452 / long put 454","1","expired","-8","8","-100","8","2400","0.08","0.08","0.1","0","","","8","192","455.21","455.8"
"May 20, 2024 2:00pm","May 20, 2024 4:00pm","QQQ","May 20, 2024","longputspread","short put 451 / long put 453","1","expired","-11","11","-100","11","1718.18","0.11","0.1","0.12","0","","","11","189","454.41","454.91"
"May 17, 2024 2:00pm","May 17, 2024 4:00pm","QQQ","May 17, 2024","longputspread","short put 448 / long put 450","1","expired","-13","13","-100","13","1438.46","0.13","0.12","0.14","0","","","13","187","451.24","451.76"
"May 16, 2024 2:00pm","May 16, 2024 4:00pm","QQQ","May 16, 2024","longputspread","short put 450 / long put 452","1","expired","-11","13","-84.62","13","1438.46","0.13","0.12","0.14","0.02","","","13","187","453.47","451.98"
"May 15, 2024 2:00pm","May 15, 2024 4:00pm","QQQ","May 15, 2024","longputspread","short put 449 / long put 451","1","expired","-11","11","-100","11","1718.18","0.11","0.09","0.11","0","","","11","189","452.55","452.9"
"May 14, 2024 2:00pm","May 14, 2024 4:00pm","QQQ","May 14, 2024","longputspread","short put 441 / long put 443","1","expired","-13","13","-100","13","1438.46","0.13","0.13","0.15","0","","","13","187","444.02","445.93"
"May 13, 2024 2:00pm","May 13, 2024 4:00pm","QQQ","May 13, 2024","longputspread","short put 440 / long put 442","1","expired","-19","19","-100","19","952.63","0.19","0.18","0.2","0","","","19","181","442.83","443.08"
"May 10, 2024 2:00pm","May 10, 2024 4:00pm","QQQ","May 10, 2024","longputspread","short put 439 / long put 441","1","expired","-17","17","-100","17","1076.47","0.17","0.17","0.19","0","","","17","183","442.01","442.06"
"May 9, 2024 2:00pm","May 9, 2024 4:00pm","QQQ","May 9, 2024","longputspread","short put 438 / long put 440","1","expired","-20","20","-100","20","900","0.2","0.19","0.21","0","","","20","180","440.84","441.02"
"May 8, 2024 2:00pm","May 8, 2024 4:00pm","QQQ","May 8, 2024","longputspread","short put 437 / long put 439","1","expired","-20","20","-100","20","900","0.2","0.19","0.21","0","","","20","180","439.95","440.06"
"May 7, 2024 2:00pm","May 7, 2024 4:00pm","QQQ","May 7, 2024","longputspread","short put 437 / long put 439","1","expired","-20","20","-100","20","900","0.2","0.19","0.22","0","","","20","180","440.25","440.32"
"May 6, 2024 2:00pm","May 6, 2024 4:00pm","QQQ","May 6, 2024","longputspread","short put 435 / long put 437","1","expired","-11","11","-100","11","1718.18","0.11","0.1","0.12","0","","","11","189","438.63","440.25"
"May 3, 2024 2:00pm","May 3, 2024 4:00pm","QQQ","May 3, 2024","longputspread","short put 432 / long put 434","1","expired","-23","23","-100","23","769.57","0.23","0.22","0.24","0","","","23","177","435.09","435.48"
"May 2, 2024 2:00pm","May 2, 2024 4:00pm","QQQ","May 2, 2024","longputspread","short put 422 / long put 424","1","expired","-33","33","-100","33","506.06","0.33","0.31","0.33","0","","","33","167","425.64","426.9"
"May 1, 2024 2:00pm","May 1, 2024 4:00pm","QQQ","May 1, 2024","longputspread","short put 419 / long put 421","1","expired","-68","68","-100","68","194.12","0.68","0.56","0.8","0","","","68","132","422.32","421.52"
"Apr 30, 2024 2:00pm","Apr 30, 2024 4:00pm","QQQ","Apr 30, 2024","longputspread","short put 425 / long put 427","1","expired","156","44","354.55","44","354.55","0.44","0.43","0.45","2","","","44","156","428.57","424.59"
"Apr 29, 2024 2:00pm","Apr 29, 2024 4:00pm","QQQ","Apr 29, 2024","longputspread","short put 430 / long put 432","1","expired","-22","22","-100","22","809.09","0.22","0.21","0.23","0","","","22","178","433","432.75"
"Apr 26, 2024 2:00pm","Apr 26, 2024 4:00pm","QQQ","Apr 26, 2024","longputspread","short put 429 / long put 431","1","expired","-27","27","-100","27","640.74","0.27","0.26","0.28","0","","","27","173","431.96","431"
"Apr 25, 2024 2:00pm","Apr 25, 2024 4:00pm","QQQ","Apr 25, 2024","longputspread","short put 421 / long put 423","1","expired","-46","46","-100","46","334.78","0.46","0.45","0.47","0","","","46","154","424.46","424.45"
"Apr 24, 2024 2:00pm","Apr 24, 2024 4:00pm","QQQ","Apr 24, 2024","longputspread","short put 424 / long put 426","1","expired","-41","41","-100","41","387.8","0.41","0.4","0.42","0","","","41","159","427.39","426.51"
"Apr 23, 2024 2:00pm","Apr 23, 2024 4:00pm","QQQ","Apr 23, 2024","longputspread","short put 423 / long put 425","1","expired","-33","33","-100","33","506.06","0.33","0.33","0.35","0","","","33","167","425.8","425.07"
"Apr 22, 2024 2:00pm","Apr 22, 2024 4:00pm","QQQ","Apr 22, 2024","longputspread","short put 417 / long put 419","1","expired","-13","31","-41.94","31","545.16","0.31","0.3","0.32","0.18","","","31","169","419.95","418.82"
"Apr 19, 2024 2:00pm","Apr 19, 2024 4:00pm","QQQ","Apr 19, 2024","longputspread","short put 414 / long put 416","1","expired","98","37","264.86","37","440.54","0.37","0.36","0.38","1.35","","","37","163","417.28","414.65"
"Apr 18, 2024 2:00pm","Apr 18, 2024 4:00pm","QQQ","Apr 18, 2024","longputspread","short put 421 / long put 423","1","expired","-51","51","-100","51","292.16","0.51","0.5","0.53","0","","","51","149","423.78","423.41"
"Apr 17, 2024 2:00pm","Apr 17, 2024 4:00pm","QQQ","Apr 17, 2024","longputspread","short put 425 / long put 427","1","expired","77","39","197.44","39","412.82","0.39","0.38","0.4","1.16","","","39","161","427.92","425.84"
"Apr 16, 2024 2:00pm","Apr 16, 2024 4:00pm","QQQ","Apr 16, 2024","longputspread","short put 428 / long put 430","1","expired","-39","39","-100","39","412.82","0.39","0.37","0.4","0","","","39","161","431.39","431.1"
"Apr 15, 2024 2:00pm","Apr 15, 2024 4:00pm","QQQ","Apr 15, 2024","longputspread","short put 429 / long put 431","1","expired","-44","44","-100","44","354.55","0.44","0.42","0.45","0","","","44","156","432.2","431.06"
"Apr 12, 2024 2:00pm","Apr 12, 2024 4:00pm","QQQ","Apr 12, 2024","longputspread","short put 435 / long put 437","1","expired","-42","42","-100","42","376.19","0.42","0.42","0.44","0","","","42","158","437.88","438.27"
"Apr 11, 2024 2:00pm","Apr 11, 2024 4:00pm","QQQ","Apr 11, 2024","longputspread","short put 441 / long put 443","1","expired","-22","22","-100","22","809.09","0.22","0.21","0.23","0","","","22","178","444.33","445.37"
"Apr 10, 2024 2:00pm","Apr 10, 2024 4:00pm","QQQ","Apr 10, 2024","longputspread","short put 434 / long put 436","1","expired","-35","35","-100","35","471.43","0.35","0.31","0.38","0","","","35","165","437.64","438.37"
"Apr 9, 2024 2:00pm","Apr 9, 2024 4:00pm","QQQ","Apr 9, 2024","longputspread","short put 436 / long put 438","1","expired","-16","16","-100","16","1150","0.16","0.15","0.17","0","","","16","184","439.69","442.23"
"Apr 8, 2024 2:00pm","Apr 8, 2024 4:00pm","QQQ","Apr 8, 2024","longputspread","short put 438 / long put 440","1","expired","-22","22","-100","22","809.09","0.22","0.22","0.24","0","","","22","178","440.9","440.6"
"Apr 5, 2024 2:00pm","Apr 5, 2024 4:00pm","QQQ","Apr 5, 2024","longputspread","short put 437 / long put 439","1","expired","-31","31","-100","31","545.16","0.31","0.29","0.32","0","","","31","169","440.38","440.47"
"Apr 4, 2024 2:00pm","Apr 4, 2024 4:00pm","QQQ","Apr 4, 2024","longputspread","short put 442 / long put 444","1","expired","183","17","1076.47","17","1076.47","0.17","0.16","0.18","2","","","17","183","445.32","435.34"
"Apr 3, 2024 2:00pm","Apr 3, 2024 4:00pm","QQQ","Apr 3, 2024","longputspread","short put 440 / long put 442","1","expired","-11","11","-100","11","1718.18","0.11","0.1","0.12","0","","","11","189","443.18","442.1"
"Apr 2, 2024 2:00pm","Apr 2, 2024 4:00pm","QQQ","Apr 2, 2024","longputspread","short put 437 / long put 439","1","expired","-25","25","-100","25","700","0.25","0.24","0.26","0","","","25","175","439.82","441.11"
"Apr 1, 2024 2:00pm","Apr 1, 2024 4:00pm","QQQ","Apr 1, 2024","longputspread","short put 441 / long put 443","1","expired","-13","13","-100","13","1438.46","0.13","0.12","0.14","0","","","13","187","444.2","444.95"
"Mar 28, 2024 2:00pm","Mar 28, 2024 4:00pm","QQQ","Mar 28, 2024","longputspread","short put 441 / long put 443","1","expired","-19","19","-100","19","952.63","0.19","0.18","0.2","0","","","19","181","444.13","444.01"
"Mar 27, 2024 2:00pm","Mar 27, 2024 4:00pm","QQQ","Mar 27, 2024","longputspread","short put 440 / long put 442","1","expired","-14","14","-100","14","1328.57","0.14","0.14","0.16","0","","","14","186","443.12","444.83"
"Mar 26, 2024 2:00pm","Mar 26, 2024 4:00pm","QQQ","Mar 26, 2024","longputspread","short put 442 / long put 444","1","expired","59","9","655.56","9","2122.22","0.09","0.07","0.09","0.68","","","9","191","445.54","443.32"
"Mar 25, 2024 2:00pm","Mar 25, 2024 4:00pm","QQQ","Mar 25, 2024","longputspread","short put 442 / long put 444","1","expired","-7","7","-100","7","2757.14","0.07","0.06","0.08","0","","","7","193","445.81","444.76"
"Mar 22, 2024 2:00pm","Mar 22, 2024 4:00pm","QQQ","Mar 22, 2024","longputspread","short put 444 / long put 446","1","expired","-11","11","-100","11","1718.18","0.11","0.11","0.13","0","","","11","189","447.4","446.38"
"Mar 21, 2024 2:00pm","Mar 21, 2024 4:00pm","QQQ","Mar 21, 2024","longputspread","short put 444 / long put 446","1","expired","-8","21","-38.1","21","852.38","0.21","0.2","0.22","0.13","","","21","179","447.22","445.87"
"Mar 19, 2024 2:00pm","Mar 19, 2024 4:00pm","QQQ","Mar 19, 2024","longputspread","short put 435 / long put 437","1","expired","-15","15","-100","15","1233.33","0.15","0.14","0.16","0","","","15","185","438.39","438.57"
"Mar 18, 2024 2:00pm","Mar 18, 2024 4:00pm","QQQ","Mar 18, 2024","longputspread","short put 435 / long put 437","1","expired","-31","31","-100","31","545.16","0.31","0.31","0.33","0","","","31","169","438.51","437.48"
"Mar 15, 2024 2:00pm","Mar 15, 2024 4:00pm","QQQ","Mar 15, 2024","longputspread","short put 431 / long put 433","1","expired","-20","20","-100","20","900","0.2","0.19","0.21","0","","","20","180","434.53","433.92"
"Mar 14, 2024 2:00pm","Mar 14, 2024 4:00pm","QQQ","Mar 14, 2024","longputspread","short put 436 / long put 438","1","expired","-20","20","-100","20","900","0.2","0.19","0.21","0","","","20","180","439.55","439.14"
"Mar 13, 2024 2:00pm","Mar 13, 2024 4:00pm","QQQ","Mar 13, 2024","longputspread","short put 438 / long put 440","1","expired","-12","12","-100","12","1566.67","0.12","0.12","0.14","0","","","12","188","441.59","440.25"
"Mar 12, 2024 2:00pm","Mar 12, 2024 4:00pm","QQQ","Mar 12, 2024","longputspread","short put 439 / long put 441","1","expired","-26","26","-100","26","669.23","0.26","0.26","0.28","0","","","26","174","441.91","443.66"
"Mar 11, 2024 2:00pm","Mar 11, 2024 4:00pm","QQQ","Mar 11, 2024","longputspread","short put 434 / long put 436","1","expired","-20","20","-100","20","900","0.2","0.19","0.21","0","","","20","180","437.47","437.39"
"Mar 8, 2024 2:00pm","Mar 8, 2024 4:00pm","QQQ","Mar 8, 2024","longputspread","short put 436 / long put 438","1","expired","-36","36","-100","36","455.56","0.36","0.35","0.38","0","","","36","164","439.17","439.02"
"Mar 7, 2024 2:00pm","Mar 7, 2024 4:00pm","QQQ","Mar 7, 2024","longputspread","short put 443 / long put 445","1","expired","-29","29","-100","29","589.66","0.29","0.28","0.31","0","","","29","171","446.56","445.45"
"Mar 6, 2024 2:00pm","Mar 6, 2024 4:00pm","QQQ","Mar 6, 2024","longputspread","short put 436 / long put 438","1","expired","-22","22","-100","22","809.09","0.22","0.21","0.23","0","","","22","178","439.66","438.79"
"Mar 5, 2024 2:00pm","Mar 5, 2024 4:00pm","QQQ","Mar 5, 2024","longputspread","short put 432 / long put 434","1","expired","-33","33","-100","33","506.06","0.33","0.33","0.35","0","","","33","167","434.8","436.05"
"Mar 4, 2024 2:00pm","Mar 4, 2024 4:00pm","QQQ","Mar 4, 2024","longputspread","short put 442 / long put 444","1","expired","-16","16","-100","16","1150","0.16","0.15","0.17","0","","","16","184","444.98","444.02"
"Mar 1, 2024 2:00pm","Mar 1, 2024 4:00pm","QQQ","Mar 1, 2024","longputspread","short put 442.50 / long put 444","1","expired","-6","6","-100","6","2400","0.06","0.06","0.08","0","","","6","144","445.91","445.61"
"Feb 29, 2024 2:00pm","Feb 29, 2024 4:00pm","QQQ","Feb 29, 2024","longputspread","short put 435 / long put 437","1","expired","-13","13","-100","13","1438.46","0.13","0.13","0.15","0","","","13","187","438.36","439"
"Feb 28, 2024 2:00pm","Feb 28, 2024 4:00pm","QQQ","Feb 28, 2024","longputspread","short put 433 / long put 435","1","expired","-14","14","-100","14","1328.57","0.14","0.14","0.16","0","","","14","186","436.06","435.27"
"Feb 27, 2024 2:00pm","Feb 27, 2024 4:00pm","QQQ","Feb 27, 2024","longputspread","short put 433 / long put 435","1","expired","-8","8","-100","8","2400","0.08","0.08","0.1","0","","","8","192","436.51","437.6"
"Feb 26, 2024 2:00pm","Feb 26, 2024 4:00pm","QQQ","Feb 26, 2024","longputspread","short put 434 / long put 436","1","expired","-8","8","-100","8","2400","0.08","0.08","0.1","0","","","8","192","437.53","436.55"
"Feb 23, 2024 2:00pm","Feb 23, 2024 4:00pm","QQQ","Feb 23, 2024","longputspread","short put 435 / long put 437","1","expired","0","22","0","22","809.09","0.22","0.21","0.23","0.22","","","22","178","437.99","436.78"
"Feb 22, 2024 2:00pm","Feb 22, 2024 4:00pm","QQQ","Feb 22, 2024","longputspread","short put 435 / long put 437","1","expired","-19","19","-100","19","952.63","0.19","0.17","0.19","0","","","19","181","438.3","438.07"
"Feb 20, 2024 2:00pm","Feb 20, 2024 4:00pm","QQQ","Feb 20, 2024","longputspread","short put 422 / long put 424","1","expired","-23","23","-100","23","769.57","0.23","0.23","0.25","0","","","23","177","425.42","427.32"
"Feb 16, 2024 2:00pm","Feb 16, 2024 4:00pm","QQQ","Feb 16, 2024","longputspread","short put 430 / long put 432","1","expired","132","11","1200","11","1718.18","0.11","0.11","0.13","1.43","","","11","189","433.69","430.57"
"Feb 15, 2024 2:00pm","Feb 15, 2024 4:00pm","QQQ","Feb 15, 2024","longputspread","short put 431 / long put 433","1","expired","-14","14","-100","14","1328.57","0.14","0.13","0.15","0","","","14","186","434.47","434.51"
"Feb 14, 2024 2:00pm","Feb 14, 2024 4:00pm","QQQ","Feb 14, 2024","longputspread","short put 428 / long put 430","1","expired","-22","22","-100","22","809.09","0.22","0.22","0.24","0","","","22","178","431.17","433.22"
"Feb 13, 2024 2:00pm","Feb 13, 2024 4:00pm","QQQ","Feb 13, 2024","longputspread","short put 425 / long put 427","1","expired","-28","28","-100","28","614.29","0.28","0.28","0.3","0","","","28","172","428.02","428.55"
"Feb 12, 2024 2:00pm","Feb 12, 2024 4:00pm","QQQ","Feb 12, 2024","longputspread","short put 433 / long put 435","1","expired","-7","7","-100","7","2757.14","0.07","0.06","0.08","0","","","7","193","436.72","435.34"
"Feb 9, 2024 2:00pm","Feb 9, 2024 4:00pm","QQQ","Feb 9, 2024","longputspread","short put 434 / long put 436","1","expired","-13","13","-100","13","1438.46","0.13","0.13","0.15","0","","","13","187","437.06","437.05"
"Feb 8, 2024 2:00pm","Feb 8, 2024 4:00pm","QQQ","Feb 8, 2024","longputspread","short put 430 / long put 432","1","expired","-17","17","-100","17","1076.47","0.17","0.16","0.18","0","","","17","183","432.91","432.79"
"Feb 7, 2024 2:00pm","Feb 7, 2024 4:00pm","QQQ","Feb 7, 2024","longputspread","short put 429 / long put 431","1","expired","-17","17","-100","17","1076.47","0.17","0.16","0.18","0","","","17","183","432.28","431.99"
"Feb 6, 2024 2:00pm","Feb 6, 2024 4:00pm","QQQ","Feb 6, 2024","longputspread","short put 424 / long put 426","1","expired","-22","22","-100","22","809.09","0.22","0.21","0.24","0","","","22","178","426.91","427.59"
"Feb 5, 2024 2:00pm","Feb 5, 2024 4:00pm","QQQ","Feb 5, 2024","longputspread","short put 425 / long put 427","1","expired","-11","11","-100","11","1718.18","0.11","0.1","0.12","0","","","11","189","428.44","428.45"
"Feb 2, 2024 2:00pm","Feb 2, 2024 4:00pm","QQQ","Feb 2, 2024","longputspread","short put 426 / long put 428","1","expired","-27","27","-100","27","640.74","0.27","0.27","0.29","0","","","27","173","429.13","429.01"
"Feb 1, 2024 2:00pm","Feb 1, 2024 4:00pm","QQQ","Feb 1, 2024","longputspread","short put 417 / long put 419","1","expired","-46","46","-100","46","334.78","0.46","0.45","0.47","0","","","46","154","420.45","421.88"
"Jan 31, 2024 2:00pm","Jan 31, 2024 4:00pm","QQQ","Jan 31, 2024","longputspread","short put 417 / long put 419","1","expired","144","56","257.14","56","257.14","0.56","0.49","0.64","2","","","56","144","420.51","416.97"
"Jan 30, 2024 2:00pm","Jan 30, 2024 4:00pm","QQQ","Jan 30, 2024","longputspread","short put 422 / long put 424","1","expired","-48","48","-100","48","316.67","0.48","0.46","0.49","0","","","48","152","424.93","425.3"
"Jan 29, 2024 2:00pm","Jan 29, 2024 4:00pm","QQQ","Jan 29, 2024","longputspread","short put 422 / long put 424","1","expired","-17","17","-100","17","1076.47","0.17","0.15","0.17","0","","","17","183","425.24","428.15"
"Jan 26, 2024 2:00pm","Jan 26, 2024 4:00pm","QQQ","Jan 26, 2024","longputspread","short put 420 / long put 422","1","expired","-14","14","-100","14","1328.57","0.14","0.13","0.15","0","","","14","186","423.53","423.81"
"Jan 25, 2024 2:00pm","Jan 25, 2024 4:00pm","QQQ","Jan 25, 2024","longputspread","short put 422 / long put 424","1","expired","-35","35","-100","35","471.43","0.35","0.35","0.37","0","","","35","165","424.84","426.35"
"Jan 24, 2024 2:00pm","Jan 24, 2024 4:00pm","QQQ","Jan 24, 2024","longputspread","short put 425 / long put 427","1","expired","90","27","333.33","27","640.74","0.27","0.26","0.28","1.17","","","27","173","427.99","425.83"
"Jan 23, 2024 2:00pm","Jan 23, 2024 4:00pm","QQQ","Jan 23, 2024","longputspread","short put 419 / long put 421","1","expired","-14","14","-100","14","1328.57","0.14","0.13","0.15","0","","","14","186","422.32","423.48"
"Jan 22, 2024 2:00pm","Jan 22, 2024 4:00pm","QQQ","Jan 22, 2024","longputspread","short put 419 / long put 421","1","expired","-17","17","-100","17","1076.47","0.17","0.16","0.18","0","","","17","183","422.2","421.73"
"Jan 19, 2024 2:00pm","Jan 19, 2024 4:00pm","QQQ","Jan 19, 2024","longputspread","short put 417 / long put 419","1","expired","-22","22","-100","22","809.09","0.22","0.22","0.24","0","","","22","178","420.09","421.18"
"Jan 18, 2024 2:00pm","Jan 18, 2024 4:00pm","QQQ","Jan 18, 2024","longputspread","short put 408 / long put 410","1","expired","-23","23","-100","23","769.57","0.23","0.22","0.24","0","","","23","177","410.94","412.99"
"Jan 17, 2024 2:00pm","Jan 17, 2024 4:00pm","QQQ","Jan 17, 2024","longputspread","short put 402 / long put 404","1","expired","-29","29","-100","29","589.66","0.29","0.27","0.29","0","","","29","171","404.65","407.21"
"Jan 16, 2024 2:00pm","Jan 16, 2024 4:00pm","QQQ","Jan 16, 2024","longputspread","short put 405 / long put 407","1","expired","-19","19","-100","19","952.63","0.19","0.19","0.21","0","","","19","181","407.98","409.52"
"Jan 12, 2024 2:00pm","Jan 12, 2024 4:00pm","QQQ","Jan 12, 2024","longputspread","short put 406.78 / long put 408.78","1","expired","-17","17","-100","17","1076.47","0.17","0.17","0.19","0","","","17","183","409.75","409.56"
"Jan 11, 2024 2:00pm","Jan 11, 2024 4:00pm","QQQ","Jan 11, 2024","longputspread","short put 406 / long put 408","1","expired","-33","33","-100","33","506.06","0.33","0.33","0.35","0","","","33","167","408.59","409.35"
"Jan 10, 2024 2:00pm","Jan 10, 2024 4:00pm","QQQ","Jan 10, 2024","longputspread","short put 405 / long put 407","1","expired","-10","10","-100","10","1900","0.1","0.09","0.11","0","","","10","190","408.13","408.5"
"Jan 9, 2024 2:00pm","Jan 9, 2024 4:00pm","QQQ","Jan 9, 2024","longputspread","short put 403 / long put 405","1","expired","-14","14","-100","14","1328.57","0.14","0.14","0.16","0","","","14","186","406.02","405.75"
"Jan 8, 2024 2:00pm","Jan 8, 2024 4:00pm","QQQ","Jan 8, 2024","longputspread","short put 400.78 / long put 402.78","1","expired","-20","20","-100","20","900","0.2","0.19","0.21","0","","","20","180","403.52","404.95"
"Jan 5, 2024 2:00pm","Jan 5, 2024 4:00pm","QQQ","Jan 5, 2024","longputspread","short put 394.78 / long put 396.78","1","expired","-23","26","-88.46","26","669.23","0.26","0.25","0.27","0.03","","","26","174","397.39","396.75"
"Jan 4, 2024 2:00pm","Jan 4, 2024 4:00pm","QQQ","Jan 4, 2024","longputspread","short put 394.78 / long put 396.78","1","expired","36","14","257.14","14","1328.57","0.14","0.14","0.16","0.5","","","14","186","397.75","396.28"
"Jan 3, 2024 2:00pm","Jan 3, 2024 4:00pm","QQQ","Jan 3, 2024","longputspread","short put 396 / long put 398","1","expired","-20","20","-100","20","900","0.2","0.17","0.23","0","","","20","180","399.38","398.33"
"Jan 2, 2024 2:00pm","Jan 2, 2024 4:00pm","QQQ","Jan 2, 2024","longputspread","short put 399 / long put 401","1","expired","-16","16","-100","16","1150","0.16","0.15","0.17","0","","","16","184","402.03","402.59"
"Dec 29, 2023 2:00pm","Dec 29, 2023 4:00pm","QQQ","Dec 29, 2023","longputspread","short put 406.78 / long put 408.78","1","expired","-23","23","-100","23","769.57","0.23","0.22","0.24","0","","","23","177","409.63","409.52"
"Dec 28, 2023 2:00pm","Dec 28, 2023 4:00pm","QQQ","Dec 28, 2023","longputspread","short put 408.78 / long put 410.78","1","expired","-9","9","-100","9","2122.22","0.09","0.09","0.11","0","","","9","191","411.82","411.3"
"Dec 27, 2023 2:00pm","Dec 27, 2023 4:00pm","QQQ","Dec 27, 2023","longputspread","short put 407.78 / long put 409.78","1","expired","-6","6","-100","6","3233.33","0.06","0.04","0.06","0","","","6","194","411.27","411.5"
"Dec 26, 2023 2:00pm","Dec 26, 2023 4:00pm","QQQ","Dec 26, 2023","longputspread","short put 407 / long put 409","1","expired","-13","13","-100","13","1438.46","0.13","0.12","0.14","0","","","13","187","410.09","410.88"
"Dec 22, 2023 2:00pm","Dec 22, 2023 4:00pm","QQQ","Dec 22, 2023","longputspread","short put 406 / long put 408","1","expired","-13","13","-100","13","1438.46","0.13","0.12","0.14","0","","","13","187","409.05","408.38"
"Dec 21, 2023 2:00pm","Dec 21, 2023 4:00pm","QQQ","Dec 21, 2023","longputspread","short put 403 / long put 405","1","expired","-26","26","-100","26","669.23","0.26","0.25","0.27","0","","","26","174","406.07","407.77"
"Dec 20, 2023 2:00pm","Dec 20, 2023 4:00pm","QQQ","Dec 20, 2023","longputspread","short put 407 / long put 409","1","expired","183","17","1076.47","17","1076.47","0.17","0.17","0.19","2","","","17","183","409.62","403.08"
"Dec 19, 2023 2:00pm","Dec 19, 2023 4:00pm","QQQ","Dec 19, 2023","longputspread","short put 405 / long put 407","1","expired","-7","7","-100","7","2757.14","0.07","0.06","0.08","0","","","7","193","408.5","409.16"
"Dec 18, 2023 2:00pm","Dec 18, 2023 4:00pm","QQQ","Dec 18, 2023","longputspread","short put 404 / long put 406","1","expired","-7","7","-100","7","2757.14","0.07","0.06","0.08","0","","","7","193","407.53","407.08"
"Dec 15, 2023 2:00pm","Dec 15, 2023 4:00pm","QQQ","Dec 15, 2023","longputspread","short put 401 / long put 403","1","expired","-24","24","-100","24","733.33","0.24","0.22","0.24","0","","","24","176","404.01","405.34"
"Dec 14, 2023 2:00pm","Dec 14, 2023 4:00pm","QQQ","Dec 14, 2023","longputspread","short put 398 / long put 400","1","expired","-20","20","-100","20","900","0.2","0.19","0.21","0","","","20","180","401.31","403.39"
"Dec 13, 2023 2:00pm","Dec 13, 2023 4:00pm","QQQ","Dec 13, 2023","longputspread","short put 396 / long put 398","1","expired","-53","53","-100","53","277.36","0.53","0.47","0.6","0","","","53","147","399.18","403.74"
"Dec 12, 2023 2:00pm","Dec 12, 2023 4:00pm","QQQ","Dec 12, 2023","longputspread","short put 395 / long put 397","1","expired","-17","17","-100","17","1076.47","0.17","0.16","0.18","0","","","17","183","397.64","398.67"
"Dec 11, 2023 2:00pm","Dec 11, 2023 4:00pm","QQQ","Dec 11, 2023","longputspread","short put 393 / long put 395","1","expired","-24","24","-100","24","733.33","0.24","0.23","0.25","0","","","24","176","395.53","395.52"
"Dec 8, 2023 2:00pm","Dec 8, 2023 4:00pm","QQQ","Dec 8, 2023","longputspread","short put 389 / long put 391","1","expired","-14","14","-100","14","1328.57","0.14","0.13","0.15","0","","","14","186","391.85","392.17"
"Dec 7, 2023 2:00pm","Dec 7, 2023 4:00pm","QQQ","Dec 7, 2023","longputspread","short put 388 / long put 390","1","expired","-28","28","-100","28","614.29","0.28","0.28","0.3","0","","","28","172","390.49","390.43"
"Dec 6, 2023 2:00pm","Dec 6, 2023 4:00pm","QQQ","Dec 6, 2023","longputspread","short put 384 / long put 386","1","expired","75","20","375","20","900","0.2","0.2","0.22","0.95","","","20","180","386.71","385.05"
"Dec 5, 2023 2:00pm","Dec 5, 2023 4:00pm","QQQ","Dec 5, 2023","longputspread","short put 383 / long put 385","1","expired","-7","7","-100","7","2757.14","0.07","0.06","0.08","0","","","7","193","386.37","387.29"
"Dec 4, 2023 2:00pm","Dec 4, 2023 4:00pm","QQQ","Dec 4, 2023","longputspread","short put 382 / long put 384","1","expired","-9","9","-100","9","2122.22","0.09","0.09","0.11","0","","","9","191","385.11","386.32"
"Dec 1, 2023 2:00pm","Dec 1, 2023 4:00pm","QQQ","Dec 1, 2023","longputspread","short put 386 / long put 388","1","expired","-13","13","-100","13","1438.46","0.13","0.12","0.14","0","","","13","187","389.22","389.94"
"Nov 30, 2023 2:00pm","Nov 30, 2023 4:00pm","QQQ","Nov 30, 2023","longputspread","short put 383 / long put 385","1","expired","-7","7","-100","7","2757.14","0.07","0.06","0.08","0","","","7","193","386.3","388.83"
"Nov 29, 2023 2:00pm","Nov 29, 2023 4:00pm","QQQ","Nov 29, 2023","longputspread","short put 388 / long put 390","1","expired","6","13","46.15","13","1438.46","0.13","0.11","0.13","0.19","","","13","187","390.97","389.81"
"Nov 28, 2023 2:00pm","Nov 28, 2023 4:00pm","QQQ","Nov 28, 2023","longputspread","short put 386 / long put 388","1","expired","-7","7","-100","7","2757.14","0.07","0.06","0.08","0","","","7","193","389.11","390.19"
"Nov 27, 2023 2:00pm","Nov 27, 2023 4:00pm","QQQ","Nov 27, 2023","longputspread","short put 387 / long put 389","1","expired","-3","3","-100","3","6566.67","0.03","0.02","0.04","0","","","3","197","390.28","389.17"
"Nov 22, 2023 2:00pm","Nov 22, 2023 4:00pm","QQQ","Nov 22, 2023","longputspread","short put 388 / long put 390","1","expired","-10","10","-100","10","1900","0.1","0.08","0.1","0","","","10","190","391.08","390.06"
"Nov 21, 2023 2:00pm","Nov 21, 2023 4:00pm","QQQ","Nov 21, 2023","longputspread","short put 385 / long put 387","1","expired","-39","39","-100","39","412.82","0.39","0.37","0.42","0","","","39","161","388.12","388.47"
"Nov 20, 2023 2:00pm","Nov 20, 2023 4:00pm","QQQ","Nov 20, 2023","longputspread","short put 387 / long put 389","1","expired","-7","7","-100","7","2757.14","0.07","0.06","0.08","0","","","7","193","390.31","390.74"
"Nov 17, 2023 2:00pm","Nov 17, 2023 4:00pm","QQQ","Nov 17, 2023","longputspread","short put 383 / long put 385","1","expired","-5","5","-100","5","3900","0.05","0.05","0.07","0","","","5","195","386.36","386.04"
"Nov 16, 2023 2:00pm","Nov 16, 2023 4:00pm","QQQ","Nov 16, 2023","longputspread","short put 382 / long put 384","1","expired","-22","22","-100","22","809.09","0.22","0.21","0.23","0","","","22","178","384.79","385.95"
"Nov 15, 2023 2:00pm","Nov 15, 2023 4:00pm","QQQ","Nov 15, 2023","longputspread","short put 383 / long put 385","1","expired","-18","18","-100","18","1011.11","0.18","0.17","0.19","0","","","18","182","386.08","385.62"
"Nov 14, 2023 2:00pm","Nov 14, 2023 4:00pm","QQQ","Nov 14, 2023","longputspread","short put 382 / long put 384","1","expired","-19","19","-100","19","952.63","0.19","0.19","0.21","0","","","19","181","384.63","385.33"
"Nov 13, 2023 2:00pm","Nov 13, 2023 4:00pm","QQQ","Nov 13, 2023","longputspread","short put 375 / long put 377","1","expired","-25","25","-100","25","700","0.25","0.24","0.26","0","","","25","175","377.53","377.21"
"Nov 10, 2023 2:00pm","Nov 10, 2023 4:00pm","QQQ","Nov 10, 2023","longputspread","short put 375 / long put 377","1","expired","-32","32","-100","32","525","0.32","0.3","0.32","0","","","32","168","377.4","378.39"
"Nov 9, 2023 2:00pm","Nov 9, 2023 4:00pm","QQQ","Nov 9, 2023","longputspread","short put 369 / long put 371","1","expired","71","22","322.73","22","809.09","0.22","0.21","0.24","0.93","","","22","178","372.15","370.07"
"Nov 8, 2023 2:00pm","Nov 8, 2023 4:00pm","QQQ","Nov 8, 2023","longputspread","short put 370 / long put 372","1","expired","-29","29","-100","29","589.66","0.29","0.27","0.29","0","","","29","171","372.37","372.94"
"Nov 7, 2023 2:00pm","Nov 7, 2023 4:00pm","QQQ","Nov 7, 2023","longputspread","short put 371 / long put 373","1","expired","1","29","3.45","29","589.66","0.29","0.27","0.3","0.3","","","29","171","373.31","372.7"
"Nov 6, 2023 2:00pm","Nov 6, 2023 4:00pm","QQQ","Nov 6, 2023","longputspread","short put 365 / long put 367","1","expired","-25","25","-100","25","700","0.25","0.24","0.26","0","","","25","175","367.66","369.21"
"Nov 3, 2023 2:00pm","Nov 3, 2023 4:00pm","QQQ","Nov 3, 2023","longputspread","short put 365 / long put 367","1","expired","-11","11","-100","11","1718.18","0.11","0.1","0.12","0","","","11","189","368.12","367.71"
"Nov 2, 2023 2:00pm","Nov 2, 2023 4:00pm","QQQ","Nov 2, 2023","longputspread","short put 361 / long put 363","1","expired","-51","51","-100","51","292.16","0.51","0.5","0.52","0","","","51","149","363.31","363.44"
"Nov 1, 2023 2:00pm","Nov 1, 2023 4:00pm","QQQ","Nov 1, 2023","longputspread","short put 351 / long put 353","1","expired","-65","65","-100","65","207.69","0.65","0.55","0.76","0","","","65","135","353.77","356.96"
"Oct 31, 2023 2:00pm","Oct 31, 2023 4:00pm","QQQ","Oct 31, 2023","longputspread","short put 348 / long put 350","1","expired","-29","29","-100","29","589.66","0.29","0.29","0.31","0","","","29","171","350.64","350.87"
"Oct 30, 2023 2:00pm","Oct 30, 2023 4:00pm","QQQ","Oct 30, 2023","longputspread","short put 347 / long put 349","1","expired","-45","45","-100","45","344.44","0.45","0.44","0.47","0","","","45","155","349.33","349.2"
"Oct 27, 2023 2:00pm","Oct 27, 2023 4:00pm","QQQ","Oct 27, 2023","longputspread","short put 342 / long put 344","1","expired","-38","38","-100","38","426.32","0.38","0.37","0.39","0","","","38","162","344.89","345.31"
"Oct 26, 2023 2:00pm","Oct 26, 2023 4:00pm","QQQ","Oct 26, 2023","longputspread","short put 342 / long put 344","1","expired","-27","61","-44.26","61","227.87","0.61","0.61","0.63","0.34","","","61","139","344.4","343.66"
"Oct 25, 2023 2:00pm","Oct 25, 2023 4:00pm","QQQ","Oct 25, 2023","longputspread","short put 348 / long put 350","1","expired","-60","60","-100","60","233.33","0.6","0.59","0.62","0","","","60","140","350.5","350.34"
"Oct 24, 2023 2:00pm","Oct 24, 2023 4:00pm","QQQ","Oct 24, 2023","longputspread","short put 355 / long put 357","1","expired","-60","60","-100","60","233.33","0.6","0.59","0.61","0","","","60","140","357.4","359.13"
"Oct 23, 2023 2:00pm","Oct 23, 2023 4:00pm","QQQ","Oct 23, 2023","longputspread","short put 355 / long put 357","1","expired","105","28","375","28","614.29","0.28","0.26","0.28","1.33","","","28","172","357.95","355.67"
"Oct 20, 2023 2:00pm","Oct 20, 2023 4:00pm","QQQ","Oct 20, 2023","longputspread","short put 355 / long put 357","1","expired","153","47","325.53","47","325.53","0.47","0.45","0.47","2","","","47","153","357.44","354.6"
"Oct 19, 2023 2:00pm","Oct 19, 2023 4:00pm","QQQ","Oct 19, 2023","longputspread","short put 360 / long put 362","1","expired","150","50","300","50","300","0.5","0.49","0.52","2","","","50","150","362.49","359.97"
"Oct 18, 2023 2:00pm","Oct 18, 2023 4:00pm","QQQ","Oct 18, 2023","longputspread","short put 363 / long put 365","1","expired","111","52","213.46","52","284.62","0.52","0.5","0.55","1.63","","","52","148","365.27","363.37"
"Oct 17, 2023 2:00pm","Oct 17, 2023 4:00pm","QQQ","Oct 17, 2023","longputspread","short put 365 / long put 367","1","expired","-42","42","-100","42","376.19","0.42","0.39","0.43","0","","","42","158","367.38","368.2"
"Oct 16, 2023 2:00pm","Oct 16, 2023 4:00pm","QQQ","Oct 16, 2023","longputspread","short put 367 / long put 369","1","expired","-30","30","-100","30","566.67","0.3","0.28","0.3","0","","","30","170","369.83","369.41"
"Oct 13, 2023 2:00pm","Oct 13, 2023 4:00pm","QQQ","Oct 13, 2023","longputspread","short put 362 / long put 364","1","expired","-27","27","-100","27","640.74","0.27","0.25","0.28","0","","","27","173","365.18","365.28"
"Oct 12, 2023 2:00pm","Oct 12, 2023 4:00pm","QQQ","Oct 12, 2023","longputspread","short put 366 / long put 368","1","expired","-24","24","-100","24","733.33","0.24","0.23","0.26","0","","","24","176","369.05","369.93"
"Oct 11, 2023 2:00pm","Oct 11, 2023 4:00pm","QQQ","Oct 11, 2023","longputspread","short put 366 / long put 368","1","expired","-28","28","-100","28","614.29","0.28","0.27","0.3","0","","","28","172","368.91","371.22"
"Oct 10, 2023 2:00pm","Oct 10, 2023 4:00pm","QQQ","Oct 10, 2023","longputspread","short put 366 / long put 368","1","expired","-25","25","-100","25","700","0.25","0.25","0.27","0","","","25","175","369.06","368.59"
"Oct 9, 2023 2:00pm","Oct 9, 2023 4:00pm","QQQ","Oct 9, 2023","longputspread","short put 364 / long put 366","1","expired","-31","31","-100","31","545.16","0.31","0.3","0.32","0","","","31","169","366.6","366.56"
"Oct 6, 2023 2:00pm","Oct 6, 2023 4:00pm","QQQ","Oct 6, 2023","longputspread","short put 362 / long put 364","1","expired","-41","41","-100","41","387.8","0.41","0.39","0.41","0","","","41","159","364.33","364.7"
"Oct 5, 2023 2:00pm","Oct 5, 2023 4:00pm","QQQ","Oct 5, 2023","longputspread","short put 356 / long put 358","1","expired","-39","39","-100","39","412.82","0.39","0.38","0.41","0","","","39","161","358.46","358.69"
"Oct 4, 2023 2:00pm","Oct 4, 2023 4:00pm","QQQ","Oct 4, 2023","longputspread","short put 355 / long put 357","1","expired","-42","42","-100","42","376.19","0.42","0.41","0.43","0","","","42","158","357.37","359.75"
"Oct 3, 2023 2:00pm","Oct 3, 2023 4:00pm","QQQ","Oct 3, 2023","longputspread","short put 352 / long put 354","1","expired","-48","48","-100","48","316.67","0.48","0.46","0.49","0","","","48","152","354.39","354.92"
"Oct 2, 2023 2:00pm","Oct 2, 2023 4:00pm","QQQ","Oct 2, 2023","longputspread","short put 357 / long put 359","1","expired","-44","44","-100","44","354.55","0.44","0.43","0.46","0","","","44","156","359.4","361.26"
"Sep 29, 2023 2:00pm","Sep 29, 2023 4:00pm","QQQ","Sep 29, 2023","longputspread","short put 355 / long put 357","1","expired","-58","58","-100","58","244.83","0.58","0.58","0.6","0","","","58","142","357.21","358.27"
"Sep 28, 2023 2:00pm","Sep 28, 2023 4:00pm","QQQ","Sep 28, 2023","longputspread","short put 355 / long put 357","1","expired","-33","33","-100","33","506.06","0.33","0.33","0.35","0","","","33","167","357.84","358.01"
"Sep 27, 2023 2:00pm","Sep 27, 2023 4:00pm","QQQ","Sep 27, 2023","longputspread","short put 350 / long put 352","1","expired","-54","54","-100","54","270.37","0.54","0.52","0.54","0","","","54","146","352.17","355.04"
"Sep 26, 2023 2:00pm","Sep 26, 2023 4:00pm","QQQ","Sep 26, 2023","longputspread","short put 352 / long put 354","1","expired","-31","31","-100","31","545.16","0.31","0.3","0.33","0","","","31","169","354.94","354.21"
"Sep 25, 2023 2:00pm","Sep 25, 2023 4:00pm","QQQ","Sep 25, 2023","longputspread","short put 356 / long put 358","1","expired","-26","26","-100","26","669.23","0.26","0.26","0.28","0","","","26","174","358.84","359.61"
"Sep 22, 2023 2:00pm","Sep 22, 2023 4:00pm","QQQ","Sep 22, 2023","longputspread","short put 356 / long put 358","1","expired","-14","23","-60.87","23","769.57","0.23","0.23","0.25","0.09","","","23","177","359.12","357.91"
"Sep 21, 2023 2:00pm","Sep 21, 2023 4:00pm","QQQ","Sep 21, 2023","longputspread","short put 358 / long put 360","1","expired","166","34","488.24","34","488.24","0.34","0.33","0.35","2","","","34","166","360.6","357.86"
"Sep 20, 2023 2:00pm","Sep 20, 2023 4:00pm","QQQ","Sep 20, 2023","longputspread","short put 367 / long put 369","1","expired","140","60","233.33","60","233.33","0.6","0.57","0.63","2","","","60","140","369.76","364.54"
"Sep 19, 2023 2:00pm","Sep 19, 2023 4:00pm","QQQ","Sep 19, 2023","longputspread","short put 367 / long put 369","1","expired","-22","22","-100","22","809.09","0.22","0.2","0.22","0","","","22","178","369.78","369.87"
"Sep 18, 2023 2:00pm","Sep 18, 2023 4:00pm","QQQ","Sep 18, 2023","longputspread","short put 368 / long put 370","1","expired","-12","12","-100","12","1566.67","0.12","0.11","0.13","0","","","12","188","371.2","370.66"
"Sep 15, 2023 2:00pm","Sep 15, 2023 4:00pm","QQQ","Sep 15, 2023","longputspread","short put 368 / long put 370","1","expired","-26","26","-100","26","669.23","0.26","0.26","0.28","0","","","26","174","370.76","370.81"
"Sep 14, 2023 2:00pm","Sep 14, 2023 4:00pm","QQQ","Sep 14, 2023","longputspread","short put 375 / long put 377","1","expired","-33","33","-100","33","506.06","0.33","0.33","0.35","0","","","33","167","377.45","377.27"
"Sep 13, 2023 2:00pm","Sep 13, 2023 4:00pm","QQQ","Sep 13, 2023","longputspread","short put 373 / long put 375","1","expired","56","23","243.48","23","769.57","0.23","0.23","0.25","0.79","","","23","177","375.47","374.21"
"Sep 12, 2023 2:00pm","Sep 12, 2023 4:00pm","QQQ","Sep 12, 2023","longputspread","short put 371 / long put 373","1","expired","5","16","31.25","16","1150","0.16","0.15","0.17","0.21","","","16","184","373.89","372.79"
"Sep 11, 2023 2:00pm","Sep 11, 2023 4:00pm","QQQ","Sep 11, 2023","longputspread","short put 374 / long put 376","1","expired","-19","19","-100","19","952.63","0.19","0.18","0.2","0","","","19","181","376.78","376.97"
"Sep 8, 2023 2:00pm","Sep 8, 2023 4:00pm","QQQ","Sep 8, 2023","longputspread","short put 371 / long put 373","1","expired","8","34","23.53","34","488.24","0.34","0.32","0.35","0.42","","","34","166","373.32","372.58"
"Sep 7, 2023 2:00pm","Sep 7, 2023 4:00pm","QQQ","Sep 7, 2023","longputspread","short put 369 / long put 371","1","expired","-16","16","-100","16","1150","0.16","0.15","0.18","0","","","16","184","372.13","372.06"
"Sep 6, 2023 2:00pm","Sep 6, 2023 4:00pm","QQQ","Sep 6, 2023","longputspread","short put 371 / long put 373","1","expired","-20","20","-100","20","900","0.2","0.2","0.22","0","","","20","180","373.84","374.74"
"Sep 5, 2023 2:00pm","Sep 5, 2023 4:00pm","QQQ","Sep 5, 2023","longputspread","short put 376 / long put 378","1","expired","-28","28","-100","28","614.29","0.28","0.28","0.3","0","","","28","172","378.46","378.07"
"Sep 1, 2023 2:00pm","Sep 1, 2023 4:00pm","QQQ","Sep 1, 2023","longputspread","short put 374 / long put 376","1","expired","-10","10","-100","10","1900","0.1","0.09","0.11","0","","","10","190","377.25","377.59"
"Aug 31, 2023 2:00pm","Aug 31, 2023 4:00pm","QQQ","Aug 31, 2023","longputspread","short put 376 / long put 378","1","expired","-33","34","-97.06","34","488.24","0.34","0.34","0.36","0.01","","","34","166","378.48","377.99"
"Aug 30, 2023 2:00pm","Aug 30, 2023 4:00pm","QQQ","Aug 30, 2023","longputspread","short put 374 / long put 376","1","expired","-31","31","-100","31","545.16","0.31","0.3","0.32","0","","","31","169","376.49","376.86"
"Aug 29, 2023 2:00pm","Aug 29, 2023 4:00pm","QQQ","Aug 29, 2023","longputspread","short put 371 / long put 373","1","expired","-27","27","-100","27","640.74","0.27","0.27","0.29","0","","","27","173","373.7","374.77"
"Aug 28, 2023 2:00pm","Aug 28, 2023 4:00pm","QQQ","Aug 28, 2023","longputspread","short put 362 / long put 364","1","expired","-26","26","-100","26","669.23","0.26","0.26","0.28","0","","","26","174","364.88","366.76"
"Aug 25, 2023 2:00pm","Aug 25, 2023 4:00pm","QQQ","Aug 25, 2023","longputspread","short put 359 / long put 361","1","expired","-42","42","-100","42","376.19","0.42","0.41","0.44","0","","","42","158","361.71","364.02"
"Aug 24, 2023 2:00pm","Aug 24, 2023 4:00pm","QQQ","Aug 24, 2023","longputspread","short put 361 / long put 363","1","expired","147","31","474.19","31","545.16","0.31","0.3","0.32","1.78","","","31","169","363.94","361.22"
"Aug 23, 2023 2:00pm","Aug 23, 2023 4:00pm","QQQ","Aug 23, 2023","longputspread","short put 367 / long put 369","1","expired","-40","40","-100","40","400","0.4","0.4","0.42","0","","","40","160","370.08","369.11"
"Aug 22, 2023 2:00pm","Aug 22, 2023 4:00pm","QQQ","Aug 22, 2023","longputspread","short put 361 / long put 363","1","expired","-42","42","-100","42","376.19","0.42","0.41","0.43","0","","","42","158","363.34","363.38"
"Aug 21, 2023 2:00pm","Aug 21, 2023 4:00pm","QQQ","Aug 21, 2023","longputspread","short put 360 / long put 362","1","expired","-26","26","-100","26","669.23","0.26","0.26","0.28","0","","","26","174","362.89","363.9"
"Aug 18, 2023 2:00pm","Aug 18, 2023 4:00pm","QQQ","Aug 18, 2023","longputspread","short put 355 / long put 357","1","expired","-39","39","-100","39","412.82","0.39","0.38","0.4","0","","","39","161","357.64","358.13"
"Aug 17, 2023 2:00pm","Aug 17, 2023 4:00pm","QQQ","Aug 17, 2023","longputspread","short put 358 / long put 360","1","expired","119","23","517.39","23","769.57","0.23","0.22","0.25","1.42","","","23","177","361.18","358.58"
"Aug 16, 2023 2:00pm","Aug 16, 2023 4:00pm","QQQ","Aug 16, 2023","longputspread","short put 362 / long put 364","1","expired","115","31","370.97","31","545.16","0.31","0.3","0.33","1.46","","","31","169","365.09","362.54"
"Aug 15, 2023 2:00pm","Aug 15, 2023 4:00pm","QQQ","Aug 15, 2023","longputspread","short put 365 / long put 367","1","expired","30","28","107.14","28","614.29","0.28","0.26","0.28","0.58","","","28","172","367.68","366.42"
"Aug 14, 2023 2:00pm","Aug 14, 2023 4:00pm","QQQ","Aug 14, 2023","longputspread","short put 366 / long put 368","1","expired","-17","17","-100","17","1076.47","0.17","0.17","0.19","0","","","17","183","369.23","370.35"
"Aug 11, 2023 2:00pm","Aug 11, 2023 4:00pm","QQQ","Aug 11, 2023","longputspread","short put 363 / long put 365","1","expired","-33","33","-100","33","506.06","0.33","0.32","0.35","0","","","33","167","365.84","366.24"
"Aug 10, 2023 2:00pm","Aug 10, 2023 4:00pm","QQQ","Aug 10, 2023","longputspread","short put 364 / long put 366","1","expired","-35","35","-100","35","471.43","0.35","0.34","0.37","0","","","35","165","367.24","368.59"
"Aug 9, 2023 2:00pm","Aug 9, 2023 4:00pm","QQQ","Aug 9, 2023","longputspread","short put 367 / long put 369","1","expired","81","28","289.29","28","614.29","0.28","0.28","0.3","1.09","","","28","172","369.58","367.91"
"Aug 8, 2023 2:00pm","Aug 8, 2023 4:00pm","QQQ","Aug 8, 2023","longputspread","short put 368 / long put 370","1","expired","-30","30","-100","30","566.67","0.3","0.29","0.31","0","","","30","170","370.77","372"
"Aug 7, 2023 2:00pm","Aug 7, 2023 4:00pm","QQQ","Aug 7, 2023","longputspread","short put 371 / long put 373","1","expired","-19","19","-100","19","952.63","0.19","0.17","0.19","0","","","19","181","374.2","375.19"
"Aug 4, 2023 2:00pm","Aug 4, 2023 4:00pm","QQQ","Aug 4, 2023","longputspread","short put 373 / long put 375","1","expired","178","22","809.09","22","809.09","0.22","0.22","0.24","2","","","22","178","376.05","372.04"
"Aug 3, 2023 2:00pm","Aug 3, 2023 4:00pm","QQQ","Aug 3, 2023","longputspread","short put 371 / long put 373","1","expired","-39","39","-100","39","412.82","0.39","0.39","0.41","0","","","39","161","374.24","373.79"
"Aug 2, 2023 2:00pm","Aug 2, 2023 4:00pm","QQQ","Aug 2, 2023","longputspread","short put 372 / long put 374","1","expired","-39","39","-100","39","412.82","0.39","0.39","0.41","0","","","39","161","374.48","374.39"
"Aug 1, 2023 2:00pm","Aug 1, 2023 4:00pm","QQQ","Aug 1, 2023","longputspread","short put 380 / long put 382","1","expired","-17","17","-100","17","1076.47","0.17","0.16","0.18","0","","","17","183","383.08","382.79"
"Jul 31, 2023 2:00pm","Jul 31, 2023 4:00pm","QQQ","Jul 31, 2023","longputspread","short put 380 / long put 382","1","expired","-12","12","-100","12","1566.67","0.12","0.11","0.13","0","","","12","188","383.29","383.68"
"Jul 28, 2023 2:00pm","Jul 28, 2023 4:00pm","QQQ","Jul 28, 2023","longputspread","short put 380 / long put 382","1","expired","-26","26","-100","26","669.23","0.26","0.24","0.26","0","","","26","174","383.06","383.48"
"Jul 27, 2023 2:00pm","Jul 27, 2023 4:00pm","QQQ","Jul 27, 2023","longputspread","short put 378 / long put 380","1","expired","157","43","365.12","43","365.12","0.43","0.41","0.43","2","","","43","157","380.4","376.62"
"Jul 26, 2023 2:00pm","Jul 26, 2023 4:00pm","QQQ","Jul 26, 2023","longputspread","short put 373 / long put 375","1","expired","-61","61","-100","61","227.87","0.61","0.55","0.68","0","","","61","139","376.22","377.52"
"Jul 25, 2023 2:00pm","Jul 25, 2023 4:00pm","QQQ","Jul 25, 2023","longputspread","short put 377 / long put 379","1","expired","-39","61","-63.93","61","227.87","0.61","0.59","0.62","0.22","","","61","139","379.37","378.78"
"Jul 24, 2023 2:00pm","Jul 24, 2023 4:00pm","QQQ","Jul 24, 2023","longputspread","short put 374 / long put 376","1","expired","-29","29","-100","29","589.66","0.29","0.27","0.29","0","","","29","171","376.74","376.23"
"Jul 21, 2023 2:00pm","Jul 21, 2023 4:00pm","QQQ","Jul 21, 2023","longputspread","short put 375 / long put 377","1","expired","114","23","495.65","23","769.57","0.23","0.21","0.23","1.37","","","23","177","378.21","375.63"
"Jul 20, 2023 2:00pm","Jul 20, 2023 4:00pm","QQQ","Jul 20, 2023","longputspread","short put 376 / long put 378","1","expired","104","20","520","20","900","0.2","0.19","0.21","1.24","","","20","180","379.16","376.76"
"Jul 19, 2023 2:00pm","Jul 19, 2023 4:00pm","QQQ","Jul 19, 2023","longputspread","short put 382 / long put 384","1","expired","-31","31","-100","31","545.16","0.31","0.3","0.32","0","","","31","169","385.19","385.65"
"Jul 18, 2023 2:00pm","Jul 18, 2023 4:00pm","QQQ","Jul 18, 2023","longputspread","short put 382 / long put 384","1","expired","-9","9","-100","9","2122.22","0.09","0.09","0.11","0","","","9","191","385.28","385.74"
"Jul 17, 2023 2:00pm","Jul 17, 2023 4:00pm","QQQ","Jul 17, 2023","longputspread","short put 379 / long put 381","1","expired","-14","14","-100","14","1328.57","0.14","0.14","0.16","0","","","14","186","381.99","382.61"
"Jul 14, 2023 2:00pm","Jul 14, 2023 4:00pm","QQQ","Jul 14, 2023","longputspread","short put 377 / long put 379","1","expired","-20","20","-100","20","900","0.2","0.19","0.21","0","","","20","180","380.04","379.07"
"Jul 13, 2023 2:00pm","Jul 13, 2023 4:00pm","QQQ","Jul 13, 2023","longputspread","short put 375 / long put 377","1","expired","-19","19","-100","19","952.63","0.19","0.18","0.2","0","","","19","181","378.02","379.15"
"Jul 12, 2023 2:00pm","Jul 12, 2023 4:00pm","QQQ","Jul 12, 2023","longputspread","short put 370 / long put 372","1","expired","-14","14","-100","14","1328.57","0.14","0.14","0.16","0","","","14","186","372.95","372.82"
"Jul 11, 2023 2:00pm","Jul 11, 2023 4:00pm","QQQ","Jul 11, 2023","longputspread","short put 364 / long put 366","1","expired","-18","18","-100","18","1011.11","0.18","0.17","0.19","0","","","18","182","366.85","368.17"
"Jul 10, 2023 2:00pm","Jul 10, 2023 4:00pm","QQQ","Jul 10, 2023","longputspread","short put 363 / long put 365","1","expired","-26","26","-100","26","669.23","0.26","0.26","0.28","0","","","26","174","365.53","366.36"
"Jul 7, 2023 2:00pm","Jul 7, 2023 4:00pm","QQQ","Jul 7, 2023","longputspread","short put 367 / long put 369","1","expired","183","17","1076.47","17","1076.47","0.17","0.16","0.18","2","","","17","183","369.75","366.24"
"Jul 6, 2023 2:00pm","Jul 6, 2023 4:00pm","QQQ","Jul 6, 2023","longputspread","short put 365 / long put 367","1","expired","-26","26","-100","26","669.23","0.26","0.26","0.28","0","","","26","174","367.57","367.46"
"Jul 5, 2023 2:00pm","Jul 5, 2023 4:00pm","QQQ","Jul 5, 2023","longputspread","short put 368 / long put 370","1","expired","-28","28","-100","28","614.29","0.28","0.28","0.3","0","","","28","172","370.54","370.28"
"Jun 30, 2023 2:00pm","Jun 30, 2023 4:00pm","QQQ","Jun 30, 2023","longputspread","short put 367 / long put 369","1","expired","-21","21","-100","21","852.38","0.21","0.2","0.22","0","","","21","179","370.02","369.42"
"Jun 29, 2023 2:00pm","Jun 29, 2023 4:00pm","QQQ","Jun 29, 2023","longputspread","short put 360 / long put 362","1","expired","-22","22","-100","22","809.09","0.22","0.21","0.24","0","","","22","178","362.89","363.81"
"Jun 28, 2023 2:00pm","Jun 28, 2023 4:00pm","QQQ","Jun 28, 2023","longputspread","short put 361 / long put 363","1","expired","-26","26","-100","26","669.23","0.26","0.26","0.28","0","","","26","174","363.81","364.54"
"Jun 27, 2023 2:00pm","Jun 27, 2023 4:00pm","QQQ","Jun 27, 2023","longputspread","short put 361 / long put 363","1","expired","-20","20","-100","20","900","0.2","0.19","0.21","0","","","20","180","363.94","363.83"
"Jun 26, 2023 2:00pm","Jun 26, 2023 4:00pm","QQQ","Jun 26, 2023","longputspread","short put 356 / long put 358","1","expired","-1","33","-3.03","33","506.06","0.33","0.32","0.34","0.32","","","33","167","358.8","357.68"
"Jun 23, 2023 2:00pm","Jun 23, 2023 4:00pm","QQQ","Jun 23, 2023","longputspread","short put 361 / long put 363","1","expired","27","19","142.11","19","952.63","0.19","0.18","0.2","0.46","","","19","181","364.19","362.54"
"Jun 22, 2023 2:00pm","Jun 22, 2023 4:00pm","QQQ","Jun 22, 2023","longputspread","short put 362 / long put 364","1","expired","-25","25","-100","25","700","0.25","0.24","0.26","0","","","25","175","364.79","366.17"
"Jun 21, 2023 2:00pm","Jun 21, 2023 4:00pm","QQQ","Jun 21, 2023","longputspread","short put 360 / long put 362","1","expired","-7","17","-41.18","17","1076.47","0.17","0.16","0.18","0.1","","","17","183","363.14","361.9"
"Jun 20, 2023 2:00pm","Jun 20, 2023 4:00pm","QQQ","Jun 20, 2023","longputspread","short put 364 / long put 366","1","expired","-33","33","-100","33","506.06","0.33","0.32","0.34","0","","","33","167","366.53","366.9"
"Jun 16, 2023 2:00pm","Jun 16, 2023 4:00pm","QQQ","Jun 16, 2023","longputspread","short put 368 / long put 370","1","expired","156","44","354.55","44","354.55","0.44","0.43","0.45","2","","","44","156","370.3","367.93"
"Jun 15, 2023 2:00pm","Jun 15, 2023 4:00pm","QQQ","Jun 15, 2023","longputspread","short put 367 / long put 369","1","expired","-30","30","-100","30","566.67","0.3","0.29","0.31","0","","","30","170","369.66","370.26"
"Jun 13, 2023 2:00pm","Jun 13, 2023 4:00pm","QQQ","Jun 13, 2023","longputspread","short put 360 / long put 362","1","expired","-24","24","-100","24","733.33","0.24","0.22","0.24","0","","","24","176","363.1","363.26"
"Jun 12, 2023 2:00pm","Jun 12, 2023 4:00pm","QQQ","Jun 12, 2023","longputspread","short put 356 / long put 358","1","expired","-37","37","-100","37","440.54","0.37","0.36","0.38","0","","","37","163","358.32","360.49"
"Jun 9, 2023 2:00pm","Jun 9, 2023 4:00pm","QQQ","Jun 9, 2023","longputspread","short put 353 / long put 355","1","expired","27","23","117.39","23","769.57","0.23","0.22","0.24","0.5","","","23","177","355.77","354.5"
"Jun 8, 2023 2:00pm","Jun 8, 2023 4:00pm","QQQ","Jun 8, 2023","longputspread","short put 349 / long put 351","1","expired","-25","25","-100","25","700","0.25","0.23","0.25","0","","","25","175","351.77","353.15"
"Jun 7, 2023 2:00pm","Jun 7, 2023 4:00pm","QQQ","Jun 7, 2023","longputspread","short put 347 / long put 349","1","expired","-10","28","-35.71","28","614.29","0.28","0.28","0.3","0.18","","","28","172","349.85","348.82"
"Jun 6, 2023 2:00pm","Jun 6, 2023 4:00pm","QQQ","Jun 6, 2023","longputspread","short put 351 / long put 353","1","expired","-14","14","-100","14","1328.57","0.14","0.13","0.16","0","","","14","186","354.09","354.84"
"Jun 5, 2023 2:00pm","Jun 5, 2023 4:00pm","QQQ","Jun 5, 2023","longputspread","short put 353 / long put 355","1","expired","-12","22","-54.55","22","809.09","0.22","0.21","0.23","0.1","","","22","178","356","354.9"
"Jun 2, 2023 2:00pm","Jun 2, 2023 4:00pm","QQQ","Jun 2, 2023","longputspread","short put 352 / long put 354","1","expired","-23","23","-100","23","769.57","0.23","0.23","0.25","0","","","23","177","354.85","354.65"
"Jun 1, 2023 2:00pm","Jun 1, 2023 4:00pm","QQQ","Jun 1, 2023","longputspread","short put 350 / long put 352","1","expired","-47","47","-100","47","325.53","0.47","0.47","0.49","0","","","47","153","352.35","352.01"
"May 31, 2023 2:00pm","May 31, 2023 4:00pm","QQQ","May 31, 2023","longputspread","short put 346 / long put 348","1","expired","-25","26","-96.15","26","669.23","0.26","0.25","0.28","0.01","","","26","174","348.77","347.99"
"May 30, 2023 2:00pm","May 30, 2023 4:00pm","QQQ","May 30, 2023","longputspread","short put 346 / long put 348","1","expired","-31","31","-100","31","545.16","0.31","0.29","0.32","0","","","31","169","348.87","349.98"
"May 26, 2023 2:00pm","May 26, 2023 4:00pm","QQQ","May 26, 2023","longputspread","short put 345 / long put 347","1","expired","-22","22","-100","22","809.09","0.22","0.21","0.23","0","","","22","178","348.02","348.4"
"May 25, 2023 2:00pm","May 25, 2023 4:00pm","QQQ","May 25, 2023","longputspread","short put 337 / long put 339","1","expired","-20","20","-100","20","900","0.2","0.19","0.21","0","","","20","180","340.04","339.72"
"May 24, 2023 2:00pm","May 24, 2023 4:00pm","QQQ","May 24, 2023","longputspread","short put 329 / long put 331","1","expired","-60","60","-100","60","233.33","0.6","0.57","0.63","0","","","60","140","331.22","331.65"
"May 23, 2023 2:00pm","May 23, 2023 4:00pm","QQQ","May 23, 2023","longputspread","short put 332 / long put 334","1","expired","40","24","166.67","24","733.33","0.24","0.22","0.25","0.64","","","24","176","334.54","333.36"
"May 22, 2023 2:00pm","May 22, 2023 4:00pm","QQQ","May 22, 2023","longputspread","short put 335 / long put 337","1","expired","-20","20","-100","20","900","0.2","0.19","0.21","0","","","20","180","337.62","337.64"
"May 19, 2023 2:00pm","May 19, 2023 4:00pm","QQQ","May 19, 2023","longputspread","short put 333 / long put 335","1","expired","-21","21","-100","21","852.38","0.21","0.2","0.22","0","","","21","179","336.02","336.51"
"May 18, 2023 2:00pm","May 18, 2023 4:00pm","QQQ","May 18, 2023","longputspread","short put 332 / long put 334","1","expired","-31","31","-100","31","545.16","0.31","0.31","0.33","0","","","31","169","334.32","337.27"
"May 17, 2023 2:00pm","May 17, 2023 4:00pm","QQQ","May 17, 2023","longputspread","short put 329 / long put 331","1","expired","-24","24","-100","24","733.33","0.24","0.22","0.24","0","","","24","176","331.68","331.12"
"May 16, 2023 2:00pm","May 16, 2023 4:00pm","QQQ","May 16, 2023","longputspread","short put 326 / long put 328","1","expired","65","19","342.11","19","952.63","0.19","0.18","0.2","0.84","","","19","181","328.68","327.16"
"May 15, 2023 2:00pm","May 15, 2023 4:00pm","QQQ","May 15, 2023","longputspread","short put 324 / long put 326","1","expired","-23","23","-100","23","769.57","0.23","0.22","0.24","0","","","23","177","326.35","326.79"
"May 12, 2023 2:00pm","May 12, 2023 4:00pm","QQQ","May 12, 2023","longputspread","short put 321 / long put 323","1","expired","-39","39","-100","39","412.82","0.39","0.39","0.41","0","","","39","161","323.18","325.03"
"May 11, 2023 2:00pm","May 11, 2023 4:00pm","QQQ","May 11, 2023","longputspread","short put 323 / long put 325","1","expired","-22","22","-100","22","809.09","0.22","0.2","0.23","0","","","22","178","325.71","326.2"
"May 10, 2023 2:00pm","May 10, 2023 4:00pm","QQQ","May 10, 2023","longputspread","short put 320 / long put 322","1","expired","-22","22","-100","22","809.09","0.22","0.21","0.24","0","","","22","178","322.76","325.14"
"May 9, 2023 2:00pm","May 9, 2023 4:00pm","QQQ","May 9, 2023","longputspread","short put 320 / long put 322","1","expired","2","34","5.88","34","488.24","0.34","0.32","0.35","0.36","","","34","166","322.1","321.64"
"May 8, 2023 2:00pm","May 8, 2023 4:00pm","QQQ","May 8, 2023","longputspread","short put 321 / long put 323","1","expired","-20","20","-100","20","900","0.2","0.19","0.21","0","","","20","180","323.51","323.69"
"May 5, 2023 2:00pm","May 5, 2023 4:00pm","QQQ","May 5, 2023","longputspread","short put 320 / long put 322","1","expired","-24","24","-100","24","733.33","0.24","0.22","0.24","0","","","24","176","322.46","322.89"
"May 4, 2023 2:00pm","May 4, 2023 4:00pm","QQQ","May 4, 2023","longputspread","short put 315 / long put 317","1","expired","40","43","93.02","43","365.12","0.43","0.43","0.45","0.83","","","43","157","317.7","316.17"
"May 3, 2023 2:00pm","May 3, 2023 4:00pm","QQQ","May 3, 2023","longputspread","short put 318 / long put 320","1","expired","126","74","170.27","74","170.27","0.74","0.66","0.8","2","","","74","126","320.35","317.29"
"May 2, 2023 2:00pm","May 2, 2023 4:00pm","QQQ","May 2, 2023","longputspread","short put 317 / long put 319","1","expired","-18","18","-100","18","1011.11","0.18","0.18","0.2","0","","","18","182","319.86","319.38"
"May 1, 2023 2:00pm","May 1, 2023 4:00pm","QQQ","May 1, 2023","longputspread","short put 321 / long put 323","1","expired","53","28","189.29","28","614.29","0.28","0.27","0.3","0.81","","","28","172","323.29","322.19"
"Apr 28, 2023 2:00pm","Apr 28, 2023 4:00pm","QQQ","Apr 28, 2023","longputspread","short put 319 / long put 321","1","expired","-30","30","-100","30","566.67","0.3","0.29","0.32","0","","","30","170","321.47","322.56"
"Apr 27, 2023 2:00pm","Apr 27, 2023 4:00pm","QQQ","Apr 27, 2023","longputspread","short put 317 / long put 319","1","expired","-48","48","-100","48","316.67","0.48","0.46","0.48","0","","","48","152","319.63","320.35"
"Apr 26, 2023 2:00pm","Apr 26, 2023 4:00pm","QQQ","Apr 26, 2023","longputspread","short put 310 / long put 312","1","expired","-24","37","-64.86","37","440.54","0.37","0.36","0.38","0.13","","","37","163","312.75","311.87"
"Apr 25, 2023 2:00pm","Apr 25, 2023 4:00pm","QQQ","Apr 25, 2023","longputspread","short put 309 / long put 311","1","expired","34","67","50.75","67","198.51","0.67","0.67","0.69","1.01","","","67","133","311.24","309.99"
"Apr 24, 2023 2:00pm","Apr 24, 2023 4:00pm","QQQ","Apr 24, 2023","longputspread","short put 313 / long put 315","1","expired","-20","20","-100","20","900","0.2","0.18","0.21","0","","","20","180","315.63","315.95"
"Apr 21, 2023 2:00pm","Apr 21, 2023 4:00pm","QQQ","Apr 21, 2023","longputspread","short put 315 / long put 317","1","expired","-6","45","-13.33","45","344.44","0.45","0.44","0.47","0.39","","","45","155","316.9","316.61"
"Apr 20, 2023 2:00pm","Apr 20, 2023 4:00pm","QQQ","Apr 20, 2023","longputspread","short put 316 / long put 318","1","expired","148","24","616.67","24","733.33","0.24","0.22","0.25","1.72","","","24","176","318.54","316.28"
"Apr 19, 2023 2:00pm","Apr 19, 2023 4:00pm","QQQ","Apr 19, 2023","longputspread","short put 317 / long put 319","1","expired","-9","38","-23.68","38","426.32","0.38","0.37","0.39","0.29","","","38","162","319.33","318.71"
"Apr 18, 2023 2:00pm","Apr 18, 2023 4:00pm","QQQ","Apr 18, 2023","longputspread","short put 316 / long put 318","1","expired","-31","31","-100","31","545.16","0.31","0.31","0.33","0","","","31","169","318.54","318.86"
"Apr 17, 2023 2:00pm","Apr 17, 2023 4:00pm","QQQ","Apr 17, 2023","longputspread","short put 314 / long put 316","1","expired","-24","24","-100","24","733.33","0.24","0.23","0.25","0","","","24","176","316.59","318.84"
"Apr 14, 2023 2:00pm","Apr 14, 2023 4:00pm","QQQ","Apr 14, 2023","longputspread","short put 314 / long put 316","1","expired","-20","20","-100","20","900","0.2","0.2","0.22","0","","","20","180","316.84","318.57"
"Apr 13, 2023 2:00pm","Apr 13, 2023 4:00pm","QQQ","Apr 13, 2023","longputspread","short put 316 / long put 318","1","expired","-20","20","-100","20","900","0.2","0.19","0.21","0","","","20","180","318.79","319.17"
"Apr 12, 2023 2:00pm","Apr 12, 2023 4:00pm","QQQ","Apr 12, 2023","longputspread","short put 313 / long put 315","1","expired","155","41","378.05","41","387.8","0.41","0.37","0.45","1.96","","","41","159","315.69","313.04"
"Apr 11, 2023 2:00pm","Apr 11, 2023 4:00pm","QQQ","Apr 11, 2023","longputspread","short put 315 / long put 317","1","expired","71","46","154.35","46","334.78","0.46","0.45","0.47","1.17","","","46","154","316.94","315.83"
"Apr 10, 2023 2:00pm","Apr 10, 2023 4:00pm","QQQ","Apr 10, 2023","longputspread","short put 315 / long put 317","1","expired","-48","48","-100","48","316.67","0.48","0.46","0.49","0","","","48","152","316.96","317.87"
"Apr 6, 2023 2:00pm","Apr 6, 2023 4:00pm","QQQ","Apr 6, 2023","longputspread","short put 316 / long put 318","1","expired","-43","43","-100","43","365.12","0.43","0.43","0.45","0","","","43","157","318.07","318.05"
"Apr 5, 2023 2:00pm","Apr 5, 2023 4:00pm","QQQ","Apr 5, 2023","longputspread","short put 313 / long put 315","1","expired","-35","35","-100","35","471.43","0.35","0.34","0.37","0","","","35","165","315.33","315.92"
"Apr 4, 2023 2:00pm","Apr 4, 2023 4:00pm","QQQ","Apr 4, 2023","longputspread","short put 317 / long put 319","1","expired","-36","36","-100","36","455.56","0.36","0.36","0.38","0","","","36","164","319.3","319.07"
"Apr 3, 2023 2:00pm","Apr 3, 2023 4:00pm","QQQ","Apr 3, 2023","longputspread","short put 316 / long put 318","1","expired","-51","51","-100","51","292.16","0.51","0.5","0.53","0","","","51","149","317.93","320.15"
"Mar 31, 2023 2:00pm","Mar 31, 2023 4:00pm","QQQ","Mar 31, 2023","longputspread","short put 317 / long put 319","1","expired","-47","47","-100","47","325.53","0.47","0.47","0.49","0","","","47","153","319.16","320.93"
"Mar 30, 2023 2:00pm","Mar 30, 2023 4:00pm","QQQ","Mar 30, 2023","longputspread","short put 312 / long put 314","1","expired","-32","32","-100","32","525","0.32","0.31","0.34","0","","","32","168","314.41","315.68"
"Mar 29, 2023 2:00pm","Mar 29, 2023 4:00pm","QQQ","Mar 29, 2023","longputspread","short put 309 / long put 311","1","expired","-34","34","-100","34","488.24","0.34","0.33","0.35","0","","","34","166","311.34","312.72"
"Mar 28, 2023 2:00pm","Mar 28, 2023 4:00pm","QQQ","Mar 28, 2023","longputspread","short put 303 / long put 305","1","expired","-57","57","-100","57","250.88","0.57","0.56","0.58","0","","","57","143","304.9","307.12"
"Mar 27, 2023 2:00pm","Mar 27, 2023 4:00pm","QQQ","Mar 27, 2023","longputspread","short put 307 / long put 309","1","expired","-34","58","-58.62","58","244.83","0.58","0.57","0.59","0.24","","","58","142","308.89","308.76"
"Mar 24, 2023 2:00pm","Mar 24, 2023 4:00pm","QQQ","Mar 24, 2023","longputspread","short put 307 / long put 309","1","expired","-54","54","-100","54","270.37","0.54","0.53","0.56","0","","","54","146","308.98","310.89"
"Mar 23, 2023 2:00pm","Mar 23, 2023 4:00pm","QQQ","Mar 23, 2023","longputspread","short put 308 / long put 310","1","expired","-12","37","-32.43","37","440.54","0.37","0.36","0.39","0.25","","","37","163","310.82","309.75"
"Mar 21, 2023 2:00pm","Mar 21, 2023 4:00pm","QQQ","Mar 21, 2023","longputspread","short put 306 / long put 308","1","expired","-45","45","-100","45","344.44","0.45","0.44","0.46","0","","","45","155","308.07","310.34"
"Mar 20, 2023 2:00pm","Mar 20, 2023 4:00pm","QQQ","Mar 20, 2023","longputspread","short put 303 / long put 305","1","expired","-51","51","-100","51","292.16","0.51","0.49","0.52","0","","","51","149","305.17","305.97"
"Mar 17, 2023 2:00pm","Mar 17, 2023 4:00pm","QQQ","Mar 17, 2023","longputspread","short put 304 / long put 306","1","expired","5","59","8.47","59","238.98","0.59","0.57","0.62","0.64","","","59","141","306.05","305.36"
"Mar 16, 2023 2:00pm","Mar 16, 2023 4:00pm","QQQ","Mar 16, 2023","longputspread","short put 303 / long put 305","1","expired","-46","46","-100","46","334.78","0.46","0.46","0.48","0","","","46","154","305.45","306.81"
"Mar 15, 2023 2:00pm","Mar 15, 2023 4:00pm","QQQ","Mar 15, 2023","longputspread","short put 294 / long put 296","1","expired","-52","52","-100","52","284.62","0.52","0.5","0.54","0","","","52","148","296.48","298.93"
"Mar 14, 2023 2:00pm","Mar 14, 2023 4:00pm","QQQ","Mar 14, 2023","longputspread","short put 293 / long put 295","1","expired","-54","54","-100","54","270.37","0.54","0.52","0.57","0","","","54","146","295.23","297.37"
"Mar 13, 2023 2:00pm","Mar 13, 2023 4:00pm","QQQ","Mar 13, 2023","longputspread","short put 290 / long put 292","1","expired","80","51","156.86","51","292.16","0.51","0.48","0.54","1.31","","","51","149","292.57","290.69"
"Mar 10, 2023 2:00pm","Mar 10, 2023 4:00pm","QQQ","Mar 10, 2023","longputspread","short put 286 / long put 288","1","expired","-66","66","-100","66","203.03","0.66","0.65","0.69","0","","","66","134","287.77","288.55"
"Mar 9, 2023 2:00pm","Mar 9, 2023 4:00pm","QQQ","Mar 9, 2023","longputspread","short put 293 / long put 295","1","expired","147","53","277.36","53","277.36","0.53","0.51","0.53","2","","","53","147","295.18","292.66"
"Mar 8, 2023 2:00pm","Mar 8, 2023 4:00pm","QQQ","Mar 8, 2023","longputspread","short put 294 / long put 296","1","expired","-51","51","-100","51","292.16","0.51","0.5","0.54","0","","","51","149","296.06","297.82"
"Mar 7, 2023 2:00pm","Mar 7, 2023 4:00pm","QQQ","Mar 7, 2023","longputspread","short put 294 / long put 296","1","expired","-34","34","-100","34","488.24","0.34","0.33","0.35","0","","","34","166","296.72","296.34"
"Mar 6, 2023 2:00pm","Mar 6, 2023 4:00pm","QQQ","Mar 6, 2023","longputspread","short put 299 / long put 301","1","expired","47","51","92.16","51","292.16","0.51","0.5","0.53","0.98","","","51","149","300.97","300.02"
"Mar 3, 2023 2:00pm","Mar 3, 2023 4:00pm","QQQ","Mar 3, 2023","longputspread","short put 296 / long put 298","1","expired","-29","29","-100","29","589.66","0.29","0.28","0.31","0","","","29","171","298.66","299.68"
"Mar 2, 2023 2:00pm","Mar 2, 2023 4:00pm","QQQ","Mar 2, 2023","longputspread","short put 290 / long put 292","1","expired","-57","57","-100","57","250.88","0.57","0.56","0.59","0","","","57","143","292.09","293.61"
"Mar 1, 2023 2:00pm","Mar 1, 2023 4:00pm","QQQ","Mar 1, 2023","longputspread","short put 289 / long put 291","1","expired","-41","41","-100","41","387.8","0.41","0.39","0.42","0","","","41","159","291.44","291.2"
"Feb 28, 2023 2:00pm","Feb 28, 2023 4:00pm","QQQ","Feb 28, 2023","longputspread","short put 294 / long put 296","1","expired","143","57","250.88","57","250.88","0.57","0.54","0.58","2","","","57","143","295.88","293.56"
"Feb 27, 2023 2:00pm","Feb 27, 2023 4:00pm","QQQ","Feb 27, 2023","longputspread","short put 293 / long put 295","1","expired","58","48","120.83","48","316.67","0.48","0.47","0.5","1.06","","","48","152","295.03","293.94"
"Feb 24, 2023 2:00pm","Feb 24, 2023 4:00pm","QQQ","Feb 24, 2023","longputspread","short put 289 / long put 291","1","expired","-54","54","-100","54","270.37","0.54","0.53","0.56","0","","","54","146","291.08","291.85"
"Feb 23, 2023 2:00pm","Feb 23, 2023 4:00pm","QQQ","Feb 23, 2023","longputspread","short put 292 / long put 294","1","expired","-30","30","-100","30","566.67","0.3","0.29","0.32","0","","","30","170","294.67","296.82"
"Feb 22, 2023 2:00pm","Feb 22, 2023 4:00pm","QQQ","Feb 22, 2023","longputspread","short put 293 / long put 295","1","expired","10","65","15.38","65","207.69","0.65","0.57","0.75","0.75","","","65","135","295.36","294.25"
"Feb 21, 2023 2:00pm","Feb 21, 2023 4:00pm","QQQ","Feb 21, 2023","longputspread","short put 293 / long put 295","1","expired","38","59","64.41","59","238.98","0.59","0.57","0.6","0.97","","","59","141","295.04","294.03"
"Feb 17, 2023 2:00pm","Feb 17, 2023 4:00pm","QQQ","Feb 17, 2023","longputspread","short put 297 / long put 299","1","expired","-55","55","-100","55","263.64","0.55","0.53","0.56","0","","","55","145","299.13","301.16"
"Feb 16, 2023 2:00pm","Feb 16, 2023 4:00pm","QQQ","Feb 16, 2023","longputspread","short put 305 / long put 307","1","expired","166","34","488.24","34","488.24","0.34","0.33","0.36","2","","","34","166","307.68","303.3"
"Feb 15, 2023 2:00pm","Feb 15, 2023 4:00pm","QQQ","Feb 15, 2023","longputspread","short put 306 / long put 308","1","expired","-51","51","-100","51","292.16","0.51","0.5","0.53","0","","","51","149","307.98","309.1"
"Feb 14, 2023 2:00pm","Feb 14, 2023 4:00pm","QQQ","Feb 14, 2023","longputspread","short put 303 / long put 305","1","expired","-42","42","-100","42","376.19","0.42","0.4","0.43","0","","","42","158","305.56","306.75"
"Feb 13, 2023 2:00pm","Feb 13, 2023 4:00pm","QQQ","Feb 13, 2023","longputspread","short put 303 / long put 305","1","expired","-6","56","-10.71","56","257.14","0.56","0.55","0.59","0.5","","","56","144","304.93","304.5"
"Feb 10, 2023 2:00pm","Feb 10, 2023 4:00pm","QQQ","Feb 10, 2023","longputspread","short put 297 / long put 299","1","expired","-69","69","-100","69","189.86","0.69","0.68","0.71","0","","","69","131","298.75","299.7"
"Feb 9, 2023 2:00pm","Feb 9, 2023 4:00pm","QQQ","Feb 9, 2023","longputspread","short put 301 / long put 303","1","expired","87","45","193.33","45","344.44","0.45","0.43","0.46","1.32","","","45","155","303.56","301.68"
"Feb 8, 2023 2:00pm","Feb 8, 2023 4:00pm","QQQ","Feb 8, 2023","longputspread","short put 303 / long put 305","1","expired","-3","66","-4.55","66","203.03","0.66","0.63","0.68","0.63","","","66","134","305","304.37"
"Feb 7, 2023 2:00pm","Feb 7, 2023 4:00pm","QQQ","Feb 7, 2023","longputspread","short put 301 / long put 303","1","expired","-51","51","-100","51","292.16","0.51","0.48","0.53","0","","","51","149","303.68","309.88"
"Feb 6, 2023 2:00pm","Feb 6, 2023 4:00pm","QQQ","Feb 6, 2023","longputspread","short put 302 / long put 304","1","expired","-18","59","-30.51","59","238.98","0.59","0.57","0.6","0.41","","","59","141","303.99","303.59"
"Feb 3, 2023 2:00pm","Feb 3, 2023 4:00pm","QQQ","Feb 3, 2023","longputspread","short put 305 / long put 307","1","expired","24","58","41.38","58","244.83","0.58","0.56","0.59","0.82","","","58","142","307.46","306.18"
"Feb 2, 2023 2:00pm","Feb 2, 2023 4:00pm","QQQ","Feb 2, 2023","longputspread","short put 311 / long put 313","1","expired","52","76","68.42","76","163.16","0.76","0.74","0.79","1.28","","","76","124","313.5","311.72"
"Jan 31, 2023 2:00pm","Jan 31, 2023 4:00pm","QQQ","Jan 31, 2023","longputspread","short put 291 / long put 293","1","expired","-46","46","-100","46","334.78","0.46","0.44","0.47","0","","","46","154","293.22","294.62"
"Jan 30, 2023 2:00pm","Jan 30, 2023 4:00pm","QQQ","Jan 30, 2023","longputspread","short put 289 / long put 291","1","expired","34","39","87.18","39","412.82","0.39","0.38","0.41","0.73","","","39","161","291.42","290.27"
"Jan 27, 2023 2:00pm","Jan 27, 2023 4:00pm","QQQ","Jan 27, 2023","longputspread","short put 295 / long put 297","1","expired","25","49","51.02","49","308.16","0.49","0.48","0.51","0.74","","","49","151","297.02","296.26"
"Jan 26, 2023 2:00pm","Jan 26, 2023 4:00pm","QQQ","Jan 26, 2023","longputspread","short put 289 / long put 291","1","expired","-36","36","-100","36","455.56","0.36","0.35","0.38","0","","","36","164","291.48","293.34"
"Jan 25, 2023 2:00pm","Jan 25, 2023 4:00pm","QQQ","Jan 25, 2023","longputspread","short put 284 / long put 286","1","expired","-41","41","-100","41","387.8","0.41","0.4","0.42","0","","","41","159","286.31","287.73"
"Jan 24, 2023 2:00pm","Jan 24, 2023 4:00pm","QQQ","Jan 24, 2023","longputspread","short put 287 / long put 289","1","expired","-17","80","-21.25","80","150","0.8","0.78","0.82","0.63","","","80","120","288.82","288.37"
"Jan 23, 2023 2:00pm","Jan 23, 2023 4:00pm","QQQ","Jan 23, 2023","longputspread","short put 287 / long put 289","1","expired","-27","31","-87.1","31","545.16","0.31","0.3","0.32","0.04","","","31","169","289.63","288.96"
"Jan 20, 2023 2:00pm","Jan 20, 2023 4:00pm","QQQ","Jan 20, 2023","longputspread","short put 279 / long put 281","1","expired","-49","49","-100","49","308.16","0.49","0.48","0.51","0","","","49","151","280.94","282.68"
"Jan 19, 2023 2:00pm","Jan 19, 2023 4:00pm","QQQ","Jan 19, 2023","longputspread","short put 274 / long put 276","1","expired","25","60","41.67","60","233.33","0.6","0.57","0.63","0.85","","","60","140","275.99","275.15"
"Jan 18, 2023 2:00pm","Jan 18, 2023 4:00pm","QQQ","Jan 18, 2023","longputspread","short put 277 / long put 279","1","expired","61","51","119.61","51","292.16","0.51","0.51","0.53","1.12","","","51","149","279.02","277.88"
"Jan 17, 2023 2:00pm","Jan 17, 2023 4:00pm","QQQ","Jan 17, 2023","longputspread","short put 280 / long put 282","1","expired","-4","50","-8","50","300","0.5","0.49","0.52","0.46","","","50","150","281.89","281.54"
"Jan 13, 2023 2:00pm","Jan 13, 2023 4:00pm","QQQ","Jan 13, 2023","longputspread","short put 277.50 / long put 279","1","expired","-20","20","-100","20","650","0.2","0.19","0.21","0","","","20","130","279.81","280.97"
"Jan 12, 2023 2:00pm","Jan 12, 2023 4:00pm","QQQ","Jan 12, 2023","longputspread","short put 278 / long put 280","1","expired","36","59","61.02","59","238.98","0.59","0.57","0.61","0.95","","","59","141","279.87","279.05"
"Jan 11, 2023 2:00pm","Jan 11, 2023 4:00pm","QQQ","Jan 11, 2023","longputspread","short put 274 / long put 276","1","expired","-53","53","-100","53","277.36","0.53","0.51","0.53","0","","","53","147","275.92","277.55"
"Jan 10, 2023 2:00pm","Jan 10, 2023 4:00pm","QQQ","Jan 10, 2023","longputspread","short put 270 / long put 272","1","expired","-52","52","-100","52","284.62","0.52","0.51","0.54","0","","","52","148","271.96","272.83"
"Jan 9, 2023 2:00pm","Jan 9, 2023 4:00pm","QQQ","Jan 9, 2023","longputspread","short put 271 / long put 273","1","expired","140","60","233.33","60","233.33","0.6","0.58","0.62","2","","","60","140","272.85","270.54"
"Jan 6, 2023 2:00pm","Jan 6, 2023 4:00pm","QQQ","Jan 6, 2023","longputspread","short put 266 / long put 268","1","expired","-64","64","-100","64","212.5","0.64","0.62","0.66","0","","","64","136","267.69","268.8"
"Jan 5, 2023 2:00pm","Jan 5, 2023 4:00pm","QQQ","Jan 5, 2023","longputspread","short put 261 / long put 263","1","expired","80","62","129.03","62","222.58","0.62","0.61","0.63","1.42","","","62","138","262.89","261.58"
"Jan 3, 2023 2:00pm","Jan 3, 2023 4:00pm","QQQ","Jan 3, 2023","longputspread","short put 262 / long put 264","1","expired","-67","67","-100","67","198.51","0.67","0.66","0.69","0","","","67","133","263.82","264.48"
"Dec 30, 2022 2:00pm","Dec 30, 2022 4:00pm","QQQ","Dec 30, 2022","longputspread","short put 261 / long put 263","1","expired","-39","39","-100","39","412.82","0.39","0.37","0.4","0","","","39","161","263.48","266.28"
"Dec 29, 2022 2:00pm","Dec 29, 2022 4:00pm","QQQ","Dec 29, 2022","longputspread","short put 265 / long put 267","1","expired","2","54","3.7","54","270.37","0.54","0.53","0.56","0.56","","","54","146","266.8","266.44"
"Dec 28, 2022 2:00pm","Dec 28, 2022 4:00pm","QQQ","Dec 28, 2022","longputspread","short put 259 / long put 261","1","expired","55","35","157.14","35","471.43","0.35","0.34","0.37","0.9","","","35","165","261.32","260.1"
"Dec 27, 2022 2:00pm","Dec 27, 2022 4:00pm","QQQ","Dec 27, 2022","longputspread","short put 262 / long put 264","1","expired","-29","71","-40.84","71","181.69","0.71","0.69","0.73","0.42","","","71","129","263.62","263.58"
"Dec 23, 2022 2:00pm","Dec 23, 2022 4:00pm","QQQ","Dec 23, 2022","longputspread","short put 264 / long put 266","1","expired","-38","38","-100","38","426.32","0.38","0.37","0.4","0","","","38","162","266.43","267.36"
"Dec 22, 2022 2:00pm","Dec 22, 2022 4:00pm","QQQ","Dec 22, 2022","longputspread","short put 261 / long put 263","1","expired","-54","54","-100","54","270.37","0.54","0.52","0.56","0","","","54","146","263.23","266.76"
"Dec 21, 2022 2:00pm","Dec 21, 2022 4:00pm","QQQ","Dec 21, 2022","longputspread","short put 272 / long put 274","1","expired","3","52","5.77","52","284.62","0.52","0.51","0.54","0.55","","","52","148","273.85","273.45"
"Dec 20, 2022 2:00pm","Dec 20, 2022 4:00pm","QQQ","Dec 20, 2022","longputspread","short put 268 / long put 270","1","expired","-11","57","-19.3","57","250.88","0.57","0.56","0.59","0.46","","","57","143","269.89","269.54"
"Dec 19, 2022 2:00pm","Dec 19, 2022 4:00pm","QQQ","Dec 19, 2022","longputspread","short put 268 / long put 270","1","expired","-34","59","-57.63","59","238.98","0.59","0.57","0.59","0.25","","","59","141","269.93","269.75"
"Dec 16, 2022 2:00pm","Dec 16, 2022 4:00pm","QQQ","Dec 16, 2022","longputspread","short put 271 / long put 273","1","expired","-57","57","-100","57","250.88","0.57","0.55","0.58","0","","","57","143","273.19","274.25"
"Dec 15, 2022 2:00pm","Dec 15, 2022 4:00pm","QQQ","Dec 15, 2022","longputspread","short put 274 / long put 276","1","expired","-52","52","-100","52","284.62","0.52","0.5","0.53","0","","","52","148","276.37","276.89"
"Dec 13, 2022 2:00pm","Dec 13, 2022 4:00pm","QQQ","Dec 13, 2022","longputspread","short put 286 / long put 288","1","expired","-62","62","-100","62","222.58","0.62","0.6","0.64","0","","","62","138","288.17","288.65"
"Dec 12, 2022 2:00pm","Dec 12, 2022 4:00pm","QQQ","Dec 12, 2022","longputspread","short put 281 / long put 283","1","expired","-55","55","-100","55","263.64","0.55","0.54","0.57","0","","","55","145","282.85","285.58"
"Dec 9, 2022 2:00pm","Dec 9, 2022 4:00pm","QQQ","Dec 9, 2022","longputspread","short put 282 / long put 284","1","expired","157","39","402.56","39","412.82","0.39","0.39","0.41","1.96","","","39","161","284.3","282.04"
"Dec 8, 2022 2:00pm","Dec 8, 2022 4:00pm","QQQ","Dec 8, 2022","longputspread","short put 282 / long put 284","1","expired","-37","52","-71.15","52","284.62","0.52","0.52","0.54","0.15","","","52","148","283.96","283.85"
"Dec 7, 2022 2:00pm","Dec 7, 2022 4:00pm","QQQ","Dec 7, 2022","longputspread","short put 278 / long put 280","1","expired","-42","42","-100","42","376.19","0.42","0.4","0.44","0","","","42","158","280.41","280.53"
"Dec 6, 2022 2:00pm","Dec 6, 2022 4:00pm","QQQ","Dec 6, 2022","longputspread","short put 280 / long put 282","1","expired","-27","59","-45.76","59","238.98","0.59","0.58","0.61","0.32","","","59","141","281.95","281.68"
"Dec 5, 2022 2:00pm","Dec 5, 2022 4:00pm","QQQ","Dec 5, 2022","longputspread","short put 285 / long put 287","1","expired","-51","51","-100","51","292.16","0.51","0.5","0.53","0","","","51","149","287.08","287.64"
"Dec 2, 2022 2:00pm","Dec 2, 2022 4:00pm","QQQ","Dec 2, 2022","longputspread","short put 289 / long put 291","1","expired","-58","58","-100","58","244.83","0.58","0.57","0.6","0","","","58","142","290.76","292.55"
"Dec 1, 2022 2:00pm","Dec 1, 2022 4:00pm","QQQ","Dec 1, 2022","longputspread","short put 291 / long put 293","1","expired","-37","37","-100","37","440.54","0.37","0.35","0.38","0","","","37","163","293.53","293.72"
"Nov 30, 2022 2:00pm","Nov 30, 2022 4:00pm","QQQ","Nov 30, 2022","longputspread","short put 284 / long put 286","1","expired","-66","66","-100","66","203.03","0.66","0.61","0.7","0","","","66","134","286.16","293.36"
"Nov 29, 2022 2:00pm","Nov 29, 2022 4:00pm","QQQ","Nov 29, 2022","longputspread","short put 278 / long put 280","1","expired","-36","36","-100","36","455.56","0.36","0.34","0.36","0","","","36","164","280.48","280.57"
"Nov 28, 2022 2:00pm","Nov 28, 2022 4:00pm","QQQ","Nov 28, 2022","longputspread","short put 281 / long put 283","1","expired","-18","47","-38.3","47","325.53","0.47","0.45","0.48","0.29","","","47","153","283.1","282.71"
"Nov 23, 2022 2:00pm","Nov 23, 2022 4:00pm","QQQ","Nov 23, 2022","longputspread","short put 285 / long put 287","1","expired","-61","61","-100","61","227.87","0.61","0.54","0.66","0","","","61","139","287.5","288.82"
"Nov 22, 2022 2:00pm","Nov 22, 2022 4:00pm","QQQ","Nov 22, 2022","longputspread","short put 282 / long put 284","1","expired","-26","26","-100","26","669.23","0.26","0.25","0.27","0","","","26","174","284.63","285.95"
"Nov 21, 2022 2:00pm","Nov 21, 2022 4:00pm","QQQ","Nov 21, 2022","longputspread","short put 280 / long put 282","1","expired","-40","51","-78.43","51","292.16","0.51","0.5","0.52","0.11","","","51","149","282.16","281.89"
"Nov 18, 2022 2:00pm","Nov 18, 2022 4:00pm","QQQ","Nov 18, 2022","longputspread","short put 281 / long put 283","1","expired","-53","53","-100","53","277.36","0.53","0.51","0.54","0","","","53","147","283.23","284.82"
"Nov 17, 2022 2:00pm","Nov 17, 2022 4:00pm","QQQ","Nov 17, 2022","longputspread","short put 283 / long put 285","1","expired","-22","41","-53.66","41","387.8","0.41","0.4","0.43","0.19","","","41","159","285.64","284.81"
"Nov 16, 2022 2:00pm","Nov 16, 2022 4:00pm","QQQ","Nov 16, 2022","longputspread","short put 283 / long put 285","1","expired","-49","49","-100","49","308.16","0.49","0.48","0.51","0","","","49","151","285.5","285.44"
"Nov 15, 2022 2:00pm","Nov 15, 2022 4:00pm","QQQ","Nov 15, 2022","longputspread","short put 286 / long put 288","1","expired","-66","66","-100","66","203.03","0.66","0.63","0.7","0","","","66","134","287.91","289.39"
"Nov 14, 2022 2:00pm","Nov 14, 2022 4:00pm","QQQ","Nov 14, 2022","longputspread","short put 287 / long put 289","1","expired","146","54","270.37","54","270.37","0.54","0.53","0.55","2","","","54","146","289.08","285.44"
"Nov 11, 2022 2:00pm","Nov 11, 2022 4:00pm","QQQ","Nov 11, 2022","longputspread","short put 286 / long put 288","1","expired","-61","65","-93.85","65","207.69","0.65","0.63","0.67","0.04","","","65","135","287.86","287.96"
"Nov 9, 2022 2:00pm","Nov 9, 2022 4:00pm","QQQ","Nov 9, 2022","longputspread","short put 262 / long put 264","1","expired","16","52","30.77","52","284.62","0.52","0.5","0.52","0.68","","","52","148","264.42","263.32"
"Nov 7, 2022 2:00pm","Nov 7, 2022 4:00pm","QQQ","Nov 7, 2022","longputspread","short put 264 / long put 266","1","expired","-71","71","-100","71","181.69","0.71","0.69","0.72","0","","","71","129","265.6","267.59"
"Nov 4, 2022 2:00pm","Nov 4, 2022 4:00pm","QQQ","Nov 4, 2022","longputspread","short put 258 / long put 260","1","expired","-75","75","-100","75","166.67","0.75","0.73","0.77","0","","","75","125","259.68","264.68"
"Nov 2, 2022 2:00pm","Nov 2, 2022 4:00pm","QQQ","Nov 2, 2022","longputspread","short put 271 / long put 273","1","expired","106","94","112.77","94","112.77","0.94","0.82","1.07","2","","","94","106","273.17","265.68"
"Oct 31, 2022 2:00pm","Oct 31, 2022 4:00pm","QQQ","Oct 31, 2022","longputspread","short put 276 / long put 278","1","expired","-39","44","-88.64","44","354.55","0.44","0.42","0.46","0.05","","","44","156","278.55","277.95"
"Oct 28, 2022 2:00pm","Oct 28, 2022 4:00pm","QQQ","Oct 28, 2022","longputspread","short put 278 / long put 280","1","expired","-56","56","-100","56","257.14","0.56","0.55","0.58","0","","","56","144","279.82","281.22"
"Oct 26, 2022 2:00pm","Oct 26, 2022 4:00pm","QQQ","Oct 26, 2022","longputspread","short put 278 / long put 280","1","expired","120","80","150","80","150","0.8","0.78","0.82","2","","","80","120","279.64","277.93"
"Oct 24, 2022 2:00pm","Oct 24, 2022 4:00pm","QQQ","Oct 24, 2022","longputspread","short put 274 / long put 276","1","expired","-43","43","-100","43","365.12","0.43","0.41","0.44","0","","","43","157","276.48","278.45"
"Oct 21, 2022 2:00pm","Oct 21, 2022 4:00pm","QQQ","Oct 21, 2022","longputspread","short put 272 / long put 274","1","expired","-59","59","-100","59","238.98","0.59","0.58","0.61","0","","","59","141","273.99","275.42"
"Oct 19, 2022 2:00pm","Oct 19, 2022 4:00pm","QQQ","Oct 19, 2022","longputspread","short put 267 / long put 269","1","expired","-65","65","-100","65","207.69","0.65","0.63","0.68","0","","","65","135","269.23","270.49"
"Oct 17, 2022 2:00pm","Oct 17, 2022 4:00pm","QQQ","Oct 17, 2022","longputspread","short put 268 / long put 270","1","expired","0","65","0","65","207.69","0.65","0.64","0.66","0.65","","","65","135","269.83","269.35"
"Oct 14, 2022 2:00pm","Oct 14, 2022 4:00pm","QQQ","Oct 14, 2022","longputspread","short put 261 / long put 263","1","expired","136","64","212.5","64","212.5","0.64","0.63","0.66","2","","","64","136","263.19","260.74"
"Oct 10, 2022 2:00pm","Oct 10, 2022 4:00pm","QQQ","Oct 10, 2022","longputspread","short put 265 / long put 267","1","expired","12","47","25.53","47","325.53","0.47","0.46","0.49","0.59","","","47","153","267.49","266.41"
"Oct 7, 2022 2:00pm","Oct 7, 2022 4:00pm","QQQ","Oct 7, 2022","longputspread","short put 267 / long put 269","1","expired","-51","51","-100","51","292.16","0.51","0.5","0.53","0","","","51","149","269.47","269.1"
"Oct 5, 2022 2:00pm","Oct 5, 2022 4:00pm","QQQ","Oct 5, 2022","longputspread","short put 278 / long put 280","1","expired","-49","49","-100","49","308.16","0.49","0.48","0.51","0","","","49","151","280.31","281.98"
"Oct 3, 2022 2:00pm","Oct 3, 2022 4:00pm","QQQ","Oct 3, 2022","longputspread","short put 271 / long put 273","1","expired","-61","61","-100","61","227.87","0.61","0.59","0.62","0","","","61","139","272.9","273.53"
"Sep 30, 2022 2:00pm","Sep 30, 2022 4:00pm","QQQ","Sep 30, 2022","longputspread","short put 268 / long put 270","1","expired","140","60","233.33","60","233.33","0.6","0.59","0.63","2","","","60","140","270.43","267.26"
"Sep 28, 2022 2:00pm","Sep 28, 2022 4:00pm","QQQ","Sep 28, 2022","longputspread","short put 276 / long put 278","1","expired","-63","63","-100","63","217.46","0.63","0.62","0.66","0","","","63","137","277.96","279.94"
"Sep 26, 2022 2:00pm","Sep 26, 2022 4:00pm","QQQ","Sep 26, 2022","longputspread","short put 272 / long put 274","1","expired","-80","80","-100","80","150","0.8","0.78","0.82","0","","","80","120","273.68","274.37"
"Sep 23, 2022 2:00pm","Sep 23, 2022 4:00pm","QQQ","Sep 23, 2022","longputspread","short put 272 / long put 274","1","expired","-64","64","-100","64","212.5","0.64","0.62","0.65","0","","","64","136","274.43","275.51"
"Sep 19, 2022 2:00pm","Sep 19, 2022 4:00pm","QQQ","Sep 19, 2022","longputspread","short put 286 / long put 288","1","expired","-47","47","-100","47","325.53","0.47","0.46","0.49","0","","","47","153","288.49","291.05"
"Sep 16, 2022 2:00pm","Sep 16, 2022 4:00pm","QQQ","Sep 16, 2022","longputspread","short put 284 / long put 286","1","expired","-55","55","-100","55","263.64","0.55","0.53","0.57","0","","","55","145","286.53","289.32"
"Sep 14, 2022 2:00pm","Sep 14, 2022 4:00pm","QQQ","Sep 14, 2022","longputspread","short put 292 / long put 294","1","expired","-56","56","-100","56","257.14","0.56","0.55","0.58","0","","","56","144","294.39","296.03"
"Sep 12, 2022 2:00pm","Sep 12, 2022 4:00pm","QQQ","Sep 12, 2022","longputspread","short put 308 / long put 310","1","expired","-40","40","-100","40","400","0.4","0.38","0.42","0","","","40","160","310.62","310.74"
"Sep 9, 2022 2:00pm","Sep 9, 2022 4:00pm","QQQ","Sep 9, 2022","longputspread","short put 305 / long put 307","1","expired","-59","59","-100","59","238.98","0.59","0.57","0.6","0","","","59","141","306.92","307.09"
"Sep 7, 2022 2:00pm","Sep 7, 2022 4:00pm","QQQ","Sep 7, 2022","longputspread","short put 295 / long put 297","1","expired","-45","45","-100","45","344.44","0.45","0.43","0.46","0","","","45","155","297.66","298.97"
"Sep 6, 2022 2:00pm","Sep 6, 2022 4:00pm","QQQ","Sep 6, 2022","longputspread","short put 291 / long put 293","1","expired","-75","75","-100","75","166.67","0.75","0.73","0.76","0","","","75","125","292.74","293.05"
"Sep 2, 2022 2:00pm","Sep 2, 2022 4:00pm","QQQ","Sep 2, 2022","longputspread","short put 292.50 / long put 294","1","expired","-47","47","-100","47","219.15","0.47","0.45","0.49","0","","","47","103","294.65","295.17"
"Aug 31, 2022 2:00pm","Aug 31, 2022 4:00pm","QQQ","Aug 31, 2022","longputspread","short put 298 / long put 300","1","expired","11","62","17.74","62","222.58","0.62","0.61","0.64","0.73","","","62","138","300.07","299.27"
"Aug 29, 2022 2:00pm","Aug 29, 2022 4:00pm","QQQ","Aug 29, 2022","longputspread","short put 304 / long put 306","1","expired","107","52","205.77","52","284.62","0.52","0.5","0.54","1.59","","","52","148","306.35","304.41"
"Aug 26, 2022 2:00pm","Aug 26, 2022 4:00pm","QQQ","Aug 26, 2022","longputspread","short put 308 / long put 310","1","expired","152","48","316.67","48","316.67","0.48","0.47","0.49","2","","","48","152","310.5","307.44"
"Aug 24, 2022 2:00pm","Aug 24, 2022 4:00pm","QQQ","Aug 24, 2022","longputspread","short put 313 / long put 315","1","expired","-49","49","-100","49","308.16","0.49","0.48","0.52","0","","","49","151","315.12","315.01"
"Aug 22, 2022 2:00pm","Aug 22, 2022 4:00pm","QQQ","Aug 22, 2022","longputspread","short put 312 / long put 314","1","expired","-36","36","-100","36","455.56","0.36","0.35","0.38","0","","","36","164","314.69","314.36"
"Aug 19, 2022 2:00pm","Aug 19, 2022 4:00pm","QQQ","Aug 19, 2022","longputspread","short put 321 / long put 323","1","expired","-35","49","-71.43","49","308.16","0.49","0.47","0.5","0.14","","","49","151","323.18","322.86"
"Aug 17, 2022 2:00pm","Aug 17, 2022 4:00pm","QQQ","Aug 17, 2022","longputspread","short put 326 / long put 328","1","expired","-59","59","-100","59","238.98","0.59","0.47","0.7","0","","","59","141","328.27","328.49"
"Aug 15, 2022 2:00pm","Aug 15, 2022 4:00pm","QQQ","Aug 15, 2022","longputspread","short put 330 / long put 332","1","expired","-34","34","-100","34","488.24","0.34","0.33","0.35","0","","","34","166","332.49","333.06"
"Aug 12, 2022 2:00pm","Aug 12, 2022 4:00pm","QQQ","Aug 12, 2022","longputspread","short put 326 / long put 328","1","expired","-29","29","-100","29","589.66","0.29","0.28","0.31","0","","","29","171","328.63","330.39"
"Aug 10, 2022 2:00pm","Aug 10, 2022 4:00pm","QQQ","Aug 10, 2022","longputspread","short put 323 / long put 325","1","expired","-44","44","-100","44","354.55","0.44","0.43","0.45","0","","","44","156","325.3","325.93"
"Aug 8, 2022 2:00pm","Aug 8, 2022 4:00pm","QQQ","Aug 8, 2022","longputspread","short put 319 / long put 321","1","expired","-15","44","-34.09","44","354.55","0.44","0.43","0.46","0.29","","","44","156","321.43","320.71"
"Aug 5, 2022 2:00pm","Aug 5, 2022 4:00pm","QQQ","Aug 5, 2022","longputspread","short put 319 / long put 321","1","expired","-57","57","-100","57","250.88","0.57","0.55","0.57","0","","","57","143","320.98","321.75"
"Aug 3, 2022 2:00pm","Aug 3, 2022 4:00pm","QQQ","Aug 3, 2022","longputspread","short put 320 / long put 322","1","expired","-35","35","-100","35","471.43","0.35","0.34","0.37","0","","","35","165","322.71","322.89"
"Aug 1, 2022 2:00pm","Aug 1, 2022 4:00pm","QQQ","Aug 1, 2022","longputspread","short put 312 / long put 314","1","expired","-45","45","-100","45","344.44","0.45","0.43","0.46","0","","","45","155","314.55","315.27"
"Jul 29, 2022 2:00pm","Jul 29, 2022 4:00pm","QQQ","Jul 29, 2022","longputspread","short put 312 / long put 314","1","expired","-42","42","-100","42","376.19","0.42","0.41","0.44","0","","","42","158","314.35","315.46"
"Jul 27, 2022 2:00pm","Jul 27, 2022 4:00pm","QQQ","Jul 27, 2022","longputspread","short put 300 / long put 302","1","expired","-83","83","-100","83","140.96","0.83","0.68","0.99","0","","","83","117","302.4","306.81"
"Jul 25, 2022 2:00pm","Jul 25, 2022 4:00pm","QQQ","Jul 25, 2022","longputspread","short put 297 / long put 299","1","expired","-47","47","-100","47","325.53","0.47","0.45","0.48","0","","","47","153","299.54","300.27"
"Jul 22, 2022 2:00pm","Jul 22, 2022 4:00pm","QQQ","Jul 22, 2022","longputspread","short put 299 / long put 301","1","expired","-54","54","-100","54","270.37","0.54","0.52","0.56","0","","","54","146","301.31","301.99"
"Jul 20, 2022 2:00pm","Jul 20, 2022 4:00pm","QQQ","Jul 20, 2022","longputspread","short put 299 / long put 301","1","expired","-71","71","-100","71","181.69","0.71","0.69","0.73","0","","","71","129","300.86","303.03"
"Jul 18, 2022 2:00pm","Jul 18, 2022 4:00pm","QQQ","Jul 18, 2022","longputspread","short put 289 / long put 291","1","expired","100","60","166.67","60","233.33","0.6","0.58","0.61","1.6","","","60","140","291.38","289.4"
"Jul 15, 2022 2:00pm","Jul 15, 2022 4:00pm","QQQ","Jul 15, 2022","longputspread","short put 289 / long put 291","1","expired","-50","50","-100","50","300","0.5","0.48","0.52","0","","","50","150","291.18","291.87"
"Jul 13, 2022 2:00pm","Jul 13, 2022 4:00pm","QQQ","Jul 13, 2022","longputspread","short put 285 / long put 287","1","expired","79","56","141.07","56","257.14","0.56","0.54","0.57","1.35","","","56","144","287.29","285.65"
"Jul 11, 2022 2:00pm","Jul 11, 2022 4:00pm","QQQ","Jul 11, 2022","longputspread","short put 289 / long put 291","1","expired","146","50","292","50","300","0.5","0.48","0.52","1.96","","","50","150","291.32","289.04"
"Jul 8, 2022 2:00pm","Jul 8, 2022 4:00pm","QQQ","Jul 8, 2022","longputspread","short put 292.50 / long put 294","1","expired","-31","31","-100","31","383.87","0.31","0.3","0.32","0","","","31","119","294.68","295.35"
"Jul 6, 2022 2:00pm","Jul 6, 2022 4:00pm","QQQ","Jul 6, 2022","longputspread","short put 286 / long put 288","1","expired","-72","72","-100","72","177.78","0.72","0.62","0.84","0","","","72","128","287.92","288.8"
"Jul 5, 2022 2:00pm","Jul 5, 2022 4:00pm","QQQ","Jul 5, 2022","longputspread","short put 282 / long put 284","1","expired","-72","72","-100","72","177.78","0.72","0.71","0.75","0","","","72","128","283.7","286.96"
"Jul 1, 2022 2:00pm","Jul 1, 2022 4:00pm","QQQ","Jul 1, 2022","longputspread","short put 278 / long put 280","1","expired","-66","66","-100","66","203.03","0.66","0.64","0.68","0","","","66","134","279.94","282.13"
"Jun 30, 2022 2:00pm","Jun 30, 2022 4:00pm","QQQ","Jun 30, 2022","longputspread","short put 281 / long put 283","1","expired","123","77","159.74","77","159.74","0.77","0.74","0.8","2","","","77","123","282.9","280.28"
"Jun 29, 2022 2:00pm","Jun 29, 2022 4:00pm","QQQ","Jun 29, 2022","longputspread","short put 282 / long put 284","1","expired","-48","68","-70.59","68","194.12","0.68","0.67","0.7","0.2","","","68","132","283.9","283.8"
"Jun 27, 2022 2:00pm","Jun 27, 2022 4:00pm","QQQ","Jun 27, 2022","longputspread","short put 290 / long put 292","1","expired","-53","53","-100","53","277.36","0.53","0.53","0.55","0","","","53","147","292.39","292.45"
"Jun 24, 2022 2:00pm","Jun 24, 2022 4:00pm","QQQ","Jun 24, 2022","longputspread","short put 289 / long put 291","1","expired","-42","42","-100","42","376.19","0.42","0.4","0.43","0","","","42","158","291.59","294.61"
"Jun 22, 2022 2:00pm","Jun 22, 2022 4:00pm","QQQ","Jun 22, 2022","longputspread","short put 281 / long put 283","1","expired","142","58","244.83","58","244.83","0.58","0.56","0.6","2","","","58","142","283.12","280.67"
"Jun 21, 2022 2:00pm","Jun 21, 2022 4:00pm","QQQ","Jun 21, 2022","longputspread","short put 280 / long put 282","1","expired","21","71","29.58","71","181.69","0.71","0.69","0.74","0.92","","","71","129","281.69","281.08"
"Jun 17, 2022 2:00pm","Jun 17, 2022 4:00pm","QQQ","Jun 17, 2022","longputspread","short put 274 / long put 276","1","expired","55","76","72.37","76","163.16","0.76","0.72","0.78","1.31","","","76","124","275.88","274.69"
"Jun 13, 2022 2:00pm","Jun 13, 2022 4:00pm","QQQ","Jun 13, 2022","longputspread","short put 277 / long put 279","1","expired","133","67","198.51","67","198.51","0.67","0.65","0.7","2","","","67","133","279.32","275.41"
"Jun 10, 2022 2:00pm","Jun 10, 2022 4:00pm","QQQ","Jun 10, 2022","longputspread","short put 288 / long put 290","1","expired","51","65","78.46","65","207.69","0.65","0.62","0.69","1.16","","","65","135","290.23","288.84"
"Jun 8, 2022 2:00pm","Jun 8, 2022 4:00pm","QQQ","Jun 8, 2022","longputspread","short put 306 / long put 308","1","expired","-24","60","-40","60","233.33","0.6","0.6","0.62","0.36","","","60","140","308.07","307.64"
"Jun 6, 2022 2:00pm","Jun 6, 2022 4:00pm","QQQ","Jun 6, 2022","longputspread","short put 307 / long put 309","1","expired","115","63","182.54","63","217.46","0.63","0.62","0.65","1.78","","","63","137","309.14","307.22"
"Jun 3, 2022 2:00pm","Jun 3, 2022 4:00pm","QQQ","Jun 3, 2022","longputspread","short put 304 / long put 306","1","expired","-71","71","-100","71","181.69","0.71","0.69","0.72","0","","","71","129","306.09","306.2"
"Jun 1, 2022 2:00pm","Jun 1, 2022 4:00pm","QQQ","Jun 1, 2022","longputspread","short put 304 / long put 306","1","expired","-73","73","-100","73","173.97","0.73","0.71","0.75","0","","","73","127","305.99","306"
"May 31, 2022 2:00pm","May 31, 2022 4:00pm","QQQ","May 31, 2022","longputspread","short put 309 / long put 311","1","expired","127","73","173.97","73","173.97","0.73","0.69","0.76","2","","","73","127","311.07","308.28"
"May 27, 2022 2:00pm","May 27, 2022 4:00pm","QQQ","May 27, 2022","longputspread","short put 305 / long put 307","1","expired","-61","61","-100","61","227.87","0.61","0.59","0.64","0","","","61","139","306.93","309.1"
"May 23, 2022 2:00pm","May 23, 2022 4:00pm","QQQ","May 23, 2022","longputspread","short put 290 / long put 292","1","expired","-50","50","-100","50","300","0.5","0.49","0.52","0","","","50","150","292.61","293.48"
"May 20, 2022 2:00pm","May 20, 2022 4:00pm","QQQ","May 20, 2022","longputspread","short put 281 / long put 283","1","expired","-75","75","-100","75","166.67","0.75","0.72","0.78","0","","","75","125","283.11","288.68"
"May 18, 2022 2:00pm","May 18, 2022 4:00pm","QQQ","May 18, 2022","longputspread","short put 290 / long put 292","1","expired","8","78","10.26","78","156.41","0.78","0.76","0.8","0.86","","","78","122","292.01","291.14"
"May 16, 2022 2:00pm","May 16, 2022 4:00pm","QQQ","May 16, 2022","longputspread","short put 298 / long put 300","1","expired","92","64","143.75","64","212.5","0.64","0.62","0.67","1.56","","","64","136","300.39","298.44"
"May 13, 2022 2:00pm","May 13, 2022 4:00pm","QQQ","May 13, 2022","longputspread","short put 298 / long put 300","1","expired","-68","68","-100","68","194.12","0.68","0.66","0.71","0","","","68","132","299.88","301.94"
"May 11, 2022 2:00pm","May 11, 2022 4:00pm","QQQ","May 11, 2022","longputspread","short put 290 / long put 292","1","expired","-47","63","-74.6","63","217.46","0.63","0.61","0.66","0.16","","","63","137","292.69","291.84"
"May 9, 2022 2:00pm","May 9, 2022 4:00pm","QQQ","May 9, 2022","longputspread","short put 296 / long put 298","1","expired","15","70","21.43","70","185.71","0.7","0.67","0.73","0.85","","","70","130","298.72","297.15"
"May 6, 2022 2:00pm","May 6, 2022 4:00pm","QQQ","May 6, 2022","longputspread","short put 307 / long put 309","1","expired","-78","78","-100","78","156.41","0.78","0.75","0.82","0","","","78","122","309.21","309.25"
"May 2, 2022 2:00pm","May 2, 2022 4:00pm","QQQ","May 2, 2022","longputspread","short put 309 / long put 311","1","expired","-68","68","-100","68","194.12","0.68","0.66","0.7","0","","","68","132","311.44","318.48"
"Apr 29, 2022 2:00pm","Apr 29, 2022 4:00pm","QQQ","Apr 29, 2022","longputspread","short put 316 / long put 318","1","expired","127","73","173.97","73","173.97","0.73","0.71","0.75","2","","","73","127","318.06","313.25"
"Apr 27, 2022 2:00pm","Apr 27, 2022 4:00pm","QQQ","Apr 27, 2022","longputspread","short put 318 / long put 320","1","expired","133","67","198.51","67","198.51","0.67","0.65","0.71","2","","","67","133","320.79","316.76"
"Apr 25, 2022 2:00pm","Apr 25, 2022 4:00pm","QQQ","Apr 25, 2022","longputspread","short put 323 / long put 325","1","expired","-75","75","-100","75","166.67","0.75","0.72","0.77","0","","","75","125","325.19","329.58"
"Apr 22, 2022 2:00pm","Apr 22, 2022 4:00pm","QQQ","Apr 22, 2022","longputspread","short put 325 / long put 327","1","expired","95","65","146.15","65","207.69","0.65","0.63","0.66","1.6","","","65","135","327.13","325.4"
"Apr 20, 2022 2:00pm","Apr 20, 2022 4:00pm","QQQ","Apr 20, 2022","longputspread","short put 340 / long put 342","1","expired","26","53","49.06","53","277.36","0.53","0.51","0.55","0.79","","","53","147","342.93","341.21"
"Apr 18, 2022 2:00pm","Apr 18, 2022 4:00pm","QQQ","Apr 18, 2022","longputspread","short put 337 / long put 339","1","expired","-13","44","-29.55","44","354.55","0.44","0.42","0.46","0.31","","","44","156","339.9","338.69"
"Apr 14, 2022 2:00pm","Apr 14, 2022 4:00pm","QQQ","Apr 14, 2022","longputspread","short put 339 / long put 341","1","expired","149","51","292.16","51","292.16","0.51","0.49","0.52","2","","","51","149","341.7","338.43"
"Apr 13, 2022 2:00pm","Apr 13, 2022 4:00pm","QQQ","Apr 13, 2022","longputspread","short put 342 / long put 344","1","expired","-40","40","-100","40","400","0.4","0.38","0.42","0","","","40","160","344.88","346.35"
"Apr 11, 2022 2:00pm","Apr 11, 2022 4:00pm","QQQ","Apr 11, 2022","longputspread","short put 341 / long put 343","1","expired","136","64","212.5","64","212.5","0.64","0.61","0.66","2","","","64","136","343.21","340.89"
"Apr 8, 2022 2:00pm","Apr 8, 2022 4:00pm","QQQ","Apr 8, 2022","longputspread","short put 348 / long put 350","1","expired","32","53","60.38","53","277.36","0.53","0.52","0.56","0.85","","","53","147","350.52","349.15"
"Apr 6, 2022 2:00pm","Apr 6, 2022 4:00pm","QQQ","Apr 6, 2022","longputspread","short put 351 / long put 353","1","expired","-78","78","-100","78","156.41","0.78","0.69","0.86","0","","","78","122","353.58","353.26"
"Apr 4, 2022 2:00pm","Apr 4, 2022 4:00pm","QQQ","Apr 4, 2022","longputspread","short put 365 / long put 366","1","expired","-9","9","-100","9","1011.11","0.09","0.08","0.1","0","","","9","91","368.14","369.3"
"Apr 1, 2022 2:00pm","Apr 1, 2022 4:00pm","QQQ","Apr 1, 2022","longputspread","short put 357 / long put 359","1","expired","-49","49","-100","49","308.16","0.49","0.46","0.51","0","","","49","151","359.56","361.85"
"Mar 31, 2022 2:00pm","Mar 31, 2022 4:00pm","QQQ","Mar 31, 2022","longputspread","short put 363 / long put 365","1","expired","137","63","217.46","63","217.46","0.63","0.62","0.65","2","","","63","137","365.34","362.54"
"Mar 30, 2022 2:00pm","Mar 30, 2022 4:00pm","QQQ","Mar 30, 2022","longputspread","short put 366 / long put 368","1","expired","32","59","54.24","59","238.98","0.59","0.58","0.6","0.91","","","59","141","368.39","367.09"
"Mar 28, 2022 2:00pm","Mar 28, 2022 4:00pm","QQQ","Mar 28, 2022","longputspread","short put 359 / long put 361","1","expired","-45","45","-100","45","344.44","0.45","0.43","0.46","0","","","45","155","361.54","364.91"
"Mar 25, 2022 2:00pm","Mar 25, 2022 4:00pm","QQQ","Mar 25, 2022","longputspread","short put 356 / long put 358","1","expired","-54","54","-100","54","270.37","0.54","0.53","0.56","0","","","54","146","358.43","359.35"
"Mar 23, 2022 2:00pm","Mar 23, 2022 4:00pm","QQQ","Mar 23, 2022","longputspread","short put 351 / long put 353","1","expired","72","45","160","45","344.44","0.45","0.43","0.47","1.17","","","45","155","353.98","351.83"
"Mar 21, 2022 2:00pm","Mar 21, 2022 4:00pm","QQQ","Mar 21, 2022","longputspread","short put 345 / long put 347","1","expired","-60","60","-100","60","233.33","0.6","0.58","0.63","0","","","60","140","347.49","350.08"
"Mar 18, 2022 2:00pm","Mar 18, 2022 4:00pm","QQQ","Mar 18, 2022","longputspread","short put 346 / long put 348","1","expired","-40","40","-100","40","400","0.4","0.37","0.42","0","","","40","160","348.98","351.49"
"Mar 16, 2022 2:00pm","Mar 16, 2022 4:00pm","QQQ","Mar 16, 2022","longputspread","short put 333 / long put 335","1","expired","-76","76","-100","76","163.16","0.76","0.65","0.89","0","","","76","124","335.31","340.32"
"Mar 14, 2022 2:00pm","Mar 14, 2022 4:00pm","QQQ","Mar 14, 2022","longputspread","short put 316 / long put 318","1","expired","-53","53","-100","53","277.36","0.53","0.51","0.55","0","","","53","147","318.73","318.17"
"Mar 11, 2022 2:00pm","Mar 11, 2022 4:00pm","QQQ","Mar 11, 2022","longputspread","short put 325 / long put 327","1","expired","151","49","308.16","49","308.16","0.49","0.47","0.5","2","","","49","151","327.71","324.4"
"Mar 9, 2022 2:00pm","Mar 9, 2022 4:00pm","QQQ","Mar 9, 2022","longputspread","short put 331 / long put 333","1","expired","-58","58","-100","58","244.83","0.58","0.56","0.6","0","","","58","142","333.83","334.99"
"Mar 7, 2022 2:00pm","Mar 7, 2022 4:00pm","QQQ","Mar 7, 2022","longputspread","short put 326 / long put 328","1","expired","132","68","194.12","68","194.12","0.68","0.65","0.71","2","","","68","132","328.65","324.86"
"Mar 4, 2022 2:00pm","Mar 4, 2022 4:00pm","QQQ","Mar 4, 2022","longputspread","short put 334 / long put 336","1","expired","-54","54","-100","54","270.37","0.54","0.53","0.56","0","","","54","146","336.72","337.3"
"Mar 2, 2022 2:00pm","Mar 2, 2022 4:00pm","QQQ","Mar 2, 2022","longputspread","short put 345 / long put 347","1","expired","-62","62","-100","62","222.58","0.62","0.6","0.63","0","","","62","138","347.12","347.22"
"Feb 28, 2022 2:00pm","Feb 28, 2022 4:00pm","QQQ","Feb 28, 2022","longputspread","short put 342 / long put 344","1","expired","-60","60","-100","60","233.33","0.6","0.58","0.64","0","","","60","140","344.83","346.8"
"Feb 25, 2022 2:00pm","Feb 25, 2022 4:00pm","QQQ","Feb 25, 2022","longputspread","short put 342 / long put 344","1","expired","-67","67","-100","67","198.51","0.67","0.62","0.71","0","","","67","133","344.15","345.77"
"Feb 23, 2022 2:00pm","Feb 23, 2022 4:00pm","QQQ","Feb 23, 2022","longputspread","short put 331 / long put 333","1","expired","137","63","217.46","63","217.46","0.63","0.61","0.64","2","","","63","137","333.71","329.42"
"Feb 22, 2022 2:00pm","Feb 22, 2022 4:00pm","QQQ","Feb 22, 2022","longputspread","short put 333 / long put 335","1","expired","-60","60","-100","60","233.33","0.6","0.59","0.62","0","","","60","140","335.64","338.08"
"Feb 18, 2022 2:00pm","Feb 18, 2022 4:00pm","QQQ","Feb 18, 2022","longputspread","short put 339 / long put 341","1","expired","-70","70","-100","70","185.71","0.7","0.67","0.72","0","","","70","130","341.13","341.51"
"Feb 14, 2022 2:00pm","Feb 14, 2022 4:00pm","QQQ","Feb 14, 2022","longputspread","short put 342 / long put 344","1","expired","-60","60","-100","60","233.33","0.6","0.59","0.62","0","","","60","140","344.81","347.49"
"Feb 11, 2022 2:00pm","Feb 11, 2022 4:00pm","QQQ","Feb 11, 2022","longputspread","short put 347 / long put 349","1","expired","121","73","165.75","73","173.97","0.73","0.67","0.78","1.94","","","73","127","349.27","347.06"
"Feb 9, 2022 2:00pm","Feb 9, 2022 4:00pm","QQQ","Feb 9, 2022","longputspread","short put 363 / long put 365","1","expired","-49","49","-100","49","308.16","0.49","0.47","0.5","0","","","49","151","365.3","366.73"
"Feb 7, 2022 2:00pm","Feb 7, 2022 4:00pm","QQQ","Feb 7, 2022","longputspread","short put 355 / long put 357","1","expired","133","54","246.3","54","270.37","0.54","0.52","0.57","1.87","","","54","146","357.66","355.13"
"Feb 4, 2022 2:00pm","Feb 4, 2022 4:00pm","QQQ","Feb 4, 2022","longputspread","short put 357 / long put 359","1","expired","38","61","62.3","61","227.87","0.61","0.59","0.63","0.99","","","61","139","359.56","358.01"
"Feb 2, 2022 2:00pm","Feb 2, 2022 4:00pm","QQQ","Feb 2, 2022","longputspread","short put 364 / long put 366","1","expired","-50","50","-100","50","300","0.5","0.48","0.52","0","","","50","150","367.21","368.49"
"Jan 31, 2022 2:00pm","Jan 31, 2022 4:00pm","QQQ","Jan 31, 2022","longputspread","short put 358 / long put 360","1","expired","-62","62","-100","62","222.58","0.62","0.59","0.65","0","","","62","138","360.23","363.05"
"Jan 28, 2022 2:00pm","Jan 28, 2022 4:00pm","QQQ","Jan 28, 2022","longputspread","short put 344 / long put 346","1","expired","-51","51","-100","51","292.16","0.51","0.46","0.57","0","","","51","149","346.93","351.8"
"Jan 24, 2022 2:00pm","Jan 24, 2022 4:00pm","QQQ","Jan 24, 2022","longputspread","short put 344 / long put 346","1","expired","-82","82","-100","82","143.9","0.82","0.77","0.88","0","","","82","118","345.6","353.3"
"Jan 21, 2022 2:00pm","Jan 21, 2022 4:00pm","QQQ","Jan 21, 2022","longputspread","short put 353 / long put 355","1","expired","148","52","284.62","52","284.62","0.52","0.5","0.54","2","","","52","148","356.1","351.69"
"Jan 19, 2022 2:00pm","Jan 19, 2022 4:00pm","QQQ","Jan 19, 2022","longputspread","short put 368 / long put 370","1","expired","169","31","545.16","31","545.16","0.31","0.29","0.33","2","","","31","169","371.75","366.48"
"Jan 18, 2022 2:00pm","Jan 18, 2022 4:00pm","QQQ","Jan 18, 2022","longputspread","short put 369 / long put 371","1","expired","-6","51","-11.76","51","292.16","0.51","0.49","0.53","0.45","","","51","149","372.09","370.55"
"Jan 14, 2022 2:00pm","Jan 14, 2022 4:00pm","QQQ","Jan 14, 2022","longputspread","short put 375 / long put 377","1","expired","-38","38","-100","38","426.32","0.38","0.38","0.4","0","","","38","162","378.1","380.01"
"Jan 12, 2022 2:00pm","Jan 12, 2022 4:00pm","QQQ","Jan 12, 2022","longputspread","short put 384 / long put 386","1","expired","-31","31","-100","31","545.16","0.31","0.29","0.33","0","","","31","169","387.2","387.35"
"Jan 10, 2022 2:00pm","Jan 10, 2022 4:00pm","QQQ","Jan 10, 2022","longputspread","short put 372 / long put 374","1","expired","-31","31","-100","31","545.16","0.31","0.3","0.34","0","","","31","169","375.59","380.11"
"Jan 7, 2022 2:00pm","Jan 7, 2022 4:00pm","QQQ","Jan 7, 2022","longputspread","short put 377 / long put 379","1","expired","-28","28","-100","28","614.29","0.28","0.27","0.3","0","","","28","172","380.33","379.86"
"Jan 5, 2022 2:00pm","Jan 5, 2022 4:00pm","QQQ","Jan 5, 2022","longputspread","short put 389 / long put 391","1","expired","151","49","308.16","49","308.16","0.49","0.4","0.6","2","","","49","151","391.49","384.29"
"Jan 3, 2022 2:00pm","Jan 3, 2022 4:00pm","QQQ","Jan 3, 2022","longputspread","short put 398 / long put 400","1","expired","-22","22","-100","22","809.09","0.22","0.2","0.23","0","","","22","178","401","401.68"
"Dec 31, 2021 2:00pm","Dec 31, 2021 4:00pm","QQQ","Dec 31, 2021","longputspread","short put 396 / long put 398","1","expired","-10","25","-40","25","700","0.25","0.23","0.28","0.15","","","25","175","398.87","397.85"
"Dec 29, 2021 2:00pm","Dec 29, 2021 4:00pm","QQQ","Dec 29, 2021","longputspread","short put 398 / long put 400","1","expired","-23","23","-100","23","769.57","0.23","0.21","0.24","0","","","23","177","401.02","401.55"
"Dec 27, 2021 2:00pm","Dec 27, 2021 4:00pm","QQQ","Dec 27, 2021","longputspread","short put 400 / long put 402","1","expired","-13","13","-100","13","1438.46","0.13","0.12","0.15","0","","","13","187","403.09","403.48"
"Dec 23, 2021 2:00pm","Dec 23, 2021 4:00pm","QQQ","Dec 23, 2021","longputspread","short put 395 / long put 397","1","expired","-16","24","-66.67","24","733.33","0.24","0.22","0.25","0.08","","","24","176","397.76","396.92"
"Dec 22, 2021 2:00pm","Dec 22, 2021 4:00pm","QQQ","Dec 22, 2021","longputspread","short put 388 / long put 390","1","expired","-17","17","-100","17","1076.47","0.17","0.16","0.19","0","","","17","183","391.42","393.95"
"Dec 20, 2021 2:00pm","Dec 20, 2021 4:00pm","QQQ","Dec 20, 2021","longputspread","short put 376 / long put 378","1","expired","-37","37","-100","37","440.54","0.37","0.35","0.39","0","","","37","163","379.29","380.69"
"Dec 17, 2021 2:00pm","Dec 17, 2021 4:00pm","QQQ","Dec 17, 2021","longputspread","short put 385 / long put 387","1","expired","160","40","400","40","400","0.4","0.37","0.44","2","","","40","160","387.85","384.91"
"Dec 13, 2021 2:00pm","Dec 13, 2021 4:00pm","QQQ","Dec 13, 2021","longputspread","short put 391 / long put 393","1","expired","43","31","138.71","31","545.16","0.31","0.3","0.32","0.74","","","31","169","393.97","392.26"
"Dec 10, 2021 2:00pm","Dec 10, 2021 4:00pm","QQQ","Dec 10, 2021","longputspread","short put 394 / long put 396","1","expired","-36","36","-100","36","455.56","0.36","0.34","0.38","0","","","36","164","396.59","398.01"
"Dec 8, 2021 2:00pm","Dec 8, 2021 4:00pm","QQQ","Dec 8, 2021","longputspread","short put 396 / long put 398","1","expired","-33","33","-100","33","506.06","0.33","0.32","0.34","0","","","33","167","398.81","399.61"
"Dec 6, 2021 2:00pm","Dec 6, 2021 4:00pm","QQQ","Dec 6, 2021","longputspread","short put 384 / long put 386","1","expired","-34","34","-100","34","488.24","0.34","0.32","0.37","0","","","34","166","386.98","386.2"
"Dec 3, 2021 2:00pm","Dec 3, 2021 4:00pm","QQQ","Dec 3, 2021","longputspread","short put 377 / long put 379","1","expired","-51","51","-100","51","292.16","0.51","0.49","0.53","0","","","51","149","379.92","383.13"
"Dec 1, 2021 2:00pm","Dec 1, 2021 4:00pm","QQQ","Dec 1, 2021","longputspread","short put 392 / long put 394","1","expired","168","32","525","32","525","0.32","0.3","0.34","2","","","32","168","395.31","387.12"
"Nov 29, 2021 2:00pm","Nov 29, 2021 4:00pm","QQQ","Nov 29, 2021","longputspread","short put 397 / long put 399","1","expired","-16","16","-100","16","1150","0.16","0.15","0.17","0","","","16","184","400.15","399.69"
"Nov 24, 2021 2:00pm","Nov 24, 2021 4:00pm","QQQ","Nov 24, 2021","longputspread","short put 394 / long put 396","1","expired","-25","25","-100","25","700","0.25","0.2","0.29","0","","","25","175","397.45","398.76"
"Nov 22, 2021 2:00pm","Nov 22, 2021 4:00pm","QQQ","Nov 22, 2021","longputspread","short put 399 / long put 400","1","expired","63","7","900","7","1328.57","0.07","0.05","0.08","0.7","","","7","93","402.5","399.3"
"Nov 19, 2021 2:00pm","Nov 19, 2021 4:00pm","QQQ","Nov 19, 2021","longputspread","short put 401 / long put 403","1","expired","-16","16","-100","16","1150","0.16","0.15","0.18","0","","","16","184","404.18","403.99"
"Nov 17, 2021 2:00pm","Nov 17, 2021 4:00pm","QQQ","Nov 17, 2021","longputspread","short put 396 / long put 398","1","expired","14","23","60.87","23","769.57","0.23","0.21","0.24","0.37","","","23","177","398.55","397.63"
"Nov 15, 2021 2:00pm","Nov 15, 2021 4:00pm","QQQ","Nov 15, 2021","longputspread","short put 390 / long put 392","1","expired","-13","13","-100","13","1438.46","0.13","0.12","0.15","0","","","13","187","393.25","394.61"
"Nov 12, 2021 2:00pm","Nov 12, 2021 4:00pm","QQQ","Nov 12, 2021","longputspread","short put 392 / long put 394","1","expired","-28","28","-100","28","614.29","0.28","0.27","0.29","0","","","28","172","394.6","394.7"
"Nov 10, 2021 2:00pm","Nov 10, 2021 4:00pm","QQQ","Nov 10, 2021","longputspread","short put 388 / long put 390","1","expired","9","40","22.5","40","400","0.4","0.39","0.41","0.49","","","40","160","390.54","389.51"
"Nov 8, 2021 2:00pm","Nov 8, 2021 4:00pm","QQQ","Nov 8, 2021","longputspread","short put 396 / long put 398","1","expired","-23","23","-100","23","769.57","0.23","0.22","0.24","0","","","23","177","398.8","398.06"
"Nov 5, 2021 2:00pm","Nov 5, 2021 4:00pm","QQQ","Nov 5, 2021","longputspread","short put 396 / long put 398","1","expired","-38","38","-100","38","426.32","0.38","0.36","0.4","0","","","38","162","398.71","398.6"
"Nov 3, 2021 2:00pm","Nov 3, 2021 4:00pm","QQQ","Nov 3, 2021","longputspread","short put 386 / long put 388","1","expired","-38","38","-100","38","426.32","0.38","0.31","0.45","0","","","38","162","389.29","393.18"
"Nov 1, 2021 2:00pm","Nov 1, 2021 4:00pm","QQQ","Nov 1, 2021","longputspread","short put 383 / long put 385","1","expired","-25","25","-100","25","700","0.25","0.24","0.27","0","","","25","175","385.65","387.43"
"Oct 29, 2021 2:00pm","Oct 29, 2021 4:00pm","QQQ","Oct 29, 2021","longputspread","short put 382 / long put 384","1","expired","-25","25","-100","25","700","0.25","0.23","0.26","0","","","25","175","384.77","386.11"
"Oct 27, 2021 2:00pm","Oct 27, 2021 4:00pm","QQQ","Oct 27, 2021","longputspread","short put 380 / long put 382","1","expired","183","17","1076.47","17","1076.47","0.17","0.16","0.18","2","","","17","183","382.98","380"
"Oct 25, 2021 2:00pm","Oct 25, 2021 4:00pm","QQQ","Oct 25, 2021","longputspread","short put 375 / long put 377","1","expired","-31","31","-100","31","545.16","0.31","0.29","0.31","0","","","31","169","377.64","377.93"
"Oct 22, 2021 2:00pm","Oct 22, 2021 4:00pm","QQQ","Oct 22, 2021","longputspread","short put 371 / long put 373","1","expired","-36","36","-100","36","455.56","0.36","0.34","0.38","0","","","36","164","373.33","374.1"
"Oct 20, 2021 2:00pm","Oct 20, 2021 4:00pm","QQQ","Oct 20, 2021","longputspread","short put 372 / long put 374","1","expired","-29","29","-100","29","589.66","0.29","0.29","0.31","0","","","29","171","374.34","374.98"
"Oct 18, 2021 2:00pm","Oct 18, 2021 4:00pm","QQQ","Oct 18, 2021","longputspread","short put 368 / long put 370","1","expired","-5","5","-100","5","3900","0.05","0.03","0.05","0","","","5","195","371.73","372.65"
"Oct 15, 2021 2:00pm","Oct 15, 2021 4:00pm","QQQ","Oct 15, 2021","longputspread","short put 365 / long put 367","1","expired","-12","12","-100","12","1566.67","0.12","0.11","0.13","0","","","12","188","368.11","368.94"
"Oct 13, 2021 2:00pm","Oct 13, 2021 4:00pm","QQQ","Oct 13, 2021","longputspread","short put 356 / long put 358","1","expired","-14","14","-100","14","1328.57","0.14","0.14","0.16","0","","","14","186","359.59","360"
"Oct 11, 2021 2:00pm","Oct 11, 2021 4:00pm","QQQ","Oct 11, 2021","longputspread","short put 358 / long put 360","1","expired","118","43","274.42","43","365.12","0.43","0.41","0.43","1.61","","","43","157","360.42","358.39"
"Oct 8, 2021 2:00pm","Oct 8, 2021 4:00pm","QQQ","Oct 8, 2021","longputspread","short put 359 / long put 361","1","expired","-37","37","-100","37","440.54","0.37","0.35","0.39","0","","","37","163","361.51","361.16"
"Oct 6, 2021 2:00pm","Oct 6, 2021 4:00pm","QQQ","Oct 6, 2021","longputspread","short put 355 / long put 357","1","expired","-33","33","-100","33","506.06","0.33","0.31","0.34","0","","","33","167","358.19","359.67"
"Oct 4, 2021 2:00pm","Oct 4, 2021 4:00pm","QQQ","Oct 4, 2021","longputspread","short put 348 / long put 350","1","expired","-35","35","-100","35","471.43","0.35","0.34","0.37","0","","","35","165","351.11","352.62"
"Oct 1, 2021 2:00pm","Oct 1, 2021 4:00pm","QQQ","Oct 1, 2021","longputspread","short put 356 / long put 358","1","expired","-33","33","-100","33","506.06","0.33","0.31","0.34","0","","","33","167","358.8","360.18"
"Sep 30, 2021 2:00pm","Sep 30, 2021 4:00pm","QQQ","Sep 30, 2021","longputspread","short put 357 / long put 359","1","expired","64","40","160","40","400","0.4","0.38","0.42","1.04","","","40","160","359.84","357.96"
"Sep 29, 2021 2:00pm","Sep 29, 2021 4:00pm","QQQ","Sep 29, 2021","longputspread","short put 358 / long put 360","1","expired","8","64","12.5","64","212.5","0.64","0.63","0.66","0.72","","","64","136","359.87","359.28"
"Sep 27, 2021 2:00pm","Sep 27, 2021 4:00pm","QQQ","Sep 27, 2021","longputspread","short put 368 / long put 370","1","expired","-24","24","-100","24","733.33","0.24","0.23","0.26","0","","","24","176","370.53","370.35"
"Sep 24, 2021 2:00pm","Sep 24, 2021 4:00pm","QQQ","Sep 24, 2021","longputspread","short put 369 / long put 371","1","expired","-16","16","-100","16","1150","0.16","0.15","0.17","0","","","16","184","372.02","373.33"
"Sep 20, 2021 2:00pm","Sep 20, 2021 4:00pm","QQQ","Sep 20, 2021","longputspread","short put 362 / long put 364","1","expired","-68","68","-100","68","194.12","0.68","0.66","0.69","0","","","68","132","363.8","365.7"
"Sep 17, 2021 2:00pm","Sep 17, 2021 4:00pm","QQQ","Sep 17, 2021","longputspread","short put 370 / long put 372","1","expired","-22","22","-100","22","809.09","0.22","0.2","0.24","0","","","22","178","373.23","373.83"