date,open_date,trade_id,bot,pillar,underlying,structure,short_put,short_call,regime,rule,modeled_pnl,risk,R,approx_flag,basis_note,status
2026-08-10,2026-08-10 10:00:03,T00834,3DTE $140-$350,OA-Mirror,SPX,ironcondor,7590,7935,Chop,actual,45.0,955.0,0.0471,False,"settlement pnl (ledger, verbatim)",expired
2026-08-10,2026-08-10 10:00:03,T00834,3DTE $140-$350,OA-Mirror,SPX,ironcondor,7590,7935,Chop,defang,,955.0,,True,DEFERRED v1 — needs the intraday premium-decay path (mark short leg to ~$0.05) not present in the ledger. TODO: model once tick/1-min option-premium history is available.,expired
2026-08-10,2026-08-10 10:00:03,T00834,3DTE $140-$350,OA-Mirror,SPX,ironcondor,7590,7935,Chop,pt100,45.0,955.0,0.0471,True,optimistic bound: booked +100% of credit_basis at mfe_pct threshold,expired
2026-08-10,2026-08-10 10:00:03,T00834,3DTE $140-$350,OA-Mirror,SPX,ironcondor,7590,7935,Chop,pt25,11.25,955.0,0.0118,True,optimistic bound: booked +25% of credit_basis at mfe_pct threshold,expired
2026-08-10,2026-08-10 10:00:03,T00834,3DTE $140-$350,OA-Mirror,SPX,ironcondor,7590,7935,Chop,pt50,22.5,955.0,0.0236,True,optimistic bound: booked +50% of credit_basis at mfe_pct threshold,expired
2026-08-10,2026-08-10 10:00:03,T00834,3DTE $140-$350,OA-Mirror,SPX,ironcondor,7590,7935,Chop,sl100,45.0,955.0,0.0471,True,optimistic bound: no SL hit -> rode to settlement,expired
2026-08-10,2026-08-10 10:00:03,T00834,3DTE $140-$350,OA-Mirror,SPX,ironcondor,7590,7935,Chop,sl130,45.0,955.0,0.0471,True,optimistic bound: no SL hit -> rode to settlement,expired
2026-08-10,2026-08-10 10:00:03,T00834,3DTE $140-$350,OA-Mirror,SPX,ironcondor,7590,7935,Chop,sl50,45.0,955.0,0.0471,True,optimistic bound: no SL hit -> rode to settlement,expired
2026-08-10,2026-08-10 10:00:03,T00834,3DTE $140-$350,OA-Mirror,SPX,ironcondor,7590,7935,Chop,sl75,45.0,955.0,0.0471,True,optimistic bound: no SL hit -> rode to settlement,expired
2026-08-10,2026-08-10 10:45:02,T00847,60min-ORB-10W-Paper-v1,OA-Mirror,SPX,shortputspread,7745,,Chop,actual,-150.0,910.0,-0.1648,False,"actual exit pnl (ledger, verbatim) - NOT settlement",closed
2026-08-10,2026-08-10 10:45:02,T00847,60min-ORB-10W-Paper-v1,OA-Mirror,SPX,shortputspread,7745,,Chop,defang,,910.0,,True,DEFERRED v1 — needs the intraday premium-decay path (mark short leg to ~$0.05) not present in the ledger. TODO: model once tick/1-min option-premium history is available.,closed
2026-08-10,2026-08-10 10:45:02,T00847,60min-ORB-10W-Paper-v1,OA-Mirror,SPX,shortputspread,7745,,Chop,pt100,-150.0,910.0,-0.1648,True,optimistic bound: no PT hit -> actual exit pnl (ledger),closed
2026-08-10,2026-08-10 10:45:02,T00847,60min-ORB-10W-Paper-v1,OA-Mirror,SPX,shortputspread,7745,,Chop,pt25,22.5,910.0,0.0247,True,optimistic bound: booked +25% of credit_basis at mfe_pct threshold,closed
2026-08-10,2026-08-10 10:45:02,T00847,60min-ORB-10W-Paper-v1,OA-Mirror,SPX,shortputspread,7745,,Chop,pt50,-150.0,910.0,-0.1648,True,optimistic bound: no PT hit -> actual exit pnl (ledger),closed
2026-08-10,2026-08-10 10:45:02,T00847,60min-ORB-10W-Paper-v1,OA-Mirror,SPX,shortputspread,7745,,Chop,s2,-150.0,910.0,-0.1648,True,"strike-touch cut, 5-min tape grain (not sub-second latch); cut priced at the leg's own worst-excursion (mae_pct) extreme; touch window bounded at actual close",closed
2026-08-10,2026-08-10 10:45:02,T00847,60min-ORB-10W-Paper-v1,OA-Mirror,SPX,shortputspread,7745,,Chop,settle,,910.0,,True,NOT EVALUABLE — position closed early; what it would have returned held to settlement needs post-exit path data that does not exist. Never modeled.,closed
2026-08-10,2026-08-10 10:45:02,T00847,60min-ORB-10W-Paper-v1,OA-Mirror,SPX,shortputspread,7745,,Chop,sl100,-90.0,910.0,-0.0989,True,optimistic bound: booked -100% of credit_basis at mae_pct threshold,closed
2026-08-10,2026-08-10 10:45:02,T00847,60min-ORB-10W-Paper-v1,OA-Mirror,SPX,shortputspread,7745,,Chop,sl130,-117.0,910.0,-0.1286,True,optimistic bound: booked -130% of credit_basis at mae_pct threshold,closed
2026-08-10,2026-08-10 10:45:02,T00847,60min-ORB-10W-Paper-v1,OA-Mirror,SPX,shortputspread,7745,,Chop,sl50,-45.0,910.0,-0.0495,True,optimistic bound: booked -50% of credit_basis at mae_pct threshold,closed
2026-08-10,2026-08-10 10:45:02,T00847,60min-ORB-10W-Paper-v1,OA-Mirror,SPX,shortputspread,7745,,Chop,sl75,-67.5,910.0,-0.0742,True,optimistic bound: booked -75% of credit_basis at mae_pct threshold,closed
2026-08-10,2026-08-10 11:01:00,T00848,IC-SPX-FastPT25-S2,IC,SPX,shortputspread,7700,,Chop,actual,50.0,4850.0,0.0103,False,"actual exit pnl (ledger, verbatim) - NOT settlement",closed
2026-08-10,2026-08-10 11:01:00,T00848,IC-SPX-FastPT25-S2,IC,SPX,shortputspread,7700,,Chop,defang,,4850.0,,True,DEFERRED v1 — needs the intraday premium-decay path (mark short leg to ~$0.05) not present in the ledger. TODO: model once tick/1-min option-premium history is available.,closed
2026-08-10,2026-08-10 11:01:00,T00848,IC-SPX-FastPT25-S2,IC,SPX,shortputspread,7700,,Chop,pt100,50.0,4850.0,0.0103,True,optimistic bound: no PT hit -> actual exit pnl (ledger),closed
2026-08-10,2026-08-10 11:01:00,T00848,IC-SPX-FastPT25-S2,IC,SPX,shortputspread,7700,,Chop,pt25,37.5,4850.0,0.0077,True,optimistic bound: booked +25% of credit_basis at mfe_pct threshold,closed
2026-08-10,2026-08-10 11:01:00,T00848,IC-SPX-FastPT25-S2,IC,SPX,shortputspread,7700,,Chop,pt50,50.0,4850.0,0.0103,True,optimistic bound: no PT hit -> actual exit pnl (ledger),closed
2026-08-10,2026-08-10 11:01:00,T00848,IC-SPX-FastPT25-S2,IC,SPX,shortputspread,7700,,Chop,s2,50.0,4850.0,0.0103,True,"strike-touch cut, 5-min tape grain (not sub-second latch); cut priced at the leg's own worst-excursion (mae_pct) extreme; touch window bounded at actual close",closed
2026-08-10,2026-08-10 11:01:00,T00848,IC-SPX-FastPT25-S2,IC,SPX,shortputspread,7700,,Chop,settle,,4850.0,,True,NOT EVALUABLE — position closed early; what it would have returned held to settlement needs post-exit path data that does not exist. Never modeled.,closed
2026-08-10,2026-08-10 11:01:00,T00848,IC-SPX-FastPT25-S2,IC,SPX,shortputspread,7700,,Chop,sl100,50.0,4850.0,0.0103,True,optimistic bound: no SL hit -> actual exit pnl (ledger),closed
2026-08-10,2026-08-10 11:01:00,T00848,IC-SPX-FastPT25-S2,IC,SPX,shortputspread,7700,,Chop,sl130,50.0,4850.0,0.0103,True,optimistic bound: no SL hit -> actual exit pnl (ledger),closed
2026-08-10,2026-08-10 11:01:00,T00848,IC-SPX-FastPT25-S2,IC,SPX,shortputspread,7700,,Chop,sl50,50.0,4850.0,0.0103,True,optimistic bound: no SL hit -> actual exit pnl (ledger),closed
2026-08-10,2026-08-10 11:01:00,T00848,IC-SPX-FastPT25-S2,IC,SPX,shortputspread,7700,,Chop,sl75,50.0,4850.0,0.0103,True,optimistic bound: no SL hit -> actual exit pnl (ledger),closed
2026-08-10,2026-08-10 13:31:00,T00846,IC-SPX-FastPT25-S2-130PM,IC,SPX,shortputspread,7730,,Chop,actual,200.0,4800.0,0.0417,False,"settlement pnl (ledger, verbatim)",expired
2026-08-10,2026-08-10 13:31:00,T00846,IC-SPX-FastPT25-S2-130PM,IC,SPX,shortputspread,7730,,Chop,defang,,4800.0,,True,DEFERRED v1 — needs the intraday premium-decay path (mark short leg to ~$0.05) not present in the ledger. TODO: model once tick/1-min option-premium history is available.,expired
2026-08-10,2026-08-10 13:31:00,T00846,IC-SPX-FastPT25-S2-130PM,IC,SPX,shortputspread,7730,,Chop,pt100,200.0,4800.0,0.0417,True,optimistic bound: booked +100% of credit_basis at mfe_pct threshold,expired
2026-08-10,2026-08-10 13:31:00,T00846,IC-SPX-FastPT25-S2-130PM,IC,SPX,shortputspread,7730,,Chop,pt25,50.0,4800.0,0.0104,True,optimistic bound: booked +25% of credit_basis at mfe_pct threshold,expired
2026-08-10,2026-08-10 13:31:00,T00846,IC-SPX-FastPT25-S2-130PM,IC,SPX,shortputspread,7730,,Chop,pt50,100.0,4800.0,0.0208,True,optimistic bound: booked +50% of credit_basis at mfe_pct threshold,expired
2026-08-10,2026-08-10 13:31:00,T00846,IC-SPX-FastPT25-S2-130PM,IC,SPX,shortputspread,7730,,Chop,s2,200.0,4800.0,0.0417,True,"strike-touch cut, 5-min tape grain (not sub-second latch); cut priced at the leg's own worst-excursion (mae_pct) extreme",expired
2026-08-10,2026-08-10 13:31:00,T00846,IC-SPX-FastPT25-S2-130PM,IC,SPX,shortputspread,7730,,Chop,sl100,200.0,4800.0,0.0417,True,optimistic bound: no SL hit -> rode to settlement,expired
2026-08-10,2026-08-10 13:31:00,T00846,IC-SPX-FastPT25-S2-130PM,IC,SPX,shortputspread,7730,,Chop,sl130,200.0,4800.0,0.0417,True,optimistic bound: no SL hit -> rode to settlement,expired
2026-08-10,2026-08-10 13:31:00,T00846,IC-SPX-FastPT25-S2-130PM,IC,SPX,shortputspread,7730,,Chop,sl50,-100.0,4800.0,-0.0208,True,optimistic bound: booked -50% of credit_basis at mae_pct threshold,expired
2026-08-10,2026-08-10 13:31:00,T00846,IC-SPX-FastPT25-S2-130PM,IC,SPX,shortputspread,7730,,Chop,sl75,200.0,4800.0,0.0417,True,optimistic bound: no SL hit -> rode to settlement,expired
2026-08-10,2026-08-10 13:31:02,T00846,IC-SPX-FastPT25-S2-130PM,IC,SPX,shortcallspread,,7770,Chop,actual,400.0,4600.0,0.087,False,"settlement pnl (ledger, verbatim)",expired
2026-08-10,2026-08-10 13:31:02,T00846,IC-SPX-FastPT25-S2-130PM,IC,SPX,shortcallspread,,7770,Chop,defang,,4600.0,,True,DEFERRED v1 — needs the intraday premium-decay path (mark short leg to ~$0.05) not present in the ledger. TODO: model once tick/1-min option-premium history is available.,expired
2026-08-10,2026-08-10 13:31:02,T00846,IC-SPX-FastPT25-S2-130PM,IC,SPX,shortcallspread,,7770,Chop,pt100,400.0,4600.0,0.087,True,optimistic bound: booked +100% of credit_basis at mfe_pct threshold,expired
2026-08-10,2026-08-10 13:31:02,T00846,IC-SPX-FastPT25-S2-130PM,IC,SPX,shortcallspread,,7770,Chop,pt25,100.0,4600.0,0.0217,True,optimistic bound: booked +25% of credit_basis at mfe_pct threshold,expired
2026-08-10,2026-08-10 13:31:02,T00846,IC-SPX-FastPT25-S2-130PM,IC,SPX,shortcallspread,,7770,Chop,pt50,200.0,4600.0,0.0435,True,optimistic bound: booked +50% of credit_basis at mfe_pct threshold,expired
2026-08-10,2026-08-10 13:31:02,T00846,IC-SPX-FastPT25-S2-130PM,IC,SPX,shortcallspread,,7770,Chop,s2,400.0,4600.0,0.087,True,"strike-touch cut, 5-min tape grain (not sub-second latch); cut priced at the leg's own worst-excursion (mae_pct) extreme",expired
2026-08-10,2026-08-10 13:31:02,T00846,IC-SPX-FastPT25-S2-130PM,IC,SPX,shortcallspread,,7770,Chop,sl100,400.0,4600.0,0.087,True,optimistic bound: no SL hit -> rode to settlement,expired
2026-08-10,2026-08-10 13:31:02,T00846,IC-SPX-FastPT25-S2-130PM,IC,SPX,shortcallspread,,7770,Chop,sl130,400.0,4600.0,0.087,True,optimistic bound: no SL hit -> rode to settlement,expired
2026-08-10,2026-08-10 13:31:02,T00846,IC-SPX-FastPT25-S2-130PM,IC,SPX,shortcallspread,,7770,Chop,sl50,400.0,4600.0,0.087,True,optimistic bound: no SL hit -> rode to settlement,expired
2026-08-10,2026-08-10 13:31:02,T00846,IC-SPX-FastPT25-S2-130PM,IC,SPX,shortcallspread,,7770,Chop,sl75,400.0,4600.0,0.087,True,optimistic bound: no SL hit -> rode to settlement,expired
2026-08-10,2026-08-10 09:45:29,T00845,Nigiri-Paper-v1,OA-Mirror,,shortputspread,751,,n/a,actual,0.0,4920.0,0.0,False,"actual exit pnl (ledger, verbatim) - NOT settlement",closed
2026-08-10,2026-08-10 09:45:29,T00845,Nigiri-Paper-v1,OA-Mirror,,shortputspread,751,,n/a,defang,,4920.0,,True,DEFERRED v1 — needs the intraday premium-decay path (mark short leg to ~$0.05) not present in the ledger. TODO: model once tick/1-min option-premium history is available.,closed
2026-08-10,2026-08-10 09:45:29,T00845,Nigiri-Paper-v1,OA-Mirror,,shortputspread,751,,n/a,pt100,0.0,4920.0,0.0,True,optimistic bound: no PT hit -> actual exit pnl (ledger),closed
2026-08-10,2026-08-10 09:45:29,T00845,Nigiri-Paper-v1,OA-Mirror,,shortputspread,751,,n/a,pt25,20.0,4920.0,0.0041,True,optimistic bound: booked +25% of credit_basis at mfe_pct threshold,closed
2026-08-10,2026-08-10 09:45:29,T00845,Nigiri-Paper-v1,OA-Mirror,,shortputspread,751,,n/a,pt50,0.0,4920.0,0.0,True,optimistic bound: no PT hit -> actual exit pnl (ledger),closed
2026-08-10,2026-08-10 09:45:29,T00845,Nigiri-Paper-v1,OA-Mirror,,shortputspread,751,,n/a,settle,,4920.0,,True,NOT EVALUABLE — position closed early; what it would have returned held to settlement needs post-exit path data that does not exist. Never modeled.,closed
2026-08-10,2026-08-10 09:45:29,T00845,Nigiri-Paper-v1,OA-Mirror,,shortputspread,751,,n/a,sl100,0.0,4920.0,0.0,True,optimistic bound: no SL hit -> actual exit pnl (ledger),closed
2026-08-10,2026-08-10 09:45:29,T00845,Nigiri-Paper-v1,OA-Mirror,,shortputspread,751,,n/a,sl130,0.0,4920.0,0.0,True,optimistic bound: no SL hit -> actual exit pnl (ledger),closed
2026-08-10,2026-08-10 09:45:29,T00845,Nigiri-Paper-v1,OA-Mirror,,shortputspread,751,,n/a,sl50,0.0,4920.0,0.0,True,optimistic bound: no SL hit -> actual exit pnl (ledger),closed
2026-08-10,2026-08-10 09:45:29,T00845,Nigiri-Paper-v1,OA-Mirror,,shortputspread,751,,n/a,sl75,0.0,4920.0,0.0,True,optimistic bound: no SL hit -> actual exit pnl (ledger),closed
2026-08-11,2026-08-11 11:15:05,T00843,60min-ORB-10W-Paper-v1,OA-Mirror,SPX,shortcallspread,,7770,Chop,actual,50.0,920.0,0.0543,False,"actual exit pnl (ledger, verbatim) - NOT settlement",closed
2026-08-11,2026-08-11 11:15:05,T00843,60min-ORB-10W-Paper-v1,OA-Mirror,SPX,shortcallspread,,7770,Chop,defang,,920.0,,True,DEFERRED v1 — needs the intraday premium-decay path (mark short leg to ~$0.05) not present in the ledger. TODO: model once tick/1-min option-premium history is available.,closed
2026-08-11,2026-08-11 11:15:05,T00843,60min-ORB-10W-Paper-v1,OA-Mirror,SPX,shortcallspread,,7770,Chop,pt100,50.0,920.0,0.0543,True,optimistic bound: no PT hit -> actual exit pnl (ledger),closed
2026-08-11,2026-08-11 11:15:05,T00843,60min-ORB-10W-Paper-v1,OA-Mirror,SPX,shortcallspread,,7770,Chop,pt25,20.0,920.0,0.0217,True,optimistic bound: booked +25% of credit_basis at mfe_pct threshold,closed
2026-08-11,2026-08-11 11:15:05,T00843,60min-ORB-10W-Paper-v1,OA-Mirror,SPX,shortcallspread,,7770,Chop,pt50,40.0,920.0,0.0435,True,optimistic bound: booked +50% of credit_basis at mfe_pct threshold,closed
2026-08-11,2026-08-11 11:15:05,T00843,60min-ORB-10W-Paper-v1,OA-Mirror,SPX,shortcallspread,,7770,Chop,s2,50.0,920.0,0.0543,True,"strike-touch cut, 5-min tape grain (not sub-second latch); cut priced at the leg's own worst-excursion (mae_pct) extreme; touch window bounded at actual close",closed
2026-08-11,2026-08-11 11:15:05,T00843,60min-ORB-10W-Paper-v1,OA-Mirror,SPX,shortcallspread,,7770,Chop,settle,,920.0,,True,NOT EVALUABLE — position closed early; what it would have returned held to settlement needs post-exit path data that does not exist. Never modeled.,closed
2026-08-11,2026-08-11 11:15:05,T00843,60min-ORB-10W-Paper-v1,OA-Mirror,SPX,shortcallspread,,7770,Chop,sl100,50.0,920.0,0.0543,True,optimistic bound: no SL hit -> actual exit pnl (ledger),closed
2026-08-11,2026-08-11 11:15:05,T00843,60min-ORB-10W-Paper-v1,OA-Mirror,SPX,shortcallspread,,7770,Chop,sl130,50.0,920.0,0.0543,True,optimistic bound: no SL hit -> actual exit pnl (ledger),closed
2026-08-11,2026-08-11 11:15:05,T00843,60min-ORB-10W-Paper-v1,OA-Mirror,SPX,shortcallspread,,7770,Chop,sl50,50.0,920.0,0.0543,True,optimistic bound: no SL hit -> actual exit pnl (ledger),closed
2026-08-11,2026-08-11 11:15:05,T00843,60min-ORB-10W-Paper-v1,OA-Mirror,SPX,shortcallspread,,7770,Chop,sl75,50.0,920.0,0.0543,True,optimistic bound: no SL hit -> actual exit pnl (ledger),closed
2026-08-11,2026-08-11 11:07:00,T00844,IC-SPX-FastPT25-S2,IC,SPX,shortputspread,7695,,Chop,actual,50.0,4900.0,0.0102,False,"actual exit pnl (ledger, verbatim) - NOT settlement",closed
2026-08-11,2026-08-11 11:07:00,T00844,IC-SPX-FastPT25-S2,IC,SPX,shortputspread,7695,,Chop,defang,,4900.0,,True,DEFERRED v1 — needs the intraday premium-decay path (mark short leg to ~$0.05) not present in the ledger. TODO: model once tick/1-min option-premium history is available.,closed
2026-08-11,2026-08-11 11:07:00,T00844,IC-SPX-FastPT25-S2,IC,SPX,shortputspread,7695,,Chop,pt100,50.0,4900.0,0.0102,True,optimistic bound: no PT hit -> actual exit pnl (ledger),closed
2026-08-11,2026-08-11 11:07:00,T00844,IC-SPX-FastPT25-S2,IC,SPX,shortputspread,7695,,Chop,pt25,25.0,4900.0,0.0051,True,optimistic bound: booked +25% of credit_basis at mfe_pct threshold,closed
2026-08-11,2026-08-11 11:07:00,T00844,IC-SPX-FastPT25-S2,IC,SPX,shortputspread,7695,,Chop,pt50,50.0,4900.0,0.0102,True,optimistic bound: booked +50% of credit_basis at mfe_pct threshold,closed
2026-08-11,2026-08-11 11:07:00,T00844,IC-SPX-FastPT25-S2,IC,SPX,shortputspread,7695,,Chop,s2,50.0,4900.0,0.0102,True,"strike-touch cut, 5-min tape grain (not sub-second latch); cut priced at the leg's own worst-excursion (mae_pct) extreme; touch window bounded at actual close",closed
2026-08-11,2026-08-11 11:07:00,T00844,IC-SPX-FastPT25-S2,IC,SPX,shortputspread,7695,,Chop,settle,,4900.0,,True,NOT EVALUABLE — position closed early; what it would have returned held to settlement needs post-exit path data that does not exist. Never modeled.,closed
2026-08-11,2026-08-11 11:07:00,T00844,IC-SPX-FastPT25-S2,IC,SPX,shortputspread,7695,,Chop,sl100,50.0,4900.0,0.0102,True,optimistic bound: no SL hit -> actual exit pnl (ledger),closed
2026-08-11,2026-08-11 11:07:00,T00844,IC-SPX-FastPT25-S2,IC,SPX,shortputspread,7695,,Chop,sl130,50.0,4900.0,0.0102,True,optimistic bound: no SL hit -> actual exit pnl (ledger),closed
2026-08-11,2026-08-11 11:07:00,T00844,IC-SPX-FastPT25-S2,IC,SPX,shortputspread,7695,,Chop,sl50,50.0,4900.0,0.0102,True,optimistic bound: no SL hit -> actual exit pnl (ledger),closed
2026-08-11,2026-08-11 11:07:00,T00844,IC-SPX-FastPT25-S2,IC,SPX,shortputspread,7695,,Chop,sl75,50.0,4900.0,0.0102,True,optimistic bound: no SL hit -> actual exit pnl (ledger),closed
2026-08-11,2026-08-11 13:31:01,T00842,IC-SPX-FastPT25-S2-130PM,IC,SPX,shortputspread,7705,,Chop,actual,250.0,4750.0,0.0526,False,"settlement pnl (ledger, verbatim)",expired
2026-08-11,2026-08-11 13:31:01,T00842,IC-SPX-FastPT25-S2-130PM,IC,SPX,shortputspread,7705,,Chop,defang,,4750.0,,True,DEFERRED v1 — needs the intraday premium-decay path (mark short leg to ~$0.05) not present in the ledger. TODO: model once tick/1-min option-premium history is available.,expired
2026-08-11,2026-08-11 13:31:01,T00842,IC-SPX-FastPT25-S2-130PM,IC,SPX,shortputspread,7705,,Chop,pt100,250.0,4750.0,0.0526,True,optimistic bound: booked +100% of credit_basis at mfe_pct threshold,expired
2026-08-11,2026-08-11 13:31:01,T00842,IC-SPX-FastPT25-S2-130PM,IC,SPX,shortputspread,7705,,Chop,pt25,62.5,4750.0,0.0132,True,optimistic bound: booked +25% of credit_basis at mfe_pct threshold,expired
2026-08-11,2026-08-11 13:31:01,T00842,IC-SPX-FastPT25-S2-130PM,IC,SPX,shortputspread,7705,,Chop,pt50,125.0,4750.0,0.0263,True,optimistic bound: booked +50% of credit_basis at mfe_pct threshold,expired
2026-08-11,2026-08-11 13:31:01,T00842,IC-SPX-FastPT25-S2-130PM,IC,SPX,shortputspread,7705,,Chop,s2,250.0,4750.0,0.0526,True,"strike-touch cut, 5-min tape grain (not sub-second latch); cut priced at the leg's own worst-excursion (mae_pct) extreme",expired
2026-08-11,2026-08-11 13:31:01,T00842,IC-SPX-FastPT25-S2-130PM,IC,SPX,shortputspread,7705,,Chop,sl100,-250.0,4750.0,-0.0526,True,optimistic bound: booked -100% of credit_basis at mae_pct threshold,expired
2026-08-11,2026-08-11 13:31:01,T00842,IC-SPX-FastPT25-S2-130PM,IC,SPX,shortputspread,7705,,Chop,sl130,-325.0,4750.0,-0.0684,True,optimistic bound: booked -130% of credit_basis at mae_pct threshold,expired
2026-08-11,2026-08-11 13:31:01,T00842,IC-SPX-FastPT25-S2-130PM,IC,SPX,shortputspread,7705,,Chop,sl50,-125.0,4750.0,-0.0263,True,optimistic bound: booked -50% of credit_basis at mae_pct threshold,expired
2026-08-11,2026-08-11 13:31:01,T00842,IC-SPX-FastPT25-S2-130PM,IC,SPX,shortputspread,7705,,Chop,sl75,-187.5,4750.0,-0.0395,True,optimistic bound: booked -75% of credit_basis at mae_pct threshold,expired
2026-08-11,2026-08-11 13:31:03,T00842,IC-SPX-FastPT25-S2-130PM,IC,SPX,shortcallspread,,7750,Chop,actual,350.0,4650.0,0.0753,False,"settlement pnl (ledger, verbatim)",expired
2026-08-11,2026-08-11 13:31:03,T00842,IC-SPX-FastPT25-S2-130PM,IC,SPX,shortcallspread,,7750,Chop,defang,,4650.0,,True,DEFERRED v1 — needs the intraday premium-decay path (mark short leg to ~$0.05) not present in the ledger. TODO: model once tick/1-min option-premium history is available.,expired
2026-08-11,2026-08-11 13:31:03,T00842,IC-SPX-FastPT25-S2-130PM,IC,SPX,shortcallspread,,7750,Chop,pt100,350.0,4650.0,0.0753,True,optimistic bound: booked +100% of credit_basis at mfe_pct threshold,expired
2026-08-11,2026-08-11 13:31:03,T00842,IC-SPX-FastPT25-S2-130PM,IC,SPX,shortcallspread,,7750,Chop,pt25,87.5,4650.0,0.0188,True,optimistic bound: booked +25% of credit_basis at mfe_pct threshold,expired
2026-08-11,2026-08-11 13:31:03,T00842,IC-SPX-FastPT25-S2-130PM,IC,SPX,shortcallspread,,7750,Chop,pt50,175.0,4650.0,0.0376,True,optimistic bound: booked +50% of credit_basis at mfe_pct threshold,expired
2026-08-11,2026-08-11 13:31:03,T00842,IC-SPX-FastPT25-S2-130PM,IC,SPX,shortcallspread,,7750,Chop,s2,350.0,4650.0,0.0753,True,"strike-touch cut, 5-min tape grain (not sub-second latch); cut priced at the leg's own worst-excursion (mae_pct) extreme",expired
2026-08-11,2026-08-11 13:31:03,T00842,IC-SPX-FastPT25-S2-130PM,IC,SPX,shortcallspread,,7750,Chop,sl100,350.0,4650.0,0.0753,True,optimistic bound: no SL hit -> rode to settlement,expired
2026-08-11,2026-08-11 13:31:03,T00842,IC-SPX-FastPT25-S2-130PM,IC,SPX,shortcallspread,,7750,Chop,sl130,350.0,4650.0,0.0753,True,optimistic bound: no SL hit -> rode to settlement,expired
2026-08-11,2026-08-11 13:31:03,T00842,IC-SPX-FastPT25-S2-130PM,IC,SPX,shortcallspread,,7750,Chop,sl50,350.0,4650.0,0.0753,True,optimistic bound: no SL hit -> rode to settlement,expired
2026-08-11,2026-08-11 13:31:03,T00842,IC-SPX-FastPT25-S2-130PM,IC,SPX,shortcallspread,,7750,Chop,sl75,350.0,4650.0,0.0753,True,optimistic bound: no SL hit -> rode to settlement,expired
2026-08-11,2026-08-11 10:00:32,T00841,Nigiri-Paper-v1,OA-Mirror,,shortputspread,752,,n/a,actual,30.0,4930.0,0.0061,False,"actual exit pnl (ledger, verbatim) - NOT settlement",closed
2026-08-11,2026-08-11 10:00:32,T00841,Nigiri-Paper-v1,OA-Mirror,,shortputspread,752,,n/a,defang,,4930.0,,True,DEFERRED v1 — needs the intraday premium-decay path (mark short leg to ~$0.05) not present in the ledger. TODO: model once tick/1-min option-premium history is available.,closed
2026-08-11,2026-08-11 10:00:32,T00841,Nigiri-Paper-v1,OA-Mirror,,shortputspread,752,,n/a,pt100,30.0,4930.0,0.0061,True,optimistic bound: no PT hit -> actual exit pnl (ledger),closed
2026-08-11,2026-08-11 10:00:32,T00841,Nigiri-Paper-v1,OA-Mirror,,shortputspread,752,,n/a,pt25,17.5,4930.0,0.0035,True,optimistic bound: booked +25% of credit_basis at mfe_pct threshold,closed
2026-08-11,2026-08-11 10:00:32,T00841,Nigiri-Paper-v1,OA-Mirror,,shortputspread,752,,n/a,pt50,35.0,4930.0,0.0071,True,optimistic bound: booked +50% of credit_basis at mfe_pct threshold,closed
2026-08-11,2026-08-11 10:00:32,T00841,Nigiri-Paper-v1,OA-Mirror,,shortputspread,752,,n/a,settle,,4930.0,,True,NOT EVALUABLE — position closed early; what it would have returned held to settlement needs post-exit path data that does not exist. Never modeled.,closed
2026-08-11,2026-08-11 10:00:32,T00841,Nigiri-Paper-v1,OA-Mirror,,shortputspread,752,,n/a,sl100,30.0,4930.0,0.0061,True,optimistic bound: no SL hit -> actual exit pnl (ledger),closed
2026-08-11,2026-08-11 10:00:32,T00841,Nigiri-Paper-v1,OA-Mirror,,shortputspread,752,,n/a,sl130,30.0,4930.0,0.0061,True,optimistic bound: no SL hit -> actual exit pnl (ledger),closed
2026-08-11,2026-08-11 10:00:32,T00841,Nigiri-Paper-v1,OA-Mirror,,shortputspread,752,,n/a,sl50,-35.0,4930.0,-0.0071,True,optimistic bound: booked -50% of credit_basis at mae_pct threshold,closed
2026-08-11,2026-08-11 10:00:32,T00841,Nigiri-Paper-v1,OA-Mirror,,shortputspread,752,,n/a,sl75,-52.5,4930.0,-0.0106,True,optimistic bound: booked -75% of credit_basis at mae_pct threshold,closed
2026-08-11,2026-08-11 09:45:22,T00835,Trendy-Paper-v1,OA-Mirror,,shortputspread,756,,n/a,actual,40.0,929.0,0.0431,False,"actual exit pnl (ledger, verbatim) - NOT settlement",closed
2026-08-11,2026-08-11 09:45:22,T00835,Trendy-Paper-v1,OA-Mirror,,shortputspread,756,,n/a,defang,,929.0,,True,DEFERRED v1 — needs the intraday premium-decay path (mark short leg to ~$0.05) not present in the ledger. TODO: model once tick/1-min option-premium history is available.,closed
2026-08-11,2026-08-11 09:45:22,T00835,Trendy-Paper-v1,OA-Mirror,,shortputspread,756,,n/a,pt100,40.0,929.0,0.0431,True,optimistic bound: no PT hit -> actual exit pnl (ledger),closed
2026-08-11,2026-08-11 09:45:22,T00835,Trendy-Paper-v1,OA-Mirror,,shortputspread,756,,n/a,pt25,17.75,929.0,0.0191,True,optimistic bound: booked +25% of credit_basis at mfe_pct threshold,closed
2026-08-11,2026-08-11 09:45:22,T00835,Trendy-Paper-v1,OA-Mirror,,shortputspread,756,,n/a,pt50,35.5,929.0,0.0382,True,optimistic bound: booked +50% of credit_basis at mfe_pct threshold,closed
2026-08-11,2026-08-11 09:45:22,T00835,Trendy-Paper-v1,OA-Mirror,,shortputspread,756,,n/a,settle,,929.0,,True,NOT EVALUABLE — position closed early; what it would have returned held to settlement needs post-exit path data that does not exist. Never modeled.,closed
2026-08-11,2026-08-11 09:45:22,T00835,Trendy-Paper-v1,OA-Mirror,,shortputspread,756,,n/a,sl100,40.0,929.0,0.0431,True,optimistic bound: no SL hit -> actual exit pnl (ledger),closed
2026-08-11,2026-08-11 09:45:22,T00835,Trendy-Paper-v1,OA-Mirror,,shortputspread,756,,n/a,sl130,40.0,929.0,0.0431,True,optimistic bound: no SL hit -> actual exit pnl (ledger),closed
2026-08-11,2026-08-11 09:45:22,T00835,Trendy-Paper-v1,OA-Mirror,,shortputspread,756,,n/a,sl50,40.0,929.0,0.0431,True,optimistic bound: no SL hit -> actual exit pnl (ledger),closed
2026-08-11,2026-08-11 09:45:22,T00835,Trendy-Paper-v1,OA-Mirror,,shortputspread,756,,n/a,sl75,40.0,929.0,0.0431,True,optimistic bound: no SL hit -> actual exit pnl (ledger),closed
2026-08-12,2026-08-12 11:00:02,T00839,DIR-SPX-CallVIXdrop,Directional,SPX,longcallspread,,7760,Chop,actual,65.0,605.0,0.1074,False,"actual exit pnl (ledger, verbatim) - NOT settlement",closed
2026-08-12,2026-08-12 11:00:02,T00839,DIR-SPX-CallVIXdrop,Directional,SPX,longcallspread,,7760,Chop,defang,,605.0,,True,DEFERRED v1 — needs the intraday premium-decay path (mark short leg to ~$0.05) not present in the ledger. TODO: model once tick/1-min option-premium history is available.,closed
2026-08-12,2026-08-12 11:00:02,T00839,DIR-SPX-CallVIXdrop,Directional,SPX,longcallspread,,7760,Chop,pt100,65.0,605.0,0.1074,True,optimistic bound: no PT hit -> actual exit pnl (ledger),closed
2026-08-12,2026-08-12 11:00:02,T00839,DIR-SPX-CallVIXdrop,Directional,SPX,longcallspread,,7760,Chop,pt25,151.25,605.0,0.25,True,optimistic bound: booked +25% of credit_basis at mfe_pct threshold,closed
2026-08-12,2026-08-12 11:00:02,T00839,DIR-SPX-CallVIXdrop,Directional,SPX,longcallspread,,7760,Chop,pt50,302.5,605.0,0.5,True,optimistic bound: booked +50% of credit_basis at mfe_pct threshold,closed
2026-08-12,2026-08-12 11:00:02,T00839,DIR-SPX-CallVIXdrop,Directional,SPX,longcallspread,,7760,Chop,settle,,605.0,,True,NOT EVALUABLE — position closed early; what it would have returned held to settlement needs post-exit path data that does not exist. Never modeled.,closed
2026-08-12,2026-08-12 11:00:02,T00839,DIR-SPX-CallVIXdrop,Directional,SPX,longcallspread,,7760,Chop,sl100,65.0,605.0,0.1074,True,optimistic bound: no SL hit -> actual exit pnl (ledger),closed
2026-08-12,2026-08-12 11:00:02,T00839,DIR-SPX-CallVIXdrop,Directional,SPX,longcallspread,,7760,Chop,sl130,65.0,605.0,0.1074,True,optimistic bound: no SL hit -> actual exit pnl (ledger),closed
2026-08-12,2026-08-12 11:00:02,T00839,DIR-SPX-CallVIXdrop,Directional,SPX,longcallspread,,7760,Chop,sl50,65.0,605.0,0.1074,True,optimistic bound: no SL hit -> actual exit pnl (ledger),closed
2026-08-12,2026-08-12 11:00:02,T00839,DIR-SPX-CallVIXdrop,Directional,SPX,longcallspread,,7760,Chop,sl75,65.0,605.0,0.1074,True,optimistic bound: no SL hit -> actual exit pnl (ledger),closed
2026-08-12,2026-08-12 11:01:01,T00840,IC-SPX-FastPT25-S2,IC,SPX,shortputspread,7685,,Chop,actual,0.0,4900.0,0.0,False,"actual exit pnl (ledger, verbatim) - NOT settlement",closed
2026-08-12,2026-08-12 11:01:01,T00840,IC-SPX-FastPT25-S2,IC,SPX,shortputspread,7685,,Chop,defang,,4900.0,,True,DEFERRED v1 — needs the intraday premium-decay path (mark short leg to ~$0.05) not present in the ledger. TODO: model once tick/1-min option-premium history is available.,closed
2026-08-12,2026-08-12 11:01:01,T00840,IC-SPX-FastPT25-S2,IC,SPX,shortputspread,7685,,Chop,pt100,0.0,4900.0,0.0,True,optimistic bound: no PT hit -> actual exit pnl (ledger),closed
2026-08-12,2026-08-12 11:01:01,T00840,IC-SPX-FastPT25-S2,IC,SPX,shortputspread,7685,,Chop,pt25,0.0,4900.0,0.0,True,optimistic bound: no PT hit -> actual exit pnl (ledger),closed
2026-08-12,2026-08-12 11:01:01,T00840,IC-SPX-FastPT25-S2,IC,SPX,shortputspread,7685,,Chop,pt50,0.0,4900.0,0.0,True,optimistic bound: no PT hit -> actual exit pnl (ledger),closed
2026-08-12,2026-08-12 11:01:01,T00840,IC-SPX-FastPT25-S2,IC,SPX,shortputspread,7685,,Chop,s2,0.0,4900.0,0.0,True,"strike-touch cut, 5-min tape grain (not sub-second latch); cut priced at the leg's own worst-excursion (mae_pct) extreme; touch window bounded at actual close",closed
2026-08-12,2026-08-12 11:01:01,T00840,IC-SPX-FastPT25-S2,IC,SPX,shortputspread,7685,,Chop,settle,,4900.0,,True,NOT EVALUABLE — position closed early; what it would have returned held to settlement needs post-exit path data that does not exist. Never modeled.,closed
2026-08-12,2026-08-12 11:01:01,T00840,IC-SPX-FastPT25-S2,IC,SPX,shortputspread,7685,,Chop,sl100,0.0,4900.0,0.0,True,optimistic bound: no SL hit -> actual exit pnl (ledger),closed
2026-08-12,2026-08-12 11:01:01,T00840,IC-SPX-FastPT25-S2,IC,SPX,shortputspread,7685,,Chop,sl130,0.0,4900.0,0.0,True,optimistic bound: no SL hit -> actual exit pnl (ledger),closed
2026-08-12,2026-08-12 11:01:01,T00840,IC-SPX-FastPT25-S2,IC,SPX,shortputspread,7685,,Chop,sl50,0.0,4900.0,0.0,True,optimistic bound: no SL hit -> actual exit pnl (ledger),closed
2026-08-12,2026-08-12 11:01:01,T00840,IC-SPX-FastPT25-S2,IC,SPX,shortputspread,7685,,Chop,sl75,0.0,4900.0,0.0,True,optimistic bound: no SL hit -> actual exit pnl (ledger),closed
2026-08-12,2026-08-12 13:31:01,T00838,IC-SPX-FastPT25-S2-130PM,IC,SPX,shortputspread,7730,,Chop,actual,250.0,4750.0,0.0526,False,"settlement pnl (ledger, verbatim)",expired
2026-08-12,2026-08-12 13:31:01,T00838,IC-SPX-FastPT25-S2-130PM,IC,SPX,shortputspread,7730,,Chop,defang,,4750.0,,True,DEFERRED v1 — needs the intraday premium-decay path (mark short leg to ~$0.05) not present in the ledger. TODO: model once tick/1-min option-premium history is available.,expired
2026-08-12,2026-08-12 13:31:01,T00838,IC-SPX-FastPT25-S2-130PM,IC,SPX,shortputspread,7730,,Chop,pt100,250.0,4750.0,0.0526,True,optimistic bound: booked +100% of credit_basis at mfe_pct threshold,expired
2026-08-12,2026-08-12 13:31:01,T00838,IC-SPX-FastPT25-S2-130PM,IC,SPX,shortputspread,7730,,Chop,pt25,62.5,4750.0,0.0132,True,optimistic bound: booked +25% of credit_basis at mfe_pct threshold,expired
2026-08-12,2026-08-12 13:31:01,T00838,IC-SPX-FastPT25-S2-130PM,IC,SPX,shortputspread,7730,,Chop,pt50,125.0,4750.0,0.0263,True,optimistic bound: booked +50% of credit_basis at mfe_pct threshold,expired
2026-08-12,2026-08-12 13:31:01,T00838,IC-SPX-FastPT25-S2-130PM,IC,SPX,shortputspread,7730,,Chop,s2,250.0,4750.0,0.0526,True,"strike-touch cut, 5-min tape grain (not sub-second latch); cut priced at the leg's own worst-excursion (mae_pct) extreme",expired
2026-08-12,2026-08-12 13:31:01,T00838,IC-SPX-FastPT25-S2-130PM,IC,SPX,shortputspread,7730,,Chop,sl100,250.0,4750.0,0.0526,True,optimistic bound: no SL hit -> rode to settlement,expired
2026-08-12,2026-08-12 13:31:01,T00838,IC-SPX-FastPT25-S2-130PM,IC,SPX,shortputspread,7730,,Chop,sl130,250.0,4750.0,0.0526,True,optimistic bound: no SL hit -> rode to settlement,expired
2026-08-12,2026-08-12 13:31:01,T00838,IC-SPX-FastPT25-S2-130PM,IC,SPX,shortputspread,7730,,Chop,sl50,250.0,4750.0,0.0526,True,optimistic bound: no SL hit -> rode to settlement,expired
2026-08-12,2026-08-12 13:31:01,T00838,IC-SPX-FastPT25-S2-130PM,IC,SPX,shortputspread,7730,,Chop,sl75,250.0,4750.0,0.0526,True,optimistic bound: no SL hit -> rode to settlement,expired
2026-08-12,2026-08-12 13:31:02,T00838,IC-SPX-FastPT25-S2-130PM,IC,SPX,shortcallspread,,7770,Chop,actual,250.0,4750.0,0.0526,False,"settlement pnl (ledger, verbatim)",expired
2026-08-12,2026-08-12 13:31:02,T00838,IC-SPX-FastPT25-S2-130PM,IC,SPX,shortcallspread,,7770,Chop,defang,,4750.0,,True,DEFERRED v1 — needs the intraday premium-decay path (mark short leg to ~$0.05) not present in the ledger. TODO: model once tick/1-min option-premium history is available.,expired
2026-08-12,2026-08-12 13:31:02,T00838,IC-SPX-FastPT25-S2-130PM,IC,SPX,shortcallspread,,7770,Chop,pt100,250.0,4750.0,0.0526,True,optimistic bound: booked +100% of credit_basis at mfe_pct threshold,expired
2026-08-12,2026-08-12 13:31:02,T00838,IC-SPX-FastPT25-S2-130PM,IC,SPX,shortcallspread,,7770,Chop,pt25,62.5,4750.0,0.0132,True,optimistic bound: booked +25% of credit_basis at mfe_pct threshold,expired
2026-08-12,2026-08-12 13:31:02,T00838,IC-SPX-FastPT25-S2-130PM,IC,SPX,shortcallspread,,7770,Chop,pt50,125.0,4750.0,0.0263,True,optimistic bound: booked +50% of credit_basis at mfe_pct threshold,expired
2026-08-12,2026-08-12 13:31:02,T00838,IC-SPX-FastPT25-S2-130PM,IC,SPX,shortcallspread,,7770,Chop,s2,250.0,4750.0,0.0526,True,"strike-touch cut, 5-min tape grain (not sub-second latch); cut priced at the leg's own worst-excursion (mae_pct) extreme",expired
2026-08-12,2026-08-12 13:31:02,T00838,IC-SPX-FastPT25-S2-130PM,IC,SPX,shortcallspread,,7770,Chop,sl100,250.0,4750.0,0.0526,True,optimistic bound: no SL hit -> rode to settlement,expired
2026-08-12,2026-08-12 13:31:02,T00838,IC-SPX-FastPT25-S2-130PM,IC,SPX,shortcallspread,,7770,Chop,sl130,250.0,4750.0,0.0526,True,optimistic bound: no SL hit -> rode to settlement,expired
2026-08-12,2026-08-12 13:31:02,T00838,IC-SPX-FastPT25-S2-130PM,IC,SPX,shortcallspread,,7770,Chop,sl50,-125.0,4750.0,-0.0263,True,optimistic bound: booked -50% of credit_basis at mae_pct threshold,expired
2026-08-12,2026-08-12 13:31:02,T00838,IC-SPX-FastPT25-S2-130PM,IC,SPX,shortcallspread,,7770,Chop,sl75,250.0,4750.0,0.0526,True,optimistic bound: no SL hit -> rode to settlement,expired
2026-08-12,2026-08-12 09:45:25,T00837,Nigiri-Paper-v1,OA-Mirror,,shortputspread,758,,n/a,actual,70.0,4910.0,0.0143,False,"actual exit pnl (ledger, verbatim) - NOT settlement",closed
2026-08-12,2026-08-12 09:45:25,T00837,Nigiri-Paper-v1,OA-Mirror,,shortputspread,758,,n/a,defang,,4910.0,,True,DEFERRED v1 — needs the intraday premium-decay path (mark short leg to ~$0.05) not present in the ledger. TODO: model once tick/1-min option-premium history is available.,closed
2026-08-12,2026-08-12 09:45:25,T00837,Nigiri-Paper-v1,OA-Mirror,,shortputspread,758,,n/a,pt100,70.0,4910.0,0.0143,True,optimistic bound: no PT hit -> actual exit pnl (ledger),closed
2026-08-12,2026-08-12 09:45:25,T00837,Nigiri-Paper-v1,OA-Mirror,,shortputspread,758,,n/a,pt25,22.5,4910.0,0.0046,True,optimistic bound: booked +25% of credit_basis at mfe_pct threshold,closed
2026-08-12,2026-08-12 09:45:25,T00837,Nigiri-Paper-v1,OA-Mirror,,shortputspread,758,,n/a,pt50,45.0,4910.0,0.0092,True,optimistic bound: booked +50% of credit_basis at mfe_pct threshold,closed
2026-08-12,2026-08-12 09:45:25,T00837,Nigiri-Paper-v1,OA-Mirror,,shortputspread,758,,n/a,settle,,4910.0,,True,NOT EVALUABLE — position closed early; what it would have returned held to settlement needs post-exit path data that does not exist. Never modeled.,closed
2026-08-12,2026-08-12 09:45:25,T00837,Nigiri-Paper-v1,OA-Mirror,,shortputspread,758,,n/a,sl100,70.0,4910.0,0.0143,True,optimistic bound: no SL hit -> actual exit pnl (ledger),closed
2026-08-12,2026-08-12 09:45:25,T00837,Nigiri-Paper-v1,OA-Mirror,,shortputspread,758,,n/a,sl130,70.0,4910.0,0.0143,True,optimistic bound: no SL hit -> actual exit pnl (ledger),closed
2026-08-12,2026-08-12 09:45:25,T00837,Nigiri-Paper-v1,OA-Mirror,,shortputspread,758,,n/a,sl50,70.0,4910.0,0.0143,True,optimistic bound: no SL hit -> actual exit pnl (ledger),closed
2026-08-12,2026-08-12 09:45:25,T00837,Nigiri-Paper-v1,OA-Mirror,,shortputspread,758,,n/a,sl75,70.0,4910.0,0.0143,True,optimistic bound: no SL hit -> actual exit pnl (ledger),closed
2026-08-13,2026-08-13 11:03:01,T00836,IC-SPX-FastPT25-S2,IC,SPX,shortputspread,7745,,Chop,actual,0.0,4850.0,0.0,False,"actual exit pnl (ledger, verbatim) - NOT settlement",closed
2026-08-13,2026-08-13 11:03:01,T00836,IC-SPX-FastPT25-S2,IC,SPX,shortputspread,7745,,Chop,defang,,4850.0,,True,DEFERRED v1 — needs the intraday premium-decay path (mark short leg to ~$0.05) not present in the ledger. TODO: model once tick/1-min option-premium history is available.,closed
2026-08-13,2026-08-13 11:03:01,T00836,IC-SPX-FastPT25-S2,IC,SPX,shortputspread,7745,,Chop,pt100,0.0,4850.0,0.0,True,optimistic bound: no PT hit -> actual exit pnl (ledger),closed
2026-08-13,2026-08-13 11:03:01,T00836,IC-SPX-FastPT25-S2,IC,SPX,shortputspread,7745,,Chop,pt25,0.0,4850.0,0.0,True,optimistic bound: no PT hit -> actual exit pnl (ledger),closed
2026-08-13,2026-08-13 11:03:01,T00836,IC-SPX-FastPT25-S2,IC,SPX,shortputspread,7745,,Chop,pt50,0.0,4850.0,0.0,True,optimistic bound: no PT hit -> actual exit pnl (ledger),closed
2026-08-13,2026-08-13 11:03:01,T00836,IC-SPX-FastPT25-S2,IC,SPX,shortputspread,7745,,Chop,s2,0.0,4850.0,0.0,True,"strike-touch cut, 5-min tape grain (not sub-second latch); cut priced at the leg's own worst-excursion (mae_pct) extreme; touch window bounded at actual close",closed
2026-08-13,2026-08-13 11:03:01,T00836,IC-SPX-FastPT25-S2,IC,SPX,shortputspread,7745,,Chop,settle,,4850.0,,True,NOT EVALUABLE — position closed early; what it would have returned held to settlement needs post-exit path data that does not exist. Never modeled.,closed
2026-08-13,2026-08-13 11:03:01,T00836,IC-SPX-FastPT25-S2,IC,SPX,shortputspread,7745,,Chop,sl100,0.0,4850.0,0.0,True,optimistic bound: no SL hit -> actual exit pnl (ledger),closed
2026-08-13,2026-08-13 11:03:01,T00836,IC-SPX-FastPT25-S2,IC,SPX,shortputspread,7745,,Chop,sl130,0.0,4850.0,0.0,True,optimistic bound: no SL hit -> actual exit pnl (ledger),closed
2026-08-13,2026-08-13 11:03:01,T00836,IC-SPX-FastPT25-S2,IC,SPX,shortputspread,7745,,Chop,sl50,0.0,4850.0,0.0,True,optimistic bound: no SL hit -> actual exit pnl (ledger),closed
2026-08-13,2026-08-13 11:03:01,T00836,IC-SPX-FastPT25-S2,IC,SPX,shortputspread,7745,,Chop,sl75,0.0,4850.0,0.0,True,optimistic bound: no SL hit -> actual exit pnl (ledger),closed
2026-08-13,2026-08-13 13:31:02,T00833,IC-SPX-FastPT25-S2-130PM,IC,SPX,shortputspread,7775,,Chop,actual,250.0,4750.0,0.0526,False,"settlement pnl (ledger, verbatim)",expired
2026-08-13,2026-08-13 13:31:02,T00833,IC-SPX-FastPT25-S2-130PM,IC,SPX,shortputspread,7775,,Chop,defang,,4750.0,,True,DEFERRED v1 — needs the intraday premium-decay path (mark short leg to ~$0.05) not present in the ledger. TODO: model once tick/1-min option-premium history is available.,expired
2026-08-13,2026-08-13 13:31:02,T00833,IC-SPX-FastPT25-S2-130PM,IC,SPX,shortputspread,7775,,Chop,pt100,250.0,4750.0,0.0526,True,optimistic bound: booked +100% of credit_basis at mfe_pct threshold,expired
2026-08-13,2026-08-13 13:31:02,T00833,IC-SPX-FastPT25-S2-130PM,IC,SPX,shortputspread,7775,,Chop,pt25,62.5,4750.0,0.0132,True,optimistic bound: booked +25% of credit_basis at mfe_pct threshold,expired
2026-08-13,2026-08-13 13:31:02,T00833,IC-SPX-FastPT25-S2-130PM,IC,SPX,shortputspread,7775,,Chop,pt50,125.0,4750.0,0.0263,True,optimistic bound: booked +50% of credit_basis at mfe_pct threshold,expired
2026-08-13,2026-08-13 13:31:02,T00833,IC-SPX-FastPT25-S2-130PM,IC,SPX,shortputspread,7775,,Chop,s2,250.0,4750.0,0.0526,True,"strike-touch cut, 5-min tape grain (not sub-second latch); cut priced at the leg's own worst-excursion (mae_pct) extreme",expired
2026-08-13,2026-08-13 13:31:02,T00833,IC-SPX-FastPT25-S2-130PM,IC,SPX,shortputspread,7775,,Chop,sl100,250.0,4750.0,0.0526,True,optimistic bound: no SL hit -> rode to settlement,expired
2026-08-13,2026-08-13 13:31:02,T00833,IC-SPX-FastPT25-S2-130PM,IC,SPX,shortputspread,7775,,Chop,sl130,250.0,4750.0,0.0526,True,optimistic bound: no SL hit -> rode to settlement,expired
2026-08-13,2026-08-13 13:31:02,T00833,IC-SPX-FastPT25-S2-130PM,IC,SPX,shortputspread,7775,,Chop,sl50,-125.0,4750.0,-0.0263,True,optimistic bound: booked -50% of credit_basis at mae_pct threshold,expired
2026-08-13,2026-08-13 13:31:02,T00833,IC-SPX-FastPT25-S2-130PM,IC,SPX,shortputspread,7775,,Chop,sl75,-187.5,4750.0,-0.0395,True,optimistic bound: booked -75% of credit_basis at mae_pct threshold,expired
2026-08-13,2026-08-13 13:31:04,T00833,IC-SPX-FastPT25-S2-130PM,IC,SPX,shortcallspread,,7810,Chop,actual,300.0,4700.0,0.0638,False,"settlement pnl (ledger, verbatim)",expired
2026-08-13,2026-08-13 13:31:04,T00833,IC-SPX-FastPT25-S2-130PM,IC,SPX,shortcallspread,,7810,Chop,defang,,4700.0,,True,DEFERRED v1 — needs the intraday premium-decay path (mark short leg to ~$0.05) not present in the ledger. TODO: model once tick/1-min option-premium history is available.,expired
2026-08-13,2026-08-13 13:31:04,T00833,IC-SPX-FastPT25-S2-130PM,IC,SPX,shortcallspread,,7810,Chop,pt100,300.0,4700.0,0.0638,True,optimistic bound: booked +100% of credit_basis at mfe_pct threshold,expired
2026-08-13,2026-08-13 13:31:04,T00833,IC-SPX-FastPT25-S2-130PM,IC,SPX,shortcallspread,,7810,Chop,pt25,75.0,4700.0,0.016,True,optimistic bound: booked +25% of credit_basis at mfe_pct threshold,expired
2026-08-13,2026-08-13 13:31:04,T00833,IC-SPX-FastPT25-S2-130PM,IC,SPX,shortcallspread,,7810,Chop,pt50,150.0,4700.0,0.0319,True,optimistic bound: booked +50% of credit_basis at mfe_pct threshold,expired
2026-08-13,2026-08-13 13:31:04,T00833,IC-SPX-FastPT25-S2-130PM,IC,SPX,shortcallspread,,7810,Chop,s2,300.0,4700.0,0.0638,True,"strike-touch cut, 5-min tape grain (not sub-second latch); cut priced at the leg's own worst-excursion (mae_pct) extreme",expired
2026-08-13,2026-08-13 13:31:04,T00833,IC-SPX-FastPT25-S2-130PM,IC,SPX,shortcallspread,,7810,Chop,sl100,-300.0,4700.0,-0.0638,True,optimistic bound: booked -100% of credit_basis at mae_pct threshold,expired
2026-08-13,2026-08-13 13:31:04,T00833,IC-SPX-FastPT25-S2-130PM,IC,SPX,shortcallspread,,7810,Chop,sl130,-390.0,4700.0,-0.083,True,optimistic bound: booked -130% of credit_basis at mae_pct threshold,expired
2026-08-13,2026-08-13 13:31:04,T00833,IC-SPX-FastPT25-S2-130PM,IC,SPX,shortcallspread,,7810,Chop,sl50,-150.0,4700.0,-0.0319,True,optimistic bound: booked -50% of credit_basis at mae_pct threshold,expired
2026-08-13,2026-08-13 13:31:04,T00833,IC-SPX-FastPT25-S2-130PM,IC,SPX,shortcallspread,,7810,Chop,sl75,-225.0,4700.0,-0.0479,True,optimistic bound: booked -75% of credit_basis at mae_pct threshold,expired
2026-08-13,2026-08-13 09:49:30,T00832,Nigiri-Paper-v1,OA-Mirror,,shortputspread,750,,n/a,actual,20.0,4910.0,0.0041,False,"actual exit pnl (ledger, verbatim) - NOT settlement",closed
2026-08-13,2026-08-13 09:49:30,T00832,Nigiri-Paper-v1,OA-Mirror,,shortputspread,750,,n/a,defang,,4910.0,,True,DEFERRED v1 — needs the intraday premium-decay path (mark short leg to ~$0.05) not present in the ledger. TODO: model once tick/1-min option-premium history is available.,closed
2026-08-13,2026-08-13 09:49:30,T00832,Nigiri-Paper-v1,OA-Mirror,,shortputspread,750,,n/a,pt100,20.0,4910.0,0.0041,True,optimistic bound: no PT hit -> actual exit pnl (ledger),closed
2026-08-13,2026-08-13 09:49:30,T00832,Nigiri-Paper-v1,OA-Mirror,,shortputspread,750,,n/a,pt25,22.5,4910.0,0.0046,True,optimistic bound: booked +25% of credit_basis at mfe_pct threshold,closed
2026-08-13,2026-08-13 09:49:30,T00832,Nigiri-Paper-v1,OA-Mirror,,shortputspread,750,,n/a,pt50,20.0,4910.0,0.0041,True,optimistic bound: no PT hit -> actual exit pnl (ledger),closed
2026-08-13,2026-08-13 09:49:30,T00832,Nigiri-Paper-v1,OA-Mirror,,shortputspread,750,,n/a,settle,,4910.0,,True,NOT EVALUABLE — position closed early; what it would have returned held to settlement needs post-exit path data that does not exist. Never modeled.,closed
2026-08-13,2026-08-13 09:49:30,T00832,Nigiri-Paper-v1,OA-Mirror,,shortputspread,750,,n/a,sl100,20.0,4910.0,0.0041,True,optimistic bound: no SL hit -> actual exit pnl (ledger),closed
2026-08-13,2026-08-13 09:49:30,T00832,Nigiri-Paper-v1,OA-Mirror,,shortputspread,750,,n/a,sl130,20.0,4910.0,0.0041,True,optimistic bound: no SL hit -> actual exit pnl (ledger),closed
2026-08-13,2026-08-13 09:49:30,T00832,Nigiri-Paper-v1,OA-Mirror,,shortputspread,750,,n/a,sl50,20.0,4910.0,0.0041,True,optimistic bound: no SL hit -> actual exit pnl (ledger),closed
2026-08-13,2026-08-13 09:49:30,T00832,Nigiri-Paper-v1,OA-Mirror,,shortputspread,750,,n/a,sl75,20.0,4910.0,0.0041,True,optimistic bound: no SL hit -> actual exit pnl (ledger),closed
2026-08-14,2026-08-14 10:00:04,T00787,3DTE $140-$350,OA-Mirror,SPX,ironcondor,7615,8000,Chop,actual,25.0,975.0,0.0256,False,"settlement pnl (ledger, verbatim)",expired
2026-08-14,2026-08-14 10:00:04,T00787,3DTE $140-$350,OA-Mirror,SPX,ironcondor,7615,8000,Chop,defang,,975.0,,True,DEFERRED v1 — needs the intraday premium-decay path (mark short leg to ~$0.05) not present in the ledger. TODO: model once tick/1-min option-premium history is available.,expired
2026-08-14,2026-08-14 10:00:04,T00787,3DTE $140-$350,OA-Mirror,SPX,ironcondor,7615,8000,Chop,pt100,25.0,975.0,0.0256,True,optimistic bound: booked +100% of credit_basis at mfe_pct threshold,expired
2026-08-14,2026-08-14 10:00:04,T00787,3DTE $140-$350,OA-Mirror,SPX,ironcondor,7615,8000,Chop,pt25,6.25,975.0,0.0064,True,optimistic bound: booked +25% of credit_basis at mfe_pct threshold,expired
2026-08-14,2026-08-14 10:00:04,T00787,3DTE $140-$350,OA-Mirror,SPX,ironcondor,7615,8000,Chop,pt50,12.5,975.0,0.0128,True,optimistic bound: booked +50% of credit_basis at mfe_pct threshold,expired
2026-08-14,2026-08-14 10:00:04,T00787,3DTE $140-$350,OA-Mirror,SPX,ironcondor,7615,8000,Chop,sl100,-25.0,975.0,-0.0256,True,optimistic bound: booked -100% of credit_basis at mae_pct threshold,expired
2026-08-14,2026-08-14 10:00:04,T00787,3DTE $140-$350,OA-Mirror,SPX,ironcondor,7615,8000,Chop,sl130,-32.5,975.0,-0.0333,True,optimistic bound: booked -130% of credit_basis at mae_pct threshold,expired
2026-08-14,2026-08-14 10:00:04,T00787,3DTE $140-$350,OA-Mirror,SPX,ironcondor,7615,8000,Chop,sl50,-12.5,975.0,-0.0128,True,optimistic bound: booked -50% of credit_basis at mae_pct threshold,expired
2026-08-14,2026-08-14 10:00:04,T00787,3DTE $140-$350,OA-Mirror,SPX,ironcondor,7615,8000,Chop,sl75,-18.75,975.0,-0.0192,True,optimistic bound: booked -75% of credit_basis at mae_pct threshold,expired
2026-08-14,2026-08-14 10:45:06,T00831,60min-ORB-10W-Paper-v1,OA-Mirror,SPX,shortcallspread,,7815,Chop,actual,50.0,905.0,0.0552,False,"actual exit pnl (ledger, verbatim) - NOT settlement",closed
2026-08-14,2026-08-14 10:45:06,T00831,60min-ORB-10W-Paper-v1,OA-Mirror,SPX,shortcallspread,,7815,Chop,defang,,905.0,,True,DEFERRED v1 — needs the intraday premium-decay path (mark short leg to ~$0.05) not present in the ledger. TODO: model once tick/1-min option-premium history is available.,closed
2026-08-14,2026-08-14 10:45:06,T00831,60min-ORB-10W-Paper-v1,OA-Mirror,SPX,shortcallspread,,7815,Chop,pt100,50.0,905.0,0.0552,True,optimistic bound: no PT hit -> actual exit pnl (ledger),closed
2026-08-14,2026-08-14 10:45:06,T00831,60min-ORB-10W-Paper-v1,OA-Mirror,SPX,shortcallspread,,7815,Chop,pt25,23.75,905.0,0.0262,True,optimistic bound: booked +25% of credit_basis at mfe_pct threshold,closed
2026-08-14,2026-08-14 10:45:06,T00831,60min-ORB-10W-Paper-v1,OA-Mirror,SPX,shortcallspread,,7815,Chop,pt50,47.5,905.0,0.0525,True,optimistic bound: booked +50% of credit_basis at mfe_pct threshold,closed
2026-08-14,2026-08-14 10:45:06,T00831,60min-ORB-10W-Paper-v1,OA-Mirror,SPX,shortcallspread,,7815,Chop,s2,50.0,905.0,0.0552,True,"strike-touch cut, 5-min tape grain (not sub-second latch); cut priced at the leg's own worst-excursion (mae_pct) extreme; touch window bounded at actual close",closed
2026-08-14,2026-08-14 10:45:06,T00831,60min-ORB-10W-Paper-v1,OA-Mirror,SPX,shortcallspread,,7815,Chop,settle,,905.0,,True,NOT EVALUABLE — position closed early; what it would have returned held to settlement needs post-exit path data that does not exist. Never modeled.,closed
2026-08-14,2026-08-14 10:45:06,T00831,60min-ORB-10W-Paper-v1,OA-Mirror,SPX,shortcallspread,,7815,Chop,sl100,50.0,905.0,0.0552,True,optimistic bound: no SL hit -> actual exit pnl (ledger),closed
2026-08-14,2026-08-14 10:45:06,T00831,60min-ORB-10W-Paper-v1,OA-Mirror,SPX,shortcallspread,,7815,Chop,sl130,50.0,905.0,0.0552,True,optimistic bound: no SL hit -> actual exit pnl (ledger),closed
2026-08-14,2026-08-14 10:45:06,T00831,60min-ORB-10W-Paper-v1,OA-Mirror,SPX,shortcallspread,,7815,Chop,sl50,50.0,905.0,0.0552,True,optimistic bound: no SL hit -> actual exit pnl (ledger),closed
2026-08-14,2026-08-14 10:45:06,T00831,60min-ORB-10W-Paper-v1,OA-Mirror,SPX,shortcallspread,,7815,Chop,sl75,50.0,905.0,0.0552,True,optimistic bound: no SL hit -> actual exit pnl (ledger),closed
2026-08-14,2026-08-14 10:30:03,T00756,Friday 14 DTE Broken Wing IB (B-70),OA-Mirror,,ironbutterfly,7725,7725,n/a,actual,140.0,1960.0,0.0714,False,"actual exit pnl (ledger, verbatim) - NOT settlement",closed
2026-08-14,2026-08-14 10:30:03,T00756,Friday 14 DTE Broken Wing IB (B-70),OA-Mirror,,ironbutterfly,7725,7725,n/a,defang,,1960.0,,True,DEFERRED v1 — needs the intraday premium-decay path (mark short leg to ~$0.05) not present in the ledger. TODO: model once tick/1-min option-premium history is available.,closed
2026-08-14,2026-08-14 10:30:03,T00756,Friday 14 DTE Broken Wing IB (B-70),OA-Mirror,,ironbutterfly,7725,7725,n/a,pt100,140.0,1960.0,0.0714,True,optimistic bound: no PT hit -> actual exit pnl (ledger),closed
2026-08-14,2026-08-14 10:30:03,T00756,Friday 14 DTE Broken Wing IB (B-70),OA-Mirror,,ironbutterfly,7725,7725,n/a,pt25,140.0,1960.0,0.0714,True,optimistic bound: no PT hit -> actual exit pnl (ledger),closed
2026-08-14,2026-08-14 10:30:03,T00756,Friday 14 DTE Broken Wing IB (B-70),OA-Mirror,,ironbutterfly,7725,7725,n/a,pt50,140.0,1960.0,0.0714,True,optimistic bound: no PT hit -> actual exit pnl (ledger),closed
2026-08-14,2026-08-14 10:30:03,T00756,Friday 14 DTE Broken Wing IB (B-70),OA-Mirror,,ironbutterfly,7725,7725,n/a,settle,,1960.0,,True,NOT EVALUABLE — position closed early; what it would have returned held to settlement needs post-exit path data that does not exist. Never modeled.,closed
2026-08-14,2026-08-14 10:30:03,T00756,Friday 14 DTE Broken Wing IB (B-70),OA-Mirror,,ironbutterfly,7725,7725,n/a,sl100,140.0,1960.0,0.0714,True,optimistic bound: no SL hit -> actual exit pnl (ledger),closed
2026-08-14,2026-08-14 10:30:03,T00756,Friday 14 DTE Broken Wing IB (B-70),OA-Mirror,,ironbutterfly,7725,7725,n/a,sl130,140.0,1960.0,0.0714,True,optimistic bound: no SL hit -> actual exit pnl (ledger),closed
2026-08-14,2026-08-14 10:30:03,T00756,Friday 14 DTE Broken Wing IB (B-70),OA-Mirror,,ironbutterfly,7725,7725,n/a,sl50,140.0,1960.0,0.0714,True,optimistic bound: no SL hit -> actual exit pnl (ledger),closed
2026-08-14,2026-08-14 10:30:03,T00756,Friday 14 DTE Broken Wing IB (B-70),OA-Mirror,,ironbutterfly,7725,7725,n/a,sl75,140.0,1960.0,0.0714,True,optimistic bound: no SL hit -> actual exit pnl (ledger),closed
2026-08-14,2026-08-14 13:39:11,T00829,GF-QQQ-IC-Canary,IC,QQQ,shortputspread,726,,Drift,actual,1.0,193.0,0.0052,False,"actual exit pnl (ledger, verbatim) - NOT settlement",closed
2026-08-14,2026-08-14 13:39:11,T00829,GF-QQQ-IC-Canary,IC,QQQ,shortputspread,726,,Drift,defang,,193.0,,True,DEFERRED v1 — needs the intraday premium-decay path (mark short leg to ~$0.05) not present in the ledger. TODO: model once tick/1-min option-premium history is available.,closed
2026-08-14,2026-08-14 13:39:11,T00829,GF-QQQ-IC-Canary,IC,QQQ,shortputspread,726,,Drift,pt100,1.0,193.0,0.0052,True,optimistic bound: no PT hit -> actual exit pnl (ledger),closed
2026-08-14,2026-08-14 13:39:11,T00829,GF-QQQ-IC-Canary,IC,QQQ,shortputspread,726,,Drift,pt25,1.75,193.0,0.0091,True,optimistic bound: booked +25% of credit_basis at mfe_pct threshold,closed
2026-08-14,2026-08-14 13:39:11,T00829,GF-QQQ-IC-Canary,IC,QQQ,shortputspread,726,,Drift,pt50,1.0,193.0,0.0052,True,optimistic bound: no PT hit -> actual exit pnl (ledger),closed
2026-08-14,2026-08-14 13:39:11,T00829,GF-QQQ-IC-Canary,IC,QQQ,shortputspread,726,,Drift,s2,1.0,193.0,0.0052,True,"strike-touch cut, 5-min tape grain (not sub-second latch); cut priced at the leg's own worst-excursion (mae_pct) extreme; touch window bounded at actual close",closed
2026-08-14,2026-08-14 13:39:11,T00829,GF-QQQ-IC-Canary,IC,QQQ,shortputspread,726,,Drift,settle,,193.0,,True,NOT EVALUABLE — position closed early; what it would have returned held to settlement needs post-exit path data that does not exist. Never modeled.,closed
2026-08-14,2026-08-14 13:39:11,T00829,GF-QQQ-IC-Canary,IC,QQQ,shortputspread,726,,Drift,sl100,1.0,193.0,0.0052,True,optimistic bound: no SL hit -> actual exit pnl (ledger),closed
2026-08-14,2026-08-14 13:39:11,T00829,GF-QQQ-IC-Canary,IC,QQQ,shortputspread,726,,Drift,sl130,1.0,193.0,0.0052,True,optimistic bound: no SL hit -> actual exit pnl (ledger),closed
2026-08-14,2026-08-14 13:39:11,T00829,GF-QQQ-IC-Canary,IC,QQQ,shortputspread,726,,Drift,sl50,1.0,193.0,0.0052,True,optimistic bound: no SL hit -> actual exit pnl (ledger),closed
2026-08-14,2026-08-14 13:39:11,T00829,GF-QQQ-IC-Canary,IC,QQQ,shortputspread,726,,Drift,sl75,1.0,193.0,0.0052,True,optimistic bound: no SL hit -> actual exit pnl (ledger),closed
2026-08-14,2026-08-14 13:39:11,T00828,GF-QQQ-IC-PT50,IC,QQQ,shortputspread,726,,Drift,actual,4.0,193.0,0.0207,False,"actual exit pnl (ledger, verbatim) - NOT settlement",closed
2026-08-14,2026-08-14 13:39:11,T00828,GF-QQQ-IC-PT50,IC,QQQ,shortputspread,726,,Drift,defang,,193.0,,True,DEFERRED v1 — needs the intraday premium-decay path (mark short leg to ~$0.05) not present in the ledger. TODO: model once tick/1-min option-premium history is available.,closed
2026-08-14,2026-08-14 13:39:11,T00828,GF-QQQ-IC-PT50,IC,QQQ,shortputspread,726,,Drift,pt100,4.0,193.0,0.0207,True,optimistic bound: no PT hit -> actual exit pnl (ledger),closed
2026-08-14,2026-08-14 13:39:11,T00828,GF-QQQ-IC-PT50,IC,QQQ,shortputspread,726,,Drift,pt25,1.75,193.0,0.0091,True,optimistic bound: booked +25% of credit_basis at mfe_pct threshold,closed
2026-08-14,2026-08-14 13:39:11,T00828,GF-QQQ-IC-PT50,IC,QQQ,shortputspread,726,,Drift,pt50,3.5,193.0,0.0181,True,optimistic bound: booked +50% of credit_basis at mfe_pct threshold,closed
2026-08-14,2026-08-14 13:39:11,T00828,GF-QQQ-IC-PT50,IC,QQQ,shortputspread,726,,Drift,s2,4.0,193.0,0.0207,True,"strike-touch cut, 5-min tape grain (not sub-second latch); cut priced at the leg's own worst-excursion (mae_pct) extreme; touch window bounded at actual close",closed
2026-08-14,2026-08-14 13:39:11,T00828,GF-QQQ-IC-PT50,IC,QQQ,shortputspread,726,,Drift,settle,,193.0,,True,NOT EVALUABLE — position closed early; what it would have returned held to settlement needs post-exit path data that does not exist. Never modeled.,closed
2026-08-14,2026-08-14 13:39:11,T00828,GF-QQQ-IC-PT50,IC,QQQ,shortputspread,726,,Drift,sl100,4.0,193.0,0.0207,True,optimistic bound: no SL hit -> actual exit pnl (ledger),closed
2026-08-14,2026-08-14 13:39:11,T00828,GF-QQQ-IC-PT50,IC,QQQ,shortputspread,726,,Drift,sl130,4.0,193.0,0.0207,True,optimistic bound: no SL hit -> actual exit pnl (ledger),closed
2026-08-14,2026-08-14 13:39:11,T00828,GF-QQQ-IC-PT50,IC,QQQ,shortputspread,726,,Drift,sl50,4.0,193.0,0.0207,True,optimistic bound: no SL hit -> actual exit pnl (ledger),closed
2026-08-14,2026-08-14 13:39:11,T00828,GF-QQQ-IC-PT50,IC,QQQ,shortputspread,726,,Drift,sl75,4.0,193.0,0.0207,True,optimistic bound: no SL hit -> actual exit pnl (ledger),closed
2026-08-14,2026-08-14 13:39:11,T00826,GF-QQQ-IC-Ride,IC,QQQ,shortputspread,726,,Drift,actual,6.0,193.0,0.0311,False,"actual exit pnl (ledger, verbatim) - NOT settlement",closed
2026-08-14,2026-08-14 13:39:11,T00826,GF-QQQ-IC-Ride,IC,QQQ,shortputspread,726,,Drift,defang,,193.0,,True,DEFERRED v1 — needs the intraday premium-decay path (mark short leg to ~$0.05) not present in the ledger. TODO: model once tick/1-min option-premium history is available.,closed
2026-08-14,2026-08-14 13:39:11,T00826,GF-QQQ-IC-Ride,IC,QQQ,shortputspread,726,,Drift,pt100,7.0,193.0,0.0363,True,optimistic bound: booked +100% of credit_basis at mfe_pct threshold,closed
2026-08-14,2026-08-14 13:39:11,T00826,GF-QQQ-IC-Ride,IC,QQQ,shortputspread,726,,Drift,pt25,1.75,193.0,0.0091,True,optimistic bound: booked +25% of credit_basis at mfe_pct threshold,closed
2026-08-14,2026-08-14 13:39:11,T00826,GF-QQQ-IC-Ride,IC,QQQ,shortputspread,726,,Drift,pt50,3.5,193.0,0.0181,True,optimistic bound: booked +50% of credit_basis at mfe_pct threshold,closed
2026-08-14,2026-08-14 13:39:11,T00826,GF-QQQ-IC-Ride,IC,QQQ,shortputspread,726,,Drift,s2,6.0,193.0,0.0311,True,"strike-touch cut, 5-min tape grain (not sub-second latch); cut priced at the leg's own worst-excursion (mae_pct) extreme; touch window bounded at actual close",closed
2026-08-14,2026-08-14 13:39:11,T00826,GF-QQQ-IC-Ride,IC,QQQ,shortputspread,726,,Drift,settle,,193.0,,True,NOT EVALUABLE — position closed early; what it would have returned held to settlement needs post-exit path data that does not exist. Never modeled.,closed
2026-08-14,2026-08-14 13:39:11,T00826,GF-QQQ-IC-Ride,IC,QQQ,shortputspread,726,,Drift,sl100,6.0,193.0,0.0311,True,optimistic bound: no SL hit -> actual exit pnl (ledger),closed
2026-08-14,2026-08-14 13:39:11,T00826,GF-QQQ-IC-Ride,IC,QQQ,shortputspread,726,,Drift,sl130,6.0,193.0,0.0311,True,optimistic bound: no SL hit -> actual exit pnl (ledger),closed
2026-08-14,2026-08-14 13:39:11,T00826,GF-QQQ-IC-Ride,IC,QQQ,shortputspread,726,,Drift,sl50,6.0,193.0,0.0311,True,optimistic bound: no SL hit -> actual exit pnl (ledger),closed
2026-08-14,2026-08-14 13:39:11,T00826,GF-QQQ-IC-Ride,IC,QQQ,shortputspread,726,,Drift,sl75,6.0,193.0,0.0311,True,optimistic bound: no SL hit -> actual exit pnl (ledger),closed
2026-08-14,2026-08-14 13:39:11,T00821,GF-QQQ-IC-Ride-Delta,IC,QQQ,shortputspread,726,,Drift,actual,6.0,193.0,0.0311,False,"actual exit pnl (ledger, verbatim) - NOT settlement",closed
2026-08-14,2026-08-14 13:39:11,T00821,GF-QQQ-IC-Ride-Delta,IC,QQQ,shortputspread,726,,Drift,defang,,193.0,,True,DEFERRED v1 — needs the intraday premium-decay path (mark short leg to ~$0.05) not present in the ledger. TODO: model once tick/1-min option-premium history is available.,closed
2026-08-14,2026-08-14 13:39:11,T00821,GF-QQQ-IC-Ride-Delta,IC,QQQ,shortputspread,726,,Drift,pt100,7.0,193.0,0.0363,True,optimistic bound: booked +100% of credit_basis at mfe_pct threshold,closed
2026-08-14,2026-08-14 13:39:11,T00821,GF-QQQ-IC-Ride-Delta,IC,QQQ,shortputspread,726,,Drift,pt25,1.75,193.0,0.0091,True,optimistic bound: booked +25% of credit_basis at mfe_pct threshold,closed
2026-08-14,2026-08-14 13:39:11,T00821,GF-QQQ-IC-Ride-Delta,IC,QQQ,shortputspread,726,,Drift,pt50,3.5,193.0,0.0181,True,optimistic bound: booked +50% of credit_basis at mfe_pct threshold,closed
2026-08-14,2026-08-14 13:39:11,T00821,GF-QQQ-IC-Ride-Delta,IC,QQQ,shortputspread,726,,Drift,s2,6.0,193.0,0.0311,True,"strike-touch cut, 5-min tape grain (not sub-second latch); cut priced at the leg's own worst-excursion (mae_pct) extreme; touch window bounded at actual close",closed
2026-08-14,2026-08-14 13:39:11,T00821,GF-QQQ-IC-Ride-Delta,IC,QQQ,shortputspread,726,,Drift,settle,,193.0,,True,NOT EVALUABLE — position closed early; what it would have returned held to settlement needs post-exit path data that does not exist. Never modeled.,closed
2026-08-14,2026-08-14 13:39:11,T00821,GF-QQQ-IC-Ride-Delta,IC,QQQ,shortputspread,726,,Drift,sl100,6.0,193.0,0.0311,True,optimistic bound: no SL hit -> actual exit pnl (ledger),closed
2026-08-14,2026-08-14 13:39:11,T00821,GF-QQQ-IC-Ride-Delta,IC,QQQ,shortputspread,726,,Drift,sl130,6.0,193.0,0.0311,True,optimistic bound: no SL hit -> actual exit pnl (ledger),closed
2026-08-14,2026-08-14 13:39:11,T00821,GF-QQQ-IC-Ride-Delta,IC,QQQ,shortputspread,726,,Drift,sl50,6.0,193.0,0.0311,True,optimistic bound: no SL hit -> actual exit pnl (ledger),closed
2026-08-14,2026-08-14 13:39:11,T00821,GF-QQQ-IC-Ride-Delta,IC,QQQ,shortputspread,726,,Drift,sl75,6.0,193.0,0.0311,True,optimistic bound: no SL hit -> actual exit pnl (ledger),closed
2026-08-14,2026-08-14 13:39:13,T00822,GF-QQQ-IC-Ride-Delta,IC,QQQ,shortputspread,726,,Drift,actual,6.0,193.0,0.0311,False,"actual exit pnl (ledger, verbatim) - NOT settlement",closed
2026-08-14,2026-08-14 13:39:13,T00822,GF-QQQ-IC-Ride-Delta,IC,QQQ,shortputspread,726,,Drift,defang,,193.0,,True,DEFERRED v1 — needs the intraday premium-decay path (mark short leg to ~$0.05) not present in the ledger. TODO: model once tick/1-min option-premium history is available.,closed
2026-08-14,2026-08-14 13:39:13,T00822,GF-QQQ-IC-Ride-Delta,IC,QQQ,shortputspread,726,,Drift,pt100,7.0,193.0,0.0363,True,optimistic bound: booked +100% of credit_basis at mfe_pct threshold,closed
2026-08-14,2026-08-14 13:39:13,T00822,GF-QQQ-IC-Ride-Delta,IC,QQQ,shortputspread,726,,Drift,pt25,1.75,193.0,0.0091,True,optimistic bound: booked +25% of credit_basis at mfe_pct threshold,closed
2026-08-14,2026-08-14 13:39:13,T00822,GF-QQQ-IC-Ride-Delta,IC,QQQ,shortputspread,726,,Drift,pt50,3.5,193.0,0.0181,True,optimistic bound: booked +50% of credit_basis at mfe_pct threshold,closed
2026-08-14,2026-08-14 13:39:13,T00822,GF-QQQ-IC-Ride-Delta,IC,QQQ,shortputspread,726,,Drift,s2,6.0,193.0,0.0311,True,"strike-touch cut, 5-min tape grain (not sub-second latch); cut priced at the leg's own worst-excursion (mae_pct) extreme; touch window bounded at actual close",closed
2026-08-14,2026-08-14 13:39:13,T00822,GF-QQQ-IC-Ride-Delta,IC,QQQ,shortputspread,726,,Drift,settle,,193.0,,True,NOT EVALUABLE — position closed early; what it would have returned held to settlement needs post-exit path data that does not exist. Never modeled.,closed
2026-08-14,2026-08-14 13:39:13,T00822,GF-QQQ-IC-Ride-Delta,IC,QQQ,shortputspread,726,,Drift,sl100,6.0,193.0,0.0311,True,optimistic bound: no SL hit -> actual exit pnl (ledger),closed
2026-08-14,2026-08-14 13:39:13,T00822,GF-QQQ-IC-Ride-Delta,IC,QQQ,shortputspread,726,,Drift,sl130,6.0,193.0,0.0311,True,optimistic bound: no SL hit -> actual exit pnl (ledger),closed
2026-08-14,2026-08-14 13:39:13,T00822,GF-QQQ-IC-Ride-Delta,IC,QQQ,shortputspread,726,,Drift,sl50,6.0,193.0,0.0311,True,optimistic bound: no SL hit -> actual exit pnl (ledger),closed
2026-08-14,2026-08-14 13:39:13,T00822,GF-QQQ-IC-Ride-Delta,IC,QQQ,shortputspread,726,,Drift,sl75,6.0,193.0,0.0311,True,optimistic bound: no SL hit -> actual exit pnl (ledger),closed
2026-08-14,2026-08-14 13:39:11,T00823,GF-QQQ-IC-SL100,IC,QQQ,shortputspread,726,,Drift,actual,6.0,193.0,0.0311,False,"actual exit pnl (ledger, verbatim) - NOT settlement",closed
2026-08-14,2026-08-14 13:39:11,T00823,GF-QQQ-IC-SL100,IC,QQQ,shortputspread,726,,Drift,defang,,193.0,,True,DEFERRED v1 — needs the intraday premium-decay path (mark short leg to ~$0.05) not present in the ledger. TODO: model once tick/1-min option-premium history is available.,closed
2026-08-14,2026-08-14 13:39:11,T00823,GF-QQQ-IC-SL100,IC,QQQ,shortputspread,726,,Drift,pt100,7.0,193.0,0.0363,True,optimistic bound: booked +100% of credit_basis at mfe_pct threshold,closed
2026-08-14,2026-08-14 13:39:11,T00823,GF-QQQ-IC-SL100,IC,QQQ,shortputspread,726,,Drift,pt25,1.75,193.0,0.0091,True,optimistic bound: booked +25% of credit_basis at mfe_pct threshold,closed
2026-08-14,2026-08-14 13:39:11,T00823,GF-QQQ-IC-SL100,IC,QQQ,shortputspread,726,,Drift,pt50,3.5,193.0,0.0181,True,optimistic bound: booked +50% of credit_basis at mfe_pct threshold,closed
2026-08-14,2026-08-14 13:39:11,T00823,GF-QQQ-IC-SL100,IC,QQQ,shortputspread,726,,Drift,s2,6.0,193.0,0.0311,True,"strike-touch cut, 5-min tape grain (not sub-second latch); cut priced at the leg's own worst-excursion (mae_pct) extreme; touch window bounded at actual close",closed
2026-08-14,2026-08-14 13:39:11,T00823,GF-QQQ-IC-SL100,IC,QQQ,shortputspread,726,,Drift,settle,,193.0,,True,NOT EVALUABLE — position closed early; what it would have returned held to settlement needs post-exit path data that does not exist. Never modeled.,closed
2026-08-14,2026-08-14 13:39:11,T00823,GF-QQQ-IC-SL100,IC,QQQ,shortputspread,726,,Drift,sl100,6.0,193.0,0.0311,True,optimistic bound: no SL hit -> actual exit pnl (ledger),closed
2026-08-14,2026-08-14 13:39:11,T00823,GF-QQQ-IC-SL100,IC,QQQ,shortputspread,726,,Drift,sl130,6.0,193.0,0.0311,True,optimistic bound: no SL hit -> actual exit pnl (ledger),closed
2026-08-14,2026-08-14 13:39:11,T00823,GF-QQQ-IC-SL100,IC,QQQ,shortputspread,726,,Drift,sl50,6.0,193.0,0.0311,True,optimistic bound: no SL hit -> actual exit pnl (ledger),closed
2026-08-14,2026-08-14 13:39:11,T00823,GF-QQQ-IC-SL100,IC,QQQ,shortputspread,726,,Drift,sl75,6.0,193.0,0.0311,True,optimistic bound: no SL hit -> actual exit pnl (ledger),closed
2026-08-14,2026-08-14 13:39:11,T00827,GF-QQQ-IC-SL200,IC,QQQ,shortputspread,726,,Drift,actual,6.0,193.0,0.0311,False,"actual exit pnl (ledger, verbatim) - NOT settlement",closed
2026-08-14,2026-08-14 13:39:11,T00827,GF-QQQ-IC-SL200,IC,QQQ,shortputspread,726,,Drift,defang,,193.0,,True,DEFERRED v1 — needs the intraday premium-decay path (mark short leg to ~$0.05) not present in the ledger. TODO: model once tick/1-min option-premium history is available.,closed
2026-08-14,2026-08-14 13:39:11,T00827,GF-QQQ-IC-SL200,IC,QQQ,shortputspread,726,,Drift,pt100,7.0,193.0,0.0363,True,optimistic bound: booked +100% of credit_basis at mfe_pct threshold,closed
2026-08-14,2026-08-14 13:39:11,T00827,GF-QQQ-IC-SL200,IC,QQQ,shortputspread,726,,Drift,pt25,1.75,193.0,0.0091,True,optimistic bound: booked +25% of credit_basis at mfe_pct threshold,closed
2026-08-14,2026-08-14 13:39:11,T00827,GF-QQQ-IC-SL200,IC,QQQ,shortputspread,726,,Drift,pt50,3.5,193.0,0.0181,True,optimistic bound: booked +50% of credit_basis at mfe_pct threshold,closed
2026-08-14,2026-08-14 13:39:11,T00827,GF-QQQ-IC-SL200,IC,QQQ,shortputspread,726,,Drift,s2,6.0,193.0,0.0311,True,"strike-touch cut, 5-min tape grain (not sub-second latch); cut priced at the leg's own worst-excursion (mae_pct) extreme; touch window bounded at actual close",closed
2026-08-14,2026-08-14 13:39:11,T00827,GF-QQQ-IC-SL200,IC,QQQ,shortputspread,726,,Drift,settle,,193.0,,True,NOT EVALUABLE — position closed early; what it would have returned held to settlement needs post-exit path data that does not exist. Never modeled.,closed
2026-08-14,2026-08-14 13:39:11,T00827,GF-QQQ-IC-SL200,IC,QQQ,shortputspread,726,,Drift,sl100,6.0,193.0,0.0311,True,optimistic bound: no SL hit -> actual exit pnl (ledger),closed
2026-08-14,2026-08-14 13:39:11,T00827,GF-QQQ-IC-SL200,IC,QQQ,shortputspread,726,,Drift,sl130,6.0,193.0,0.0311,True,optimistic bound: no SL hit -> actual exit pnl (ledger),closed
2026-08-14,2026-08-14 13:39:11,T00827,GF-QQQ-IC-SL200,IC,QQQ,shortputspread,726,,Drift,sl50,6.0,193.0,0.0311,True,optimistic bound: no SL hit -> actual exit pnl (ledger),closed
2026-08-14,2026-08-14 13:39:11,T00827,GF-QQQ-IC-SL200,IC,QQQ,shortputspread,726,,Drift,sl75,6.0,193.0,0.0311,True,optimistic bound: no SL hit -> actual exit pnl (ledger),closed
2026-08-14,2026-08-14 13:39:11,T00824,GF-QQQ-IC-Touch0,IC,QQQ,shortputspread,726,,Drift,actual,6.0,193.0,0.0311,False,"actual exit pnl (ledger, verbatim) - NOT settlement",closed
2026-08-14,2026-08-14 13:39:11,T00824,GF-QQQ-IC-Touch0,IC,QQQ,shortputspread,726,,Drift,defang,,193.0,,True,DEFERRED v1 — needs the intraday premium-decay path (mark short leg to ~$0.05) not present in the ledger. TODO: model once tick/1-min option-premium history is available.,closed
2026-08-14,2026-08-14 13:39:11,T00824,GF-QQQ-IC-Touch0,IC,QQQ,shortputspread,726,,Drift,pt100,7.0,193.0,0.0363,True,optimistic bound: booked +100% of credit_basis at mfe_pct threshold,closed
2026-08-14,2026-08-14 13:39:11,T00824,GF-QQQ-IC-Touch0,IC,QQQ,shortputspread,726,,Drift,pt25,1.75,193.0,0.0091,True,optimistic bound: booked +25% of credit_basis at mfe_pct threshold,closed
2026-08-14,2026-08-14 13:39:11,T00824,GF-QQQ-IC-Touch0,IC,QQQ,shortputspread,726,,Drift,pt50,3.5,193.0,0.0181,True,optimistic bound: booked +50% of credit_basis at mfe_pct threshold,closed
2026-08-14,2026-08-14 13:39:11,T00824,GF-QQQ-IC-Touch0,IC,QQQ,shortputspread,726,,Drift,s2,6.0,193.0,0.0311,True,"strike-touch cut, 5-min tape grain (not sub-second latch); cut priced at the leg's own worst-excursion (mae_pct) extreme; touch window bounded at actual close",closed
2026-08-14,2026-08-14 13:39:11,T00824,GF-QQQ-IC-Touch0,IC,QQQ,shortputspread,726,,Drift,settle,,193.0,,True,NOT EVALUABLE — position closed early; what it would have returned held to settlement needs post-exit path data that does not exist. Never modeled.,closed
2026-08-14,2026-08-14 13:39:11,T00824,GF-QQQ-IC-Touch0,IC,QQQ,shortputspread,726,,Drift,sl100,6.0,193.0,0.0311,True,optimistic bound: no SL hit -> actual exit pnl (ledger),closed
2026-08-14,2026-08-14 13:39:11,T00824,GF-QQQ-IC-Touch0,IC,QQQ,shortputspread,726,,Drift,sl130,6.0,193.0,0.0311,True,optimistic bound: no SL hit -> actual exit pnl (ledger),closed
2026-08-14,2026-08-14 13:39:11,T00824,GF-QQQ-IC-Touch0,IC,QQQ,shortputspread,726,,Drift,sl50,6.0,193.0,0.0311,True,optimistic bound: no SL hit -> actual exit pnl (ledger),closed
2026-08-14,2026-08-14 13:39:11,T00824,GF-QQQ-IC-Touch0,IC,QQQ,shortputspread,726,,Drift,sl75,6.0,193.0,0.0311,True,optimistic bound: no SL hit -> actual exit pnl (ledger),closed
2026-08-14,2026-08-14 13:39:11,T00825,GF-QQQ-IC-Trail,IC,QQQ,shortputspread,726,,Drift,actual,6.0,193.0,0.0311,False,"actual exit pnl (ledger, verbatim) - NOT settlement",closed
2026-08-14,2026-08-14 13:39:11,T00825,GF-QQQ-IC-Trail,IC,QQQ,shortputspread,726,,Drift,defang,,193.0,,True,DEFERRED v1 — needs the intraday premium-decay path (mark short leg to ~$0.05) not present in the ledger. TODO: model once tick/1-min option-premium history is available.,closed
2026-08-14,2026-08-14 13:39:11,T00825,GF-QQQ-IC-Trail,IC,QQQ,shortputspread,726,,Drift,pt100,7.0,193.0,0.0363,True,optimistic bound: booked +100% of credit_basis at mfe_pct threshold,closed
2026-08-14,2026-08-14 13:39:11,T00825,GF-QQQ-IC-Trail,IC,QQQ,shortputspread,726,,Drift,pt25,1.75,193.0,0.0091,True,optimistic bound: booked +25% of credit_basis at mfe_pct threshold,closed
2026-08-14,2026-08-14 13:39:11,T00825,GF-QQQ-IC-Trail,IC,QQQ,shortputspread,726,,Drift,pt50,3.5,193.0,0.0181,True,optimistic bound: booked +50% of credit_basis at mfe_pct threshold,closed
2026-08-14,2026-08-14 13:39:11,T00825,GF-QQQ-IC-Trail,IC,QQQ,shortputspread,726,,Drift,s2,6.0,193.0,0.0311,True,"strike-touch cut, 5-min tape grain (not sub-second latch); cut priced at the leg's own worst-excursion (mae_pct) extreme; touch window bounded at actual close",closed
2026-08-14,2026-08-14 13:39:11,T00825,GF-QQQ-IC-Trail,IC,QQQ,shortputspread,726,,Drift,settle,,193.0,,True,NOT EVALUABLE — position closed early; what it would have returned held to settlement needs post-exit path data that does not exist. Never modeled.,closed
2026-08-14,2026-08-14 13:39:11,T00825,GF-QQQ-IC-Trail,IC,QQQ,shortputspread,726,,Drift,sl100,6.0,193.0,0.0311,True,optimistic bound: no SL hit -> actual exit pnl (ledger),closed
2026-08-14,2026-08-14 13:39:11,T00825,GF-QQQ-IC-Trail,IC,QQQ,shortputspread,726,,Drift,sl130,6.0,193.0,0.0311,True,optimistic bound: no SL hit -> actual exit pnl (ledger),closed
2026-08-14,2026-08-14 13:39:11,T00825,GF-QQQ-IC-Trail,IC,QQQ,shortputspread,726,,Drift,sl50,6.0,193.0,0.0311,True,optimistic bound: no SL hit -> actual exit pnl (ledger),closed
2026-08-14,2026-08-14 13:39:11,T00825,GF-QQQ-IC-Trail,IC,QQQ,shortputspread,726,,Drift,sl75,6.0,193.0,0.0311,True,optimistic bound: no SL hit -> actual exit pnl (ledger),closed
2026-08-14,2026-08-14 11:27:00,T00830,IC-SPX-FastPT25-S2,IC,SPX,shortputspread,7725,,Chop,actual,0.0,4900.0,0.0,False,"actual exit pnl (ledger, verbatim) - NOT settlement",closed
2026-08-14,2026-08-14 11:27:00,T00830,IC-SPX-FastPT25-S2,IC,SPX,shortputspread,7725,,Chop,defang,,4900.0,,True,DEFERRED v1 — needs the intraday premium-decay path (mark short leg to ~$0.05) not present in the ledger. TODO: model once tick/1-min option-premium history is available.,closed
2026-08-14,2026-08-14 11:27:00,T00830,IC-SPX-FastPT25-S2,IC,SPX,shortputspread,7725,,Chop,pt100,0.0,4900.0,0.0,True,optimistic bound: no PT hit -> actual exit pnl (ledger),closed
2026-08-14,2026-08-14 11:27:00,T00830,IC-SPX-FastPT25-S2,IC,SPX,shortputspread,7725,,Chop,pt25,25.0,4900.0,0.0051,True,optimistic bound: booked +25% of credit_basis at mfe_pct threshold,closed
2026-08-14,2026-08-14 11:27:00,T00830,IC-SPX-FastPT25-S2,IC,SPX,shortputspread,7725,,Chop,pt50,50.0,4900.0,0.0102,True,optimistic bound: booked +50% of credit_basis at mfe_pct threshold,closed
2026-08-14,2026-08-14 11:27:00,T00830,IC-SPX-FastPT25-S2,IC,SPX,shortputspread,7725,,Chop,s2,0.0,4900.0,0.0,True,"strike-touch cut, 5-min tape grain (not sub-second latch); cut priced at the leg's own worst-excursion (mae_pct) extreme; touch window bounded at actual close",closed
2026-08-14,2026-08-14 11:27:00,T00830,IC-SPX-FastPT25-S2,IC,SPX,shortputspread,7725,,Chop,settle,,4900.0,,True,NOT EVALUABLE — position closed early; what it would have returned held to settlement needs post-exit path data that does not exist. Never modeled.,closed
2026-08-14,2026-08-14 11:27:00,T00830,IC-SPX-FastPT25-S2,IC,SPX,shortputspread,7725,,Chop,sl100,0.0,4900.0,0.0,True,optimistic bound: no SL hit -> actual exit pnl (ledger),closed
2026-08-14,2026-08-14 11:27:00,T00830,IC-SPX-FastPT25-S2,IC,SPX,shortputspread,7725,,Chop,sl130,0.0,4900.0,0.0,True,optimistic bound: no SL hit -> actual exit pnl (ledger),closed
2026-08-14,2026-08-14 11:27:00,T00830,IC-SPX-FastPT25-S2,IC,SPX,shortputspread,7725,,Chop,sl50,0.0,4900.0,0.0,True,optimistic bound: no SL hit -> actual exit pnl (ledger),closed
2026-08-14,2026-08-14 11:27:00,T00830,IC-SPX-FastPT25-S2,IC,SPX,shortputspread,7725,,Chop,sl75,0.0,4900.0,0.0,True,optimistic bound: no SL hit -> actual exit pnl (ledger),closed
2026-08-14,2026-08-14 13:31:00,T00820,IC-SPX-FastPT25-S2-130PM,IC,SPX,shortputspread,7760,,Chop,actual,250.0,4750.0,0.0526,False,"settlement pnl (ledger, verbatim)",expired
2026-08-14,2026-08-14 13:31:00,T00820,IC-SPX-FastPT25-S2-130PM,IC,SPX,shortputspread,7760,,Chop,defang,,4750.0,,True,DEFERRED v1 — needs the intraday premium-decay path (mark short leg to ~$0.05) not present in the ledger. TODO: model once tick/1-min option-premium history is available.,expired
2026-08-14,2026-08-14 13:31:00,T00820,IC-SPX-FastPT25-S2-130PM,IC,SPX,shortputspread,7760,,Chop,pt100,250.0,4750.0,0.0526,True,optimistic bound: booked +100% of credit_basis at mfe_pct threshold,expired
2026-08-14,2026-08-14 13:31:00,T00820,IC-SPX-FastPT25-S2-130PM,IC,SPX,shortputspread,7760,,Chop,pt25,62.5,4750.0,0.0132,True,optimistic bound: booked +25% of credit_basis at mfe_pct threshold,expired
2026-08-14,2026-08-14 13:31:00,T00820,IC-SPX-FastPT25-S2-130PM,IC,SPX,shortputspread,7760,,Chop,pt50,125.0,4750.0,0.0263,True,optimistic bound: booked +50% of credit_basis at mfe_pct threshold,expired
2026-08-14,2026-08-14 13:31:00,T00820,IC-SPX-FastPT25-S2-130PM,IC,SPX,shortputspread,7760,,Chop,s2,250.0,4750.0,0.0526,True,"strike-touch cut, 5-min tape grain (not sub-second latch); cut priced at the leg's own worst-excursion (mae_pct) extreme",expired
2026-08-14,2026-08-14 13:31:00,T00820,IC-SPX-FastPT25-S2-130PM,IC,SPX,shortputspread,7760,,Chop,sl100,250.0,4750.0,0.0526,True,optimistic bound: no SL hit -> rode to settlement,expired
2026-08-14,2026-08-14 13:31:00,T00820,IC-SPX-FastPT25-S2-130PM,IC,SPX,shortputspread,7760,,Chop,sl130,250.0,4750.0,0.0526,True,optimistic bound: no SL hit -> rode to settlement,expired
2026-08-14,2026-08-14 13:31:00,T00820,IC-SPX-FastPT25-S2-130PM,IC,SPX,shortputspread,7760,,Chop,sl50,250.0,4750.0,0.0526,True,optimistic bound: no SL hit -> rode to settlement,expired
2026-08-14,2026-08-14 13:31:00,T00820,IC-SPX-FastPT25-S2-130PM,IC,SPX,shortputspread,7760,,Chop,sl75,250.0,4750.0,0.0526,True,optimistic bound: no SL hit -> rode to settlement,expired
2026-08-14,2026-08-14 13:31:02,T00820,IC-SPX-FastPT25-S2-130PM,IC,SPX,shortcallspread,,7795,Chop,actual,300.0,4700.0,0.0638,False,"settlement pnl (ledger, verbatim)",expired
2026-08-14,2026-08-14 13:31:02,T00820,IC-SPX-FastPT25-S2-130PM,IC,SPX,shortcallspread,,7795,Chop,defang,,4700.0,,True,DEFERRED v1 — needs the intraday premium-decay path (mark short leg to ~$0.05) not present in the ledger. TODO: model once tick/1-min option-premium history is available.,expired
2026-08-14,2026-08-14 13:31:02,T00820,IC-SPX-FastPT25-S2-130PM,IC,SPX,shortcallspread,,7795,Chop,pt100,300.0,4700.0,0.0638,True,optimistic bound: booked +100% of credit_basis at mfe_pct threshold,expired
2026-08-14,2026-08-14 13:31:02,T00820,IC-SPX-FastPT25-S2-130PM,IC,SPX,shortcallspread,,7795,Chop,pt25,75.0,4700.0,0.016,True,optimistic bound: booked +25% of credit_basis at mfe_pct threshold,expired
2026-08-14,2026-08-14 13:31:02,T00820,IC-SPX-FastPT25-S2-130PM,IC,SPX,shortcallspread,,7795,Chop,pt50,150.0,4700.0,0.0319,True,optimistic bound: booked +50% of credit_basis at mfe_pct threshold,expired
2026-08-14,2026-08-14 13:31:02,T00820,IC-SPX-FastPT25-S2-130PM,IC,SPX,shortcallspread,,7795,Chop,s2,300.0,4700.0,0.0638,True,"strike-touch cut, 5-min tape grain (not sub-second latch); cut priced at the leg's own worst-excursion (mae_pct) extreme",expired
2026-08-14,2026-08-14 13:31:02,T00820,IC-SPX-FastPT25-S2-130PM,IC,SPX,shortcallspread,,7795,Chop,sl100,300.0,4700.0,0.0638,True,optimistic bound: no SL hit -> rode to settlement,expired
2026-08-14,2026-08-14 13:31:02,T00820,IC-SPX-FastPT25-S2-130PM,IC,SPX,shortcallspread,,7795,Chop,sl130,300.0,4700.0,0.0638,True,optimistic bound: no SL hit -> rode to settlement,expired
2026-08-14,2026-08-14 13:31:02,T00820,IC-SPX-FastPT25-S2-130PM,IC,SPX,shortcallspread,,7795,Chop,sl50,-150.0,4700.0,-0.0319,True,optimistic bound: booked -50% of credit_basis at mae_pct threshold,expired
2026-08-14,2026-08-14 13:31:02,T00820,IC-SPX-FastPT25-S2-130PM,IC,SPX,shortcallspread,,7795,Chop,sl75,300.0,4700.0,0.0638,True,optimistic bound: no SL hit -> rode to settlement,expired
2026-08-14,2026-08-14 09:45:29,T00772,Nigiri-Paper-v1,OA-Mirror,,shortputspread,754,,n/a,actual,60.0,4930.0,0.0122,False,"actual exit pnl (ledger, verbatim) - NOT settlement",closed
2026-08-14,2026-08-14 09:45:29,T00772,Nigiri-Paper-v1,OA-Mirror,,shortputspread,754,,n/a,defang,,4930.0,,True,DEFERRED v1 — needs the intraday premium-decay path (mark short leg to ~$0.05) not present in the ledger. TODO: model once tick/1-min option-premium history is available.,closed
2026-08-14,2026-08-14 09:45:29,T00772,Nigiri-Paper-v1,OA-Mirror,,shortputspread,754,,n/a,pt100,70.0,4930.0,0.0142,True,optimistic bound: booked +100% of credit_basis at mfe_pct threshold,closed
2026-08-14,2026-08-14 09:45:29,T00772,Nigiri-Paper-v1,OA-Mirror,,shortputspread,754,,n/a,pt25,17.5,4930.0,0.0035,True,optimistic bound: booked +25% of credit_basis at mfe_pct threshold,closed
2026-08-14,2026-08-14 09:45:29,T00772,Nigiri-Paper-v1,OA-Mirror,,shortputspread,754,,n/a,pt50,35.0,4930.0,0.0071,True,optimistic bound: booked +50% of credit_basis at mfe_pct threshold,closed
2026-08-14,2026-08-14 09:45:29,T00772,Nigiri-Paper-v1,OA-Mirror,,shortputspread,754,,n/a,settle,,4930.0,,True,NOT EVALUABLE — position closed early; what it would have returned held to settlement needs post-exit path data that does not exist. Never modeled.,closed
2026-08-14,2026-08-14 09:45:29,T00772,Nigiri-Paper-v1,OA-Mirror,,shortputspread,754,,n/a,sl100,-70.0,4930.0,-0.0142,True,optimistic bound: booked -100% of credit_basis at mae_pct threshold,closed
2026-08-14,2026-08-14 09:45:29,T00772,Nigiri-Paper-v1,OA-Mirror,,shortputspread,754,,n/a,sl130,-91.0,4930.0,-0.0185,True,optimistic bound: booked -130% of credit_basis at mae_pct threshold,closed
2026-08-14,2026-08-14 09:45:29,T00772,Nigiri-Paper-v1,OA-Mirror,,shortputspread,754,,n/a,sl50,-35.0,4930.0,-0.0071,True,optimistic bound: booked -50% of credit_basis at mae_pct threshold,closed
2026-08-14,2026-08-14 09:45:29,T00772,Nigiri-Paper-v1,OA-Mirror,,shortputspread,754,,n/a,sl75,-52.5,4930.0,-0.0106,True,optimistic bound: booked -75% of credit_basis at mae_pct threshold,closed
2026-08-17,2026-08-17 13:35:11,T00818,GF-QQQ-IC-Canary,IC,QQQ,shortputspread,727,,Chop,actual,1.0,190.0,0.0053,False,"actual exit pnl (ledger, verbatim) - NOT settlement",closed
2026-08-17,2026-08-17 13:35:11,T00818,GF-QQQ-IC-Canary,IC,QQQ,shortputspread,727,,Chop,defang,,190.0,,True,DEFERRED v1 — needs the intraday premium-decay path (mark short leg to ~$0.05) not present in the ledger. TODO: model once tick/1-min option-premium history is available.,closed
2026-08-17,2026-08-17 13:35:11,T00818,GF-QQQ-IC-Canary,IC,QQQ,shortputspread,727,,Chop,pt100,1.0,190.0,0.0053,True,optimistic bound: no PT hit -> actual exit pnl (ledger),closed
2026-08-17,2026-08-17 13:35:11,T00818,GF-QQQ-IC-Canary,IC,QQQ,shortputspread,727,,Chop,pt25,1.0,190.0,0.0053,True,optimistic bound: no PT hit -> actual exit pnl (ledger),closed
2026-08-17,2026-08-17 13:35:11,T00818,GF-QQQ-IC-Canary,IC,QQQ,shortputspread,727,,Chop,pt50,1.0,190.0,0.0053,True,optimistic bound: no PT hit -> actual exit pnl (ledger),closed
2026-08-17,2026-08-17 13:35:11,T00818,GF-QQQ-IC-Canary,IC,QQQ,shortputspread,727,,Chop,s2,1.0,190.0,0.0053,True,"strike-touch cut, 5-min tape grain (not sub-second latch); cut priced at the leg's own worst-excursion (mae_pct) extreme; touch window bounded at actual close",closed
2026-08-17,2026-08-17 13:35:11,T00818,GF-QQQ-IC-Canary,IC,QQQ,shortputspread,727,,Chop,settle,,190.0,,True,NOT EVALUABLE — position closed early; what it would have returned held to settlement needs post-exit path data that does not exist. Never modeled.,closed
2026-08-17,2026-08-17 13:35:11,T00818,GF-QQQ-IC-Canary,IC,QQQ,shortputspread,727,,Chop,sl100,1.0,190.0,0.0053,True,optimistic bound: no SL hit -> actual exit pnl (ledger),closed
2026-08-17,2026-08-17 13:35:11,T00818,GF-QQQ-IC-Canary,IC,QQQ,shortputspread,727,,Chop,sl130,1.0,190.0,0.0053,True,optimistic bound: no SL hit -> actual exit pnl (ledger),closed
2026-08-17,2026-08-17 13:35:11,T00818,GF-QQQ-IC-Canary,IC,QQQ,shortputspread,727,,Chop,sl50,1.0,190.0,0.0053,True,optimistic bound: no SL hit -> actual exit pnl (ledger),closed
2026-08-17,2026-08-17 13:35:11,T00818,GF-QQQ-IC-Canary,IC,QQQ,shortputspread,727,,Chop,sl75,1.0,190.0,0.0053,True,optimistic bound: no SL hit -> actual exit pnl (ledger),closed
2026-08-17,2026-08-17 13:35:11,T00817,GF-QQQ-IC-PT50,IC,QQQ,shortputspread,727,,Chop,actual,5.0,190.0,0.0263,False,"actual exit pnl (ledger, verbatim) - NOT settlement",closed
2026-08-17,2026-08-17 13:35:11,T00817,GF-QQQ-IC-PT50,IC,QQQ,shortputspread,727,,Chop,defang,,190.0,,True,DEFERRED v1 — needs the intraday premium-decay path (mark short leg to ~$0.05) not present in the ledger. TODO: model once tick/1-min option-premium history is available.,closed
2026-08-17,2026-08-17 13:35:11,T00817,GF-QQQ-IC-PT50,IC,QQQ,shortputspread,727,,Chop,pt100,5.0,190.0,0.0263,True,optimistic bound: no PT hit -> actual exit pnl (ledger),closed
2026-08-17,2026-08-17 13:35:11,T00817,GF-QQQ-IC-PT50,IC,QQQ,shortputspread,727,,Chop,pt25,2.5,190.0,0.0132,True,optimistic bound: booked +25% of credit_basis at mfe_pct threshold,closed
2026-08-17,2026-08-17 13:35:11,T00817,GF-QQQ-IC-PT50,IC,QQQ,shortputspread,727,,Chop,pt50,5.0,190.0,0.0263,True,optimistic bound: booked +50% of credit_basis at mfe_pct threshold,closed
2026-08-17,2026-08-17 13:35:11,T00817,GF-QQQ-IC-PT50,IC,QQQ,shortputspread,727,,Chop,s2,5.0,190.0,0.0263,True,"strike-touch cut, 5-min tape grain (not sub-second latch); cut priced at the leg's own worst-excursion (mae_pct) extreme; touch window bounded at actual close",closed
2026-08-17,2026-08-17 13:35:11,T00817,GF-QQQ-IC-PT50,IC,QQQ,shortputspread,727,,Chop,settle,,190.0,,True,NOT EVALUABLE — position closed early; what it would have returned held to settlement needs post-exit path data that does not exist. Never modeled.,closed
2026-08-17,2026-08-17 13:35:11,T00817,GF-QQQ-IC-PT50,IC,QQQ,shortputspread,727,,Chop,sl100,5.0,190.0,0.0263,True,optimistic bound: no SL hit -> actual exit pnl (ledger),closed
2026-08-17,2026-08-17 13:35:11,T00817,GF-QQQ-IC-PT50,IC,QQQ,shortputspread,727,,Chop,sl130,5.0,190.0,0.0263,True,optimistic bound: no SL hit -> actual exit pnl (ledger),closed
2026-08-17,2026-08-17 13:35:11,T00817,GF-QQQ-IC-PT50,IC,QQQ,shortputspread,727,,Chop,sl50,5.0,190.0,0.0263,True,optimistic bound: no SL hit -> actual exit pnl (ledger),closed
2026-08-17,2026-08-17 13:35:11,T00817,GF-QQQ-IC-PT50,IC,QQQ,shortputspread,727,,Chop,sl75,5.0,190.0,0.0263,True,optimistic bound: no SL hit -> actual exit pnl (ledger),closed
2026-08-17,2026-08-17 13:35:11,T00814,GF-QQQ-IC-Ride,IC,QQQ,shortputspread,727,,Chop,actual,9.0,190.0,0.0474,False,"actual exit pnl (ledger, verbatim) - NOT settlement",closed
2026-08-17,2026-08-17 13:35:11,T00814,GF-QQQ-IC-Ride,IC,QQQ,shortputspread,727,,Chop,defang,,190.0,,True,DEFERRED v1 — needs the intraday premium-decay path (mark short leg to ~$0.05) not present in the ledger. TODO: model once tick/1-min option-premium history is available.,closed
2026-08-17,2026-08-17 13:35:11,T00814,GF-QQQ-IC-Ride,IC,QQQ,shortputspread,727,,Chop,pt100,10.0,190.0,0.0526,True,optimistic bound: booked +100% of credit_basis at mfe_pct threshold,closed
2026-08-17,2026-08-17 13:35:11,T00814,GF-QQQ-IC-Ride,IC,QQQ,shortputspread,727,,Chop,pt25,2.5,190.0,0.0132,True,optimistic bound: booked +25% of credit_basis at mfe_pct threshold,closed
2026-08-17,2026-08-17 13:35:11,T00814,GF-QQQ-IC-Ride,IC,QQQ,shortputspread,727,,Chop,pt50,5.0,190.0,0.0263,True,optimistic bound: booked +50% of credit_basis at mfe_pct threshold,closed
2026-08-17,2026-08-17 13:35:11,T00814,GF-QQQ-IC-Ride,IC,QQQ,shortputspread,727,,Chop,s2,9.0,190.0,0.0474,True,"strike-touch cut, 5-min tape grain (not sub-second latch); cut priced at the leg's own worst-excursion (mae_pct) extreme; touch window bounded at actual close",closed
2026-08-17,2026-08-17 13:35:11,T00814,GF-QQQ-IC-Ride,IC,QQQ,shortputspread,727,,Chop,settle,,190.0,,True,NOT EVALUABLE — position closed early; what it would have returned held to settlement needs post-exit path data that does not exist. Never modeled.,closed
2026-08-17,2026-08-17 13:35:11,T00814,GF-QQQ-IC-Ride,IC,QQQ,shortputspread,727,,Chop,sl100,9.0,190.0,0.0474,True,optimistic bound: no SL hit -> actual exit pnl (ledger),closed
2026-08-17,2026-08-17 13:35:11,T00814,GF-QQQ-IC-Ride,IC,QQQ,shortputspread,727,,Chop,sl130,9.0,190.0,0.0474,True,optimistic bound: no SL hit -> actual exit pnl (ledger),closed
2026-08-17,2026-08-17 13:35:11,T00814,GF-QQQ-IC-Ride,IC,QQQ,shortputspread,727,,Chop,sl50,9.0,190.0,0.0474,True,optimistic bound: no SL hit -> actual exit pnl (ledger),closed
2026-08-17,2026-08-17 13:35:11,T00814,GF-QQQ-IC-Ride,IC,QQQ,shortputspread,727,,Chop,sl75,9.0,190.0,0.0474,True,optimistic bound: no SL hit -> actual exit pnl (ledger),closed
2026-08-17,2026-08-17 13:35:11,T00811,GF-QQQ-IC-Ride-Delta,IC,QQQ,shortputspread,727,,Chop,actual,9.0,190.0,0.0474,False,"actual exit pnl (ledger, verbatim) - NOT settlement",closed
2026-08-17,2026-08-17 13:35:11,T00811,GF-QQQ-IC-Ride-Delta,IC,QQQ,shortputspread,727,,Chop,defang,,190.0,,True,DEFERRED v1 — needs the intraday premium-decay path (mark short leg to ~$0.05) not present in the ledger. TODO: model once tick/1-min option-premium history is available.,closed
2026-08-17,2026-08-17 13:35:11,T00811,GF-QQQ-IC-Ride-Delta,IC,QQQ,shortputspread,727,,Chop,pt100,10.0,190.0,0.0526,True,optimistic bound: booked +100% of credit_basis at mfe_pct threshold,closed
2026-08-17,2026-08-17 13:35:11,T00811,GF-QQQ-IC-Ride-Delta,IC,QQQ,shortputspread,727,,Chop,pt25,2.5,190.0,0.0132,True,optimistic bound: booked +25% of credit_basis at mfe_pct threshold,closed
2026-08-17,2026-08-17 13:35:11,T00811,GF-QQQ-IC-Ride-Delta,IC,QQQ,shortputspread,727,,Chop,pt50,5.0,190.0,0.0263,True,optimistic bound: booked +50% of credit_basis at mfe_pct threshold,closed
2026-08-17,2026-08-17 13:35:11,T00811,GF-QQQ-IC-Ride-Delta,IC,QQQ,shortputspread,727,,Chop,s2,9.0,190.0,0.0474,True,"strike-touch cut, 5-min tape grain (not sub-second latch); cut priced at the leg's own worst-excursion (mae_pct) extreme; touch window bounded at actual close",closed
2026-08-17,2026-08-17 13:35:11,T00811,GF-QQQ-IC-Ride-Delta,IC,QQQ,shortputspread,727,,Chop,settle,,190.0,,True,NOT EVALUABLE — position closed early; what it would have returned held to settlement needs post-exit path data that does not exist. Never modeled.,closed
2026-08-17,2026-08-17 13:35:11,T00811,GF-QQQ-IC-Ride-Delta,IC,QQQ,shortputspread,727,,Chop,sl100,9.0,190.0,0.0474,True,optimistic bound: no SL hit -> actual exit pnl (ledger),closed
2026-08-17,2026-08-17 13:35:11,T00811,GF-QQQ-IC-Ride-Delta,IC,QQQ,shortputspread,727,,Chop,sl130,9.0,190.0,0.0474,True,optimistic bound: no SL hit -> actual exit pnl (ledger),closed
2026-08-17,2026-08-17 13:35:11,T00811,GF-QQQ-IC-Ride-Delta,IC,QQQ,shortputspread,727,,Chop,sl50,9.0,190.0,0.0474,True,optimistic bound: no SL hit -> actual exit pnl (ledger),closed
2026-08-17,2026-08-17 13:35:11,T00811,GF-QQQ-IC-Ride-Delta,IC,QQQ,shortputspread,727,,Chop,sl75,9.0,190.0,0.0474,True,optimistic bound: no SL hit -> actual exit pnl (ledger),closed
2026-08-17,2026-08-17 13:35:14,T00812,GF-QQQ-IC-Ride-Delta,IC,QQQ,shortputspread,727,,Chop,actual,8.0,191.0,0.0419,False,"actual exit pnl (ledger, verbatim) - NOT settlement",closed
2026-08-17,2026-08-17 13:35:14,T00812,GF-QQQ-IC-Ride-Delta,IC,QQQ,shortputspread,727,,Chop,defang,,191.0,,True,DEFERRED v1 — needs the intraday premium-decay path (mark short leg to ~$0.05) not present in the ledger. TODO: model once tick/1-min option-premium history is available.,closed
2026-08-17,2026-08-17 13:35:14,T00812,GF-QQQ-IC-Ride-Delta,IC,QQQ,shortputspread,727,,Chop,pt100,9.0,191.0,0.0471,True,optimistic bound: booked +100% of credit_basis at mfe_pct threshold,closed
2026-08-17,2026-08-17 13:35:14,T00812,GF-QQQ-IC-Ride-Delta,IC,QQQ,shortputspread,727,,Chop,pt25,2.25,191.0,0.0118,True,optimistic bound: booked +25% of credit_basis at mfe_pct threshold,closed
2026-08-17,2026-08-17 13:35:14,T00812,GF-QQQ-IC-Ride-Delta,IC,QQQ,shortputspread,727,,Chop,pt50,4.5,191.0,0.0236,True,optimistic bound: booked +50% of credit_basis at mfe_pct threshold,closed
2026-08-17,2026-08-17 13:35:14,T00812,GF-QQQ-IC-Ride-Delta,IC,QQQ,shortputspread,727,,Chop,s2,8.0,191.0,0.0419,True,"strike-touch cut, 5-min tape grain (not sub-second latch); cut priced at the leg's own worst-excursion (mae_pct) extreme; touch window bounded at actual close",closed
2026-08-17,2026-08-17 13:35:14,T00812,GF-QQQ-IC-Ride-Delta,IC,QQQ,shortputspread,727,,Chop,settle,,191.0,,True,NOT EVALUABLE — position closed early; what it would have returned held to settlement needs post-exit path data that does not exist. Never modeled.,closed
2026-08-17,2026-08-17 13:35:14,T00812,GF-QQQ-IC-Ride-Delta,IC,QQQ,shortputspread,727,,Chop,sl100,8.0,191.0,0.0419,True,optimistic bound: no SL hit -> actual exit pnl (ledger),closed
2026-08-17,2026-08-17 13:35:14,T00812,GF-QQQ-IC-Ride-Delta,IC,QQQ,shortputspread,727,,Chop,sl130,8.0,191.0,0.0419,True,optimistic bound: no SL hit -> actual exit pnl (ledger),closed
2026-08-17,2026-08-17 13:35:14,T00812,GF-QQQ-IC-Ride-Delta,IC,QQQ,shortputspread,727,,Chop,sl50,8.0,191.0,0.0419,True,optimistic bound: no SL hit -> actual exit pnl (ledger),closed
2026-08-17,2026-08-17 13:35:14,T00812,GF-QQQ-IC-Ride-Delta,IC,QQQ,shortputspread,727,,Chop,sl75,8.0,191.0,0.0419,True,optimistic bound: no SL hit -> actual exit pnl (ledger),closed
2026-08-17,2026-08-17 13:35:11,T00816,GF-QQQ-IC-SL100,IC,QQQ,shortputspread,727,,Chop,actual,9.0,190.0,0.0474,False,"actual exit pnl (ledger, verbatim) - NOT settlement",closed
2026-08-17,2026-08-17 13:35:11,T00816,GF-QQQ-IC-SL100,IC,QQQ,shortputspread,727,,Chop,defang,,190.0,,True,DEFERRED v1 — needs the intraday premium-decay path (mark short leg to ~$0.05) not present in the ledger. TODO: model once tick/1-min option-premium history is available.,closed
2026-08-17,2026-08-17 13:35:11,T00816,GF-QQQ-IC-SL100,IC,QQQ,shortputspread,727,,Chop,pt100,10.0,190.0,0.0526,True,optimistic bound: booked +100% of credit_basis at mfe_pct threshold,closed
2026-08-17,2026-08-17 13:35:11,T00816,GF-QQQ-IC-SL100,IC,QQQ,shortputspread,727,,Chop,pt25,2.5,190.0,0.0132,True,optimistic bound: booked +25% of credit_basis at mfe_pct threshold,closed
2026-08-17,2026-08-17 13:35:11,T00816,GF-QQQ-IC-SL100,IC,QQQ,shortputspread,727,,Chop,pt50,5.0,190.0,0.0263,True,optimistic bound: booked +50% of credit_basis at mfe_pct threshold,closed
2026-08-17,2026-08-17 13:35:11,T00816,GF-QQQ-IC-SL100,IC,QQQ,shortputspread,727,,Chop,s2,9.0,190.0,0.0474,True,"strike-touch cut, 5-min tape grain (not sub-second latch); cut priced at the leg's own worst-excursion (mae_pct) extreme; touch window bounded at actual close",closed
2026-08-17,2026-08-17 13:35:11,T00816,GF-QQQ-IC-SL100,IC,QQQ,shortputspread,727,,Chop,settle,,190.0,,True,NOT EVALUABLE — position closed early; what it would have returned held to settlement needs post-exit path data that does not exist. Never modeled.,closed
2026-08-17,2026-08-17 13:35:11,T00816,GF-QQQ-IC-SL100,IC,QQQ,shortputspread,727,,Chop,sl100,9.0,190.0,0.0474,True,optimistic bound: no SL hit -> actual exit pnl (ledger),closed
2026-08-17,2026-08-17 13:35:11,T00816,GF-QQQ-IC-SL100,IC,QQQ,shortputspread,727,,Chop,sl130,9.0,190.0,0.0474,True,optimistic bound: no SL hit -> actual exit pnl (ledger),closed
2026-08-17,2026-08-17 13:35:11,T00816,GF-QQQ-IC-SL100,IC,QQQ,shortputspread,727,,Chop,sl50,9.0,190.0,0.0474,True,optimistic bound: no SL hit -> actual exit pnl (ledger),closed
2026-08-17,2026-08-17 13:35:11,T00816,GF-QQQ-IC-SL100,IC,QQQ,shortputspread,727,,Chop,sl75,9.0,190.0,0.0474,True,optimistic bound: no SL hit -> actual exit pnl (ledger),closed
2026-08-17,2026-08-17 13:35:11,T00813,GF-QQQ-IC-SL200,IC,QQQ,shortputspread,727,,Chop,actual,9.0,190.0,0.0474,False,"actual exit pnl (ledger, verbatim) - NOT settlement",closed
2026-08-17,2026-08-17 13:35:11,T00813,GF-QQQ-IC-SL200,IC,QQQ,shortputspread,727,,Chop,defang,,190.0,,True,DEFERRED v1 — needs the intraday premium-decay path (mark short leg to ~$0.05) not present in the ledger. TODO: model once tick/1-min option-premium history is available.,closed
2026-08-17,2026-08-17 13:35:11,T00813,GF-QQQ-IC-SL200,IC,QQQ,shortputspread,727,,Chop,pt100,10.0,190.0,0.0526,True,optimistic bound: booked +100% of credit_basis at mfe_pct threshold,closed
2026-08-17,2026-08-17 13:35:11,T00813,GF-QQQ-IC-SL200,IC,QQQ,shortputspread,727,,Chop,pt25,2.5,190.0,0.0132,True,optimistic bound: booked +25% of credit_basis at mfe_pct threshold,closed
2026-08-17,2026-08-17 13:35:11,T00813,GF-QQQ-IC-SL200,IC,QQQ,shortputspread,727,,Chop,pt50,5.0,190.0,0.0263,True,optimistic bound: booked +50% of credit_basis at mfe_pct threshold,closed
2026-08-17,2026-08-17 13:35:11,T00813,GF-QQQ-IC-SL200,IC,QQQ,shortputspread,727,,Chop,s2,9.0,190.0,0.0474,True,"strike-touch cut, 5-min tape grain (not sub-second latch); cut priced at the leg's own worst-excursion (mae_pct) extreme; touch window bounded at actual close",closed
2026-08-17,2026-08-17 13:35:11,T00813,GF-QQQ-IC-SL200,IC,QQQ,shortputspread,727,,Chop,settle,,190.0,,True,NOT EVALUABLE — position closed early; what it would have returned held to settlement needs post-exit path data that does not exist. Never modeled.,closed
2026-08-17,2026-08-17 13:35:11,T00813,GF-QQQ-IC-SL200,IC,QQQ,shortputspread,727,,Chop,sl100,9.0,190.0,0.0474,True,optimistic bound: no SL hit -> actual exit pnl (ledger),closed
2026-08-17,2026-08-17 13:35:11,T00813,GF-QQQ-IC-SL200,IC,QQQ,shortputspread,727,,Chop,sl130,9.0,190.0,0.0474,True,optimistic bound: no SL hit -> actual exit pnl (ledger),closed
2026-08-17,2026-08-17 13:35:11,T00813,GF-QQQ-IC-SL200,IC,QQQ,shortputspread,727,,Chop,sl50,9.0,190.0,0.0474,True,optimistic bound: no SL hit -> actual exit pnl (ledger),closed
2026-08-17,2026-08-17 13:35:11,T00813,GF-QQQ-IC-SL200,IC,QQQ,shortputspread,727,,Chop,sl75,9.0,190.0,0.0474,True,optimistic bound: no SL hit -> actual exit pnl (ledger),closed
2026-08-17,2026-08-17 13:35:11,T00815,GF-QQQ-IC-Touch0,IC,QQQ,shortputspread,727,,Chop,actual,9.0,190.0,0.0474,False,"actual exit pnl (ledger, verbatim) - NOT settlement",closed
2026-08-17,2026-08-17 13:35:11,T00815,GF-QQQ-IC-Touch0,IC,QQQ,shortputspread,727,,Chop,defang,,190.0,,True,DEFERRED v1 — needs the intraday premium-decay path (mark short leg to ~$0.05) not present in the ledger. TODO: model once tick/1-min option-premium history is available.,closed
2026-08-17,2026-08-17 13:35:11,T00815,GF-QQQ-IC-Touch0,IC,QQQ,shortputspread,727,,Chop,pt100,10.0,190.0,0.0526,True,optimistic bound: booked +100% of credit_basis at mfe_pct threshold,closed
2026-08-17,2026-08-17 13:35:11,T00815,GF-QQQ-IC-Touch0,IC,QQQ,shortputspread,727,,Chop,pt25,2.5,190.0,0.0132,True,optimistic bound: booked +25% of credit_basis at mfe_pct threshold,closed
2026-08-17,2026-08-17 13:35:11,T00815,GF-QQQ-IC-Touch0,IC,QQQ,shortputspread,727,,Chop,pt50,5.0,190.0,0.0263,True,optimistic bound: booked +50% of credit_basis at mfe_pct threshold,closed
2026-08-17,2026-08-17 13:35:11,T00815,GF-QQQ-IC-Touch0,IC,QQQ,shortputspread,727,,Chop,s2,9.0,190.0,0.0474,True,"strike-touch cut, 5-min tape grain (not sub-second latch); cut priced at the leg's own worst-excursion (mae_pct) extreme; touch window bounded at actual close",closed
2026-08-17,2026-08-17 13:35:11,T00815,GF-QQQ-IC-Touch0,IC,QQQ,shortputspread,727,,Chop,settle,,190.0,,True,NOT EVALUABLE — position closed early; what it would have returned held to settlement needs post-exit path data that does not exist. Never modeled.,closed
2026-08-17,2026-08-17 13:35:11,T00815,GF-QQQ-IC-Touch0,IC,QQQ,shortputspread,727,,Chop,sl100,9.0,190.0,0.0474,True,optimistic bound: no SL hit -> actual exit pnl (ledger),closed
2026-08-17,2026-08-17 13:35:11,T00815,GF-QQQ-IC-Touch0,IC,QQQ,shortputspread,727,,Chop,sl130,9.0,190.0,0.0474,True,optimistic bound: no SL hit -> actual exit pnl (ledger),closed
2026-08-17,2026-08-17 13:35:11,T00815,GF-QQQ-IC-Touch0,IC,QQQ,shortputspread,727,,Chop,sl50,9.0,190.0,0.0474,True,optimistic bound: no SL hit -> actual exit pnl (ledger),closed
2026-08-17,2026-08-17 13:35:11,T00815,GF-QQQ-IC-Touch0,IC,QQQ,shortputspread,727,,Chop,sl75,9.0,190.0,0.0474,True,optimistic bound: no SL hit -> actual exit pnl (ledger),closed
2026-08-17,2026-08-17 13:35:11,T00819,GF-QQQ-IC-Trail,IC,QQQ,shortputspread,727,,Chop,actual,1.0,190.0,0.0053,False,"actual exit pnl (ledger, verbatim) - NOT settlement",closed
2026-08-17,2026-08-17 13:35:11,T00819,GF-QQQ-IC-Trail,IC,QQQ,shortputspread,727,,Chop,defang,,190.0,,True,DEFERRED v1 — needs the intraday premium-decay path (mark short leg to ~$0.05) not present in the ledger. TODO: model once tick/1-min option-premium history is available.,closed
2026-08-17,2026-08-17 13:35:11,T00819,GF-QQQ-IC-Trail,IC,QQQ,shortputspread,727,,Chop,pt100,1.0,190.0,0.0053,True,optimistic bound: no PT hit -> actual exit pnl (ledger),closed
2026-08-17,2026-08-17 13:35:11,T00819,GF-QQQ-IC-Trail,IC,QQQ,shortputspread,727,,Chop,pt25,2.5,190.0,0.0132,True,optimistic bound: booked +25% of credit_basis at mfe_pct threshold,closed
2026-08-17,2026-08-17 13:35:11,T00819,GF-QQQ-IC-Trail,IC,QQQ,shortputspread,727,,Chop,pt50,1.0,190.0,0.0053,True,optimistic bound: no PT hit -> actual exit pnl (ledger),closed
2026-08-17,2026-08-17 13:35:11,T00819,GF-QQQ-IC-Trail,IC,QQQ,shortputspread,727,,Chop,s2,1.0,190.0,0.0053,True,"strike-touch cut, 5-min tape grain (not sub-second latch); cut priced at the leg's own worst-excursion (mae_pct) extreme; touch window bounded at actual close",closed
2026-08-17,2026-08-17 13:35:11,T00819,GF-QQQ-IC-Trail,IC,QQQ,shortputspread,727,,Chop,settle,,190.0,,True,NOT EVALUABLE — position closed early; what it would have returned held to settlement needs post-exit path data that does not exist. Never modeled.,closed
2026-08-17,2026-08-17 13:35:11,T00819,GF-QQQ-IC-Trail,IC,QQQ,shortputspread,727,,Chop,sl100,1.0,190.0,0.0053,True,optimistic bound: no SL hit -> actual exit pnl (ledger),closed
2026-08-17,2026-08-17 13:35:11,T00819,GF-QQQ-IC-Trail,IC,QQQ,shortputspread,727,,Chop,sl130,1.0,190.0,0.0053,True,optimistic bound: no SL hit -> actual exit pnl (ledger),closed
2026-08-17,2026-08-17 13:35:11,T00819,GF-QQQ-IC-Trail,IC,QQQ,shortputspread,727,,Chop,sl50,1.0,190.0,0.0053,True,optimistic bound: no SL hit -> actual exit pnl (ledger),closed
2026-08-17,2026-08-17 13:35:11,T00819,GF-QQQ-IC-Trail,IC,QQQ,shortputspread,727,,Chop,sl75,1.0,190.0,0.0053,True,optimistic bound: no SL hit -> actual exit pnl (ledger),closed
2026-08-17,2026-08-17 13:31:01,T00810,IC-SPX-FastPT25-S2-130PM,IC,SPX,shortputspread,7730,,Chop,actual,250.0,4750.0,0.0526,False,"settlement pnl (ledger, verbatim)",expired
2026-08-17,2026-08-17 13:31:01,T00810,IC-SPX-FastPT25-S2-130PM,IC,SPX,shortputspread,7730,,Chop,defang,,4750.0,,True,DEFERRED v1 — needs the intraday premium-decay path (mark short leg to ~$0.05) not present in the ledger. TODO: model once tick/1-min option-premium history is available.,expired
2026-08-17,2026-08-17 13:31:01,T00810,IC-SPX-FastPT25-S2-130PM,IC,SPX,shortputspread,7730,,Chop,pt100,250.0,4750.0,0.0526,True,optimistic bound: booked +100% of credit_basis at mfe_pct threshold,expired
2026-08-17,2026-08-17 13:31:01,T00810,IC-SPX-FastPT25-S2-130PM,IC,SPX,shortputspread,7730,,Chop,pt25,62.5,4750.0,0.0132,True,optimistic bound: booked +25% of credit_basis at mfe_pct threshold,expired
2026-08-17,2026-08-17 13:31:01,T00810,IC-SPX-FastPT25-S2-130PM,IC,SPX,shortputspread,7730,,Chop,pt50,125.0,4750.0,0.0263,True,optimistic bound: booked +50% of credit_basis at mfe_pct threshold,expired
2026-08-17,2026-08-17 13:31:01,T00810,IC-SPX-FastPT25-S2-130PM,IC,SPX,shortputspread,7730,,Chop,s2,250.0,4750.0,0.0526,True,"strike-touch cut, 5-min tape grain (not sub-second latch); cut priced at the leg's own worst-excursion (mae_pct) extreme",expired
2026-08-17,2026-08-17 13:31:01,T00810,IC-SPX-FastPT25-S2-130PM,IC,SPX,shortputspread,7730,,Chop,sl100,250.0,4750.0,0.0526,True,optimistic bound: no SL hit -> rode to settlement,expired
2026-08-17,2026-08-17 13:31:01,T00810,IC-SPX-FastPT25-S2-130PM,IC,SPX,shortputspread,7730,,Chop,sl130,250.0,4750.0,0.0526,True,optimistic bound: no SL hit -> rode to settlement,expired
2026-08-17,2026-08-17 13:31:01,T00810,IC-SPX-FastPT25-S2-130PM,IC,SPX,shortputspread,7730,,Chop,sl50,250.0,4750.0,0.0526,True,optimistic bound: no SL hit -> rode to settlement,expired
2026-08-17,2026-08-17 13:31:01,T00810,IC-SPX-FastPT25-S2-130PM,IC,SPX,shortputspread,7730,,Chop,sl75,250.0,4750.0,0.0526,True,optimistic bound: no SL hit -> rode to settlement,expired
2026-08-17,2026-08-17 13:31:03,T00810,IC-SPX-FastPT25-S2-130PM,IC,SPX,shortcallspread,,7775,Chop,actual,300.0,4700.0,0.0638,False,"settlement pnl (ledger, verbatim)",expired
2026-08-17,2026-08-17 13:31:03,T00810,IC-SPX-FastPT25-S2-130PM,IC,SPX,shortcallspread,,7775,Chop,defang,,4700.0,,True,DEFERRED v1 — needs the intraday premium-decay path (mark short leg to ~$0.05) not present in the ledger. TODO: model once tick/1-min option-premium history is available.,expired
2026-08-17,2026-08-17 13:31:03,T00810,IC-SPX-FastPT25-S2-130PM,IC,SPX,shortcallspread,,7775,Chop,pt100,300.0,4700.0,0.0638,True,optimistic bound: booked +100% of credit_basis at mfe_pct threshold,expired
2026-08-17,2026-08-17 13:31:03,T00810,IC-SPX-FastPT25-S2-130PM,IC,SPX,shortcallspread,,7775,Chop,pt25,75.0,4700.0,0.016,True,optimistic bound: booked +25% of credit_basis at mfe_pct threshold,expired
2026-08-17,2026-08-17 13:31:03,T00810,IC-SPX-FastPT25-S2-130PM,IC,SPX,shortcallspread,,7775,Chop,pt50,150.0,4700.0,0.0319,True,optimistic bound: booked +50% of credit_basis at mfe_pct threshold,expired
2026-08-17,2026-08-17 13:31:03,T00810,IC-SPX-FastPT25-S2-130PM,IC,SPX,shortcallspread,,7775,Chop,s2,300.0,4700.0,0.0638,True,"strike-touch cut, 5-min tape grain (not sub-second latch); cut priced at the leg's own worst-excursion (mae_pct) extreme",expired
2026-08-17,2026-08-17 13:31:03,T00810,IC-SPX-FastPT25-S2-130PM,IC,SPX,shortcallspread,,7775,Chop,sl100,300.0,4700.0,0.0638,True,optimistic bound: no SL hit -> rode to settlement,expired
2026-08-17,2026-08-17 13:31:03,T00810,IC-SPX-FastPT25-S2-130PM,IC,SPX,shortcallspread,,7775,Chop,sl130,300.0,4700.0,0.0638,True,optimistic bound: no SL hit -> rode to settlement,expired
2026-08-17,2026-08-17 13:31:03,T00810,IC-SPX-FastPT25-S2-130PM,IC,SPX,shortcallspread,,7775,Chop,sl50,300.0,4700.0,0.0638,True,optimistic bound: no SL hit -> rode to settlement,expired
2026-08-17,2026-08-17 13:31:03,T00810,IC-SPX-FastPT25-S2-130PM,IC,SPX,shortcallspread,,7775,Chop,sl75,300.0,4700.0,0.0638,True,optimistic bound: no SL hit -> rode to settlement,expired
2026-08-17,2026-08-17 10:00:13,T00730,Trendy-Paper-v1,OA-Mirror,,shortputspread,760,,n/a,actual,62.0,932.0,0.0665,False,"actual exit pnl (ledger, verbatim) - NOT settlement",closed
2026-08-17,2026-08-17 10:00:13,T00730,Trendy-Paper-v1,OA-Mirror,,shortputspread,760,,n/a,defang,,932.0,,True,DEFERRED v1 — needs the intraday premium-decay path (mark short leg to ~$0.05) not present in the ledger. TODO: model once tick/1-min option-premium history is available.,closed
2026-08-17,2026-08-17 10:00:13,T00730,Trendy-Paper-v1,OA-Mirror,,shortputspread,760,,n/a,pt100,62.0,932.0,0.0665,True,optimistic bound: no PT hit -> actual exit pnl (ledger),closed
2026-08-17,2026-08-17 10:00:13,T00730,Trendy-Paper-v1,OA-Mirror,,shortputspread,760,,n/a,pt25,17.0,932.0,0.0182,True,optimistic bound: booked +25% of credit_basis at mfe_pct threshold,closed
2026-08-17,2026-08-17 10:00:13,T00730,Trendy-Paper-v1,OA-Mirror,,shortputspread,760,,n/a,pt50,34.0,932.0,0.0365,True,optimistic bound: booked +50% of credit_basis at mfe_pct threshold,closed
2026-08-17,2026-08-17 10:00:13,T00730,Trendy-Paper-v1,OA-Mirror,,shortputspread,760,,n/a,settle,,932.0,,True,NOT EVALUABLE — position closed early; what it would have returned held to settlement needs post-exit path data that does not exist. Never modeled.,closed
2026-08-17,2026-08-17 10:00:13,T00730,Trendy-Paper-v1,OA-Mirror,,shortputspread,760,,n/a,sl100,-68.0,932.0,-0.073,True,optimistic bound: booked -100% of credit_basis at mae_pct threshold,closed
2026-08-17,2026-08-17 10:00:13,T00730,Trendy-Paper-v1,OA-Mirror,,shortputspread,760,,n/a,sl130,-88.4,932.0,-0.0948,True,optimistic bound: booked -130% of credit_basis at mae_pct threshold,closed
2026-08-17,2026-08-17 10:00:13,T00730,Trendy-Paper-v1,OA-Mirror,,shortputspread,760,,n/a,sl50,-34.0,932.0,-0.0365,True,optimistic bound: booked -50% of credit_basis at mae_pct threshold,closed
2026-08-17,2026-08-17 10:00:13,T00730,Trendy-Paper-v1,OA-Mirror,,shortputspread,760,,n/a,sl75,-51.0,932.0,-0.0547,True,optimistic bound: booked -75% of credit_basis at mae_pct threshold,closed
2026-08-18,2026-08-18 11:15:07,T00808,60min-ORB-10W-Paper-v1,OA-Mirror,SPX,shortcallspread,,7715,Chop,actual,50.0,830.0,0.0602,False,"actual exit pnl (ledger, verbatim) - NOT settlement",closed
2026-08-18,2026-08-18 11:15:07,T00808,60min-ORB-10W-Paper-v1,OA-Mirror,SPX,shortcallspread,,7715,Chop,defang,,830.0,,True,DEFERRED v1 — needs the intraday premium-decay path (mark short leg to ~$0.05) not present in the ledger. TODO: model once tick/1-min option-premium history is available.,closed
2026-08-18,2026-08-18 11:15:07,T00808,60min-ORB-10W-Paper-v1,OA-Mirror,SPX,shortcallspread,,7715,Chop,pt100,50.0,830.0,0.0602,True,optimistic bound: no PT hit -> actual exit pnl (ledger),closed
2026-08-18,2026-08-18 11:15:07,T00808,60min-ORB-10W-Paper-v1,OA-Mirror,SPX,shortcallspread,,7715,Chop,pt25,42.5,830.0,0.0512,True,optimistic bound: booked +25% of credit_basis at mfe_pct threshold,closed
2026-08-18,2026-08-18 11:15:07,T00808,60min-ORB-10W-Paper-v1,OA-Mirror,SPX,shortcallspread,,7715,Chop,pt50,50.0,830.0,0.0602,True,optimistic bound: no PT hit -> actual exit pnl (ledger),closed
2026-08-18,2026-08-18 11:15:07,T00808,60min-ORB-10W-Paper-v1,OA-Mirror,SPX,shortcallspread,,7715,Chop,s2,50.0,830.0,0.0602,True,"strike-touch cut, 5-min tape grain (not sub-second latch); cut priced at the leg's own worst-excursion (mae_pct) extreme; touch window bounded at actual close",closed
2026-08-18,2026-08-18 11:15:07,T00808,60min-ORB-10W-Paper-v1,OA-Mirror,SPX,shortcallspread,,7715,Chop,settle,,830.0,,True,NOT EVALUABLE — position closed early; what it would have returned held to settlement needs post-exit path data that does not exist. Never modeled.,closed
2026-08-18,2026-08-18 11:15:07,T00808,60min-ORB-10W-Paper-v1,OA-Mirror,SPX,shortcallspread,,7715,Chop,sl100,50.0,830.0,0.0602,True,optimistic bound: no SL hit -> actual exit pnl (ledger),closed
2026-08-18,2026-08-18 11:15:07,T00808,60min-ORB-10W-Paper-v1,OA-Mirror,SPX,shortcallspread,,7715,Chop,sl130,50.0,830.0,0.0602,True,optimistic bound: no SL hit -> actual exit pnl (ledger),closed
2026-08-18,2026-08-18 11:15:07,T00808,60min-ORB-10W-Paper-v1,OA-Mirror,SPX,shortcallspread,,7715,Chop,sl50,50.0,830.0,0.0602,True,optimistic bound: no SL hit -> actual exit pnl (ledger),closed
2026-08-18,2026-08-18 11:15:07,T00808,60min-ORB-10W-Paper-v1,OA-Mirror,SPX,shortcallspread,,7715,Chop,sl75,50.0,830.0,0.0602,True,optimistic bound: no SL hit -> actual exit pnl (ledger),closed
2026-08-18,2026-08-18 11:01:02,T00809,IC-SPX-FastPT25-S2,IC,SPX,shortputspread,7640,,Chop,actual,0.0,4850.0,0.0,False,"actual exit pnl (ledger, verbatim) - NOT settlement",closed
2026-08-18,2026-08-18 11:01:02,T00809,IC-SPX-FastPT25-S2,IC,SPX,shortputspread,7640,,Chop,defang,,4850.0,,True,DEFERRED v1 — needs the intraday premium-decay path (mark short leg to ~$0.05) not present in the ledger. TODO: model once tick/1-min option-premium history is available.,closed
2026-08-18,2026-08-18 11:01:02,T00809,IC-SPX-FastPT25-S2,IC,SPX,shortputspread,7640,,Chop,pt100,0.0,4850.0,0.0,True,optimistic bound: no PT hit -> actual exit pnl (ledger),closed
2026-08-18,2026-08-18 11:01:02,T00809,IC-SPX-FastPT25-S2,IC,SPX,shortputspread,7640,,Chop,pt25,0.0,4850.0,0.0,True,optimistic bound: no PT hit -> actual exit pnl (ledger),closed
2026-08-18,2026-08-18 11:01:02,T00809,IC-SPX-FastPT25-S2,IC,SPX,shortputspread,7640,,Chop,pt50,0.0,4850.0,0.0,True,optimistic bound: no PT hit -> actual exit pnl (ledger),closed
2026-08-18,2026-08-18 11:01:02,T00809,IC-SPX-FastPT25-S2,IC,SPX,shortputspread,7640,,Chop,s2,0.0,4850.0,0.0,True,"strike-touch cut, 5-min tape grain (not sub-second latch); cut priced at the leg's own worst-excursion (mae_pct) extreme; touch window bounded at actual close",closed
2026-08-18,2026-08-18 11:01:02,T00809,IC-SPX-FastPT25-S2,IC,SPX,shortputspread,7640,,Chop,settle,,4850.0,,True,NOT EVALUABLE — position closed early; what it would have returned held to settlement needs post-exit path data that does not exist. Never modeled.,closed
2026-08-18,2026-08-18 11:01:02,T00809,IC-SPX-FastPT25-S2,IC,SPX,shortputspread,7640,,Chop,sl100,0.0,4850.0,0.0,True,optimistic bound: no SL hit -> actual exit pnl (ledger),closed
2026-08-18,2026-08-18 11:01:02,T00809,IC-SPX-FastPT25-S2,IC,SPX,shortputspread,7640,,Chop,sl130,0.0,4850.0,0.0,True,optimistic bound: no SL hit -> actual exit pnl (ledger),closed
2026-08-18,2026-08-18 11:01:02,T00809,IC-SPX-FastPT25-S2,IC,SPX,shortputspread,7640,,Chop,sl50,0.0,4850.0,0.0,True,optimistic bound: no SL hit -> actual exit pnl (ledger),closed
2026-08-18,2026-08-18 11:01:02,T00809,IC-SPX-FastPT25-S2,IC,SPX,shortputspread,7640,,Chop,sl75,0.0,4850.0,0.0,True,optimistic bound: no SL hit -> actual exit pnl (ledger),closed
2026-08-18,2026-08-18 13:31:02,T00807,IC-SPX-FastPT25-S2-130PM,IC,SPX,shortputspread,7680,,Chop,actual,250.0,4750.0,0.0526,False,"settlement pnl (ledger, verbatim)",expired
2026-08-18,2026-08-18 13:31:02,T00807,IC-SPX-FastPT25-S2-130PM,IC,SPX,shortputspread,7680,,Chop,defang,,4750.0,,True,DEFERRED v1 — needs the intraday premium-decay path (mark short leg to ~$0.05) not present in the ledger. TODO: model once tick/1-min option-premium history is available.,expired
2026-08-18,2026-08-18 13:31:02,T00807,IC-SPX-FastPT25-S2-130PM,IC,SPX,shortputspread,7680,,Chop,pt100,250.0,4750.0,0.0526,True,optimistic bound: booked +100% of credit_basis at mfe_pct threshold,expired
2026-08-18,2026-08-18 13:31:02,T00807,IC-SPX-FastPT25-S2-130PM,IC,SPX,shortputspread,7680,,Chop,pt25,62.5,4750.0,0.0132,True,optimistic bound: booked +25% of credit_basis at mfe_pct threshold,expired
2026-08-18,2026-08-18 13:31:02,T00807,IC-SPX-FastPT25-S2-130PM,IC,SPX,shortputspread,7680,,Chop,pt50,125.0,4750.0,0.0263,True,optimistic bound: booked +50% of credit_basis at mfe_pct threshold,expired
2026-08-18,2026-08-18 13:31:02,T00807,IC-SPX-FastPT25-S2-130PM,IC,SPX,shortputspread,7680,,Chop,s2,250.0,4750.0,0.0526,True,"strike-touch cut, 5-min tape grain (not sub-second latch); cut priced at the leg's own worst-excursion (mae_pct) extreme",expired
2026-08-18,2026-08-18 13:31:02,T00807,IC-SPX-FastPT25-S2-130PM,IC,SPX,shortputspread,7680,,Chop,sl100,250.0,4750.0,0.0526,True,optimistic bound: no SL hit -> rode to settlement,expired
2026-08-18,2026-08-18 13:31:02,T00807,IC-SPX-FastPT25-S2-130PM,IC,SPX,shortputspread,7680,,Chop,sl130,250.0,4750.0,0.0526,True,optimistic bound: no SL hit -> rode to settlement,expired
2026-08-18,2026-08-18 13:31:02,T00807,IC-SPX-FastPT25-S2-130PM,IC,SPX,shortputspread,7680,,Chop,sl50,-125.0,4750.0,-0.0263,True,optimistic bound: booked -50% of credit_basis at mae_pct threshold,expired
2026-08-18,2026-08-18 13:31:02,T00807,IC-SPX-FastPT25-S2-130PM,IC,SPX,shortputspread,7680,,Chop,sl75,250.0,4750.0,0.0526,True,optimistic bound: no SL hit -> rode to settlement,expired
2026-08-18,2026-08-18 13:31:03,T00807,IC-SPX-FastPT25-S2-130PM,IC,SPX,shortcallspread,,7720,Chop,actual,250.0,4750.0,0.0526,False,"settlement pnl (ledger, verbatim)",expired
2026-08-18,2026-08-18 13:31:03,T00807,IC-SPX-FastPT25-S2-130PM,IC,SPX,shortcallspread,,7720,Chop,defang,,4750.0,,True,DEFERRED v1 — needs the intraday premium-decay path (mark short leg to ~$0.05) not present in the ledger. TODO: model once tick/1-min option-premium history is available.,expired
2026-08-18,2026-08-18 13:31:03,T00807,IC-SPX-FastPT25-S2-130PM,IC,SPX,shortcallspread,,7720,Chop,pt100,250.0,4750.0,0.0526,True,optimistic bound: booked +100% of credit_basis at mfe_pct threshold,expired
2026-08-18,2026-08-18 13:31:03,T00807,IC-SPX-FastPT25-S2-130PM,IC,SPX,shortcallspread,,7720,Chop,pt25,62.5,4750.0,0.0132,True,optimistic bound: booked +25% of credit_basis at mfe_pct threshold,expired
2026-08-18,2026-08-18 13:31:03,T00807,IC-SPX-FastPT25-S2-130PM,IC,SPX,shortcallspread,,7720,Chop,pt50,125.0,4750.0,0.0263,True,optimistic bound: booked +50% of credit_basis at mfe_pct threshold,expired
2026-08-18,2026-08-18 13:31:03,T00807,IC-SPX-FastPT25-S2-130PM,IC,SPX,shortcallspread,,7720,Chop,s2,250.0,4750.0,0.0526,True,"strike-touch cut, 5-min tape grain (not sub-second latch); cut priced at the leg's own worst-excursion (mae_pct) extreme",expired
2026-08-18,2026-08-18 13:31:03,T00807,IC-SPX-FastPT25-S2-130PM,IC,SPX,shortcallspread,,7720,Chop,sl100,250.0,4750.0,0.0526,True,optimistic bound: no SL hit -> rode to settlement,expired
2026-08-18,2026-08-18 13:31:03,T00807,IC-SPX-FastPT25-S2-130PM,IC,SPX,shortcallspread,,7720,Chop,sl130,250.0,4750.0,0.0526,True,optimistic bound: no SL hit -> rode to settlement,expired
2026-08-18,2026-08-18 13:31:03,T00807,IC-SPX-FastPT25-S2-130PM,IC,SPX,shortcallspread,,7720,Chop,sl50,250.0,4750.0,0.0526,True,optimistic bound: no SL hit -> rode to settlement,expired
2026-08-18,2026-08-18 13:31:03,T00807,IC-SPX-FastPT25-S2-130PM,IC,SPX,shortcallspread,,7720,Chop,sl75,250.0,4750.0,0.0526,True,optimistic bound: no SL hit -> rode to settlement,expired
2026-08-19,2026-08-19 10:45:03,T00806,60min-ORB-10W-Paper-v1,OA-Mirror,SPX,shortputspread,7700,,Chop,actual,50.0,915.0,0.0546,False,"actual exit pnl (ledger, verbatim) - NOT settlement",closed
2026-08-19,2026-08-19 10:45:03,T00806,60min-ORB-10W-Paper-v1,OA-Mirror,SPX,shortputspread,7700,,Chop,defang,,915.0,,True,DEFERRED v1 — needs the intraday premium-decay path (mark short leg to ~$0.05) not present in the ledger. TODO: model once tick/1-min option-premium history is available.,closed
2026-08-19,2026-08-19 10:45:03,T00806,60min-ORB-10W-Paper-v1,OA-Mirror,SPX,shortputspread,7700,,Chop,pt100,50.0,915.0,0.0546,True,optimistic bound: no PT hit -> actual exit pnl (ledger),closed
2026-08-19,2026-08-19 10:45:03,T00806,60min-ORB-10W-Paper-v1,OA-Mirror,SPX,shortputspread,7700,,Chop,pt25,21.25,915.0,0.0232,True,optimistic bound: booked +25% of credit_basis at mfe_pct threshold,closed
2026-08-19,2026-08-19 10:45:03,T00806,60min-ORB-10W-Paper-v1,OA-Mirror,SPX,shortputspread,7700,,Chop,pt50,42.5,915.0,0.0464,True,optimistic bound: booked +50% of credit_basis at mfe_pct threshold,closed
2026-08-19,2026-08-19 10:45:03,T00806,60min-ORB-10W-Paper-v1,OA-Mirror,SPX,shortputspread,7700,,Chop,s2,50.0,915.0,0.0546,True,"strike-touch cut, 5-min tape grain (not sub-second latch); cut priced at the leg's own worst-excursion (mae_pct) extreme; touch window bounded at actual close",closed
2026-08-19,2026-08-19 10:45:03,T00806,60min-ORB-10W-Paper-v1,OA-Mirror,SPX,shortputspread,7700,,Chop,settle,,915.0,,True,NOT EVALUABLE — position closed early; what it would have returned held to settlement needs post-exit path data that does not exist. Never modeled.,closed
2026-08-19,2026-08-19 10:45:03,T00806,60min-ORB-10W-Paper-v1,OA-Mirror,SPX,shortputspread,7700,,Chop,sl100,50.0,915.0,0.0546,True,optimistic bound: no SL hit -> actual exit pnl (ledger),closed
2026-08-19,2026-08-19 10:45:03,T00806,60min-ORB-10W-Paper-v1,OA-Mirror,SPX,shortputspread,7700,,Chop,sl130,50.0,915.0,0.0546,True,optimistic bound: no SL hit -> actual exit pnl (ledger),closed
2026-08-19,2026-08-19 10:45:03,T00806,60min-ORB-10W-Paper-v1,OA-Mirror,SPX,shortputspread,7700,,Chop,sl50,50.0,915.0,0.0546,True,optimistic bound: no SL hit -> actual exit pnl (ledger),closed
2026-08-19,2026-08-19 10:45:03,T00806,60min-ORB-10W-Paper-v1,OA-Mirror,SPX,shortputspread,7700,,Chop,sl75,50.0,915.0,0.0546,True,optimistic bound: no SL hit -> actual exit pnl (ledger),closed
2026-08-19,2026-08-19 11:00:03,T00804,DIR-SPX-CallVIXdrop,Directional,SPX,longcallspread,,7755,Chop,actual,-320.0,640.0,-0.5,False,"actual exit pnl (ledger, verbatim) - NOT settlement",closed
2026-08-19,2026-08-19 11:00:03,T00804,DIR-SPX-CallVIXdrop,Directional,SPX,longcallspread,,7755,Chop,defang,,640.0,,True,DEFERRED v1 — needs the intraday premium-decay path (mark short leg to ~$0.05) not present in the ledger. TODO: model once tick/1-min option-premium history is available.,closed
2026-08-19,2026-08-19 11:00:03,T00804,DIR-SPX-CallVIXdrop,Directional,SPX,longcallspread,,7755,Chop,pt100,-320.0,640.0,-0.5,True,optimistic bound: no PT hit -> actual exit pnl (ledger),closed
2026-08-19,2026-08-19 11:00:03,T00804,DIR-SPX-CallVIXdrop,Directional,SPX,longcallspread,,7755,Chop,pt25,-320.0,640.0,-0.5,True,optimistic bound: no PT hit -> actual exit pnl (ledger),closed
2026-08-19,2026-08-19 11:00:03,T00804,DIR-SPX-CallVIXdrop,Directional,SPX,longcallspread,,7755,Chop,pt50,-320.0,640.0,-0.5,True,optimistic bound: no PT hit -> actual exit pnl (ledger),closed
2026-08-19,2026-08-19 11:00:03,T00804,DIR-SPX-CallVIXdrop,Directional,SPX,longcallspread,,7755,Chop,settle,,640.0,,True,NOT EVALUABLE — position closed early; what it would have returned held to settlement needs post-exit path data that does not exist. Never modeled.,closed
2026-08-19,2026-08-19 11:00:03,T00804,DIR-SPX-CallVIXdrop,Directional,SPX,longcallspread,,7755,Chop,sl100,-320.0,640.0,-0.5,True,optimistic bound: no SL hit -> actual exit pnl (ledger),closed
2026-08-19,2026-08-19 11:00:03,T00804,DIR-SPX-CallVIXdrop,Directional,SPX,longcallspread,,7755,Chop,sl130,-320.0,640.0,-0.5,True,optimistic bound: no SL hit -> actual exit pnl (ledger),closed
2026-08-19,2026-08-19 11:00:03,T00804,DIR-SPX-CallVIXdrop,Directional,SPX,longcallspread,,7755,Chop,sl50,-320.0,640.0,-0.5,True,optimistic bound: booked -50% of credit_basis at mae_pct threshold,closed
2026-08-19,2026-08-19 11:00:03,T00804,DIR-SPX-CallVIXdrop,Directional,SPX,longcallspread,,7755,Chop,sl75,-320.0,640.0,-0.5,True,optimistic bound: no SL hit -> actual exit pnl (ledger),closed
2026-08-19,2026-08-19 13:33:12,T00803,GF-QQQ-IC-Canary,IC,QQQ,shortputspread,712,,Drift,actual,1.0,193.0,0.0052,False,"actual exit pnl (ledger, verbatim) - NOT settlement",closed
2026-08-19,2026-08-19 13:33:12,T00803,GF-QQQ-IC-Canary,IC,QQQ,shortputspread,712,,Drift,defang,,193.0,,True,DEFERRED v1 — needs the intraday premium-decay path (mark short leg to ~$0.05) not present in the ledger. TODO: model once tick/1-min option-premium history is available.,closed
2026-08-19,2026-08-19 13:33:12,T00803,GF-QQQ-IC-Canary,IC,QQQ,shortputspread,712,,Drift,pt100,1.0,193.0,0.0052,True,optimistic bound: no PT hit -> actual exit pnl (ledger),closed
2026-08-19,2026-08-19 13:33:12,T00803,GF-QQQ-IC-Canary,IC,QQQ,shortputspread,712,,Drift,pt25,1.75,193.0,0.0091,True,optimistic bound: booked +25% of credit_basis at mfe_pct threshold,closed
2026-08-19,2026-08-19 13:33:12,T00803,GF-QQQ-IC-Canary,IC,QQQ,shortputspread,712,,Drift,pt50,1.0,193.0,0.0052,True,optimistic bound: no PT hit -> actual exit pnl (ledger),closed
2026-08-19,2026-08-19 13:33:12,T00803,GF-QQQ-IC-Canary,IC,QQQ,shortputspread,712,,Drift,s2,1.0,193.0,0.0052,True,"strike-touch cut, 5-min tape grain (not sub-second latch); cut priced at the leg's own worst-excursion (mae_pct) extreme; touch window bounded at actual close",closed
2026-08-19,2026-08-19 13:33:12,T00803,GF-QQQ-IC-Canary,IC,QQQ,shortputspread,712,,Drift,settle,,193.0,,True,NOT EVALUABLE — position closed early; what it would have returned held to settlement needs post-exit path data that does not exist. Never modeled.,closed
2026-08-19,2026-08-19 13:33:12,T00803,GF-QQQ-IC-Canary,IC,QQQ,shortputspread,712,,Drift,sl100,1.0,193.0,0.0052,True,optimistic bound: no SL hit -> actual exit pnl (ledger),closed
2026-08-19,2026-08-19 13:33:12,T00803,GF-QQQ-IC-Canary,IC,QQQ,shortputspread,712,,Drift,sl130,1.0,193.0,0.0052,True,optimistic bound: no SL hit -> actual exit pnl (ledger),closed
2026-08-19,2026-08-19 13:33:12,T00803,GF-QQQ-IC-Canary,IC,QQQ,shortputspread,712,,Drift,sl50,1.0,193.0,0.0052,True,optimistic bound: no SL hit -> actual exit pnl (ledger),closed
2026-08-19,2026-08-19 13:33:12,T00803,GF-QQQ-IC-Canary,IC,QQQ,shortputspread,712,,Drift,sl75,1.0,193.0,0.0052,True,optimistic bound: no SL hit -> actual exit pnl (ledger),closed
2026-08-19,2026-08-19 13:52:14,T00802,GF-QQQ-IC-Canary,IC,QQQ,shortcallspread,,720,Drift,actual,2.0,193.0,0.0104,False,"actual exit pnl (ledger, verbatim) - NOT settlement",closed
2026-08-19,2026-08-19 13:52:14,T00802,GF-QQQ-IC-Canary,IC,QQQ,shortcallspread,,720,Drift,defang,,193.0,,True,DEFERRED v1 — needs the intraday premium-decay path (mark short leg to ~$0.05) not present in the ledger. TODO: model once tick/1-min option-premium history is available.,closed
2026-08-19,2026-08-19 13:52:14,T00802,GF-QQQ-IC-Canary,IC,QQQ,shortcallspread,,720,Drift,pt100,2.0,193.0,0.0104,True,optimistic bound: no PT hit -> actual exit pnl (ledger),closed
2026-08-19,2026-08-19 13:52:14,T00802,GF-QQQ-IC-Canary,IC,QQQ,shortcallspread,,720,Drift,pt25,1.75,193.0,0.0091,True,optimistic bound: booked +25% of credit_basis at mfe_pct threshold,closed
2026-08-19,2026-08-19 13:52:14,T00802,GF-QQQ-IC-Canary,IC,QQQ,shortcallspread,,720,Drift,pt50,2.0,193.0,0.0104,True,optimistic bound: no PT hit -> actual exit pnl (ledger),closed
2026-08-19,2026-08-19 13:52:14,T00802,GF-QQQ-IC-Canary,IC,QQQ,shortcallspread,,720,Drift,s2,2.0,193.0,0.0104,True,"strike-touch cut, 5-min tape grain (not sub-second latch); cut priced at the leg's own worst-excursion (mae_pct) extreme; touch window bounded at actual close",closed
2026-08-19,2026-08-19 13:52:14,T00802,GF-QQQ-IC-Canary,IC,QQQ,shortcallspread,,720,Drift,settle,,193.0,,True,NOT EVALUABLE — position closed early; what it would have returned held to settlement needs post-exit path data that does not exist. Never modeled.,closed
2026-08-19,2026-08-19 13:52:14,T00802,GF-QQQ-IC-Canary,IC,QQQ,shortcallspread,,720,Drift,sl100,2.0,193.0,0.0104,True,optimistic bound: no SL hit -> actual exit pnl (ledger),closed
2026-08-19,2026-08-19 13:52:14,T00802,GF-QQQ-IC-Canary,IC,QQQ,shortcallspread,,720,Drift,sl130,2.0,193.0,0.0104,True,optimistic bound: no SL hit -> actual exit pnl (ledger),closed
2026-08-19,2026-08-19 13:52:14,T00802,GF-QQQ-IC-Canary,IC,QQQ,shortcallspread,,720,Drift,sl50,-3.5,193.0,-0.0181,True,optimistic bound: booked -50% of credit_basis at mae_pct threshold,closed
2026-08-19,2026-08-19 13:52:14,T00802,GF-QQQ-IC-Canary,IC,QQQ,shortcallspread,,720,Drift,sl75,-5.25,193.0,-0.0272,True,optimistic bound: booked -75% of credit_basis at mae_pct threshold,closed
2026-08-19,2026-08-19 13:33:12,T00801,GF-QQQ-IC-PT50,IC,QQQ,shortputspread,712,,Drift,actual,4.0,193.0,0.0207,False,"actual exit pnl (ledger, verbatim) - NOT settlement",closed
2026-08-19,2026-08-19 13:33:12,T00801,GF-QQQ-IC-PT50,IC,QQQ,shortputspread,712,,Drift,defang,,193.0,,True,DEFERRED v1 — needs the intraday premium-decay path (mark short leg to ~$0.05) not present in the ledger. TODO: model once tick/1-min option-premium history is available.,closed
2026-08-19,2026-08-19 13:33:12,T00801,GF-QQQ-IC-PT50,IC,QQQ,shortputspread,712,,Drift,pt100,4.0,193.0,0.0207,True,optimistic bound: no PT hit -> actual exit pnl (ledger),closed
2026-08-19,2026-08-19 13:33:12,T00801,GF-QQQ-IC-PT50,IC,QQQ,shortputspread,712,,Drift,pt25,1.75,193.0,0.0091,True,optimistic bound: booked +25% of credit_basis at mfe_pct threshold,closed
2026-08-19,2026-08-19 13:33:12,T00801,GF-QQQ-IC-PT50,IC,QQQ,shortputspread,712,,Drift,pt50,3.5,193.0,0.0181,True,optimistic bound: booked +50% of credit_basis at mfe_pct threshold,closed
2026-08-19,2026-08-19 13:33:12,T00801,GF-QQQ-IC-PT50,IC,QQQ,shortputspread,712,,Drift,s2,4.0,193.0,0.0207,True,"strike-touch cut, 5-min tape grain (not sub-second latch); cut priced at the leg's own worst-excursion (mae_pct) extreme; touch window bounded at actual close",closed
2026-08-19,2026-08-19 13:33:12,T00801,GF-QQQ-IC-PT50,IC,QQQ,shortputspread,712,,Drift,settle,,193.0,,True,NOT EVALUABLE — position closed early; what it would have returned held to settlement needs post-exit path data that does not exist. Never modeled.,closed
2026-08-19,2026-08-19 13:33:12,T00801,GF-QQQ-IC-PT50,IC,QQQ,shortputspread,712,,Drift,sl100,4.0,193.0,0.0207,True,optimistic bound: no SL hit -> actual exit pnl (ledger),closed
2026-08-19,2026-08-19 13:33:12,T00801,GF-QQQ-IC-PT50,IC,QQQ,shortputspread,712,,Drift,sl130,4.0,193.0,0.0207,True,optimistic bound: no SL hit -> actual exit pnl (ledger),closed
2026-08-19,2026-08-19 13:33:12,T00801,GF-QQQ-IC-PT50,IC,QQQ,shortputspread,712,,Drift,sl50,4.0,193.0,0.0207,True,optimistic bound: no SL hit -> actual exit pnl (ledger),closed
2026-08-19,2026-08-19 13:33:12,T00801,GF-QQQ-IC-PT50,IC,QQQ,shortputspread,712,,Drift,sl75,4.0,193.0,0.0207,True,optimistic bound: no SL hit -> actual exit pnl (ledger),closed
2026-08-19,2026-08-19 13:52:14,T00800,GF-QQQ-IC-PT50,IC,QQQ,shortcallspread,,720,Drift,actual,4.0,193.0,0.0207,False,"actual exit pnl (ledger, verbatim) - NOT settlement",closed
2026-08-19,2026-08-19 13:52:14,T00800,GF-QQQ-IC-PT50,IC,QQQ,shortcallspread,,720,Drift,defang,,193.0,,True,DEFERRED v1 — needs the intraday premium-decay path (mark short leg to ~$0.05) not present in the ledger. TODO: model once tick/1-min option-premium history is available.,closed
2026-08-19,2026-08-19 13:52:14,T00800,GF-QQQ-IC-PT50,IC,QQQ,shortcallspread,,720,Drift,pt100,4.0,193.0,0.0207,True,optimistic bound: no PT hit -> actual exit pnl (ledger),closed
2026-08-19,2026-08-19 13:52:14,T00800,GF-QQQ-IC-PT50,IC,QQQ,shortcallspread,,720,Drift,pt25,1.75,193.0,0.0091,True,optimistic bound: booked +25% of credit_basis at mfe_pct threshold,closed
2026-08-19,2026-08-19 13:52:14,T00800,GF-QQQ-IC-PT50,IC,QQQ,shortcallspread,,720,Drift,pt50,3.5,193.0,0.0181,True,optimistic bound: booked +50% of credit_basis at mfe_pct threshold,closed
2026-08-19,2026-08-19 13:52:14,T00800,GF-QQQ-IC-PT50,IC,QQQ,shortcallspread,,720,Drift,s2,4.0,193.0,0.0207,True,"strike-touch cut, 5-min tape grain (not sub-second latch); cut priced at the leg's own worst-excursion (mae_pct) extreme; touch window bounded at actual close",closed
2026-08-19,2026-08-19 13:52:14,T00800,GF-QQQ-IC-PT50,IC,QQQ,shortcallspread,,720,Drift,settle,,193.0,,True,NOT EVALUABLE — position closed early; what it would have returned held to settlement needs post-exit path data that does not exist. Never modeled.,closed
2026-08-19,2026-08-19 13:52:14,T00800,GF-QQQ-IC-PT50,IC,QQQ,shortcallspread,,720,Drift,sl100,4.0,193.0,0.0207,True,optimistic bound: no SL hit -> actual exit pnl (ledger),closed
2026-08-19,2026-08-19 13:52:14,T00800,GF-QQQ-IC-PT50,IC,QQQ,shortcallspread,,720,Drift,sl130,4.0,193.0,0.0207,True,optimistic bound: no SL hit -> actual exit pnl (ledger),closed
2026-08-19,2026-08-19 13:52:14,T00800,GF-QQQ-IC-PT50,IC,QQQ,shortcallspread,,720,Drift,sl50,-3.5,193.0,-0.0181,True,optimistic bound: booked -50% of credit_basis at mae_pct threshold,closed
2026-08-19,2026-08-19 13:52:14,T00800,GF-QQQ-IC-PT50,IC,QQQ,shortcallspread,,720,Drift,sl75,-5.25,193.0,-0.0272,True,optimistic bound: booked -75% of credit_basis at mae_pct threshold,closed
2026-08-19,2026-08-19 13:33:12,T00795,GF-QQQ-IC-Ride,IC,QQQ,shortputspread,712,,Drift,actual,6.0,193.0,0.0311,False,"actual exit pnl (ledger, verbatim) - NOT settlement",closed
2026-08-19,2026-08-19 13:33:12,T00795,GF-QQQ-IC-Ride,IC,QQQ,shortputspread,712,,Drift,defang,,193.0,,True,DEFERRED v1 — needs the intraday premium-decay path (mark short leg to ~$0.05) not present in the ledger. TODO: model once tick/1-min option-premium history is available.,closed
2026-08-19,2026-08-19 13:33:12,T00795,GF-QQQ-IC-Ride,IC,QQQ,shortputspread,712,,Drift,pt100,7.0,193.0,0.0363,True,optimistic bound: booked +100% of credit_basis at mfe_pct threshold,closed
2026-08-19,2026-08-19 13:33:12,T00795,GF-QQQ-IC-Ride,IC,QQQ,shortputspread,712,,Drift,pt25,1.75,193.0,0.0091,True,optimistic bound: booked +25% of credit_basis at mfe_pct threshold,closed
2026-08-19,2026-08-19 13:33:12,T00795,GF-QQQ-IC-Ride,IC,QQQ,shortputspread,712,,Drift,pt50,3.5,193.0,0.0181,True,optimistic bound: booked +50% of credit_basis at mfe_pct threshold,closed
2026-08-19,2026-08-19 13:33:12,T00795,GF-QQQ-IC-Ride,IC,QQQ,shortputspread,712,,Drift,s2,6.0,193.0,0.0311,True,"strike-touch cut, 5-min tape grain (not sub-second latch); cut priced at the leg's own worst-excursion (mae_pct) extreme; touch window bounded at actual close",closed
2026-08-19,2026-08-19 13:33:12,T00795,GF-QQQ-IC-Ride,IC,QQQ,shortputspread,712,,Drift,settle,,193.0,,True,NOT EVALUABLE — position closed early; what it would have returned held to settlement needs post-exit path data that does not exist. Never modeled.,closed
2026-08-19,2026-08-19 13:33:12,T00795,GF-QQQ-IC-Ride,IC,QQQ,shortputspread,712,,Drift,sl100,6.0,193.0,0.0311,True,optimistic bound: no SL hit -> actual exit pnl (ledger),closed
2026-08-19,2026-08-19 13:33:12,T00795,GF-QQQ-IC-Ride,IC,QQQ,shortputspread,712,,Drift,sl130,6.0,193.0,0.0311,True,optimistic bound: no SL hit -> actual exit pnl (ledger),closed
2026-08-19,2026-08-19 13:33:12,T00795,GF-QQQ-IC-Ride,IC,QQQ,shortputspread,712,,Drift,sl50,6.0,193.0,0.0311,True,optimistic bound: no SL hit -> actual exit pnl (ledger),closed
2026-08-19,2026-08-19 13:33:12,T00795,GF-QQQ-IC-Ride,IC,QQQ,shortputspread,712,,Drift,sl75,6.0,193.0,0.0311,True,optimistic bound: no SL hit -> actual exit pnl (ledger),closed
2026-08-19,2026-08-19 13:52:14,T00794,GF-QQQ-IC-Ride,IC,QQQ,shortcallspread,,720,Drift,actual,6.0,193.0,0.0311,False,"actual exit pnl (ledger, verbatim) - NOT settlement",closed
2026-08-19,2026-08-19 13:52:14,T00794,GF-QQQ-IC-Ride,IC,QQQ,shortcallspread,,720,Drift,defang,,193.0,,True,DEFERRED v1 — needs the intraday premium-decay path (mark short leg to ~$0.05) not present in the ledger. TODO: model once tick/1-min option-premium history is available.,closed
2026-08-19,2026-08-19 13:52:14,T00794,GF-QQQ-IC-Ride,IC,QQQ,shortcallspread,,720,Drift,pt100,7.0,193.0,0.0363,True,optimistic bound: booked +100% of credit_basis at mfe_pct threshold,closed
2026-08-19,2026-08-19 13:52:14,T00794,GF-QQQ-IC-Ride,IC,QQQ,shortcallspread,,720,Drift,pt25,1.75,193.0,0.0091,True,optimistic bound: booked +25% of credit_basis at mfe_pct threshold,closed
2026-08-19,2026-08-19 13:52:14,T00794,GF-QQQ-IC-Ride,IC,QQQ,shortcallspread,,720,Drift,pt50,3.5,193.0,0.0181,True,optimistic bound: booked +50% of credit_basis at mfe_pct threshold,closed
2026-08-19,2026-08-19 13:52:14,T00794,GF-QQQ-IC-Ride,IC,QQQ,shortcallspread,,720,Drift,s2,6.0,193.0,0.0311,True,"strike-touch cut, 5-min tape grain (not sub-second latch); cut priced at the leg's own worst-excursion (mae_pct) extreme; touch window bounded at actual close",closed
2026-08-19,2026-08-19 13:52:14,T00794,GF-QQQ-IC-Ride,IC,QQQ,shortcallspread,,720,Drift,settle,,193.0,,True,NOT EVALUABLE — position closed early; what it would have returned held to settlement needs post-exit path data that does not exist. Never modeled.,closed
2026-08-19,2026-08-19 13:52:14,T00794,GF-QQQ-IC-Ride,IC,QQQ,shortcallspread,,720,Drift,sl100,6.0,193.0,0.0311,True,optimistic bound: no SL hit -> actual exit pnl (ledger),closed
2026-08-19,2026-08-19 13:52:14,T00794,GF-QQQ-IC-Ride,IC,QQQ,shortcallspread,,720,Drift,sl130,6.0,193.0,0.0311,True,optimistic bound: no SL hit -> actual exit pnl (ledger),closed
2026-08-19,2026-08-19 13:52:14,T00794,GF-QQQ-IC-Ride,IC,QQQ,shortcallspread,,720,Drift,sl50,-3.5,193.0,-0.0181,True,optimistic bound: booked -50% of credit_basis at mae_pct threshold,closed
2026-08-19,2026-08-19 13:52:14,T00794,GF-QQQ-IC-Ride,IC,QQQ,shortcallspread,,720,Drift,sl75,-5.25,193.0,-0.0272,True,optimistic bound: booked -75% of credit_basis at mae_pct threshold,closed
2026-08-19,2026-08-19 13:33:12,T00789,GF-QQQ-IC-Ride-Delta,IC,QQQ,shortputspread,712,,Drift,actual,6.0,193.0,0.0311,False,"actual exit pnl (ledger, verbatim) - NOT settlement",closed
2026-08-19,2026-08-19 13:33:12,T00789,GF-QQQ-IC-Ride-Delta,IC,QQQ,shortputspread,712,,Drift,defang,,193.0,,True,DEFERRED v1 — needs the intraday premium-decay path (mark short leg to ~$0.05) not present in the ledger. TODO: model once tick/1-min option-premium history is available.,closed
2026-08-19,2026-08-19 13:33:12,T00789,GF-QQQ-IC-Ride-Delta,IC,QQQ,shortputspread,712,,Drift,pt100,7.0,193.0,0.0363,True,optimistic bound: booked +100% of credit_basis at mfe_pct threshold,closed
2026-08-19,2026-08-19 13:33:12,T00789,GF-QQQ-IC-Ride-Delta,IC,QQQ,shortputspread,712,,Drift,pt25,1.75,193.0,0.0091,True,optimistic bound: booked +25% of credit_basis at mfe_pct threshold,closed
2026-08-19,2026-08-19 13:33:12,T00789,GF-QQQ-IC-Ride-Delta,IC,QQQ,shortputspread,712,,Drift,pt50,3.5,193.0,0.0181,True,optimistic bound: booked +50% of credit_basis at mfe_pct threshold,closed
2026-08-19,2026-08-19 13:33:12,T00789,GF-QQQ-IC-Ride-Delta,IC,QQQ,shortputspread,712,,Drift,s2,6.0,193.0,0.0311,True,"strike-touch cut, 5-min tape grain (not sub-second latch); cut priced at the leg's own worst-excursion (mae_pct) extreme; touch window bounded at actual close",closed
2026-08-19,2026-08-19 13:33:12,T00789,GF-QQQ-IC-Ride-Delta,IC,QQQ,shortputspread,712,,Drift,settle,,193.0,,True,NOT EVALUABLE — position closed early; what it would have returned held to settlement needs post-exit path data that does not exist. Never modeled.,closed
2026-08-19,2026-08-19 13:33:12,T00789,GF-QQQ-IC-Ride-Delta,IC,QQQ,shortputspread,712,,Drift,sl100,6.0,193.0,0.0311,True,optimistic bound: no SL hit -> actual exit pnl (ledger),closed
2026-08-19,2026-08-19 13:33:12,T00789,GF-QQQ-IC-Ride-Delta,IC,QQQ,shortputspread,712,,Drift,sl130,6.0,193.0,0.0311,True,optimistic bound: no SL hit -> actual exit pnl (ledger),closed
2026-08-19,2026-08-19 13:33:12,T00789,GF-QQQ-IC-Ride-Delta,IC,QQQ,shortputspread,712,,Drift,sl50,6.0,193.0,0.0311,True,optimistic bound: no SL hit -> actual exit pnl (ledger),closed
2026-08-19,2026-08-19 13:33:12,T00789,GF-QQQ-IC-Ride-Delta,IC,QQQ,shortputspread,712,,Drift,sl75,6.0,193.0,0.0311,True,optimistic bound: no SL hit -> actual exit pnl (ledger),closed
2026-08-19,2026-08-19 13:33:14,T00788,GF-QQQ-IC-Ride-Delta,IC,QQQ,shortputspread,712,,Drift,actual,6.0,193.0,0.0311,False,"actual exit pnl (ledger, verbatim) - NOT settlement",closed
2026-08-19,2026-08-19 13:33:14,T00788,GF-QQQ-IC-Ride-Delta,IC,QQQ,shortputspread,712,,Drift,defang,,193.0,,True,DEFERRED v1 — needs the intraday premium-decay path (mark short leg to ~$0.05) not present in the ledger. TODO: model once tick/1-min option-premium history is available.,closed
2026-08-19,2026-08-19 13:33:14,T00788,GF-QQQ-IC-Ride-Delta,IC,QQQ,shortputspread,712,,Drift,pt100,7.0,193.0,0.0363,True,optimistic bound: booked +100% of credit_basis at mfe_pct threshold,closed
2026-08-19,2026-08-19 13:33:14,T00788,GF-QQQ-IC-Ride-Delta,IC,QQQ,shortputspread,712,,Drift,pt25,1.75,193.0,0.0091,True,optimistic bound: booked +25% of credit_basis at mfe_pct threshold,closed
2026-08-19,2026-08-19 13:33:14,T00788,GF-QQQ-IC-Ride-Delta,IC,QQQ,shortputspread,712,,Drift,pt50,3.5,193.0,0.0181,True,optimistic bound: booked +50% of credit_basis at mfe_pct threshold,closed
2026-08-19,2026-08-19 13:33:14,T00788,GF-QQQ-IC-Ride-Delta,IC,QQQ,shortputspread,712,,Drift,s2,6.0,193.0,0.0311,True,"strike-touch cut, 5-min tape grain (not sub-second latch); cut priced at the leg's own worst-excursion (mae_pct) extreme; touch window bounded at actual close",closed
2026-08-19,2026-08-19 13:33:14,T00788,GF-QQQ-IC-Ride-Delta,IC,QQQ,shortputspread,712,,Drift,settle,,193.0,,True,NOT EVALUABLE — position closed early; what it would have returned held to settlement needs post-exit path data that does not exist. Never modeled.,closed
2026-08-19,2026-08-19 13:33:14,T00788,GF-QQQ-IC-Ride-Delta,IC,QQQ,shortputspread,712,,Drift,sl100,6.0,193.0,0.0311,True,optimistic bound: no SL hit -> actual exit pnl (ledger),closed
2026-08-19,2026-08-19 13:33:14,T00788,GF-QQQ-IC-Ride-Delta,IC,QQQ,shortputspread,712,,Drift,sl130,6.0,193.0,0.0311,True,optimistic bound: no SL hit -> actual exit pnl (ledger),closed
2026-08-19,2026-08-19 13:33:14,T00788,GF-QQQ-IC-Ride-Delta,IC,QQQ,shortputspread,712,,Drift,sl50,6.0,193.0,0.0311,True,optimistic bound: no SL hit -> actual exit pnl (ledger),closed
2026-08-19,2026-08-19 13:33:14,T00788,GF-QQQ-IC-Ride-Delta,IC,QQQ,shortputspread,712,,Drift,sl75,6.0,193.0,0.0311,True,optimistic bound: no SL hit -> actual exit pnl (ledger),closed
2026-08-19,2026-08-19 13:33:12,T00797,GF-QQQ-IC-SL100,IC,QQQ,shortputspread,712,,Drift,actual,6.0,193.0,0.0311,False,"actual exit pnl (ledger, verbatim) - NOT settlement",closed
2026-08-19,2026-08-19 13:33:12,T00797,GF-QQQ-IC-SL100,IC,QQQ,shortputspread,712,,Drift,defang,,193.0,,True,DEFERRED v1 — needs the intraday premium-decay path (mark short leg to ~$0.05) not present in the ledger. TODO: model once tick/1-min option-premium history is available.,closed
2026-08-19,2026-08-19 13:33:12,T00797,GF-QQQ-IC-SL100,IC,QQQ,shortputspread,712,,Drift,pt100,7.0,193.0,0.0363,True,optimistic bound: booked +100% of credit_basis at mfe_pct threshold,closed
2026-08-19,2026-08-19 13:33:12,T00797,GF-QQQ-IC-SL100,IC,QQQ,shortputspread,712,,Drift,pt25,1.75,193.0,0.0091,True,optimistic bound: booked +25% of credit_basis at mfe_pct threshold,closed
2026-08-19,2026-08-19 13:33:12,T00797,GF-QQQ-IC-SL100,IC,QQQ,shortputspread,712,,Drift,pt50,3.5,193.0,0.0181,True,optimistic bound: booked +50% of credit_basis at mfe_pct threshold,closed
2026-08-19,2026-08-19 13:33:12,T00797,GF-QQQ-IC-SL100,IC,QQQ,shortputspread,712,,Drift,s2,6.0,193.0,0.0311,True,"strike-touch cut, 5-min tape grain (not sub-second latch); cut priced at the leg's own worst-excursion (mae_pct) extreme; touch window bounded at actual close",closed
2026-08-19,2026-08-19 13:33:12,T00797,GF-QQQ-IC-SL100,IC,QQQ,shortputspread,712,,Drift,settle,,193.0,,True,NOT EVALUABLE — position closed early; what it would have returned held to settlement needs post-exit path data that does not exist. Never modeled.,closed
2026-08-19,2026-08-19 13:33:12,T00797,GF-QQQ-IC-SL100,IC,QQQ,shortputspread,712,,Drift,sl100,6.0,193.0,0.0311,True,optimistic bound: no SL hit -> actual exit pnl (ledger),closed
2026-08-19,2026-08-19 13:33:12,T00797,GF-QQQ-IC-SL100,IC,QQQ,shortputspread,712,,Drift,sl130,6.0,193.0,0.0311,True,optimistic bound: no SL hit -> actual exit pnl (ledger),closed
2026-08-19,2026-08-19 13:33:12,T00797,GF-QQQ-IC-SL100,IC,QQQ,shortputspread,712,,Drift,sl50,6.0,193.0,0.0311,True,optimistic bound: no SL hit -> actual exit pnl (ledger),closed
2026-08-19,2026-08-19 13:33:12,T00797,GF-QQQ-IC-SL100,IC,QQQ,shortputspread,712,,Drift,sl75,6.0,193.0,0.0311,True,optimistic bound: no SL hit -> actual exit pnl (ledger),closed
2026-08-19,2026-08-19 13:52:14,T00796,GF-QQQ-IC-SL100,IC,QQQ,shortcallspread,,720,Drift,actual,6.0,193.0,0.0311,False,"actual exit pnl (ledger, verbatim) - NOT settlement",closed
2026-08-19,2026-08-19 13:52:14,T00796,GF-QQQ-IC-SL100,IC,QQQ,shortcallspread,,720,Drift,defang,,193.0,,True,DEFERRED v1 — needs the intraday premium-decay path (mark short leg to ~$0.05) not present in the ledger. TODO: model once tick/1-min option-premium history is available.,closed
2026-08-19,2026-08-19 13:52:14,T00796,GF-QQQ-IC-SL100,IC,QQQ,shortcallspread,,720,Drift,pt100,7.0,193.0,0.0363,True,optimistic bound: booked +100% of credit_basis at mfe_pct threshold,closed
2026-08-19,2026-08-19 13:52:14,T00796,GF-QQQ-IC-SL100,IC,QQQ,shortcallspread,,720,Drift,pt25,1.75,193.0,0.0091,True,optimistic bound: booked +25% of credit_basis at mfe_pct threshold,closed
2026-08-19,2026-08-19 13:52:14,T00796,GF-QQQ-IC-SL100,IC,QQQ,shortcallspread,,720,Drift,pt50,3.5,193.0,0.0181,True,optimistic bound: booked +50% of credit_basis at mfe_pct threshold,closed
2026-08-19,2026-08-19 13:52:14,T00796,GF-QQQ-IC-SL100,IC,QQQ,shortcallspread,,720,Drift,s2,6.0,193.0,0.0311,True,"strike-touch cut, 5-min tape grain (not sub-second latch); cut priced at the leg's own worst-excursion (mae_pct) extreme; touch window bounded at actual close",closed
2026-08-19,2026-08-19 13:52:14,T00796,GF-QQQ-IC-SL100,IC,QQQ,shortcallspread,,720,Drift,settle,,193.0,,True,NOT EVALUABLE — position closed early; what it would have returned held to settlement needs post-exit path data that does not exist. Never modeled.,closed
2026-08-19,2026-08-19 13:52:14,T00796,GF-QQQ-IC-SL100,IC,QQQ,shortcallspread,,720,Drift,sl100,6.0,193.0,0.0311,True,optimistic bound: no SL hit -> actual exit pnl (ledger),closed
2026-08-19,2026-08-19 13:52:14,T00796,GF-QQQ-IC-SL100,IC,QQQ,shortcallspread,,720,Drift,sl130,6.0,193.0,0.0311,True,optimistic bound: no SL hit -> actual exit pnl (ledger),closed
2026-08-19,2026-08-19 13:52:14,T00796,GF-QQQ-IC-SL100,IC,QQQ,shortcallspread,,720,Drift,sl50,-3.5,193.0,-0.0181,True,optimistic bound: booked -50% of credit_basis at mae_pct threshold,closed
2026-08-19,2026-08-19 13:52:14,T00796,GF-QQQ-IC-SL100,IC,QQQ,shortcallspread,,720,Drift,sl75,-5.25,193.0,-0.0272,True,optimistic bound: booked -75% of credit_basis at mae_pct threshold,closed
2026-08-19,2026-08-19 13:33:12,T00793,GF-QQQ-IC-SL200,IC,QQQ,shortputspread,712,,Drift,actual,6.0,193.0,0.0311,False,"actual exit pnl (ledger, verbatim) - NOT settlement",closed
2026-08-19,2026-08-19 13:33:12,T00793,GF-QQQ-IC-SL200,IC,QQQ,shortputspread,712,,Drift,defang,,193.0,,True,DEFERRED v1 — needs the intraday premium-decay path (mark short leg to ~$0.05) not present in the ledger. TODO: model once tick/1-min option-premium history is available.,closed
2026-08-19,2026-08-19 13:33:12,T00793,GF-QQQ-IC-SL200,IC,QQQ,shortputspread,712,,Drift,pt100,7.0,193.0,0.0363,True,optimistic bound: booked +100% of credit_basis at mfe_pct threshold,closed
2026-08-19,2026-08-19 13:33:12,T00793,GF-QQQ-IC-SL200,IC,QQQ,shortputspread,712,,Drift,pt25,1.75,193.0,0.0091,True,optimistic bound: booked +25% of credit_basis at mfe_pct threshold,closed
2026-08-19,2026-08-19 13:33:12,T00793,GF-QQQ-IC-SL200,IC,QQQ,shortputspread,712,,Drift,pt50,3.5,193.0,0.0181,True,optimistic bound: booked +50% of credit_basis at mfe_pct threshold,closed
2026-08-19,2026-08-19 13:33:12,T00793,GF-QQQ-IC-SL200,IC,QQQ,shortputspread,712,,Drift,s2,6.0,193.0,0.0311,True,"strike-touch cut, 5-min tape grain (not sub-second latch); cut priced at the leg's own worst-excursion (mae_pct) extreme; touch window bounded at actual close",closed
2026-08-19,2026-08-19 13:33:12,T00793,GF-QQQ-IC-SL200,IC,QQQ,shortputspread,712,,Drift,settle,,193.0,,True,NOT EVALUABLE — position closed early; what it would have returned held to settlement needs post-exit path data that does not exist. Never modeled.,closed
2026-08-19,2026-08-19 13:33:12,T00793,GF-QQQ-IC-SL200,IC,QQQ,shortputspread,712,,Drift,sl100,6.0,193.0,0.0311,True,optimistic bound: no SL hit -> actual exit pnl (ledger),closed
2026-08-19,2026-08-19 13:33:12,T00793,GF-QQQ-IC-SL200,IC,QQQ,shortputspread,712,,Drift,sl130,6.0,193.0,0.0311,True,optimistic bound: no SL hit -> actual exit pnl (ledger),closed
2026-08-19,2026-08-19 13:33:12,T00793,GF-QQQ-IC-SL200,IC,QQQ,shortputspread,712,,Drift,sl50,6.0,193.0,0.0311,True,optimistic bound: no SL hit -> actual exit pnl (ledger),closed
2026-08-19,2026-08-19 13:33:12,T00793,GF-QQQ-IC-SL200,IC,QQQ,shortputspread,712,,Drift,sl75,6.0,193.0,0.0311,True,optimistic bound: no SL hit -> actual exit pnl (ledger),closed
2026-08-19,2026-08-19 13:52:14,T00792,GF-QQQ-IC-SL200,IC,QQQ,shortcallspread,,720,Drift,actual,6.0,193.0,0.0311,False,"actual exit pnl (ledger, verbatim) - NOT settlement",closed
2026-08-19,2026-08-19 13:52:14,T00792,GF-QQQ-IC-SL200,IC,QQQ,shortcallspread,,720,Drift,defang,,193.0,,True,DEFERRED v1 — needs the intraday premium-decay path (mark short leg to ~$0.05) not present in the ledger. TODO: model once tick/1-min option-premium history is available.,closed
2026-08-19,2026-08-19 13:52:14,T00792,GF-QQQ-IC-SL200,IC,QQQ,shortcallspread,,720,Drift,pt100,7.0,193.0,0.0363,True,optimistic bound: booked +100% of credit_basis at mfe_pct threshold,closed
2026-08-19,2026-08-19 13:52:14,T00792,GF-QQQ-IC-SL200,IC,QQQ,shortcallspread,,720,Drift,pt25,1.75,193.0,0.0091,True,optimistic bound: booked +25% of credit_basis at mfe_pct threshold,closed
2026-08-19,2026-08-19 13:52:14,T00792,GF-QQQ-IC-SL200,IC,QQQ,shortcallspread,,720,Drift,pt50,3.5,193.0,0.0181,True,optimistic bound: booked +50% of credit_basis at mfe_pct threshold,closed
2026-08-19,2026-08-19 13:52:14,T00792,GF-QQQ-IC-SL200,IC,QQQ,shortcallspread,,720,Drift,s2,6.0,193.0,0.0311,True,"strike-touch cut, 5-min tape grain (not sub-second latch); cut priced at the leg's own worst-excursion (mae_pct) extreme; touch window bounded at actual close",closed
2026-08-19,2026-08-19 13:52:14,T00792,GF-QQQ-IC-SL200,IC,QQQ,shortcallspread,,720,Drift,settle,,193.0,,True,NOT EVALUABLE — position closed early; what it would have returned held to settlement needs post-exit path data that does not exist. Never modeled.,closed
2026-08-19,2026-08-19 13:52:14,T00792,GF-QQQ-IC-SL200,IC,QQQ,shortcallspread,,720,Drift,sl100,6.0,193.0,0.0311,True,optimistic bound: no SL hit -> actual exit pnl (ledger),closed
2026-08-19,2026-08-19 13:52:14,T00792,GF-QQQ-IC-SL200,IC,QQQ,shortcallspread,,720,Drift,sl130,6.0,193.0,0.0311,True,optimistic bound: no SL hit -> actual exit pnl (ledger),closed
2026-08-19,2026-08-19 13:52:14,T00792,GF-QQQ-IC-SL200,IC,QQQ,shortcallspread,,720,Drift,sl50,-3.5,193.0,-0.0181,True,optimistic bound: booked -50% of credit_basis at mae_pct threshold,closed
2026-08-19,2026-08-19 13:52:14,T00792,GF-QQQ-IC-SL200,IC,QQQ,shortcallspread,,720,Drift,sl75,-5.25,193.0,-0.0272,True,optimistic bound: booked -75% of credit_basis at mae_pct threshold,closed
2026-08-19,2026-08-19 13:33:12,T00791,GF-QQQ-IC-Touch0,IC,QQQ,shortputspread,712,,Drift,actual,6.0,193.0,0.0311,False,"actual exit pnl (ledger, verbatim) - NOT settlement",closed
2026-08-19,2026-08-19 13:33:12,T00791,GF-QQQ-IC-Touch0,IC,QQQ,shortputspread,712,,Drift,defang,,193.0,,True,DEFERRED v1 — needs the intraday premium-decay path (mark short leg to ~$0.05) not present in the ledger. TODO: model once tick/1-min option-premium history is available.,closed
2026-08-19,2026-08-19 13:33:12,T00791,GF-QQQ-IC-Touch0,IC,QQQ,shortputspread,712,,Drift,pt100,7.0,193.0,0.0363,True,optimistic bound: booked +100% of credit_basis at mfe_pct threshold,closed
2026-08-19,2026-08-19 13:33:12,T00791,GF-QQQ-IC-Touch0,IC,QQQ,shortputspread,712,,Drift,pt25,1.75,193.0,0.0091,True,optimistic bound: booked +25% of credit_basis at mfe_pct threshold,closed
2026-08-19,2026-08-19 13:33:12,T00791,GF-QQQ-IC-Touch0,IC,QQQ,shortputspread,712,,Drift,pt50,3.5,193.0,0.0181,True,optimistic bound: booked +50% of credit_basis at mfe_pct threshold,closed
2026-08-19,2026-08-19 13:33:12,T00791,GF-QQQ-IC-Touch0,IC,QQQ,shortputspread,712,,Drift,s2,6.0,193.0,0.0311,True,"strike-touch cut, 5-min tape grain (not sub-second latch); cut priced at the leg's own worst-excursion (mae_pct) extreme; touch window bounded at actual close",closed
2026-08-19,2026-08-19 13:33:12,T00791,GF-QQQ-IC-Touch0,IC,QQQ,shortputspread,712,,Drift,settle,,193.0,,True,NOT EVALUABLE — position closed early; what it would have returned held to settlement needs post-exit path data that does not exist. Never modeled.,closed
2026-08-19,2026-08-19 13:33:12,T00791,GF-QQQ-IC-Touch0,IC,QQQ,shortputspread,712,,Drift,sl100,6.0,193.0,0.0311,True,optimistic bound: no SL hit -> actual exit pnl (ledger),closed
2026-08-19,2026-08-19 13:33:12,T00791,GF-QQQ-IC-Touch0,IC,QQQ,shortputspread,712,,Drift,sl130,6.0,193.0,0.0311,True,optimistic bound: no SL hit -> actual exit pnl (ledger),closed
2026-08-19,2026-08-19 13:33:12,T00791,GF-QQQ-IC-Touch0,IC,QQQ,shortputspread,712,,Drift,sl50,6.0,193.0,0.0311,True,optimistic bound: no SL hit -> actual exit pnl (ledger),closed
2026-08-19,2026-08-19 13:33:12,T00791,GF-QQQ-IC-Touch0,IC,QQQ,shortputspread,712,,Drift,sl75,6.0,193.0,0.0311,True,optimistic bound: no SL hit -> actual exit pnl (ledger),closed
2026-08-19,2026-08-19 13:52:14,T00790,GF-QQQ-IC-Touch0,IC,QQQ,shortcallspread,,720,Drift,actual,6.0,193.0,0.0311,False,"actual exit pnl (ledger, verbatim) - NOT settlement",closed
2026-08-19,2026-08-19 13:52:14,T00790,GF-QQQ-IC-Touch0,IC,QQQ,shortcallspread,,720,Drift,defang,,193.0,,True,DEFERRED v1 — needs the intraday premium-decay path (mark short leg to ~$0.05) not present in the ledger. TODO: model once tick/1-min option-premium history is available.,closed
2026-08-19,2026-08-19 13:52:14,T00790,GF-QQQ-IC-Touch0,IC,QQQ,shortcallspread,,720,Drift,pt100,7.0,193.0,0.0363,True,optimistic bound: booked +100% of credit_basis at mfe_pct threshold,closed
2026-08-19,2026-08-19 13:52:14,T00790,GF-QQQ-IC-Touch0,IC,QQQ,shortcallspread,,720,Drift,pt25,1.75,193.0,0.0091,True,optimistic bound: booked +25% of credit_basis at mfe_pct threshold,closed
2026-08-19,2026-08-19 13:52:14,T00790,GF-QQQ-IC-Touch0,IC,QQQ,shortcallspread,,720,Drift,pt50,3.5,193.0,0.0181,True,optimistic bound: booked +50% of credit_basis at mfe_pct threshold,closed
2026-08-19,2026-08-19 13:52:14,T00790,GF-QQQ-IC-Touch0,IC,QQQ,shortcallspread,,720,Drift,s2,6.0,193.0,0.0311,True,"strike-touch cut, 5-min tape grain (not sub-second latch); cut priced at the leg's own worst-excursion (mae_pct) extreme; touch window bounded at actual close",closed
2026-08-19,2026-08-19 13:52:14,T00790,GF-QQQ-IC-Touch0,IC,QQQ,shortcallspread,,720,Drift,settle,,193.0,,True,NOT EVALUABLE — position closed early; what it would have returned held to settlement needs post-exit path data that does not exist. Never modeled.,closed
2026-08-19,2026-08-19 13:52:14,T00790,GF-QQQ-IC-Touch0,IC,QQQ,shortcallspread,,720,Drift,sl100,6.0,193.0,0.0311,True,optimistic bound: no SL hit -> actual exit pnl (ledger),closed
2026-08-19,2026-08-19 13:52:14,T00790,GF-QQQ-IC-Touch0,IC,QQQ,shortcallspread,,720,Drift,sl130,6.0,193.0,0.0311,True,optimistic bound: no SL hit -> actual exit pnl (ledger),closed
2026-08-19,2026-08-19 13:52:14,T00790,GF-QQQ-IC-Touch0,IC,QQQ,shortcallspread,,720,Drift,sl50,-3.5,193.0,-0.0181,True,optimistic bound: booked -50% of credit_basis at mae_pct threshold,closed
2026-08-19,2026-08-19 13:52:14,T00790,GF-QQQ-IC-Touch0,IC,QQQ,shortcallspread,,720,Drift,sl75,-5.25,193.0,-0.0272,True,optimistic bound: booked -75% of credit_basis at mae_pct threshold,closed
2026-08-19,2026-08-19 13:33:12,T00799,GF-QQQ-IC-Trail,IC,QQQ,shortputspread,712,,Drift,actual,1.0,193.0,0.0052,False,"actual exit pnl (ledger, verbatim) - NOT settlement",closed
2026-08-19,2026-08-19 13:33:12,T00799,GF-QQQ-IC-Trail,IC,QQQ,shortputspread,712,,Drift,defang,,193.0,,True,DEFERRED v1 — needs the intraday premium-decay path (mark short leg to ~$0.05) not present in the ledger. TODO: model once tick/1-min option-premium history is available.,closed
2026-08-19,2026-08-19 13:33:12,T00799,GF-QQQ-IC-Trail,IC,QQQ,shortputspread,712,,Drift,pt100,1.0,193.0,0.0052,True,optimistic bound: no PT hit -> actual exit pnl (ledger),closed
2026-08-19,2026-08-19 13:33:12,T00799,GF-QQQ-IC-Trail,IC,QQQ,shortputspread,712,,Drift,pt25,1.75,193.0,0.0091,True,optimistic bound: booked +25% of credit_basis at mfe_pct threshold,closed
2026-08-19,2026-08-19 13:33:12,T00799,GF-QQQ-IC-Trail,IC,QQQ,shortputspread,712,,Drift,pt50,3.5,193.0,0.0181,True,optimistic bound: booked +50% of credit_basis at mfe_pct threshold,closed
2026-08-19,2026-08-19 13:33:12,T00799,GF-QQQ-IC-Trail,IC,QQQ,shortputspread,712,,Drift,s2,1.0,193.0,0.0052,True,"strike-touch cut, 5-min tape grain (not sub-second latch); cut priced at the leg's own worst-excursion (mae_pct) extreme; touch window bounded at actual close",closed
2026-08-19,2026-08-19 13:33:12,T00799,GF-QQQ-IC-Trail,IC,QQQ,shortputspread,712,,Drift,settle,,193.0,,True,NOT EVALUABLE — position closed early; what it would have returned held to settlement needs post-exit path data that does not exist. Never modeled.,closed
2026-08-19,2026-08-19 13:33:12,T00799,GF-QQQ-IC-Trail,IC,QQQ,shortputspread,712,,Drift,sl100,1.0,193.0,0.0052,True,optimistic bound: no SL hit -> actual exit pnl (ledger),closed
2026-08-19,2026-08-19 13:33:12,T00799,GF-QQQ-IC-Trail,IC,QQQ,shortputspread,712,,Drift,sl130,1.0,193.0,0.0052,True,optimistic bound: no SL hit -> actual exit pnl (ledger),closed
2026-08-19,2026-08-19 13:33:12,T00799,GF-QQQ-IC-Trail,IC,QQQ,shortputspread,712,,Drift,sl50,1.0,193.0,0.0052,True,optimistic bound: no SL hit -> actual exit pnl (ledger),closed
2026-08-19,2026-08-19 13:33:12,T00799,GF-QQQ-IC-Trail,IC,QQQ,shortputspread,712,,Drift,sl75,1.0,193.0,0.0052,True,optimistic bound: no SL hit -> actual exit pnl (ledger),closed
2026-08-19,2026-08-19 13:52:14,T00798,GF-QQQ-IC-Trail,IC,QQQ,shortcallspread,,720,Drift,actual,2.0,193.0,0.0104,False,"actual exit pnl (ledger, verbatim) - NOT settlement",closed
2026-08-19,2026-08-19 13:52:14,T00798,GF-QQQ-IC-Trail,IC,QQQ,shortcallspread,,720,Drift,defang,,193.0,,True,DEFERRED v1 — needs the intraday premium-decay path (mark short leg to ~$0.05) not present in the ledger. TODO: model once tick/1-min option-premium history is available.,closed
2026-08-19,2026-08-19 13:52:14,T00798,GF-QQQ-IC-Trail,IC,QQQ,shortcallspread,,720,Drift,pt100,2.0,193.0,0.0104,True,optimistic bound: no PT hit -> actual exit pnl (ledger),closed
2026-08-19,2026-08-19 13:52:14,T00798,GF-QQQ-IC-Trail,IC,QQQ,shortcallspread,,720,Drift,pt25,1.75,193.0,0.0091,True,optimistic bound: booked +25% of credit_basis at mfe_pct threshold,closed
2026-08-19,2026-08-19 13:52:14,T00798,GF-QQQ-IC-Trail,IC,QQQ,shortcallspread,,720,Drift,pt50,3.5,193.0,0.0181,True,optimistic bound: booked +50% of credit_basis at mfe_pct threshold,closed
2026-08-19,2026-08-19 13:52:14,T00798,GF-QQQ-IC-Trail,IC,QQQ,shortcallspread,,720,Drift,s2,2.0,193.0,0.0104,True,"strike-touch cut, 5-min tape grain (not sub-second latch); cut priced at the leg's own worst-excursion (mae_pct) extreme; touch window bounded at actual close",closed
2026-08-19,2026-08-19 13:52:14,T00798,GF-QQQ-IC-Trail,IC,QQQ,shortcallspread,,720,Drift,settle,,193.0,,True,NOT EVALUABLE — position closed early; what it would have returned held to settlement needs post-exit path data that does not exist. Never modeled.,closed
2026-08-19,2026-08-19 13:52:14,T00798,GF-QQQ-IC-Trail,IC,QQQ,shortcallspread,,720,Drift,sl100,2.0,193.0,0.0104,True,optimistic bound: no SL hit -> actual exit pnl (ledger),closed
2026-08-19,2026-08-19 13:52:14,T00798,GF-QQQ-IC-Trail,IC,QQQ,shortcallspread,,720,Drift,sl130,2.0,193.0,0.0104,True,optimistic bound: no SL hit -> actual exit pnl (ledger),closed
2026-08-19,2026-08-19 13:52:14,T00798,GF-QQQ-IC-Trail,IC,QQQ,shortcallspread,,720,Drift,sl50,-3.5,193.0,-0.0181,True,optimistic bound: booked -50% of credit_basis at mae_pct threshold,closed
2026-08-19,2026-08-19 13:52:14,T00798,GF-QQQ-IC-Trail,IC,QQQ,shortcallspread,,720,Drift,sl75,-5.25,193.0,-0.0272,True,optimistic bound: booked -75% of credit_basis at mae_pct threshold,closed
2026-08-19,2026-08-19 11:02:01,T00805,IC-SPX-FastPT25-S2,IC,SPX,shortputspread,7685,,Chop,actual,0.0,4900.0,0.0,False,"actual exit pnl (ledger, verbatim) - NOT settlement",closed
2026-08-19,2026-08-19 11:02:01,T00805,IC-SPX-FastPT25-S2,IC,SPX,shortputspread,7685,,Chop,defang,,4900.0,,True,DEFERRED v1 — needs the intraday premium-decay path (mark short leg to ~$0.05) not present in the ledger. TODO: model once tick/1-min option-premium history is available.,closed
2026-08-19,2026-08-19 11:02:01,T00805,IC-SPX-FastPT25-S2,IC,SPX,shortputspread,7685,,Chop,pt100,0.0,4900.0,0.0,True,optimistic bound: no PT hit -> actual exit pnl (ledger),closed
2026-08-19,2026-08-19 11:02:01,T00805,IC-SPX-FastPT25-S2,IC,SPX,shortputspread,7685,,Chop,pt25,0.0,4900.0,0.0,True,optimistic bound: no PT hit -> actual exit pnl (ledger),closed
2026-08-19,2026-08-19 11:02:01,T00805,IC-SPX-FastPT25-S2,IC,SPX,shortputspread,7685,,Chop,pt50,0.0,4900.0,0.0,True,optimistic bound: no PT hit -> actual exit pnl (ledger),closed
2026-08-19,2026-08-19 11:02:01,T00805,IC-SPX-FastPT25-S2,IC,SPX,shortputspread,7685,,Chop,s2,0.0,4900.0,0.0,True,"strike-touch cut, 5-min tape grain (not sub-second latch); cut priced at the leg's own worst-excursion (mae_pct) extreme; touch window bounded at actual close",closed
2026-08-19,2026-08-19 11:02:01,T00805,IC-SPX-FastPT25-S2,IC,SPX,shortputspread,7685,,Chop,settle,,4900.0,,True,NOT EVALUABLE — position closed early; what it would have returned held to settlement needs post-exit path data that does not exist. Never modeled.,closed
2026-08-19,2026-08-19 11:02:01,T00805,IC-SPX-FastPT25-S2,IC,SPX,shortputspread,7685,,Chop,sl100,0.0,4900.0,0.0,True,optimistic bound: no SL hit -> actual exit pnl (ledger),closed
2026-08-19,2026-08-19 11:02:01,T00805,IC-SPX-FastPT25-S2,IC,SPX,shortputspread,7685,,Chop,sl130,0.0,4900.0,0.0,True,optimistic bound: no SL hit -> actual exit pnl (ledger),closed
2026-08-19,2026-08-19 11:02:01,T00805,IC-SPX-FastPT25-S2,IC,SPX,shortputspread,7685,,Chop,sl50,0.0,4900.0,0.0,True,optimistic bound: no SL hit -> actual exit pnl (ledger),closed
2026-08-19,2026-08-19 11:02:01,T00805,IC-SPX-FastPT25-S2,IC,SPX,shortputspread,7685,,Chop,sl75,0.0,4900.0,0.0,True,optimistic bound: no SL hit -> actual exit pnl (ledger),closed
2026-08-19,2026-08-19 13:31:02,T00786,IC-SPX-FastPT25-S2-130PM,IC,SPX,shortputspread,7690,,Chop,actual,300.0,4700.0,0.0638,False,"settlement pnl (ledger, verbatim)",expired
2026-08-19,2026-08-19 13:31:02,T00786,IC-SPX-FastPT25-S2-130PM,IC,SPX,shortputspread,7690,,Chop,defang,,4700.0,,True,DEFERRED v1 — needs the intraday premium-decay path (mark short leg to ~$0.05) not present in the ledger. TODO: model once tick/1-min option-premium history is available.,expired
2026-08-19,2026-08-19 13:31:02,T00786,IC-SPX-FastPT25-S2-130PM,IC,SPX,shortputspread,7690,,Chop,pt100,300.0,4700.0,0.0638,True,optimistic bound: booked +100% of credit_basis at mfe_pct threshold,expired
2026-08-19,2026-08-19 13:31:02,T00786,IC-SPX-FastPT25-S2-130PM,IC,SPX,shortputspread,7690,,Chop,pt25,75.0,4700.0,0.016,True,optimistic bound: booked +25% of credit_basis at mfe_pct threshold,expired
2026-08-19,2026-08-19 13:31:02,T00786,IC-SPX-FastPT25-S2-130PM,IC,SPX,shortputspread,7690,,Chop,pt50,150.0,4700.0,0.0319,True,optimistic bound: booked +50% of credit_basis at mfe_pct threshold,expired
2026-08-19,2026-08-19 13:31:02,T00786,IC-SPX-FastPT25-S2-130PM,IC,SPX,shortputspread,7690,,Chop,s2,300.0,4700.0,0.0638,True,"strike-touch cut, 5-min tape grain (not sub-second latch); cut priced at the leg's own worst-excursion (mae_pct) extreme",expired
2026-08-19,2026-08-19 13:31:02,T00786,IC-SPX-FastPT25-S2-130PM,IC,SPX,shortputspread,7690,,Chop,sl100,300.0,4700.0,0.0638,True,optimistic bound: no SL hit -> rode to settlement,expired
2026-08-19,2026-08-19 13:31:02,T00786,IC-SPX-FastPT25-S2-130PM,IC,SPX,shortputspread,7690,,Chop,sl130,300.0,4700.0,0.0638,True,optimistic bound: no SL hit -> rode to settlement,expired
2026-08-19,2026-08-19 13:31:02,T00786,IC-SPX-FastPT25-S2-130PM,IC,SPX,shortputspread,7690,,Chop,sl50,-150.0,4700.0,-0.0319,True,optimistic bound: booked -50% of credit_basis at mae_pct threshold,expired
2026-08-19,2026-08-19 13:31:02,T00786,IC-SPX-FastPT25-S2-130PM,IC,SPX,shortputspread,7690,,Chop,sl75,300.0,4700.0,0.0638,True,optimistic bound: no SL hit -> rode to settlement,expired
2026-08-19,2026-08-19 13:31:03,T00786,IC-SPX-FastPT25-S2-130PM,IC,SPX,shortcallspread,,7740,Chop,actual,250.0,4750.0,0.0526,False,"settlement pnl (ledger, verbatim)",expired
2026-08-19,2026-08-19 13:31:03,T00786,IC-SPX-FastPT25-S2-130PM,IC,SPX,shortcallspread,,7740,Chop,defang,,4750.0,,True,DEFERRED v1 — needs the intraday premium-decay path (mark short leg to ~$0.05) not present in the ledger. TODO: model once tick/1-min option-premium history is available.,expired
2026-08-19,2026-08-19 13:31:03,T00786,IC-SPX-FastPT25-S2-130PM,IC,SPX,shortcallspread,,7740,Chop,pt100,250.0,4750.0,0.0526,True,optimistic bound: booked +100% of credit_basis at mfe_pct threshold,expired
2026-08-19,2026-08-19 13:31:03,T00786,IC-SPX-FastPT25-S2-130PM,IC,SPX,shortcallspread,,7740,Chop,pt25,62.5,4750.0,0.0132,True,optimistic bound: booked +25% of credit_basis at mfe_pct threshold,expired
2026-08-19,2026-08-19 13:31:03,T00786,IC-SPX-FastPT25-S2-130PM,IC,SPX,shortcallspread,,7740,Chop,pt50,125.0,4750.0,0.0263,True,optimistic bound: booked +50% of credit_basis at mfe_pct threshold,expired
2026-08-19,2026-08-19 13:31:03,T00786,IC-SPX-FastPT25-S2-130PM,IC,SPX,shortcallspread,,7740,Chop,s2,250.0,4750.0,0.0526,True,"strike-touch cut, 5-min tape grain (not sub-second latch); cut priced at the leg's own worst-excursion (mae_pct) extreme",expired
2026-08-19,2026-08-19 13:31:03,T00786,IC-SPX-FastPT25-S2-130PM,IC,SPX,shortcallspread,,7740,Chop,sl100,-250.0,4750.0,-0.0526,True,optimistic bound: booked -100% of credit_basis at mae_pct threshold,expired
2026-08-19,2026-08-19 13:31:03,T00786,IC-SPX-FastPT25-S2-130PM,IC,SPX,shortcallspread,,7740,Chop,sl130,250.0,4750.0,0.0526,True,optimistic bound: no SL hit -> rode to settlement,expired
2026-08-19,2026-08-19 13:31:03,T00786,IC-SPX-FastPT25-S2-130PM,IC,SPX,shortcallspread,,7740,Chop,sl50,-125.0,4750.0,-0.0263,True,optimistic bound: booked -50% of credit_basis at mae_pct threshold,expired
2026-08-19,2026-08-19 13:31:03,T00786,IC-SPX-FastPT25-S2-130PM,IC,SPX,shortcallspread,,7740,Chop,sl75,-187.5,4750.0,-0.0395,True,optimistic bound: booked -75% of credit_basis at mae_pct threshold,expired
2026-08-20,2026-08-20 10:00:04,T00742,3DTE $140-$350,OA-Mirror,SPX,ironcondor,7495,7880,n/a,actual,45.0,955.0,0.0471,False,"settlement pnl (ledger, verbatim)",expired
2026-08-20,2026-08-20 10:00:04,T00742,3DTE $140-$350,OA-Mirror,SPX,ironcondor,7495,7880,n/a,defang,,955.0,,True,DEFERRED v1 — needs the intraday premium-decay path (mark short leg to ~$0.05) not present in the ledger. TODO: model once tick/1-min option-premium history is available.,expired
2026-08-20,2026-08-20 10:00:04,T00742,3DTE $140-$350,OA-Mirror,SPX,ironcondor,7495,7880,n/a,pt100,45.0,955.0,0.0471,True,optimistic bound: booked +100% of credit_basis at mfe_pct threshold,expired
2026-08-20,2026-08-20 10:00:04,T00742,3DTE $140-$350,OA-Mirror,SPX,ironcondor,7495,7880,n/a,pt25,11.25,955.0,0.0118,True,optimistic bound: booked +25% of credit_basis at mfe_pct threshold,expired
2026-08-20,2026-08-20 10:00:04,T00742,3DTE $140-$350,OA-Mirror,SPX,ironcondor,7495,7880,n/a,pt50,22.5,955.0,0.0236,True,optimistic bound: booked +50% of credit_basis at mfe_pct threshold,expired
2026-08-20,2026-08-20 10:00:04,T00742,3DTE $140-$350,OA-Mirror,SPX,ironcondor,7495,7880,n/a,sl100,45.0,955.0,0.0471,True,optimistic bound: no SL hit -> rode to settlement,expired
2026-08-20,2026-08-20 10:00:04,T00742,3DTE $140-$350,OA-Mirror,SPX,ironcondor,7495,7880,n/a,sl130,45.0,955.0,0.0471,True,optimistic bound: no SL hit -> rode to settlement,expired
2026-08-20,2026-08-20 10:00:04,T00742,3DTE $140-$350,OA-Mirror,SPX,ironcondor,7495,7880,n/a,sl50,-22.5,955.0,-0.0236,True,optimistic bound: booked -50% of credit_basis at mae_pct threshold,expired
2026-08-20,2026-08-20 10:00:04,T00742,3DTE $140-$350,OA-Mirror,SPX,ironcondor,7495,7880,n/a,sl75,45.0,955.0,0.0471,True,optimistic bound: no SL hit -> rode to settlement,expired
2026-08-20,2026-08-20 13:32:14,T00783,GF-QQQ-IC-Canary,IC,QQQ,shortcallspread,,714,n/a,actual,2.0,193.0,0.0104,False,"actual exit pnl (ledger, verbatim) - NOT settlement",closed
2026-08-20,2026-08-20 13:32:14,T00783,GF-QQQ-IC-Canary,IC,QQQ,shortcallspread,,714,n/a,defang,,193.0,,True,DEFERRED v1 — needs the intraday premium-decay path (mark short leg to ~$0.05) not present in the ledger. TODO: model once tick/1-min option-premium history is available.,closed
2026-08-20,2026-08-20 13:32:14,T00783,GF-QQQ-IC-Canary,IC,QQQ,shortcallspread,,714,n/a,pt100,2.0,193.0,0.0104,True,optimistic bound: no PT hit -> actual exit pnl (ledger),closed
2026-08-20,2026-08-20 13:32:14,T00783,GF-QQQ-IC-Canary,IC,QQQ,shortcallspread,,714,n/a,pt25,1.75,193.0,0.0091,True,optimistic bound: booked +25% of credit_basis at mfe_pct threshold,closed
2026-08-20,2026-08-20 13:32:14,T00783,GF-QQQ-IC-Canary,IC,QQQ,shortcallspread,,714,n/a,pt50,2.0,193.0,0.0104,True,optimistic bound: no PT hit -> actual exit pnl (ledger),closed
2026-08-20,2026-08-20 13:32:14,T00783,GF-QQQ-IC-Canary,IC,QQQ,shortcallspread,,714,n/a,settle,,193.0,,True,NOT EVALUABLE — position closed early; what it would have returned held to settlement needs post-exit path data that does not exist. Never modeled.,closed
2026-08-20,2026-08-20 13:32:14,T00783,GF-QQQ-IC-Canary,IC,QQQ,shortcallspread,,714,n/a,sl100,2.0,193.0,0.0104,True,optimistic bound: no SL hit -> actual exit pnl (ledger),closed
2026-08-20,2026-08-20 13:32:14,T00783,GF-QQQ-IC-Canary,IC,QQQ,shortcallspread,,714,n/a,sl130,2.0,193.0,0.0104,True,optimistic bound: no SL hit -> actual exit pnl (ledger),closed
2026-08-20,2026-08-20 13:32:14,T00783,GF-QQQ-IC-Canary,IC,QQQ,shortcallspread,,714,n/a,sl50,2.0,193.0,0.0104,True,optimistic bound: no SL hit -> actual exit pnl (ledger),closed
2026-08-20,2026-08-20 13:32:14,T00783,GF-QQQ-IC-Canary,IC,QQQ,shortcallspread,,714,n/a,sl75,2.0,193.0,0.0104,True,optimistic bound: no SL hit -> actual exit pnl (ledger),closed
2026-08-20,2026-08-20 13:33:11,T00783,GF-QQQ-IC-Canary,IC,QQQ,shortputspread,707,,n/a,actual,2.0,193.0,0.0104,False,"actual exit pnl (ledger, verbatim) - NOT settlement",closed
2026-08-20,2026-08-20 13:33:11,T00783,GF-QQQ-IC-Canary,IC,QQQ,shortputspread,707,,n/a,defang,,193.0,,True,DEFERRED v1 — needs the intraday premium-decay path (mark short leg to ~$0.05) not present in the ledger. TODO: model once tick/1-min option-premium history is available.,closed
2026-08-20,2026-08-20 13:33:11,T00783,GF-QQQ-IC-Canary,IC,QQQ,shortputspread,707,,n/a,pt100,2.0,193.0,0.0104,True,optimistic bound: no PT hit -> actual exit pnl (ledger),closed
2026-08-20,2026-08-20 13:33:11,T00783,GF-QQQ-IC-Canary,IC,QQQ,shortputspread,707,,n/a,pt25,1.75,193.0,0.0091,True,optimistic bound: booked +25% of credit_basis at mfe_pct threshold,closed
2026-08-20,2026-08-20 13:33:11,T00783,GF-QQQ-IC-Canary,IC,QQQ,shortputspread,707,,n/a,pt50,2.0,193.0,0.0104,True,optimistic bound: no PT hit -> actual exit pnl (ledger),closed
2026-08-20,2026-08-20 13:33:11,T00783,GF-QQQ-IC-Canary,IC,QQQ,shortputspread,707,,n/a,settle,,193.0,,True,NOT EVALUABLE — position closed early; what it would have returned held to settlement needs post-exit path data that does not exist. Never modeled.,closed
2026-08-20,2026-08-20 13:33:11,T00783,GF-QQQ-IC-Canary,IC,QQQ,shortputspread,707,,n/a,sl100,2.0,193.0,0.0104,True,optimistic bound: no SL hit -> actual exit pnl (ledger),closed
2026-08-20,2026-08-20 13:33:11,T00783,GF-QQQ-IC-Canary,IC,QQQ,shortputspread,707,,n/a,sl130,2.0,193.0,0.0104,True,optimistic bound: no SL hit -> actual exit pnl (ledger),closed
2026-08-20,2026-08-20 13:33:11,T00783,GF-QQQ-IC-Canary,IC,QQQ,shortputspread,707,,n/a,sl50,2.0,193.0,0.0104,True,optimistic bound: no SL hit -> actual exit pnl (ledger),closed
2026-08-20,2026-08-20 13:33:11,T00783,GF-QQQ-IC-Canary,IC,QQQ,shortputspread,707,,n/a,sl75,2.0,193.0,0.0104,True,optimistic bound: no SL hit -> actual exit pnl (ledger),closed
2026-08-20,2026-08-20 13:32:14,T00782,GF-QQQ-IC-PT50,IC,QQQ,shortcallspread,,714,n/a,actual,4.0,193.0,0.0207,False,"actual exit pnl (ledger, verbatim) - NOT settlement",closed
2026-08-20,2026-08-20 13:32:14,T00782,GF-QQQ-IC-PT50,IC,QQQ,shortcallspread,,714,n/a,defang,,193.0,,True,DEFERRED v1 — needs the intraday premium-decay path (mark short leg to ~$0.05) not present in the ledger. TODO: model once tick/1-min option-premium history is available.,closed
2026-08-20,2026-08-20 13:32:14,T00782,GF-QQQ-IC-PT50,IC,QQQ,shortcallspread,,714,n/a,pt100,4.0,193.0,0.0207,True,optimistic bound: no PT hit -> actual exit pnl (ledger),closed
2026-08-20,2026-08-20 13:32:14,T00782,GF-QQQ-IC-PT50,IC,QQQ,shortcallspread,,714,n/a,pt25,1.75,193.0,0.0091,True,optimistic bound: booked +25% of credit_basis at mfe_pct threshold,closed
2026-08-20,2026-08-20 13:32:14,T00782,GF-QQQ-IC-PT50,IC,QQQ,shortcallspread,,714,n/a,pt50,3.5,193.0,0.0181,True,optimistic bound: booked +50% of credit_basis at mfe_pct threshold,closed
2026-08-20,2026-08-20 13:32:14,T00782,GF-QQQ-IC-PT50,IC,QQQ,shortcallspread,,714,n/a,settle,,193.0,,True,NOT EVALUABLE — position closed early; what it would have returned held to settlement needs post-exit path data that does not exist. Never modeled.,closed
2026-08-20,2026-08-20 13:32:14,T00782,GF-QQQ-IC-PT50,IC,QQQ,shortcallspread,,714,n/a,sl100,4.0,193.0,0.0207,True,optimistic bound: no SL hit -> actual exit pnl (ledger),closed
2026-08-20,2026-08-20 13:32:14,T00782,GF-QQQ-IC-PT50,IC,QQQ,shortcallspread,,714,n/a,sl130,4.0,193.0,0.0207,True,optimistic bound: no SL hit -> actual exit pnl (ledger),closed
2026-08-20,2026-08-20 13:32:14,T00782,GF-QQQ-IC-PT50,IC,QQQ,shortcallspread,,714,n/a,sl50,4.0,193.0,0.0207,True,optimistic bound: no SL hit -> actual exit pnl (ledger),closed
2026-08-20,2026-08-20 13:32:14,T00782,GF-QQQ-IC-PT50,IC,QQQ,shortcallspread,,714,n/a,sl75,4.0,193.0,0.0207,True,optimistic bound: no SL hit -> actual exit pnl (ledger),closed
2026-08-20,2026-08-20 13:33:11,T00782,GF-QQQ-IC-PT50,IC,QQQ,shortputspread,707,,n/a,actual,4.0,193.0,0.0207,False,"actual exit pnl (ledger, verbatim) - NOT settlement",closed
2026-08-20,2026-08-20 13:33:11,T00782,GF-QQQ-IC-PT50,IC,QQQ,shortputspread,707,,n/a,defang,,193.0,,True,DEFERRED v1 — needs the intraday premium-decay path (mark short leg to ~$0.05) not present in the ledger. TODO: model once tick/1-min option-premium history is available.,closed
2026-08-20,2026-08-20 13:33:11,T00782,GF-QQQ-IC-PT50,IC,QQQ,shortputspread,707,,n/a,pt100,4.0,193.0,0.0207,True,optimistic bound: no PT hit -> actual exit pnl (ledger),closed
2026-08-20,2026-08-20 13:33:11,T00782,GF-QQQ-IC-PT50,IC,QQQ,shortputspread,707,,n/a,pt25,1.75,193.0,0.0091,True,optimistic bound: booked +25% of credit_basis at mfe_pct threshold,closed
2026-08-20,2026-08-20 13:33:11,T00782,GF-QQQ-IC-PT50,IC,QQQ,shortputspread,707,,n/a,pt50,3.5,193.0,0.0181,True,optimistic bound: booked +50% of credit_basis at mfe_pct threshold,closed
2026-08-20,2026-08-20 13:33:11,T00782,GF-QQQ-IC-PT50,IC,QQQ,shortputspread,707,,n/a,settle,,193.0,,True,NOT EVALUABLE — position closed early; what it would have returned held to settlement needs post-exit path data that does not exist. Never modeled.,closed
2026-08-20,2026-08-20 13:33:11,T00782,GF-QQQ-IC-PT50,IC,QQQ,shortputspread,707,,n/a,sl100,-7.0,193.0,-0.0363,True,optimistic bound: booked -100% of credit_basis at mae_pct threshold,closed
2026-08-20,2026-08-20 13:33:11,T00782,GF-QQQ-IC-PT50,IC,QQQ,shortputspread,707,,n/a,sl130,-9.1,193.0,-0.0472,True,optimistic bound: booked -130% of credit_basis at mae_pct threshold,closed
2026-08-20,2026-08-20 13:33:11,T00782,GF-QQQ-IC-PT50,IC,QQQ,shortputspread,707,,n/a,sl50,-3.5,193.0,-0.0181,True,optimistic bound: booked -50% of credit_basis at mae_pct threshold,closed
2026-08-20,2026-08-20 13:33:11,T00782,GF-QQQ-IC-PT50,IC,QQQ,shortputspread,707,,n/a,sl75,-5.25,193.0,-0.0272,True,optimistic bound: booked -75% of credit_basis at mae_pct threshold,closed
2026-08-20,2026-08-20 13:32:14,T00780,GF-QQQ-IC-Ride,IC,QQQ,shortcallspread,,714,n/a,actual,6.0,193.0,0.0311,False,"actual exit pnl (ledger, verbatim) - NOT settlement",closed
2026-08-20,2026-08-20 13:32:14,T00780,GF-QQQ-IC-Ride,IC,QQQ,shortcallspread,,714,n/a,defang,,193.0,,True,DEFERRED v1 — needs the intraday premium-decay path (mark short leg to ~$0.05) not present in the ledger. TODO: model once tick/1-min option-premium history is available.,closed
2026-08-20,2026-08-20 13:32:14,T00780,GF-QQQ-IC-Ride,IC,QQQ,shortcallspread,,714,n/a,pt100,7.0,193.0,0.0363,True,optimistic bound: booked +100% of credit_basis at mfe_pct threshold,closed
2026-08-20,2026-08-20 13:32:14,T00780,GF-QQQ-IC-Ride,IC,QQQ,shortcallspread,,714,n/a,pt25,1.75,193.0,0.0091,True,optimistic bound: booked +25% of credit_basis at mfe_pct threshold,closed
2026-08-20,2026-08-20 13:32:14,T00780,GF-QQQ-IC-Ride,IC,QQQ,shortcallspread,,714,n/a,pt50,3.5,193.0,0.0181,True,optimistic bound: booked +50% of credit_basis at mfe_pct threshold,closed
2026-08-20,2026-08-20 13:32:14,T00780,GF-QQQ-IC-Ride,IC,QQQ,shortcallspread,,714,n/a,settle,,193.0,,True,NOT EVALUABLE — position closed early; what it would have returned held to settlement needs post-exit path data that does not exist. Never modeled.,closed
2026-08-20,2026-08-20 13:32:14,T00780,GF-QQQ-IC-Ride,IC,QQQ,shortcallspread,,714,n/a,sl100,6.0,193.0,0.0311,True,optimistic bound: no SL hit -> actual exit pnl (ledger),closed
2026-08-20,2026-08-20 13:32:14,T00780,GF-QQQ-IC-Ride,IC,QQQ,shortcallspread,,714,n/a,sl130,6.0,193.0,0.0311,True,optimistic bound: no SL hit -> actual exit pnl (ledger),closed
2026-08-20,2026-08-20 13:32:14,T00780,GF-QQQ-IC-Ride,IC,QQQ,shortcallspread,,714,n/a,sl50,6.0,193.0,0.0311,True,optimistic bound: no SL hit -> actual exit pnl (ledger),closed
2026-08-20,2026-08-20 13:32:14,T00780,GF-QQQ-IC-Ride,IC,QQQ,shortcallspread,,714,n/a,sl75,6.0,193.0,0.0311,True,optimistic bound: no SL hit -> actual exit pnl (ledger),closed
2026-08-20,2026-08-20 13:33:11,T00780,GF-QQQ-IC-Ride,IC,QQQ,shortputspread,707,,n/a,actual,6.0,193.0,0.0311,False,"actual exit pnl (ledger, verbatim) - NOT settlement",closed
2026-08-20,2026-08-20 13:33:11,T00780,GF-QQQ-IC-Ride,IC,QQQ,shortputspread,707,,n/a,defang,,193.0,,True,DEFERRED v1 — needs the intraday premium-decay path (mark short leg to ~$0.05) not present in the ledger. TODO: model once tick/1-min option-premium history is available.,closed
2026-08-20,2026-08-20 13:33:11,T00780,GF-QQQ-IC-Ride,IC,QQQ,shortputspread,707,,n/a,pt100,7.0,193.0,0.0363,True,optimistic bound: booked +100% of credit_basis at mfe_pct threshold,closed
2026-08-20,2026-08-20 13:33:11,T00780,GF-QQQ-IC-Ride,IC,QQQ,shortputspread,707,,n/a,pt25,1.75,193.0,0.0091,True,optimistic bound: booked +25% of credit_basis at mfe_pct threshold,closed
2026-08-20,2026-08-20 13:33:11,T00780,GF-QQQ-IC-Ride,IC,QQQ,shortputspread,707,,n/a,pt50,3.5,193.0,0.0181,True,optimistic bound: booked +50% of credit_basis at mfe_pct threshold,closed
2026-08-20,2026-08-20 13:33:11,T00780,GF-QQQ-IC-Ride,IC,QQQ,shortputspread,707,,n/a,settle,,193.0,,True,NOT EVALUABLE — position closed early; what it would have returned held to settlement needs post-exit path data that does not exist. Never modeled.,closed
2026-08-20,2026-08-20 13:33:11,T00780,GF-QQQ-IC-Ride,IC,QQQ,shortputspread,707,,n/a,sl100,-7.0,193.0,-0.0363,True,optimistic bound: booked -100% of credit_basis at mae_pct threshold,closed
2026-08-20,2026-08-20 13:33:11,T00780,GF-QQQ-IC-Ride,IC,QQQ,shortputspread,707,,n/a,sl130,-9.1,193.0,-0.0472,True,optimistic bound: booked -130% of credit_basis at mae_pct threshold,closed
2026-08-20,2026-08-20 13:33:11,T00780,GF-QQQ-IC-Ride,IC,QQQ,shortputspread,707,,n/a,sl50,-3.5,193.0,-0.0181,True,optimistic bound: booked -50% of credit_basis at mae_pct threshold,closed
2026-08-20,2026-08-20 13:33:11,T00780,GF-QQQ-IC-Ride,IC,QQQ,shortputspread,707,,n/a,sl75,-5.25,193.0,-0.0272,True,optimistic bound: booked -75% of credit_basis at mae_pct threshold,closed
2026-08-20,2026-08-20 13:31:15,T00777,GF-QQQ-IC-Ride-Delta,IC,QQQ,shortcallspread,,714,n/a,actual,6.0,193.0,0.0311,False,"actual exit pnl (ledger, verbatim) - NOT settlement",closed
2026-08-20,2026-08-20 13:31:15,T00777,GF-QQQ-IC-Ride-Delta,IC,QQQ,shortcallspread,,714,n/a,defang,,193.0,,True,DEFERRED v1 — needs the intraday premium-decay path (mark short leg to ~$0.05) not present in the ledger. TODO: model once tick/1-min option-premium history is available.,closed
2026-08-20,2026-08-20 13:31:15,T00777,GF-QQQ-IC-Ride-Delta,IC,QQQ,shortcallspread,,714,n/a,pt100,7.0,193.0,0.0363,True,optimistic bound: booked +100% of credit_basis at mfe_pct threshold,closed
2026-08-20,2026-08-20 13:31:15,T00777,GF-QQQ-IC-Ride-Delta,IC,QQQ,shortcallspread,,714,n/a,pt25,1.75,193.0,0.0091,True,optimistic bound: booked +25% of credit_basis at mfe_pct threshold,closed
2026-08-20,2026-08-20 13:31:15,T00777,GF-QQQ-IC-Ride-Delta,IC,QQQ,shortcallspread,,714,n/a,pt50,3.5,193.0,0.0181,True,optimistic bound: booked +50% of credit_basis at mfe_pct threshold,closed
2026-08-20,2026-08-20 13:31:15,T00777,GF-QQQ-IC-Ride-Delta,IC,QQQ,shortcallspread,,714,n/a,settle,,193.0,,True,NOT EVALUABLE — position closed early; what it would have returned held to settlement needs post-exit path data that does not exist. Never modeled.,closed
2026-08-20,2026-08-20 13:31:15,T00777,GF-QQQ-IC-Ride-Delta,IC,QQQ,shortcallspread,,714,n/a,sl100,6.0,193.0,0.0311,True,optimistic bound: no SL hit -> actual exit pnl (ledger),closed
2026-08-20,2026-08-20 13:31:15,T00777,GF-QQQ-IC-Ride-Delta,IC,QQQ,shortcallspread,,714,n/a,sl130,6.0,193.0,0.0311,True,optimistic bound: no SL hit -> actual exit pnl (ledger),closed
2026-08-20,2026-08-20 13:31:15,T00777,GF-QQQ-IC-Ride-Delta,IC,QQQ,shortcallspread,,714,n/a,sl50,6.0,193.0,0.0311,True,optimistic bound: no SL hit -> actual exit pnl (ledger),closed
2026-08-20,2026-08-20 13:31:15,T00777,GF-QQQ-IC-Ride-Delta,IC,QQQ,shortcallspread,,714,n/a,sl75,6.0,193.0,0.0311,True,optimistic bound: no SL hit -> actual exit pnl (ledger),closed
2026-08-20,2026-08-20 13:33:11,T00777,GF-QQQ-IC-Ride-Delta,IC,QQQ,shortputspread,707,,n/a,actual,6.0,193.0,0.0311,False,"actual exit pnl (ledger, verbatim) - NOT settlement",closed
2026-08-20,2026-08-20 13:33:11,T00777,GF-QQQ-IC-Ride-Delta,IC,QQQ,shortputspread,707,,n/a,defang,,193.0,,True,DEFERRED v1 — needs the intraday premium-decay path (mark short leg to ~$0.05) not present in the ledger. TODO: model once tick/1-min option-premium history is available.,closed
2026-08-20,2026-08-20 13:33:11,T00777,GF-QQQ-IC-Ride-Delta,IC,QQQ,shortputspread,707,,n/a,pt100,7.0,193.0,0.0363,True,optimistic bound: booked +100% of credit_basis at mfe_pct threshold,closed
2026-08-20,2026-08-20 13:33:11,T00777,GF-QQQ-IC-Ride-Delta,IC,QQQ,shortputspread,707,,n/a,pt25,1.75,193.0,0.0091,True,optimistic bound: booked +25% of credit_basis at mfe_pct threshold,closed
2026-08-20,2026-08-20 13:33:11,T00777,GF-QQQ-IC-Ride-Delta,IC,QQQ,shortputspread,707,,n/a,pt50,3.5,193.0,0.0181,True,optimistic bound: booked +50% of credit_basis at mfe_pct threshold,closed
2026-08-20,2026-08-20 13:33:11,T00777,GF-QQQ-IC-Ride-Delta,IC,QQQ,shortputspread,707,,n/a,settle,,193.0,,True,NOT EVALUABLE — position closed early; what it would have returned held to settlement needs post-exit path data that does not exist. Never modeled.,closed
2026-08-20,2026-08-20 13:33:11,T00777,GF-QQQ-IC-Ride-Delta,IC,QQQ,shortputspread,707,,n/a,sl100,-7.0,193.0,-0.0363,True,optimistic bound: booked -100% of credit_basis at mae_pct threshold,closed
2026-08-20,2026-08-20 13:33:11,T00777,GF-QQQ-IC-Ride-Delta,IC,QQQ,shortputspread,707,,n/a,sl130,-9.1,193.0,-0.0472,True,optimistic bound: booked -130% of credit_basis at mae_pct threshold,closed
2026-08-20,2026-08-20 13:33:11,T00777,GF-QQQ-IC-Ride-Delta,IC,QQQ,shortputspread,707,,n/a,sl50,-3.5,193.0,-0.0181,True,optimistic bound: booked -50% of credit_basis at mae_pct threshold,closed
2026-08-20,2026-08-20 13:33:11,T00777,GF-QQQ-IC-Ride-Delta,IC,QQQ,shortputspread,707,,n/a,sl75,-5.25,193.0,-0.0272,True,optimistic bound: booked -75% of credit_basis at mae_pct threshold,closed
2026-08-20,2026-08-20 13:32:14,T00778,GF-QQQ-IC-SL100,IC,QQQ,shortcallspread,,714,n/a,actual,6.0,193.0,0.0311,False,"actual exit pnl (ledger, verbatim) - NOT settlement",closed
2026-08-20,2026-08-20 13:32:14,T00778,GF-QQQ-IC-SL100,IC,QQQ,shortcallspread,,714,n/a,defang,,193.0,,True,DEFERRED v1 — needs the intraday premium-decay path (mark short leg to ~$0.05) not present in the ledger. TODO: model once tick/1-min option-premium history is available.,closed
2026-08-20,2026-08-20 13:32:14,T00778,GF-QQQ-IC-SL100,IC,QQQ,shortcallspread,,714,n/a,pt100,7.0,193.0,0.0363,True,optimistic bound: booked +100% of credit_basis at mfe_pct threshold,closed
2026-08-20,2026-08-20 13:32:14,T00778,GF-QQQ-IC-SL100,IC,QQQ,shortcallspread,,714,n/a,pt25,1.75,193.0,0.0091,True,optimistic bound: booked +25% of credit_basis at mfe_pct threshold,closed
2026-08-20,2026-08-20 13:32:14,T00778,GF-QQQ-IC-SL100,IC,QQQ,shortcallspread,,714,n/a,pt50,3.5,193.0,0.0181,True,optimistic bound: booked +50% of credit_basis at mfe_pct threshold,closed
2026-08-20,2026-08-20 13:32:14,T00778,GF-QQQ-IC-SL100,IC,QQQ,shortcallspread,,714,n/a,settle,,193.0,,True,NOT EVALUABLE — position closed early; what it would have returned held to settlement needs post-exit path data that does not exist. Never modeled.,closed
2026-08-20,2026-08-20 13:32:14,T00778,GF-QQQ-IC-SL100,IC,QQQ,shortcallspread,,714,n/a,sl100,6.0,193.0,0.0311,True,optimistic bound: no SL hit -> actual exit pnl (ledger),closed
2026-08-20,2026-08-20 13:32:14,T00778,GF-QQQ-IC-SL100,IC,QQQ,shortcallspread,,714,n/a,sl130,6.0,193.0,0.0311,True,optimistic bound: no SL hit -> actual exit pnl (ledger),closed
2026-08-20,2026-08-20 13:32:14,T00778,GF-QQQ-IC-SL100,IC,QQQ,shortcallspread,,714,n/a,sl50,6.0,193.0,0.0311,True,optimistic bound: no SL hit -> actual exit pnl (ledger),closed
2026-08-20,2026-08-20 13:32:14,T00778,GF-QQQ-IC-SL100,IC,QQQ,shortcallspread,,714,n/a,sl75,6.0,193.0,0.0311,True,optimistic bound: no SL hit -> actual exit pnl (ledger),closed
2026-08-20,2026-08-20 13:33:11,T00778,GF-QQQ-IC-SL100,IC,QQQ,shortputspread,707,,n/a,actual,-8.0,193.0,-0.0415,False,"actual exit pnl (ledger, verbatim) - NOT settlement",closed
2026-08-20,2026-08-20 13:33:11,T00778,GF-QQQ-IC-SL100,IC,QQQ,shortputspread,707,,n/a,defang,,193.0,,True,DEFERRED v1 — needs the intraday premium-decay path (mark short leg to ~$0.05) not present in the ledger. TODO: model once tick/1-min option-premium history is available.,closed
2026-08-20,2026-08-20 13:33:11,T00778,GF-QQQ-IC-SL100,IC,QQQ,shortputspread,707,,n/a,pt100,-8.0,193.0,-0.0415,True,optimistic bound: no PT hit -> actual exit pnl (ledger),closed
2026-08-20,2026-08-20 13:33:11,T00778,GF-QQQ-IC-SL100,IC,QQQ,shortputspread,707,,n/a,pt25,1.75,193.0,0.0091,True,optimistic bound: booked +25% of credit_basis at mfe_pct threshold,closed
2026-08-20,2026-08-20 13:33:11,T00778,GF-QQQ-IC-SL100,IC,QQQ,shortputspread,707,,n/a,pt50,3.5,193.0,0.0181,True,optimistic bound: booked +50% of credit_basis at mfe_pct threshold,closed
2026-08-20,2026-08-20 13:33:11,T00778,GF-QQQ-IC-SL100,IC,QQQ,shortputspread,707,,n/a,settle,,193.0,,True,NOT EVALUABLE — position closed early; what it would have returned held to settlement needs post-exit path data that does not exist. Never modeled.,closed
2026-08-20,2026-08-20 13:33:11,T00778,GF-QQQ-IC-SL100,IC,QQQ,shortputspread,707,,n/a,sl100,-7.0,193.0,-0.0363,True,optimistic bound: booked -100% of credit_basis at mae_pct threshold,closed
2026-08-20,2026-08-20 13:33:11,T00778,GF-QQQ-IC-SL100,IC,QQQ,shortputspread,707,,n/a,sl130,-8.0,193.0,-0.0415,True,optimistic bound: no SL hit -> actual exit pnl (ledger),closed
2026-08-20,2026-08-20 13:33:11,T00778,GF-QQQ-IC-SL100,IC,QQQ,shortputspread,707,,n/a,sl50,-3.5,193.0,-0.0181,True,optimistic bound: booked -50% of credit_basis at mae_pct threshold,closed
2026-08-20,2026-08-20 13:33:11,T00778,GF-QQQ-IC-SL100,IC,QQQ,shortputspread,707,,n/a,sl75,-5.25,193.0,-0.0272,True,optimistic bound: booked -75% of credit_basis at mae_pct threshold,closed
2026-08-20,2026-08-20 13:32:14,T00776,GF-QQQ-IC-SL200,IC,QQQ,shortcallspread,,714,n/a,actual,6.0,193.0,0.0311,False,"actual exit pnl (ledger, verbatim) - NOT settlement",closed
2026-08-20,2026-08-20 13:32:14,T00776,GF-QQQ-IC-SL200,IC,QQQ,shortcallspread,,714,n/a,defang,,193.0,,True,DEFERRED v1 — needs the intraday premium-decay path (mark short leg to ~$0.05) not present in the ledger. TODO: model once tick/1-min option-premium history is available.,closed
2026-08-20,2026-08-20 13:32:14,T00776,GF-QQQ-IC-SL200,IC,QQQ,shortcallspread,,714,n/a,pt100,7.0,193.0,0.0363,True,optimistic bound: booked +100% of credit_basis at mfe_pct threshold,closed
2026-08-20,2026-08-20 13:32:14,T00776,GF-QQQ-IC-SL200,IC,QQQ,shortcallspread,,714,n/a,pt25,1.75,193.0,0.0091,True,optimistic bound: booked +25% of credit_basis at mfe_pct threshold,closed
2026-08-20,2026-08-20 13:32:14,T00776,GF-QQQ-IC-SL200,IC,QQQ,shortcallspread,,714,n/a,pt50,3.5,193.0,0.0181,True,optimistic bound: booked +50% of credit_basis at mfe_pct threshold,closed
2026-08-20,2026-08-20 13:32:14,T00776,GF-QQQ-IC-SL200,IC,QQQ,shortcallspread,,714,n/a,settle,,193.0,,True,NOT EVALUABLE — position closed early; what it would have returned held to settlement needs post-exit path data that does not exist. Never modeled.,closed
2026-08-20,2026-08-20 13:32:14,T00776,GF-QQQ-IC-SL200,IC,QQQ,shortcallspread,,714,n/a,sl100,6.0,193.0,0.0311,True,optimistic bound: no SL hit -> actual exit pnl (ledger),closed
2026-08-20,2026-08-20 13:32:14,T00776,GF-QQQ-IC-SL200,IC,QQQ,shortcallspread,,714,n/a,sl130,6.0,193.0,0.0311,True,optimistic bound: no SL hit -> actual exit pnl (ledger),closed
2026-08-20,2026-08-20 13:32:14,T00776,GF-QQQ-IC-SL200,IC,QQQ,shortcallspread,,714,n/a,sl50,6.0,193.0,0.0311,True,optimistic bound: no SL hit -> actual exit pnl (ledger),closed
2026-08-20,2026-08-20 13:32:14,T00776,GF-QQQ-IC-SL200,IC,QQQ,shortcallspread,,714,n/a,sl75,6.0,193.0,0.0311,True,optimistic bound: no SL hit -> actual exit pnl (ledger),closed
2026-08-20,2026-08-20 13:33:11,T00776,GF-QQQ-IC-SL200,IC,QQQ,shortputspread,707,,n/a,actual,-15.0,193.0,-0.0777,False,"actual exit pnl (ledger, verbatim) - NOT settlement",closed
2026-08-20,2026-08-20 13:33:11,T00776,GF-QQQ-IC-SL200,IC,QQQ,shortputspread,707,,n/a,defang,,193.0,,True,DEFERRED v1 — needs the intraday premium-decay path (mark short leg to ~$0.05) not present in the ledger. TODO: model once tick/1-min option-premium history is available.,closed
2026-08-20,2026-08-20 13:33:11,T00776,GF-QQQ-IC-SL200,IC,QQQ,shortputspread,707,,n/a,pt100,-15.0,193.0,-0.0777,True,optimistic bound: no PT hit -> actual exit pnl (ledger),closed
2026-08-20,2026-08-20 13:33:11,T00776,GF-QQQ-IC-SL200,IC,QQQ,shortputspread,707,,n/a,pt25,1.75,193.0,0.0091,True,optimistic bound: booked +25% of credit_basis at mfe_pct threshold,closed
2026-08-20,2026-08-20 13:33:11,T00776,GF-QQQ-IC-SL200,IC,QQQ,shortputspread,707,,n/a,pt50,3.5,193.0,0.0181,True,optimistic bound: booked +50% of credit_basis at mfe_pct threshold,closed
2026-08-20,2026-08-20 13:33:11,T00776,GF-QQQ-IC-SL200,IC,QQQ,shortputspread,707,,n/a,settle,,193.0,,True,NOT EVALUABLE — position closed early; what it would have returned held to settlement needs post-exit path data that does not exist. Never modeled.,closed
2026-08-20,2026-08-20 13:33:11,T00776,GF-QQQ-IC-SL200,IC,QQQ,shortputspread,707,,n/a,sl100,-7.0,193.0,-0.0363,True,optimistic bound: booked -100% of credit_basis at mae_pct threshold,closed
2026-08-20,2026-08-20 13:33:11,T00776,GF-QQQ-IC-SL200,IC,QQQ,shortputspread,707,,n/a,sl130,-9.1,193.0,-0.0472,True,optimistic bound: booked -130% of credit_basis at mae_pct threshold,closed
2026-08-20,2026-08-20 13:33:11,T00776,GF-QQQ-IC-SL200,IC,QQQ,shortputspread,707,,n/a,sl50,-3.5,193.0,-0.0181,True,optimistic bound: booked -50% of credit_basis at mae_pct threshold,closed
2026-08-20,2026-08-20 13:33:11,T00776,GF-QQQ-IC-SL200,IC,QQQ,shortputspread,707,,n/a,sl75,-5.25,193.0,-0.0272,True,optimistic bound: booked -75% of credit_basis at mae_pct threshold,closed
2026-08-20,2026-08-20 13:32:14,T00779,GF-QQQ-IC-Touch0,IC,QQQ,shortcallspread,,714,n/a,actual,6.0,193.0,0.0311,False,"actual exit pnl (ledger, verbatim) - NOT settlement",closed
2026-08-20,2026-08-20 13:32:14,T00779,GF-QQQ-IC-Touch0,IC,QQQ,shortcallspread,,714,n/a,defang,,193.0,,True,DEFERRED v1 — needs the intraday premium-decay path (mark short leg to ~$0.05) not present in the ledger. TODO: model once tick/1-min option-premium history is available.,closed
2026-08-20,2026-08-20 13:32:14,T00779,GF-QQQ-IC-Touch0,IC,QQQ,shortcallspread,,714,n/a,pt100,7.0,193.0,0.0363,True,optimistic bound: booked +100% of credit_basis at mfe_pct threshold,closed
2026-08-20,2026-08-20 13:32:14,T00779,GF-QQQ-IC-Touch0,IC,QQQ,shortcallspread,,714,n/a,pt25,1.75,193.0,0.0091,True,optimistic bound: booked +25% of credit_basis at mfe_pct threshold,closed
2026-08-20,2026-08-20 13:32:14,T00779,GF-QQQ-IC-Touch0,IC,QQQ,shortcallspread,,714,n/a,pt50,3.5,193.0,0.0181,True,optimistic bound: booked +50% of credit_basis at mfe_pct threshold,closed
2026-08-20,2026-08-20 13:32:14,T00779,GF-QQQ-IC-Touch0,IC,QQQ,shortcallspread,,714,n/a,settle,,193.0,,True,NOT EVALUABLE — position closed early; what it would have returned held to settlement needs post-exit path data that does not exist. Never modeled.,closed
2026-08-20,2026-08-20 13:32:14,T00779,GF-QQQ-IC-Touch0,IC,QQQ,shortcallspread,,714,n/a,sl100,6.0,193.0,0.0311,True,optimistic bound: no SL hit -> actual exit pnl (ledger),closed
2026-08-20,2026-08-20 13:32:14,T00779,GF-QQQ-IC-Touch0,IC,QQQ,shortcallspread,,714,n/a,sl130,6.0,193.0,0.0311,True,optimistic bound: no SL hit -> actual exit pnl (ledger),closed
2026-08-20,2026-08-20 13:32:14,T00779,GF-QQQ-IC-Touch0,IC,QQQ,shortcallspread,,714,n/a,sl50,6.0,193.0,0.0311,True,optimistic bound: no SL hit -> actual exit pnl (ledger),closed
2026-08-20,2026-08-20 13:32:14,T00779,GF-QQQ-IC-Touch0,IC,QQQ,shortcallspread,,714,n/a,sl75,6.0,193.0,0.0311,True,optimistic bound: no SL hit -> actual exit pnl (ledger),closed
2026-08-20,2026-08-20 13:33:11,T00779,GF-QQQ-IC-Touch0,IC,QQQ,shortputspread,707,,n/a,actual,6.0,193.0,0.0311,False,"actual exit pnl (ledger, verbatim) - NOT settlement",closed
2026-08-20,2026-08-20 13:33:11,T00779,GF-QQQ-IC-Touch0,IC,QQQ,shortputspread,707,,n/a,defang,,193.0,,True,DEFERRED v1 — needs the intraday premium-decay path (mark short leg to ~$0.05) not present in the ledger. TODO: model once tick/1-min option-premium history is available.,closed
2026-08-20,2026-08-20 13:33:11,T00779,GF-QQQ-IC-Touch0,IC,QQQ,shortputspread,707,,n/a,pt100,7.0,193.0,0.0363,True,optimistic bound: booked +100% of credit_basis at mfe_pct threshold,closed
2026-08-20,2026-08-20 13:33:11,T00779,GF-QQQ-IC-Touch0,IC,QQQ,shortputspread,707,,n/a,pt25,1.75,193.0,0.0091,True,optimistic bound: booked +25% of credit_basis at mfe_pct threshold,closed
2026-08-20,2026-08-20 13:33:11,T00779,GF-QQQ-IC-Touch0,IC,QQQ,shortputspread,707,,n/a,pt50,3.5,193.0,0.0181,True,optimistic bound: booked +50% of credit_basis at mfe_pct threshold,closed
2026-08-20,2026-08-20 13:33:11,T00779,GF-QQQ-IC-Touch0,IC,QQQ,shortputspread,707,,n/a,settle,,193.0,,True,NOT EVALUABLE — position closed early; what it would have returned held to settlement needs post-exit path data that does not exist. Never modeled.,closed
2026-08-20,2026-08-20 13:33:11,T00779,GF-QQQ-IC-Touch0,IC,QQQ,shortputspread,707,,n/a,sl100,-7.0,193.0,-0.0363,True,optimistic bound: booked -100% of credit_basis at mae_pct threshold,closed
2026-08-20,2026-08-20 13:33:11,T00779,GF-QQQ-IC-Touch0,IC,QQQ,shortputspread,707,,n/a,sl130,-9.1,193.0,-0.0472,True,optimistic bound: booked -130% of credit_basis at mae_pct threshold,closed
2026-08-20,2026-08-20 13:33:11,T00779,GF-QQQ-IC-Touch0,IC,QQQ,shortputspread,707,,n/a,sl50,-3.5,193.0,-0.0181,True,optimistic bound: booked -50% of credit_basis at mae_pct threshold,closed
2026-08-20,2026-08-20 13:33:11,T00779,GF-QQQ-IC-Touch0,IC,QQQ,shortputspread,707,,n/a,sl75,-5.25,193.0,-0.0272,True,optimistic bound: booked -75% of credit_basis at mae_pct threshold,closed
2026-08-20,2026-08-20 13:32:14,T00781,GF-QQQ-IC-Trail,IC,QQQ,shortcallspread,,714,n/a,actual,6.0,193.0,0.0311,False,"actual exit pnl (ledger, verbatim) - NOT settlement",closed
2026-08-20,2026-08-20 13:32:14,T00781,GF-QQQ-IC-Trail,IC,QQQ,shortcallspread,,714,n/a,defang,,193.0,,True,DEFERRED v1 — needs the intraday premium-decay path (mark short leg to ~$0.05) not present in the ledger. TODO: model once tick/1-min option-premium history is available.,closed
2026-08-20,2026-08-20 13:32:14,T00781,GF-QQQ-IC-Trail,IC,QQQ,shortcallspread,,714,n/a,pt100,7.0,193.0,0.0363,True,optimistic bound: booked +100% of credit_basis at mfe_pct threshold,closed
2026-08-20,2026-08-20 13:32:14,T00781,GF-QQQ-IC-Trail,IC,QQQ,shortcallspread,,714,n/a,pt25,1.75,193.0,0.0091,True,optimistic bound: booked +25% of credit_basis at mfe_pct threshold,closed
2026-08-20,2026-08-20 13:32:14,T00781,GF-QQQ-IC-Trail,IC,QQQ,shortcallspread,,714,n/a,pt50,3.5,193.0,0.0181,True,optimistic bound: booked +50% of credit_basis at mfe_pct threshold,closed
2026-08-20,2026-08-20 13:32:14,T00781,GF-QQQ-IC-Trail,IC,QQQ,shortcallspread,,714,n/a,settle,,193.0,,True,NOT EVALUABLE — position closed early; what it would have returned held to settlement needs post-exit path data that does not exist. Never modeled.,closed
2026-08-20,2026-08-20 13:32:14,T00781,GF-QQQ-IC-Trail,IC,QQQ,shortcallspread,,714,n/a,sl100,6.0,193.0,0.0311,True,optimistic bound: no SL hit -> actual exit pnl (ledger),closed
2026-08-20,2026-08-20 13:32:14,T00781,GF-QQQ-IC-Trail,IC,QQQ,shortcallspread,,714,n/a,sl130,6.0,193.0,0.0311,True,optimistic bound: no SL hit -> actual exit pnl (ledger),closed
2026-08-20,2026-08-20 13:32:14,T00781,GF-QQQ-IC-Trail,IC,QQQ,shortcallspread,,714,n/a,sl50,6.0,193.0,0.0311,True,optimistic bound: no SL hit -> actual exit pnl (ledger),closed
2026-08-20,2026-08-20 13:32:14,T00781,GF-QQQ-IC-Trail,IC,QQQ,shortcallspread,,714,n/a,sl75,6.0,193.0,0.0311,True,optimistic bound: no SL hit -> actual exit pnl (ledger),closed
2026-08-20,2026-08-20 13:33:11,T00781,GF-QQQ-IC-Trail,IC,QQQ,shortputspread,707,,n/a,actual,1.0,193.0,0.0052,False,"actual exit pnl (ledger, verbatim) - NOT settlement",closed
2026-08-20,2026-08-20 13:33:11,T00781,GF-QQQ-IC-Trail,IC,QQQ,shortputspread,707,,n/a,defang,,193.0,,True,DEFERRED v1 — needs the intraday premium-decay path (mark short leg to ~$0.05) not present in the ledger. TODO: model once tick/1-min option-premium history is available.,closed
2026-08-20,2026-08-20 13:33:11,T00781,GF-QQQ-IC-Trail,IC,QQQ,shortputspread,707,,n/a,pt100,1.0,193.0,0.0052,True,optimistic bound: no PT hit -> actual exit pnl (ledger),closed
2026-08-20,2026-08-20 13:33:11,T00781,GF-QQQ-IC-Trail,IC,QQQ,shortputspread,707,,n/a,pt25,1.75,193.0,0.0091,True,optimistic bound: booked +25% of credit_basis at mfe_pct threshold,closed
2026-08-20,2026-08-20 13:33:11,T00781,GF-QQQ-IC-Trail,IC,QQQ,shortputspread,707,,n/a,pt50,3.5,193.0,0.0181,True,optimistic bound: booked +50% of credit_basis at mfe_pct threshold,closed
2026-08-20,2026-08-20 13:33:11,T00781,GF-QQQ-IC-Trail,IC,QQQ,shortputspread,707,,n/a,settle,,193.0,,True,NOT EVALUABLE — position closed early; what it would have returned held to settlement needs post-exit path data that does not exist. Never modeled.,closed
2026-08-20,2026-08-20 13:33:11,T00781,GF-QQQ-IC-Trail,IC,QQQ,shortputspread,707,,n/a,sl100,1.0,193.0,0.0052,True,optimistic bound: no SL hit -> actual exit pnl (ledger),closed
2026-08-20,2026-08-20 13:33:11,T00781,GF-QQQ-IC-Trail,IC,QQQ,shortputspread,707,,n/a,sl130,1.0,193.0,0.0052,True,optimistic bound: no SL hit -> actual exit pnl (ledger),closed
2026-08-20,2026-08-20 13:33:11,T00781,GF-QQQ-IC-Trail,IC,QQQ,shortputspread,707,,n/a,sl50,1.0,193.0,0.0052,True,optimistic bound: no SL hit -> actual exit pnl (ledger),closed
2026-08-20,2026-08-20 13:33:11,T00781,GF-QQQ-IC-Trail,IC,QQQ,shortputspread,707,,n/a,sl75,1.0,193.0,0.0052,True,optimistic bound: no SL hit -> actual exit pnl (ledger),closed
2026-08-20,2026-08-20 11:01:01,T00785,IC-SPX-FastPT25-S2,IC,SPX,shortputspread,7635,,n/a,actual,0.0,4850.0,0.0,False,"actual exit pnl (ledger, verbatim) - NOT settlement",closed
2026-08-20,2026-08-20 11:01:01,T00785,IC-SPX-FastPT25-S2,IC,SPX,shortputspread,7635,,n/a,defang,,4850.0,,True,DEFERRED v1 — needs the intraday premium-decay path (mark short leg to ~$0.05) not present in the ledger. TODO: model once tick/1-min option-premium history is available.,closed
2026-08-20,2026-08-20 11:01:01,T00785,IC-SPX-FastPT25-S2,IC,SPX,shortputspread,7635,,n/a,pt100,0.0,4850.0,0.0,True,optimistic bound: no PT hit -> actual exit pnl (ledger),closed
2026-08-20,2026-08-20 11:01:01,T00785,IC-SPX-FastPT25-S2,IC,SPX,shortputspread,7635,,n/a,pt25,37.5,4850.0,0.0077,True,optimistic bound: booked +25% of credit_basis at mfe_pct threshold,closed
2026-08-20,2026-08-20 11:01:01,T00785,IC-SPX-FastPT25-S2,IC,SPX,shortputspread,7635,,n/a,pt50,0.0,4850.0,0.0,True,optimistic bound: no PT hit -> actual exit pnl (ledger),closed
2026-08-20,2026-08-20 11:01:01,T00785,IC-SPX-FastPT25-S2,IC,SPX,shortputspread,7635,,n/a,settle,,4850.0,,True,NOT EVALUABLE — position closed early; what it would have returned held to settlement needs post-exit path data that does not exist. Never modeled.,closed
2026-08-20,2026-08-20 11:01:01,T00785,IC-SPX-FastPT25-S2,IC,SPX,shortputspread,7635,,n/a,sl100,0.0,4850.0,0.0,True,optimistic bound: no SL hit -> actual exit pnl (ledger),closed
2026-08-20,2026-08-20 11:01:01,T00785,IC-SPX-FastPT25-S2,IC,SPX,shortputspread,7635,,n/a,sl130,0.0,4850.0,0.0,True,optimistic bound: no SL hit -> actual exit pnl (ledger),closed
2026-08-20,2026-08-20 11:01:01,T00785,IC-SPX-FastPT25-S2,IC,SPX,shortputspread,7635,,n/a,sl50,0.0,4850.0,0.0,True,optimistic bound: no SL hit -> actual exit pnl (ledger),closed
2026-08-20,2026-08-20 11:01:01,T00785,IC-SPX-FastPT25-S2,IC,SPX,shortputspread,7635,,n/a,sl75,0.0,4850.0,0.0,True,optimistic bound: no SL hit -> actual exit pnl (ledger),closed
2026-08-20,2026-08-20 11:07:02,T00784,IC-SPX-FastPT25-S2,IC,SPX,shortcallspread,,7745,n/a,actual,50.0,4900.0,0.0102,False,"actual exit pnl (ledger, verbatim) - NOT settlement",closed
2026-08-20,2026-08-20 11:07:02,T00784,IC-SPX-FastPT25-S2,IC,SPX,shortcallspread,,7745,n/a,defang,,4900.0,,True,DEFERRED v1 — needs the intraday premium-decay path (mark short leg to ~$0.05) not present in the ledger. TODO: model once tick/1-min option-premium history is available.,closed
2026-08-20,2026-08-20 11:07:02,T00784,IC-SPX-FastPT25-S2,IC,SPX,shortcallspread,,7745,n/a,pt100,50.0,4900.0,0.0102,True,optimistic bound: no PT hit -> actual exit pnl (ledger),closed
2026-08-20,2026-08-20 11:07:02,T00784,IC-SPX-FastPT25-S2,IC,SPX,shortcallspread,,7745,n/a,pt25,25.0,4900.0,0.0051,True,optimistic bound: booked +25% of credit_basis at mfe_pct threshold,closed
2026-08-20,2026-08-20 11:07:02,T00784,IC-SPX-FastPT25-S2,IC,SPX,shortcallspread,,7745,n/a,pt50,50.0,4900.0,0.0102,True,optimistic bound: booked +50% of credit_basis at mfe_pct threshold,closed
2026-08-20,2026-08-20 11:07:02,T00784,IC-SPX-FastPT25-S2,IC,SPX,shortcallspread,,7745,n/a,settle,,4900.0,,True,NOT EVALUABLE — position closed early; what it would have returned held to settlement needs post-exit path data that does not exist. Never modeled.,closed
2026-08-20,2026-08-20 11:07:02,T00784,IC-SPX-FastPT25-S2,IC,SPX,shortcallspread,,7745,n/a,sl100,50.0,4900.0,0.0102,True,optimistic bound: no SL hit -> actual exit pnl (ledger),closed
2026-08-20,2026-08-20 11:07:02,T00784,IC-SPX-FastPT25-S2,IC,SPX,shortcallspread,,7745,n/a,sl130,50.0,4900.0,0.0102,True,optimistic bound: no SL hit -> actual exit pnl (ledger),closed
2026-08-20,2026-08-20 11:07:02,T00784,IC-SPX-FastPT25-S2,IC,SPX,shortcallspread,,7745,n/a,sl50,50.0,4900.0,0.0102,True,optimistic bound: no SL hit -> actual exit pnl (ledger),closed
2026-08-20,2026-08-20 11:07:02,T00784,IC-SPX-FastPT25-S2,IC,SPX,shortcallspread,,7745,n/a,sl75,50.0,4900.0,0.0102,True,optimistic bound: no SL hit -> actual exit pnl (ledger),closed
2026-08-20,2026-08-20 13:31:01,T00775,IC-SPX-FastPT25-S2-130PM,IC,SPX,shortputspread,7640,,n/a,actual,300.0,4700.0,0.0638,False,"settlement pnl (ledger, verbatim)",expired
2026-08-20,2026-08-20 13:31:01,T00775,IC-SPX-FastPT25-S2-130PM,IC,SPX,shortputspread,7640,,n/a,defang,,4700.0,,True,DEFERRED v1 — needs the intraday premium-decay path (mark short leg to ~$0.05) not present in the ledger. TODO: model once tick/1-min option-premium history is available.,expired
2026-08-20,2026-08-20 13:31:01,T00775,IC-SPX-FastPT25-S2-130PM,IC,SPX,shortputspread,7640,,n/a,pt100,300.0,4700.0,0.0638,True,optimistic bound: no PT hit -> rode to settlement,expired
2026-08-20,2026-08-20 13:31:01,T00775,IC-SPX-FastPT25-S2-130PM,IC,SPX,shortputspread,7640,,n/a,pt25,75.0,4700.0,0.016,True,optimistic bound: booked +25% of credit_basis at mfe_pct threshold,expired
2026-08-20,2026-08-20 13:31:01,T00775,IC-SPX-FastPT25-S2-130PM,IC,SPX,shortputspread,7640,,n/a,pt50,150.0,4700.0,0.0319,True,optimistic bound: booked +50% of credit_basis at mfe_pct threshold,expired
2026-08-20,2026-08-20 13:31:01,T00775,IC-SPX-FastPT25-S2-130PM,IC,SPX,shortputspread,7640,,n/a,sl100,-300.0,4700.0,-0.0638,True,optimistic bound: booked -100% of credit_basis at mae_pct threshold,expired
2026-08-20,2026-08-20 13:31:01,T00775,IC-SPX-FastPT25-S2-130PM,IC,SPX,shortputspread,7640,,n/a,sl130,-390.0,4700.0,-0.083,True,optimistic bound: booked -130% of credit_basis at mae_pct threshold,expired
2026-08-20,2026-08-20 13:31:01,T00775,IC-SPX-FastPT25-S2-130PM,IC,SPX,shortputspread,7640,,n/a,sl50,-150.0,4700.0,-0.0319,True,optimistic bound: booked -50% of credit_basis at mae_pct threshold,expired
2026-08-20,2026-08-20 13:31:01,T00775,IC-SPX-FastPT25-S2-130PM,IC,SPX,shortputspread,7640,,n/a,sl75,-225.0,4700.0,-0.0479,True,optimistic bound: booked -75% of credit_basis at mae_pct threshold,expired
2026-08-20,2026-08-20 13:31:03,T00775,IC-SPX-FastPT25-S2-130PM,IC,SPX,shortcallspread,,7690,n/a,actual,250.0,4750.0,0.0526,False,"settlement pnl (ledger, verbatim)",expired
2026-08-20,2026-08-20 13:31:03,T00775,IC-SPX-FastPT25-S2-130PM,IC,SPX,shortcallspread,,7690,n/a,defang,,4750.0,,True,DEFERRED v1 — needs the intraday premium-decay path (mark short leg to ~$0.05) not present in the ledger. TODO: model once tick/1-min option-premium history is available.,expired
2026-08-20,2026-08-20 13:31:03,T00775,IC-SPX-FastPT25-S2-130PM,IC,SPX,shortcallspread,,7690,n/a,pt100,250.0,4750.0,0.0526,True,optimistic bound: booked +100% of credit_basis at mfe_pct threshold,expired
2026-08-20,2026-08-20 13:31:03,T00775,IC-SPX-FastPT25-S2-130PM,IC,SPX,shortcallspread,,7690,n/a,pt25,62.5,4750.0,0.0132,True,optimistic bound: booked +25% of credit_basis at mfe_pct threshold,expired
2026-08-20,2026-08-20 13:31:03,T00775,IC-SPX-FastPT25-S2-130PM,IC,SPX,shortcallspread,,7690,n/a,pt50,125.0,4750.0,0.0263,True,optimistic bound: booked +50% of credit_basis at mfe_pct threshold,expired
2026-08-20,2026-08-20 13:31:03,T00775,IC-SPX-FastPT25-S2-130PM,IC,SPX,shortcallspread,,7690,n/a,sl100,250.0,4750.0,0.0526,True,optimistic bound: no SL hit -> rode to settlement,expired
2026-08-20,2026-08-20 13:31:03,T00775,IC-SPX-FastPT25-S2-130PM,IC,SPX,shortcallspread,,7690,n/a,sl130,250.0,4750.0,0.0526,True,optimistic bound: no SL hit -> rode to settlement,expired
2026-08-20,2026-08-20 13:31:03,T00775,IC-SPX-FastPT25-S2-130PM,IC,SPX,shortcallspread,,7690,n/a,sl50,250.0,4750.0,0.0526,True,optimistic bound: no SL hit -> rode to settlement,expired
2026-08-20,2026-08-20 13:31:03,T00775,IC-SPX-FastPT25-S2-130PM,IC,SPX,shortcallspread,,7690,n/a,sl75,250.0,4750.0,0.0526,True,optimistic bound: no SL hit -> rode to settlement,expired
2026-08-21,2026-08-21 10:45:02,T00774,60min-ORB-10W-Paper-v1,OA-Mirror,SPX,shortcallspread,,7680,n/a,actual,-140.0,810.0,-0.1728,False,"actual exit pnl (ledger, verbatim) - NOT settlement",closed
2026-08-21,2026-08-21 10:45:02,T00774,60min-ORB-10W-Paper-v1,OA-Mirror,SPX,shortcallspread,,7680,n/a,defang,,810.0,,True,DEFERRED v1 — needs the intraday premium-decay path (mark short leg to ~$0.05) not present in the ledger. TODO: model once tick/1-min option-premium history is available.,closed
2026-08-21,2026-08-21 10:45:02,T00774,60min-ORB-10W-Paper-v1,OA-Mirror,SPX,shortcallspread,,7680,n/a,pt100,-140.0,810.0,-0.1728,True,optimistic bound: no PT hit -> actual exit pnl (ledger),closed
2026-08-21,2026-08-21 10:45:02,T00774,60min-ORB-10W-Paper-v1,OA-Mirror,SPX,shortcallspread,,7680,n/a,pt25,-140.0,810.0,-0.1728,True,optimistic bound: no PT hit -> actual exit pnl (ledger),closed
2026-08-21,2026-08-21 10:45:02,T00774,60min-ORB-10W-Paper-v1,OA-Mirror,SPX,shortcallspread,,7680,n/a,pt50,-140.0,810.0,-0.1728,True,optimistic bound: no PT hit -> actual exit pnl (ledger),closed
2026-08-21,2026-08-21 10:45:02,T00774,60min-ORB-10W-Paper-v1,OA-Mirror,SPX,shortcallspread,,7680,n/a,settle,,810.0,,True,NOT EVALUABLE — position closed early; what it would have returned held to settlement needs post-exit path data that does not exist. Never modeled.,closed
2026-08-21,2026-08-21 10:45:02,T00774,60min-ORB-10W-Paper-v1,OA-Mirror,SPX,shortcallspread,,7680,n/a,sl100,-140.0,810.0,-0.1728,True,optimistic bound: no SL hit -> actual exit pnl (ledger),closed
2026-08-21,2026-08-21 10:45:02,T00774,60min-ORB-10W-Paper-v1,OA-Mirror,SPX,shortcallspread,,7680,n/a,sl130,-140.0,810.0,-0.1728,True,optimistic bound: no SL hit -> actual exit pnl (ledger),closed
2026-08-21,2026-08-21 10:45:02,T00774,60min-ORB-10W-Paper-v1,OA-Mirror,SPX,shortcallspread,,7680,n/a,sl50,-95.0,810.0,-0.1173,True,optimistic bound: booked -50% of credit_basis at mae_pct threshold,closed
2026-08-21,2026-08-21 10:45:02,T00774,60min-ORB-10W-Paper-v1,OA-Mirror,SPX,shortcallspread,,7680,n/a,sl75,-140.0,810.0,-0.1728,True,optimistic bound: no SL hit -> actual exit pnl (ledger),closed
2026-08-21,2026-08-21 11:00:02,T00769,DIR-SPX-CallVIXdrop,Directional,SPX,longcallspread,,7690,n/a,actual,-335.0,630.0,-0.5317,False,"actual exit pnl (ledger, verbatim) - NOT settlement",closed
2026-08-21,2026-08-21 11:00:02,T00769,DIR-SPX-CallVIXdrop,Directional,SPX,longcallspread,,7690,n/a,defang,,630.0,,True,DEFERRED v1 — needs the intraday premium-decay path (mark short leg to ~$0.05) not present in the ledger. TODO: model once tick/1-min option-premium history is available.,closed
2026-08-21,2026-08-21 11:00:02,T00769,DIR-SPX-CallVIXdrop,Directional,SPX,longcallspread,,7690,n/a,pt100,-335.0,630.0,-0.5317,True,optimistic bound: no PT hit -> actual exit pnl (ledger),closed
2026-08-21,2026-08-21 11:00:02,T00769,DIR-SPX-CallVIXdrop,Directional,SPX,longcallspread,,7690,n/a,pt25,157.5,630.0,0.25,True,optimistic bound: booked +25% of credit_basis at mfe_pct threshold,closed
2026-08-21,2026-08-21 11:00:02,T00769,DIR-SPX-CallVIXdrop,Directional,SPX,longcallspread,,7690,n/a,pt50,315.0,630.0,0.5,True,optimistic bound: booked +50% of credit_basis at mfe_pct threshold,closed
2026-08-21,2026-08-21 11:00:02,T00769,DIR-SPX-CallVIXdrop,Directional,SPX,longcallspread,,7690,n/a,settle,,630.0,,True,NOT EVALUABLE — position closed early; what it would have returned held to settlement needs post-exit path data that does not exist. Never modeled.,closed
2026-08-21,2026-08-21 11:00:02,T00769,DIR-SPX-CallVIXdrop,Directional,SPX,longcallspread,,7690,n/a,sl100,-335.0,630.0,-0.5317,True,optimistic bound: no SL hit -> actual exit pnl (ledger),closed
2026-08-21,2026-08-21 11:00:02,T00769,DIR-SPX-CallVIXdrop,Directional,SPX,longcallspread,,7690,n/a,sl130,-335.0,630.0,-0.5317,True,optimistic bound: no SL hit -> actual exit pnl (ledger),closed
2026-08-21,2026-08-21 11:00:02,T00769,DIR-SPX-CallVIXdrop,Directional,SPX,longcallspread,,7690,n/a,sl50,-315.0,630.0,-0.5,True,optimistic bound: booked -50% of credit_basis at mae_pct threshold,closed
2026-08-21,2026-08-21 11:00:02,T00769,DIR-SPX-CallVIXdrop,Directional,SPX,longcallspread,,7690,n/a,sl75,-335.0,630.0,-0.5317,True,optimistic bound: no SL hit -> actual exit pnl (ledger),closed
2026-08-21,2026-08-21 13:35:11,T00771,GF-QQQ-IC-Canary,IC,QQQ,shortputspread,710,,n/a,actual,1.0,193.0,0.0052,False,"actual exit pnl (ledger, verbatim) - NOT settlement",closed
2026-08-21,2026-08-21 13:35:11,T00771,GF-QQQ-IC-Canary,IC,QQQ,shortputspread,710,,n/a,defang,,193.0,,True,DEFERRED v1 — needs the intraday premium-decay path (mark short leg to ~$0.05) not present in the ledger. TODO: model once tick/1-min option-premium history is available.,closed
2026-08-21,2026-08-21 13:35:11,T00771,GF-QQQ-IC-Canary,IC,QQQ,shortputspread,710,,n/a,pt100,1.0,193.0,0.0052,True,optimistic bound: no PT hit -> actual exit pnl (ledger),closed
2026-08-21,2026-08-21 13:35:11,T00771,GF-QQQ-IC-Canary,IC,QQQ,shortputspread,710,,n/a,pt25,1.75,193.0,0.0091,True,optimistic bound: booked +25% of credit_basis at mfe_pct threshold,closed
2026-08-21,2026-08-21 13:35:11,T00771,GF-QQQ-IC-Canary,IC,QQQ,shortputspread,710,,n/a,pt50,1.0,193.0,0.0052,True,optimistic bound: no PT hit -> actual exit pnl (ledger),closed
2026-08-21,2026-08-21 13:35:11,T00771,GF-QQQ-IC-Canary,IC,QQQ,shortputspread,710,,n/a,settle,,193.0,,True,NOT EVALUABLE — position closed early; what it would have returned held to settlement needs post-exit path data that does not exist. Never modeled.,closed
2026-08-21,2026-08-21 13:35:11,T00771,GF-QQQ-IC-Canary,IC,QQQ,shortputspread,710,,n/a,sl100,1.0,193.0,0.0052,True,optimistic bound: no SL hit -> actual exit pnl (ledger),closed
2026-08-21,2026-08-21 13:35:11,T00771,GF-QQQ-IC-Canary,IC,QQQ,shortputspread,710,,n/a,sl130,1.0,193.0,0.0052,True,optimistic bound: no SL hit -> actual exit pnl (ledger),closed
2026-08-21,2026-08-21 13:35:11,T00771,GF-QQQ-IC-Canary,IC,QQQ,shortputspread,710,,n/a,sl50,1.0,193.0,0.0052,True,optimistic bound: no SL hit -> actual exit pnl (ledger),closed
2026-08-21,2026-08-21 13:35:11,T00771,GF-QQQ-IC-Canary,IC,QQQ,shortputspread,710,,n/a,sl75,1.0,193.0,0.0052,True,optimistic bound: no SL hit -> actual exit pnl (ledger),closed
2026-08-21,2026-08-21 13:35:11,T00768,GF-QQQ-IC-PT50,IC,QQQ,shortputspread,710,,n/a,actual,4.0,193.0,0.0207,False,"actual exit pnl (ledger, verbatim) - NOT settlement",closed
2026-08-21,2026-08-21 13:35:11,T00768,GF-QQQ-IC-PT50,IC,QQQ,shortputspread,710,,n/a,defang,,193.0,,True,DEFERRED v1 — needs the intraday premium-decay path (mark short leg to ~$0.05) not present in the ledger. TODO: model once tick/1-min option-premium history is available.,closed
2026-08-21,2026-08-21 13:35:11,T00768,GF-QQQ-IC-PT50,IC,QQQ,shortputspread,710,,n/a,pt100,4.0,193.0,0.0207,True,optimistic bound: no PT hit -> actual exit pnl (ledger),closed
2026-08-21,2026-08-21 13:35:11,T00768,GF-QQQ-IC-PT50,IC,QQQ,shortputspread,710,,n/a,pt25,1.75,193.0,0.0091,True,optimistic bound: booked +25% of credit_basis at mfe_pct threshold,closed
2026-08-21,2026-08-21 13:35:11,T00768,GF-QQQ-IC-PT50,IC,QQQ,shortputspread,710,,n/a,pt50,3.5,193.0,0.0181,True,optimistic bound: booked +50% of credit_basis at mfe_pct threshold,closed
2026-08-21,2026-08-21 13:35:11,T00768,GF-QQQ-IC-PT50,IC,QQQ,shortputspread,710,,n/a,settle,,193.0,,True,NOT EVALUABLE — position closed early; what it would have returned held to settlement needs post-exit path data that does not exist. Never modeled.,closed
2026-08-21,2026-08-21 13:35:11,T00768,GF-QQQ-IC-PT50,IC,QQQ,shortputspread,710,,n/a,sl100,4.0,193.0,0.0207,True,optimistic bound: no SL hit -> actual exit pnl (ledger),closed
2026-08-21,2026-08-21 13:35:11,T00768,GF-QQQ-IC-PT50,IC,QQQ,shortputspread,710,,n/a,sl130,4.0,193.0,0.0207,True,optimistic bound: no SL hit -> actual exit pnl (ledger),closed
2026-08-21,2026-08-21 13:35:11,T00768,GF-QQQ-IC-PT50,IC,QQQ,shortputspread,710,,n/a,sl50,4.0,193.0,0.0207,True,optimistic bound: no SL hit -> actual exit pnl (ledger),closed
2026-08-21,2026-08-21 13:35:11,T00768,GF-QQQ-IC-PT50,IC,QQQ,shortputspread,710,,n/a,sl75,4.0,193.0,0.0207,True,optimistic bound: no SL hit -> actual exit pnl (ledger),closed
2026-08-21,2026-08-21 13:35:11,T00765,GF-QQQ-IC-Ride,IC,QQQ,shortputspread,710,,n/a,actual,6.0,193.0,0.0311,False,"actual exit pnl (ledger, verbatim) - NOT settlement",closed
2026-08-21,2026-08-21 13:35:11,T00765,GF-QQQ-IC-Ride,IC,QQQ,shortputspread,710,,n/a,defang,,193.0,,True,DEFERRED v1 — needs the intraday premium-decay path (mark short leg to ~$0.05) not present in the ledger. TODO: model once tick/1-min option-premium history is available.,closed
2026-08-21,2026-08-21 13:35:11,T00765,GF-QQQ-IC-Ride,IC,QQQ,shortputspread,710,,n/a,pt100,7.0,193.0,0.0363,True,optimistic bound: booked +100% of credit_basis at mfe_pct threshold,closed
2026-08-21,2026-08-21 13:35:11,T00765,GF-QQQ-IC-Ride,IC,QQQ,shortputspread,710,,n/a,pt25,1.75,193.0,0.0091,True,optimistic bound: booked +25% of credit_basis at mfe_pct threshold,closed
2026-08-21,2026-08-21 13:35:11,T00765,GF-QQQ-IC-Ride,IC,QQQ,shortputspread,710,,n/a,pt50,3.5,193.0,0.0181,True,optimistic bound: booked +50% of credit_basis at mfe_pct threshold,closed
2026-08-21,2026-08-21 13:35:11,T00765,GF-QQQ-IC-Ride,IC,QQQ,shortputspread,710,,n/a,settle,,193.0,,True,NOT EVALUABLE — position closed early; what it would have returned held to settlement needs post-exit path data that does not exist. Never modeled.,closed
2026-08-21,2026-08-21 13:35:11,T00765,GF-QQQ-IC-Ride,IC,QQQ,shortputspread,710,,n/a,sl100,6.0,193.0,0.0311,True,optimistic bound: no SL hit -> actual exit pnl (ledger),closed
2026-08-21,2026-08-21 13:35:11,T00765,GF-QQQ-IC-Ride,IC,QQQ,shortputspread,710,,n/a,sl130,6.0,193.0,0.0311,True,optimistic bound: no SL hit -> actual exit pnl (ledger),closed
2026-08-21,2026-08-21 13:35:11,T00765,GF-QQQ-IC-Ride,IC,QQQ,shortputspread,710,,n/a,sl50,6.0,193.0,0.0311,True,optimistic bound: no SL hit -> actual exit pnl (ledger),closed
2026-08-21,2026-08-21 13:35:11,T00765,GF-QQQ-IC-Ride,IC,QQQ,shortputspread,710,,n/a,sl75,6.0,193.0,0.0311,True,optimistic bound: no SL hit -> actual exit pnl (ledger),closed
2026-08-21,2026-08-21 13:35:11,T00762,GF-QQQ-IC-Ride-Delta,IC,QQQ,shortputspread,710,,n/a,actual,6.0,193.0,0.0311,False,"actual exit pnl (ledger, verbatim) - NOT settlement",closed
2026-08-21,2026-08-21 13:35:11,T00762,GF-QQQ-IC-Ride-Delta,IC,QQQ,shortputspread,710,,n/a,defang,,193.0,,True,DEFERRED v1 — needs the intraday premium-decay path (mark short leg to ~$0.05) not present in the ledger. TODO: model once tick/1-min option-premium history is available.,closed
2026-08-21,2026-08-21 13:35:11,T00762,GF-QQQ-IC-Ride-Delta,IC,QQQ,shortputspread,710,,n/a,pt100,7.0,193.0,0.0363,True,optimistic bound: booked +100% of credit_basis at mfe_pct threshold,closed
2026-08-21,2026-08-21 13:35:11,T00762,GF-QQQ-IC-Ride-Delta,IC,QQQ,shortputspread,710,,n/a,pt25,1.75,193.0,0.0091,True,optimistic bound: booked +25% of credit_basis at mfe_pct threshold,closed
2026-08-21,2026-08-21 13:35:11,T00762,GF-QQQ-IC-Ride-Delta,IC,QQQ,shortputspread,710,,n/a,pt50,3.5,193.0,0.0181,True,optimistic bound: booked +50% of credit_basis at mfe_pct threshold,closed
2026-08-21,2026-08-21 13:35:11,T00762,GF-QQQ-IC-Ride-Delta,IC,QQQ,shortputspread,710,,n/a,settle,,193.0,,True,NOT EVALUABLE — position closed early; what it would have returned held to settlement needs post-exit path data that does not exist. Never modeled.,closed
2026-08-21,2026-08-21 13:35:11,T00762,GF-QQQ-IC-Ride-Delta,IC,QQQ,shortputspread,710,,n/a,sl100,6.0,193.0,0.0311,True,optimistic bound: no SL hit -> actual exit pnl (ledger),closed
2026-08-21,2026-08-21 13:35:11,T00762,GF-QQQ-IC-Ride-Delta,IC,QQQ,shortputspread,710,,n/a,sl130,6.0,193.0,0.0311,True,optimistic bound: no SL hit -> actual exit pnl (ledger),closed
2026-08-21,2026-08-21 13:35:11,T00762,GF-QQQ-IC-Ride-Delta,IC,QQQ,shortputspread,710,,n/a,sl50,6.0,193.0,0.0311,True,optimistic bound: no SL hit -> actual exit pnl (ledger),closed
2026-08-21,2026-08-21 13:35:11,T00762,GF-QQQ-IC-Ride-Delta,IC,QQQ,shortputspread,710,,n/a,sl75,6.0,193.0,0.0311,True,optimistic bound: no SL hit -> actual exit pnl (ledger),closed
2026-08-21,2026-08-21 13:35:14,T00763,GF-QQQ-IC-Ride-Delta,IC,QQQ,shortputspread,710,,n/a,actual,6.0,193.0,0.0311,False,"actual exit pnl (ledger, verbatim) - NOT settlement",closed
2026-08-21,2026-08-21 13:35:14,T00763,GF-QQQ-IC-Ride-Delta,IC,QQQ,shortputspread,710,,n/a,defang,,193.0,,True,DEFERRED v1 — needs the intraday premium-decay path (mark short leg to ~$0.05) not present in the ledger. TODO: model once tick/1-min option-premium history is available.,closed
2026-08-21,2026-08-21 13:35:14,T00763,GF-QQQ-IC-Ride-Delta,IC,QQQ,shortputspread,710,,n/a,pt100,7.0,193.0,0.0363,True,optimistic bound: booked +100% of credit_basis at mfe_pct threshold,closed
2026-08-21,2026-08-21 13:35:14,T00763,GF-QQQ-IC-Ride-Delta,IC,QQQ,shortputspread,710,,n/a,pt25,1.75,193.0,0.0091,True,optimistic bound: booked +25% of credit_basis at mfe_pct threshold,closed
2026-08-21,2026-08-21 13:35:14,T00763,GF-QQQ-IC-Ride-Delta,IC,QQQ,shortputspread,710,,n/a,pt50,3.5,193.0,0.0181,True,optimistic bound: booked +50% of credit_basis at mfe_pct threshold,closed
2026-08-21,2026-08-21 13:35:14,T00763,GF-QQQ-IC-Ride-Delta,IC,QQQ,shortputspread,710,,n/a,settle,,193.0,,True,NOT EVALUABLE — position closed early; what it would have returned held to settlement needs post-exit path data that does not exist. Never modeled.,closed
2026-08-21,2026-08-21 13:35:14,T00763,GF-QQQ-IC-Ride-Delta,IC,QQQ,shortputspread,710,,n/a,sl100,6.0,193.0,0.0311,True,optimistic bound: no SL hit -> actual exit pnl (ledger),closed
2026-08-21,2026-08-21 13:35:14,T00763,GF-QQQ-IC-Ride-Delta,IC,QQQ,shortputspread,710,,n/a,sl130,6.0,193.0,0.0311,True,optimistic bound: no SL hit -> actual exit pnl (ledger),closed
2026-08-21,2026-08-21 13:35:14,T00763,GF-QQQ-IC-Ride-Delta,IC,QQQ,shortputspread,710,,n/a,sl50,6.0,193.0,0.0311,True,optimistic bound: no SL hit -> actual exit pnl (ledger),closed
2026-08-21,2026-08-21 13:35:14,T00763,GF-QQQ-IC-Ride-Delta,IC,QQQ,shortputspread,710,,n/a,sl75,6.0,193.0,0.0311,True,optimistic bound: no SL hit -> actual exit pnl (ledger),closed
2026-08-21,2026-08-21 13:35:11,T00764,GF-QQQ-IC-SL100,IC,QQQ,shortputspread,710,,n/a,actual,6.0,193.0,0.0311,False,"actual exit pnl (ledger, verbatim) - NOT settlement",closed
2026-08-21,2026-08-21 13:35:11,T00764,GF-QQQ-IC-SL100,IC,QQQ,shortputspread,710,,n/a,defang,,193.0,,True,DEFERRED v1 — needs the intraday premium-decay path (mark short leg to ~$0.05) not present in the ledger. TODO: model once tick/1-min option-premium history is available.,closed
2026-08-21,2026-08-21 13:35:11,T00764,GF-QQQ-IC-SL100,IC,QQQ,shortputspread,710,,n/a,pt100,7.0,193.0,0.0363,True,optimistic bound: booked +100% of credit_basis at mfe_pct threshold,closed
2026-08-21,2026-08-21 13:35:11,T00764,GF-QQQ-IC-SL100,IC,QQQ,shortputspread,710,,n/a,pt25,1.75,193.0,0.0091,True,optimistic bound: booked +25% of credit_basis at mfe_pct threshold,closed
2026-08-21,2026-08-21 13:35:11,T00764,GF-QQQ-IC-SL100,IC,QQQ,shortputspread,710,,n/a,pt50,3.5,193.0,0.0181,True,optimistic bound: booked +50% of credit_basis at mfe_pct threshold,closed
2026-08-21,2026-08-21 13:35:11,T00764,GF-QQQ-IC-SL100,IC,QQQ,shortputspread,710,,n/a,settle,,193.0,,True,NOT EVALUABLE — position closed early; what it would have returned held to settlement needs post-exit path data that does not exist. Never modeled.,closed
2026-08-21,2026-08-21 13:35:11,T00764,GF-QQQ-IC-SL100,IC,QQQ,shortputspread,710,,n/a,sl100,6.0,193.0,0.0311,True,optimistic bound: no SL hit -> actual exit pnl (ledger),closed
2026-08-21,2026-08-21 13:35:11,T00764,GF-QQQ-IC-SL100,IC,QQQ,shortputspread,710,,n/a,sl130,6.0,193.0,0.0311,True,optimistic bound: no SL hit -> actual exit pnl (ledger),closed
2026-08-21,2026-08-21 13:35:11,T00764,GF-QQQ-IC-SL100,IC,QQQ,shortputspread,710,,n/a,sl50,6.0,193.0,0.0311,True,optimistic bound: no SL hit -> actual exit pnl (ledger),closed
2026-08-21,2026-08-21 13:35:11,T00764,GF-QQQ-IC-SL100,IC,QQQ,shortputspread,710,,n/a,sl75,6.0,193.0,0.0311,True,optimistic bound: no SL hit -> actual exit pnl (ledger),closed
2026-08-21,2026-08-21 13:35:11,T00767,GF-QQQ-IC-SL200,IC,QQQ,shortputspread,710,,n/a,actual,6.0,193.0,0.0311,False,"actual exit pnl (ledger, verbatim) - NOT settlement",closed
2026-08-21,2026-08-21 13:35:11,T00767,GF-QQQ-IC-SL200,IC,QQQ,shortputspread,710,,n/a,defang,,193.0,,True,DEFERRED v1 — needs the intraday premium-decay path (mark short leg to ~$0.05) not present in the ledger. TODO: model once tick/1-min option-premium history is available.,closed
2026-08-21,2026-08-21 13:35:11,T00767,GF-QQQ-IC-SL200,IC,QQQ,shortputspread,710,,n/a,pt100,7.0,193.0,0.0363,True,optimistic bound: booked +100% of credit_basis at mfe_pct threshold,closed
2026-08-21,2026-08-21 13:35:11,T00767,GF-QQQ-IC-SL200,IC,QQQ,shortputspread,710,,n/a,pt25,1.75,193.0,0.0091,True,optimistic bound: booked +25% of credit_basis at mfe_pct threshold,closed
2026-08-21,2026-08-21 13:35:11,T00767,GF-QQQ-IC-SL200,IC,QQQ,shortputspread,710,,n/a,pt50,3.5,193.0,0.0181,True,optimistic bound: booked +50% of credit_basis at mfe_pct threshold,closed
2026-08-21,2026-08-21 13:35:11,T00767,GF-QQQ-IC-SL200,IC,QQQ,shortputspread,710,,n/a,settle,,193.0,,True,NOT EVALUABLE — position closed early; what it would have returned held to settlement needs post-exit path data that does not exist. Never modeled.,closed
2026-08-21,2026-08-21 13:35:11,T00767,GF-QQQ-IC-SL200,IC,QQQ,shortputspread,710,,n/a,sl100,6.0,193.0,0.0311,True,optimistic bound: no SL hit -> actual exit pnl (ledger),closed
2026-08-21,2026-08-21 13:35:11,T00767,GF-QQQ-IC-SL200,IC,QQQ,shortputspread,710,,n/a,sl130,6.0,193.0,0.0311,True,optimistic bound: no SL hit -> actual exit pnl (ledger),closed
2026-08-21,2026-08-21 13:35:11,T00767,GF-QQQ-IC-SL200,IC,QQQ,shortputspread,710,,n/a,sl50,6.0,193.0,0.0311,True,optimistic bound: no SL hit -> actual exit pnl (ledger),closed
2026-08-21,2026-08-21 13:35:11,T00767,GF-QQQ-IC-SL200,IC,QQQ,shortputspread,710,,n/a,sl75,6.0,193.0,0.0311,True,optimistic bound: no SL hit -> actual exit pnl (ledger),closed
2026-08-21,2026-08-21 13:35:11,T00766,GF-QQQ-IC-Touch0,IC,QQQ,shortputspread,710,,n/a,actual,6.0,193.0,0.0311,False,"actual exit pnl (ledger, verbatim) - NOT settlement",closed
2026-08-21,2026-08-21 13:35:11,T00766,GF-QQQ-IC-Touch0,IC,QQQ,shortputspread,710,,n/a,defang,,193.0,,True,DEFERRED v1 — needs the intraday premium-decay path (mark short leg to ~$0.05) not present in the ledger. TODO: model once tick/1-min option-premium history is available.,closed
2026-08-21,2026-08-21 13:35:11,T00766,GF-QQQ-IC-Touch0,IC,QQQ,shortputspread,710,,n/a,pt100,7.0,193.0,0.0363,True,optimistic bound: booked +100% of credit_basis at mfe_pct threshold,closed
2026-08-21,2026-08-21 13:35:11,T00766,GF-QQQ-IC-Touch0,IC,QQQ,shortputspread,710,,n/a,pt25,1.75,193.0,0.0091,True,optimistic bound: booked +25% of credit_basis at mfe_pct threshold,closed
2026-08-21,2026-08-21 13:35:11,T00766,GF-QQQ-IC-Touch0,IC,QQQ,shortputspread,710,,n/a,pt50,3.5,193.0,0.0181,True,optimistic bound: booked +50% of credit_basis at mfe_pct threshold,closed
2026-08-21,2026-08-21 13:35:11,T00766,GF-QQQ-IC-Touch0,IC,QQQ,shortputspread,710,,n/a,settle,,193.0,,True,NOT EVALUABLE — position closed early; what it would have returned held to settlement needs post-exit path data that does not exist. Never modeled.,closed
2026-08-21,2026-08-21 13:35:11,T00766,GF-QQQ-IC-Touch0,IC,QQQ,shortputspread,710,,n/a,sl100,6.0,193.0,0.0311,True,optimistic bound: no SL hit -> actual exit pnl (ledger),closed
2026-08-21,2026-08-21 13:35:11,T00766,GF-QQQ-IC-Touch0,IC,QQQ,shortputspread,710,,n/a,sl130,6.0,193.0,0.0311,True,optimistic bound: no SL hit -> actual exit pnl (ledger),closed
2026-08-21,2026-08-21 13:35:11,T00766,GF-QQQ-IC-Touch0,IC,QQQ,shortputspread,710,,n/a,sl50,6.0,193.0,0.0311,True,optimistic bound: no SL hit -> actual exit pnl (ledger),closed
2026-08-21,2026-08-21 13:35:11,T00766,GF-QQQ-IC-Touch0,IC,QQQ,shortputspread,710,,n/a,sl75,6.0,193.0,0.0311,True,optimistic bound: no SL hit -> actual exit pnl (ledger),closed
2026-08-21,2026-08-21 13:35:11,T00770,GF-QQQ-IC-Trail,IC,QQQ,shortputspread,710,,n/a,actual,-1.0,193.0,-0.0052,False,"actual exit pnl (ledger, verbatim) - NOT settlement",closed
2026-08-21,2026-08-21 13:35:11,T00770,GF-QQQ-IC-Trail,IC,QQQ,shortputspread,710,,n/a,defang,,193.0,,True,DEFERRED v1 — needs the intraday premium-decay path (mark short leg to ~$0.05) not present in the ledger. TODO: model once tick/1-min option-premium history is available.,closed
2026-08-21,2026-08-21 13:35:11,T00770,GF-QQQ-IC-Trail,IC,QQQ,shortputspread,710,,n/a,pt100,-1.0,193.0,-0.0052,True,optimistic bound: no PT hit -> actual exit pnl (ledger),closed
2026-08-21,2026-08-21 13:35:11,T00770,GF-QQQ-IC-Trail,IC,QQQ,shortputspread,710,,n/a,pt25,1.75,193.0,0.0091,True,optimistic bound: booked +25% of credit_basis at mfe_pct threshold,closed
2026-08-21,2026-08-21 13:35:11,T00770,GF-QQQ-IC-Trail,IC,QQQ,shortputspread,710,,n/a,pt50,-1.0,193.0,-0.0052,True,optimistic bound: no PT hit -> actual exit pnl (ledger),closed
2026-08-21,2026-08-21 13:35:11,T00770,GF-QQQ-IC-Trail,IC,QQQ,shortputspread,710,,n/a,settle,,193.0,,True,NOT EVALUABLE — position closed early; what it would have returned held to settlement needs post-exit path data that does not exist. Never modeled.,closed
2026-08-21,2026-08-21 13:35:11,T00770,GF-QQQ-IC-Trail,IC,QQQ,shortputspread,710,,n/a,sl100,-1.0,193.0,-0.0052,True,optimistic bound: no SL hit -> actual exit pnl (ledger),closed
2026-08-21,2026-08-21 13:35:11,T00770,GF-QQQ-IC-Trail,IC,QQQ,shortputspread,710,,n/a,sl130,-1.0,193.0,-0.0052,True,optimistic bound: no SL hit -> actual exit pnl (ledger),closed
2026-08-21,2026-08-21 13:35:11,T00770,GF-QQQ-IC-Trail,IC,QQQ,shortputspread,710,,n/a,sl50,-1.0,193.0,-0.0052,True,optimistic bound: no SL hit -> actual exit pnl (ledger),closed
2026-08-21,2026-08-21 13:35:11,T00770,GF-QQQ-IC-Trail,IC,QQQ,shortputspread,710,,n/a,sl75,-1.0,193.0,-0.0052,True,optimistic bound: no SL hit -> actual exit pnl (ledger),closed
2026-08-21,2026-08-21 11:01:00,T00773,IC-SPX-FastPT25-S2,IC,SPX,shortputspread,7620,,n/a,actual,0.0,4900.0,0.0,False,"actual exit pnl (ledger, verbatim) - NOT settlement",closed
2026-08-21,2026-08-21 11:01:00,T00773,IC-SPX-FastPT25-S2,IC,SPX,shortputspread,7620,,n/a,defang,,4900.0,,True,DEFERRED v1 — needs the intraday premium-decay path (mark short leg to ~$0.05) not present in the ledger. TODO: model once tick/1-min option-premium history is available.,closed
2026-08-21,2026-08-21 11:01:00,T00773,IC-SPX-FastPT25-S2,IC,SPX,shortputspread,7620,,n/a,pt100,0.0,4900.0,0.0,True,optimistic bound: no PT hit -> actual exit pnl (ledger),closed
2026-08-21,2026-08-21 11:01:00,T00773,IC-SPX-FastPT25-S2,IC,SPX,shortputspread,7620,,n/a,pt25,0.0,4900.0,0.0,True,optimistic bound: no PT hit -> actual exit pnl (ledger),closed
2026-08-21,2026-08-21 11:01:00,T00773,IC-SPX-FastPT25-S2,IC,SPX,shortputspread,7620,,n/a,pt50,0.0,4900.0,0.0,True,optimistic bound: no PT hit -> actual exit pnl (ledger),closed
2026-08-21,2026-08-21 11:01:00,T00773,IC-SPX-FastPT25-S2,IC,SPX,shortputspread,7620,,n/a,settle,,4900.0,,True,NOT EVALUABLE — position closed early; what it would have returned held to settlement needs post-exit path data that does not exist. Never modeled.,closed
2026-08-21,2026-08-21 11:01:00,T00773,IC-SPX-FastPT25-S2,IC,SPX,shortputspread,7620,,n/a,sl100,0.0,4900.0,0.0,True,optimistic bound: no SL hit -> actual exit pnl (ledger),closed
2026-08-21,2026-08-21 11:01:00,T00773,IC-SPX-FastPT25-S2,IC,SPX,shortputspread,7620,,n/a,sl130,0.0,4900.0,0.0,True,optimistic bound: no SL hit -> actual exit pnl (ledger),closed
2026-08-21,2026-08-21 11:01:00,T00773,IC-SPX-FastPT25-S2,IC,SPX,shortputspread,7620,,n/a,sl50,0.0,4900.0,0.0,True,optimistic bound: no SL hit -> actual exit pnl (ledger),closed
2026-08-21,2026-08-21 11:01:00,T00773,IC-SPX-FastPT25-S2,IC,SPX,shortputspread,7620,,n/a,sl75,0.0,4900.0,0.0,True,optimistic bound: no SL hit -> actual exit pnl (ledger),closed
2026-08-21,2026-08-21 13:31:01,T00761,IC-SPX-FastPT25-S2-130PM,IC,SPX,shortputspread,7655,,n/a,actual,250.0,4750.0,0.0526,False,"settlement pnl (ledger, verbatim)",expired
2026-08-21,2026-08-21 13:31:01,T00761,IC-SPX-FastPT25-S2-130PM,IC,SPX,shortputspread,7655,,n/a,defang,,4750.0,,True,DEFERRED v1 — needs the intraday premium-decay path (mark short leg to ~$0.05) not present in the ledger. TODO: model once tick/1-min option-premium history is available.,expired
2026-08-21,2026-08-21 13:31:01,T00761,IC-SPX-FastPT25-S2-130PM,IC,SPX,shortputspread,7655,,n/a,pt100,250.0,4750.0,0.0526,True,optimistic bound: booked +100% of credit_basis at mfe_pct threshold,expired
2026-08-21,2026-08-21 13:31:01,T00761,IC-SPX-FastPT25-S2-130PM,IC,SPX,shortputspread,7655,,n/a,pt25,62.5,4750.0,0.0132,True,optimistic bound: booked +25% of credit_basis at mfe_pct threshold,expired
2026-08-21,2026-08-21 13:31:01,T00761,IC-SPX-FastPT25-S2-130PM,IC,SPX,shortputspread,7655,,n/a,pt50,125.0,4750.0,0.0263,True,optimistic bound: booked +50% of credit_basis at mfe_pct threshold,expired
2026-08-21,2026-08-21 13:31:01,T00761,IC-SPX-FastPT25-S2-130PM,IC,SPX,shortputspread,7655,,n/a,sl100,250.0,4750.0,0.0526,True,optimistic bound: no SL hit -> rode to settlement,expired
2026-08-21,2026-08-21 13:31:01,T00761,IC-SPX-FastPT25-S2-130PM,IC,SPX,shortputspread,7655,,n/a,sl130,250.0,4750.0,0.0526,True,optimistic bound: no SL hit -> rode to settlement,expired
2026-08-21,2026-08-21 13:31:01,T00761,IC-SPX-FastPT25-S2-130PM,IC,SPX,shortputspread,7655,,n/a,sl50,-125.0,4750.0,-0.0263,True,optimistic bound: booked -50% of credit_basis at mae_pct threshold,expired
2026-08-21,2026-08-21 13:31:01,T00761,IC-SPX-FastPT25-S2-130PM,IC,SPX,shortputspread,7655,,n/a,sl75,250.0,4750.0,0.0526,True,optimistic bound: no SL hit -> rode to settlement,expired
2026-08-21,2026-08-21 13:31:03,T00761,IC-SPX-FastPT25-S2-130PM,IC,SPX,shortcallspread,,7700,n/a,actual,150.0,4850.0,0.0309,False,"settlement pnl (ledger, verbatim)",expired
2026-08-21,2026-08-21 13:31:03,T00761,IC-SPX-FastPT25-S2-130PM,IC,SPX,shortcallspread,,7700,n/a,defang,,4850.0,,True,DEFERRED v1 — needs the intraday premium-decay path (mark short leg to ~$0.05) not present in the ledger. TODO: model once tick/1-min option-premium history is available.,expired
2026-08-21,2026-08-21 13:31:03,T00761,IC-SPX-FastPT25-S2-130PM,IC,SPX,shortcallspread,,7700,n/a,pt100,150.0,4850.0,0.0309,True,optimistic bound: booked +100% of credit_basis at mfe_pct threshold,expired
2026-08-21,2026-08-21 13:31:03,T00761,IC-SPX-FastPT25-S2-130PM,IC,SPX,shortcallspread,,7700,n/a,pt25,37.5,4850.0,0.0077,True,optimistic bound: booked +25% of credit_basis at mfe_pct threshold,expired
2026-08-21,2026-08-21 13:31:03,T00761,IC-SPX-FastPT25-S2-130PM,IC,SPX,shortcallspread,,7700,n/a,pt50,75.0,4850.0,0.0155,True,optimistic bound: booked +50% of credit_basis at mfe_pct threshold,expired
2026-08-21,2026-08-21 13:31:03,T00761,IC-SPX-FastPT25-S2-130PM,IC,SPX,shortcallspread,,7700,n/a,sl100,150.0,4850.0,0.0309,True,optimistic bound: no SL hit -> rode to settlement,expired
2026-08-21,2026-08-21 13:31:03,T00761,IC-SPX-FastPT25-S2-130PM,IC,SPX,shortcallspread,,7700,n/a,sl130,150.0,4850.0,0.0309,True,optimistic bound: no SL hit -> rode to settlement,expired
2026-08-21,2026-08-21 13:31:03,T00761,IC-SPX-FastPT25-S2-130PM,IC,SPX,shortcallspread,,7700,n/a,sl50,150.0,4850.0,0.0309,True,optimistic bound: no SL hit -> rode to settlement,expired
2026-08-21,2026-08-21 13:31:03,T00761,IC-SPX-FastPT25-S2-130PM,IC,SPX,shortcallspread,,7700,n/a,sl75,150.0,4850.0,0.0309,True,optimistic bound: no SL hit -> rode to settlement,expired
2026-08-21,2026-08-21 11:12:11,T00758,Nigiri-Paper-v1,OA-Mirror,,shortputspread,737,,n/a,actual,20.0,4910.0,0.0041,False,"actual exit pnl (ledger, verbatim) - NOT settlement",closed
2026-08-21,2026-08-21 11:12:11,T00758,Nigiri-Paper-v1,OA-Mirror,,shortputspread,737,,n/a,defang,,4910.0,,True,DEFERRED v1 — needs the intraday premium-decay path (mark short leg to ~$0.05) not present in the ledger. TODO: model once tick/1-min option-premium history is available.,closed
2026-08-21,2026-08-21 11:12:11,T00758,Nigiri-Paper-v1,OA-Mirror,,shortputspread,737,,n/a,pt100,20.0,4910.0,0.0041,True,optimistic bound: no PT hit -> actual exit pnl (ledger),closed
2026-08-21,2026-08-21 11:12:11,T00758,Nigiri-Paper-v1,OA-Mirror,,shortputspread,737,,n/a,pt25,22.5,4910.0,0.0046,True,optimistic bound: booked +25% of credit_basis at mfe_pct threshold,closed
2026-08-21,2026-08-21 11:12:11,T00758,Nigiri-Paper-v1,OA-Mirror,,shortputspread,737,,n/a,pt50,20.0,4910.0,0.0041,True,optimistic bound: no PT hit -> actual exit pnl (ledger),closed
2026-08-21,2026-08-21 11:12:11,T00758,Nigiri-Paper-v1,OA-Mirror,,shortputspread,737,,n/a,settle,,4910.0,,True,NOT EVALUABLE — position closed early; what it would have returned held to settlement needs post-exit path data that does not exist. Never modeled.,closed
2026-08-21,2026-08-21 11:12:11,T00758,Nigiri-Paper-v1,OA-Mirror,,shortputspread,737,,n/a,sl100,20.0,4910.0,0.0041,True,optimistic bound: no SL hit -> actual exit pnl (ledger),closed
2026-08-21,2026-08-21 11:12:11,T00758,Nigiri-Paper-v1,OA-Mirror,,shortputspread,737,,n/a,sl130,20.0,4910.0,0.0041,True,optimistic bound: no SL hit -> actual exit pnl (ledger),closed
2026-08-21,2026-08-21 11:12:11,T00758,Nigiri-Paper-v1,OA-Mirror,,shortputspread,737,,n/a,sl50,20.0,4910.0,0.0041,True,optimistic bound: no SL hit -> actual exit pnl (ledger),closed
2026-08-21,2026-08-21 11:12:11,T00758,Nigiri-Paper-v1,OA-Mirror,,shortputspread,737,,n/a,sl75,20.0,4910.0,0.0041,True,optimistic bound: no SL hit -> actual exit pnl (ledger),closed
2026-08-24,2026-08-24 13:30:02,T00759,60min-ORB-10W-Paper-v1,OA-Mirror,SPX,shortputspread,7635,,n/a,actual,50.0,925.0,0.0541,False,"actual exit pnl (ledger, verbatim) - NOT settlement",closed
2026-08-24,2026-08-24 13:30:02,T00759,60min-ORB-10W-Paper-v1,OA-Mirror,SPX,shortputspread,7635,,n/a,defang,,925.0,,True,DEFERRED v1 — needs the intraday premium-decay path (mark short leg to ~$0.05) not present in the ledger. TODO: model once tick/1-min option-premium history is available.,closed
2026-08-24,2026-08-24 13:30:02,T00759,60min-ORB-10W-Paper-v1,OA-Mirror,SPX,shortputspread,7635,,n/a,pt100,50.0,925.0,0.0541,True,optimistic bound: no PT hit -> actual exit pnl (ledger),closed
2026-08-24,2026-08-24 13:30:02,T00759,60min-ORB-10W-Paper-v1,OA-Mirror,SPX,shortputspread,7635,,n/a,pt25,18.75,925.0,0.0203,True,optimistic bound: booked +25% of credit_basis at mfe_pct threshold,closed
2026-08-24,2026-08-24 13:30:02,T00759,60min-ORB-10W-Paper-v1,OA-Mirror,SPX,shortputspread,7635,,n/a,pt50,37.5,925.0,0.0405,True,optimistic bound: booked +50% of credit_basis at mfe_pct threshold,closed
2026-08-24,2026-08-24 13:30:02,T00759,60min-ORB-10W-Paper-v1,OA-Mirror,SPX,shortputspread,7635,,n/a,settle,,925.0,,True,NOT EVALUABLE — position closed early; what it would have returned held to settlement needs post-exit path data that does not exist. Never modeled.,closed
2026-08-24,2026-08-24 13:30:02,T00759,60min-ORB-10W-Paper-v1,OA-Mirror,SPX,shortputspread,7635,,n/a,sl100,50.0,925.0,0.0541,True,optimistic bound: no SL hit -> actual exit pnl (ledger),closed
2026-08-24,2026-08-24 13:30:02,T00759,60min-ORB-10W-Paper-v1,OA-Mirror,SPX,shortputspread,7635,,n/a,sl130,50.0,925.0,0.0541,True,optimistic bound: no SL hit -> actual exit pnl (ledger),closed
2026-08-24,2026-08-24 13:30:02,T00759,60min-ORB-10W-Paper-v1,OA-Mirror,SPX,shortputspread,7635,,n/a,sl50,50.0,925.0,0.0541,True,optimistic bound: no SL hit -> actual exit pnl (ledger),closed
2026-08-24,2026-08-24 13:30:02,T00759,60min-ORB-10W-Paper-v1,OA-Mirror,SPX,shortputspread,7635,,n/a,sl75,50.0,925.0,0.0541,True,optimistic bound: no SL hit -> actual exit pnl (ledger),closed
2026-08-24,2026-08-24 11:11:01,T00760,IC-SPX-FastPT25-S2,IC,SPX,shortputspread,7590,,n/a,actual,50.0,4900.0,0.0102,False,"actual exit pnl (ledger, verbatim) - NOT settlement",closed
2026-08-24,2026-08-24 11:11:01,T00760,IC-SPX-FastPT25-S2,IC,SPX,shortputspread,7590,,n/a,defang,,4900.0,,True,DEFERRED v1 — needs the intraday premium-decay path (mark short leg to ~$0.05) not present in the ledger. TODO: model once tick/1-min option-premium history is available.,closed
2026-08-24,2026-08-24 11:11:01,T00760,IC-SPX-FastPT25-S2,IC,SPX,shortputspread,7590,,n/a,pt100,50.0,4900.0,0.0102,True,optimistic bound: no PT hit -> actual exit pnl (ledger),closed
2026-08-24,2026-08-24 11:11:01,T00760,IC-SPX-FastPT25-S2,IC,SPX,shortputspread,7590,,n/a,pt25,25.0,4900.0,0.0051,True,optimistic bound: booked +25% of credit_basis at mfe_pct threshold,closed
2026-08-24,2026-08-24 11:11:01,T00760,IC-SPX-FastPT25-S2,IC,SPX,shortputspread,7590,,n/a,pt50,50.0,4900.0,0.0102,True,optimistic bound: booked +50% of credit_basis at mfe_pct threshold,closed
2026-08-24,2026-08-24 11:11:01,T00760,IC-SPX-FastPT25-S2,IC,SPX,shortputspread,7590,,n/a,settle,,4900.0,,True,NOT EVALUABLE — position closed early; what it would have returned held to settlement needs post-exit path data that does not exist. Never modeled.,closed
2026-08-24,2026-08-24 11:11:01,T00760,IC-SPX-FastPT25-S2,IC,SPX,shortputspread,7590,,n/a,sl100,50.0,4900.0,0.0102,True,optimistic bound: no SL hit -> actual exit pnl (ledger),closed
2026-08-24,2026-08-24 11:11:01,T00760,IC-SPX-FastPT25-S2,IC,SPX,shortputspread,7590,,n/a,sl130,50.0,4900.0,0.0102,True,optimistic bound: no SL hit -> actual exit pnl (ledger),closed
2026-08-24,2026-08-24 11:11:01,T00760,IC-SPX-FastPT25-S2,IC,SPX,shortputspread,7590,,n/a,sl50,50.0,4900.0,0.0102,True,optimistic bound: no SL hit -> actual exit pnl (ledger),closed
2026-08-24,2026-08-24 11:11:01,T00760,IC-SPX-FastPT25-S2,IC,SPX,shortputspread,7590,,n/a,sl75,50.0,4900.0,0.0102,True,optimistic bound: no SL hit -> actual exit pnl (ledger),closed
2026-08-24,2026-08-24 13:31:01,T00757,IC-SPX-FastPT25-S2-130PM,IC,SPX,shortputspread,7630,,n/a,actual,300.0,4700.0,0.0638,False,"settlement pnl (ledger, verbatim)",expired
2026-08-24,2026-08-24 13:31:01,T00757,IC-SPX-FastPT25-S2-130PM,IC,SPX,shortputspread,7630,,n/a,defang,,4700.0,,True,DEFERRED v1 — needs the intraday premium-decay path (mark short leg to ~$0.05) not present in the ledger. TODO: model once tick/1-min option-premium history is available.,expired
2026-08-24,2026-08-24 13:31:01,T00757,IC-SPX-FastPT25-S2-130PM,IC,SPX,shortputspread,7630,,n/a,pt100,300.0,4700.0,0.0638,True,optimistic bound: booked +100% of credit_basis at mfe_pct threshold,expired
2026-08-24,2026-08-24 13:31:01,T00757,IC-SPX-FastPT25-S2-130PM,IC,SPX,shortputspread,7630,,n/a,pt25,75.0,4700.0,0.016,True,optimistic bound: booked +25% of credit_basis at mfe_pct threshold,expired
2026-08-24,2026-08-24 13:31:01,T00757,IC-SPX-FastPT25-S2-130PM,IC,SPX,shortputspread,7630,,n/a,pt50,150.0,4700.0,0.0319,True,optimistic bound: booked +50% of credit_basis at mfe_pct threshold,expired
2026-08-24,2026-08-24 13:31:01,T00757,IC-SPX-FastPT25-S2-130PM,IC,SPX,shortputspread,7630,,n/a,sl100,300.0,4700.0,0.0638,True,optimistic bound: no SL hit -> rode to settlement,expired
2026-08-24,2026-08-24 13:31:01,T00757,IC-SPX-FastPT25-S2-130PM,IC,SPX,shortputspread,7630,,n/a,sl130,300.0,4700.0,0.0638,True,optimistic bound: no SL hit -> rode to settlement,expired
2026-08-24,2026-08-24 13:31:01,T00757,IC-SPX-FastPT25-S2-130PM,IC,SPX,shortputspread,7630,,n/a,sl50,300.0,4700.0,0.0638,True,optimistic bound: no SL hit -> rode to settlement,expired
2026-08-24,2026-08-24 13:31:01,T00757,IC-SPX-FastPT25-S2-130PM,IC,SPX,shortputspread,7630,,n/a,sl75,300.0,4700.0,0.0638,True,optimistic bound: no SL hit -> rode to settlement,expired
2026-08-24,2026-08-24 13:31:03,T00757,IC-SPX-FastPT25-S2-130PM,IC,SPX,shortcallspread,,7675,n/a,actual,100.0,4900.0,0.0204,False,"settlement pnl (ledger, verbatim)",expired
2026-08-24,2026-08-24 13:31:03,T00757,IC-SPX-FastPT25-S2-130PM,IC,SPX,shortcallspread,,7675,n/a,defang,,4900.0,,True,DEFERRED v1 — needs the intraday premium-decay path (mark short leg to ~$0.05) not present in the ledger. TODO: model once tick/1-min option-premium history is available.,expired
2026-08-24,2026-08-24 13:31:03,T00757,IC-SPX-FastPT25-S2-130PM,IC,SPX,shortcallspread,,7675,n/a,pt100,100.0,4900.0,0.0204,True,optimistic bound: booked +100% of credit_basis at mfe_pct threshold,expired
2026-08-24,2026-08-24 13:31:03,T00757,IC-SPX-FastPT25-S2-130PM,IC,SPX,shortcallspread,,7675,n/a,pt25,25.0,4900.0,0.0051,True,optimistic bound: booked +25% of credit_basis at mfe_pct threshold,expired
2026-08-24,2026-08-24 13:31:03,T00757,IC-SPX-FastPT25-S2-130PM,IC,SPX,shortcallspread,,7675,n/a,pt50,50.0,4900.0,0.0102,True,optimistic bound: booked +50% of credit_basis at mfe_pct threshold,expired
2026-08-24,2026-08-24 13:31:03,T00757,IC-SPX-FastPT25-S2-130PM,IC,SPX,shortcallspread,,7675,n/a,sl100,-100.0,4900.0,-0.0204,True,optimistic bound: booked -100% of credit_basis at mae_pct threshold,expired
2026-08-24,2026-08-24 13:31:03,T00757,IC-SPX-FastPT25-S2-130PM,IC,SPX,shortcallspread,,7675,n/a,sl130,-130.0,4900.0,-0.0265,True,optimistic bound: booked -130% of credit_basis at mae_pct threshold,expired
2026-08-24,2026-08-24 13:31:03,T00757,IC-SPX-FastPT25-S2-130PM,IC,SPX,shortcallspread,,7675,n/a,sl50,-50.0,4900.0,-0.0102,True,optimistic bound: booked -50% of credit_basis at mae_pct threshold,expired
2026-08-24,2026-08-24 13:31:03,T00757,IC-SPX-FastPT25-S2-130PM,IC,SPX,shortcallspread,,7675,n/a,sl75,-75.0,4900.0,-0.0153,True,optimistic bound: booked -75% of credit_basis at mae_pct threshold,expired
2026-08-24,2026-08-24 14:30:24,T00755,Nigiri-Paper-v1,OA-Mirror,,shortputspread,742,,n/a,actual,10.0,4900.0,0.002,False,"actual exit pnl (ledger, verbatim) - NOT settlement",closed
2026-08-24,2026-08-24 14:30:24,T00755,Nigiri-Paper-v1,OA-Mirror,,shortputspread,742,,n/a,defang,,4900.0,,True,DEFERRED v1 — needs the intraday premium-decay path (mark short leg to ~$0.05) not present in the ledger. TODO: model once tick/1-min option-premium history is available.,closed
2026-08-24,2026-08-24 14:30:24,T00755,Nigiri-Paper-v1,OA-Mirror,,shortputspread,742,,n/a,pt100,10.0,4900.0,0.002,True,optimistic bound: no PT hit -> actual exit pnl (ledger),closed
2026-08-24,2026-08-24 14:30:24,T00755,Nigiri-Paper-v1,OA-Mirror,,shortputspread,742,,n/a,pt25,10.0,4900.0,0.002,True,optimistic bound: no PT hit -> actual exit pnl (ledger),closed
2026-08-24,2026-08-24 14:30:24,T00755,Nigiri-Paper-v1,OA-Mirror,,shortputspread,742,,n/a,pt50,10.0,4900.0,0.002,True,optimistic bound: no PT hit -> actual exit pnl (ledger),closed
2026-08-24,2026-08-24 14:30:24,T00755,Nigiri-Paper-v1,OA-Mirror,,shortputspread,742,,n/a,settle,,4900.0,,True,NOT EVALUABLE — position closed early; what it would have returned held to settlement needs post-exit path data that does not exist. Never modeled.,closed
2026-08-24,2026-08-24 14:30:24,T00755,Nigiri-Paper-v1,OA-Mirror,,shortputspread,742,,n/a,sl100,10.0,4900.0,0.002,True,optimistic bound: no SL hit -> actual exit pnl (ledger),closed
2026-08-24,2026-08-24 14:30:24,T00755,Nigiri-Paper-v1,OA-Mirror,,shortputspread,742,,n/a,sl130,10.0,4900.0,0.002,True,optimistic bound: no SL hit -> actual exit pnl (ledger),closed
2026-08-24,2026-08-24 14:30:24,T00755,Nigiri-Paper-v1,OA-Mirror,,shortputspread,742,,n/a,sl50,-50.0,4900.0,-0.0102,True,optimistic bound: booked -50% of credit_basis at mae_pct threshold,closed
2026-08-24,2026-08-24 14:30:24,T00755,Nigiri-Paper-v1,OA-Mirror,,shortputspread,742,,n/a,sl75,10.0,4900.0,0.002,True,optimistic bound: no SL hit -> actual exit pnl (ledger),closed
2026-08-25,2026-08-25 10:30:05,T00753,60min-ORB-10W-Paper-v1,OA-Mirror,SPX,shortcallspread,,7690,n/a,actual,50.0,930.0,0.0538,False,"actual exit pnl (ledger, verbatim) - NOT settlement",closed
2026-08-25,2026-08-25 10:30:05,T00753,60min-ORB-10W-Paper-v1,OA-Mirror,SPX,shortcallspread,,7690,n/a,defang,,930.0,,True,DEFERRED v1 — needs the intraday premium-decay path (mark short leg to ~$0.05) not present in the ledger. TODO: model once tick/1-min option-premium history is available.,closed
2026-08-25,2026-08-25 10:30:05,T00753,60min-ORB-10W-Paper-v1,OA-Mirror,SPX,shortcallspread,,7690,n/a,pt100,50.0,930.0,0.0538,True,optimistic bound: no PT hit -> actual exit pnl (ledger),closed
2026-08-25,2026-08-25 10:30:05,T00753,60min-ORB-10W-Paper-v1,OA-Mirror,SPX,shortcallspread,,7690,n/a,pt25,17.5,930.0,0.0188,True,optimistic bound: booked +25% of credit_basis at mfe_pct threshold,closed
2026-08-25,2026-08-25 10:30:05,T00753,60min-ORB-10W-Paper-v1,OA-Mirror,SPX,shortcallspread,,7690,n/a,pt50,35.0,930.0,0.0376,True,optimistic bound: booked +50% of credit_basis at mfe_pct threshold,closed
2026-08-25,2026-08-25 10:30:05,T00753,60min-ORB-10W-Paper-v1,OA-Mirror,SPX,shortcallspread,,7690,n/a,settle,,930.0,,True,NOT EVALUABLE — position closed early; what it would have returned held to settlement needs post-exit path data that does not exist. Never modeled.,closed
2026-08-25,2026-08-25 10:30:05,T00753,60min-ORB-10W-Paper-v1,OA-Mirror,SPX,shortcallspread,,7690,n/a,sl100,50.0,930.0,0.0538,True,optimistic bound: no SL hit -> actual exit pnl (ledger),closed
2026-08-25,2026-08-25 10:30:05,T00753,60min-ORB-10W-Paper-v1,OA-Mirror,SPX,shortcallspread,,7690,n/a,sl130,50.0,930.0,0.0538,True,optimistic bound: no SL hit -> actual exit pnl (ledger),closed
2026-08-25,2026-08-25 10:30:05,T00753,60min-ORB-10W-Paper-v1,OA-Mirror,SPX,shortcallspread,,7690,n/a,sl50,-35.0,930.0,-0.0376,True,optimistic bound: booked -50% of credit_basis at mae_pct threshold,closed
2026-08-25,2026-08-25 10:30:05,T00753,60min-ORB-10W-Paper-v1,OA-Mirror,SPX,shortcallspread,,7690,n/a,sl75,50.0,930.0,0.0538,True,optimistic bound: no SL hit -> actual exit pnl (ledger),closed
2026-08-25,2026-08-25 13:31:13,T00752,GF-QQQ-IC-Canary,IC,QQQ,shortcallspread,,712,n/a,actual,1.0,193.0,0.0052,False,"actual exit pnl (ledger, verbatim) - NOT settlement",closed
2026-08-25,2026-08-25 13:31:13,T00752,GF-QQQ-IC-Canary,IC,QQQ,shortcallspread,,712,n/a,defang,,193.0,,True,DEFERRED v1 — needs the intraday premium-decay path (mark short leg to ~$0.05) not present in the ledger. TODO: model once tick/1-min option-premium history is available.,closed
2026-08-25,2026-08-25 13:31:13,T00752,GF-QQQ-IC-Canary,IC,QQQ,shortcallspread,,712,n/a,pt100,1.0,193.0,0.0052,True,optimistic bound: no PT hit -> actual exit pnl (ledger),closed
2026-08-25,2026-08-25 13:31:13,T00752,GF-QQQ-IC-Canary,IC,QQQ,shortcallspread,,712,n/a,pt25,1.75,193.0,0.0091,True,optimistic bound: booked +25% of credit_basis at mfe_pct threshold,closed
2026-08-25,2026-08-25 13:31:13,T00752,GF-QQQ-IC-Canary,IC,QQQ,shortcallspread,,712,n/a,pt50,1.0,193.0,0.0052,True,optimistic bound: no PT hit -> actual exit pnl (ledger),closed
2026-08-25,2026-08-25 13:31:13,T00752,GF-QQQ-IC-Canary,IC,QQQ,shortcallspread,,712,n/a,settle,,193.0,,True,NOT EVALUABLE — position closed early; what it would have returned held to settlement needs post-exit path data that does not exist. Never modeled.,closed
2026-08-25,2026-08-25 13:31:13,T00752,GF-QQQ-IC-Canary,IC,QQQ,shortcallspread,,712,n/a,sl100,1.0,193.0,0.0052,True,optimistic bound: no SL hit -> actual exit pnl (ledger),closed
2026-08-25,2026-08-25 13:31:13,T00752,GF-QQQ-IC-Canary,IC,QQQ,shortcallspread,,712,n/a,sl130,1.0,193.0,0.0052,True,optimistic bound: no SL hit -> actual exit pnl (ledger),closed
2026-08-25,2026-08-25 13:31:13,T00752,GF-QQQ-IC-Canary,IC,QQQ,shortcallspread,,712,n/a,sl50,1.0,193.0,0.0052,True,optimistic bound: no SL hit -> actual exit pnl (ledger),closed
2026-08-25,2026-08-25 13:31:13,T00752,GF-QQQ-IC-Canary,IC,QQQ,shortcallspread,,712,n/a,sl75,1.0,193.0,0.0052,True,optimistic bound: no SL hit -> actual exit pnl (ledger),closed
2026-08-25,2026-08-25 13:33:11,T00752,GF-QQQ-IC-Canary,IC,QQQ,shortputspread,707,,n/a,actual,1.0,192.0,0.0052,False,"actual exit pnl (ledger, verbatim) - NOT settlement",closed
2026-08-25,2026-08-25 13:33:11,T00752,GF-QQQ-IC-Canary,IC,QQQ,shortputspread,707,,n/a,defang,,192.0,,True,DEFERRED v1 — needs the intraday premium-decay path (mark short leg to ~$0.05) not present in the ledger. TODO: model once tick/1-min option-premium history is available.,closed
2026-08-25,2026-08-25 13:33:11,T00752,GF-QQQ-IC-Canary,IC,QQQ,shortputspread,707,,n/a,pt100,1.0,192.0,0.0052,True,optimistic bound: no PT hit -> actual exit pnl (ledger),closed
2026-08-25,2026-08-25 13:33:11,T00752,GF-QQQ-IC-Canary,IC,QQQ,shortputspread,707,,n/a,pt25,2.0,192.0,0.0104,True,optimistic bound: booked +25% of credit_basis at mfe_pct threshold,closed
2026-08-25,2026-08-25 13:33:11,T00752,GF-QQQ-IC-Canary,IC,QQQ,shortputspread,707,,n/a,pt50,1.0,192.0,0.0052,True,optimistic bound: no PT hit -> actual exit pnl (ledger),closed
2026-08-25,2026-08-25 13:33:11,T00752,GF-QQQ-IC-Canary,IC,QQQ,shortputspread,707,,n/a,settle,,192.0,,True,NOT EVALUABLE — position closed early; what it would have returned held to settlement needs post-exit path data that does not exist. Never modeled.,closed
2026-08-25,2026-08-25 13:33:11,T00752,GF-QQQ-IC-Canary,IC,QQQ,shortputspread,707,,n/a,sl100,1.0,192.0,0.0052,True,optimistic bound: no SL hit -> actual exit pnl (ledger),closed
2026-08-25,2026-08-25 13:33:11,T00752,GF-QQQ-IC-Canary,IC,QQQ,shortputspread,707,,n/a,sl130,1.0,192.0,0.0052,True,optimistic bound: no SL hit -> actual exit pnl (ledger),closed
2026-08-25,2026-08-25 13:33:11,T00752,GF-QQQ-IC-Canary,IC,QQQ,shortputspread,707,,n/a,sl50,1.0,192.0,0.0052,True,optimistic bound: no SL hit -> actual exit pnl (ledger),closed
2026-08-25,2026-08-25 13:33:11,T00752,GF-QQQ-IC-Canary,IC,QQQ,shortputspread,707,,n/a,sl75,1.0,192.0,0.0052,True,optimistic bound: no SL hit -> actual exit pnl (ledger),closed
2026-08-25,2026-08-25 13:31:13,T00751,GF-QQQ-IC-PT50,IC,QQQ,shortcallspread,,712,n/a,actual,4.0,193.0,0.0207,False,"actual exit pnl (ledger, verbatim) - NOT settlement",closed
2026-08-25,2026-08-25 13:31:13,T00751,GF-QQQ-IC-PT50,IC,QQQ,shortcallspread,,712,n/a,defang,,193.0,,True,DEFERRED v1 — needs the intraday premium-decay path (mark short leg to ~$0.05) not present in the ledger. TODO: model once tick/1-min option-premium history is available.,closed
2026-08-25,2026-08-25 13:31:13,T00751,GF-QQQ-IC-PT50,IC,QQQ,shortcallspread,,712,n/a,pt100,4.0,193.0,0.0207,True,optimistic bound: no PT hit -> actual exit pnl (ledger),closed
2026-08-25,2026-08-25 13:31:13,T00751,GF-QQQ-IC-PT50,IC,QQQ,shortcallspread,,712,n/a,pt25,1.75,193.0,0.0091,True,optimistic bound: booked +25% of credit_basis at mfe_pct threshold,closed
2026-08-25,2026-08-25 13:31:13,T00751,GF-QQQ-IC-PT50,IC,QQQ,shortcallspread,,712,n/a,pt50,3.5,193.0,0.0181,True,optimistic bound: booked +50% of credit_basis at mfe_pct threshold,closed
2026-08-25,2026-08-25 13:31:13,T00751,GF-QQQ-IC-PT50,IC,QQQ,shortcallspread,,712,n/a,settle,,193.0,,True,NOT EVALUABLE — position closed early; what it would have returned held to settlement needs post-exit path data that does not exist. Never modeled.,closed
2026-08-25,2026-08-25 13:31:13,T00751,GF-QQQ-IC-PT50,IC,QQQ,shortcallspread,,712,n/a,sl100,4.0,193.0,0.0207,True,optimistic bound: no SL hit -> actual exit pnl (ledger),closed
2026-08-25,2026-08-25 13:31:13,T00751,GF-QQQ-IC-PT50,IC,QQQ,shortcallspread,,712,n/a,sl130,4.0,193.0,0.0207,True,optimistic bound: no SL hit -> actual exit pnl (ledger),closed
2026-08-25,2026-08-25 13:31:13,T00751,GF-QQQ-IC-PT50,IC,QQQ,shortcallspread,,712,n/a,sl50,4.0,193.0,0.0207,True,optimistic bound: no SL hit -> actual exit pnl (ledger),closed
2026-08-25,2026-08-25 13:31:13,T00751,GF-QQQ-IC-PT50,IC,QQQ,shortcallspread,,712,n/a,sl75,4.0,193.0,0.0207,True,optimistic bound: no SL hit -> actual exit pnl (ledger),closed
2026-08-25,2026-08-25 13:33:11,T00751,GF-QQQ-IC-PT50,IC,QQQ,shortputspread,707,,n/a,actual,4.0,192.0,0.0208,False,"actual exit pnl (ledger, verbatim) - NOT settlement",closed
2026-08-25,2026-08-25 13:33:11,T00751,GF-QQQ-IC-PT50,IC,QQQ,shortputspread,707,,n/a,defang,,192.0,,True,DEFERRED v1 — needs the intraday premium-decay path (mark short leg to ~$0.05) not present in the ledger. TODO: model once tick/1-min option-premium history is available.,closed
2026-08-25,2026-08-25 13:33:11,T00751,GF-QQQ-IC-PT50,IC,QQQ,shortputspread,707,,n/a,pt100,4.0,192.0,0.0208,True,optimistic bound: no PT hit -> actual exit pnl (ledger),closed
2026-08-25,2026-08-25 13:33:11,T00751,GF-QQQ-IC-PT50,IC,QQQ,shortputspread,707,,n/a,pt25,2.0,192.0,0.0104,True,optimistic bound: booked +25% of credit_basis at mfe_pct threshold,closed
2026-08-25,2026-08-25 13:33:11,T00751,GF-QQQ-IC-PT50,IC,QQQ,shortputspread,707,,n/a,pt50,4.0,192.0,0.0208,True,optimistic bound: booked +50% of credit_basis at mfe_pct threshold,closed
2026-08-25,2026-08-25 13:33:11,T00751,GF-QQQ-IC-PT50,IC,QQQ,shortputspread,707,,n/a,settle,,192.0,,True,NOT EVALUABLE — position closed early; what it would have returned held to settlement needs post-exit path data that does not exist. Never modeled.,closed
2026-08-25,2026-08-25 13:33:11,T00751,GF-QQQ-IC-PT50,IC,QQQ,shortputspread,707,,n/a,sl100,4.0,192.0,0.0208,True,optimistic bound: no SL hit -> actual exit pnl (ledger),closed
2026-08-25,2026-08-25 13:33:11,T00751,GF-QQQ-IC-PT50,IC,QQQ,shortputspread,707,,n/a,sl130,4.0,192.0,0.0208,True,optimistic bound: no SL hit -> actual exit pnl (ledger),closed
2026-08-25,2026-08-25 13:33:11,T00751,GF-QQQ-IC-PT50,IC,QQQ,shortputspread,707,,n/a,sl50,4.0,192.0,0.0208,True,optimistic bound: no SL hit -> actual exit pnl (ledger),closed
2026-08-25,2026-08-25 13:33:11,T00751,GF-QQQ-IC-PT50,IC,QQQ,shortputspread,707,,n/a,sl75,4.0,192.0,0.0208,True,optimistic bound: no SL hit -> actual exit pnl (ledger),closed
2026-08-25,2026-08-25 13:31:13,T00749,GF-QQQ-IC-Ride,IC,QQQ,shortcallspread,,712,n/a,actual,6.0,193.0,0.0311,False,"actual exit pnl (ledger, verbatim) - NOT settlement",closed
2026-08-25,2026-08-25 13:31:13,T00749,GF-QQQ-IC-Ride,IC,QQQ,shortcallspread,,712,n/a,defang,,193.0,,True,DEFERRED v1 — needs the intraday premium-decay path (mark short leg to ~$0.05) not present in the ledger. TODO: model once tick/1-min option-premium history is available.,closed
2026-08-25,2026-08-25 13:31:13,T00749,GF-QQQ-IC-Ride,IC,QQQ,shortcallspread,,712,n/a,pt100,7.0,193.0,0.0363,True,optimistic bound: booked +100% of credit_basis at mfe_pct threshold,closed
2026-08-25,2026-08-25 13:31:13,T00749,GF-QQQ-IC-Ride,IC,QQQ,shortcallspread,,712,n/a,pt25,1.75,193.0,0.0091,True,optimistic bound: booked +25% of credit_basis at mfe_pct threshold,closed
2026-08-25,2026-08-25 13:31:13,T00749,GF-QQQ-IC-Ride,IC,QQQ,shortcallspread,,712,n/a,pt50,3.5,193.0,0.0181,True,optimistic bound: booked +50% of credit_basis at mfe_pct threshold,closed
2026-08-25,2026-08-25 13:31:13,T00749,GF-QQQ-IC-Ride,IC,QQQ,shortcallspread,,712,n/a,settle,,193.0,,True,NOT EVALUABLE — position closed early; what it would have returned held to settlement needs post-exit path data that does not exist. Never modeled.,closed
2026-08-25,2026-08-25 13:31:13,T00749,GF-QQQ-IC-Ride,IC,QQQ,shortcallspread,,712,n/a,sl100,6.0,193.0,0.0311,True,optimistic bound: no SL hit -> actual exit pnl (ledger),closed
2026-08-25,2026-08-25 13:31:13,T00749,GF-QQQ-IC-Ride,IC,QQQ,shortcallspread,,712,n/a,sl130,6.0,193.0,0.0311,True,optimistic bound: no SL hit -> actual exit pnl (ledger),closed
2026-08-25,2026-08-25 13:31:13,T00749,GF-QQQ-IC-Ride,IC,QQQ,shortcallspread,,712,n/a,sl50,-3.5,193.0,-0.0181,True,optimistic bound: booked -50% of credit_basis at mae_pct threshold,closed
2026-08-25,2026-08-25 13:31:13,T00749,GF-QQQ-IC-Ride,IC,QQQ,shortcallspread,,712,n/a,sl75,-5.25,193.0,-0.0272,True,optimistic bound: booked -75% of credit_basis at mae_pct threshold,closed
2026-08-25,2026-08-25 13:33:11,T00749,GF-QQQ-IC-Ride,IC,QQQ,shortputspread,707,,n/a,actual,6.0,192.0,0.0312,False,"actual exit pnl (ledger, verbatim) - NOT settlement",closed
2026-08-25,2026-08-25 13:33:11,T00749,GF-QQQ-IC-Ride,IC,QQQ,shortputspread,707,,n/a,defang,,192.0,,True,DEFERRED v1 — needs the intraday premium-decay path (mark short leg to ~$0.05) not present in the ledger. TODO: model once tick/1-min option-premium history is available.,closed
2026-08-25,2026-08-25 13:33:11,T00749,GF-QQQ-IC-Ride,IC,QQQ,shortputspread,707,,n/a,pt100,6.0,192.0,0.0312,True,optimistic bound: no PT hit -> actual exit pnl (ledger),closed
2026-08-25,2026-08-25 13:33:11,T00749,GF-QQQ-IC-Ride,IC,QQQ,shortputspread,707,,n/a,pt25,2.0,192.0,0.0104,True,optimistic bound: booked +25% of credit_basis at mfe_pct threshold,closed
2026-08-25,2026-08-25 13:33:11,T00749,GF-QQQ-IC-Ride,IC,QQQ,shortputspread,707,,n/a,pt50,4.0,192.0,0.0208,True,optimistic bound: booked +50% of credit_basis at mfe_pct threshold,closed
2026-08-25,2026-08-25 13:33:11,T00749,GF-QQQ-IC-Ride,IC,QQQ,shortputspread,707,,n/a,settle,,192.0,,True,NOT EVALUABLE — position closed early; what it would have returned held to settlement needs post-exit path data that does not exist. Never modeled.,closed
2026-08-25,2026-08-25 13:33:11,T00749,GF-QQQ-IC-Ride,IC,QQQ,shortputspread,707,,n/a,sl100,6.0,192.0,0.0312,True,optimistic bound: no SL hit -> actual exit pnl (ledger),closed
2026-08-25,2026-08-25 13:33:11,T00749,GF-QQQ-IC-Ride,IC,QQQ,shortputspread,707,,n/a,sl130,6.0,192.0,0.0312,True,optimistic bound: no SL hit -> actual exit pnl (ledger),closed
2026-08-25,2026-08-25 13:33:11,T00749,GF-QQQ-IC-Ride,IC,QQQ,shortputspread,707,,n/a,sl50,6.0,192.0,0.0312,True,optimistic bound: no SL hit -> actual exit pnl (ledger),closed
2026-08-25,2026-08-25 13:33:11,T00749,GF-QQQ-IC-Ride,IC,QQQ,shortputspread,707,,n/a,sl75,6.0,192.0,0.0312,True,optimistic bound: no SL hit -> actual exit pnl (ledger),closed
2026-08-25,2026-08-25 13:31:13,T00745,GF-QQQ-IC-Ride-Delta,IC,QQQ,shortcallspread,,712,n/a,actual,6.0,193.0,0.0311,False,"actual exit pnl (ledger, verbatim) - NOT settlement",closed
2026-08-25,2026-08-25 13:31:13,T00745,GF-QQQ-IC-Ride-Delta,IC,QQQ,shortcallspread,,712,n/a,defang,,193.0,,True,DEFERRED v1 — needs the intraday premium-decay path (mark short leg to ~$0.05) not present in the ledger. TODO: model once tick/1-min option-premium history is available.,closed
2026-08-25,2026-08-25 13:31:13,T00745,GF-QQQ-IC-Ride-Delta,IC,QQQ,shortcallspread,,712,n/a,pt100,7.0,193.0,0.0363,True,optimistic bound: booked +100% of credit_basis at mfe_pct threshold,closed
2026-08-25,2026-08-25 13:31:13,T00745,GF-QQQ-IC-Ride-Delta,IC,QQQ,shortcallspread,,712,n/a,pt25,1.75,193.0,0.0091,True,optimistic bound: booked +25% of credit_basis at mfe_pct threshold,closed
2026-08-25,2026-08-25 13:31:13,T00745,GF-QQQ-IC-Ride-Delta,IC,QQQ,shortcallspread,,712,n/a,pt50,3.5,193.0,0.0181,True,optimistic bound: booked +50% of credit_basis at mfe_pct threshold,closed
2026-08-25,2026-08-25 13:31:13,T00745,GF-QQQ-IC-Ride-Delta,IC,QQQ,shortcallspread,,712,n/a,settle,,193.0,,True,NOT EVALUABLE — position closed early; what it would have returned held to settlement needs post-exit path data that does not exist. Never modeled.,closed
2026-08-25,2026-08-25 13:31:13,T00745,GF-QQQ-IC-Ride-Delta,IC,QQQ,shortcallspread,,712,n/a,sl100,6.0,193.0,0.0311,True,optimistic bound: no SL hit -> actual exit pnl (ledger),closed
2026-08-25,2026-08-25 13:31:13,T00745,GF-QQQ-IC-Ride-Delta,IC,QQQ,shortcallspread,,712,n/a,sl130,6.0,193.0,0.0311,True,optimistic bound: no SL hit -> actual exit pnl (ledger),closed
2026-08-25,2026-08-25 13:31:13,T00745,GF-QQQ-IC-Ride-Delta,IC,QQQ,shortcallspread,,712,n/a,sl50,-3.5,193.0,-0.0181,True,optimistic bound: booked -50% of credit_basis at mae_pct threshold,closed
2026-08-25,2026-08-25 13:31:13,T00745,GF-QQQ-IC-Ride-Delta,IC,QQQ,shortcallspread,,712,n/a,sl75,-5.25,193.0,-0.0272,True,optimistic bound: booked -75% of credit_basis at mae_pct threshold,closed
2026-08-25,2026-08-25 13:31:15,T00746,GF-QQQ-IC-Ride-Delta,IC,QQQ,shortcallspread,,712,n/a,actual,6.0,193.0,0.0311,False,"actual exit pnl (ledger, verbatim) - NOT settlement",closed
2026-08-25,2026-08-25 13:31:15,T00746,GF-QQQ-IC-Ride-Delta,IC,QQQ,shortcallspread,,712,n/a,defang,,193.0,,True,DEFERRED v1 — needs the intraday premium-decay path (mark short leg to ~$0.05) not present in the ledger. TODO: model once tick/1-min option-premium history is available.,closed
2026-08-25,2026-08-25 13:31:15,T00746,GF-QQQ-IC-Ride-Delta,IC,QQQ,shortcallspread,,712,n/a,pt100,7.0,193.0,0.0363,True,optimistic bound: booked +100% of credit_basis at mfe_pct threshold,closed
2026-08-25,2026-08-25 13:31:15,T00746,GF-QQQ-IC-Ride-Delta,IC,QQQ,shortcallspread,,712,n/a,pt25,1.75,193.0,0.0091,True,optimistic bound: booked +25% of credit_basis at mfe_pct threshold,closed
2026-08-25,2026-08-25 13:31:15,T00746,GF-QQQ-IC-Ride-Delta,IC,QQQ,shortcallspread,,712,n/a,pt50,3.5,193.0,0.0181,True,optimistic bound: booked +50% of credit_basis at mfe_pct threshold,closed
2026-08-25,2026-08-25 13:31:15,T00746,GF-QQQ-IC-Ride-Delta,IC,QQQ,shortcallspread,,712,n/a,settle,,193.0,,True,NOT EVALUABLE — position closed early; what it would have returned held to settlement needs post-exit path data that does not exist. Never modeled.,closed
2026-08-25,2026-08-25 13:31:15,T00746,GF-QQQ-IC-Ride-Delta,IC,QQQ,shortcallspread,,712,n/a,sl100,6.0,193.0,0.0311,True,optimistic bound: no SL hit -> actual exit pnl (ledger),closed
2026-08-25,2026-08-25 13:31:15,T00746,GF-QQQ-IC-Ride-Delta,IC,QQQ,shortcallspread,,712,n/a,sl130,6.0,193.0,0.0311,True,optimistic bound: no SL hit -> actual exit pnl (ledger),closed
2026-08-25,2026-08-25 13:31:15,T00746,GF-QQQ-IC-Ride-Delta,IC,QQQ,shortcallspread,,712,n/a,sl50,-3.5,193.0,-0.0181,True,optimistic bound: booked -50% of credit_basis at mae_pct threshold,closed
2026-08-25,2026-08-25 13:31:15,T00746,GF-QQQ-IC-Ride-Delta,IC,QQQ,shortcallspread,,712,n/a,sl75,-5.25,193.0,-0.0272,True,optimistic bound: booked -75% of credit_basis at mae_pct threshold,closed
2026-08-25,2026-08-25 13:31:13,T00747,GF-QQQ-IC-SL100,IC,QQQ,shortcallspread,,712,n/a,actual,6.0,193.0,0.0311,False,"actual exit pnl (ledger, verbatim) - NOT settlement",closed
2026-08-25,2026-08-25 13:31:13,T00747,GF-QQQ-IC-SL100,IC,QQQ,shortcallspread,,712,n/a,defang,,193.0,,True,DEFERRED v1 — needs the intraday premium-decay path (mark short leg to ~$0.05) not present in the ledger. TODO: model once tick/1-min option-premium history is available.,closed
2026-08-25,2026-08-25 13:31:13,T00747,GF-QQQ-IC-SL100,IC,QQQ,shortcallspread,,712,n/a,pt100,7.0,193.0,0.0363,True,optimistic bound: booked +100% of credit_basis at mfe_pct threshold,closed
2026-08-25,2026-08-25 13:31:13,T00747,GF-QQQ-IC-SL100,IC,QQQ,shortcallspread,,712,n/a,pt25,1.75,193.0,0.0091,True,optimistic bound: booked +25% of credit_basis at mfe_pct threshold,closed
2026-08-25,2026-08-25 13:31:13,T00747,GF-QQQ-IC-SL100,IC,QQQ,shortcallspread,,712,n/a,pt50,3.5,193.0,0.0181,True,optimistic bound: booked +50% of credit_basis at mfe_pct threshold,closed
2026-08-25,2026-08-25 13:31:13,T00747,GF-QQQ-IC-SL100,IC,QQQ,shortcallspread,,712,n/a,settle,,193.0,,True,NOT EVALUABLE — position closed early; what it would have returned held to settlement needs post-exit path data that does not exist. Never modeled.,closed
2026-08-25,2026-08-25 13:31:13,T00747,GF-QQQ-IC-SL100,IC,QQQ,shortcallspread,,712,n/a,sl100,6.0,193.0,0.0311,True,optimistic bound: no SL hit -> actual exit pnl (ledger),closed
2026-08-25,2026-08-25 13:31:13,T00747,GF-QQQ-IC-SL100,IC,QQQ,shortcallspread,,712,n/a,sl130,6.0,193.0,0.0311,True,optimistic bound: no SL hit -> actual exit pnl (ledger),closed
2026-08-25,2026-08-25 13:31:13,T00747,GF-QQQ-IC-SL100,IC,QQQ,shortcallspread,,712,n/a,sl50,-3.5,193.0,-0.0181,True,optimistic bound: booked -50% of credit_basis at mae_pct threshold,closed
2026-08-25,2026-08-25 13:31:13,T00747,GF-QQQ-IC-SL100,IC,QQQ,shortcallspread,,712,n/a,sl75,-5.25,193.0,-0.0272,True,optimistic bound: booked -75% of credit_basis at mae_pct threshold,closed
2026-08-25,2026-08-25 13:33:11,T00747,GF-QQQ-IC-SL100,IC,QQQ,shortputspread,707,,n/a,actual,6.0,192.0,0.0312,False,"actual exit pnl (ledger, verbatim) - NOT settlement",closed
2026-08-25,2026-08-25 13:33:11,T00747,GF-QQQ-IC-SL100,IC,QQQ,shortputspread,707,,n/a,defang,,192.0,,True,DEFERRED v1 — needs the intraday premium-decay path (mark short leg to ~$0.05) not present in the ledger. TODO: model once tick/1-min option-premium history is available.,closed
2026-08-25,2026-08-25 13:33:11,T00747,GF-QQQ-IC-SL100,IC,QQQ,shortputspread,707,,n/a,pt100,6.0,192.0,0.0312,True,optimistic bound: no PT hit -> actual exit pnl (ledger),closed
2026-08-25,2026-08-25 13:33:11,T00747,GF-QQQ-IC-SL100,IC,QQQ,shortputspread,707,,n/a,pt25,2.0,192.0,0.0104,True,optimistic bound: booked +25% of credit_basis at mfe_pct threshold,closed
2026-08-25,2026-08-25 13:33:11,T00747,GF-QQQ-IC-SL100,IC,QQQ,shortputspread,707,,n/a,pt50,4.0,192.0,0.0208,True,optimistic bound: booked +50% of credit_basis at mfe_pct threshold,closed
2026-08-25,2026-08-25 13:33:11,T00747,GF-QQQ-IC-SL100,IC,QQQ,shortputspread,707,,n/a,settle,,192.0,,True,NOT EVALUABLE — position closed early; what it would have returned held to settlement needs post-exit path data that does not exist. Never modeled.,closed
2026-08-25,2026-08-25 13:33:11,T00747,GF-QQQ-IC-SL100,IC,QQQ,shortputspread,707,,n/a,sl100,6.0,192.0,0.0312,True,optimistic bound: no SL hit -> actual exit pnl (ledger),closed
2026-08-25,2026-08-25 13:33:11,T00747,GF-QQQ-IC-SL100,IC,QQQ,shortputspread,707,,n/a,sl130,6.0,192.0,0.0312,True,optimistic bound: no SL hit -> actual exit pnl (ledger),closed
2026-08-25,2026-08-25 13:33:11,T00747,GF-QQQ-IC-SL100,IC,QQQ,shortputspread,707,,n/a,sl50,6.0,192.0,0.0312,True,optimistic bound: no SL hit -> actual exit pnl (ledger),closed
2026-08-25,2026-08-25 13:33:11,T00747,GF-QQQ-IC-SL100,IC,QQQ,shortputspread,707,,n/a,sl75,6.0,192.0,0.0312,True,optimistic bound: no SL hit -> actual exit pnl (ledger),closed
2026-08-25,2026-08-25 13:31:13,T00748,GF-QQQ-IC-SL200,IC,QQQ,shortcallspread,,712,n/a,actual,6.0,193.0,0.0311,False,"actual exit pnl (ledger, verbatim) - NOT settlement",closed
2026-08-25,2026-08-25 13:31:13,T00748,GF-QQQ-IC-SL200,IC,QQQ,shortcallspread,,712,n/a,defang,,193.0,,True,DEFERRED v1 — needs the intraday premium-decay path (mark short leg to ~$0.05) not present in the ledger. TODO: model once tick/1-min option-premium history is available.,closed
2026-08-25,2026-08-25 13:31:13,T00748,GF-QQQ-IC-SL200,IC,QQQ,shortcallspread,,712,n/a,pt100,7.0,193.0,0.0363,True,optimistic bound: booked +100% of credit_basis at mfe_pct threshold,closed
2026-08-25,2026-08-25 13:31:13,T00748,GF-QQQ-IC-SL200,IC,QQQ,shortcallspread,,712,n/a,pt25,1.75,193.0,0.0091,True,optimistic bound: booked +25% of credit_basis at mfe_pct threshold,closed
2026-08-25,2026-08-25 13:31:13,T00748,GF-QQQ-IC-SL200,IC,QQQ,shortcallspread,,712,n/a,pt50,3.5,193.0,0.0181,True,optimistic bound: booked +50% of credit_basis at mfe_pct threshold,closed
2026-08-25,2026-08-25 13:31:13,T00748,GF-QQQ-IC-SL200,IC,QQQ,shortcallspread,,712,n/a,settle,,193.0,,True,NOT EVALUABLE — position closed early; what it would have returned held to settlement needs post-exit path data that does not exist. Never modeled.,closed
2026-08-25,2026-08-25 13:31:13,T00748,GF-QQQ-IC-SL200,IC,QQQ,shortcallspread,,712,n/a,sl100,6.0,193.0,0.0311,True,optimistic bound: no SL hit -> actual exit pnl (ledger),closed
2026-08-25,2026-08-25 13:31:13,T00748,GF-QQQ-IC-SL200,IC,QQQ,shortcallspread,,712,n/a,sl130,6.0,193.0,0.0311,True,optimistic bound: no SL hit -> actual exit pnl (ledger),closed
2026-08-25,2026-08-25 13:31:13,T00748,GF-QQQ-IC-SL200,IC,QQQ,shortcallspread,,712,n/a,sl50,-3.5,193.0,-0.0181,True,optimistic bound: booked -50% of credit_basis at mae_pct threshold,closed
2026-08-25,2026-08-25 13:31:13,T00748,GF-QQQ-IC-SL200,IC,QQQ,shortcallspread,,712,n/a,sl75,-5.25,193.0,-0.0272,True,optimistic bound: booked -75% of credit_basis at mae_pct threshold,closed
2026-08-25,2026-08-25 13:33:11,T00748,GF-QQQ-IC-SL200,IC,QQQ,shortputspread,707,,n/a,actual,6.0,192.0,0.0312,False,"actual exit pnl (ledger, verbatim) - NOT settlement",closed
2026-08-25,2026-08-25 13:33:11,T00748,GF-QQQ-IC-SL200,IC,QQQ,shortputspread,707,,n/a,defang,,192.0,,True,DEFERRED v1 — needs the intraday premium-decay path (mark short leg to ~$0.05) not present in the ledger. TODO: model once tick/1-min option-premium history is available.,closed
2026-08-25,2026-08-25 13:33:11,T00748,GF-QQQ-IC-SL200,IC,QQQ,shortputspread,707,,n/a,pt100,6.0,192.0,0.0312,True,optimistic bound: no PT hit -> actual exit pnl (ledger),closed
2026-08-25,2026-08-25 13:33:11,T00748,GF-QQQ-IC-SL200,IC,QQQ,shortputspread,707,,n/a,pt25,2.0,192.0,0.0104,True,optimistic bound: booked +25% of credit_basis at mfe_pct threshold,closed
2026-08-25,2026-08-25 13:33:11,T00748,GF-QQQ-IC-SL200,IC,QQQ,shortputspread,707,,n/a,pt50,4.0,192.0,0.0208,True,optimistic bound: booked +50% of credit_basis at mfe_pct threshold,closed
2026-08-25,2026-08-25 13:33:11,T00748,GF-QQQ-IC-SL200,IC,QQQ,shortputspread,707,,n/a,settle,,192.0,,True,NOT EVALUABLE — position closed early; what it would have returned held to settlement needs post-exit path data that does not exist. Never modeled.,closed
2026-08-25,2026-08-25 13:33:11,T00748,GF-QQQ-IC-SL200,IC,QQQ,shortputspread,707,,n/a,sl100,6.0,192.0,0.0312,True,optimistic bound: no SL hit -> actual exit pnl (ledger),closed
2026-08-25,2026-08-25 13:33:11,T00748,GF-QQQ-IC-SL200,IC,QQQ,shortputspread,707,,n/a,sl130,6.0,192.0,0.0312,True,optimistic bound: no SL hit -> actual exit pnl (ledger),closed
2026-08-25,2026-08-25 13:33:11,T00748,GF-QQQ-IC-SL200,IC,QQQ,shortputspread,707,,n/a,sl50,6.0,192.0,0.0312,True,optimistic bound: no SL hit -> actual exit pnl (ledger),closed
2026-08-25,2026-08-25 13:33:11,T00748,GF-QQQ-IC-SL200,IC,QQQ,shortputspread,707,,n/a,sl75,6.0,192.0,0.0312,True,optimistic bound: no SL hit -> actual exit pnl (ledger),closed
2026-08-25,2026-08-25 13:31:13,T00744,GF-QQQ-IC-Touch0,IC,QQQ,shortcallspread,,712,n/a,actual,6.0,193.0,0.0311,False,"actual exit pnl (ledger, verbatim) - NOT settlement",closed
2026-08-25,2026-08-25 13:31:13,T00744,GF-QQQ-IC-Touch0,IC,QQQ,shortcallspread,,712,n/a,defang,,193.0,,True,DEFERRED v1 — needs the intraday premium-decay path (mark short leg to ~$0.05) not present in the ledger. TODO: model once tick/1-min option-premium history is available.,closed
2026-08-25,2026-08-25 13:31:13,T00744,GF-QQQ-IC-Touch0,IC,QQQ,shortcallspread,,712,n/a,pt100,7.0,193.0,0.0363,True,optimistic bound: booked +100% of credit_basis at mfe_pct threshold,closed
2026-08-25,2026-08-25 13:31:13,T00744,GF-QQQ-IC-Touch0,IC,QQQ,shortcallspread,,712,n/a,pt25,1.75,193.0,0.0091,True,optimistic bound: booked +25% of credit_basis at mfe_pct threshold,closed
2026-08-25,2026-08-25 13:31:13,T00744,GF-QQQ-IC-Touch0,IC,QQQ,shortcallspread,,712,n/a,pt50,3.5,193.0,0.0181,True,optimistic bound: booked +50% of credit_basis at mfe_pct threshold,closed
2026-08-25,2026-08-25 13:31:13,T00744,GF-QQQ-IC-Touch0,IC,QQQ,shortcallspread,,712,n/a,settle,,193.0,,True,NOT EVALUABLE — position closed early; what it would have returned held to settlement needs post-exit path data that does not exist. Never modeled.,closed
2026-08-25,2026-08-25 13:31:13,T00744,GF-QQQ-IC-Touch0,IC,QQQ,shortcallspread,,712,n/a,sl100,6.0,193.0,0.0311,True,optimistic bound: no SL hit -> actual exit pnl (ledger),closed
2026-08-25,2026-08-25 13:31:13,T00744,GF-QQQ-IC-Touch0,IC,QQQ,shortcallspread,,712,n/a,sl130,6.0,193.0,0.0311,True,optimistic bound: no SL hit -> actual exit pnl (ledger),closed
2026-08-25,2026-08-25 13:31:13,T00744,GF-QQQ-IC-Touch0,IC,QQQ,shortcallspread,,712,n/a,sl50,-3.5,193.0,-0.0181,True,optimistic bound: booked -50% of credit_basis at mae_pct threshold,closed
2026-08-25,2026-08-25 13:31:13,T00744,GF-QQQ-IC-Touch0,IC,QQQ,shortcallspread,,712,n/a,sl75,-5.25,193.0,-0.0272,True,optimistic bound: booked -75% of credit_basis at mae_pct threshold,closed
2026-08-25,2026-08-25 13:33:11,T00744,GF-QQQ-IC-Touch0,IC,QQQ,shortputspread,707,,n/a,actual,6.0,192.0,0.0312,False,"actual exit pnl (ledger, verbatim) - NOT settlement",closed
2026-08-25,2026-08-25 13:33:11,T00744,GF-QQQ-IC-Touch0,IC,QQQ,shortputspread,707,,n/a,defang,,192.0,,True,DEFERRED v1 — needs the intraday premium-decay path (mark short leg to ~$0.05) not present in the ledger. TODO: model once tick/1-min option-premium history is available.,closed
2026-08-25,2026-08-25 13:33:11,T00744,GF-QQQ-IC-Touch0,IC,QQQ,shortputspread,707,,n/a,pt100,6.0,192.0,0.0312,True,optimistic bound: no PT hit -> actual exit pnl (ledger),closed
2026-08-25,2026-08-25 13:33:11,T00744,GF-QQQ-IC-Touch0,IC,QQQ,shortputspread,707,,n/a,pt25,2.0,192.0,0.0104,True,optimistic bound: booked +25% of credit_basis at mfe_pct threshold,closed
2026-08-25,2026-08-25 13:33:11,T00744,GF-QQQ-IC-Touch0,IC,QQQ,shortputspread,707,,n/a,pt50,4.0,192.0,0.0208,True,optimistic bound: booked +50% of credit_basis at mfe_pct threshold,closed
2026-08-25,2026-08-25 13:33:11,T00744,GF-QQQ-IC-Touch0,IC,QQQ,shortputspread,707,,n/a,settle,,192.0,,True,NOT EVALUABLE — position closed early; what it would have returned held to settlement needs post-exit path data that does not exist. Never modeled.,closed
2026-08-25,2026-08-25 13:33:11,T00744,GF-QQQ-IC-Touch0,IC,QQQ,shortputspread,707,,n/a,sl100,6.0,192.0,0.0312,True,optimistic bound: no SL hit -> actual exit pnl (ledger),closed
2026-08-25,2026-08-25 13:33:11,T00744,GF-QQQ-IC-Touch0,IC,QQQ,shortputspread,707,,n/a,sl130,6.0,192.0,0.0312,True,optimistic bound: no SL hit -> actual exit pnl (ledger),closed
2026-08-25,2026-08-25 13:33:11,T00744,GF-QQQ-IC-Touch0,IC,QQQ,shortputspread,707,,n/a,sl50,6.0,192.0,0.0312,True,optimistic bound: no SL hit -> actual exit pnl (ledger),closed
2026-08-25,2026-08-25 13:33:11,T00744,GF-QQQ-IC-Touch0,IC,QQQ,shortputspread,707,,n/a,sl75,6.0,192.0,0.0312,True,optimistic bound: no SL hit -> actual exit pnl (ledger),closed
2026-08-25,2026-08-25 13:31:13,T00750,GF-QQQ-IC-Trail,IC,QQQ,shortcallspread,,712,n/a,actual,1.0,193.0,0.0052,False,"actual exit pnl (ledger, verbatim) - NOT settlement",closed
2026-08-25,2026-08-25 13:31:13,T00750,GF-QQQ-IC-Trail,IC,QQQ,shortcallspread,,712,n/a,defang,,193.0,,True,DEFERRED v1 — needs the intraday premium-decay path (mark short leg to ~$0.05) not present in the ledger. TODO: model once tick/1-min option-premium history is available.,closed
2026-08-25,2026-08-25 13:31:13,T00750,GF-QQQ-IC-Trail,IC,QQQ,shortcallspread,,712,n/a,pt100,1.0,193.0,0.0052,True,optimistic bound: no PT hit -> actual exit pnl (ledger),closed
2026-08-25,2026-08-25 13:31:13,T00750,GF-QQQ-IC-Trail,IC,QQQ,shortcallspread,,712,n/a,pt25,1.75,193.0,0.0091,True,optimistic bound: booked +25% of credit_basis at mfe_pct threshold,closed
2026-08-25,2026-08-25 13:31:13,T00750,GF-QQQ-IC-Trail,IC,QQQ,shortcallspread,,712,n/a,pt50,3.5,193.0,0.0181,True,optimistic bound: booked +50% of credit_basis at mfe_pct threshold,closed
2026-08-25,2026-08-25 13:31:13,T00750,GF-QQQ-IC-Trail,IC,QQQ,shortcallspread,,712,n/a,settle,,193.0,,True,NOT EVALUABLE — position closed early; what it would have returned held to settlement needs post-exit path data that does not exist. Never modeled.,closed
2026-08-25,2026-08-25 13:31:13,T00750,GF-QQQ-IC-Trail,IC,QQQ,shortcallspread,,712,n/a,sl100,1.0,193.0,0.0052,True,optimistic bound: no SL hit -> actual exit pnl (ledger),closed
2026-08-25,2026-08-25 13:31:13,T00750,GF-QQQ-IC-Trail,IC,QQQ,shortcallspread,,712,n/a,sl130,1.0,193.0,0.0052,True,optimistic bound: no SL hit -> actual exit pnl (ledger),closed
2026-08-25,2026-08-25 13:31:13,T00750,GF-QQQ-IC-Trail,IC,QQQ,shortcallspread,,712,n/a,sl50,1.0,193.0,0.0052,True,optimistic bound: no SL hit -> actual exit pnl (ledger),closed
2026-08-25,2026-08-25 13:31:13,T00750,GF-QQQ-IC-Trail,IC,QQQ,shortcallspread,,712,n/a,sl75,1.0,193.0,0.0052,True,optimistic bound: no SL hit -> actual exit pnl (ledger),closed
2026-08-25,2026-08-25 13:33:11,T00750,GF-QQQ-IC-Trail,IC,QQQ,shortputspread,707,,n/a,actual,-1.0,192.0,-0.0052,False,"actual exit pnl (ledger, verbatim) - NOT settlement",closed
2026-08-25,2026-08-25 13:33:11,T00750,GF-QQQ-IC-Trail,IC,QQQ,shortputspread,707,,n/a,defang,,192.0,,True,DEFERRED v1 — needs the intraday premium-decay path (mark short leg to ~$0.05) not present in the ledger. TODO: model once tick/1-min option-premium history is available.,closed
2026-08-25,2026-08-25 13:33:11,T00750,GF-QQQ-IC-Trail,IC,QQQ,shortputspread,707,,n/a,pt100,-1.0,192.0,-0.0052,True,optimistic bound: no PT hit -> actual exit pnl (ledger),closed
2026-08-25,2026-08-25 13:33:11,T00750,GF-QQQ-IC-Trail,IC,QQQ,shortputspread,707,,n/a,pt25,2.0,192.0,0.0104,True,optimistic bound: booked +25% of credit_basis at mfe_pct threshold,closed
2026-08-25,2026-08-25 13:33:11,T00750,GF-QQQ-IC-Trail,IC,QQQ,shortputspread,707,,n/a,pt50,4.0,192.0,0.0208,True,optimistic bound: booked +50% of credit_basis at mfe_pct threshold,closed
2026-08-25,2026-08-25 13:33:11,T00750,GF-QQQ-IC-Trail,IC,QQQ,shortputspread,707,,n/a,settle,,192.0,,True,NOT EVALUABLE — position closed early; what it would have returned held to settlement needs post-exit path data that does not exist. Never modeled.,closed
2026-08-25,2026-08-25 13:33:11,T00750,GF-QQQ-IC-Trail,IC,QQQ,shortputspread,707,,n/a,sl100,-1.0,192.0,-0.0052,True,optimistic bound: no SL hit -> actual exit pnl (ledger),closed
2026-08-25,2026-08-25 13:33:11,T00750,GF-QQQ-IC-Trail,IC,QQQ,shortputspread,707,,n/a,sl130,-1.0,192.0,-0.0052,True,optimistic bound: no SL hit -> actual exit pnl (ledger),closed
2026-08-25,2026-08-25 13:33:11,T00750,GF-QQQ-IC-Trail,IC,QQQ,shortputspread,707,,n/a,sl50,-1.0,192.0,-0.0052,True,optimistic bound: no SL hit -> actual exit pnl (ledger),closed
2026-08-25,2026-08-25 13:33:11,T00750,GF-QQQ-IC-Trail,IC,QQQ,shortputspread,707,,n/a,sl75,-1.0,192.0,-0.0052,True,optimistic bound: no SL hit -> actual exit pnl (ledger),closed
2026-08-25,2026-08-25 11:01:01,T00754,IC-SPX-FastPT25-S2,IC,SPX,shortputspread,7605,,n/a,actual,50.0,4900.0,0.0102,False,"actual exit pnl (ledger, verbatim) - NOT settlement",closed
2026-08-25,2026-08-25 11:01:01,T00754,IC-SPX-FastPT25-S2,IC,SPX,shortputspread,7605,,n/a,defang,,4900.0,,True,DEFERRED v1 — needs the intraday premium-decay path (mark short leg to ~$0.05) not present in the ledger. TODO: model once tick/1-min option-premium history is available.,closed
2026-08-25,2026-08-25 11:01:01,T00754,IC-SPX-FastPT25-S2,IC,SPX,shortputspread,7605,,n/a,pt100,50.0,4900.0,0.0102,True,optimistic bound: no PT hit -> actual exit pnl (ledger),closed
2026-08-25,2026-08-25 11:01:01,T00754,IC-SPX-FastPT25-S2,IC,SPX,shortputspread,7605,,n/a,pt25,25.0,4900.0,0.0051,True,optimistic bound: booked +25% of credit_basis at mfe_pct threshold,closed
2026-08-25,2026-08-25 11:01:01,T00754,IC-SPX-FastPT25-S2,IC,SPX,shortputspread,7605,,n/a,pt50,50.0,4900.0,0.0102,True,optimistic bound: booked +50% of credit_basis at mfe_pct threshold,closed
2026-08-25,2026-08-25 11:01:01,T00754,IC-SPX-FastPT25-S2,IC,SPX,shortputspread,7605,,n/a,settle,,4900.0,,True,NOT EVALUABLE — position closed early; what it would have returned held to settlement needs post-exit path data that does not exist. Never modeled.,closed
2026-08-25,2026-08-25 11:01:01,T00754,IC-SPX-FastPT25-S2,IC,SPX,shortputspread,7605,,n/a,sl100,50.0,4900.0,0.0102,True,optimistic bound: no SL hit -> actual exit pnl (ledger),closed
2026-08-25,2026-08-25 11:01:01,T00754,IC-SPX-FastPT25-S2,IC,SPX,shortputspread,7605,,n/a,sl130,50.0,4900.0,0.0102,True,optimistic bound: no SL hit -> actual exit pnl (ledger),closed
2026-08-25,2026-08-25 11:01:01,T00754,IC-SPX-FastPT25-S2,IC,SPX,shortputspread,7605,,n/a,sl50,50.0,4900.0,0.0102,True,optimistic bound: no SL hit -> actual exit pnl (ledger),closed
2026-08-25,2026-08-25 11:01:01,T00754,IC-SPX-FastPT25-S2,IC,SPX,shortputspread,7605,,n/a,sl75,50.0,4900.0,0.0102,True,optimistic bound: no SL hit -> actual exit pnl (ledger),closed
2026-08-25,2026-08-25 13:31:00,T00743,IC-SPX-FastPT25-S2-130PM,IC,SPX,shortputspread,7645,,n/a,actual,250.0,4750.0,0.0526,False,"settlement pnl (ledger, verbatim)",expired
2026-08-25,2026-08-25 13:31:00,T00743,IC-SPX-FastPT25-S2-130PM,IC,SPX,shortputspread,7645,,n/a,defang,,4750.0,,True,DEFERRED v1 — needs the intraday premium-decay path (mark short leg to ~$0.05) not present in the ledger. TODO: model once tick/1-min option-premium history is available.,expired
2026-08-25,2026-08-25 13:31:00,T00743,IC-SPX-FastPT25-S2-130PM,IC,SPX,shortputspread,7645,,n/a,pt100,250.0,4750.0,0.0526,True,optimistic bound: booked +100% of credit_basis at mfe_pct threshold,expired
2026-08-25,2026-08-25 13:31:00,T00743,IC-SPX-FastPT25-S2-130PM,IC,SPX,shortputspread,7645,,n/a,pt25,62.5,4750.0,0.0132,True,optimistic bound: booked +25% of credit_basis at mfe_pct threshold,expired
2026-08-25,2026-08-25 13:31:00,T00743,IC-SPX-FastPT25-S2-130PM,IC,SPX,shortputspread,7645,,n/a,pt50,125.0,4750.0,0.0263,True,optimistic bound: booked +50% of credit_basis at mfe_pct threshold,expired
2026-08-25,2026-08-25 13:31:00,T00743,IC-SPX-FastPT25-S2-130PM,IC,SPX,shortputspread,7645,,n/a,sl100,250.0,4750.0,0.0526,True,optimistic bound: no SL hit -> rode to settlement,expired
2026-08-25,2026-08-25 13:31:00,T00743,IC-SPX-FastPT25-S2-130PM,IC,SPX,shortputspread,7645,,n/a,sl130,250.0,4750.0,0.0526,True,optimistic bound: no SL hit -> rode to settlement,expired
2026-08-25,2026-08-25 13:31:00,T00743,IC-SPX-FastPT25-S2-130PM,IC,SPX,shortputspread,7645,,n/a,sl50,250.0,4750.0,0.0526,True,optimistic bound: no SL hit -> rode to settlement,expired
2026-08-25,2026-08-25 13:31:00,T00743,IC-SPX-FastPT25-S2-130PM,IC,SPX,shortputspread,7645,,n/a,sl75,250.0,4750.0,0.0526,True,optimistic bound: no SL hit -> rode to settlement,expired
2026-08-25,2026-08-25 13:31:02,T00743,IC-SPX-FastPT25-S2-130PM,IC,SPX,shortcallspread,,7685,n/a,actual,200.0,4800.0,0.0417,False,"settlement pnl (ledger, verbatim)",expired
2026-08-25,2026-08-25 13:31:02,T00743,IC-SPX-FastPT25-S2-130PM,IC,SPX,shortcallspread,,7685,n/a,defang,,4800.0,,True,DEFERRED v1 — needs the intraday premium-decay path (mark short leg to ~$0.05) not present in the ledger. TODO: model once tick/1-min option-premium history is available.,expired
2026-08-25,2026-08-25 13:31:02,T00743,IC-SPX-FastPT25-S2-130PM,IC,SPX,shortcallspread,,7685,n/a,pt100,200.0,4800.0,0.0417,True,optimistic bound: booked +100% of credit_basis at mfe_pct threshold,expired
2026-08-25,2026-08-25 13:31:02,T00743,IC-SPX-FastPT25-S2-130PM,IC,SPX,shortcallspread,,7685,n/a,pt25,50.0,4800.0,0.0104,True,optimistic bound: booked +25% of credit_basis at mfe_pct threshold,expired
2026-08-25,2026-08-25 13:31:02,T00743,IC-SPX-FastPT25-S2-130PM,IC,SPX,shortcallspread,,7685,n/a,pt50,100.0,4800.0,0.0208,True,optimistic bound: booked +50% of credit_basis at mfe_pct threshold,expired
2026-08-25,2026-08-25 13:31:02,T00743,IC-SPX-FastPT25-S2-130PM,IC,SPX,shortcallspread,,7685,n/a,sl100,-200.0,4800.0,-0.0417,True,optimistic bound: booked -100% of credit_basis at mae_pct threshold,expired
2026-08-25,2026-08-25 13:31:02,T00743,IC-SPX-FastPT25-S2-130PM,IC,SPX,shortcallspread,,7685,n/a,sl130,200.0,4800.0,0.0417,True,optimistic bound: no SL hit -> rode to settlement,expired
2026-08-25,2026-08-25 13:31:02,T00743,IC-SPX-FastPT25-S2-130PM,IC,SPX,shortcallspread,,7685,n/a,sl50,-100.0,4800.0,-0.0208,True,optimistic bound: booked -50% of credit_basis at mae_pct threshold,expired
2026-08-25,2026-08-25 13:31:02,T00743,IC-SPX-FastPT25-S2-130PM,IC,SPX,shortcallspread,,7685,n/a,sl75,-150.0,4800.0,-0.0312,True,optimistic bound: booked -75% of credit_basis at mae_pct threshold,expired
2026-08-25,2026-08-25 09:45:30,T00741,Nigiri-Paper-v1,OA-Mirror,,shortputspread,744,,n/a,actual,40.0,4900.0,0.0082,False,"actual exit pnl (ledger, verbatim) - NOT settlement",closed
2026-08-25,2026-08-25 09:45:30,T00741,Nigiri-Paper-v1,OA-Mirror,,shortputspread,744,,n/a,defang,,4900.0,,True,DEFERRED v1 — needs the intraday premium-decay path (mark short leg to ~$0.05) not present in the ledger. TODO: model once tick/1-min option-premium history is available.,closed
2026-08-25,2026-08-25 09:45:30,T00741,Nigiri-Paper-v1,OA-Mirror,,shortputspread,744,,n/a,pt100,40.0,4900.0,0.0082,True,optimistic bound: no PT hit -> actual exit pnl (ledger),closed
2026-08-25,2026-08-25 09:45:30,T00741,Nigiri-Paper-v1,OA-Mirror,,shortputspread,744,,n/a,pt25,25.0,4900.0,0.0051,True,optimistic bound: booked +25% of credit_basis at mfe_pct threshold,closed
2026-08-25,2026-08-25 09:45:30,T00741,Nigiri-Paper-v1,OA-Mirror,,shortputspread,744,,n/a,pt50,50.0,4900.0,0.0102,True,optimistic bound: booked +50% of credit_basis at mfe_pct threshold,closed
2026-08-25,2026-08-25 09:45:30,T00741,Nigiri-Paper-v1,OA-Mirror,,shortputspread,744,,n/a,settle,,4900.0,,True,NOT EVALUABLE — position closed early; what it would have returned held to settlement needs post-exit path data that does not exist. Never modeled.,closed
2026-08-25,2026-08-25 09:45:30,T00741,Nigiri-Paper-v1,OA-Mirror,,shortputspread,744,,n/a,sl100,40.0,4900.0,0.0082,True,optimistic bound: no SL hit -> actual exit pnl (ledger),closed
2026-08-25,2026-08-25 09:45:30,T00741,Nigiri-Paper-v1,OA-Mirror,,shortputspread,744,,n/a,sl130,40.0,4900.0,0.0082,True,optimistic bound: no SL hit -> actual exit pnl (ledger),closed
2026-08-25,2026-08-25 09:45:30,T00741,Nigiri-Paper-v1,OA-Mirror,,shortputspread,744,,n/a,sl50,40.0,4900.0,0.0082,True,optimistic bound: no SL hit -> actual exit pnl (ledger),closed
2026-08-25,2026-08-25 09:45:30,T00741,Nigiri-Paper-v1,OA-Mirror,,shortputspread,744,,n/a,sl75,40.0,4900.0,0.0082,True,optimistic bound: no SL hit -> actual exit pnl (ledger),closed
2026-08-26,2026-08-26 10:00:05,T00728,3DTE $140-$350,OA-Mirror,SPX,ironcondor,7485,7890,n/a,actual,35.0,950.0,0.0368,False,"actual exit pnl (ledger, verbatim) - NOT settlement",closed
2026-08-26,2026-08-26 10:00:05,T00728,3DTE $140-$350,OA-Mirror,SPX,ironcondor,7485,7890,n/a,defang,,950.0,,True,DEFERRED v1 — needs the intraday premium-decay path (mark short leg to ~$0.05) not present in the ledger. TODO: model once tick/1-min option-premium history is available.,closed
2026-08-26,2026-08-26 10:00:05,T00728,3DTE $140-$350,OA-Mirror,SPX,ironcondor,7485,7890,n/a,pt100,35.0,950.0,0.0368,True,optimistic bound: no PT hit -> actual exit pnl (ledger),closed
2026-08-26,2026-08-26 10:00:05,T00728,3DTE $140-$350,OA-Mirror,SPX,ironcondor,7485,7890,n/a,pt25,12.5,950.0,0.0132,True,optimistic bound: booked +25% of credit_basis at mfe_pct threshold,closed
2026-08-26,2026-08-26 10:00:05,T00728,3DTE $140-$350,OA-Mirror,SPX,ironcondor,7485,7890,n/a,pt50,25.0,950.0,0.0263,True,optimistic bound: booked +50% of credit_basis at mfe_pct threshold,closed
2026-08-26,2026-08-26 10:00:05,T00728,3DTE $140-$350,OA-Mirror,SPX,ironcondor,7485,7890,n/a,settle,,950.0,,True,NOT EVALUABLE — position closed early; what it would have returned held to settlement needs post-exit path data that does not exist. Never modeled.,closed
2026-08-26,2026-08-26 10:00:05,T00728,3DTE $140-$350,OA-Mirror,SPX,ironcondor,7485,7890,n/a,sl100,35.0,950.0,0.0368,True,optimistic bound: no SL hit -> actual exit pnl (ledger),closed
2026-08-26,2026-08-26 10:00:05,T00728,3DTE $140-$350,OA-Mirror,SPX,ironcondor,7485,7890,n/a,sl130,35.0,950.0,0.0368,True,optimistic bound: no SL hit -> actual exit pnl (ledger),closed
2026-08-26,2026-08-26 10:00:05,T00728,3DTE $140-$350,OA-Mirror,SPX,ironcondor,7485,7890,n/a,sl50,35.0,950.0,0.0368,True,optimistic bound: no SL hit -> actual exit pnl (ledger),closed
2026-08-26,2026-08-26 10:00:05,T00728,3DTE $140-$350,OA-Mirror,SPX,ironcondor,7485,7890,n/a,sl75,35.0,950.0,0.0368,True,optimistic bound: no SL hit -> actual exit pnl (ledger),closed
2026-08-26,2026-08-26 13:31:14,T00736,GF-QQQ-IC-Canary,IC,QQQ,shortputspread,705,,n/a,actual,1.0,190.0,0.0053,False,"actual exit pnl (ledger, verbatim) - NOT settlement",closed
2026-08-26,2026-08-26 13:31:14,T00736,GF-QQQ-IC-Canary,IC,QQQ,shortputspread,705,,n/a,defang,,190.0,,True,DEFERRED v1 — needs the intraday premium-decay path (mark short leg to ~$0.05) not present in the ledger. TODO: model once tick/1-min option-premium history is available.,closed
2026-08-26,2026-08-26 13:31:14,T00736,GF-QQQ-IC-Canary,IC,QQQ,shortputspread,705,,n/a,pt100,1.0,190.0,0.0053,True,optimistic bound: no PT hit -> actual exit pnl (ledger),closed
2026-08-26,2026-08-26 13:31:14,T00736,GF-QQQ-IC-Canary,IC,QQQ,shortputspread,705,,n/a,pt25,1.0,190.0,0.0053,True,optimistic bound: no PT hit -> actual exit pnl (ledger),closed
2026-08-26,2026-08-26 13:31:14,T00736,GF-QQQ-IC-Canary,IC,QQQ,shortputspread,705,,n/a,pt50,1.0,190.0,0.0053,True,optimistic bound: no PT hit -> actual exit pnl (ledger),closed
2026-08-26,2026-08-26 13:31:14,T00736,GF-QQQ-IC-Canary,IC,QQQ,shortputspread,705,,n/a,settle,,190.0,,True,NOT EVALUABLE — position closed early; what it would have returned held to settlement needs post-exit path data that does not exist. Never modeled.,closed
2026-08-26,2026-08-26 13:31:14,T00736,GF-QQQ-IC-Canary,IC,QQQ,shortputspread,705,,n/a,sl100,1.0,190.0,0.0053,True,optimistic bound: no SL hit -> actual exit pnl (ledger),closed
2026-08-26,2026-08-26 13:31:14,T00736,GF-QQQ-IC-Canary,IC,QQQ,shortputspread,705,,n/a,sl130,1.0,190.0,0.0053,True,optimistic bound: no SL hit -> actual exit pnl (ledger),closed
2026-08-26,2026-08-26 13:31:14,T00736,GF-QQQ-IC-Canary,IC,QQQ,shortputspread,705,,n/a,sl50,1.0,190.0,0.0053,True,optimistic bound: no SL hit -> actual exit pnl (ledger),closed
2026-08-26,2026-08-26 13:31:14,T00736,GF-QQQ-IC-Canary,IC,QQQ,shortputspread,705,,n/a,sl75,1.0,190.0,0.0053,True,optimistic bound: no SL hit -> actual exit pnl (ledger),closed
2026-08-26,2026-08-26 13:31:15,T00736,GF-QQQ-IC-Canary,IC,QQQ,shortcallspread,,716,n/a,actual,-16.0,190.0,-0.0842,False,"actual exit pnl (ledger, verbatim) - NOT settlement",closed
2026-08-26,2026-08-26 13:31:15,T00736,GF-QQQ-IC-Canary,IC,QQQ,shortcallspread,,716,n/a,defang,,190.0,,True,DEFERRED v1 — needs the intraday premium-decay path (mark short leg to ~$0.05) not present in the ledger. TODO: model once tick/1-min option-premium history is available.,closed
2026-08-26,2026-08-26 13:31:15,T00736,GF-QQQ-IC-Canary,IC,QQQ,shortcallspread,,716,n/a,pt100,-16.0,190.0,-0.0842,True,optimistic bound: no PT hit -> actual exit pnl (ledger),closed
2026-08-26,2026-08-26 13:31:15,T00736,GF-QQQ-IC-Canary,IC,QQQ,shortcallspread,,716,n/a,pt25,-16.0,190.0,-0.0842,True,optimistic bound: no PT hit -> actual exit pnl (ledger),closed
2026-08-26,2026-08-26 13:31:15,T00736,GF-QQQ-IC-Canary,IC,QQQ,shortcallspread,,716,n/a,pt50,-16.0,190.0,-0.0842,True,optimistic bound: no PT hit -> actual exit pnl (ledger),closed
2026-08-26,2026-08-26 13:31:15,T00736,GF-QQQ-IC-Canary,IC,QQQ,shortcallspread,,716,n/a,settle,,190.0,,True,NOT EVALUABLE — position closed early; what it would have returned held to settlement needs post-exit path data that does not exist. Never modeled.,closed
2026-08-26,2026-08-26 13:31:15,T00736,GF-QQQ-IC-Canary,IC,QQQ,shortcallspread,,716,n/a,sl100,-10.0,190.0,-0.0526,True,optimistic bound: booked -100% of credit_basis at mae_pct threshold,closed
2026-08-26,2026-08-26 13:31:15,T00736,GF-QQQ-IC-Canary,IC,QQQ,shortcallspread,,716,n/a,sl130,-13.0,190.0,-0.0684,True,optimistic bound: booked -130% of credit_basis at mae_pct threshold,closed
2026-08-26,2026-08-26 13:31:15,T00736,GF-QQQ-IC-Canary,IC,QQQ,shortcallspread,,716,n/a,sl50,-5.0,190.0,-0.0263,True,optimistic bound: booked -50% of credit_basis at mae_pct threshold,closed
2026-08-26,2026-08-26 13:31:15,T00736,GF-QQQ-IC-Canary,IC,QQQ,shortcallspread,,716,n/a,sl75,-7.5,190.0,-0.0395,True,optimistic bound: booked -75% of credit_basis at mae_pct threshold,closed
2026-08-26,2026-08-26 13:31:14,T00739,GF-QQQ-IC-PT50,IC,QQQ,shortputspread,705,,n/a,actual,5.0,190.0,0.0263,False,"actual exit pnl (ledger, verbatim) - NOT settlement",closed
2026-08-26,2026-08-26 13:31:14,T00739,GF-QQQ-IC-PT50,IC,QQQ,shortputspread,705,,n/a,defang,,190.0,,True,DEFERRED v1 — needs the intraday premium-decay path (mark short leg to ~$0.05) not present in the ledger. TODO: model once tick/1-min option-premium history is available.,closed
2026-08-26,2026-08-26 13:31:14,T00739,GF-QQQ-IC-PT50,IC,QQQ,shortputspread,705,,n/a,pt100,5.0,190.0,0.0263,True,optimistic bound: no PT hit -> actual exit pnl (ledger),closed
2026-08-26,2026-08-26 13:31:14,T00739,GF-QQQ-IC-PT50,IC,QQQ,shortputspread,705,,n/a,pt25,2.5,190.0,0.0132,True,optimistic bound: booked +25% of credit_basis at mfe_pct threshold,closed
2026-08-26,2026-08-26 13:31:14,T00739,GF-QQQ-IC-PT50,IC,QQQ,shortputspread,705,,n/a,pt50,5.0,190.0,0.0263,True,optimistic bound: booked +50% of credit_basis at mfe_pct threshold,closed
2026-08-26,2026-08-26 13:31:14,T00739,GF-QQQ-IC-PT50,IC,QQQ,shortputspread,705,,n/a,settle,,190.0,,True,NOT EVALUABLE — position closed early; what it would have returned held to settlement needs post-exit path data that does not exist. Never modeled.,closed
2026-08-26,2026-08-26 13:31:14,T00739,GF-QQQ-IC-PT50,IC,QQQ,shortputspread,705,,n/a,sl100,5.0,190.0,0.0263,True,optimistic bound: no SL hit -> actual exit pnl (ledger),closed
2026-08-26,2026-08-26 13:31:14,T00739,GF-QQQ-IC-PT50,IC,QQQ,shortputspread,705,,n/a,sl130,5.0,190.0,0.0263,True,optimistic bound: no SL hit -> actual exit pnl (ledger),closed
2026-08-26,2026-08-26 13:31:14,T00739,GF-QQQ-IC-PT50,IC,QQQ,shortputspread,705,,n/a,sl50,5.0,190.0,0.0263,True,optimistic bound: no SL hit -> actual exit pnl (ledger),closed
2026-08-26,2026-08-26 13:31:14,T00739,GF-QQQ-IC-PT50,IC,QQQ,shortputspread,705,,n/a,sl75,5.0,190.0,0.0263,True,optimistic bound: no SL hit -> actual exit pnl (ledger),closed
2026-08-26,2026-08-26 13:31:15,T00739,GF-QQQ-IC-PT50,IC,QQQ,shortcallspread,,716,n/a,actual,-16.0,190.0,-0.0842,False,"actual exit pnl (ledger, verbatim) - NOT settlement",closed
2026-08-26,2026-08-26 13:31:15,T00739,GF-QQQ-IC-PT50,IC,QQQ,shortcallspread,,716,n/a,defang,,190.0,,True,DEFERRED v1 — needs the intraday premium-decay path (mark short leg to ~$0.05) not present in the ledger. TODO: model once tick/1-min option-premium history is available.,closed
2026-08-26,2026-08-26 13:31:15,T00739,GF-QQQ-IC-PT50,IC,QQQ,shortcallspread,,716,n/a,pt100,-16.0,190.0,-0.0842,True,optimistic bound: no PT hit -> actual exit pnl (ledger),closed
2026-08-26,2026-08-26 13:31:15,T00739,GF-QQQ-IC-PT50,IC,QQQ,shortcallspread,,716,n/a,pt25,-16.0,190.0,-0.0842,True,optimistic bound: no PT hit -> actual exit pnl (ledger),closed
2026-08-26,2026-08-26 13:31:15,T00739,GF-QQQ-IC-PT50,IC,QQQ,shortcallspread,,716,n/a,pt50,-16.0,190.0,-0.0842,True,optimistic bound: no PT hit -> actual exit pnl (ledger),closed
2026-08-26,2026-08-26 13:31:15,T00739,GF-QQQ-IC-PT50,IC,QQQ,shortcallspread,,716,n/a,settle,,190.0,,True,NOT EVALUABLE — position closed early; what it would have returned held to settlement needs post-exit path data that does not exist. Never modeled.,closed
2026-08-26,2026-08-26 13:31:15,T00739,GF-QQQ-IC-PT50,IC,QQQ,shortcallspread,,716,n/a,sl100,-10.0,190.0,-0.0526,True,optimistic bound: booked -100% of credit_basis at mae_pct threshold,closed
2026-08-26,2026-08-26 13:31:15,T00739,GF-QQQ-IC-PT50,IC,QQQ,shortcallspread,,716,n/a,sl130,-13.0,190.0,-0.0684,True,optimistic bound: booked -130% of credit_basis at mae_pct threshold,closed
2026-08-26,2026-08-26 13:31:15,T00739,GF-QQQ-IC-PT50,IC,QQQ,shortcallspread,,716,n/a,sl50,-5.0,190.0,-0.0263,True,optimistic bound: booked -50% of credit_basis at mae_pct threshold,closed
2026-08-26,2026-08-26 13:31:15,T00739,GF-QQQ-IC-PT50,IC,QQQ,shortcallspread,,716,n/a,sl75,-7.5,190.0,-0.0395,True,optimistic bound: booked -75% of credit_basis at mae_pct threshold,closed
2026-08-26,2026-08-26 13:31:14,T00731,GF-QQQ-IC-Ride,IC,QQQ,shortputspread,705,,n/a,actual,4.0,190.0,0.0211,False,"actual exit pnl (ledger, verbatim) - NOT settlement",closed
2026-08-26,2026-08-26 13:31:14,T00731,GF-QQQ-IC-Ride,IC,QQQ,shortputspread,705,,n/a,defang,,190.0,,True,DEFERRED v1 — needs the intraday premium-decay path (mark short leg to ~$0.05) not present in the ledger. TODO: model once tick/1-min option-premium history is available.,closed
2026-08-26,2026-08-26 13:31:14,T00731,GF-QQQ-IC-Ride,IC,QQQ,shortputspread,705,,n/a,pt100,4.0,190.0,0.0211,True,optimistic bound: no PT hit -> actual exit pnl (ledger),closed
2026-08-26,2026-08-26 13:31:14,T00731,GF-QQQ-IC-Ride,IC,QQQ,shortputspread,705,,n/a,pt25,2.5,190.0,0.0132,True,optimistic bound: booked +25% of credit_basis at mfe_pct threshold,closed
2026-08-26,2026-08-26 13:31:14,T00731,GF-QQQ-IC-Ride,IC,QQQ,shortputspread,705,,n/a,pt50,5.0,190.0,0.0263,True,optimistic bound: booked +50% of credit_basis at mfe_pct threshold,closed
2026-08-26,2026-08-26 13:31:14,T00731,GF-QQQ-IC-Ride,IC,QQQ,shortputspread,705,,n/a,settle,,190.0,,True,NOT EVALUABLE — position closed early; what it would have returned held to settlement needs post-exit path data that does not exist. Never modeled.,closed
2026-08-26,2026-08-26 13:31:14,T00731,GF-QQQ-IC-Ride,IC,QQQ,shortputspread,705,,n/a,sl100,4.0,190.0,0.0211,True,optimistic bound: no SL hit -> actual exit pnl (ledger),closed
2026-08-26,2026-08-26 13:31:14,T00731,GF-QQQ-IC-Ride,IC,QQQ,shortputspread,705,,n/a,sl130,4.0,190.0,0.0211,True,optimistic bound: no SL hit -> actual exit pnl (ledger),closed
2026-08-26,2026-08-26 13:31:14,T00731,GF-QQQ-IC-Ride,IC,QQQ,shortputspread,705,,n/a,sl50,4.0,190.0,0.0211,True,optimistic bound: no SL hit -> actual exit pnl (ledger),closed
2026-08-26,2026-08-26 13:31:14,T00731,GF-QQQ-IC-Ride,IC,QQQ,shortputspread,705,,n/a,sl75,4.0,190.0,0.0211,True,optimistic bound: no SL hit -> actual exit pnl (ledger),closed
2026-08-26,2026-08-26 13:31:15,T00731,GF-QQQ-IC-Ride,IC,QQQ,shortcallspread,,716,n/a,actual,-16.0,190.0,-0.0842,False,"actual exit pnl (ledger, verbatim) - NOT settlement",closed
2026-08-26,2026-08-26 13:31:15,T00731,GF-QQQ-IC-Ride,IC,QQQ,shortcallspread,,716,n/a,defang,,190.0,,True,DEFERRED v1 — needs the intraday premium-decay path (mark short leg to ~$0.05) not present in the ledger. TODO: model once tick/1-min option-premium history is available.,closed
2026-08-26,2026-08-26 13:31:15,T00731,GF-QQQ-IC-Ride,IC,QQQ,shortcallspread,,716,n/a,pt100,-16.0,190.0,-0.0842,True,optimistic bound: no PT hit -> actual exit pnl (ledger),closed
2026-08-26,2026-08-26 13:31:15,T00731,GF-QQQ-IC-Ride,IC,QQQ,shortcallspread,,716,n/a,pt25,-16.0,190.0,-0.0842,True,optimistic bound: no PT hit -> actual exit pnl (ledger),closed
2026-08-26,2026-08-26 13:31:15,T00731,GF-QQQ-IC-Ride,IC,QQQ,shortcallspread,,716,n/a,pt50,-16.0,190.0,-0.0842,True,optimistic bound: no PT hit -> actual exit pnl (ledger),closed
2026-08-26,2026-08-26 13:31:15,T00731,GF-QQQ-IC-Ride,IC,QQQ,shortcallspread,,716,n/a,settle,,190.0,,True,NOT EVALUABLE — position closed early; what it would have returned held to settlement needs post-exit path data that does not exist. Never modeled.,closed
2026-08-26,2026-08-26 13:31:15,T00731,GF-QQQ-IC-Ride,IC,QQQ,shortcallspread,,716,n/a,sl100,-10.0,190.0,-0.0526,True,optimistic bound: booked -100% of credit_basis at mae_pct threshold,closed
2026-08-26,2026-08-26 13:31:15,T00731,GF-QQQ-IC-Ride,IC,QQQ,shortcallspread,,716,n/a,sl130,-13.0,190.0,-0.0684,True,optimistic bound: booked -130% of credit_basis at mae_pct threshold,closed
2026-08-26,2026-08-26 13:31:15,T00731,GF-QQQ-IC-Ride,IC,QQQ,shortcallspread,,716,n/a,sl50,-5.0,190.0,-0.0263,True,optimistic bound: booked -50% of credit_basis at mae_pct threshold,closed
2026-08-26,2026-08-26 13:31:15,T00731,GF-QQQ-IC-Ride,IC,QQQ,shortcallspread,,716,n/a,sl75,-7.5,190.0,-0.0395,True,optimistic bound: booked -75% of credit_basis at mae_pct threshold,closed
2026-08-26,2026-08-26 13:31:14,T00734,GF-QQQ-IC-Ride-Delta,IC,QQQ,shortputspread,705,,n/a,actual,4.0,190.0,0.0211,False,"actual exit pnl (ledger, verbatim) - NOT settlement",closed
2026-08-26,2026-08-26 13:31:14,T00734,GF-QQQ-IC-Ride-Delta,IC,QQQ,shortputspread,705,,n/a,defang,,190.0,,True,DEFERRED v1 — needs the intraday premium-decay path (mark short leg to ~$0.05) not present in the ledger. TODO: model once tick/1-min option-premium history is available.,closed
2026-08-26,2026-08-26 13:31:14,T00734,GF-QQQ-IC-Ride-Delta,IC,QQQ,shortputspread,705,,n/a,pt100,4.0,190.0,0.0211,True,optimistic bound: no PT hit -> actual exit pnl (ledger),closed
2026-08-26,2026-08-26 13:31:14,T00734,GF-QQQ-IC-Ride-Delta,IC,QQQ,shortputspread,705,,n/a,pt25,2.5,190.0,0.0132,True,optimistic bound: booked +25% of credit_basis at mfe_pct threshold,closed
2026-08-26,2026-08-26 13:31:14,T00734,GF-QQQ-IC-Ride-Delta,IC,QQQ,shortputspread,705,,n/a,pt50,5.0,190.0,0.0263,True,optimistic bound: booked +50% of credit_basis at mfe_pct threshold,closed
2026-08-26,2026-08-26 13:31:14,T00734,GF-QQQ-IC-Ride-Delta,IC,QQQ,shortputspread,705,,n/a,settle,,190.0,,True,NOT EVALUABLE — position closed early; what it would have returned held to settlement needs post-exit path data that does not exist. Never modeled.,closed
2026-08-26,2026-08-26 13:31:14,T00734,GF-QQQ-IC-Ride-Delta,IC,QQQ,shortputspread,705,,n/a,sl100,4.0,190.0,0.0211,True,optimistic bound: no SL hit -> actual exit pnl (ledger),closed
2026-08-26,2026-08-26 13:31:14,T00734,GF-QQQ-IC-Ride-Delta,IC,QQQ,shortputspread,705,,n/a,sl130,4.0,190.0,0.0211,True,optimistic bound: no SL hit -> actual exit pnl (ledger),closed
2026-08-26,2026-08-26 13:31:14,T00734,GF-QQQ-IC-Ride-Delta,IC,QQQ,shortputspread,705,,n/a,sl50,4.0,190.0,0.0211,True,optimistic bound: no SL hit -> actual exit pnl (ledger),closed
2026-08-26,2026-08-26 13:31:14,T00734,GF-QQQ-IC-Ride-Delta,IC,QQQ,shortputspread,705,,n/a,sl75,4.0,190.0,0.0211,True,optimistic bound: no SL hit -> actual exit pnl (ledger),closed
2026-08-26,2026-08-26 13:31:15,T00734,GF-QQQ-IC-Ride-Delta,IC,QQQ,shortcallspread,,716,n/a,actual,-16.0,190.0,-0.0842,False,"actual exit pnl (ledger, verbatim) - NOT settlement",closed
2026-08-26,2026-08-26 13:31:15,T00734,GF-QQQ-IC-Ride-Delta,IC,QQQ,shortcallspread,,716,n/a,defang,,190.0,,True,DEFERRED v1 — needs the intraday premium-decay path (mark short leg to ~$0.05) not present in the ledger. TODO: model once tick/1-min option-premium history is available.,closed
2026-08-26,2026-08-26 13:31:15,T00734,GF-QQQ-IC-Ride-Delta,IC,QQQ,shortcallspread,,716,n/a,pt100,-16.0,190.0,-0.0842,True,optimistic bound: no PT hit -> actual exit pnl (ledger),closed
2026-08-26,2026-08-26 13:31:15,T00734,GF-QQQ-IC-Ride-Delta,IC,QQQ,shortcallspread,,716,n/a,pt25,-16.0,190.0,-0.0842,True,optimistic bound: no PT hit -> actual exit pnl (ledger),closed
2026-08-26,2026-08-26 13:31:15,T00734,GF-QQQ-IC-Ride-Delta,IC,QQQ,shortcallspread,,716,n/a,pt50,-16.0,190.0,-0.0842,True,optimistic bound: no PT hit -> actual exit pnl (ledger),closed
2026-08-26,2026-08-26 13:31:15,T00734,GF-QQQ-IC-Ride-Delta,IC,QQQ,shortcallspread,,716,n/a,settle,,190.0,,True,NOT EVALUABLE — position closed early; what it would have returned held to settlement needs post-exit path data that does not exist. Never modeled.,closed
2026-08-26,2026-08-26 13:31:15,T00734,GF-QQQ-IC-Ride-Delta,IC,QQQ,shortcallspread,,716,n/a,sl100,-10.0,190.0,-0.0526,True,optimistic bound: booked -100% of credit_basis at mae_pct threshold,closed
2026-08-26,2026-08-26 13:31:15,T00734,GF-QQQ-IC-Ride-Delta,IC,QQQ,shortcallspread,,716,n/a,sl130,-13.0,190.0,-0.0684,True,optimistic bound: booked -130% of credit_basis at mae_pct threshold,closed
2026-08-26,2026-08-26 13:31:15,T00734,GF-QQQ-IC-Ride-Delta,IC,QQQ,shortcallspread,,716,n/a,sl50,-5.0,190.0,-0.0263,True,optimistic bound: booked -50% of credit_basis at mae_pct threshold,closed
2026-08-26,2026-08-26 13:31:15,T00734,GF-QQQ-IC-Ride-Delta,IC,QQQ,shortcallspread,,716,n/a,sl75,-7.5,190.0,-0.0395,True,optimistic bound: booked -75% of credit_basis at mae_pct threshold,closed
2026-08-26,2026-08-26 13:31:14,T00733,GF-QQQ-IC-SL100,IC,QQQ,shortputspread,705,,n/a,actual,4.0,190.0,0.0211,False,"actual exit pnl (ledger, verbatim) - NOT settlement",closed
2026-08-26,2026-08-26 13:31:14,T00733,GF-QQQ-IC-SL100,IC,QQQ,shortputspread,705,,n/a,defang,,190.0,,True,DEFERRED v1 — needs the intraday premium-decay path (mark short leg to ~$0.05) not present in the ledger. TODO: model once tick/1-min option-premium history is available.,closed
2026-08-26,2026-08-26 13:31:14,T00733,GF-QQQ-IC-SL100,IC,QQQ,shortputspread,705,,n/a,pt100,4.0,190.0,0.0211,True,optimistic bound: no PT hit -> actual exit pnl (ledger),closed
2026-08-26,2026-08-26 13:31:14,T00733,GF-QQQ-IC-SL100,IC,QQQ,shortputspread,705,,n/a,pt25,2.5,190.0,0.0132,True,optimistic bound: booked +25% of credit_basis at mfe_pct threshold,closed
2026-08-26,2026-08-26 13:31:14,T00733,GF-QQQ-IC-SL100,IC,QQQ,shortputspread,705,,n/a,pt50,5.0,190.0,0.0263,True,optimistic bound: booked +50% of credit_basis at mfe_pct threshold,closed
2026-08-26,2026-08-26 13:31:14,T00733,GF-QQQ-IC-SL100,IC,QQQ,shortputspread,705,,n/a,settle,,190.0,,True,NOT EVALUABLE — position closed early; what it would have returned held to settlement needs post-exit path data that does not exist. Never modeled.,closed
2026-08-26,2026-08-26 13:31:14,T00733,GF-QQQ-IC-SL100,IC,QQQ,shortputspread,705,,n/a,sl100,4.0,190.0,0.0211,True,optimistic bound: no SL hit -> actual exit pnl (ledger),closed
2026-08-26,2026-08-26 13:31:14,T00733,GF-QQQ-IC-SL100,IC,QQQ,shortputspread,705,,n/a,sl130,4.0,190.0,0.0211,True,optimistic bound: no SL hit -> actual exit pnl (ledger),closed
2026-08-26,2026-08-26 13:31:14,T00733,GF-QQQ-IC-SL100,IC,QQQ,shortputspread,705,,n/a,sl50,4.0,190.0,0.0211,True,optimistic bound: no SL hit -> actual exit pnl (ledger),closed
2026-08-26,2026-08-26 13:31:14,T00733,GF-QQQ-IC-SL100,IC,QQQ,shortputspread,705,,n/a,sl75,4.0,190.0,0.0211,True,optimistic bound: no SL hit -> actual exit pnl (ledger),closed
2026-08-26,2026-08-26 13:31:15,T00733,GF-QQQ-IC-SL100,IC,QQQ,shortcallspread,,716,n/a,actual,-11.0,190.0,-0.0579,False,"actual exit pnl (ledger, verbatim) - NOT settlement",closed
2026-08-26,2026-08-26 13:31:15,T00733,GF-QQQ-IC-SL100,IC,QQQ,shortcallspread,,716,n/a,defang,,190.0,,True,DEFERRED v1 — needs the intraday premium-decay path (mark short leg to ~$0.05) not present in the ledger. TODO: model once tick/1-min option-premium history is available.,closed
2026-08-26,2026-08-26 13:31:15,T00733,GF-QQQ-IC-SL100,IC,QQQ,shortcallspread,,716,n/a,pt100,-11.0,190.0,-0.0579,True,optimistic bound: no PT hit -> actual exit pnl (ledger),closed
2026-08-26,2026-08-26 13:31:15,T00733,GF-QQQ-IC-SL100,IC,QQQ,shortcallspread,,716,n/a,pt25,-11.0,190.0,-0.0579,True,optimistic bound: no PT hit -> actual exit pnl (ledger),closed
2026-08-26,2026-08-26 13:31:15,T00733,GF-QQQ-IC-SL100,IC,QQQ,shortcallspread,,716,n/a,pt50,-11.0,190.0,-0.0579,True,optimistic bound: no PT hit -> actual exit pnl (ledger),closed
2026-08-26,2026-08-26 13:31:15,T00733,GF-QQQ-IC-SL100,IC,QQQ,shortcallspread,,716,n/a,settle,,190.0,,True,NOT EVALUABLE — position closed early; what it would have returned held to settlement needs post-exit path data that does not exist. Never modeled.,closed
2026-08-26,2026-08-26 13:31:15,T00733,GF-QQQ-IC-SL100,IC,QQQ,shortcallspread,,716,n/a,sl100,-10.0,190.0,-0.0526,True,optimistic bound: booked -100% of credit_basis at mae_pct threshold,closed
2026-08-26,2026-08-26 13:31:15,T00733,GF-QQQ-IC-SL100,IC,QQQ,shortcallspread,,716,n/a,sl130,-11.0,190.0,-0.0579,True,optimistic bound: no SL hit -> actual exit pnl (ledger),closed
2026-08-26,2026-08-26 13:31:15,T00733,GF-QQQ-IC-SL100,IC,QQQ,shortcallspread,,716,n/a,sl50,-5.0,190.0,-0.0263,True,optimistic bound: booked -50% of credit_basis at mae_pct threshold,closed
2026-08-26,2026-08-26 13:31:15,T00733,GF-QQQ-IC-SL100,IC,QQQ,shortcallspread,,716,n/a,sl75,-7.5,190.0,-0.0395,True,optimistic bound: booked -75% of credit_basis at mae_pct threshold,closed
2026-08-26,2026-08-26 13:31:14,T00735,GF-QQQ-IC-SL200,IC,QQQ,shortputspread,705,,n/a,actual,4.0,190.0,0.0211,False,"actual exit pnl (ledger, verbatim) - NOT settlement",closed
2026-08-26,2026-08-26 13:31:14,T00735,GF-QQQ-IC-SL200,IC,QQQ,shortputspread,705,,n/a,defang,,190.0,,True,DEFERRED v1 — needs the intraday premium-decay path (mark short leg to ~$0.05) not present in the ledger. TODO: model once tick/1-min option-premium history is available.,closed
2026-08-26,2026-08-26 13:31:14,T00735,GF-QQQ-IC-SL200,IC,QQQ,shortputspread,705,,n/a,pt100,4.0,190.0,0.0211,True,optimistic bound: no PT hit -> actual exit pnl (ledger),closed
2026-08-26,2026-08-26 13:31:14,T00735,GF-QQQ-IC-SL200,IC,QQQ,shortputspread,705,,n/a,pt25,2.5,190.0,0.0132,True,optimistic bound: booked +25% of credit_basis at mfe_pct threshold,closed
2026-08-26,2026-08-26 13:31:14,T00735,GF-QQQ-IC-SL200,IC,QQQ,shortputspread,705,,n/a,pt50,5.0,190.0,0.0263,True,optimistic bound: booked +50% of credit_basis at mfe_pct threshold,closed
2026-08-26,2026-08-26 13:31:14,T00735,GF-QQQ-IC-SL200,IC,QQQ,shortputspread,705,,n/a,settle,,190.0,,True,NOT EVALUABLE — position closed early; what it would have returned held to settlement needs post-exit path data that does not exist. Never modeled.,closed
2026-08-26,2026-08-26 13:31:14,T00735,GF-QQQ-IC-SL200,IC,QQQ,shortputspread,705,,n/a,sl100,4.0,190.0,0.0211,True,optimistic bound: no SL hit -> actual exit pnl (ledger),closed
2026-08-26,2026-08-26 13:31:14,T00735,GF-QQQ-IC-SL200,IC,QQQ,shortputspread,705,,n/a,sl130,4.0,190.0,0.0211,True,optimistic bound: no SL hit -> actual exit pnl (ledger),closed
2026-08-26,2026-08-26 13:31:14,T00735,GF-QQQ-IC-SL200,IC,QQQ,shortputspread,705,,n/a,sl50,4.0,190.0,0.0211,True,optimistic bound: no SL hit -> actual exit pnl (ledger),closed
2026-08-26,2026-08-26 13:31:14,T00735,GF-QQQ-IC-SL200,IC,QQQ,shortputspread,705,,n/a,sl75,4.0,190.0,0.0211,True,optimistic bound: no SL hit -> actual exit pnl (ledger),closed
2026-08-26,2026-08-26 13:31:15,T00735,GF-QQQ-IC-SL200,IC,QQQ,shortcallspread,,716,n/a,actual,-24.0,190.0,-0.1263,False,"actual exit pnl (ledger, verbatim) - NOT settlement",closed
2026-08-26,2026-08-26 13:31:15,T00735,GF-QQQ-IC-SL200,IC,QQQ,shortcallspread,,716,n/a,defang,,190.0,,True,DEFERRED v1 — needs the intraday premium-decay path (mark short leg to ~$0.05) not present in the ledger. TODO: model once tick/1-min option-premium history is available.,closed
2026-08-26,2026-08-26 13:31:15,T00735,GF-QQQ-IC-SL200,IC,QQQ,shortcallspread,,716,n/a,pt100,-24.0,190.0,-0.1263,True,optimistic bound: no PT hit -> actual exit pnl (ledger),closed
2026-08-26,2026-08-26 13:31:15,T00735,GF-QQQ-IC-SL200,IC,QQQ,shortcallspread,,716,n/a,pt25,-24.0,190.0,-0.1263,True,optimistic bound: no PT hit -> actual exit pnl (ledger),closed
2026-08-26,2026-08-26 13:31:15,T00735,GF-QQQ-IC-SL200,IC,QQQ,shortcallspread,,716,n/a,pt50,-24.0,190.0,-0.1263,True,optimistic bound: no PT hit -> actual exit pnl (ledger),closed
2026-08-26,2026-08-26 13:31:15,T00735,GF-QQQ-IC-SL200,IC,QQQ,shortcallspread,,716,n/a,settle,,190.0,,True,NOT EVALUABLE — position closed early; what it would have returned held to settlement needs post-exit path data that does not exist. Never modeled.,closed
2026-08-26,2026-08-26 13:31:15,T00735,GF-QQQ-IC-SL200,IC,QQQ,shortcallspread,,716,n/a,sl100,-10.0,190.0,-0.0526,True,optimistic bound: booked -100% of credit_basis at mae_pct threshold,closed
2026-08-26,2026-08-26 13:31:15,T00735,GF-QQQ-IC-SL200,IC,QQQ,shortcallspread,,716,n/a,sl130,-13.0,190.0,-0.0684,True,optimistic bound: booked -130% of credit_basis at mae_pct threshold,closed
2026-08-26,2026-08-26 13:31:15,T00735,GF-QQQ-IC-SL200,IC,QQQ,shortcallspread,,716,n/a,sl50,-5.0,190.0,-0.0263,True,optimistic bound: booked -50% of credit_basis at mae_pct threshold,closed
2026-08-26,2026-08-26 13:31:15,T00735,GF-QQQ-IC-SL200,IC,QQQ,shortcallspread,,716,n/a,sl75,-7.5,190.0,-0.0395,True,optimistic bound: booked -75% of credit_basis at mae_pct threshold,closed
2026-08-26,2026-08-26 13:31:14,T00732,GF-QQQ-IC-Touch0,IC,QQQ,shortputspread,705,,n/a,actual,4.0,190.0,0.0211,False,"actual exit pnl (ledger, verbatim) - NOT settlement",closed
2026-08-26,2026-08-26 13:31:14,T00732,GF-QQQ-IC-Touch0,IC,QQQ,shortputspread,705,,n/a,defang,,190.0,,True,DEFERRED v1 — needs the intraday premium-decay path (mark short leg to ~$0.05) not present in the ledger. TODO: model once tick/1-min option-premium history is available.,closed
2026-08-26,2026-08-26 13:31:14,T00732,GF-QQQ-IC-Touch0,IC,QQQ,shortputspread,705,,n/a,pt100,4.0,190.0,0.0211,True,optimistic bound: no PT hit -> actual exit pnl (ledger),closed
2026-08-26,2026-08-26 13:31:14,T00732,GF-QQQ-IC-Touch0,IC,QQQ,shortputspread,705,,n/a,pt25,2.5,190.0,0.0132,True,optimistic bound: booked +25% of credit_basis at mfe_pct threshold,closed
2026-08-26,2026-08-26 13:31:14,T00732,GF-QQQ-IC-Touch0,IC,QQQ,shortputspread,705,,n/a,pt50,5.0,190.0,0.0263,True,optimistic bound: booked +50% of credit_basis at mfe_pct threshold,closed
2026-08-26,2026-08-26 13:31:14,T00732,GF-QQQ-IC-Touch0,IC,QQQ,shortputspread,705,,n/a,settle,,190.0,,True,NOT EVALUABLE — position closed early; what it would have returned held to settlement needs post-exit path data that does not exist. Never modeled.,closed
2026-08-26,2026-08-26 13:31:14,T00732,GF-QQQ-IC-Touch0,IC,QQQ,shortputspread,705,,n/a,sl100,4.0,190.0,0.0211,True,optimistic bound: no SL hit -> actual exit pnl (ledger),closed
2026-08-26,2026-08-26 13:31:14,T00732,GF-QQQ-IC-Touch0,IC,QQQ,shortputspread,705,,n/a,sl130,4.0,190.0,0.0211,True,optimistic bound: no SL hit -> actual exit pnl (ledger),closed
2026-08-26,2026-08-26 13:31:14,T00732,GF-QQQ-IC-Touch0,IC,QQQ,shortputspread,705,,n/a,sl50,4.0,190.0,0.0211,True,optimistic bound: no SL hit -> actual exit pnl (ledger),closed
2026-08-26,2026-08-26 13:31:14,T00732,GF-QQQ-IC-Touch0,IC,QQQ,shortputspread,705,,n/a,sl75,4.0,190.0,0.0211,True,optimistic bound: no SL hit -> actual exit pnl (ledger),closed
2026-08-26,2026-08-26 13:31:15,T00732,GF-QQQ-IC-Touch0,IC,QQQ,shortcallspread,,716,n/a,actual,-16.0,190.0,-0.0842,False,"actual exit pnl (ledger, verbatim) - NOT settlement",closed
2026-08-26,2026-08-26 13:31:15,T00732,GF-QQQ-IC-Touch0,IC,QQQ,shortcallspread,,716,n/a,defang,,190.0,,True,DEFERRED v1 — needs the intraday premium-decay path (mark short leg to ~$0.05) not present in the ledger. TODO: model once tick/1-min option-premium history is available.,closed
2026-08-26,2026-08-26 13:31:15,T00732,GF-QQQ-IC-Touch0,IC,QQQ,shortcallspread,,716,n/a,pt100,-16.0,190.0,-0.0842,True,optimistic bound: no PT hit -> actual exit pnl (ledger),closed
2026-08-26,2026-08-26 13:31:15,T00732,GF-QQQ-IC-Touch0,IC,QQQ,shortcallspread,,716,n/a,pt25,-16.0,190.0,-0.0842,True,optimistic bound: no PT hit -> actual exit pnl (ledger),closed
2026-08-26,2026-08-26 13:31:15,T00732,GF-QQQ-IC-Touch0,IC,QQQ,shortcallspread,,716,n/a,pt50,-16.0,190.0,-0.0842,True,optimistic bound: no PT hit -> actual exit pnl (ledger),closed
2026-08-26,2026-08-26 13:31:15,T00732,GF-QQQ-IC-Touch0,IC,QQQ,shortcallspread,,716,n/a,settle,,190.0,,True,NOT EVALUABLE — position closed early; what it would have returned held to settlement needs post-exit path data that does not exist. Never modeled.,closed
2026-08-26,2026-08-26 13:31:15,T00732,GF-QQQ-IC-Touch0,IC,QQQ,shortcallspread,,716,n/a,sl100,-10.0,190.0,-0.0526,True,optimistic bound: booked -100% of credit_basis at mae_pct threshold,closed
2026-08-26,2026-08-26 13:31:15,T00732,GF-QQQ-IC-Touch0,IC,QQQ,shortcallspread,,716,n/a,sl130,-13.0,190.0,-0.0684,True,optimistic bound: booked -130% of credit_basis at mae_pct threshold,closed
2026-08-26,2026-08-26 13:31:15,T00732,GF-QQQ-IC-Touch0,IC,QQQ,shortcallspread,,716,n/a,sl50,-5.0,190.0,-0.0263,True,optimistic bound: booked -50% of credit_basis at mae_pct threshold,closed
2026-08-26,2026-08-26 13:31:15,T00732,GF-QQQ-IC-Touch0,IC,QQQ,shortcallspread,,716,n/a,sl75,-7.5,190.0,-0.0395,True,optimistic bound: booked -75% of credit_basis at mae_pct threshold,closed
2026-08-26,2026-08-26 13:31:14,T00737,GF-QQQ-IC-Trail,IC,QQQ,shortputspread,705,,n/a,actual,4.0,190.0,0.0211,False,"actual exit pnl (ledger, verbatim) - NOT settlement",closed
2026-08-26,2026-08-26 13:31:14,T00737,GF-QQQ-IC-Trail,IC,QQQ,shortputspread,705,,n/a,defang,,190.0,,True,DEFERRED v1 — needs the intraday premium-decay path (mark short leg to ~$0.05) not present in the ledger. TODO: model once tick/1-min option-premium history is available.,closed
2026-08-26,2026-08-26 13:31:14,T00737,GF-QQQ-IC-Trail,IC,QQQ,shortputspread,705,,n/a,pt100,4.0,190.0,0.0211,True,optimistic bound: no PT hit -> actual exit pnl (ledger),closed
2026-08-26,2026-08-26 13:31:14,T00737,GF-QQQ-IC-Trail,IC,QQQ,shortputspread,705,,n/a,pt25,2.5,190.0,0.0132,True,optimistic bound: booked +25% of credit_basis at mfe_pct threshold,closed
2026-08-26,2026-08-26 13:31:14,T00737,GF-QQQ-IC-Trail,IC,QQQ,shortputspread,705,,n/a,pt50,5.0,190.0,0.0263,True,optimistic bound: booked +50% of credit_basis at mfe_pct threshold,closed
2026-08-26,2026-08-26 13:31:14,T00737,GF-QQQ-IC-Trail,IC,QQQ,shortputspread,705,,n/a,settle,,190.0,,True,NOT EVALUABLE — position closed early; what it would have returned held to settlement needs post-exit path data that does not exist. Never modeled.,closed
2026-08-26,2026-08-26 13:31:14,T00737,GF-QQQ-IC-Trail,IC,QQQ,shortputspread,705,,n/a,sl100,4.0,190.0,0.0211,True,optimistic bound: no SL hit -> actual exit pnl (ledger),closed
2026-08-26,2026-08-26 13:31:14,T00737,GF-QQQ-IC-Trail,IC,QQQ,shortputspread,705,,n/a,sl130,4.0,190.0,0.0211,True,optimistic bound: no SL hit -> actual exit pnl (ledger),closed
2026-08-26,2026-08-26 13:31:14,T00737,GF-QQQ-IC-Trail,IC,QQQ,shortputspread,705,,n/a,sl50,4.0,190.0,0.0211,True,optimistic bound: no SL hit -> actual exit pnl (ledger),closed
2026-08-26,2026-08-26 13:31:14,T00737,GF-QQQ-IC-Trail,IC,QQQ,shortputspread,705,,n/a,sl75,4.0,190.0,0.0211,True,optimistic bound: no SL hit -> actual exit pnl (ledger),closed
2026-08-26,2026-08-26 13:31:15,T00737,GF-QQQ-IC-Trail,IC,QQQ,shortcallspread,,716,n/a,actual,-16.0,190.0,-0.0842,False,"actual exit pnl (ledger, verbatim) - NOT settlement",closed
2026-08-26,2026-08-26 13:31:15,T00737,GF-QQQ-IC-Trail,IC,QQQ,shortcallspread,,716,n/a,defang,,190.0,,True,DEFERRED v1 — needs the intraday premium-decay path (mark short leg to ~$0.05) not present in the ledger. TODO: model once tick/1-min option-premium history is available.,closed
2026-08-26,2026-08-26 13:31:15,T00737,GF-QQQ-IC-Trail,IC,QQQ,shortcallspread,,716,n/a,pt100,-16.0,190.0,-0.0842,True,optimistic bound: no PT hit -> actual exit pnl (ledger),closed
2026-08-26,2026-08-26 13:31:15,T00737,GF-QQQ-IC-Trail,IC,QQQ,shortcallspread,,716,n/a,pt25,-16.0,190.0,-0.0842,True,optimistic bound: no PT hit -> actual exit pnl (ledger),closed
2026-08-26,2026-08-26 13:31:15,T00737,GF-QQQ-IC-Trail,IC,QQQ,shortcallspread,,716,n/a,pt50,-16.0,190.0,-0.0842,True,optimistic bound: no PT hit -> actual exit pnl (ledger),closed
2026-08-26,2026-08-26 13:31:15,T00737,GF-QQQ-IC-Trail,IC,QQQ,shortcallspread,,716,n/a,settle,,190.0,,True,NOT EVALUABLE — position closed early; what it would have returned held to settlement needs post-exit path data that does not exist. Never modeled.,closed
2026-08-26,2026-08-26 13:31:15,T00737,GF-QQQ-IC-Trail,IC,QQQ,shortcallspread,,716,n/a,sl100,-10.0,190.0,-0.0526,True,optimistic bound: booked -100% of credit_basis at mae_pct threshold,closed
2026-08-26,2026-08-26 13:31:15,T00737,GF-QQQ-IC-Trail,IC,QQQ,shortcallspread,,716,n/a,sl130,-13.0,190.0,-0.0684,True,optimistic bound: booked -130% of credit_basis at mae_pct threshold,closed
2026-08-26,2026-08-26 13:31:15,T00737,GF-QQQ-IC-Trail,IC,QQQ,shortcallspread,,716,n/a,sl50,-5.0,190.0,-0.0263,True,optimistic bound: booked -50% of credit_basis at mae_pct threshold,closed
2026-08-26,2026-08-26 13:31:15,T00737,GF-QQQ-IC-Trail,IC,QQQ,shortcallspread,,716,n/a,sl75,-7.5,190.0,-0.0395,True,optimistic bound: booked -75% of credit_basis at mae_pct threshold,closed
2026-08-26,2026-08-26 13:31:03,T00740,IC-SPX-FastPT25-S2-130PM,IC,SPX,shortputspread,7655,,n/a,actual,150.0,4800.0,0.0312,False,"actual exit pnl (ledger, verbatim) - NOT settlement",closed
2026-08-26,2026-08-26 13:31:03,T00740,IC-SPX-FastPT25-S2-130PM,IC,SPX,shortputspread,7655,,n/a,defang,,4800.0,,True,DEFERRED v1 — needs the intraday premium-decay path (mark short leg to ~$0.05) not present in the ledger. TODO: model once tick/1-min option-premium history is available.,closed
2026-08-26,2026-08-26 13:31:03,T00740,IC-SPX-FastPT25-S2-130PM,IC,SPX,shortputspread,7655,,n/a,pt100,200.0,4800.0,0.0417,True,optimistic bound: booked +100% of credit_basis at mfe_pct threshold,closed
2026-08-26,2026-08-26 13:31:03,T00740,IC-SPX-FastPT25-S2-130PM,IC,SPX,shortputspread,7655,,n/a,pt25,50.0,4800.0,0.0104,True,optimistic bound: booked +25% of credit_basis at mfe_pct threshold,closed
2026-08-26,2026-08-26 13:31:03,T00740,IC-SPX-FastPT25-S2-130PM,IC,SPX,shortputspread,7655,,n/a,pt50,100.0,4800.0,0.0208,True,optimistic bound: booked +50% of credit_basis at mfe_pct threshold,closed
2026-08-26,2026-08-26 13:31:03,T00740,IC-SPX-FastPT25-S2-130PM,IC,SPX,shortputspread,7655,,n/a,settle,,4800.0,,True,NOT EVALUABLE — position closed early; what it would have returned held to settlement needs post-exit path data that does not exist. Never modeled.,closed
2026-08-26,2026-08-26 13:31:03,T00740,IC-SPX-FastPT25-S2-130PM,IC,SPX,shortputspread,7655,,n/a,sl100,150.0,4800.0,0.0312,True,optimistic bound: no SL hit -> actual exit pnl (ledger),closed
2026-08-26,2026-08-26 13:31:03,T00740,IC-SPX-FastPT25-S2-130PM,IC,SPX,shortputspread,7655,,n/a,sl130,150.0,4800.0,0.0312,True,optimistic bound: no SL hit -> actual exit pnl (ledger),closed
2026-08-26,2026-08-26 13:31:03,T00740,IC-SPX-FastPT25-S2-130PM,IC,SPX,shortputspread,7655,,n/a,sl50,150.0,4800.0,0.0312,True,optimistic bound: no SL hit -> actual exit pnl (ledger),closed
2026-08-26,2026-08-26 13:31:03,T00740,IC-SPX-FastPT25-S2-130PM,IC,SPX,shortputspread,7655,,n/a,sl75,150.0,4800.0,0.0312,True,optimistic bound: no SL hit -> actual exit pnl (ledger),closed
2026-08-26,2026-08-26 13:31:04,T00740,IC-SPX-FastPT25-S2-130PM,IC,SPX,shortcallspread,,7690,n/a,actual,-1650.0,4600.0,-0.3587,False,"actual exit pnl (ledger, verbatim) - NOT settlement",closed
2026-08-26,2026-08-26 13:31:04,T00740,IC-SPX-FastPT25-S2-130PM,IC,SPX,shortcallspread,,7690,n/a,defang,,4600.0,,True,DEFERRED v1 — needs the intraday premium-decay path (mark short leg to ~$0.05) not present in the ledger. TODO: model once tick/1-min option-premium history is available.,closed
2026-08-26,2026-08-26 13:31:04,T00740,IC-SPX-FastPT25-S2-130PM,IC,SPX,shortcallspread,,7690,n/a,pt100,-1650.0,4600.0,-0.3587,True,optimistic bound: no PT hit -> actual exit pnl (ledger),closed
2026-08-26,2026-08-26 13:31:04,T00740,IC-SPX-FastPT25-S2-130PM,IC,SPX,shortcallspread,,7690,n/a,pt25,100.0,4600.0,0.0217,True,optimistic bound: booked +25% of credit_basis at mfe_pct threshold,closed
2026-08-26,2026-08-26 13:31:04,T00740,IC-SPX-FastPT25-S2-130PM,IC,SPX,shortcallspread,,7690,n/a,pt50,200.0,4600.0,0.0435,True,optimistic bound: booked +50% of credit_basis at mfe_pct threshold,closed
2026-08-26,2026-08-26 13:31:04,T00740,IC-SPX-FastPT25-S2-130PM,IC,SPX,shortcallspread,,7690,n/a,settle,,4600.0,,True,NOT EVALUABLE — position closed early; what it would have returned held to settlement needs post-exit path data that does not exist. Never modeled.,closed
2026-08-26,2026-08-26 13:31:04,T00740,IC-SPX-FastPT25-S2-130PM,IC,SPX,shortcallspread,,7690,n/a,sl100,-400.0,4600.0,-0.087,True,optimistic bound: booked -100% of credit_basis at mae_pct threshold,closed
2026-08-26,2026-08-26 13:31:04,T00740,IC-SPX-FastPT25-S2-130PM,IC,SPX,shortcallspread,,7690,n/a,sl130,-520.0,4600.0,-0.113,True,optimistic bound: booked -130% of credit_basis at mae_pct threshold,closed
2026-08-26,2026-08-26 13:31:04,T00740,IC-SPX-FastPT25-S2-130PM,IC,SPX,shortcallspread,,7690,n/a,sl50,-200.0,4600.0,-0.0435,True,optimistic bound: booked -50% of credit_basis at mae_pct threshold,closed
2026-08-26,2026-08-26 13:31:04,T00740,IC-SPX-FastPT25-S2-130PM,IC,SPX,shortcallspread,,7690,n/a,sl75,-300.0,4600.0,-0.0652,True,optimistic bound: booked -75% of credit_basis at mae_pct threshold,closed
2026-08-26,2026-08-26 09:45:25,T00729,Nigiri-Paper-v1,OA-Mirror,,shortputspread,748,,n/a,actual,80.0,4900.0,0.0163,False,"actual exit pnl (ledger, verbatim) - NOT settlement",closed
2026-08-26,2026-08-26 09:45:25,T00729,Nigiri-Paper-v1,OA-Mirror,,shortputspread,748,,n/a,defang,,4900.0,,True,DEFERRED v1 — needs the intraday premium-decay path (mark short leg to ~$0.05) not present in the ledger. TODO: model once tick/1-min option-premium history is available.,closed
2026-08-26,2026-08-26 09:45:25,T00729,Nigiri-Paper-v1,OA-Mirror,,shortputspread,748,,n/a,pt100,80.0,4900.0,0.0163,True,optimistic bound: no PT hit -> actual exit pnl (ledger),closed
2026-08-26,2026-08-26 09:45:25,T00729,Nigiri-Paper-v1,OA-Mirror,,shortputspread,748,,n/a,pt25,25.0,4900.0,0.0051,True,optimistic bound: booked +25% of credit_basis at mfe_pct threshold,closed
2026-08-26,2026-08-26 09:45:25,T00729,Nigiri-Paper-v1,OA-Mirror,,shortputspread,748,,n/a,pt50,50.0,4900.0,0.0102,True,optimistic bound: booked +50% of credit_basis at mfe_pct threshold,closed
2026-08-26,2026-08-26 09:45:25,T00729,Nigiri-Paper-v1,OA-Mirror,,shortputspread,748,,n/a,settle,,4900.0,,True,NOT EVALUABLE — position closed early; what it would have returned held to settlement needs post-exit path data that does not exist. Never modeled.,closed
2026-08-26,2026-08-26 09:45:25,T00729,Nigiri-Paper-v1,OA-Mirror,,shortputspread,748,,n/a,sl100,80.0,4900.0,0.0163,True,optimistic bound: no SL hit -> actual exit pnl (ledger),closed
2026-08-26,2026-08-26 09:45:25,T00729,Nigiri-Paper-v1,OA-Mirror,,shortputspread,748,,n/a,sl130,80.0,4900.0,0.0163,True,optimistic bound: no SL hit -> actual exit pnl (ledger),closed
2026-08-26,2026-08-26 09:45:25,T00729,Nigiri-Paper-v1,OA-Mirror,,shortputspread,748,,n/a,sl50,-50.0,4900.0,-0.0102,True,optimistic bound: booked -50% of credit_basis at mae_pct threshold,closed
2026-08-26,2026-08-26 09:45:25,T00729,Nigiri-Paper-v1,OA-Mirror,,shortputspread,748,,n/a,sl75,-75.0,4900.0,-0.0153,True,optimistic bound: booked -75% of credit_basis at mae_pct threshold,closed
2026-08-26,2026-08-26 13:31:03,T00738,QQQ-IC-0DTE-Fortress-NoPT50,IC,QQQ,shortputspread,705,,n/a,actual,104.0,4940.0,0.0211,False,"actual exit pnl (ledger, verbatim) - NOT settlement",closed
2026-08-26,2026-08-26 13:31:03,T00738,QQQ-IC-0DTE-Fortress-NoPT50,IC,QQQ,shortputspread,705,,n/a,defang,,4940.0,,True,DEFERRED v1 — needs the intraday premium-decay path (mark short leg to ~$0.05) not present in the ledger. TODO: model once tick/1-min option-premium history is available.,closed
2026-08-26,2026-08-26 13:31:03,T00738,QQQ-IC-0DTE-Fortress-NoPT50,IC,QQQ,shortputspread,705,,n/a,pt100,104.0,4940.0,0.0211,True,optimistic bound: no PT hit -> actual exit pnl (ledger),closed
2026-08-26,2026-08-26 13:31:03,T00738,QQQ-IC-0DTE-Fortress-NoPT50,IC,QQQ,shortputspread,705,,n/a,pt25,65.0,4940.0,0.0132,True,optimistic bound: booked +25% of credit_basis at mfe_pct threshold,closed
2026-08-26,2026-08-26 13:31:03,T00738,QQQ-IC-0DTE-Fortress-NoPT50,IC,QQQ,shortputspread,705,,n/a,pt50,130.0,4940.0,0.0263,True,optimistic bound: booked +50% of credit_basis at mfe_pct threshold,closed
2026-08-26,2026-08-26 13:31:03,T00738,QQQ-IC-0DTE-Fortress-NoPT50,IC,QQQ,shortputspread,705,,n/a,settle,,4940.0,,True,NOT EVALUABLE — position closed early; what it would have returned held to settlement needs post-exit path data that does not exist. Never modeled.,closed
2026-08-26,2026-08-26 13:31:03,T00738,QQQ-IC-0DTE-Fortress-NoPT50,IC,QQQ,shortputspread,705,,n/a,sl100,104.0,4940.0,0.0211,True,optimistic bound: no SL hit -> actual exit pnl (ledger),closed
2026-08-26,2026-08-26 13:31:03,T00738,QQQ-IC-0DTE-Fortress-NoPT50,IC,QQQ,shortputspread,705,,n/a,sl130,104.0,4940.0,0.0211,True,optimistic bound: no SL hit -> actual exit pnl (ledger),closed
2026-08-26,2026-08-26 13:31:03,T00738,QQQ-IC-0DTE-Fortress-NoPT50,IC,QQQ,shortputspread,705,,n/a,sl50,104.0,4940.0,0.0211,True,optimistic bound: no SL hit -> actual exit pnl (ledger),closed
2026-08-26,2026-08-26 13:31:03,T00738,QQQ-IC-0DTE-Fortress-NoPT50,IC,QQQ,shortputspread,705,,n/a,sl75,104.0,4940.0,0.0211,True,optimistic bound: no SL hit -> actual exit pnl (ledger),closed
2026-08-26,2026-08-26 13:31:04,T00738,QQQ-IC-0DTE-Fortress-NoPT50,IC,QQQ,shortcallspread,,716,n/a,actual,-442.0,4940.0,-0.0895,False,"actual exit pnl (ledger, verbatim) - NOT settlement",closed
2026-08-26,2026-08-26 13:31:04,T00738,QQQ-IC-0DTE-Fortress-NoPT50,IC,QQQ,shortcallspread,,716,n/a,defang,,4940.0,,True,DEFERRED v1 — needs the intraday premium-decay path (mark short leg to ~$0.05) not present in the ledger. TODO: model once tick/1-min option-premium history is available.,closed
2026-08-26,2026-08-26 13:31:04,T00738,QQQ-IC-0DTE-Fortress-NoPT50,IC,QQQ,shortcallspread,,716,n/a,pt100,-442.0,4940.0,-0.0895,True,optimistic bound: no PT hit -> actual exit pnl (ledger),closed
2026-08-26,2026-08-26 13:31:04,T00738,QQQ-IC-0DTE-Fortress-NoPT50,IC,QQQ,shortcallspread,,716,n/a,pt25,-442.0,4940.0,-0.0895,True,optimistic bound: no PT hit -> actual exit pnl (ledger),closed
2026-08-26,2026-08-26 13:31:04,T00738,QQQ-IC-0DTE-Fortress-NoPT50,IC,QQQ,shortcallspread,,716,n/a,pt50,-442.0,4940.0,-0.0895,True,optimistic bound: no PT hit -> actual exit pnl (ledger),closed
2026-08-26,2026-08-26 13:31:04,T00738,QQQ-IC-0DTE-Fortress-NoPT50,IC,QQQ,shortcallspread,,716,n/a,settle,,4940.0,,True,NOT EVALUABLE — position closed early; what it would have returned held to settlement needs post-exit path data that does not exist. Never modeled.,closed
2026-08-26,2026-08-26 13:31:04,T00738,QQQ-IC-0DTE-Fortress-NoPT50,IC,QQQ,shortcallspread,,716,n/a,sl100,-260.0,4940.0,-0.0526,True,optimistic bound: booked -100% of credit_basis at mae_pct threshold,closed
2026-08-26,2026-08-26 13:31:04,T00738,QQQ-IC-0DTE-Fortress-NoPT50,IC,QQQ,shortcallspread,,716,n/a,sl130,-338.0,4940.0,-0.0684,True,optimistic bound: booked -130% of credit_basis at mae_pct threshold,closed
2026-08-26,2026-08-26 13:31:04,T00738,QQQ-IC-0DTE-Fortress-NoPT50,IC,QQQ,shortcallspread,,716,n/a,sl50,-130.0,4940.0,-0.0263,True,optimistic bound: booked -50% of credit_basis at mae_pct threshold,closed
2026-08-26,2026-08-26 13:31:04,T00738,QQQ-IC-0DTE-Fortress-NoPT50,IC,QQQ,shortcallspread,,716,n/a,sl75,-195.0,4940.0,-0.0395,True,optimistic bound: booked -75% of credit_basis at mae_pct threshold,closed
2026-08-27,2026-08-27 10:15:07,T00690,3DTE $140-$350,OA-Mirror,SPX,ironcondor,7515,7900,n/a,actual,35.0,965.0,0.0363,False,"settlement pnl (ledger, verbatim)",expired
2026-08-27,2026-08-27 10:15:07,T00690,3DTE $140-$350,OA-Mirror,SPX,ironcondor,7515,7900,n/a,defang,,965.0,,True,DEFERRED v1 — needs the intraday premium-decay path (mark short leg to ~$0.05) not present in the ledger. TODO: model once tick/1-min option-premium history is available.,expired
2026-08-27,2026-08-27 10:15:07,T00690,3DTE $140-$350,OA-Mirror,SPX,ironcondor,7515,7900,n/a,pt100,35.0,965.0,0.0363,True,optimistic bound: booked +100% of credit_basis at mfe_pct threshold,expired
2026-08-27,2026-08-27 10:15:07,T00690,3DTE $140-$350,OA-Mirror,SPX,ironcondor,7515,7900,n/a,pt25,8.75,965.0,0.0091,True,optimistic bound: booked +25% of credit_basis at mfe_pct threshold,expired
2026-08-27,2026-08-27 10:15:07,T00690,3DTE $140-$350,OA-Mirror,SPX,ironcondor,7515,7900,n/a,pt50,17.5,965.0,0.0181,True,optimistic bound: booked +50% of credit_basis at mfe_pct threshold,expired
2026-08-27,2026-08-27 10:15:07,T00690,3DTE $140-$350,OA-Mirror,SPX,ironcondor,7515,7900,n/a,sl100,35.0,965.0,0.0363,True,optimistic bound: no SL hit -> rode to settlement,expired
2026-08-27,2026-08-27 10:15:07,T00690,3DTE $140-$350,OA-Mirror,SPX,ironcondor,7515,7900,n/a,sl130,35.0,965.0,0.0363,True,optimistic bound: no SL hit -> rode to settlement,expired
2026-08-27,2026-08-27 10:15:07,T00690,3DTE $140-$350,OA-Mirror,SPX,ironcondor,7515,7900,n/a,sl50,35.0,965.0,0.0363,True,optimistic bound: no SL hit -> rode to settlement,expired
2026-08-27,2026-08-27 10:15:07,T00690,3DTE $140-$350,OA-Mirror,SPX,ironcondor,7515,7900,n/a,sl75,35.0,965.0,0.0363,True,optimistic bound: no SL hit -> rode to settlement,expired
2026-08-27,2026-08-27 11:00:03,T00726,DIR-SPX-CallVIXdrop,Directional,SPX,longcallspread,,7735,n/a,actual,-365.0,675.0,-0.5407,False,"actual exit pnl (ledger, verbatim) - NOT settlement",closed
2026-08-27,2026-08-27 11:00:03,T00726,DIR-SPX-CallVIXdrop,Directional,SPX,longcallspread,,7735,n/a,defang,,675.0,,True,DEFERRED v1 — needs the intraday premium-decay path (mark short leg to ~$0.05) not present in the ledger. TODO: model once tick/1-min option-premium history is available.,closed
2026-08-27,2026-08-27 11:00:03,T00726,DIR-SPX-CallVIXdrop,Directional,SPX,longcallspread,,7735,n/a,pt100,-365.0,675.0,-0.5407,True,optimistic bound: no PT hit -> actual exit pnl (ledger),closed
2026-08-27,2026-08-27 11:00:03,T00726,DIR-SPX-CallVIXdrop,Directional,SPX,longcallspread,,7735,n/a,pt25,168.75,675.0,0.25,True,optimistic bound: booked +25% of credit_basis at mfe_pct threshold,closed
2026-08-27,2026-08-27 11:00:03,T00726,DIR-SPX-CallVIXdrop,Directional,SPX,longcallspread,,7735,n/a,pt50,337.5,675.0,0.5,True,optimistic bound: booked +50% of credit_basis at mfe_pct threshold,closed
2026-08-27,2026-08-27 11:00:03,T00726,DIR-SPX-CallVIXdrop,Directional,SPX,longcallspread,,7735,n/a,settle,,675.0,,True,NOT EVALUABLE — position closed early; what it would have returned held to settlement needs post-exit path data that does not exist. Never modeled.,closed
2026-08-27,2026-08-27 11:00:03,T00726,DIR-SPX-CallVIXdrop,Directional,SPX,longcallspread,,7735,n/a,sl100,-365.0,675.0,-0.5407,True,optimistic bound: no SL hit -> actual exit pnl (ledger),closed
2026-08-27,2026-08-27 11:00:03,T00726,DIR-SPX-CallVIXdrop,Directional,SPX,longcallspread,,7735,n/a,sl130,-365.0,675.0,-0.5407,True,optimistic bound: no SL hit -> actual exit pnl (ledger),closed
2026-08-27,2026-08-27 11:00:03,T00726,DIR-SPX-CallVIXdrop,Directional,SPX,longcallspread,,7735,n/a,sl50,-337.5,675.0,-0.5,True,optimistic bound: booked -50% of credit_basis at mae_pct threshold,closed
2026-08-27,2026-08-27 11:00:03,T00726,DIR-SPX-CallVIXdrop,Directional,SPX,longcallspread,,7735,n/a,sl75,-365.0,675.0,-0.5407,True,optimistic bound: no SL hit -> actual exit pnl (ledger),closed
2026-08-27,2026-08-27 11:01:00,T00727,IC-SPX-FastPT25-S2,IC,SPX,shortputspread,7665,,n/a,actual,-50.0,4900.0,-0.0102,False,"actual exit pnl (ledger, verbatim) - NOT settlement",closed
2026-08-27,2026-08-27 11:01:00,T00727,IC-SPX-FastPT25-S2,IC,SPX,shortputspread,7665,,n/a,defang,,4900.0,,True,DEFERRED v1 — needs the intraday premium-decay path (mark short leg to ~$0.05) not present in the ledger. TODO: model once tick/1-min option-premium history is available.,closed
2026-08-27,2026-08-27 11:01:00,T00727,IC-SPX-FastPT25-S2,IC,SPX,shortputspread,7665,,n/a,pt100,-50.0,4900.0,-0.0102,True,optimistic bound: no PT hit -> actual exit pnl (ledger),closed
2026-08-27,2026-08-27 11:01:00,T00727,IC-SPX-FastPT25-S2,IC,SPX,shortputspread,7665,,n/a,pt25,-50.0,4900.0,-0.0102,True,optimistic bound: no PT hit -> actual exit pnl (ledger),closed
2026-08-27,2026-08-27 11:01:00,T00727,IC-SPX-FastPT25-S2,IC,SPX,shortputspread,7665,,n/a,pt50,-50.0,4900.0,-0.0102,True,optimistic bound: no PT hit -> actual exit pnl (ledger),closed
2026-08-27,2026-08-27 11:01:00,T00727,IC-SPX-FastPT25-S2,IC,SPX,shortputspread,7665,,n/a,settle,,4900.0,,True,NOT EVALUABLE — position closed early; what it would have returned held to settlement needs post-exit path data that does not exist. Never modeled.,closed
2026-08-27,2026-08-27 11:01:00,T00727,IC-SPX-FastPT25-S2,IC,SPX,shortputspread,7665,,n/a,sl100,-50.0,4900.0,-0.0102,True,optimistic bound: no SL hit -> actual exit pnl (ledger),closed
2026-08-27,2026-08-27 11:01:00,T00727,IC-SPX-FastPT25-S2,IC,SPX,shortputspread,7665,,n/a,sl130,-50.0,4900.0,-0.0102,True,optimistic bound: no SL hit -> actual exit pnl (ledger),closed
2026-08-27,2026-08-27 11:01:00,T00727,IC-SPX-FastPT25-S2,IC,SPX,shortputspread,7665,,n/a,sl50,-50.0,4900.0,-0.0102,True,optimistic bound: booked -50% of credit_basis at mae_pct threshold,closed
2026-08-27,2026-08-27 11:01:00,T00727,IC-SPX-FastPT25-S2,IC,SPX,shortputspread,7665,,n/a,sl75,-50.0,4900.0,-0.0102,True,optimistic bound: no SL hit -> actual exit pnl (ledger),closed
2026-08-27,2026-08-27 13:46:01,T00725,IC-SPX-FastPT25-S2-130PM,IC,SPX,shortputspread,7715,,n/a,actual,-1900.0,4700.0,-0.4043,False,"actual exit pnl (ledger, verbatim) - NOT settlement",closed
2026-08-27,2026-08-27 13:46:01,T00725,IC-SPX-FastPT25-S2-130PM,IC,SPX,shortputspread,7715,,n/a,defang,,4700.0,,True,DEFERRED v1 — needs the intraday premium-decay path (mark short leg to ~$0.05) not present in the ledger. TODO: model once tick/1-min option-premium history is available.,closed
2026-08-27,2026-08-27 13:46:01,T00725,IC-SPX-FastPT25-S2-130PM,IC,SPX,shortputspread,7715,,n/a,pt100,-1900.0,4700.0,-0.4043,True,optimistic bound: no PT hit -> actual exit pnl (ledger),closed
2026-08-27,2026-08-27 13:46:01,T00725,IC-SPX-FastPT25-S2-130PM,IC,SPX,shortputspread,7715,,n/a,pt25,-1900.0,4700.0,-0.4043,True,optimistic bound: no PT hit -> actual exit pnl (ledger),closed
2026-08-27,2026-08-27 13:46:01,T00725,IC-SPX-FastPT25-S2-130PM,IC,SPX,shortputspread,7715,,n/a,pt50,-1900.0,4700.0,-0.4043,True,optimistic bound: no PT hit -> actual exit pnl (ledger),closed
2026-08-27,2026-08-27 13:46:01,T00725,IC-SPX-FastPT25-S2-130PM,IC,SPX,shortputspread,7715,,n/a,settle,,4700.0,,True,NOT EVALUABLE — position closed early; what it would have returned held to settlement needs post-exit path data that does not exist. Never modeled.,closed
2026-08-27,2026-08-27 13:46:01,T00725,IC-SPX-FastPT25-S2-130PM,IC,SPX,shortputspread,7715,,n/a,sl100,-300.0,4700.0,-0.0638,True,optimistic bound: booked -100% of credit_basis at mae_pct threshold,closed
2026-08-27,2026-08-27 13:46:01,T00725,IC-SPX-FastPT25-S2-130PM,IC,SPX,shortputspread,7715,,n/a,sl130,-390.0,4700.0,-0.083,True,optimistic bound: booked -130% of credit_basis at mae_pct threshold,closed
2026-08-27,2026-08-27 13:46:01,T00725,IC-SPX-FastPT25-S2-130PM,IC,SPX,shortputspread,7715,,n/a,sl50,-150.0,4700.0,-0.0319,True,optimistic bound: booked -50% of credit_basis at mae_pct threshold,closed
2026-08-27,2026-08-27 13:46:01,T00725,IC-SPX-FastPT25-S2-130PM,IC,SPX,shortputspread,7715,,n/a,sl75,-225.0,4700.0,-0.0479,True,optimistic bound: booked -75% of credit_basis at mae_pct threshold,closed
2026-08-27,2026-08-27 13:46:02,T00725,IC-SPX-FastPT25-S2-130PM,IC,SPX,shortcallspread,,7755,n/a,actual,100.0,4850.0,0.0206,False,"actual exit pnl (ledger, verbatim) - NOT settlement",closed
2026-08-27,2026-08-27 13:46:02,T00725,IC-SPX-FastPT25-S2-130PM,IC,SPX,shortcallspread,,7755,n/a,defang,,4850.0,,True,DEFERRED v1 — needs the intraday premium-decay path (mark short leg to ~$0.05) not present in the ledger. TODO: model once tick/1-min option-premium history is available.,closed
2026-08-27,2026-08-27 13:46:02,T00725,IC-SPX-FastPT25-S2-130PM,IC,SPX,shortcallspread,,7755,n/a,pt100,150.0,4850.0,0.0309,True,optimistic bound: booked +100% of credit_basis at mfe_pct threshold,closed
2026-08-27,2026-08-27 13:46:02,T00725,IC-SPX-FastPT25-S2-130PM,IC,SPX,shortcallspread,,7755,n/a,pt25,37.5,4850.0,0.0077,True,optimistic bound: booked +25% of credit_basis at mfe_pct threshold,closed
2026-08-27,2026-08-27 13:46:02,T00725,IC-SPX-FastPT25-S2-130PM,IC,SPX,shortcallspread,,7755,n/a,pt50,75.0,4850.0,0.0155,True,optimistic bound: booked +50% of credit_basis at mfe_pct threshold,closed
2026-08-27,2026-08-27 13:46:02,T00725,IC-SPX-FastPT25-S2-130PM,IC,SPX,shortcallspread,,7755,n/a,settle,,4850.0,,True,NOT EVALUABLE — position closed early; what it would have returned held to settlement needs post-exit path data that does not exist. Never modeled.,closed
2026-08-27,2026-08-27 13:46:02,T00725,IC-SPX-FastPT25-S2-130PM,IC,SPX,shortcallspread,,7755,n/a,sl100,100.0,4850.0,0.0206,True,optimistic bound: no SL hit -> actual exit pnl (ledger),closed
2026-08-27,2026-08-27 13:46:02,T00725,IC-SPX-FastPT25-S2-130PM,IC,SPX,shortcallspread,,7755,n/a,sl130,100.0,4850.0,0.0206,True,optimistic bound: no SL hit -> actual exit pnl (ledger),closed
2026-08-27,2026-08-27 13:46:02,T00725,IC-SPX-FastPT25-S2-130PM,IC,SPX,shortcallspread,,7755,n/a,sl50,100.0,4850.0,0.0206,True,optimistic bound: no SL hit -> actual exit pnl (ledger),closed
2026-08-27,2026-08-27 13:46:02,T00725,IC-SPX-FastPT25-S2-130PM,IC,SPX,shortcallspread,,7755,n/a,sl75,100.0,4850.0,0.0206,True,optimistic bound: no SL hit -> actual exit pnl (ledger),closed
2026-08-27,2026-08-27 09:54:18,T00724,Nigiri-Paper-v1,OA-Mirror,,shortputspread,738,,n/a,actual,20.0,4920.0,0.0041,False,"actual exit pnl (ledger, verbatim) - NOT settlement",closed
2026-08-27,2026-08-27 09:54:18,T00724,Nigiri-Paper-v1,OA-Mirror,,shortputspread,738,,n/a,defang,,4920.0,,True,DEFERRED v1 — needs the intraday premium-decay path (mark short leg to ~$0.05) not present in the ledger. TODO: model once tick/1-min option-premium history is available.,closed
2026-08-27,2026-08-27 09:54:18,T00724,Nigiri-Paper-v1,OA-Mirror,,shortputspread,738,,n/a,pt100,20.0,4920.0,0.0041,True,optimistic bound: no PT hit -> actual exit pnl (ledger),closed
2026-08-27,2026-08-27 09:54:18,T00724,Nigiri-Paper-v1,OA-Mirror,,shortputspread,738,,n/a,pt25,20.0,4920.0,0.0041,True,optimistic bound: booked +25% of credit_basis at mfe_pct threshold,closed
2026-08-27,2026-08-27 09:54:18,T00724,Nigiri-Paper-v1,OA-Mirror,,shortputspread,738,,n/a,pt50,20.0,4920.0,0.0041,True,optimistic bound: no PT hit -> actual exit pnl (ledger),closed
2026-08-27,2026-08-27 09:54:18,T00724,Nigiri-Paper-v1,OA-Mirror,,shortputspread,738,,n/a,settle,,4920.0,,True,NOT EVALUABLE — position closed early; what it would have returned held to settlement needs post-exit path data that does not exist. Never modeled.,closed
2026-08-27,2026-08-27 09:54:18,T00724,Nigiri-Paper-v1,OA-Mirror,,shortputspread,738,,n/a,sl100,20.0,4920.0,0.0041,True,optimistic bound: no SL hit -> actual exit pnl (ledger),closed
2026-08-27,2026-08-27 09:54:18,T00724,Nigiri-Paper-v1,OA-Mirror,,shortputspread,738,,n/a,sl130,20.0,4920.0,0.0041,True,optimistic bound: no SL hit -> actual exit pnl (ledger),closed
2026-08-27,2026-08-27 09:54:18,T00724,Nigiri-Paper-v1,OA-Mirror,,shortputspread,738,,n/a,sl50,-40.0,4920.0,-0.0081,True,optimistic bound: booked -50% of credit_basis at mae_pct threshold,closed
2026-08-27,2026-08-27 09:54:18,T00724,Nigiri-Paper-v1,OA-Mirror,,shortputspread,738,,n/a,sl75,20.0,4920.0,0.0041,True,optimistic bound: no SL hit -> actual exit pnl (ledger),closed
2026-08-27,2026-08-27 12:45:03,T00677,Trendy-Paper-v1,OA-Mirror,,shortputspread,755,,n/a,actual,36.0,933.0,0.0386,False,"actual exit pnl (ledger, verbatim) - NOT settlement",closed
2026-08-27,2026-08-27 12:45:03,T00677,Trendy-Paper-v1,OA-Mirror,,shortputspread,755,,n/a,defang,,933.0,,True,DEFERRED v1 — needs the intraday premium-decay path (mark short leg to ~$0.05) not present in the ledger. TODO: model once tick/1-min option-premium history is available.,closed
2026-08-27,2026-08-27 12:45:03,T00677,Trendy-Paper-v1,OA-Mirror,,shortputspread,755,,n/a,pt100,36.0,933.0,0.0386,True,optimistic bound: no PT hit -> actual exit pnl (ledger),closed
2026-08-27,2026-08-27 12:45:03,T00677,Trendy-Paper-v1,OA-Mirror,,shortputspread,755,,n/a,pt25,16.75,933.0,0.018,True,optimistic bound: booked +25% of credit_basis at mfe_pct threshold,closed
2026-08-27,2026-08-27 12:45:03,T00677,Trendy-Paper-v1,OA-Mirror,,shortputspread,755,,n/a,pt50,33.5,933.0,0.0359,True,optimistic bound: booked +50% of credit_basis at mfe_pct threshold,closed
2026-08-27,2026-08-27 12:45:03,T00677,Trendy-Paper-v1,OA-Mirror,,shortputspread,755,,n/a,settle,,933.0,,True,NOT EVALUABLE — position closed early; what it would have returned held to settlement needs post-exit path data that does not exist. Never modeled.,closed
2026-08-27,2026-08-27 12:45:03,T00677,Trendy-Paper-v1,OA-Mirror,,shortputspread,755,,n/a,sl100,-67.0,933.0,-0.0718,True,optimistic bound: booked -100% of credit_basis at mae_pct threshold,closed
2026-08-27,2026-08-27 12:45:03,T00677,Trendy-Paper-v1,OA-Mirror,,shortputspread,755,,n/a,sl130,-87.1,933.0,-0.0934,True,optimistic bound: booked -130% of credit_basis at mae_pct threshold,closed
2026-08-27,2026-08-27 12:45:03,T00677,Trendy-Paper-v1,OA-Mirror,,shortputspread,755,,n/a,sl50,-33.5,933.0,-0.0359,True,optimistic bound: booked -50% of credit_basis at mae_pct threshold,closed
2026-08-27,2026-08-27 12:45:03,T00677,Trendy-Paper-v1,OA-Mirror,,shortputspread,755,,n/a,sl75,-50.25,933.0,-0.0539,True,optimistic bound: booked -75% of credit_basis at mae_pct threshold,closed
2026-08-28,2026-08-28 10:45:03,T00723,60min-ORB-10W-Paper-v1,OA-Mirror,SPX,shortputspread,7715,,n/a,actual,50.0,925.0,0.0541,False,"actual exit pnl (ledger, verbatim) - NOT settlement",closed
2026-08-28,2026-08-28 10:45:03,T00723,60min-ORB-10W-Paper-v1,OA-Mirror,SPX,shortputspread,7715,,n/a,defang,,925.0,,True,DEFERRED v1 — needs the intraday premium-decay path (mark short leg to ~$0.05) not present in the ledger. TODO: model once tick/1-min option-premium history is available.,closed
2026-08-28,2026-08-28 10:45:03,T00723,60min-ORB-10W-Paper-v1,OA-Mirror,SPX,shortputspread,7715,,n/a,pt100,50.0,925.0,0.0541,True,optimistic bound: no PT hit -> actual exit pnl (ledger),closed
2026-08-28,2026-08-28 10:45:03,T00723,60min-ORB-10W-Paper-v1,OA-Mirror,SPX,shortputspread,7715,,n/a,pt25,18.75,925.0,0.0203,True,optimistic bound: booked +25% of credit_basis at mfe_pct threshold,closed
2026-08-28,2026-08-28 10:45:03,T00723,60min-ORB-10W-Paper-v1,OA-Mirror,SPX,shortputspread,7715,,n/a,pt50,37.5,925.0,0.0405,True,optimistic bound: booked +50% of credit_basis at mfe_pct threshold,closed
2026-08-28,2026-08-28 10:45:03,T00723,60min-ORB-10W-Paper-v1,OA-Mirror,SPX,shortputspread,7715,,n/a,settle,,925.0,,True,NOT EVALUABLE — position closed early; what it would have returned held to settlement needs post-exit path data that does not exist. Never modeled.,closed
2026-08-28,2026-08-28 10:45:03,T00723,60min-ORB-10W-Paper-v1,OA-Mirror,SPX,shortputspread,7715,,n/a,sl100,50.0,925.0,0.0541,True,optimistic bound: no SL hit -> actual exit pnl (ledger),closed
2026-08-28,2026-08-28 10:45:03,T00723,60min-ORB-10W-Paper-v1,OA-Mirror,SPX,shortputspread,7715,,n/a,sl130,50.0,925.0,0.0541,True,optimistic bound: no SL hit -> actual exit pnl (ledger),closed
2026-08-28,2026-08-28 10:45:03,T00723,60min-ORB-10W-Paper-v1,OA-Mirror,SPX,shortputspread,7715,,n/a,sl50,50.0,925.0,0.0541,True,optimistic bound: no SL hit -> actual exit pnl (ledger),closed
2026-08-28,2026-08-28 10:45:03,T00723,60min-ORB-10W-Paper-v1,OA-Mirror,SPX,shortputspread,7715,,n/a,sl75,50.0,925.0,0.0541,True,optimistic bound: no SL hit -> actual exit pnl (ledger),closed
2026-08-28,2026-08-28 10:30:03,T00674,Friday 14 DTE Broken Wing IB (B-70),OA-Mirror,,ironbutterfly,7660,7660,n/a,actual,110.0,1995.0,0.0551,False,"actual exit pnl (ledger, verbatim) - NOT settlement",closed
2026-08-28,2026-08-28 10:30:03,T00674,Friday 14 DTE Broken Wing IB (B-70),OA-Mirror,,ironbutterfly,7660,7660,n/a,defang,,1995.0,,True,DEFERRED v1 — needs the intraday premium-decay path (mark short leg to ~$0.05) not present in the ledger. TODO: model once tick/1-min option-premium history is available.,closed
2026-08-28,2026-08-28 10:30:03,T00674,Friday 14 DTE Broken Wing IB (B-70),OA-Mirror,,ironbutterfly,7660,7660,n/a,pt100,110.0,1995.0,0.0551,True,optimistic bound: no PT hit -> actual exit pnl (ledger),closed
2026-08-28,2026-08-28 10:30:03,T00674,Friday 14 DTE Broken Wing IB (B-70),OA-Mirror,,ironbutterfly,7660,7660,n/a,pt25,110.0,1995.0,0.0551,True,optimistic bound: no PT hit -> actual exit pnl (ledger),closed
2026-08-28,2026-08-28 10:30:03,T00674,Friday 14 DTE Broken Wing IB (B-70),OA-Mirror,,ironbutterfly,7660,7660,n/a,pt50,110.0,1995.0,0.0551,True,optimistic bound: no PT hit -> actual exit pnl (ledger),closed
2026-08-28,2026-08-28 10:30:03,T00674,Friday 14 DTE Broken Wing IB (B-70),OA-Mirror,,ironbutterfly,7660,7660,n/a,settle,,1995.0,,True,NOT EVALUABLE — position closed early; what it would have returned held to settlement needs post-exit path data that does not exist. Never modeled.,closed
2026-08-28,2026-08-28 10:30:03,T00674,Friday 14 DTE Broken Wing IB (B-70),OA-Mirror,,ironbutterfly,7660,7660,n/a,sl100,110.0,1995.0,0.0551,True,optimistic bound: no SL hit -> actual exit pnl (ledger),closed
2026-08-28,2026-08-28 10:30:03,T00674,Friday 14 DTE Broken Wing IB (B-70),OA-Mirror,,ironbutterfly,7660,7660,n/a,sl130,110.0,1995.0,0.0551,True,optimistic bound: no SL hit -> actual exit pnl (ledger),closed
2026-08-28,2026-08-28 10:30:03,T00674,Friday 14 DTE Broken Wing IB (B-70),OA-Mirror,,ironbutterfly,7660,7660,n/a,sl50,110.0,1995.0,0.0551,True,optimistic bound: no SL hit -> actual exit pnl (ledger),closed
2026-08-28,2026-08-28 10:30:03,T00674,Friday 14 DTE Broken Wing IB (B-70),OA-Mirror,,ironbutterfly,7660,7660,n/a,sl75,110.0,1995.0,0.0551,True,optimistic bound: no SL hit -> actual exit pnl (ledger),closed
2026-08-28,2026-08-28 13:38:11,T00720,GF-QQQ-IC-Canary,IC,QQQ,shortputspread,712,,n/a,actual,2.0,192.0,0.0104,False,"actual exit pnl (ledger, verbatim) - NOT settlement",closed
2026-08-28,2026-08-28 13:38:11,T00720,GF-QQQ-IC-Canary,IC,QQQ,shortputspread,712,,n/a,defang,,192.0,,True,DEFERRED v1 — needs the intraday premium-decay path (mark short leg to ~$0.05) not present in the ledger. TODO: model once tick/1-min option-premium history is available.,closed
2026-08-28,2026-08-28 13:38:11,T00720,GF-QQQ-IC-Canary,IC,QQQ,shortputspread,712,,n/a,pt100,2.0,192.0,0.0104,True,optimistic bound: no PT hit -> actual exit pnl (ledger),closed
2026-08-28,2026-08-28 13:38:11,T00720,GF-QQQ-IC-Canary,IC,QQQ,shortputspread,712,,n/a,pt25,2.0,192.0,0.0104,True,optimistic bound: booked +25% of credit_basis at mfe_pct threshold,closed
2026-08-28,2026-08-28 13:38:11,T00720,GF-QQQ-IC-Canary,IC,QQQ,shortputspread,712,,n/a,pt50,2.0,192.0,0.0104,True,optimistic bound: no PT hit -> actual exit pnl (ledger),closed
2026-08-28,2026-08-28 13:38:11,T00720,GF-QQQ-IC-Canary,IC,QQQ,shortputspread,712,,n/a,settle,,192.0,,True,NOT EVALUABLE — position closed early; what it would have returned held to settlement needs post-exit path data that does not exist. Never modeled.,closed
2026-08-28,2026-08-28 13:38:11,T00720,GF-QQQ-IC-Canary,IC,QQQ,shortputspread,712,,n/a,sl100,2.0,192.0,0.0104,True,optimistic bound: no SL hit -> actual exit pnl (ledger),closed
2026-08-28,2026-08-28 13:38:11,T00720,GF-QQQ-IC-Canary,IC,QQQ,shortputspread,712,,n/a,sl130,2.0,192.0,0.0104,True,optimistic bound: no SL hit -> actual exit pnl (ledger),closed
2026-08-28,2026-08-28 13:38:11,T00720,GF-QQQ-IC-Canary,IC,QQQ,shortputspread,712,,n/a,sl50,-4.0,192.0,-0.0208,True,optimistic bound: booked -50% of credit_basis at mae_pct threshold,closed
2026-08-28,2026-08-28 13:38:11,T00720,GF-QQQ-IC-Canary,IC,QQQ,shortputspread,712,,n/a,sl75,-6.0,192.0,-0.0312,True,optimistic bound: booked -75% of credit_basis at mae_pct threshold,closed
2026-08-28,2026-08-28 13:42:05,T00719,GF-QQQ-IC-Canary,IC,QQQ,shortcallspread,,720,n/a,actual,1.0,193.0,0.0052,False,"actual exit pnl (ledger, verbatim) - NOT settlement",closed
2026-08-28,2026-08-28 13:42:05,T00719,GF-QQQ-IC-Canary,IC,QQQ,shortcallspread,,720,n/a,defang,,193.0,,True,DEFERRED v1 — needs the intraday premium-decay path (mark short leg to ~$0.05) not present in the ledger. TODO: model once tick/1-min option-premium history is available.,closed
2026-08-28,2026-08-28 13:42:05,T00719,GF-QQQ-IC-Canary,IC,QQQ,shortcallspread,,720,n/a,pt100,1.0,193.0,0.0052,True,optimistic bound: no PT hit -> actual exit pnl (ledger),closed
2026-08-28,2026-08-28 13:42:05,T00719,GF-QQQ-IC-Canary,IC,QQQ,shortcallspread,,720,n/a,pt25,1.75,193.0,0.0091,True,optimistic bound: booked +25% of credit_basis at mfe_pct threshold,closed
2026-08-28,2026-08-28 13:42:05,T00719,GF-QQQ-IC-Canary,IC,QQQ,shortcallspread,,720,n/a,pt50,1.0,193.0,0.0052,True,optimistic bound: no PT hit -> actual exit pnl (ledger),closed
2026-08-28,2026-08-28 13:42:05,T00719,GF-QQQ-IC-Canary,IC,QQQ,shortcallspread,,720,n/a,settle,,193.0,,True,NOT EVALUABLE — position closed early; what it would have returned held to settlement needs post-exit path data that does not exist. Never modeled.,closed
2026-08-28,2026-08-28 13:42:05,T00719,GF-QQQ-IC-Canary,IC,QQQ,shortcallspread,,720,n/a,sl100,-7.0,193.0,-0.0363,True,optimistic bound: booked -100% of credit_basis at mae_pct threshold,closed
2026-08-28,2026-08-28 13:42:05,T00719,GF-QQQ-IC-Canary,IC,QQQ,shortcallspread,,720,n/a,sl130,1.0,193.0,0.0052,True,optimistic bound: no SL hit -> actual exit pnl (ledger),closed
2026-08-28,2026-08-28 13:42:05,T00719,GF-QQQ-IC-Canary,IC,QQQ,shortcallspread,,720,n/a,sl50,-3.5,193.0,-0.0181,True,optimistic bound: booked -50% of credit_basis at mae_pct threshold,closed
2026-08-28,2026-08-28 13:42:05,T00719,GF-QQQ-IC-Canary,IC,QQQ,shortcallspread,,720,n/a,sl75,-5.25,193.0,-0.0272,True,optimistic bound: booked -75% of credit_basis at mae_pct threshold,closed
2026-08-28,2026-08-28 13:38:11,T00718,GF-QQQ-IC-PT50,IC,QQQ,shortputspread,712,,n/a,actual,4.0,192.0,0.0208,False,"actual exit pnl (ledger, verbatim) - NOT settlement",closed
2026-08-28,2026-08-28 13:38:11,T00718,GF-QQQ-IC-PT50,IC,QQQ,shortputspread,712,,n/a,defang,,192.0,,True,DEFERRED v1 — needs the intraday premium-decay path (mark short leg to ~$0.05) not present in the ledger. TODO: model once tick/1-min option-premium history is available.,closed
2026-08-28,2026-08-28 13:38:11,T00718,GF-QQQ-IC-PT50,IC,QQQ,shortputspread,712,,n/a,pt100,4.0,192.0,0.0208,True,optimistic bound: no PT hit -> actual exit pnl (ledger),closed
2026-08-28,2026-08-28 13:38:11,T00718,GF-QQQ-IC-PT50,IC,QQQ,shortputspread,712,,n/a,pt25,2.0,192.0,0.0104,True,optimistic bound: booked +25% of credit_basis at mfe_pct threshold,closed
2026-08-28,2026-08-28 13:38:11,T00718,GF-QQQ-IC-PT50,IC,QQQ,shortputspread,712,,n/a,pt50,4.0,192.0,0.0208,True,optimistic bound: booked +50% of credit_basis at mfe_pct threshold,closed
2026-08-28,2026-08-28 13:38:11,T00718,GF-QQQ-IC-PT50,IC,QQQ,shortputspread,712,,n/a,settle,,192.0,,True,NOT EVALUABLE — position closed early; what it would have returned held to settlement needs post-exit path data that does not exist. Never modeled.,closed
2026-08-28,2026-08-28 13:38:11,T00718,GF-QQQ-IC-PT50,IC,QQQ,shortputspread,712,,n/a,sl100,4.0,192.0,0.0208,True,optimistic bound: no SL hit -> actual exit pnl (ledger),closed
2026-08-28,2026-08-28 13:38:11,T00718,GF-QQQ-IC-PT50,IC,QQQ,shortputspread,712,,n/a,sl130,4.0,192.0,0.0208,True,optimistic bound: no SL hit -> actual exit pnl (ledger),closed
2026-08-28,2026-08-28 13:38:11,T00718,GF-QQQ-IC-PT50,IC,QQQ,shortputspread,712,,n/a,sl50,-4.0,192.0,-0.0208,True,optimistic bound: booked -50% of credit_basis at mae_pct threshold,closed
2026-08-28,2026-08-28 13:38:11,T00718,GF-QQQ-IC-PT50,IC,QQQ,shortputspread,712,,n/a,sl75,-6.0,192.0,-0.0312,True,optimistic bound: booked -75% of credit_basis at mae_pct threshold,closed
2026-08-28,2026-08-28 13:42:05,T00717,GF-QQQ-IC-PT50,IC,QQQ,shortcallspread,,720,n/a,actual,4.0,193.0,0.0207,False,"actual exit pnl (ledger, verbatim) - NOT settlement",closed
2026-08-28,2026-08-28 13:42:05,T00717,GF-QQQ-IC-PT50,IC,QQQ,shortcallspread,,720,n/a,defang,,193.0,,True,DEFERRED v1 — needs the intraday premium-decay path (mark short leg to ~$0.05) not present in the ledger. TODO: model once tick/1-min option-premium history is available.,closed
2026-08-28,2026-08-28 13:42:05,T00717,GF-QQQ-IC-PT50,IC,QQQ,shortcallspread,,720,n/a,pt100,4.0,193.0,0.0207,True,optimistic bound: no PT hit -> actual exit pnl (ledger),closed
2026-08-28,2026-08-28 13:42:05,T00717,GF-QQQ-IC-PT50,IC,QQQ,shortcallspread,,720,n/a,pt25,1.75,193.0,0.0091,True,optimistic bound: booked +25% of credit_basis at mfe_pct threshold,closed
2026-08-28,2026-08-28 13:42:05,T00717,GF-QQQ-IC-PT50,IC,QQQ,shortcallspread,,720,n/a,pt50,3.5,193.0,0.0181,True,optimistic bound: booked +50% of credit_basis at mfe_pct threshold,closed
2026-08-28,2026-08-28 13:42:05,T00717,GF-QQQ-IC-PT50,IC,QQQ,shortcallspread,,720,n/a,settle,,193.0,,True,NOT EVALUABLE — position closed early; what it would have returned held to settlement needs post-exit path data that does not exist. Never modeled.,closed
2026-08-28,2026-08-28 13:42:05,T00717,GF-QQQ-IC-PT50,IC,QQQ,shortcallspread,,720,n/a,sl100,-7.0,193.0,-0.0363,True,optimistic bound: booked -100% of credit_basis at mae_pct threshold,closed
2026-08-28,2026-08-28 13:42:05,T00717,GF-QQQ-IC-PT50,IC,QQQ,shortcallspread,,720,n/a,sl130,4.0,193.0,0.0207,True,optimistic bound: no SL hit -> actual exit pnl (ledger),closed
2026-08-28,2026-08-28 13:42:05,T00717,GF-QQQ-IC-PT50,IC,QQQ,shortcallspread,,720,n/a,sl50,-3.5,193.0,-0.0181,True,optimistic bound: booked -50% of credit_basis at mae_pct threshold,closed
2026-08-28,2026-08-28 13:42:05,T00717,GF-QQQ-IC-PT50,IC,QQQ,shortcallspread,,720,n/a,sl75,-5.25,193.0,-0.0272,True,optimistic bound: booked -75% of credit_basis at mae_pct threshold,closed
2026-08-28,2026-08-28 13:38:11,T00709,GF-QQQ-IC-Ride,IC,QQQ,shortputspread,712,,n/a,actual,7.0,192.0,0.0365,False,"actual exit pnl (ledger, verbatim) - NOT settlement",closed
2026-08-28,2026-08-28 13:38:11,T00709,GF-QQQ-IC-Ride,IC,QQQ,shortputspread,712,,n/a,defang,,192.0,,True,DEFERRED v1 — needs the intraday premium-decay path (mark short leg to ~$0.05) not present in the ledger. TODO: model once tick/1-min option-premium history is available.,closed
2026-08-28,2026-08-28 13:38:11,T00709,GF-QQQ-IC-Ride,IC,QQQ,shortputspread,712,,n/a,pt100,8.0,192.0,0.0417,True,optimistic bound: booked +100% of credit_basis at mfe_pct threshold,closed
2026-08-28,2026-08-28 13:38:11,T00709,GF-QQQ-IC-Ride,IC,QQQ,shortputspread,712,,n/a,pt25,2.0,192.0,0.0104,True,optimistic bound: booked +25% of credit_basis at mfe_pct threshold,closed
2026-08-28,2026-08-28 13:38:11,T00709,GF-QQQ-IC-Ride,IC,QQQ,shortputspread,712,,n/a,pt50,4.0,192.0,0.0208,True,optimistic bound: booked +50% of credit_basis at mfe_pct threshold,closed
2026-08-28,2026-08-28 13:38:11,T00709,GF-QQQ-IC-Ride,IC,QQQ,shortputspread,712,,n/a,settle,,192.0,,True,NOT EVALUABLE — position closed early; what it would have returned held to settlement needs post-exit path data that does not exist. Never modeled.,closed
2026-08-28,2026-08-28 13:38:11,T00709,GF-QQQ-IC-Ride,IC,QQQ,shortputspread,712,,n/a,sl100,7.0,192.0,0.0365,True,optimistic bound: no SL hit -> actual exit pnl (ledger),closed
2026-08-28,2026-08-28 13:38:11,T00709,GF-QQQ-IC-Ride,IC,QQQ,shortputspread,712,,n/a,sl130,7.0,192.0,0.0365,True,optimistic bound: no SL hit -> actual exit pnl (ledger),closed
2026-08-28,2026-08-28 13:38:11,T00709,GF-QQQ-IC-Ride,IC,QQQ,shortputspread,712,,n/a,sl50,-4.0,192.0,-0.0208,True,optimistic bound: booked -50% of credit_basis at mae_pct threshold,closed
2026-08-28,2026-08-28 13:38:11,T00709,GF-QQQ-IC-Ride,IC,QQQ,shortputspread,712,,n/a,sl75,-6.0,192.0,-0.0312,True,optimistic bound: booked -75% of credit_basis at mae_pct threshold,closed
2026-08-28,2026-08-28 13:42:05,T00708,GF-QQQ-IC-Ride,IC,QQQ,shortcallspread,,720,n/a,actual,6.0,193.0,0.0311,False,"actual exit pnl (ledger, verbatim) - NOT settlement",closed
2026-08-28,2026-08-28 13:42:05,T00708,GF-QQQ-IC-Ride,IC,QQQ,shortcallspread,,720,n/a,defang,,193.0,,True,DEFERRED v1 — needs the intraday premium-decay path (mark short leg to ~$0.05) not present in the ledger. TODO: model once tick/1-min option-premium history is available.,closed
2026-08-28,2026-08-28 13:42:05,T00708,GF-QQQ-IC-Ride,IC,QQQ,shortcallspread,,720,n/a,pt100,7.0,193.0,0.0363,True,optimistic bound: booked +100% of credit_basis at mfe_pct threshold,closed
2026-08-28,2026-08-28 13:42:05,T00708,GF-QQQ-IC-Ride,IC,QQQ,shortcallspread,,720,n/a,pt25,1.75,193.0,0.0091,True,optimistic bound: booked +25% of credit_basis at mfe_pct threshold,closed
2026-08-28,2026-08-28 13:42:05,T00708,GF-QQQ-IC-Ride,IC,QQQ,shortcallspread,,720,n/a,pt50,3.5,193.0,0.0181,True,optimistic bound: booked +50% of credit_basis at mfe_pct threshold,closed
2026-08-28,2026-08-28 13:42:05,T00708,GF-QQQ-IC-Ride,IC,QQQ,shortcallspread,,720,n/a,settle,,193.0,,True,NOT EVALUABLE — position closed early; what it would have returned held to settlement needs post-exit path data that does not exist. Never modeled.,closed
2026-08-28,2026-08-28 13:42:05,T00708,GF-QQQ-IC-Ride,IC,QQQ,shortcallspread,,720,n/a,sl100,-7.0,193.0,-0.0363,True,optimistic bound: booked -100% of credit_basis at mae_pct threshold,closed
2026-08-28,2026-08-28 13:42:05,T00708,GF-QQQ-IC-Ride,IC,QQQ,shortcallspread,,720,n/a,sl130,6.0,193.0,0.0311,True,optimistic bound: no SL hit -> actual exit pnl (ledger),closed
2026-08-28,2026-08-28 13:42:05,T00708,GF-QQQ-IC-Ride,IC,QQQ,shortcallspread,,720,n/a,sl50,-3.5,193.0,-0.0181,True,optimistic bound: booked -50% of credit_basis at mae_pct threshold,closed
2026-08-28,2026-08-28 13:42:05,T00708,GF-QQQ-IC-Ride,IC,QQQ,shortcallspread,,720,n/a,sl75,-5.25,193.0,-0.0272,True,optimistic bound: booked -75% of credit_basis at mae_pct threshold,closed
2026-08-28,2026-08-28 13:35:11,T00712,GF-QQQ-IC-Ride-Delta,IC,QQQ,shortputspread,712,,n/a,actual,6.0,193.0,0.0311,False,"actual exit pnl (ledger, verbatim) - NOT settlement",closed
2026-08-28,2026-08-28 13:35:11,T00712,GF-QQQ-IC-Ride-Delta,IC,QQQ,shortputspread,712,,n/a,defang,,193.0,,True,DEFERRED v1 — needs the intraday premium-decay path (mark short leg to ~$0.05) not present in the ledger. TODO: model once tick/1-min option-premium history is available.,closed
2026-08-28,2026-08-28 13:35:11,T00712,GF-QQQ-IC-Ride-Delta,IC,QQQ,shortputspread,712,,n/a,pt100,7.0,193.0,0.0363,True,optimistic bound: booked +100% of credit_basis at mfe_pct threshold,closed
2026-08-28,2026-08-28 13:35:11,T00712,GF-QQQ-IC-Ride-Delta,IC,QQQ,shortputspread,712,,n/a,pt25,1.75,193.0,0.0091,True,optimistic bound: booked +25% of credit_basis at mfe_pct threshold,closed
2026-08-28,2026-08-28 13:35:11,T00712,GF-QQQ-IC-Ride-Delta,IC,QQQ,shortputspread,712,,n/a,pt50,3.5,193.0,0.0181,True,optimistic bound: booked +50% of credit_basis at mfe_pct threshold,closed
2026-08-28,2026-08-28 13:35:11,T00712,GF-QQQ-IC-Ride-Delta,IC,QQQ,shortputspread,712,,n/a,settle,,193.0,,True,NOT EVALUABLE — position closed early; what it would have returned held to settlement needs post-exit path data that does not exist. Never modeled.,closed
2026-08-28,2026-08-28 13:35:11,T00712,GF-QQQ-IC-Ride-Delta,IC,QQQ,shortputspread,712,,n/a,sl100,-7.0,193.0,-0.0363,True,optimistic bound: booked -100% of credit_basis at mae_pct threshold,closed
2026-08-28,2026-08-28 13:35:11,T00712,GF-QQQ-IC-Ride-Delta,IC,QQQ,shortputspread,712,,n/a,sl130,6.0,193.0,0.0311,True,optimistic bound: no SL hit -> actual exit pnl (ledger),closed
2026-08-28,2026-08-28 13:35:11,T00712,GF-QQQ-IC-Ride-Delta,IC,QQQ,shortputspread,712,,n/a,sl50,-3.5,193.0,-0.0181,True,optimistic bound: booked -50% of credit_basis at mae_pct threshold,closed
2026-08-28,2026-08-28 13:35:11,T00712,GF-QQQ-IC-Ride-Delta,IC,QQQ,shortputspread,712,,n/a,sl75,-5.25,193.0,-0.0272,True,optimistic bound: booked -75% of credit_basis at mae_pct threshold,closed
2026-08-28,2026-08-28 13:36:46,T00712,GF-QQQ-IC-Ride-Delta,IC,QQQ,shortcallspread,,720,n/a,actual,8.0,191.0,0.0419,False,"actual exit pnl (ledger, verbatim) - NOT settlement",closed
2026-08-28,2026-08-28 13:36:46,T00712,GF-QQQ-IC-Ride-Delta,IC,QQQ,shortcallspread,,720,n/a,defang,,191.0,,True,DEFERRED v1 — needs the intraday premium-decay path (mark short leg to ~$0.05) not present in the ledger. TODO: model once tick/1-min option-premium history is available.,closed
2026-08-28,2026-08-28 13:36:46,T00712,GF-QQQ-IC-Ride-Delta,IC,QQQ,shortcallspread,,720,n/a,pt100,9.0,191.0,0.0471,True,optimistic bound: booked +100% of credit_basis at mfe_pct threshold,closed
2026-08-28,2026-08-28 13:36:46,T00712,GF-QQQ-IC-Ride-Delta,IC,QQQ,shortcallspread,,720,n/a,pt25,2.25,191.0,0.0118,True,optimistic bound: booked +25% of credit_basis at mfe_pct threshold,closed
2026-08-28,2026-08-28 13:36:46,T00712,GF-QQQ-IC-Ride-Delta,IC,QQQ,shortcallspread,,720,n/a,pt50,4.5,191.0,0.0236,True,optimistic bound: booked +50% of credit_basis at mfe_pct threshold,closed
2026-08-28,2026-08-28 13:36:46,T00712,GF-QQQ-IC-Ride-Delta,IC,QQQ,shortcallspread,,720,n/a,settle,,191.0,,True,NOT EVALUABLE — position closed early; what it would have returned held to settlement needs post-exit path data that does not exist. Never modeled.,closed
2026-08-28,2026-08-28 13:36:46,T00712,GF-QQQ-IC-Ride-Delta,IC,QQQ,shortcallspread,,720,n/a,sl100,8.0,191.0,0.0419,True,optimistic bound: no SL hit -> actual exit pnl (ledger),closed
2026-08-28,2026-08-28 13:36:46,T00712,GF-QQQ-IC-Ride-Delta,IC,QQQ,shortcallspread,,720,n/a,sl130,8.0,191.0,0.0419,True,optimistic bound: no SL hit -> actual exit pnl (ledger),closed
2026-08-28,2026-08-28 13:36:46,T00712,GF-QQQ-IC-Ride-Delta,IC,QQQ,shortcallspread,,720,n/a,sl50,-4.5,191.0,-0.0236,True,optimistic bound: booked -50% of credit_basis at mae_pct threshold,closed
2026-08-28,2026-08-28 13:36:46,T00712,GF-QQQ-IC-Ride-Delta,IC,QQQ,shortcallspread,,720,n/a,sl75,8.0,191.0,0.0419,True,optimistic bound: no SL hit -> actual exit pnl (ledger),closed
2026-08-28,2026-08-28 13:38:11,T00716,GF-QQQ-IC-SL100,IC,QQQ,shortputspread,712,,n/a,actual,7.0,192.0,0.0365,False,"actual exit pnl (ledger, verbatim) - NOT settlement",closed
2026-08-28,2026-08-28 13:38:11,T00716,GF-QQQ-IC-SL100,IC,QQQ,shortputspread,712,,n/a,defang,,192.0,,True,DEFERRED v1 — needs the intraday premium-decay path (mark short leg to ~$0.05) not present in the ledger. TODO: model once tick/1-min option-premium history is available.,closed
2026-08-28,2026-08-28 13:38:11,T00716,GF-QQQ-IC-SL100,IC,QQQ,shortputspread,712,,n/a,pt100,8.0,192.0,0.0417,True,optimistic bound: booked +100% of credit_basis at mfe_pct threshold,closed
2026-08-28,2026-08-28 13:38:11,T00716,GF-QQQ-IC-SL100,IC,QQQ,shortputspread,712,,n/a,pt25,2.0,192.0,0.0104,True,optimistic bound: booked +25% of credit_basis at mfe_pct threshold,closed
2026-08-28,2026-08-28 13:38:11,T00716,GF-QQQ-IC-SL100,IC,QQQ,shortputspread,712,,n/a,pt50,4.0,192.0,0.0208,True,optimistic bound: booked +50% of credit_basis at mfe_pct threshold,closed
2026-08-28,2026-08-28 13:38:11,T00716,GF-QQQ-IC-SL100,IC,QQQ,shortputspread,712,,n/a,settle,,192.0,,True,NOT EVALUABLE — position closed early; what it would have returned held to settlement needs post-exit path data that does not exist. Never modeled.,closed
2026-08-28,2026-08-28 13:38:11,T00716,GF-QQQ-IC-SL100,IC,QQQ,shortputspread,712,,n/a,sl100,7.0,192.0,0.0365,True,optimistic bound: no SL hit -> actual exit pnl (ledger),closed
2026-08-28,2026-08-28 13:38:11,T00716,GF-QQQ-IC-SL100,IC,QQQ,shortputspread,712,,n/a,sl130,7.0,192.0,0.0365,True,optimistic bound: no SL hit -> actual exit pnl (ledger),closed
2026-08-28,2026-08-28 13:38:11,T00716,GF-QQQ-IC-SL100,IC,QQQ,shortputspread,712,,n/a,sl50,-4.0,192.0,-0.0208,True,optimistic bound: booked -50% of credit_basis at mae_pct threshold,closed
2026-08-28,2026-08-28 13:38:11,T00716,GF-QQQ-IC-SL100,IC,QQQ,shortputspread,712,,n/a,sl75,-6.0,192.0,-0.0312,True,optimistic bound: booked -75% of credit_basis at mae_pct threshold,closed
2026-08-28,2026-08-28 13:42:05,T00715,GF-QQQ-IC-SL100,IC,QQQ,shortcallspread,,720,n/a,actual,-8.0,193.0,-0.0415,False,"actual exit pnl (ledger, verbatim) - NOT settlement",closed
2026-08-28,2026-08-28 13:42:05,T00715,GF-QQQ-IC-SL100,IC,QQQ,shortcallspread,,720,n/a,defang,,193.0,,True,DEFERRED v1 — needs the intraday premium-decay path (mark short leg to ~$0.05) not present in the ledger. TODO: model once tick/1-min option-premium history is available.,closed
2026-08-28,2026-08-28 13:42:05,T00715,GF-QQQ-IC-SL100,IC,QQQ,shortcallspread,,720,n/a,pt100,-8.0,193.0,-0.0415,True,optimistic bound: no PT hit -> actual exit pnl (ledger),closed
2026-08-28,2026-08-28 13:42:05,T00715,GF-QQQ-IC-SL100,IC,QQQ,shortcallspread,,720,n/a,pt25,-8.0,193.0,-0.0415,True,optimistic bound: no PT hit -> actual exit pnl (ledger),closed
2026-08-28,2026-08-28 13:42:05,T00715,GF-QQQ-IC-SL100,IC,QQQ,shortcallspread,,720,n/a,pt50,-8.0,193.0,-0.0415,True,optimistic bound: no PT hit -> actual exit pnl (ledger),closed
2026-08-28,2026-08-28 13:42:05,T00715,GF-QQQ-IC-SL100,IC,QQQ,shortcallspread,,720,n/a,settle,,193.0,,True,NOT EVALUABLE — position closed early; what it would have returned held to settlement needs post-exit path data that does not exist. Never modeled.,closed
2026-08-28,2026-08-28 13:42:05,T00715,GF-QQQ-IC-SL100,IC,QQQ,shortcallspread,,720,n/a,sl100,-7.0,193.0,-0.0363,True,optimistic bound: booked -100% of credit_basis at mae_pct threshold,closed
2026-08-28,2026-08-28 13:42:05,T00715,GF-QQQ-IC-SL100,IC,QQQ,shortcallspread,,720,n/a,sl130,-8.0,193.0,-0.0415,True,optimistic bound: no SL hit -> actual exit pnl (ledger),closed
2026-08-28,2026-08-28 13:42:05,T00715,GF-QQQ-IC-SL100,IC,QQQ,shortcallspread,,720,n/a,sl50,-3.5,193.0,-0.0181,True,optimistic bound: booked -50% of credit_basis at mae_pct threshold,closed
2026-08-28,2026-08-28 13:42:05,T00715,GF-QQQ-IC-SL100,IC,QQQ,shortcallspread,,720,n/a,sl75,-5.25,193.0,-0.0272,True,optimistic bound: booked -75% of credit_basis at mae_pct threshold,closed
2026-08-28,2026-08-28 13:38:11,T00714,GF-QQQ-IC-SL200,IC,QQQ,shortputspread,712,,n/a,actual,7.0,192.0,0.0365,False,"actual exit pnl (ledger, verbatim) - NOT settlement",closed
2026-08-28,2026-08-28 13:38:11,T00714,GF-QQQ-IC-SL200,IC,QQQ,shortputspread,712,,n/a,defang,,192.0,,True,DEFERRED v1 — needs the intraday premium-decay path (mark short leg to ~$0.05) not present in the ledger. TODO: model once tick/1-min option-premium history is available.,closed
2026-08-28,2026-08-28 13:38:11,T00714,GF-QQQ-IC-SL200,IC,QQQ,shortputspread,712,,n/a,pt100,8.0,192.0,0.0417,True,optimistic bound: booked +100% of credit_basis at mfe_pct threshold,closed
2026-08-28,2026-08-28 13:38:11,T00714,GF-QQQ-IC-SL200,IC,QQQ,shortputspread,712,,n/a,pt25,2.0,192.0,0.0104,True,optimistic bound: booked +25% of credit_basis at mfe_pct threshold,closed
2026-08-28,2026-08-28 13:38:11,T00714,GF-QQQ-IC-SL200,IC,QQQ,shortputspread,712,,n/a,pt50,4.0,192.0,0.0208,True,optimistic bound: booked +50% of credit_basis at mfe_pct threshold,closed
2026-08-28,2026-08-28 13:38:11,T00714,GF-QQQ-IC-SL200,IC,QQQ,shortputspread,712,,n/a,settle,,192.0,,True,NOT EVALUABLE — position closed early; what it would have returned held to settlement needs post-exit path data that does not exist. Never modeled.,closed
2026-08-28,2026-08-28 13:38:11,T00714,GF-QQQ-IC-SL200,IC,QQQ,shortputspread,712,,n/a,sl100,7.0,192.0,0.0365,True,optimistic bound: no SL hit -> actual exit pnl (ledger),closed
2026-08-28,2026-08-28 13:38:11,T00714,GF-QQQ-IC-SL200,IC,QQQ,shortputspread,712,,n/a,sl130,7.0,192.0,0.0365,True,optimistic bound: no SL hit -> actual exit pnl (ledger),closed
2026-08-28,2026-08-28 13:38:11,T00714,GF-QQQ-IC-SL200,IC,QQQ,shortputspread,712,,n/a,sl50,-4.0,192.0,-0.0208,True,optimistic bound: booked -50% of credit_basis at mae_pct threshold,closed
2026-08-28,2026-08-28 13:38:11,T00714,GF-QQQ-IC-SL200,IC,QQQ,shortputspread,712,,n/a,sl75,-6.0,192.0,-0.0312,True,optimistic bound: booked -75% of credit_basis at mae_pct threshold,closed
2026-08-28,2026-08-28 13:42:05,T00713,GF-QQQ-IC-SL200,IC,QQQ,shortcallspread,,720,n/a,actual,6.0,193.0,0.0311,False,"actual exit pnl (ledger, verbatim) - NOT settlement",closed
2026-08-28,2026-08-28 13:42:05,T00713,GF-QQQ-IC-SL200,IC,QQQ,shortcallspread,,720,n/a,defang,,193.0,,True,DEFERRED v1 — needs the intraday premium-decay path (mark short leg to ~$0.05) not present in the ledger. TODO: model once tick/1-min option-premium history is available.,closed
2026-08-28,2026-08-28 13:42:05,T00713,GF-QQQ-IC-SL200,IC,QQQ,shortcallspread,,720,n/a,pt100,7.0,193.0,0.0363,True,optimistic bound: booked +100% of credit_basis at mfe_pct threshold,closed
2026-08-28,2026-08-28 13:42:05,T00713,GF-QQQ-IC-SL200,IC,QQQ,shortcallspread,,720,n/a,pt25,1.75,193.0,0.0091,True,optimistic bound: booked +25% of credit_basis at mfe_pct threshold,closed
2026-08-28,2026-08-28 13:42:05,T00713,GF-QQQ-IC-SL200,IC,QQQ,shortcallspread,,720,n/a,pt50,3.5,193.0,0.0181,True,optimistic bound: booked +50% of credit_basis at mfe_pct threshold,closed
2026-08-28,2026-08-28 13:42:05,T00713,GF-QQQ-IC-SL200,IC,QQQ,shortcallspread,,720,n/a,settle,,193.0,,True,NOT EVALUABLE — position closed early; what it would have returned held to settlement needs post-exit path data that does not exist. Never modeled.,closed
2026-08-28,2026-08-28 13:42:05,T00713,GF-QQQ-IC-SL200,IC,QQQ,shortcallspread,,720,n/a,sl100,-7.0,193.0,-0.0363,True,optimistic bound: booked -100% of credit_basis at mae_pct threshold,closed
2026-08-28,2026-08-28 13:42:05,T00713,GF-QQQ-IC-SL200,IC,QQQ,shortcallspread,,720,n/a,sl130,6.0,193.0,0.0311,True,optimistic bound: no SL hit -> actual exit pnl (ledger),closed
2026-08-28,2026-08-28 13:42:05,T00713,GF-QQQ-IC-SL200,IC,QQQ,shortcallspread,,720,n/a,sl50,-3.5,193.0,-0.0181,True,optimistic bound: booked -50% of credit_basis at mae_pct threshold,closed
2026-08-28,2026-08-28 13:42:05,T00713,GF-QQQ-IC-SL200,IC,QQQ,shortcallspread,,720,n/a,sl75,-5.25,193.0,-0.0272,True,optimistic bound: booked -75% of credit_basis at mae_pct threshold,closed
2026-08-28,2026-08-28 13:38:11,T00711,GF-QQQ-IC-Touch0,IC,QQQ,shortputspread,712,,n/a,actual,7.0,192.0,0.0365,False,"actual exit pnl (ledger, verbatim) - NOT settlement",closed
2026-08-28,2026-08-28 13:38:11,T00711,GF-QQQ-IC-Touch0,IC,QQQ,shortputspread,712,,n/a,defang,,192.0,,True,DEFERRED v1 — needs the intraday premium-decay path (mark short leg to ~$0.05) not present in the ledger. TODO: model once tick/1-min option-premium history is available.,closed
2026-08-28,2026-08-28 13:38:11,T00711,GF-QQQ-IC-Touch0,IC,QQQ,shortputspread,712,,n/a,pt100,8.0,192.0,0.0417,True,optimistic bound: booked +100% of credit_basis at mfe_pct threshold,closed
2026-08-28,2026-08-28 13:38:11,T00711,GF-QQQ-IC-Touch0,IC,QQQ,shortputspread,712,,n/a,pt25,2.0,192.0,0.0104,True,optimistic bound: booked +25% of credit_basis at mfe_pct threshold,closed
2026-08-28,2026-08-28 13:38:11,T00711,GF-QQQ-IC-Touch0,IC,QQQ,shortputspread,712,,n/a,pt50,4.0,192.0,0.0208,True,optimistic bound: booked +50% of credit_basis at mfe_pct threshold,closed
2026-08-28,2026-08-28 13:38:11,T00711,GF-QQQ-IC-Touch0,IC,QQQ,shortputspread,712,,n/a,settle,,192.0,,True,NOT EVALUABLE — position closed early; what it would have returned held to settlement needs post-exit path data that does not exist. Never modeled.,closed
2026-08-28,2026-08-28 13:38:11,T00711,GF-QQQ-IC-Touch0,IC,QQQ,shortputspread,712,,n/a,sl100,7.0,192.0,0.0365,True,optimistic bound: no SL hit -> actual exit pnl (ledger),closed
2026-08-28,2026-08-28 13:38:11,T00711,GF-QQQ-IC-Touch0,IC,QQQ,shortputspread,712,,n/a,sl130,7.0,192.0,0.0365,True,optimistic bound: no SL hit -> actual exit pnl (ledger),closed
2026-08-28,2026-08-28 13:38:11,T00711,GF-QQQ-IC-Touch0,IC,QQQ,shortputspread,712,,n/a,sl50,-4.0,192.0,-0.0208,True,optimistic bound: booked -50% of credit_basis at mae_pct threshold,closed
2026-08-28,2026-08-28 13:38:11,T00711,GF-QQQ-IC-Touch0,IC,QQQ,shortputspread,712,,n/a,sl75,-6.0,192.0,-0.0312,True,optimistic bound: booked -75% of credit_basis at mae_pct threshold,closed
2026-08-28,2026-08-28 13:42:05,T00710,GF-QQQ-IC-Touch0,IC,QQQ,shortcallspread,,720,n/a,actual,6.0,193.0,0.0311,False,"actual exit pnl (ledger, verbatim) - NOT settlement",closed
2026-08-28,2026-08-28 13:42:05,T00710,GF-QQQ-IC-Touch0,IC,QQQ,shortcallspread,,720,n/a,defang,,193.0,,True,DEFERRED v1 — needs the intraday premium-decay path (mark short leg to ~$0.05) not present in the ledger. TODO: model once tick/1-min option-premium history is available.,closed
2026-08-28,2026-08-28 13:42:05,T00710,GF-QQQ-IC-Touch0,IC,QQQ,shortcallspread,,720,n/a,pt100,7.0,193.0,0.0363,True,optimistic bound: booked +100% of credit_basis at mfe_pct threshold,closed
2026-08-28,2026-08-28 13:42:05,T00710,GF-QQQ-IC-Touch0,IC,QQQ,shortcallspread,,720,n/a,pt25,1.75,193.0,0.0091,True,optimistic bound: booked +25% of credit_basis at mfe_pct threshold,closed
2026-08-28,2026-08-28 13:42:05,T00710,GF-QQQ-IC-Touch0,IC,QQQ,shortcallspread,,720,n/a,pt50,3.5,193.0,0.0181,True,optimistic bound: booked +50% of credit_basis at mfe_pct threshold,closed
2026-08-28,2026-08-28 13:42:05,T00710,GF-QQQ-IC-Touch0,IC,QQQ,shortcallspread,,720,n/a,settle,,193.0,,True,NOT EVALUABLE — position closed early; what it would have returned held to settlement needs post-exit path data that does not exist. Never modeled.,closed
2026-08-28,2026-08-28 13:42:05,T00710,GF-QQQ-IC-Touch0,IC,QQQ,shortcallspread,,720,n/a,sl100,-7.0,193.0,-0.0363,True,optimistic bound: booked -100% of credit_basis at mae_pct threshold,closed
2026-08-28,2026-08-28 13:42:05,T00710,GF-QQQ-IC-Touch0,IC,QQQ,shortcallspread,,720,n/a,sl130,6.0,193.0,0.0311,True,optimistic bound: no SL hit -> actual exit pnl (ledger),closed
2026-08-28,2026-08-28 13:42:05,T00710,GF-QQQ-IC-Touch0,IC,QQQ,shortcallspread,,720,n/a,sl50,-3.5,193.0,-0.0181,True,optimistic bound: booked -50% of credit_basis at mae_pct threshold,closed
2026-08-28,2026-08-28 13:42:05,T00710,GF-QQQ-IC-Touch0,IC,QQQ,shortcallspread,,720,n/a,sl75,-5.25,193.0,-0.0272,True,optimistic bound: booked -75% of credit_basis at mae_pct threshold,closed
2026-08-28,2026-08-28 13:38:11,T00707,GF-QQQ-IC-Trail,IC,QQQ,shortputspread,712,,n/a,actual,1.0,192.0,0.0052,False,"actual exit pnl (ledger, verbatim) - NOT settlement",closed
2026-08-28,2026-08-28 13:38:11,T00707,GF-QQQ-IC-Trail,IC,QQQ,shortputspread,712,,n/a,defang,,192.0,,True,DEFERRED v1 — needs the intraday premium-decay path (mark short leg to ~$0.05) not present in the ledger. TODO: model once tick/1-min option-premium history is available.,closed
2026-08-28,2026-08-28 13:38:11,T00707,GF-QQQ-IC-Trail,IC,QQQ,shortputspread,712,,n/a,pt100,1.0,192.0,0.0052,True,optimistic bound: no PT hit -> actual exit pnl (ledger),closed
2026-08-28,2026-08-28 13:38:11,T00707,GF-QQQ-IC-Trail,IC,QQQ,shortputspread,712,,n/a,pt25,2.0,192.0,0.0104,True,optimistic bound: booked +25% of credit_basis at mfe_pct threshold,closed
2026-08-28,2026-08-28 13:38:11,T00707,GF-QQQ-IC-Trail,IC,QQQ,shortputspread,712,,n/a,pt50,4.0,192.0,0.0208,True,optimistic bound: booked +50% of credit_basis at mfe_pct threshold,closed
2026-08-28,2026-08-28 13:38:11,T00707,GF-QQQ-IC-Trail,IC,QQQ,shortputspread,712,,n/a,settle,,192.0,,True,NOT EVALUABLE — position closed early; what it would have returned held to settlement needs post-exit path data that does not exist. Never modeled.,closed
2026-08-28,2026-08-28 13:38:11,T00707,GF-QQQ-IC-Trail,IC,QQQ,shortputspread,712,,n/a,sl100,1.0,192.0,0.0052,True,optimistic bound: no SL hit -> actual exit pnl (ledger),closed
2026-08-28,2026-08-28 13:38:11,T00707,GF-QQQ-IC-Trail,IC,QQQ,shortputspread,712,,n/a,sl130,1.0,192.0,0.0052,True,optimistic bound: no SL hit -> actual exit pnl (ledger),closed
2026-08-28,2026-08-28 13:38:11,T00707,GF-QQQ-IC-Trail,IC,QQQ,shortputspread,712,,n/a,sl50,-4.0,192.0,-0.0208,True,optimistic bound: booked -50% of credit_basis at mae_pct threshold,closed
2026-08-28,2026-08-28 13:38:11,T00707,GF-QQQ-IC-Trail,IC,QQQ,shortputspread,712,,n/a,sl75,-6.0,192.0,-0.0312,True,optimistic bound: booked -75% of credit_basis at mae_pct threshold,closed
2026-08-28,2026-08-28 13:42:05,T00706,GF-QQQ-IC-Trail,IC,QQQ,shortcallspread,,720,n/a,actual,6.0,193.0,0.0311,False,"actual exit pnl (ledger, verbatim) - NOT settlement",closed
2026-08-28,2026-08-28 13:42:05,T00706,GF-QQQ-IC-Trail,IC,QQQ,shortcallspread,,720,n/a,defang,,193.0,,True,DEFERRED v1 — needs the intraday premium-decay path (mark short leg to ~$0.05) not present in the ledger. TODO: model once tick/1-min option-premium history is available.,closed
2026-08-28,2026-08-28 13:42:05,T00706,GF-QQQ-IC-Trail,IC,QQQ,shortcallspread,,720,n/a,pt100,7.0,193.0,0.0363,True,optimistic bound: booked +100% of credit_basis at mfe_pct threshold,closed
2026-08-28,2026-08-28 13:42:05,T00706,GF-QQQ-IC-Trail,IC,QQQ,shortcallspread,,720,n/a,pt25,1.75,193.0,0.0091,True,optimistic bound: booked +25% of credit_basis at mfe_pct threshold,closed
2026-08-28,2026-08-28 13:42:05,T00706,GF-QQQ-IC-Trail,IC,QQQ,shortcallspread,,720,n/a,pt50,3.5,193.0,0.0181,True,optimistic bound: booked +50% of credit_basis at mfe_pct threshold,closed
2026-08-28,2026-08-28 13:42:05,T00706,GF-QQQ-IC-Trail,IC,QQQ,shortcallspread,,720,n/a,settle,,193.0,,True,NOT EVALUABLE — position closed early; what it would have returned held to settlement needs post-exit path data that does not exist. Never modeled.,closed
2026-08-28,2026-08-28 13:42:05,T00706,GF-QQQ-IC-Trail,IC,QQQ,shortcallspread,,720,n/a,sl100,-7.0,193.0,-0.0363,True,optimistic bound: booked -100% of credit_basis at mae_pct threshold,closed
2026-08-28,2026-08-28 13:42:05,T00706,GF-QQQ-IC-Trail,IC,QQQ,shortcallspread,,720,n/a,sl130,6.0,193.0,0.0311,True,optimistic bound: no SL hit -> actual exit pnl (ledger),closed
2026-08-28,2026-08-28 13:42:05,T00706,GF-QQQ-IC-Trail,IC,QQQ,shortcallspread,,720,n/a,sl50,-3.5,193.0,-0.0181,True,optimistic bound: booked -50% of credit_basis at mae_pct threshold,closed
2026-08-28,2026-08-28 13:42:05,T00706,GF-QQQ-IC-Trail,IC,QQQ,shortcallspread,,720,n/a,sl75,-5.25,193.0,-0.0272,True,optimistic bound: booked -75% of credit_basis at mae_pct threshold,closed
2026-08-28,2026-08-28 11:02:00,T00722,IC-SPX-FastPT25-S2,IC,SPX,shortputspread,7710,,n/a,actual,-50.0,4850.0,-0.0103,False,"actual exit pnl (ledger, verbatim) - NOT settlement",closed
2026-08-28,2026-08-28 11:02:00,T00722,IC-SPX-FastPT25-S2,IC,SPX,shortputspread,7710,,n/a,defang,,4850.0,,True,DEFERRED v1 — needs the intraday premium-decay path (mark short leg to ~$0.05) not present in the ledger. TODO: model once tick/1-min option-premium history is available.,closed
2026-08-28,2026-08-28 11:02:00,T00722,IC-SPX-FastPT25-S2,IC,SPX,shortputspread,7710,,n/a,pt100,-50.0,4850.0,-0.0103,True,optimistic bound: no PT hit -> actual exit pnl (ledger),closed
2026-08-28,2026-08-28 11:02:00,T00722,IC-SPX-FastPT25-S2,IC,SPX,shortputspread,7710,,n/a,pt25,-50.0,4850.0,-0.0103,True,optimistic bound: no PT hit -> actual exit pnl (ledger),closed
2026-08-28,2026-08-28 11:02:00,T00722,IC-SPX-FastPT25-S2,IC,SPX,shortputspread,7710,,n/a,pt50,-50.0,4850.0,-0.0103,True,optimistic bound: no PT hit -> actual exit pnl (ledger),closed
2026-08-28,2026-08-28 11:02:00,T00722,IC-SPX-FastPT25-S2,IC,SPX,shortputspread,7710,,n/a,settle,,4850.0,,True,NOT EVALUABLE — position closed early; what it would have returned held to settlement needs post-exit path data that does not exist. Never modeled.,closed
2026-08-28,2026-08-28 11:02:00,T00722,IC-SPX-FastPT25-S2,IC,SPX,shortputspread,7710,,n/a,sl100,-50.0,4850.0,-0.0103,True,optimistic bound: no SL hit -> actual exit pnl (ledger),closed
2026-08-28,2026-08-28 11:02:00,T00722,IC-SPX-FastPT25-S2,IC,SPX,shortputspread,7710,,n/a,sl130,-50.0,4850.0,-0.0103,True,optimistic bound: no SL hit -> actual exit pnl (ledger),closed
2026-08-28,2026-08-28 11:02:00,T00722,IC-SPX-FastPT25-S2,IC,SPX,shortputspread,7710,,n/a,sl50,-50.0,4850.0,-0.0103,True,optimistic bound: no SL hit -> actual exit pnl (ledger),closed
2026-08-28,2026-08-28 11:02:00,T00722,IC-SPX-FastPT25-S2,IC,SPX,shortputspread,7710,,n/a,sl75,-50.0,4850.0,-0.0103,True,optimistic bound: no SL hit -> actual exit pnl (ledger),closed
2026-08-28,2026-08-28 12:20:46,T00721,IC-SPX-FastPT25-S2,IC,SPX,shortcallspread,,7775,n/a,actual,50.0,4900.0,0.0102,False,"actual exit pnl (ledger, verbatim) - NOT settlement",closed
2026-08-28,2026-08-28 12:20:46,T00721,IC-SPX-FastPT25-S2,IC,SPX,shortcallspread,,7775,n/a,defang,,4900.0,,True,DEFERRED v1 — needs the intraday premium-decay path (mark short leg to ~$0.05) not present in the ledger. TODO: model once tick/1-min option-premium history is available.,closed
2026-08-28,2026-08-28 12:20:46,T00721,IC-SPX-FastPT25-S2,IC,SPX,shortcallspread,,7775,n/a,pt100,50.0,4900.0,0.0102,True,optimistic bound: no PT hit -> actual exit pnl (ledger),closed
2026-08-28,2026-08-28 12:20:46,T00721,IC-SPX-FastPT25-S2,IC,SPX,shortcallspread,,7775,n/a,pt25,25.0,4900.0,0.0051,True,optimistic bound: booked +25% of credit_basis at mfe_pct threshold,closed
2026-08-28,2026-08-28 12:20:46,T00721,IC-SPX-FastPT25-S2,IC,SPX,shortcallspread,,7775,n/a,pt50,50.0,4900.0,0.0102,True,optimistic bound: booked +50% of credit_basis at mfe_pct threshold,closed
2026-08-28,2026-08-28 12:20:46,T00721,IC-SPX-FastPT25-S2,IC,SPX,shortcallspread,,7775,n/a,settle,,4900.0,,True,NOT EVALUABLE — position closed early; what it would have returned held to settlement needs post-exit path data that does not exist. Never modeled.,closed
2026-08-28,2026-08-28 12:20:46,T00721,IC-SPX-FastPT25-S2,IC,SPX,shortcallspread,,7775,n/a,sl100,50.0,4900.0,0.0102,True,optimistic bound: no SL hit -> actual exit pnl (ledger),closed
2026-08-28,2026-08-28 12:20:46,T00721,IC-SPX-FastPT25-S2,IC,SPX,shortcallspread,,7775,n/a,sl130,50.0,4900.0,0.0102,True,optimistic bound: no SL hit -> actual exit pnl (ledger),closed
2026-08-28,2026-08-28 12:20:46,T00721,IC-SPX-FastPT25-S2,IC,SPX,shortcallspread,,7775,n/a,sl50,50.0,4900.0,0.0102,True,optimistic bound: no SL hit -> actual exit pnl (ledger),closed
2026-08-28,2026-08-28 12:20:46,T00721,IC-SPX-FastPT25-S2,IC,SPX,shortcallspread,,7775,n/a,sl75,50.0,4900.0,0.0102,True,optimistic bound: no SL hit -> actual exit pnl (ledger),closed
2026-08-28,2026-08-28 13:38:01,T00704,IC-SPX-FastPT25-S2-130PM,IC,SPX,shortputspread,7680,,n/a,actual,400.0,4600.0,0.087,False,"settlement pnl (ledger, verbatim)",expired
2026-08-28,2026-08-28 13:38:01,T00704,IC-SPX-FastPT25-S2-130PM,IC,SPX,shortputspread,7680,,n/a,defang,,4600.0,,True,DEFERRED v1 — needs the intraday premium-decay path (mark short leg to ~$0.05) not present in the ledger. TODO: model once tick/1-min option-premium history is available.,expired
2026-08-28,2026-08-28 13:38:01,T00704,IC-SPX-FastPT25-S2-130PM,IC,SPX,shortputspread,7680,,n/a,pt100,400.0,4600.0,0.087,True,optimistic bound: booked +100% of credit_basis at mfe_pct threshold,expired
2026-08-28,2026-08-28 13:38:01,T00704,IC-SPX-FastPT25-S2-130PM,IC,SPX,shortputspread,7680,,n/a,pt25,100.0,4600.0,0.0217,True,optimistic bound: booked +25% of credit_basis at mfe_pct threshold,expired
2026-08-28,2026-08-28 13:38:01,T00704,IC-SPX-FastPT25-S2-130PM,IC,SPX,shortputspread,7680,,n/a,pt50,200.0,4600.0,0.0435,True,optimistic bound: booked +50% of credit_basis at mfe_pct threshold,expired
2026-08-28,2026-08-28 13:38:01,T00704,IC-SPX-FastPT25-S2-130PM,IC,SPX,shortputspread,7680,,n/a,sl100,400.0,4600.0,0.087,True,optimistic bound: no SL hit -> rode to settlement,expired
2026-08-28,2026-08-28 13:38:01,T00704,IC-SPX-FastPT25-S2-130PM,IC,SPX,shortputspread,7680,,n/a,sl130,400.0,4600.0,0.087,True,optimistic bound: no SL hit -> rode to settlement,expired
2026-08-28,2026-08-28 13:38:01,T00704,IC-SPX-FastPT25-S2-130PM,IC,SPX,shortputspread,7680,,n/a,sl50,-200.0,4600.0,-0.0435,True,optimistic bound: booked -50% of credit_basis at mae_pct threshold,expired
2026-08-28,2026-08-28 13:38:01,T00704,IC-SPX-FastPT25-S2-130PM,IC,SPX,shortputspread,7680,,n/a,sl75,400.0,4600.0,0.087,True,optimistic bound: no SL hit -> rode to settlement,expired
2026-08-28,2026-08-28 13:39:57,T00704,IC-SPX-FastPT25-S2-130PM,IC,SPX,shortcallspread,,7735,n/a,actual,300.0,4700.0,0.0638,False,"settlement pnl (ledger, verbatim)",expired
2026-08-28,2026-08-28 13:39:57,T00704,IC-SPX-FastPT25-S2-130PM,IC,SPX,shortcallspread,,7735,n/a,defang,,4700.0,,True,DEFERRED v1 — needs the intraday premium-decay path (mark short leg to ~$0.05) not present in the ledger. TODO: model once tick/1-min option-premium history is available.,expired
2026-08-28,2026-08-28 13:39:57,T00704,IC-SPX-FastPT25-S2-130PM,IC,SPX,shortcallspread,,7735,n/a,pt100,300.0,4700.0,0.0638,True,optimistic bound: booked +100% of credit_basis at mfe_pct threshold,expired
2026-08-28,2026-08-28 13:39:57,T00704,IC-SPX-FastPT25-S2-130PM,IC,SPX,shortcallspread,,7735,n/a,pt25,75.0,4700.0,0.016,True,optimistic bound: booked +25% of credit_basis at mfe_pct threshold,expired
2026-08-28,2026-08-28 13:39:57,T00704,IC-SPX-FastPT25-S2-130PM,IC,SPX,shortcallspread,,7735,n/a,pt50,150.0,4700.0,0.0319,True,optimistic bound: booked +50% of credit_basis at mfe_pct threshold,expired
2026-08-28,2026-08-28 13:39:57,T00704,IC-SPX-FastPT25-S2-130PM,IC,SPX,shortcallspread,,7735,n/a,sl100,300.0,4700.0,0.0638,True,optimistic bound: no SL hit -> rode to settlement,expired
2026-08-28,2026-08-28 13:39:57,T00704,IC-SPX-FastPT25-S2-130PM,IC,SPX,shortcallspread,,7735,n/a,sl130,300.0,4700.0,0.0638,True,optimistic bound: no SL hit -> rode to settlement,expired
2026-08-28,2026-08-28 13:39:57,T00704,IC-SPX-FastPT25-S2-130PM,IC,SPX,shortcallspread,,7735,n/a,sl50,-150.0,4700.0,-0.0319,True,optimistic bound: booked -50% of credit_basis at mae_pct threshold,expired
2026-08-28,2026-08-28 13:39:57,T00704,IC-SPX-FastPT25-S2-130PM,IC,SPX,shortcallspread,,7735,n/a,sl75,-225.0,4700.0,-0.0479,True,optimistic bound: booked -75% of credit_basis at mae_pct threshold,expired
2026-08-28,2026-08-28 13:38:01,T00705,IC-SPX-Fortress-Unstopped,IC,SPX,shortputspread,7655,,n/a,actual,100.0,4900.0,0.0204,False,"settlement pnl (ledger, verbatim)",expired
2026-08-28,2026-08-28 13:38:01,T00705,IC-SPX-Fortress-Unstopped,IC,SPX,shortputspread,7655,,n/a,defang,,4900.0,,True,DEFERRED v1 — needs the intraday premium-decay path (mark short leg to ~$0.05) not present in the ledger. TODO: model once tick/1-min option-premium history is available.,expired
2026-08-28,2026-08-28 13:38:01,T00705,IC-SPX-Fortress-Unstopped,IC,SPX,shortputspread,7655,,n/a,pt100,100.0,4900.0,0.0204,True,optimistic bound: booked +100% of credit_basis at mfe_pct threshold,expired
2026-08-28,2026-08-28 13:38:01,T00705,IC-SPX-Fortress-Unstopped,IC,SPX,shortputspread,7655,,n/a,pt25,25.0,4900.0,0.0051,True,optimistic bound: booked +25% of credit_basis at mfe_pct threshold,expired
2026-08-28,2026-08-28 13:38:01,T00705,IC-SPX-Fortress-Unstopped,IC,SPX,shortputspread,7655,,n/a,pt50,50.0,4900.0,0.0102,True,optimistic bound: booked +50% of credit_basis at mfe_pct threshold,expired
2026-08-28,2026-08-28 13:38:01,T00705,IC-SPX-Fortress-Unstopped,IC,SPX,shortputspread,7655,,n/a,sl100,100.0,4900.0,0.0204,True,optimistic bound: no SL hit -> rode to settlement,expired
2026-08-28,2026-08-28 13:38:01,T00705,IC-SPX-Fortress-Unstopped,IC,SPX,shortputspread,7655,,n/a,sl130,100.0,4900.0,0.0204,True,optimistic bound: no SL hit -> rode to settlement,expired
2026-08-28,2026-08-28 13:38:01,T00705,IC-SPX-Fortress-Unstopped,IC,SPX,shortputspread,7655,,n/a,sl50,-50.0,4900.0,-0.0102,True,optimistic bound: booked -50% of credit_basis at mae_pct threshold,expired
2026-08-28,2026-08-28 13:38:01,T00705,IC-SPX-Fortress-Unstopped,IC,SPX,shortputspread,7655,,n/a,sl75,100.0,4900.0,0.0204,True,optimistic bound: no SL hit -> rode to settlement,expired
2026-08-28,2026-08-28 09:45:25,T00687,Nigiri-Paper-v1,OA-Mirror,,shortputspread,746,,n/a,actual,50.0,4900.0,0.0102,False,"actual exit pnl (ledger, verbatim) - NOT settlement",closed
2026-08-28,2026-08-28 09:45:25,T00687,Nigiri-Paper-v1,OA-Mirror,,shortputspread,746,,n/a,defang,,4900.0,,True,DEFERRED v1 — needs the intraday premium-decay path (mark short leg to ~$0.05) not present in the ledger. TODO: model once tick/1-min option-premium history is available.,closed
2026-08-28,2026-08-28 09:45:25,T00687,Nigiri-Paper-v1,OA-Mirror,,shortputspread,746,,n/a,pt100,50.0,4900.0,0.0102,True,optimistic bound: no PT hit -> actual exit pnl (ledger),closed
2026-08-28,2026-08-28 09:45:25,T00687,Nigiri-Paper-v1,OA-Mirror,,shortputspread,746,,n/a,pt25,25.0,4900.0,0.0051,True,optimistic bound: booked +25% of credit_basis at mfe_pct threshold,closed
2026-08-28,2026-08-28 09:45:25,T00687,Nigiri-Paper-v1,OA-Mirror,,shortputspread,746,,n/a,pt50,50.0,4900.0,0.0102,True,optimistic bound: booked +50% of credit_basis at mfe_pct threshold,closed
2026-08-28,2026-08-28 09:45:25,T00687,Nigiri-Paper-v1,OA-Mirror,,shortputspread,746,,n/a,settle,,4900.0,,True,NOT EVALUABLE — position closed early; what it would have returned held to settlement needs post-exit path data that does not exist. Never modeled.,closed
2026-08-28,2026-08-28 09:45:25,T00687,Nigiri-Paper-v1,OA-Mirror,,shortputspread,746,,n/a,sl100,-100.0,4900.0,-0.0204,True,optimistic bound: booked -100% of credit_basis at mae_pct threshold,closed
2026-08-28,2026-08-28 09:45:25,T00687,Nigiri-Paper-v1,OA-Mirror,,shortputspread,746,,n/a,sl130,-130.0,4900.0,-0.0265,True,optimistic bound: booked -130% of credit_basis at mae_pct threshold,closed
2026-08-28,2026-08-28 09:45:25,T00687,Nigiri-Paper-v1,OA-Mirror,,shortputspread,746,,n/a,sl50,-50.0,4900.0,-0.0102,True,optimistic bound: booked -50% of credit_basis at mae_pct threshold,closed
2026-08-28,2026-08-28 09:45:25,T00687,Nigiri-Paper-v1,OA-Mirror,,shortputspread,746,,n/a,sl75,-75.0,4900.0,-0.0153,True,optimistic bound: booked -75% of credit_basis at mae_pct threshold,closed
2026-08-31,2026-08-31 13:39:12,T00703,GF-QQQ-IC-Canary,IC,QQQ,shortputspread,712,,Chop,actual,2.0,193.0,0.0104,False,"actual exit pnl (ledger, verbatim) - NOT settlement",closed
2026-08-31,2026-08-31 13:39:12,T00703,GF-QQQ-IC-Canary,IC,QQQ,shortputspread,712,,Chop,defang,,193.0,,True,DEFERRED v1 — needs the intraday premium-decay path (mark short leg to ~$0.05) not present in the ledger. TODO: model once tick/1-min option-premium history is available.,closed
2026-08-31,2026-08-31 13:39:12,T00703,GF-QQQ-IC-Canary,IC,QQQ,shortputspread,712,,Chop,pt100,2.0,193.0,0.0104,True,optimistic bound: no PT hit -> actual exit pnl (ledger),closed
2026-08-31,2026-08-31 13:39:12,T00703,GF-QQQ-IC-Canary,IC,QQQ,shortputspread,712,,Chop,pt25,1.75,193.0,0.0091,True,optimistic bound: booked +25% of credit_basis at mfe_pct threshold,closed
2026-08-31,2026-08-31 13:39:12,T00703,GF-QQQ-IC-Canary,IC,QQQ,shortputspread,712,,Chop,pt50,2.0,193.0,0.0104,True,optimistic bound: no PT hit -> actual exit pnl (ledger),closed
2026-08-31,2026-08-31 13:39:12,T00703,GF-QQQ-IC-Canary,IC,QQQ,shortputspread,712,,Chop,s2,2.0,193.0,0.0104,True,"strike-touch cut, 5-min tape grain (not sub-second latch); cut priced at the leg's own worst-excursion (mae_pct) extreme; touch window bounded at actual close",closed
2026-08-31,2026-08-31 13:39:12,T00703,GF-QQQ-IC-Canary,IC,QQQ,shortputspread,712,,Chop,settle,,193.0,,True,NOT EVALUABLE — position closed early; what it would have returned held to settlement needs post-exit path data that does not exist. Never modeled.,closed
2026-08-31,2026-08-31 13:39:12,T00703,GF-QQQ-IC-Canary,IC,QQQ,shortputspread,712,,Chop,sl100,2.0,193.0,0.0104,True,optimistic bound: no SL hit -> actual exit pnl (ledger),closed
2026-08-31,2026-08-31 13:39:12,T00703,GF-QQQ-IC-Canary,IC,QQQ,shortputspread,712,,Chop,sl130,2.0,193.0,0.0104,True,optimistic bound: no SL hit -> actual exit pnl (ledger),closed
2026-08-31,2026-08-31 13:39:12,T00703,GF-QQQ-IC-Canary,IC,QQQ,shortputspread,712,,Chop,sl50,2.0,193.0,0.0104,True,optimistic bound: no SL hit -> actual exit pnl (ledger),closed
2026-08-31,2026-08-31 13:39:12,T00703,GF-QQQ-IC-Canary,IC,QQQ,shortputspread,712,,Chop,sl75,2.0,193.0,0.0104,True,optimistic bound: no SL hit -> actual exit pnl (ledger),closed
2026-08-31,2026-08-31 13:42:12,T00703,GF-QQQ-IC-Canary,IC,QQQ,shortcallspread,,717,Chop,actual,3.0,191.0,0.0157,False,"actual exit pnl (ledger, verbatim) - NOT settlement",closed
2026-08-31,2026-08-31 13:42:12,T00703,GF-QQQ-IC-Canary,IC,QQQ,shortcallspread,,717,Chop,defang,,191.0,,True,DEFERRED v1 — needs the intraday premium-decay path (mark short leg to ~$0.05) not present in the ledger. TODO: model once tick/1-min option-premium history is available.,closed
2026-08-31,2026-08-31 13:42:12,T00703,GF-QQQ-IC-Canary,IC,QQQ,shortcallspread,,717,Chop,pt100,3.0,191.0,0.0157,True,optimistic bound: no PT hit -> actual exit pnl (ledger),closed
2026-08-31,2026-08-31 13:42:12,T00703,GF-QQQ-IC-Canary,IC,QQQ,shortcallspread,,717,Chop,pt25,2.25,191.0,0.0118,True,optimistic bound: booked +25% of credit_basis at mfe_pct threshold,closed
2026-08-31,2026-08-31 13:42:12,T00703,GF-QQQ-IC-Canary,IC,QQQ,shortcallspread,,717,Chop,pt50,3.0,191.0,0.0157,True,optimistic bound: no PT hit -> actual exit pnl (ledger),closed
2026-08-31,2026-08-31 13:42:12,T00703,GF-QQQ-IC-Canary,IC,QQQ,shortcallspread,,717,Chop,s2,3.0,191.0,0.0157,True,"strike-touch cut, 5-min tape grain (not sub-second latch); cut priced at the leg's own worst-excursion (mae_pct) extreme; touch window bounded at actual close",closed
2026-08-31,2026-08-31 13:42:12,T00703,GF-QQQ-IC-Canary,IC,QQQ,shortcallspread,,717,Chop,settle,,191.0,,True,NOT EVALUABLE — position closed early; what it would have returned held to settlement needs post-exit path data that does not exist. Never modeled.,closed
2026-08-31,2026-08-31 13:42:12,T00703,GF-QQQ-IC-Canary,IC,QQQ,shortcallspread,,717,Chop,sl100,-9.0,191.0,-0.0471,True,optimistic bound: booked -100% of credit_basis at mae_pct threshold,closed
2026-08-31,2026-08-31 13:42:12,T00703,GF-QQQ-IC-Canary,IC,QQQ,shortcallspread,,717,Chop,sl130,3.0,191.0,0.0157,True,optimistic bound: no SL hit -> actual exit pnl (ledger),closed
2026-08-31,2026-08-31 13:42:12,T00703,GF-QQQ-IC-Canary,IC,QQQ,shortcallspread,,717,Chop,sl50,-4.5,191.0,-0.0236,True,optimistic bound: booked -50% of credit_basis at mae_pct threshold,closed
2026-08-31,2026-08-31 13:42:12,T00703,GF-QQQ-IC-Canary,IC,QQQ,shortcallspread,,717,Chop,sl75,-6.75,191.0,-0.0353,True,optimistic bound: booked -75% of credit_basis at mae_pct threshold,closed
2026-08-31,2026-08-31 13:39:12,T00702,GF-QQQ-IC-PT50,IC,QQQ,shortputspread,712,,Chop,actual,4.0,193.0,0.0207,False,"actual exit pnl (ledger, verbatim) - NOT settlement",closed
2026-08-31,2026-08-31 13:39:12,T00702,GF-QQQ-IC-PT50,IC,QQQ,shortputspread,712,,Chop,defang,,193.0,,True,DEFERRED v1 — needs the intraday premium-decay path (mark short leg to ~$0.05) not present in the ledger. TODO: model once tick/1-min option-premium history is available.,closed
2026-08-31,2026-08-31 13:39:12,T00702,GF-QQQ-IC-PT50,IC,QQQ,shortputspread,712,,Chop,pt100,4.0,193.0,0.0207,True,optimistic bound: no PT hit -> actual exit pnl (ledger),closed
2026-08-31,2026-08-31 13:39:12,T00702,GF-QQQ-IC-PT50,IC,QQQ,shortputspread,712,,Chop,pt25,1.75,193.0,0.0091,True,optimistic bound: booked +25% of credit_basis at mfe_pct threshold,closed
2026-08-31,2026-08-31 13:39:12,T00702,GF-QQQ-IC-PT50,IC,QQQ,shortputspread,712,,Chop,pt50,3.5,193.0,0.0181,True,optimistic bound: booked +50% of credit_basis at mfe_pct threshold,closed
2026-08-31,2026-08-31 13:39:12,T00702,GF-QQQ-IC-PT50,IC,QQQ,shortputspread,712,,Chop,s2,4.0,193.0,0.0207,True,"strike-touch cut, 5-min tape grain (not sub-second latch); cut priced at the leg's own worst-excursion (mae_pct) extreme; touch window bounded at actual close",closed
2026-08-31,2026-08-31 13:39:12,T00702,GF-QQQ-IC-PT50,IC,QQQ,shortputspread,712,,Chop,settle,,193.0,,True,NOT EVALUABLE — position closed early; what it would have returned held to settlement needs post-exit path data that does not exist. Never modeled.,closed
2026-08-31,2026-08-31 13:39:12,T00702,GF-QQQ-IC-PT50,IC,QQQ,shortputspread,712,,Chop,sl100,4.0,193.0,0.0207,True,optimistic bound: no SL hit -> actual exit pnl (ledger),closed
2026-08-31,2026-08-31 13:39:12,T00702,GF-QQQ-IC-PT50,IC,QQQ,shortputspread,712,,Chop,sl130,4.0,193.0,0.0207,True,optimistic bound: no SL hit -> actual exit pnl (ledger),closed
2026-08-31,2026-08-31 13:39:12,T00702,GF-QQQ-IC-PT50,IC,QQQ,shortputspread,712,,Chop,sl50,4.0,193.0,0.0207,True,optimistic bound: no SL hit -> actual exit pnl (ledger),closed
2026-08-31,2026-08-31 13:39:12,T00702,GF-QQQ-IC-PT50,IC,QQQ,shortputspread,712,,Chop,sl75,4.0,193.0,0.0207,True,optimistic bound: no SL hit -> actual exit pnl (ledger),closed
2026-08-31,2026-08-31 13:42:12,T00702,GF-QQQ-IC-PT50,IC,QQQ,shortcallspread,,717,Chop,actual,5.0,191.0,0.0262,False,"actual exit pnl (ledger, verbatim) - NOT settlement",closed
2026-08-31,2026-08-31 13:42:12,T00702,GF-QQQ-IC-PT50,IC,QQQ,shortcallspread,,717,Chop,defang,,191.0,,True,DEFERRED v1 — needs the intraday premium-decay path (mark short leg to ~$0.05) not present in the ledger. TODO: model once tick/1-min option-premium history is available.,closed
2026-08-31,2026-08-31 13:42:12,T00702,GF-QQQ-IC-PT50,IC,QQQ,shortcallspread,,717,Chop,pt100,5.0,191.0,0.0262,True,optimistic bound: no PT hit -> actual exit pnl (ledger),closed
2026-08-31,2026-08-31 13:42:12,T00702,GF-QQQ-IC-PT50,IC,QQQ,shortcallspread,,717,Chop,pt25,2.25,191.0,0.0118,True,optimistic bound: booked +25% of credit_basis at mfe_pct threshold,closed
2026-08-31,2026-08-31 13:42:12,T00702,GF-QQQ-IC-PT50,IC,QQQ,shortcallspread,,717,Chop,pt50,4.5,191.0,0.0236,True,optimistic bound: booked +50% of credit_basis at mfe_pct threshold,closed
2026-08-31,2026-08-31 13:42:12,T00702,GF-QQQ-IC-PT50,IC,QQQ,shortcallspread,,717,Chop,s2,5.0,191.0,0.0262,True,"strike-touch cut, 5-min tape grain (not sub-second latch); cut priced at the leg's own worst-excursion (mae_pct) extreme; touch window bounded at actual close",closed
2026-08-31,2026-08-31 13:42:12,T00702,GF-QQQ-IC-PT50,IC,QQQ,shortcallspread,,717,Chop,settle,,191.0,,True,NOT EVALUABLE — position closed early; what it would have returned held to settlement needs post-exit path data that does not exist. Never modeled.,closed
2026-08-31,2026-08-31 13:42:12,T00702,GF-QQQ-IC-PT50,IC,QQQ,shortcallspread,,717,Chop,sl100,-9.0,191.0,-0.0471,True,optimistic bound: booked -100% of credit_basis at mae_pct threshold,closed
2026-08-31,2026-08-31 13:42:12,T00702,GF-QQQ-IC-PT50,IC,QQQ,shortcallspread,,717,Chop,sl130,5.0,191.0,0.0262,True,optimistic bound: no SL hit -> actual exit pnl (ledger),closed
2026-08-31,2026-08-31 13:42:12,T00702,GF-QQQ-IC-PT50,IC,QQQ,shortcallspread,,717,Chop,sl50,-4.5,191.0,-0.0236,True,optimistic bound: booked -50% of credit_basis at mae_pct threshold,closed
2026-08-31,2026-08-31 13:42:12,T00702,GF-QQQ-IC-PT50,IC,QQQ,shortcallspread,,717,Chop,sl75,-6.75,191.0,-0.0353,True,optimistic bound: booked -75% of credit_basis at mae_pct threshold,closed
2026-08-31,2026-08-31 13:39:12,T00696,GF-QQQ-IC-Ride,IC,QQQ,shortputspread,712,,Chop,actual,6.0,193.0,0.0311,False,"actual exit pnl (ledger, verbatim) - NOT settlement",closed
2026-08-31,2026-08-31 13:39:12,T00696,GF-QQQ-IC-Ride,IC,QQQ,shortputspread,712,,Chop,defang,,193.0,,True,DEFERRED v1 — needs the intraday premium-decay path (mark short leg to ~$0.05) not present in the ledger. TODO: model once tick/1-min option-premium history is available.,closed
2026-08-31,2026-08-31 13:39:12,T00696,GF-QQQ-IC-Ride,IC,QQQ,shortputspread,712,,Chop,pt100,7.0,193.0,0.0363,True,optimistic bound: booked +100% of credit_basis at mfe_pct threshold,closed
2026-08-31,2026-08-31 13:39:12,T00696,GF-QQQ-IC-Ride,IC,QQQ,shortputspread,712,,Chop,pt25,1.75,193.0,0.0091,True,optimistic bound: booked +25% of credit_basis at mfe_pct threshold,closed
2026-08-31,2026-08-31 13:39:12,T00696,GF-QQQ-IC-Ride,IC,QQQ,shortputspread,712,,Chop,pt50,3.5,193.0,0.0181,True,optimistic bound: booked +50% of credit_basis at mfe_pct threshold,closed
2026-08-31,2026-08-31 13:39:12,T00696,GF-QQQ-IC-Ride,IC,QQQ,shortputspread,712,,Chop,s2,6.0,193.0,0.0311,True,"strike-touch cut, 5-min tape grain (not sub-second latch); cut priced at the leg's own worst-excursion (mae_pct) extreme; touch window bounded at actual close",closed
2026-08-31,2026-08-31 13:39:12,T00696,GF-QQQ-IC-Ride,IC,QQQ,shortputspread,712,,Chop,settle,,193.0,,True,NOT EVALUABLE — position closed early; what it would have returned held to settlement needs post-exit path data that does not exist. Never modeled.,closed
2026-08-31,2026-08-31 13:39:12,T00696,GF-QQQ-IC-Ride,IC,QQQ,shortputspread,712,,Chop,sl100,6.0,193.0,0.0311,True,optimistic bound: no SL hit -> actual exit pnl (ledger),closed
2026-08-31,2026-08-31 13:39:12,T00696,GF-QQQ-IC-Ride,IC,QQQ,shortputspread,712,,Chop,sl130,6.0,193.0,0.0311,True,optimistic bound: no SL hit -> actual exit pnl (ledger),closed
2026-08-31,2026-08-31 13:39:12,T00696,GF-QQQ-IC-Ride,IC,QQQ,shortputspread,712,,Chop,sl50,-3.5,193.0,-0.0181,True,optimistic bound: booked -50% of credit_basis at mae_pct threshold,closed
2026-08-31,2026-08-31 13:39:12,T00696,GF-QQQ-IC-Ride,IC,QQQ,shortputspread,712,,Chop,sl75,-5.25,193.0,-0.0272,True,optimistic bound: booked -75% of credit_basis at mae_pct threshold,closed
2026-08-31,2026-08-31 13:42:12,T00696,GF-QQQ-IC-Ride,IC,QQQ,shortcallspread,,717,Chop,actual,0.0,191.0,0.0,False,"actual exit pnl (ledger, verbatim) - NOT settlement",closed
2026-08-31,2026-08-31 13:42:12,T00696,GF-QQQ-IC-Ride,IC,QQQ,shortcallspread,,717,Chop,defang,,191.0,,True,DEFERRED v1 — needs the intraday premium-decay path (mark short leg to ~$0.05) not present in the ledger. TODO: model once tick/1-min option-premium history is available.,closed
2026-08-31,2026-08-31 13:42:12,T00696,GF-QQQ-IC-Ride,IC,QQQ,shortcallspread,,717,Chop,pt100,0.0,191.0,0.0,True,optimistic bound: no PT hit -> actual exit pnl (ledger),closed
2026-08-31,2026-08-31 13:42:12,T00696,GF-QQQ-IC-Ride,IC,QQQ,shortcallspread,,717,Chop,pt25,2.25,191.0,0.0118,True,optimistic bound: booked +25% of credit_basis at mfe_pct threshold,closed
2026-08-31,2026-08-31 13:42:12,T00696,GF-QQQ-IC-Ride,IC,QQQ,shortcallspread,,717,Chop,pt50,4.5,191.0,0.0236,True,optimistic bound: booked +50% of credit_basis at mfe_pct threshold,closed
2026-08-31,2026-08-31 13:42:12,T00696,GF-QQQ-IC-Ride,IC,QQQ,shortcallspread,,717,Chop,s2,-11.0,191.0,-0.0576,True,"strike-touch cut, 5-min tape grain (not sub-second latch); cut priced at the leg's own worst-excursion (mae_pct) extreme; touch window bounded at actual close",closed
2026-08-31,2026-08-31 13:42:12,T00696,GF-QQQ-IC-Ride,IC,QQQ,shortcallspread,,717,Chop,settle,,191.0,,True,NOT EVALUABLE — position closed early; what it would have returned held to settlement needs post-exit path data that does not exist. Never modeled.,closed
2026-08-31,2026-08-31 13:42:12,T00696,GF-QQQ-IC-Ride,IC,QQQ,shortcallspread,,717,Chop,sl100,-9.0,191.0,-0.0471,True,optimistic bound: booked -100% of credit_basis at mae_pct threshold,closed
2026-08-31,2026-08-31 13:42:12,T00696,GF-QQQ-IC-Ride,IC,QQQ,shortcallspread,,717,Chop,sl130,0.0,191.0,0.0,True,optimistic bound: no SL hit -> actual exit pnl (ledger),closed
2026-08-31,2026-08-31 13:42:12,T00696,GF-QQQ-IC-Ride,IC,QQQ,shortcallspread,,717,Chop,sl50,-4.5,191.0,-0.0236,True,optimistic bound: booked -50% of credit_basis at mae_pct threshold,closed
2026-08-31,2026-08-31 13:42:12,T00696,GF-QQQ-IC-Ride,IC,QQQ,shortcallspread,,717,Chop,sl75,-6.75,191.0,-0.0353,True,optimistic bound: booked -75% of credit_basis at mae_pct threshold,closed
2026-08-31,2026-08-31 13:39:12,T00698,GF-QQQ-IC-Ride-Delta,IC,QQQ,shortputspread,712,,Chop,actual,6.0,193.0,0.0311,False,"actual exit pnl (ledger, verbatim) - NOT settlement",closed
2026-08-31,2026-08-31 13:39:12,T00698,GF-QQQ-IC-Ride-Delta,IC,QQQ,shortputspread,712,,Chop,defang,,193.0,,True,DEFERRED v1 — needs the intraday premium-decay path (mark short leg to ~$0.05) not present in the ledger. TODO: model once tick/1-min option-premium history is available.,closed
2026-08-31,2026-08-31 13:39:12,T00698,GF-QQQ-IC-Ride-Delta,IC,QQQ,shortputspread,712,,Chop,pt100,7.0,193.0,0.0363,True,optimistic bound: booked +100% of credit_basis at mfe_pct threshold,closed
2026-08-31,2026-08-31 13:39:12,T00698,GF-QQQ-IC-Ride-Delta,IC,QQQ,shortputspread,712,,Chop,pt25,1.75,193.0,0.0091,True,optimistic bound: booked +25% of credit_basis at mfe_pct threshold,closed
2026-08-31,2026-08-31 13:39:12,T00698,GF-QQQ-IC-Ride-Delta,IC,QQQ,shortputspread,712,,Chop,pt50,3.5,193.0,0.0181,True,optimistic bound: booked +50% of credit_basis at mfe_pct threshold,closed
2026-08-31,2026-08-31 13:39:12,T00698,GF-QQQ-IC-Ride-Delta,IC,QQQ,shortputspread,712,,Chop,s2,6.0,193.0,0.0311,True,"strike-touch cut, 5-min tape grain (not sub-second latch); cut priced at the leg's own worst-excursion (mae_pct) extreme; touch window bounded at actual close",closed
2026-08-31,2026-08-31 13:39:12,T00698,GF-QQQ-IC-Ride-Delta,IC,QQQ,shortputspread,712,,Chop,settle,,193.0,,True,NOT EVALUABLE — position closed early; what it would have returned held to settlement needs post-exit path data that does not exist. Never modeled.,closed
2026-08-31,2026-08-31 13:39:12,T00698,GF-QQQ-IC-Ride-Delta,IC,QQQ,shortputspread,712,,Chop,sl100,6.0,193.0,0.0311,True,optimistic bound: no SL hit -> actual exit pnl (ledger),closed
2026-08-31,2026-08-31 13:39:12,T00698,GF-QQQ-IC-Ride-Delta,IC,QQQ,shortputspread,712,,Chop,sl130,6.0,193.0,0.0311,True,optimistic bound: no SL hit -> actual exit pnl (ledger),closed
2026-08-31,2026-08-31 13:39:12,T00698,GF-QQQ-IC-Ride-Delta,IC,QQQ,shortputspread,712,,Chop,sl50,-3.5,193.0,-0.0181,True,optimistic bound: booked -50% of credit_basis at mae_pct threshold,closed
2026-08-31,2026-08-31 13:39:12,T00698,GF-QQQ-IC-Ride-Delta,IC,QQQ,shortputspread,712,,Chop,sl75,-5.25,193.0,-0.0272,True,optimistic bound: booked -75% of credit_basis at mae_pct threshold,closed
2026-08-31,2026-08-31 13:39:14,T00697,GF-QQQ-IC-Ride-Delta,IC,QQQ,shortputspread,712,,Chop,actual,6.0,193.0,0.0311,False,"actual exit pnl (ledger, verbatim) - NOT settlement",closed
2026-08-31,2026-08-31 13:39:14,T00697,GF-QQQ-IC-Ride-Delta,IC,QQQ,shortputspread,712,,Chop,defang,,193.0,,True,DEFERRED v1 — needs the intraday premium-decay path (mark short leg to ~$0.05) not present in the ledger. TODO: model once tick/1-min option-premium history is available.,closed
2026-08-31,2026-08-31 13:39:14,T00697,GF-QQQ-IC-Ride-Delta,IC,QQQ,shortputspread,712,,Chop,pt100,7.0,193.0,0.0363,True,optimistic bound: booked +100% of credit_basis at mfe_pct threshold,closed
2026-08-31,2026-08-31 13:39:14,T00697,GF-QQQ-IC-Ride-Delta,IC,QQQ,shortputspread,712,,Chop,pt25,1.75,193.0,0.0091,True,optimistic bound: booked +25% of credit_basis at mfe_pct threshold,closed
2026-08-31,2026-08-31 13:39:14,T00697,GF-QQQ-IC-Ride-Delta,IC,QQQ,shortputspread,712,,Chop,pt50,3.5,193.0,0.0181,True,optimistic bound: booked +50% of credit_basis at mfe_pct threshold,closed
2026-08-31,2026-08-31 13:39:14,T00697,GF-QQQ-IC-Ride-Delta,IC,QQQ,shortputspread,712,,Chop,s2,6.0,193.0,0.0311,True,"strike-touch cut, 5-min tape grain (not sub-second latch); cut priced at the leg's own worst-excursion (mae_pct) extreme; touch window bounded at actual close",closed
2026-08-31,2026-08-31 13:39:14,T00697,GF-QQQ-IC-Ride-Delta,IC,QQQ,shortputspread,712,,Chop,settle,,193.0,,True,NOT EVALUABLE — position closed early; what it would have returned held to settlement needs post-exit path data that does not exist. Never modeled.,closed
2026-08-31,2026-08-31 13:39:14,T00697,GF-QQQ-IC-Ride-Delta,IC,QQQ,shortputspread,712,,Chop,sl100,6.0,193.0,0.0311,True,optimistic bound: no SL hit -> actual exit pnl (ledger),closed
2026-08-31,2026-08-31 13:39:14,T00697,GF-QQQ-IC-Ride-Delta,IC,QQQ,shortputspread,712,,Chop,sl130,6.0,193.0,0.0311,True,optimistic bound: no SL hit -> actual exit pnl (ledger),closed
2026-08-31,2026-08-31 13:39:14,T00697,GF-QQQ-IC-Ride-Delta,IC,QQQ,shortputspread,712,,Chop,sl50,-3.5,193.0,-0.0181,True,optimistic bound: booked -50% of credit_basis at mae_pct threshold,closed
2026-08-31,2026-08-31 13:39:14,T00697,GF-QQQ-IC-Ride-Delta,IC,QQQ,shortputspread,712,,Chop,sl75,-5.25,193.0,-0.0272,True,optimistic bound: booked -75% of credit_basis at mae_pct threshold,closed
2026-08-31,2026-08-31 13:39:12,T00700,GF-QQQ-IC-SL100,IC,QQQ,shortputspread,712,,Chop,actual,6.0,193.0,0.0311,False,"actual exit pnl (ledger, verbatim) - NOT settlement",closed
2026-08-31,2026-08-31 13:39:12,T00700,GF-QQQ-IC-SL100,IC,QQQ,shortputspread,712,,Chop,defang,,193.0,,True,DEFERRED v1 — needs the intraday premium-decay path (mark short leg to ~$0.05) not present in the ledger. TODO: model once tick/1-min option-premium history is available.,closed
2026-08-31,2026-08-31 13:39:12,T00700,GF-QQQ-IC-SL100,IC,QQQ,shortputspread,712,,Chop,pt100,7.0,193.0,0.0363,True,optimistic bound: booked +100% of credit_basis at mfe_pct threshold,closed
2026-08-31,2026-08-31 13:39:12,T00700,GF-QQQ-IC-SL100,IC,QQQ,shortputspread,712,,Chop,pt25,1.75,193.0,0.0091,True,optimistic bound: booked +25% of credit_basis at mfe_pct threshold,closed
2026-08-31,2026-08-31 13:39:12,T00700,GF-QQQ-IC-SL100,IC,QQQ,shortputspread,712,,Chop,pt50,3.5,193.0,0.0181,True,optimistic bound: booked +50% of credit_basis at mfe_pct threshold,closed
2026-08-31,2026-08-31 13:39:12,T00700,GF-QQQ-IC-SL100,IC,QQQ,shortputspread,712,,Chop,s2,6.0,193.0,0.0311,True,"strike-touch cut, 5-min tape grain (not sub-second latch); cut priced at the leg's own worst-excursion (mae_pct) extreme; touch window bounded at actual close",closed
2026-08-31,2026-08-31 13:39:12,T00700,GF-QQQ-IC-SL100,IC,QQQ,shortputspread,712,,Chop,settle,,193.0,,True,NOT EVALUABLE — position closed early; what it would have returned held to settlement needs post-exit path data that does not exist. Never modeled.,closed
2026-08-31,2026-08-31 13:39:12,T00700,GF-QQQ-IC-SL100,IC,QQQ,shortputspread,712,,Chop,sl100,6.0,193.0,0.0311,True,optimistic bound: no SL hit -> actual exit pnl (ledger),closed
2026-08-31,2026-08-31 13:39:12,T00700,GF-QQQ-IC-SL100,IC,QQQ,shortputspread,712,,Chop,sl130,6.0,193.0,0.0311,True,optimistic bound: no SL hit -> actual exit pnl (ledger),closed
2026-08-31,2026-08-31 13:39:12,T00700,GF-QQQ-IC-SL100,IC,QQQ,shortputspread,712,,Chop,sl50,-3.5,193.0,-0.0181,True,optimistic bound: booked -50% of credit_basis at mae_pct threshold,closed
2026-08-31,2026-08-31 13:39:12,T00700,GF-QQQ-IC-SL100,IC,QQQ,shortputspread,712,,Chop,sl75,-5.25,193.0,-0.0272,True,optimistic bound: booked -75% of credit_basis at mae_pct threshold,closed
2026-08-31,2026-08-31 13:42:12,T00700,GF-QQQ-IC-SL100,IC,QQQ,shortcallspread,,717,Chop,actual,-11.0,191.0,-0.0576,False,"actual exit pnl (ledger, verbatim) - NOT settlement",closed
2026-08-31,2026-08-31 13:42:12,T00700,GF-QQQ-IC-SL100,IC,QQQ,shortcallspread,,717,Chop,defang,,191.0,,True,DEFERRED v1 — needs the intraday premium-decay path (mark short leg to ~$0.05) not present in the ledger. TODO: model once tick/1-min option-premium history is available.,closed
2026-08-31,2026-08-31 13:42:12,T00700,GF-QQQ-IC-SL100,IC,QQQ,shortcallspread,,717,Chop,pt100,-11.0,191.0,-0.0576,True,optimistic bound: no PT hit -> actual exit pnl (ledger),closed
2026-08-31,2026-08-31 13:42:12,T00700,GF-QQQ-IC-SL100,IC,QQQ,shortcallspread,,717,Chop,pt25,-11.0,191.0,-0.0576,True,optimistic bound: no PT hit -> actual exit pnl (ledger),closed
2026-08-31,2026-08-31 13:42:12,T00700,GF-QQQ-IC-SL100,IC,QQQ,shortcallspread,,717,Chop,pt50,-11.0,191.0,-0.0576,True,optimistic bound: no PT hit -> actual exit pnl (ledger),closed
2026-08-31,2026-08-31 13:42:12,T00700,GF-QQQ-IC-SL100,IC,QQQ,shortcallspread,,717,Chop,s2,-11.0,191.0,-0.0576,True,"strike-touch cut, 5-min tape grain (not sub-second latch); cut priced at the leg's own worst-excursion (mae_pct) extreme; touch window bounded at actual close",closed
2026-08-31,2026-08-31 13:42:12,T00700,GF-QQQ-IC-SL100,IC,QQQ,shortcallspread,,717,Chop,settle,,191.0,,True,NOT EVALUABLE — position closed early; what it would have returned held to settlement needs post-exit path data that does not exist. Never modeled.,closed
2026-08-31,2026-08-31 13:42:12,T00700,GF-QQQ-IC-SL100,IC,QQQ,shortcallspread,,717,Chop,sl100,-9.0,191.0,-0.0471,True,optimistic bound: booked -100% of credit_basis at mae_pct threshold,closed
2026-08-31,2026-08-31 13:42:12,T00700,GF-QQQ-IC-SL100,IC,QQQ,shortcallspread,,717,Chop,sl130,-11.0,191.0,-0.0576,True,optimistic bound: no SL hit -> actual exit pnl (ledger),closed
2026-08-31,2026-08-31 13:42:12,T00700,GF-QQQ-IC-SL100,IC,QQQ,shortcallspread,,717,Chop,sl50,-4.5,191.0,-0.0236,True,optimistic bound: booked -50% of credit_basis at mae_pct threshold,closed
2026-08-31,2026-08-31 13:42:12,T00700,GF-QQQ-IC-SL100,IC,QQQ,shortcallspread,,717,Chop,sl75,-6.75,191.0,-0.0353,True,optimistic bound: booked -75% of credit_basis at mae_pct threshold,closed
2026-08-31,2026-08-31 13:39:12,T00695,GF-QQQ-IC-SL200,IC,QQQ,shortputspread,712,,Chop,actual,6.0,193.0,0.0311,False,"actual exit pnl (ledger, verbatim) - NOT settlement",closed
2026-08-31,2026-08-31 13:39:12,T00695,GF-QQQ-IC-SL200,IC,QQQ,shortputspread,712,,Chop,defang,,193.0,,True,DEFERRED v1 — needs the intraday premium-decay path (mark short leg to ~$0.05) not present in the ledger. TODO: model once tick/1-min option-premium history is available.,closed
2026-08-31,2026-08-31 13:39:12,T00695,GF-QQQ-IC-SL200,IC,QQQ,shortputspread,712,,Chop,pt100,7.0,193.0,0.0363,True,optimistic bound: booked +100% of credit_basis at mfe_pct threshold,closed
2026-08-31,2026-08-31 13:39:12,T00695,GF-QQQ-IC-SL200,IC,QQQ,shortputspread,712,,Chop,pt25,1.75,193.0,0.0091,True,optimistic bound: booked +25% of credit_basis at mfe_pct threshold,closed
2026-08-31,2026-08-31 13:39:12,T00695,GF-QQQ-IC-SL200,IC,QQQ,shortputspread,712,,Chop,pt50,3.5,193.0,0.0181,True,optimistic bound: booked +50% of credit_basis at mfe_pct threshold,closed
2026-08-31,2026-08-31 13:39:12,T00695,GF-QQQ-IC-SL200,IC,QQQ,shortputspread,712,,Chop,s2,6.0,193.0,0.0311,True,"strike-touch cut, 5-min tape grain (not sub-second latch); cut priced at the leg's own worst-excursion (mae_pct) extreme; touch window bounded at actual close",closed
2026-08-31,2026-08-31 13:39:12,T00695,GF-QQQ-IC-SL200,IC,QQQ,shortputspread,712,,Chop,settle,,193.0,,True,NOT EVALUABLE — position closed early; what it would have returned held to settlement needs post-exit path data that does not exist. Never modeled.,closed
2026-08-31,2026-08-31 13:39:12,T00695,GF-QQQ-IC-SL200,IC,QQQ,shortputspread,712,,Chop,sl100,6.0,193.0,0.0311,True,optimistic bound: no SL hit -> actual exit pnl (ledger),closed
2026-08-31,2026-08-31 13:39:12,T00695,GF-QQQ-IC-SL200,IC,QQQ,shortputspread,712,,Chop,sl130,6.0,193.0,0.0311,True,optimistic bound: no SL hit -> actual exit pnl (ledger),closed
2026-08-31,2026-08-31 13:39:12,T00695,GF-QQQ-IC-SL200,IC,QQQ,shortputspread,712,,Chop,sl50,-3.5,193.0,-0.0181,True,optimistic bound: booked -50% of credit_basis at mae_pct threshold,closed
2026-08-31,2026-08-31 13:39:12,T00695,GF-QQQ-IC-SL200,IC,QQQ,shortputspread,712,,Chop,sl75,-5.25,193.0,-0.0272,True,optimistic bound: booked -75% of credit_basis at mae_pct threshold,closed
2026-08-31,2026-08-31 13:42:12,T00695,GF-QQQ-IC-SL200,IC,QQQ,shortcallspread,,717,Chop,actual,0.0,191.0,0.0,False,"actual exit pnl (ledger, verbatim) - NOT settlement",closed
2026-08-31,2026-08-31 13:42:12,T00695,GF-QQQ-IC-SL200,IC,QQQ,shortcallspread,,717,Chop,defang,,191.0,,True,DEFERRED v1 — needs the intraday premium-decay path (mark short leg to ~$0.05) not present in the ledger. TODO: model once tick/1-min option-premium history is available.,closed
2026-08-31,2026-08-31 13:42:12,T00695,GF-QQQ-IC-SL200,IC,QQQ,shortcallspread,,717,Chop,pt100,0.0,191.0,0.0,True,optimistic bound: no PT hit -> actual exit pnl (ledger),closed
2026-08-31,2026-08-31 13:42:12,T00695,GF-QQQ-IC-SL200,IC,QQQ,shortcallspread,,717,Chop,pt25,2.25,191.0,0.0118,True,optimistic bound: booked +25% of credit_basis at mfe_pct threshold,closed
2026-08-31,2026-08-31 13:42:12,T00695,GF-QQQ-IC-SL200,IC,QQQ,shortcallspread,,717,Chop,pt50,4.5,191.0,0.0236,True,optimistic bound: booked +50% of credit_basis at mfe_pct threshold,closed
2026-08-31,2026-08-31 13:42:12,T00695,GF-QQQ-IC-SL200,IC,QQQ,shortcallspread,,717,Chop,s2,-11.0,191.0,-0.0576,True,"strike-touch cut, 5-min tape grain (not sub-second latch); cut priced at the leg's own worst-excursion (mae_pct) extreme; touch window bounded at actual close",closed
2026-08-31,2026-08-31 13:42:12,T00695,GF-QQQ-IC-SL200,IC,QQQ,shortcallspread,,717,Chop,settle,,191.0,,True,NOT EVALUABLE — position closed early; what it would have returned held to settlement needs post-exit path data that does not exist. Never modeled.,closed
2026-08-31,2026-08-31 13:42:12,T00695,GF-QQQ-IC-SL200,IC,QQQ,shortcallspread,,717,Chop,sl100,-9.0,191.0,-0.0471,True,optimistic bound: booked -100% of credit_basis at mae_pct threshold,closed
2026-08-31,2026-08-31 13:42:12,T00695,GF-QQQ-IC-SL200,IC,QQQ,shortcallspread,,717,Chop,sl130,0.0,191.0,0.0,True,optimistic bound: no SL hit -> actual exit pnl (ledger),closed
2026-08-31,2026-08-31 13:42:12,T00695,GF-QQQ-IC-SL200,IC,QQQ,shortcallspread,,717,Chop,sl50,-4.5,191.0,-0.0236,True,optimistic bound: booked -50% of credit_basis at mae_pct threshold,closed
2026-08-31,2026-08-31 13:42:12,T00695,GF-QQQ-IC-SL200,IC,QQQ,shortcallspread,,717,Chop,sl75,-6.75,191.0,-0.0353,True,optimistic bound: booked -75% of credit_basis at mae_pct threshold,closed
2026-08-31,2026-08-31 13:39:12,T00699,GF-QQQ-IC-Touch0,IC,QQQ,shortputspread,712,,Chop,actual,6.0,193.0,0.0311,False,"actual exit pnl (ledger, verbatim) - NOT settlement",closed
2026-08-31,2026-08-31 13:39:12,T00699,GF-QQQ-IC-Touch0,IC,QQQ,shortputspread,712,,Chop,defang,,193.0,,True,DEFERRED v1 — needs the intraday premium-decay path (mark short leg to ~$0.05) not present in the ledger. TODO: model once tick/1-min option-premium history is available.,closed
2026-08-31,2026-08-31 13:39:12,T00699,GF-QQQ-IC-Touch0,IC,QQQ,shortputspread,712,,Chop,pt100,7.0,193.0,0.0363,True,optimistic bound: booked +100% of credit_basis at mfe_pct threshold,closed
2026-08-31,2026-08-31 13:39:12,T00699,GF-QQQ-IC-Touch0,IC,QQQ,shortputspread,712,,Chop,pt25,1.75,193.0,0.0091,True,optimistic bound: booked +25% of credit_basis at mfe_pct threshold,closed
2026-08-31,2026-08-31 13:39:12,T00699,GF-QQQ-IC-Touch0,IC,QQQ,shortputspread,712,,Chop,pt50,3.5,193.0,0.0181,True,optimistic bound: booked +50% of credit_basis at mfe_pct threshold,closed
2026-08-31,2026-08-31 13:39:12,T00699,GF-QQQ-IC-Touch0,IC,QQQ,shortputspread,712,,Chop,s2,6.0,193.0,0.0311,True,"strike-touch cut, 5-min tape grain (not sub-second latch); cut priced at the leg's own worst-excursion (mae_pct) extreme; touch window bounded at actual close",closed
2026-08-31,2026-08-31 13:39:12,T00699,GF-QQQ-IC-Touch0,IC,QQQ,shortputspread,712,,Chop,settle,,193.0,,True,NOT EVALUABLE — position closed early; what it would have returned held to settlement needs post-exit path data that does not exist. Never modeled.,closed
2026-08-31,2026-08-31 13:39:12,T00699,GF-QQQ-IC-Touch0,IC,QQQ,shortputspread,712,,Chop,sl100,6.0,193.0,0.0311,True,optimistic bound: no SL hit -> actual exit pnl (ledger),closed
2026-08-31,2026-08-31 13:39:12,T00699,GF-QQQ-IC-Touch0,IC,QQQ,shortputspread,712,,Chop,sl130,6.0,193.0,0.0311,True,optimistic bound: no SL hit -> actual exit pnl (ledger),closed
2026-08-31,2026-08-31 13:39:12,T00699,GF-QQQ-IC-Touch0,IC,QQQ,shortputspread,712,,Chop,sl50,-3.5,193.0,-0.0181,True,optimistic bound: booked -50% of credit_basis at mae_pct threshold,closed
2026-08-31,2026-08-31 13:39:12,T00699,GF-QQQ-IC-Touch0,IC,QQQ,shortputspread,712,,Chop,sl75,-5.25,193.0,-0.0272,True,optimistic bound: booked -75% of credit_basis at mae_pct threshold,closed
2026-08-31,2026-08-31 13:42:12,T00699,GF-QQQ-IC-Touch0,IC,QQQ,shortcallspread,,717,Chop,actual,0.0,191.0,0.0,False,"actual exit pnl (ledger, verbatim) - NOT settlement",closed
2026-08-31,2026-08-31 13:42:12,T00699,GF-QQQ-IC-Touch0,IC,QQQ,shortcallspread,,717,Chop,defang,,191.0,,True,DEFERRED v1 — needs the intraday premium-decay path (mark short leg to ~$0.05) not present in the ledger. TODO: model once tick/1-min option-premium history is available.,closed
2026-08-31,2026-08-31 13:42:12,T00699,GF-QQQ-IC-Touch0,IC,QQQ,shortcallspread,,717,Chop,pt100,0.0,191.0,0.0,True,optimistic bound: no PT hit -> actual exit pnl (ledger),closed
2026-08-31,2026-08-31 13:42:12,T00699,GF-QQQ-IC-Touch0,IC,QQQ,shortcallspread,,717,Chop,pt25,2.25,191.0,0.0118,True,optimistic bound: booked +25% of credit_basis at mfe_pct threshold,closed
2026-08-31,2026-08-31 13:42:12,T00699,GF-QQQ-IC-Touch0,IC,QQQ,shortcallspread,,717,Chop,pt50,4.5,191.0,0.0236,True,optimistic bound: booked +50% of credit_basis at mfe_pct threshold,closed
2026-08-31,2026-08-31 13:42:12,T00699,GF-QQQ-IC-Touch0,IC,QQQ,shortcallspread,,717,Chop,s2,-11.0,191.0,-0.0576,True,"strike-touch cut, 5-min tape grain (not sub-second latch); cut priced at the leg's own worst-excursion (mae_pct) extreme; touch window bounded at actual close",closed
2026-08-31,2026-08-31 13:42:12,T00699,GF-QQQ-IC-Touch0,IC,QQQ,shortcallspread,,717,Chop,settle,,191.0,,True,NOT EVALUABLE — position closed early; what it would have returned held to settlement needs post-exit path data that does not exist. Never modeled.,closed
2026-08-31,2026-08-31 13:42:12,T00699,GF-QQQ-IC-Touch0,IC,QQQ,shortcallspread,,717,Chop,sl100,-9.0,191.0,-0.0471,True,optimistic bound: booked -100% of credit_basis at mae_pct threshold,closed
2026-08-31,2026-08-31 13:42:12,T00699,GF-QQQ-IC-Touch0,IC,QQQ,shortcallspread,,717,Chop,sl130,0.0,191.0,0.0,True,optimistic bound: no SL hit -> actual exit pnl (ledger),closed
2026-08-31,2026-08-31 13:42:12,T00699,GF-QQQ-IC-Touch0,IC,QQQ,shortcallspread,,717,Chop,sl50,-4.5,191.0,-0.0236,True,optimistic bound: booked -50% of credit_basis at mae_pct threshold,closed
2026-08-31,2026-08-31 13:42:12,T00699,GF-QQQ-IC-Touch0,IC,QQQ,shortcallspread,,717,Chop,sl75,-6.75,191.0,-0.0353,True,optimistic bound: booked -75% of credit_basis at mae_pct threshold,closed
2026-08-31,2026-08-31 13:39:12,T00701,GF-QQQ-IC-Trail,IC,QQQ,shortputspread,712,,Chop,actual,1.0,193.0,0.0052,False,"actual exit pnl (ledger, verbatim) - NOT settlement",closed
2026-08-31,2026-08-31 13:39:12,T00701,GF-QQQ-IC-Trail,IC,QQQ,shortputspread,712,,Chop,defang,,193.0,,True,DEFERRED v1 — needs the intraday premium-decay path (mark short leg to ~$0.05) not present in the ledger. TODO: model once tick/1-min option-premium history is available.,closed
2026-08-31,2026-08-31 13:39:12,T00701,GF-QQQ-IC-Trail,IC,QQQ,shortputspread,712,,Chop,pt100,1.0,193.0,0.0052,True,optimistic bound: no PT hit -> actual exit pnl (ledger),closed
2026-08-31,2026-08-31 13:39:12,T00701,GF-QQQ-IC-Trail,IC,QQQ,shortputspread,712,,Chop,pt25,1.75,193.0,0.0091,True,optimistic bound: booked +25% of credit_basis at mfe_pct threshold,closed
2026-08-31,2026-08-31 13:39:12,T00701,GF-QQQ-IC-Trail,IC,QQQ,shortputspread,712,,Chop,pt50,3.5,193.0,0.0181,True,optimistic bound: booked +50% of credit_basis at mfe_pct threshold,closed
2026-08-31,2026-08-31 13:39:12,T00701,GF-QQQ-IC-Trail,IC,QQQ,shortputspread,712,,Chop,s2,1.0,193.0,0.0052,True,"strike-touch cut, 5-min tape grain (not sub-second latch); cut priced at the leg's own worst-excursion (mae_pct) extreme; touch window bounded at actual close",closed
2026-08-31,2026-08-31 13:39:12,T00701,GF-QQQ-IC-Trail,IC,QQQ,shortputspread,712,,Chop,settle,,193.0,,True,NOT EVALUABLE — position closed early; what it would have returned held to settlement needs post-exit path data that does not exist. Never modeled.,closed
2026-08-31,2026-08-31 13:39:12,T00701,GF-QQQ-IC-Trail,IC,QQQ,shortputspread,712,,Chop,sl100,1.0,193.0,0.0052,True,optimistic bound: no SL hit -> actual exit pnl (ledger),closed
2026-08-31,2026-08-31 13:39:12,T00701,GF-QQQ-IC-Trail,IC,QQQ,shortputspread,712,,Chop,sl130,1.0,193.0,0.0052,True,optimistic bound: no SL hit -> actual exit pnl (ledger),closed
2026-08-31,2026-08-31 13:39:12,T00701,GF-QQQ-IC-Trail,IC,QQQ,shortputspread,712,,Chop,sl50,1.0,193.0,0.0052,True,optimistic bound: no SL hit -> actual exit pnl (ledger),closed
2026-08-31,2026-08-31 13:39:12,T00701,GF-QQQ-IC-Trail,IC,QQQ,shortputspread,712,,Chop,sl75,1.0,193.0,0.0052,True,optimistic bound: no SL hit -> actual exit pnl (ledger),closed
2026-08-31,2026-08-31 13:42:12,T00701,GF-QQQ-IC-Trail,IC,QQQ,shortcallspread,,717,Chop,actual,4.0,191.0,0.0209,False,"actual exit pnl (ledger, verbatim) - NOT settlement",closed
2026-08-31,2026-08-31 13:42:12,T00701,GF-QQQ-IC-Trail,IC,QQQ,shortcallspread,,717,Chop,defang,,191.0,,True,DEFERRED v1 — needs the intraday premium-decay path (mark short leg to ~$0.05) not present in the ledger. TODO: model once tick/1-min option-premium history is available.,closed
2026-08-31,2026-08-31 13:42:12,T00701,GF-QQQ-IC-Trail,IC,QQQ,shortcallspread,,717,Chop,pt100,4.0,191.0,0.0209,True,optimistic bound: no PT hit -> actual exit pnl (ledger),closed
2026-08-31,2026-08-31 13:42:12,T00701,GF-QQQ-IC-Trail,IC,QQQ,shortcallspread,,717,Chop,pt25,2.25,191.0,0.0118,True,optimistic bound: booked +25% of credit_basis at mfe_pct threshold,closed
2026-08-31,2026-08-31 13:42:12,T00701,GF-QQQ-IC-Trail,IC,QQQ,shortcallspread,,717,Chop,pt50,4.5,191.0,0.0236,True,optimistic bound: booked +50% of credit_basis at mfe_pct threshold,closed
2026-08-31,2026-08-31 13:42:12,T00701,GF-QQQ-IC-Trail,IC,QQQ,shortcallspread,,717,Chop,s2,4.0,191.0,0.0209,True,"strike-touch cut, 5-min tape grain (not sub-second latch); cut priced at the leg's own worst-excursion (mae_pct) extreme; touch window bounded at actual close",closed
2026-08-31,2026-08-31 13:42:12,T00701,GF-QQQ-IC-Trail,IC,QQQ,shortcallspread,,717,Chop,settle,,191.0,,True,NOT EVALUABLE — position closed early; what it would have returned held to settlement needs post-exit path data that does not exist. Never modeled.,closed
2026-08-31,2026-08-31 13:42:12,T00701,GF-QQQ-IC-Trail,IC,QQQ,shortcallspread,,717,Chop,sl100,-9.0,191.0,-0.0471,True,optimistic bound: booked -100% of credit_basis at mae_pct threshold,closed
2026-08-31,2026-08-31 13:42:12,T00701,GF-QQQ-IC-Trail,IC,QQQ,shortcallspread,,717,Chop,sl130,4.0,191.0,0.0209,True,optimistic bound: no SL hit -> actual exit pnl (ledger),closed
2026-08-31,2026-08-31 13:42:12,T00701,GF-QQQ-IC-Trail,IC,QQQ,shortcallspread,,717,Chop,sl50,-4.5,191.0,-0.0236,True,optimistic bound: booked -50% of credit_basis at mae_pct threshold,closed
2026-08-31,2026-08-31 13:42:12,T00701,GF-QQQ-IC-Trail,IC,QQQ,shortcallspread,,717,Chop,sl75,-6.75,191.0,-0.0353,True,optimistic bound: booked -75% of credit_basis at mae_pct threshold,closed
2026-08-31,2026-08-31 11:01:01,T00694,IC-SPX-FastPT25-S2,IC,SPX,shortputspread,7625,,Chop,actual,100.0,4900.0,0.0204,False,"settlement pnl (ledger, verbatim)",expired
2026-08-31,2026-08-31 11:01:01,T00694,IC-SPX-FastPT25-S2,IC,SPX,shortputspread,7625,,Chop,defang,,4900.0,,True,DEFERRED v1 — needs the intraday premium-decay path (mark short leg to ~$0.05) not present in the ledger. TODO: model once tick/1-min option-premium history is available.,expired
2026-08-31,2026-08-31 11:01:01,T00694,IC-SPX-FastPT25-S2,IC,SPX,shortputspread,7625,,Chop,pt100,100.0,4900.0,0.0204,True,optimistic bound: booked +100% of credit_basis at mfe_pct threshold,expired
2026-08-31,2026-08-31 11:01:01,T00694,IC-SPX-FastPT25-S2,IC,SPX,shortputspread,7625,,Chop,pt25,25.0,4900.0,0.0051,True,optimistic bound: booked +25% of credit_basis at mfe_pct threshold,expired
2026-08-31,2026-08-31 11:01:01,T00694,IC-SPX-FastPT25-S2,IC,SPX,shortputspread,7625,,Chop,pt50,50.0,4900.0,0.0102,True,optimistic bound: booked +50% of credit_basis at mfe_pct threshold,expired
2026-08-31,2026-08-31 11:01:01,T00694,IC-SPX-FastPT25-S2,IC,SPX,shortputspread,7625,,Chop,s2,100.0,4900.0,0.0204,True,"strike-touch cut, 5-min tape grain (not sub-second latch); cut priced at the leg's own worst-excursion (mae_pct) extreme",expired
2026-08-31,2026-08-31 11:01:01,T00694,IC-SPX-FastPT25-S2,IC,SPX,shortputspread,7625,,Chop,sl100,100.0,4900.0,0.0204,True,optimistic bound: no SL hit -> rode to settlement,expired
2026-08-31,2026-08-31 11:01:01,T00694,IC-SPX-FastPT25-S2,IC,SPX,shortputspread,7625,,Chop,sl130,100.0,4900.0,0.0204,True,optimistic bound: no SL hit -> rode to settlement,expired
2026-08-31,2026-08-31 11:01:01,T00694,IC-SPX-FastPT25-S2,IC,SPX,shortputspread,7625,,Chop,sl50,-50.0,4900.0,-0.0102,True,optimistic bound: booked -50% of credit_basis at mae_pct threshold,expired
2026-08-31,2026-08-31 11:01:01,T00694,IC-SPX-FastPT25-S2,IC,SPX,shortputspread,7625,,Chop,sl75,100.0,4900.0,0.0204,True,optimistic bound: no SL hit -> rode to settlement,expired
2026-08-31,2026-08-31 11:02:03,T00694,IC-SPX-FastPT25-S2,IC,SPX,shortcallspread,,7735,Chop,actual,100.0,4900.0,0.0204,False,"settlement pnl (ledger, verbatim)",expired
2026-08-31,2026-08-31 11:02:03,T00694,IC-SPX-FastPT25-S2,IC,SPX,shortcallspread,,7735,Chop,defang,,4900.0,,True,DEFERRED v1 — needs the intraday premium-decay path (mark short leg to ~$0.05) not present in the ledger. TODO: model once tick/1-min option-premium history is available.,expired
2026-08-31,2026-08-31 11:02:03,T00694,IC-SPX-FastPT25-S2,IC,SPX,shortcallspread,,7735,Chop,pt100,100.0,4900.0,0.0204,True,optimistic bound: booked +100% of credit_basis at mfe_pct threshold,expired
2026-08-31,2026-08-31 11:02:03,T00694,IC-SPX-FastPT25-S2,IC,SPX,shortcallspread,,7735,Chop,pt25,25.0,4900.0,0.0051,True,optimistic bound: booked +25% of credit_basis at mfe_pct threshold,expired
2026-08-31,2026-08-31 11:02:03,T00694,IC-SPX-FastPT25-S2,IC,SPX,shortcallspread,,7735,Chop,pt50,50.0,4900.0,0.0102,True,optimistic bound: booked +50% of credit_basis at mfe_pct threshold,expired
2026-08-31,2026-08-31 11:02:03,T00694,IC-SPX-FastPT25-S2,IC,SPX,shortcallspread,,7735,Chop,s2,100.0,4900.0,0.0204,True,"strike-touch cut, 5-min tape grain (not sub-second latch); cut priced at the leg's own worst-excursion (mae_pct) extreme",expired
2026-08-31,2026-08-31 11:02:03,T00694,IC-SPX-FastPT25-S2,IC,SPX,shortcallspread,,7735,Chop,sl100,100.0,4900.0,0.0204,True,optimistic bound: no SL hit -> rode to settlement,expired
2026-08-31,2026-08-31 11:02:03,T00694,IC-SPX-FastPT25-S2,IC,SPX,shortcallspread,,7735,Chop,sl130,100.0,4900.0,0.0204,True,optimistic bound: no SL hit -> rode to settlement,expired
2026-08-31,2026-08-31 11:02:03,T00694,IC-SPX-FastPT25-S2,IC,SPX,shortcallspread,,7735,Chop,sl50,100.0,4900.0,0.0204,True,optimistic bound: no SL hit -> rode to settlement,expired
2026-08-31,2026-08-31 11:02:03,T00694,IC-SPX-FastPT25-S2,IC,SPX,shortcallspread,,7735,Chop,sl75,100.0,4900.0,0.0204,True,optimistic bound: no SL hit -> rode to settlement,expired
2026-08-31,2026-08-31 13:31:01,T00693,IC-SPX-FastPT25-S2-130PM,IC,SPX,shortputspread,7650,,Chop,actual,450.0,4550.0,0.0989,False,"settlement pnl (ledger, verbatim)",expired
2026-08-31,2026-08-31 13:31:01,T00693,IC-SPX-FastPT25-S2-130PM,IC,SPX,shortputspread,7650,,Chop,defang,,4550.0,,True,DEFERRED v1 — needs the intraday premium-decay path (mark short leg to ~$0.05) not present in the ledger. TODO: model once tick/1-min option-premium history is available.,expired
2026-08-31,2026-08-31 13:31:01,T00693,IC-SPX-FastPT25-S2-130PM,IC,SPX,shortputspread,7650,,Chop,pt100,450.0,4550.0,0.0989,True,optimistic bound: booked +100% of credit_basis at mfe_pct threshold,expired
2026-08-31,2026-08-31 13:31:01,T00693,IC-SPX-FastPT25-S2-130PM,IC,SPX,shortputspread,7650,,Chop,pt25,112.5,4550.0,0.0247,True,optimistic bound: booked +25% of credit_basis at mfe_pct threshold,expired
2026-08-31,2026-08-31 13:31:01,T00693,IC-SPX-FastPT25-S2-130PM,IC,SPX,shortputspread,7650,,Chop,pt50,225.0,4550.0,0.0495,True,optimistic bound: booked +50% of credit_basis at mfe_pct threshold,expired
2026-08-31,2026-08-31 13:31:01,T00693,IC-SPX-FastPT25-S2-130PM,IC,SPX,shortputspread,7650,,Chop,s2,450.0,4550.0,0.0989,True,"strike-touch cut, 5-min tape grain (not sub-second latch); cut priced at the leg's own worst-excursion (mae_pct) extreme",expired
2026-08-31,2026-08-31 13:31:01,T00693,IC-SPX-FastPT25-S2-130PM,IC,SPX,shortputspread,7650,,Chop,sl100,450.0,4550.0,0.0989,True,optimistic bound: no SL hit -> rode to settlement,expired
2026-08-31,2026-08-31 13:31:01,T00693,IC-SPX-FastPT25-S2-130PM,IC,SPX,shortputspread,7650,,Chop,sl130,450.0,4550.0,0.0989,True,optimistic bound: no SL hit -> rode to settlement,expired
2026-08-31,2026-08-31 13:31:01,T00693,IC-SPX-FastPT25-S2-130PM,IC,SPX,shortputspread,7650,,Chop,sl50,450.0,4550.0,0.0989,True,optimistic bound: no SL hit -> rode to settlement,expired
2026-08-31,2026-08-31 13:31:01,T00693,IC-SPX-FastPT25-S2-130PM,IC,SPX,shortputspread,7650,,Chop,sl75,450.0,4550.0,0.0989,True,optimistic bound: no SL hit -> rode to settlement,expired
2026-08-31,2026-08-31 13:31:02,T00693,IC-SPX-FastPT25-S2-130PM,IC,SPX,shortcallspread,,7695,Chop,actual,150.0,4850.0,0.0309,False,"settlement pnl (ledger, verbatim)",expired
2026-08-31,2026-08-31 13:31:02,T00693,IC-SPX-FastPT25-S2-130PM,IC,SPX,shortcallspread,,7695,Chop,defang,,4850.0,,True,DEFERRED v1 — needs the intraday premium-decay path (mark short leg to ~$0.05) not present in the ledger. TODO: model once tick/1-min option-premium history is available.,expired
2026-08-31,2026-08-31 13:31:02,T00693,IC-SPX-FastPT25-S2-130PM,IC,SPX,shortcallspread,,7695,Chop,pt100,150.0,4850.0,0.0309,True,optimistic bound: no PT hit -> rode to settlement,expired
2026-08-31,2026-08-31 13:31:02,T00693,IC-SPX-FastPT25-S2-130PM,IC,SPX,shortcallspread,,7695,Chop,pt25,37.5,4850.0,0.0077,True,optimistic bound: booked +25% of credit_basis at mfe_pct threshold,expired
2026-08-31,2026-08-31 13:31:02,T00693,IC-SPX-FastPT25-S2-130PM,IC,SPX,shortcallspread,,7695,Chop,pt50,150.0,4850.0,0.0309,True,optimistic bound: no PT hit -> rode to settlement,expired
2026-08-31,2026-08-31 13:31:02,T00693,IC-SPX-FastPT25-S2-130PM,IC,SPX,shortcallspread,,7695,Chop,s2,-1170.0,4850.0,-0.2412,True,"strike-touch cut, 5-min tape grain (not sub-second latch); cut priced at the leg's own worst-excursion (mae_pct) extreme",expired
2026-08-31,2026-08-31 13:31:02,T00693,IC-SPX-FastPT25-S2-130PM,IC,SPX,shortcallspread,,7695,Chop,sl100,-150.0,4850.0,-0.0309,True,optimistic bound: booked -100% of credit_basis at mae_pct threshold,expired
2026-08-31,2026-08-31 13:31:02,T00693,IC-SPX-FastPT25-S2-130PM,IC,SPX,shortcallspread,,7695,Chop,sl130,-195.0,4850.0,-0.0402,True,optimistic bound: booked -130% of credit_basis at mae_pct threshold,expired
2026-08-31,2026-08-31 13:31:02,T00693,IC-SPX-FastPT25-S2-130PM,IC,SPX,shortcallspread,,7695,Chop,sl50,-75.0,4850.0,-0.0155,True,optimistic bound: booked -50% of credit_basis at mae_pct threshold,expired
2026-08-31,2026-08-31 13:31:02,T00693,IC-SPX-FastPT25-S2-130PM,IC,SPX,shortcallspread,,7695,Chop,sl75,-112.5,4850.0,-0.0232,True,optimistic bound: booked -75% of credit_basis at mae_pct threshold,expired
2026-09-01,2026-09-01 11:00:03,T00691,60min-ORB-10W-Paper-v1,OA-Mirror,SPX,shortputspread,7625,,n/a,actual,50.0,925.0,0.0541,False,"actual exit pnl (ledger, verbatim) - NOT settlement",closed
2026-09-01,2026-09-01 11:00:03,T00691,60min-ORB-10W-Paper-v1,OA-Mirror,SPX,shortputspread,7625,,n/a,defang,,925.0,,True,DEFERRED v1 — needs the intraday premium-decay path (mark short leg to ~$0.05) not present in the ledger. TODO: model once tick/1-min option-premium history is available.,closed
2026-09-01,2026-09-01 11:00:03,T00691,60min-ORB-10W-Paper-v1,OA-Mirror,SPX,shortputspread,7625,,n/a,pt100,50.0,925.0,0.0541,True,optimistic bound: no PT hit -> actual exit pnl (ledger),closed
2026-09-01,2026-09-01 11:00:03,T00691,60min-ORB-10W-Paper-v1,OA-Mirror,SPX,shortputspread,7625,,n/a,pt25,18.75,925.0,0.0203,True,optimistic bound: booked +25% of credit_basis at mfe_pct threshold,closed
2026-09-01,2026-09-01 11:00:03,T00691,60min-ORB-10W-Paper-v1,OA-Mirror,SPX,shortputspread,7625,,n/a,pt50,37.5,925.0,0.0405,True,optimistic bound: booked +50% of credit_basis at mfe_pct threshold,closed
2026-09-01,2026-09-01 11:00:03,T00691,60min-ORB-10W-Paper-v1,OA-Mirror,SPX,shortputspread,7625,,n/a,settle,,925.0,,True,NOT EVALUABLE — position closed early; what it would have returned held to settlement needs post-exit path data that does not exist. Never modeled.,closed
2026-09-01,2026-09-01 11:00:03,T00691,60min-ORB-10W-Paper-v1,OA-Mirror,SPX,shortputspread,7625,,n/a,sl100,50.0,925.0,0.0541,True,optimistic bound: no SL hit -> actual exit pnl (ledger),closed
2026-09-01,2026-09-01 11:00:03,T00691,60min-ORB-10W-Paper-v1,OA-Mirror,SPX,shortputspread,7625,,n/a,sl130,50.0,925.0,0.0541,True,optimistic bound: no SL hit -> actual exit pnl (ledger),closed
2026-09-01,2026-09-01 11:00:03,T00691,60min-ORB-10W-Paper-v1,OA-Mirror,SPX,shortputspread,7625,,n/a,sl50,-37.5,925.0,-0.0405,True,optimistic bound: booked -50% of credit_basis at mae_pct threshold,closed
2026-09-01,2026-09-01 11:00:03,T00691,60min-ORB-10W-Paper-v1,OA-Mirror,SPX,shortputspread,7625,,n/a,sl75,-56.25,925.0,-0.0608,True,optimistic bound: booked -75% of credit_basis at mae_pct threshold,closed
2026-09-01,2026-09-01 11:01:01,T00692,IC-SPX-FastPT25-S2,IC,SPX,shortputspread,7595,,n/a,actual,0.0,4900.0,0.0,False,"actual exit pnl (ledger, verbatim) - NOT settlement",closed
2026-09-01,2026-09-01 11:01:01,T00692,IC-SPX-FastPT25-S2,IC,SPX,shortputspread,7595,,n/a,defang,,4900.0,,True,DEFERRED v1 — needs the intraday premium-decay path (mark short leg to ~$0.05) not present in the ledger. TODO: model once tick/1-min option-premium history is available.,closed
2026-09-01,2026-09-01 11:01:01,T00692,IC-SPX-FastPT25-S2,IC,SPX,shortputspread,7595,,n/a,pt100,0.0,4900.0,0.0,True,optimistic bound: no PT hit -> actual exit pnl (ledger),closed
2026-09-01,2026-09-01 11:01:01,T00692,IC-SPX-FastPT25-S2,IC,SPX,shortputspread,7595,,n/a,pt25,0.0,4900.0,0.0,True,optimistic bound: no PT hit -> actual exit pnl (ledger),closed
2026-09-01,2026-09-01 11:01:01,T00692,IC-SPX-FastPT25-S2,IC,SPX,shortputspread,7595,,n/a,pt50,0.0,4900.0,0.0,True,optimistic bound: no PT hit -> actual exit pnl (ledger),closed
2026-09-01,2026-09-01 11:01:01,T00692,IC-SPX-FastPT25-S2,IC,SPX,shortputspread,7595,,n/a,settle,,4900.0,,True,NOT EVALUABLE — position closed early; what it would have returned held to settlement needs post-exit path data that does not exist. Never modeled.,closed
2026-09-01,2026-09-01 11:01:01,T00692,IC-SPX-FastPT25-S2,IC,SPX,shortputspread,7595,,n/a,sl100,0.0,4900.0,0.0,True,optimistic bound: no SL hit -> actual exit pnl (ledger),closed
2026-09-01,2026-09-01 11:01:01,T00692,IC-SPX-FastPT25-S2,IC,SPX,shortputspread,7595,,n/a,sl130,0.0,4900.0,0.0,True,optimistic bound: no SL hit -> actual exit pnl (ledger),closed
2026-09-01,2026-09-01 11:01:01,T00692,IC-SPX-FastPT25-S2,IC,SPX,shortputspread,7595,,n/a,sl50,0.0,4900.0,0.0,True,optimistic bound: no SL hit -> actual exit pnl (ledger),closed
2026-09-01,2026-09-01 11:01:01,T00692,IC-SPX-FastPT25-S2,IC,SPX,shortputspread,7595,,n/a,sl75,0.0,4900.0,0.0,True,optimistic bound: no SL hit -> actual exit pnl (ledger),closed
2026-09-01,2026-09-01 13:31:01,T00689,IC-SPX-FastPT25-S2-130PM,IC,SPX,shortputspread,7605,,n/a,actual,250.0,4750.0,0.0526,False,"settlement pnl (ledger, verbatim)",expired
2026-09-01,2026-09-01 13:31:01,T00689,IC-SPX-FastPT25-S2-130PM,IC,SPX,shortputspread,7605,,n/a,defang,,4750.0,,True,DEFERRED v1 — needs the intraday premium-decay path (mark short leg to ~$0.05) not present in the ledger. TODO: model once tick/1-min option-premium history is available.,expired
2026-09-01,2026-09-01 13:31:01,T00689,IC-SPX-FastPT25-S2-130PM,IC,SPX,shortputspread,7605,,n/a,pt100,250.0,4750.0,0.0526,True,optimistic bound: booked +100% of credit_basis at mfe_pct threshold,expired
2026-09-01,2026-09-01 13:31:01,T00689,IC-SPX-FastPT25-S2-130PM,IC,SPX,shortputspread,7605,,n/a,pt25,62.5,4750.0,0.0132,True,optimistic bound: booked +25% of credit_basis at mfe_pct threshold,expired
2026-09-01,2026-09-01 13:31:01,T00689,IC-SPX-FastPT25-S2-130PM,IC,SPX,shortputspread,7605,,n/a,pt50,125.0,4750.0,0.0263,True,optimistic bound: booked +50% of credit_basis at mfe_pct threshold,expired
2026-09-01,2026-09-01 13:31:01,T00689,IC-SPX-FastPT25-S2-130PM,IC,SPX,shortputspread,7605,,n/a,sl100,-250.0,4750.0,-0.0526,True,optimistic bound: booked -100% of credit_basis at mae_pct threshold,expired
2026-09-01,2026-09-01 13:31:01,T00689,IC-SPX-FastPT25-S2-130PM,IC,SPX,shortputspread,7605,,n/a,sl130,-325.0,4750.0,-0.0684,True,optimistic bound: booked -130% of credit_basis at mae_pct threshold,expired
2026-09-01,2026-09-01 13:31:01,T00689,IC-SPX-FastPT25-S2-130PM,IC,SPX,shortputspread,7605,,n/a,sl50,-125.0,4750.0,-0.0263,True,optimistic bound: booked -50% of credit_basis at mae_pct threshold,expired
2026-09-01,2026-09-01 13:31:01,T00689,IC-SPX-FastPT25-S2-130PM,IC,SPX,shortputspread,7605,,n/a,sl75,-187.5,4750.0,-0.0395,True,optimistic bound: booked -75% of credit_basis at mae_pct threshold,expired
2026-09-01,2026-09-01 13:31:02,T00689,IC-SPX-FastPT25-S2-130PM,IC,SPX,shortcallspread,,7655,n/a,actual,400.0,4600.0,0.087,False,"settlement pnl (ledger, verbatim)",expired
2026-09-01,2026-09-01 13:31:02,T00689,IC-SPX-FastPT25-S2-130PM,IC,SPX,shortcallspread,,7655,n/a,defang,,4600.0,,True,DEFERRED v1 — needs the intraday premium-decay path (mark short leg to ~$0.05) not present in the ledger. TODO: model once tick/1-min option-premium history is available.,expired
2026-09-01,2026-09-01 13:31:02,T00689,IC-SPX-FastPT25-S2-130PM,IC,SPX,shortcallspread,,7655,n/a,pt100,400.0,4600.0,0.087,True,optimistic bound: booked +100% of credit_basis at mfe_pct threshold,expired
2026-09-01,2026-09-01 13:31:02,T00689,IC-SPX-FastPT25-S2-130PM,IC,SPX,shortcallspread,,7655,n/a,pt25,100.0,4600.0,0.0217,True,optimistic bound: booked +25% of credit_basis at mfe_pct threshold,expired
2026-09-01,2026-09-01 13:31:02,T00689,IC-SPX-FastPT25-S2-130PM,IC,SPX,shortcallspread,,7655,n/a,pt50,200.0,4600.0,0.0435,True,optimistic bound: booked +50% of credit_basis at mfe_pct threshold,expired
2026-09-01,2026-09-01 13:31:02,T00689,IC-SPX-FastPT25-S2-130PM,IC,SPX,shortcallspread,,7655,n/a,sl100,400.0,4600.0,0.087,True,optimistic bound: no SL hit -> rode to settlement,expired
2026-09-01,2026-09-01 13:31:02,T00689,IC-SPX-FastPT25-S2-130PM,IC,SPX,shortcallspread,,7655,n/a,sl130,400.0,4600.0,0.087,True,optimistic bound: no SL hit -> rode to settlement,expired
2026-09-01,2026-09-01 13:31:02,T00689,IC-SPX-FastPT25-S2-130PM,IC,SPX,shortcallspread,,7655,n/a,sl50,400.0,4600.0,0.087,True,optimistic bound: no SL hit -> rode to settlement,expired
2026-09-01,2026-09-01 13:31:02,T00689,IC-SPX-FastPT25-S2-130PM,IC,SPX,shortcallspread,,7655,n/a,sl75,400.0,4600.0,0.087,True,optimistic bound: no SL hit -> rode to settlement,expired
2026-09-02,2026-09-02 10:00:05,T00652,3DTE $140-$350,OA-Mirror,SPX,ironcondor,7445,7850,n/a,actual,90.0,1910.0,0.0471,False,"settlement pnl (ledger, verbatim)",expired
2026-09-02,2026-09-02 10:00:05,T00652,3DTE $140-$350,OA-Mirror,SPX,ironcondor,7445,7850,n/a,defang,,1910.0,,True,DEFERRED v1 — needs the intraday premium-decay path (mark short leg to ~$0.05) not present in the ledger. TODO: model once tick/1-min option-premium history is available.,expired
2026-09-02,2026-09-02 10:00:05,T00652,3DTE $140-$350,OA-Mirror,SPX,ironcondor,7445,7850,n/a,pt100,90.0,1910.0,0.0471,True,optimistic bound: booked +100% of credit_basis at mfe_pct threshold,expired
2026-09-02,2026-09-02 10:00:05,T00652,3DTE $140-$350,OA-Mirror,SPX,ironcondor,7445,7850,n/a,pt25,22.5,1910.0,0.0118,True,optimistic bound: booked +25% of credit_basis at mfe_pct threshold,expired
2026-09-02,2026-09-02 10:00:05,T00652,3DTE $140-$350,OA-Mirror,SPX,ironcondor,7445,7850,n/a,pt50,45.0,1910.0,0.0236,True,optimistic bound: booked +50% of credit_basis at mfe_pct threshold,expired
2026-09-02,2026-09-02 10:00:05,T00652,3DTE $140-$350,OA-Mirror,SPX,ironcondor,7445,7850,n/a,sl100,90.0,1910.0,0.0471,True,optimistic bound: no SL hit -> rode to settlement,expired
2026-09-02,2026-09-02 10:00:05,T00652,3DTE $140-$350,OA-Mirror,SPX,ironcondor,7445,7850,n/a,sl130,90.0,1910.0,0.0471,True,optimistic bound: no SL hit -> rode to settlement,expired
2026-09-02,2026-09-02 10:00:05,T00652,3DTE $140-$350,OA-Mirror,SPX,ironcondor,7445,7850,n/a,sl50,-45.0,1910.0,-0.0236,True,optimistic bound: booked -50% of credit_basis at mae_pct threshold,expired
2026-09-02,2026-09-02 10:00:05,T00652,3DTE $140-$350,OA-Mirror,SPX,ironcondor,7445,7850,n/a,sl75,-67.5,1910.0,-0.0353,True,optimistic bound: booked -75% of credit_basis at mae_pct threshold,expired
2026-09-02,2026-09-02 11:00:01,T00686,DIR-SPX-CallVIXdrop,Directional,SPX,longcallspread,,7685,n/a,actual,-310.0,610.0,-0.5082,False,"actual exit pnl (ledger, verbatim) - NOT settlement",closed
2026-09-02,2026-09-02 11:00:01,T00686,DIR-SPX-CallVIXdrop,Directional,SPX,longcallspread,,7685,n/a,defang,,610.0,,True,DEFERRED v1 — needs the intraday premium-decay path (mark short leg to ~$0.05) not present in the ledger. TODO: model once tick/1-min option-premium history is available.,closed
2026-09-02,2026-09-02 11:00:01,T00686,DIR-SPX-CallVIXdrop,Directional,SPX,longcallspread,,7685,n/a,pt100,-310.0,610.0,-0.5082,True,optimistic bound: no PT hit -> actual exit pnl (ledger),closed
2026-09-02,2026-09-02 11:00:01,T00686,DIR-SPX-CallVIXdrop,Directional,SPX,longcallspread,,7685,n/a,pt25,152.5,610.0,0.25,True,optimistic bound: booked +25% of credit_basis at mfe_pct threshold,closed
2026-09-02,2026-09-02 11:00:01,T00686,DIR-SPX-CallVIXdrop,Directional,SPX,longcallspread,,7685,n/a,pt50,-310.0,610.0,-0.5082,True,optimistic bound: no PT hit -> actual exit pnl (ledger),closed
2026-09-02,2026-09-02 11:00:01,T00686,DIR-SPX-CallVIXdrop,Directional,SPX,longcallspread,,7685,n/a,settle,,610.0,,True,NOT EVALUABLE — position closed early; what it would have returned held to settlement needs post-exit path data that does not exist. Never modeled.,closed
2026-09-02,2026-09-02 11:00:01,T00686,DIR-SPX-CallVIXdrop,Directional,SPX,longcallspread,,7685,n/a,sl100,-310.0,610.0,-0.5082,True,optimistic bound: no SL hit -> actual exit pnl (ledger),closed
2026-09-02,2026-09-02 11:00:01,T00686,DIR-SPX-CallVIXdrop,Directional,SPX,longcallspread,,7685,n/a,sl130,-310.0,610.0,-0.5082,True,optimistic bound: no SL hit -> actual exit pnl (ledger),closed
2026-09-02,2026-09-02 11:00:01,T00686,DIR-SPX-CallVIXdrop,Directional,SPX,longcallspread,,7685,n/a,sl50,-305.0,610.0,-0.5,True,optimistic bound: booked -50% of credit_basis at mae_pct threshold,closed
2026-09-02,2026-09-02 11:00:01,T00686,DIR-SPX-CallVIXdrop,Directional,SPX,longcallspread,,7685,n/a,sl75,-310.0,610.0,-0.5082,True,optimistic bound: no SL hit -> actual exit pnl (ledger),closed
2026-09-02,2026-09-02 13:31:11,T00685,GF-QQQ-IC-Canary,IC,QQQ,shortputspread,704,,n/a,actual,1.0,193.0,0.0052,False,"actual exit pnl (ledger, verbatim) - NOT settlement",closed
2026-09-02,2026-09-02 13:31:11,T00685,GF-QQQ-IC-Canary,IC,QQQ,shortputspread,704,,n/a,defang,,193.0,,True,DEFERRED v1 — needs the intraday premium-decay path (mark short leg to ~$0.05) not present in the ledger. TODO: model once tick/1-min option-premium history is available.,closed
2026-09-02,2026-09-02 13:31:11,T00685,GF-QQQ-IC-Canary,IC,QQQ,shortputspread,704,,n/a,pt100,1.0,193.0,0.0052,True,optimistic bound: no PT hit -> actual exit pnl (ledger),closed
2026-09-02,2026-09-02 13:31:11,T00685,GF-QQQ-IC-Canary,IC,QQQ,shortputspread,704,,n/a,pt25,1.75,193.0,0.0091,True,optimistic bound: booked +25% of credit_basis at mfe_pct threshold,closed
2026-09-02,2026-09-02 13:31:11,T00685,GF-QQQ-IC-Canary,IC,QQQ,shortputspread,704,,n/a,pt50,1.0,193.0,0.0052,True,optimistic bound: no PT hit -> actual exit pnl (ledger),closed
2026-09-02,2026-09-02 13:31:11,T00685,GF-QQQ-IC-Canary,IC,QQQ,shortputspread,704,,n/a,settle,,193.0,,True,NOT EVALUABLE — position closed early; what it would have returned held to settlement needs post-exit path data that does not exist. Never modeled.,closed
2026-09-02,2026-09-02 13:31:11,T00685,GF-QQQ-IC-Canary,IC,QQQ,shortputspread,704,,n/a,sl100,1.0,193.0,0.0052,True,optimistic bound: no SL hit -> actual exit pnl (ledger),closed
2026-09-02,2026-09-02 13:31:11,T00685,GF-QQQ-IC-Canary,IC,QQQ,shortputspread,704,,n/a,sl130,1.0,193.0,0.0052,True,optimistic bound: no SL hit -> actual exit pnl (ledger),closed
2026-09-02,2026-09-02 13:31:11,T00685,GF-QQQ-IC-Canary,IC,QQQ,shortputspread,704,,n/a,sl50,1.0,193.0,0.0052,True,optimistic bound: no SL hit -> actual exit pnl (ledger),closed
2026-09-02,2026-09-02 13:31:11,T00685,GF-QQQ-IC-Canary,IC,QQQ,shortputspread,704,,n/a,sl75,1.0,193.0,0.0052,True,optimistic bound: no SL hit -> actual exit pnl (ledger),closed
2026-09-02,2026-09-02 13:31:12,T00685,GF-QQQ-IC-Canary,IC,QQQ,shortcallspread,,711,n/a,actual,1.0,188.0,0.0053,False,"actual exit pnl (ledger, verbatim) - NOT settlement",closed
2026-09-02,2026-09-02 13:31:12,T00685,GF-QQQ-IC-Canary,IC,QQQ,shortcallspread,,711,n/a,defang,,188.0,,True,DEFERRED v1 — needs the intraday premium-decay path (mark short leg to ~$0.05) not present in the ledger. TODO: model once tick/1-min option-premium history is available.,closed
2026-09-02,2026-09-02 13:31:12,T00685,GF-QQQ-IC-Canary,IC,QQQ,shortcallspread,,711,n/a,pt100,1.0,188.0,0.0053,True,optimistic bound: no PT hit -> actual exit pnl (ledger),closed
2026-09-02,2026-09-02 13:31:12,T00685,GF-QQQ-IC-Canary,IC,QQQ,shortcallspread,,711,n/a,pt25,1.0,188.0,0.0053,True,optimistic bound: no PT hit -> actual exit pnl (ledger),closed
2026-09-02,2026-09-02 13:31:12,T00685,GF-QQQ-IC-Canary,IC,QQQ,shortcallspread,,711,n/a,pt50,1.0,188.0,0.0053,True,optimistic bound: no PT hit -> actual exit pnl (ledger),closed
2026-09-02,2026-09-02 13:31:12,T00685,GF-QQQ-IC-Canary,IC,QQQ,shortcallspread,,711,n/a,settle,,188.0,,True,NOT EVALUABLE — position closed early; what it would have returned held to settlement needs post-exit path data that does not exist. Never modeled.,closed
2026-09-02,2026-09-02 13:31:12,T00685,GF-QQQ-IC-Canary,IC,QQQ,shortcallspread,,711,n/a,sl100,1.0,188.0,0.0053,True,optimistic bound: no SL hit -> actual exit pnl (ledger),closed
2026-09-02,2026-09-02 13:31:12,T00685,GF-QQQ-IC-Canary,IC,QQQ,shortcallspread,,711,n/a,sl130,1.0,188.0,0.0053,True,optimistic bound: no SL hit -> actual exit pnl (ledger),closed
2026-09-02,2026-09-02 13:31:12,T00685,GF-QQQ-IC-Canary,IC,QQQ,shortcallspread,,711,n/a,sl50,1.0,188.0,0.0053,True,optimistic bound: no SL hit -> actual exit pnl (ledger),closed
2026-09-02,2026-09-02 13:31:12,T00685,GF-QQQ-IC-Canary,IC,QQQ,shortcallspread,,711,n/a,sl75,1.0,188.0,0.0053,True,optimistic bound: no SL hit -> actual exit pnl (ledger),closed
2026-09-02,2026-09-02 13:31:11,T00681,GF-QQQ-IC-PT50,IC,QQQ,shortputspread,704,,n/a,actual,4.0,193.0,0.0207,False,"actual exit pnl (ledger, verbatim) - NOT settlement",closed
2026-09-02,2026-09-02 13:31:11,T00681,GF-QQQ-IC-PT50,IC,QQQ,shortputspread,704,,n/a,defang,,193.0,,True,DEFERRED v1 — needs the intraday premium-decay path (mark short leg to ~$0.05) not present in the ledger. TODO: model once tick/1-min option-premium history is available.,closed
2026-09-02,2026-09-02 13:31:11,T00681,GF-QQQ-IC-PT50,IC,QQQ,shortputspread,704,,n/a,pt100,4.0,193.0,0.0207,True,optimistic bound: no PT hit -> actual exit pnl (ledger),closed
2026-09-02,2026-09-02 13:31:11,T00681,GF-QQQ-IC-PT50,IC,QQQ,shortputspread,704,,n/a,pt25,1.75,193.0,0.0091,True,optimistic bound: booked +25% of credit_basis at mfe_pct threshold,closed
2026-09-02,2026-09-02 13:31:11,T00681,GF-QQQ-IC-PT50,IC,QQQ,shortputspread,704,,n/a,pt50,3.5,193.0,0.0181,True,optimistic bound: booked +50% of credit_basis at mfe_pct threshold,closed
2026-09-02,2026-09-02 13:31:11,T00681,GF-QQQ-IC-PT50,IC,QQQ,shortputspread,704,,n/a,settle,,193.0,,True,NOT EVALUABLE — position closed early; what it would have returned held to settlement needs post-exit path data that does not exist. Never modeled.,closed
2026-09-02,2026-09-02 13:31:11,T00681,GF-QQQ-IC-PT50,IC,QQQ,shortputspread,704,,n/a,sl100,4.0,193.0,0.0207,True,optimistic bound: no SL hit -> actual exit pnl (ledger),closed
2026-09-02,2026-09-02 13:31:11,T00681,GF-QQQ-IC-PT50,IC,QQQ,shortputspread,704,,n/a,sl130,4.0,193.0,0.0207,True,optimistic bound: no SL hit -> actual exit pnl (ledger),closed
2026-09-02,2026-09-02 13:31:11,T00681,GF-QQQ-IC-PT50,IC,QQQ,shortputspread,704,,n/a,sl50,4.0,193.0,0.0207,True,optimistic bound: no SL hit -> actual exit pnl (ledger),closed
2026-09-02,2026-09-02 13:31:11,T00681,GF-QQQ-IC-PT50,IC,QQQ,shortputspread,704,,n/a,sl75,4.0,193.0,0.0207,True,optimistic bound: no SL hit -> actual exit pnl (ledger),closed
2026-09-02,2026-09-02 13:31:12,T00681,GF-QQQ-IC-PT50,IC,QQQ,shortcallspread,,711,n/a,actual,-1.0,188.0,-0.0053,False,"actual exit pnl (ledger, verbatim) - NOT settlement",closed
2026-09-02,2026-09-02 13:31:12,T00681,GF-QQQ-IC-PT50,IC,QQQ,shortcallspread,,711,n/a,defang,,188.0,,True,DEFERRED v1 — needs the intraday premium-decay path (mark short leg to ~$0.05) not present in the ledger. TODO: model once tick/1-min option-premium history is available.,closed
2026-09-02,2026-09-02 13:31:12,T00681,GF-QQQ-IC-PT50,IC,QQQ,shortcallspread,,711,n/a,pt100,-1.0,188.0,-0.0053,True,optimistic bound: no PT hit -> actual exit pnl (ledger),closed
2026-09-02,2026-09-02 13:31:12,T00681,GF-QQQ-IC-PT50,IC,QQQ,shortcallspread,,711,n/a,pt25,3.0,188.0,0.016,True,optimistic bound: booked +25% of credit_basis at mfe_pct threshold,closed
2026-09-02,2026-09-02 13:31:12,T00681,GF-QQQ-IC-PT50,IC,QQQ,shortcallspread,,711,n/a,pt50,6.0,188.0,0.0319,True,optimistic bound: booked +50% of credit_basis at mfe_pct threshold,closed
2026-09-02,2026-09-02 13:31:12,T00681,GF-QQQ-IC-PT50,IC,QQQ,shortcallspread,,711,n/a,settle,,188.0,,True,NOT EVALUABLE — position closed early; what it would have returned held to settlement needs post-exit path data that does not exist. Never modeled.,closed
2026-09-02,2026-09-02 13:31:12,T00681,GF-QQQ-IC-PT50,IC,QQQ,shortcallspread,,711,n/a,sl100,-1.0,188.0,-0.0053,True,optimistic bound: no SL hit -> actual exit pnl (ledger),closed
2026-09-02,2026-09-02 13:31:12,T00681,GF-QQQ-IC-PT50,IC,QQQ,shortcallspread,,711,n/a,sl130,-1.0,188.0,-0.0053,True,optimistic bound: no SL hit -> actual exit pnl (ledger),closed
2026-09-02,2026-09-02 13:31:12,T00681,GF-QQQ-IC-PT50,IC,QQQ,shortcallspread,,711,n/a,sl50,-6.0,188.0,-0.0319,True,optimistic bound: booked -50% of credit_basis at mae_pct threshold,closed
2026-09-02,2026-09-02 13:31:12,T00681,GF-QQQ-IC-PT50,IC,QQQ,shortcallspread,,711,n/a,sl75,-1.0,188.0,-0.0053,True,optimistic bound: no SL hit -> actual exit pnl (ledger),closed
2026-09-02,2026-09-02 13:31:11,T00682,GF-QQQ-IC-Ride,IC,QQQ,shortputspread,704,,n/a,actual,6.0,193.0,0.0311,False,"actual exit pnl (ledger, verbatim) - NOT settlement",closed
2026-09-02,2026-09-02 13:31:11,T00682,GF-QQQ-IC-Ride,IC,QQQ,shortputspread,704,,n/a,defang,,193.0,,True,DEFERRED v1 — needs the intraday premium-decay path (mark short leg to ~$0.05) not present in the ledger. TODO: model once tick/1-min option-premium history is available.,closed
2026-09-02,2026-09-02 13:31:11,T00682,GF-QQQ-IC-Ride,IC,QQQ,shortputspread,704,,n/a,pt100,7.0,193.0,0.0363,True,optimistic bound: booked +100% of credit_basis at mfe_pct threshold,closed
2026-09-02,2026-09-02 13:31:11,T00682,GF-QQQ-IC-Ride,IC,QQQ,shortputspread,704,,n/a,pt25,1.75,193.0,0.0091,True,optimistic bound: booked +25% of credit_basis at mfe_pct threshold,closed
2026-09-02,2026-09-02 13:31:11,T00682,GF-QQQ-IC-Ride,IC,QQQ,shortputspread,704,,n/a,pt50,3.5,193.0,0.0181,True,optimistic bound: booked +50% of credit_basis at mfe_pct threshold,closed
2026-09-02,2026-09-02 13:31:11,T00682,GF-QQQ-IC-Ride,IC,QQQ,shortputspread,704,,n/a,settle,,193.0,,True,NOT EVALUABLE — position closed early; what it would have returned held to settlement needs post-exit path data that does not exist. Never modeled.,closed
2026-09-02,2026-09-02 13:31:11,T00682,GF-QQQ-IC-Ride,IC,QQQ,shortputspread,704,,n/a,sl100,6.0,193.0,0.0311,True,optimistic bound: no SL hit -> actual exit pnl (ledger),closed
2026-09-02,2026-09-02 13:31:11,T00682,GF-QQQ-IC-Ride,IC,QQQ,shortputspread,704,,n/a,sl130,6.0,193.0,0.0311,True,optimistic bound: no SL hit -> actual exit pnl (ledger),closed
2026-09-02,2026-09-02 13:31:11,T00682,GF-QQQ-IC-Ride,IC,QQQ,shortputspread,704,,n/a,sl50,6.0,193.0,0.0311,True,optimistic bound: no SL hit -> actual exit pnl (ledger),closed
2026-09-02,2026-09-02 13:31:11,T00682,GF-QQQ-IC-Ride,IC,QQQ,shortputspread,704,,n/a,sl75,6.0,193.0,0.0311,True,optimistic bound: no SL hit -> actual exit pnl (ledger),closed
2026-09-02,2026-09-02 13:31:12,T00682,GF-QQQ-IC-Ride,IC,QQQ,shortcallspread,,711,n/a,actual,-1.0,188.0,-0.0053,False,"actual exit pnl (ledger, verbatim) - NOT settlement",closed
2026-09-02,2026-09-02 13:31:12,T00682,GF-QQQ-IC-Ride,IC,QQQ,shortcallspread,,711,n/a,defang,,188.0,,True,DEFERRED v1 — needs the intraday premium-decay path (mark short leg to ~$0.05) not present in the ledger. TODO: model once tick/1-min option-premium history is available.,closed
2026-09-02,2026-09-02 13:31:12,T00682,GF-QQQ-IC-Ride,IC,QQQ,shortcallspread,,711,n/a,pt100,-1.0,188.0,-0.0053,True,optimistic bound: no PT hit -> actual exit pnl (ledger),closed
2026-09-02,2026-09-02 13:31:12,T00682,GF-QQQ-IC-Ride,IC,QQQ,shortcallspread,,711,n/a,pt25,3.0,188.0,0.016,True,optimistic bound: booked +25% of credit_basis at mfe_pct threshold,closed
2026-09-02,2026-09-02 13:31:12,T00682,GF-QQQ-IC-Ride,IC,QQQ,shortcallspread,,711,n/a,pt50,6.0,188.0,0.0319,True,optimistic bound: booked +50% of credit_basis at mfe_pct threshold,closed
2026-09-02,2026-09-02 13:31:12,T00682,GF-QQQ-IC-Ride,IC,QQQ,shortcallspread,,711,n/a,settle,,188.0,,True,NOT EVALUABLE — position closed early; what it would have returned held to settlement needs post-exit path data that does not exist. Never modeled.,closed
2026-09-02,2026-09-02 13:31:12,T00682,GF-QQQ-IC-Ride,IC,QQQ,shortcallspread,,711,n/a,sl100,-1.0,188.0,-0.0053,True,optimistic bound: no SL hit -> actual exit pnl (ledger),closed
2026-09-02,2026-09-02 13:31:12,T00682,GF-QQQ-IC-Ride,IC,QQQ,shortcallspread,,711,n/a,sl130,-1.0,188.0,-0.0053,True,optimistic bound: no SL hit -> actual exit pnl (ledger),closed
2026-09-02,2026-09-02 13:31:12,T00682,GF-QQQ-IC-Ride,IC,QQQ,shortcallspread,,711,n/a,sl50,-6.0,188.0,-0.0319,True,optimistic bound: booked -50% of credit_basis at mae_pct threshold,closed
2026-09-02,2026-09-02 13:31:12,T00682,GF-QQQ-IC-Ride,IC,QQQ,shortcallspread,,711,n/a,sl75,-1.0,188.0,-0.0053,True,optimistic bound: no SL hit -> actual exit pnl (ledger),closed
2026-09-02,2026-09-02 13:31:11,T00683,GF-QQQ-IC-SL100,IC,QQQ,shortputspread,704,,n/a,actual,6.0,193.0,0.0311,False,"actual exit pnl (ledger, verbatim) - NOT settlement",closed
2026-09-02,2026-09-02 13:31:11,T00683,GF-QQQ-IC-SL100,IC,QQQ,shortputspread,704,,n/a,defang,,193.0,,True,DEFERRED v1 — needs the intraday premium-decay path (mark short leg to ~$0.05) not present in the ledger. TODO: model once tick/1-min option-premium history is available.,closed
2026-09-02,2026-09-02 13:31:11,T00683,GF-QQQ-IC-SL100,IC,QQQ,shortputspread,704,,n/a,pt100,7.0,193.0,0.0363,True,optimistic bound: booked +100% of credit_basis at mfe_pct threshold,closed
2026-09-02,2026-09-02 13:31:11,T00683,GF-QQQ-IC-SL100,IC,QQQ,shortputspread,704,,n/a,pt25,1.75,193.0,0.0091,True,optimistic bound: booked +25% of credit_basis at mfe_pct threshold,closed
2026-09-02,2026-09-02 13:31:11,T00683,GF-QQQ-IC-SL100,IC,QQQ,shortputspread,704,,n/a,pt50,3.5,193.0,0.0181,True,optimistic bound: booked +50% of credit_basis at mfe_pct threshold,closed
2026-09-02,2026-09-02 13:31:11,T00683,GF-QQQ-IC-SL100,IC,QQQ,shortputspread,704,,n/a,settle,,193.0,,True,NOT EVALUABLE — position closed early; what it would have returned held to settlement needs post-exit path data that does not exist. Never modeled.,closed
2026-09-02,2026-09-02 13:31:11,T00683,GF-QQQ-IC-SL100,IC,QQQ,shortputspread,704,,n/a,sl100,6.0,193.0,0.0311,True,optimistic bound: no SL hit -> actual exit pnl (ledger),closed
2026-09-02,2026-09-02 13:31:11,T00683,GF-QQQ-IC-SL100,IC,QQQ,shortputspread,704,,n/a,sl130,6.0,193.0,0.0311,True,optimistic bound: no SL hit -> actual exit pnl (ledger),closed
2026-09-02,2026-09-02 13:31:11,T00683,GF-QQQ-IC-SL100,IC,QQQ,shortputspread,704,,n/a,sl50,6.0,193.0,0.0311,True,optimistic bound: no SL hit -> actual exit pnl (ledger),closed
2026-09-02,2026-09-02 13:31:11,T00683,GF-QQQ-IC-SL100,IC,QQQ,shortputspread,704,,n/a,sl75,6.0,193.0,0.0311,True,optimistic bound: no SL hit -> actual exit pnl (ledger),closed
2026-09-02,2026-09-02 13:31:12,T00683,GF-QQQ-IC-SL100,IC,QQQ,shortcallspread,,711,n/a,actual,-1.0,188.0,-0.0053,False,"actual exit pnl (ledger, verbatim) - NOT settlement",closed
2026-09-02,2026-09-02 13:31:12,T00683,GF-QQQ-IC-SL100,IC,QQQ,shortcallspread,,711,n/a,defang,,188.0,,True,DEFERRED v1 — needs the intraday premium-decay path (mark short leg to ~$0.05) not present in the ledger. TODO: model once tick/1-min option-premium history is available.,closed
2026-09-02,2026-09-02 13:31:12,T00683,GF-QQQ-IC-SL100,IC,QQQ,shortcallspread,,711,n/a,pt100,-1.0,188.0,-0.0053,True,optimistic bound: no PT hit -> actual exit pnl (ledger),closed
2026-09-02,2026-09-02 13:31:12,T00683,GF-QQQ-IC-SL100,IC,QQQ,shortcallspread,,711,n/a,pt25,3.0,188.0,0.016,True,optimistic bound: booked +25% of credit_basis at mfe_pct threshold,closed
2026-09-02,2026-09-02 13:31:12,T00683,GF-QQQ-IC-SL100,IC,QQQ,shortcallspread,,711,n/a,pt50,6.0,188.0,0.0319,True,optimistic bound: booked +50% of credit_basis at mfe_pct threshold,closed
2026-09-02,2026-09-02 13:31:12,T00683,GF-QQQ-IC-SL100,IC,QQQ,shortcallspread,,711,n/a,settle,,188.0,,True,NOT EVALUABLE — position closed early; what it would have returned held to settlement needs post-exit path data that does not exist. Never modeled.,closed
2026-09-02,2026-09-02 13:31:12,T00683,GF-QQQ-IC-SL100,IC,QQQ,shortcallspread,,711,n/a,sl100,-1.0,188.0,-0.0053,True,optimistic bound: no SL hit -> actual exit pnl (ledger),closed
2026-09-02,2026-09-02 13:31:12,T00683,GF-QQQ-IC-SL100,IC,QQQ,shortcallspread,,711,n/a,sl130,-1.0,188.0,-0.0053,True,optimistic bound: no SL hit -> actual exit pnl (ledger),closed
2026-09-02,2026-09-02 13:31:12,T00683,GF-QQQ-IC-SL100,IC,QQQ,shortcallspread,,711,n/a,sl50,-6.0,188.0,-0.0319,True,optimistic bound: booked -50% of credit_basis at mae_pct threshold,closed
2026-09-02,2026-09-02 13:31:12,T00683,GF-QQQ-IC-SL100,IC,QQQ,shortcallspread,,711,n/a,sl75,-1.0,188.0,-0.0053,True,optimistic bound: no SL hit -> actual exit pnl (ledger),closed
2026-09-02,2026-09-02 13:31:11,T00679,GF-QQQ-IC-SL200,IC,QQQ,shortputspread,704,,n/a,actual,6.0,193.0,0.0311,False,"actual exit pnl (ledger, verbatim) - NOT settlement",closed
2026-09-02,2026-09-02 13:31:11,T00679,GF-QQQ-IC-SL200,IC,QQQ,shortputspread,704,,n/a,defang,,193.0,,True,DEFERRED v1 — needs the intraday premium-decay path (mark short leg to ~$0.05) not present in the ledger. TODO: model once tick/1-min option-premium history is available.,closed
2026-09-02,2026-09-02 13:31:11,T00679,GF-QQQ-IC-SL200,IC,QQQ,shortputspread,704,,n/a,pt100,7.0,193.0,0.0363,True,optimistic bound: booked +100% of credit_basis at mfe_pct threshold,closed
2026-09-02,2026-09-02 13:31:11,T00679,GF-QQQ-IC-SL200,IC,QQQ,shortputspread,704,,n/a,pt25,1.75,193.0,0.0091,True,optimistic bound: booked +25% of credit_basis at mfe_pct threshold,closed
2026-09-02,2026-09-02 13:31:11,T00679,GF-QQQ-IC-SL200,IC,QQQ,shortputspread,704,,n/a,pt50,3.5,193.0,0.0181,True,optimistic bound: booked +50% of credit_basis at mfe_pct threshold,closed
2026-09-02,2026-09-02 13:31:11,T00679,GF-QQQ-IC-SL200,IC,QQQ,shortputspread,704,,n/a,settle,,193.0,,True,NOT EVALUABLE — position closed early; what it would have returned held to settlement needs post-exit path data that does not exist. Never modeled.,closed
2026-09-02,2026-09-02 13:31:11,T00679,GF-QQQ-IC-SL200,IC,QQQ,shortputspread,704,,n/a,sl100,6.0,193.0,0.0311,True,optimistic bound: no SL hit -> actual exit pnl (ledger),closed
2026-09-02,2026-09-02 13:31:11,T00679,GF-QQQ-IC-SL200,IC,QQQ,shortputspread,704,,n/a,sl130,6.0,193.0,0.0311,True,optimistic bound: no SL hit -> actual exit pnl (ledger),closed
2026-09-02,2026-09-02 13:31:11,T00679,GF-QQQ-IC-SL200,IC,QQQ,shortputspread,704,,n/a,sl50,6.0,193.0,0.0311,True,optimistic bound: no SL hit -> actual exit pnl (ledger),closed
2026-09-02,2026-09-02 13:31:11,T00679,GF-QQQ-IC-SL200,IC,QQQ,shortputspread,704,,n/a,sl75,6.0,193.0,0.0311,True,optimistic bound: no SL hit -> actual exit pnl (ledger),closed
2026-09-02,2026-09-02 13:31:12,T00679,GF-QQQ-IC-SL200,IC,QQQ,shortcallspread,,711,n/a,actual,-1.0,188.0,-0.0053,False,"actual exit pnl (ledger, verbatim) - NOT settlement",closed
2026-09-02,2026-09-02 13:31:12,T00679,GF-QQQ-IC-SL200,IC,QQQ,shortcallspread,,711,n/a,defang,,188.0,,True,DEFERRED v1 — needs the intraday premium-decay path (mark short leg to ~$0.05) not present in the ledger. TODO: model once tick/1-min option-premium history is available.,closed
2026-09-02,2026-09-02 13:31:12,T00679,GF-QQQ-IC-SL200,IC,QQQ,shortcallspread,,711,n/a,pt100,-1.0,188.0,-0.0053,True,optimistic bound: no PT hit -> actual exit pnl (ledger),closed
2026-09-02,2026-09-02 13:31:12,T00679,GF-QQQ-IC-SL200,IC,QQQ,shortcallspread,,711,n/a,pt25,3.0,188.0,0.016,True,optimistic bound: booked +25% of credit_basis at mfe_pct threshold,closed
2026-09-02,2026-09-02 13:31:12,T00679,GF-QQQ-IC-SL200,IC,QQQ,shortcallspread,,711,n/a,pt50,6.0,188.0,0.0319,True,optimistic bound: booked +50% of credit_basis at mfe_pct threshold,closed
2026-09-02,2026-09-02 13:31:12,T00679,GF-QQQ-IC-SL200,IC,QQQ,shortcallspread,,711,n/a,settle,,188.0,,True,NOT EVALUABLE — position closed early; what it would have returned held to settlement needs post-exit path data that does not exist. Never modeled.,closed
2026-09-02,2026-09-02 13:31:12,T00679,GF-QQQ-IC-SL200,IC,QQQ,shortcallspread,,711,n/a,sl100,-1.0,188.0,-0.0053,True,optimistic bound: no SL hit -> actual exit pnl (ledger),closed
2026-09-02,2026-09-02 13:31:12,T00679,GF-QQQ-IC-SL200,IC,QQQ,shortcallspread,,711,n/a,sl130,-1.0,188.0,-0.0053,True,optimistic bound: no SL hit -> actual exit pnl (ledger),closed
2026-09-02,2026-09-02 13:31:12,T00679,GF-QQQ-IC-SL200,IC,QQQ,shortcallspread,,711,n/a,sl50,-6.0,188.0,-0.0319,True,optimistic bound: booked -50% of credit_basis at mae_pct threshold,closed
2026-09-02,2026-09-02 13:31:12,T00679,GF-QQQ-IC-SL200,IC,QQQ,shortcallspread,,711,n/a,sl75,-1.0,188.0,-0.0053,True,optimistic bound: no SL hit -> actual exit pnl (ledger),closed
2026-09-02,2026-09-02 13:31:11,T00680,GF-QQQ-IC-Touch0,IC,QQQ,shortputspread,704,,n/a,actual,6.0,193.0,0.0311,False,"actual exit pnl (ledger, verbatim) - NOT settlement",closed
2026-09-02,2026-09-02 13:31:11,T00680,GF-QQQ-IC-Touch0,IC,QQQ,shortputspread,704,,n/a,defang,,193.0,,True,DEFERRED v1 — needs the intraday premium-decay path (mark short leg to ~$0.05) not present in the ledger. TODO: model once tick/1-min option-premium history is available.,closed
2026-09-02,2026-09-02 13:31:11,T00680,GF-QQQ-IC-Touch0,IC,QQQ,shortputspread,704,,n/a,pt100,7.0,193.0,0.0363,True,optimistic bound: booked +100% of credit_basis at mfe_pct threshold,closed
2026-09-02,2026-09-02 13:31:11,T00680,GF-QQQ-IC-Touch0,IC,QQQ,shortputspread,704,,n/a,pt25,1.75,193.0,0.0091,True,optimistic bound: booked +25% of credit_basis at mfe_pct threshold,closed
2026-09-02,2026-09-02 13:31:11,T00680,GF-QQQ-IC-Touch0,IC,QQQ,shortputspread,704,,n/a,pt50,3.5,193.0,0.0181,True,optimistic bound: booked +50% of credit_basis at mfe_pct threshold,closed
2026-09-02,2026-09-02 13:31:11,T00680,GF-QQQ-IC-Touch0,IC,QQQ,shortputspread,704,,n/a,settle,,193.0,,True,NOT EVALUABLE — position closed early; what it would have returned held to settlement needs post-exit path data that does not exist. Never modeled.,closed
2026-09-02,2026-09-02 13:31:11,T00680,GF-QQQ-IC-Touch0,IC,QQQ,shortputspread,704,,n/a,sl100,6.0,193.0,0.0311,True,optimistic bound: no SL hit -> actual exit pnl (ledger),closed
2026-09-02,2026-09-02 13:31:11,T00680,GF-QQQ-IC-Touch0,IC,QQQ,shortputspread,704,,n/a,sl130,6.0,193.0,0.0311,True,optimistic bound: no SL hit -> actual exit pnl (ledger),closed
2026-09-02,2026-09-02 13:31:11,T00680,GF-QQQ-IC-Touch0,IC,QQQ,shortputspread,704,,n/a,sl50,6.0,193.0,0.0311,True,optimistic bound: no SL hit -> actual exit pnl (ledger),closed
2026-09-02,2026-09-02 13:31:11,T00680,GF-QQQ-IC-Touch0,IC,QQQ,shortputspread,704,,n/a,sl75,6.0,193.0,0.0311,True,optimistic bound: no SL hit -> actual exit pnl (ledger),closed
2026-09-02,2026-09-02 13:31:12,T00680,GF-QQQ-IC-Touch0,IC,QQQ,shortcallspread,,711,n/a,actual,-1.0,188.0,-0.0053,False,"actual exit pnl (ledger, verbatim) - NOT settlement",closed
2026-09-02,2026-09-02 13:31:12,T00680,GF-QQQ-IC-Touch0,IC,QQQ,shortcallspread,,711,n/a,defang,,188.0,,True,DEFERRED v1 — needs the intraday premium-decay path (mark short leg to ~$0.05) not present in the ledger. TODO: model once tick/1-min option-premium history is available.,closed
2026-09-02,2026-09-02 13:31:12,T00680,GF-QQQ-IC-Touch0,IC,QQQ,shortcallspread,,711,n/a,pt100,-1.0,188.0,-0.0053,True,optimistic bound: no PT hit -> actual exit pnl (ledger),closed
2026-09-02,2026-09-02 13:31:12,T00680,GF-QQQ-IC-Touch0,IC,QQQ,shortcallspread,,711,n/a,pt25,3.0,188.0,0.016,True,optimistic bound: booked +25% of credit_basis at mfe_pct threshold,closed
2026-09-02,2026-09-02 13:31:12,T00680,GF-QQQ-IC-Touch0,IC,QQQ,shortcallspread,,711,n/a,pt50,6.0,188.0,0.0319,True,optimistic bound: booked +50% of credit_basis at mfe_pct threshold,closed
2026-09-02,2026-09-02 13:31:12,T00680,GF-QQQ-IC-Touch0,IC,QQQ,shortcallspread,,711,n/a,settle,,188.0,,True,NOT EVALUABLE — position closed early; what it would have returned held to settlement needs post-exit path data that does not exist. Never modeled.,closed
2026-09-02,2026-09-02 13:31:12,T00680,GF-QQQ-IC-Touch0,IC,QQQ,shortcallspread,,711,n/a,sl100,-1.0,188.0,-0.0053,True,optimistic bound: no SL hit -> actual exit pnl (ledger),closed
2026-09-02,2026-09-02 13:31:12,T00680,GF-QQQ-IC-Touch0,IC,QQQ,shortcallspread,,711,n/a,sl130,-1.0,188.0,-0.0053,True,optimistic bound: no SL hit -> actual exit pnl (ledger),closed
2026-09-02,2026-09-02 13:31:12,T00680,GF-QQQ-IC-Touch0,IC,QQQ,shortcallspread,,711,n/a,sl50,-6.0,188.0,-0.0319,True,optimistic bound: booked -50% of credit_basis at mae_pct threshold,closed
2026-09-02,2026-09-02 13:31:12,T00680,GF-QQQ-IC-Touch0,IC,QQQ,shortcallspread,,711,n/a,sl75,-1.0,188.0,-0.0053,True,optimistic bound: no SL hit -> actual exit pnl (ledger),closed
2026-09-02,2026-09-02 13:31:11,T00684,GF-QQQ-IC-Trail,IC,QQQ,shortputspread,704,,n/a,actual,-2.0,193.0,-0.0104,False,"actual exit pnl (ledger, verbatim) - NOT settlement",closed
2026-09-02,2026-09-02 13:31:11,T00684,GF-QQQ-IC-Trail,IC,QQQ,shortputspread,704,,n/a,defang,,193.0,,True,DEFERRED v1 — needs the intraday premium-decay path (mark short leg to ~$0.05) not present in the ledger. TODO: model once tick/1-min option-premium history is available.,closed
2026-09-02,2026-09-02 13:31:11,T00684,GF-QQQ-IC-Trail,IC,QQQ,shortputspread,704,,n/a,pt100,-2.0,193.0,-0.0104,True,optimistic bound: no PT hit -> actual exit pnl (ledger),closed
2026-09-02,2026-09-02 13:31:11,T00684,GF-QQQ-IC-Trail,IC,QQQ,shortputspread,704,,n/a,pt25,1.75,193.0,0.0091,True,optimistic bound: booked +25% of credit_basis at mfe_pct threshold,closed
2026-09-02,2026-09-02 13:31:11,T00684,GF-QQQ-IC-Trail,IC,QQQ,shortputspread,704,,n/a,pt50,-2.0,193.0,-0.0104,True,optimistic bound: no PT hit -> actual exit pnl (ledger),closed
2026-09-02,2026-09-02 13:31:11,T00684,GF-QQQ-IC-Trail,IC,QQQ,shortputspread,704,,n/a,settle,,193.0,,True,NOT EVALUABLE — position closed early; what it would have returned held to settlement needs post-exit path data that does not exist. Never modeled.,closed
2026-09-02,2026-09-02 13:31:11,T00684,GF-QQQ-IC-Trail,IC,QQQ,shortputspread,704,,n/a,sl100,-2.0,193.0,-0.0104,True,optimistic bound: no SL hit -> actual exit pnl (ledger),closed
2026-09-02,2026-09-02 13:31:11,T00684,GF-QQQ-IC-Trail,IC,QQQ,shortputspread,704,,n/a,sl130,-2.0,193.0,-0.0104,True,optimistic bound: no SL hit -> actual exit pnl (ledger),closed
2026-09-02,2026-09-02 13:31:11,T00684,GF-QQQ-IC-Trail,IC,QQQ,shortputspread,704,,n/a,sl50,-2.0,193.0,-0.0104,True,optimistic bound: no SL hit -> actual exit pnl (ledger),closed
2026-09-02,2026-09-02 13:31:11,T00684,GF-QQQ-IC-Trail,IC,QQQ,shortputspread,704,,n/a,sl75,-2.0,193.0,-0.0104,True,optimistic bound: no SL hit -> actual exit pnl (ledger),closed
2026-09-02,2026-09-02 13:31:12,T00684,GF-QQQ-IC-Trail,IC,QQQ,shortcallspread,,711,n/a,actual,3.0,188.0,0.016,False,"actual exit pnl (ledger, verbatim) - NOT settlement",closed
2026-09-02,2026-09-02 13:31:12,T00684,GF-QQQ-IC-Trail,IC,QQQ,shortcallspread,,711,n/a,defang,,188.0,,True,DEFERRED v1 — needs the intraday premium-decay path (mark short leg to ~$0.05) not present in the ledger. TODO: model once tick/1-min option-premium history is available.,closed
2026-09-02,2026-09-02 13:31:12,T00684,GF-QQQ-IC-Trail,IC,QQQ,shortcallspread,,711,n/a,pt100,3.0,188.0,0.016,True,optimistic bound: no PT hit -> actual exit pnl (ledger),closed
2026-09-02,2026-09-02 13:31:12,T00684,GF-QQQ-IC-Trail,IC,QQQ,shortcallspread,,711,n/a,pt25,3.0,188.0,0.016,True,optimistic bound: booked +25% of credit_basis at mfe_pct threshold,closed
2026-09-02,2026-09-02 13:31:12,T00684,GF-QQQ-IC-Trail,IC,QQQ,shortcallspread,,711,n/a,pt50,6.0,188.0,0.0319,True,optimistic bound: booked +50% of credit_basis at mfe_pct threshold,closed
2026-09-02,2026-09-02 13:31:12,T00684,GF-QQQ-IC-Trail,IC,QQQ,shortcallspread,,711,n/a,settle,,188.0,,True,NOT EVALUABLE — position closed early; what it would have returned held to settlement needs post-exit path data that does not exist. Never modeled.,closed
2026-09-02,2026-09-02 13:31:12,T00684,GF-QQQ-IC-Trail,IC,QQQ,shortcallspread,,711,n/a,sl100,3.0,188.0,0.016,True,optimistic bound: no SL hit -> actual exit pnl (ledger),closed
2026-09-02,2026-09-02 13:31:12,T00684,GF-QQQ-IC-Trail,IC,QQQ,shortcallspread,,711,n/a,sl130,3.0,188.0,0.016,True,optimistic bound: no SL hit -> actual exit pnl (ledger),closed
2026-09-02,2026-09-02 13:31:12,T00684,GF-QQQ-IC-Trail,IC,QQQ,shortcallspread,,711,n/a,sl50,3.0,188.0,0.016,True,optimistic bound: no SL hit -> actual exit pnl (ledger),closed
2026-09-02,2026-09-02 13:31:12,T00684,GF-QQQ-IC-Trail,IC,QQQ,shortcallspread,,711,n/a,sl75,3.0,188.0,0.016,True,optimistic bound: no SL hit -> actual exit pnl (ledger),closed
2026-09-02,2026-09-02 11:01:00,T00688,IC-SPX-FastPT25-S2,IC,SPX,shortputspread,7610,,n/a,actual,0.0,4900.0,0.0,False,"actual exit pnl (ledger, verbatim) - NOT settlement",closed
2026-09-02,2026-09-02 11:01:00,T00688,IC-SPX-FastPT25-S2,IC,SPX,shortputspread,7610,,n/a,defang,,4900.0,,True,DEFERRED v1 — needs the intraday premium-decay path (mark short leg to ~$0.05) not present in the ledger. TODO: model once tick/1-min option-premium history is available.,closed
2026-09-02,2026-09-02 11:01:00,T00688,IC-SPX-FastPT25-S2,IC,SPX,shortputspread,7610,,n/a,pt100,0.0,4900.0,0.0,True,optimistic bound: no PT hit -> actual exit pnl (ledger),closed
2026-09-02,2026-09-02 11:01:00,T00688,IC-SPX-FastPT25-S2,IC,SPX,shortputspread,7610,,n/a,pt25,0.0,4900.0,0.0,True,optimistic bound: no PT hit -> actual exit pnl (ledger),closed
2026-09-02,2026-09-02 11:01:00,T00688,IC-SPX-FastPT25-S2,IC,SPX,shortputspread,7610,,n/a,pt50,0.0,4900.0,0.0,True,optimistic bound: no PT hit -> actual exit pnl (ledger),closed
2026-09-02,2026-09-02 11:01:00,T00688,IC-SPX-FastPT25-S2,IC,SPX,shortputspread,7610,,n/a,settle,,4900.0,,True,NOT EVALUABLE — position closed early; what it would have returned held to settlement needs post-exit path data that does not exist. Never modeled.,closed
2026-09-02,2026-09-02 11:01:00,T00688,IC-SPX-FastPT25-S2,IC,SPX,shortputspread,7610,,n/a,sl100,0.0,4900.0,0.0,True,optimistic bound: no SL hit -> actual exit pnl (ledger),closed
2026-09-02,2026-09-02 11:01:00,T00688,IC-SPX-FastPT25-S2,IC,SPX,shortputspread,7610,,n/a,sl130,0.0,4900.0,0.0,True,optimistic bound: no SL hit -> actual exit pnl (ledger),closed
2026-09-02,2026-09-02 11:01:00,T00688,IC-SPX-FastPT25-S2,IC,SPX,shortputspread,7610,,n/a,sl50,0.0,4900.0,0.0,True,optimistic bound: no SL hit -> actual exit pnl (ledger),closed
2026-09-02,2026-09-02 11:01:00,T00688,IC-SPX-FastPT25-S2,IC,SPX,shortputspread,7610,,n/a,sl75,0.0,4900.0,0.0,True,optimistic bound: no SL hit -> actual exit pnl (ledger),closed
2026-09-02,2026-09-02 13:31:00,T00678,IC-SPX-FastPT25-S2-130PM,IC,SPX,shortputspread,7640,,n/a,actual,250.0,4750.0,0.0526,False,"settlement pnl (ledger, verbatim)",expired
2026-09-02,2026-09-02 13:31:00,T00678,IC-SPX-FastPT25-S2-130PM,IC,SPX,shortputspread,7640,,n/a,defang,,4750.0,,True,DEFERRED v1 — needs the intraday premium-decay path (mark short leg to ~$0.05) not present in the ledger. TODO: model once tick/1-min option-premium history is available.,expired
2026-09-02,2026-09-02 13:31:00,T00678,IC-SPX-FastPT25-S2-130PM,IC,SPX,shortputspread,7640,,n/a,pt100,250.0,4750.0,0.0526,True,optimistic bound: booked +100% of credit_basis at mfe_pct threshold,expired
2026-09-02,2026-09-02 13:31:00,T00678,IC-SPX-FastPT25-S2-130PM,IC,SPX,shortputspread,7640,,n/a,pt25,62.5,4750.0,0.0132,True,optimistic bound: booked +25% of credit_basis at mfe_pct threshold,expired
2026-09-02,2026-09-02 13:31:00,T00678,IC-SPX-FastPT25-S2-130PM,IC,SPX,shortputspread,7640,,n/a,pt50,125.0,4750.0,0.0263,True,optimistic bound: booked +50% of credit_basis at mfe_pct threshold,expired
2026-09-02,2026-09-02 13:31:00,T00678,IC-SPX-FastPT25-S2-130PM,IC,SPX,shortputspread,7640,,n/a,sl100,250.0,4750.0,0.0526,True,optimistic bound: no SL hit -> rode to settlement,expired
2026-09-02,2026-09-02 13:31:00,T00678,IC-SPX-FastPT25-S2-130PM,IC,SPX,shortputspread,7640,,n/a,sl130,250.0,4750.0,0.0526,True,optimistic bound: no SL hit -> rode to settlement,expired
2026-09-02,2026-09-02 13:31:00,T00678,IC-SPX-FastPT25-S2-130PM,IC,SPX,shortputspread,7640,,n/a,sl50,250.0,4750.0,0.0526,True,optimistic bound: no SL hit -> rode to settlement,expired
2026-09-02,2026-09-02 13:31:00,T00678,IC-SPX-FastPT25-S2-130PM,IC,SPX,shortputspread,7640,,n/a,sl75,250.0,4750.0,0.0526,True,optimistic bound: no SL hit -> rode to settlement,expired
2026-09-02,2026-09-02 13:31:01,T00678,IC-SPX-FastPT25-S2-130PM,IC,SPX,shortcallspread,,7685,n/a,actual,200.0,4800.0,0.0417,False,"settlement pnl (ledger, verbatim)",expired
2026-09-02,2026-09-02 13:31:01,T00678,IC-SPX-FastPT25-S2-130PM,IC,SPX,shortcallspread,,7685,n/a,defang,,4800.0,,True,DEFERRED v1 — needs the intraday premium-decay path (mark short leg to ~$0.05) not present in the ledger. TODO: model once tick/1-min option-premium history is available.,expired
2026-09-02,2026-09-02 13:31:01,T00678,IC-SPX-FastPT25-S2-130PM,IC,SPX,shortcallspread,,7685,n/a,pt100,200.0,4800.0,0.0417,True,optimistic bound: booked +100% of credit_basis at mfe_pct threshold,expired
2026-09-02,2026-09-02 13:31:01,T00678,IC-SPX-FastPT25-S2-130PM,IC,SPX,shortcallspread,,7685,n/a,pt25,50.0,4800.0,0.0104,True,optimistic bound: booked +25% of credit_basis at mfe_pct threshold,expired
2026-09-02,2026-09-02 13:31:01,T00678,IC-SPX-FastPT25-S2-130PM,IC,SPX,shortcallspread,,7685,n/a,pt50,100.0,4800.0,0.0208,True,optimistic bound: booked +50% of credit_basis at mfe_pct threshold,expired
2026-09-02,2026-09-02 13:31:01,T00678,IC-SPX-FastPT25-S2-130PM,IC,SPX,shortcallspread,,7685,n/a,sl100,-200.0,4800.0,-0.0417,True,optimistic bound: booked -100% of credit_basis at mae_pct threshold,expired
2026-09-02,2026-09-02 13:31:01,T00678,IC-SPX-FastPT25-S2-130PM,IC,SPX,shortcallspread,,7685,n/a,sl130,-260.0,4800.0,-0.0542,True,optimistic bound: booked -130% of credit_basis at mae_pct threshold,expired
2026-09-02,2026-09-02 13:31:01,T00678,IC-SPX-FastPT25-S2-130PM,IC,SPX,shortcallspread,,7685,n/a,sl50,-100.0,4800.0,-0.0208,True,optimistic bound: booked -50% of credit_basis at mae_pct threshold,expired
2026-09-02,2026-09-02 13:31:01,T00678,IC-SPX-FastPT25-S2-130PM,IC,SPX,shortcallspread,,7685,n/a,sl75,-150.0,4800.0,-0.0312,True,optimistic bound: booked -75% of credit_basis at mae_pct threshold,expired
2026-09-02,2026-09-02 13:00:24,T00676,Nigiri-Paper-v1,OA-Mirror,,shortputspread,749,,n/a,actual,40.0,4930.0,0.0081,False,"actual exit pnl (ledger, verbatim) - NOT settlement",closed
2026-09-02,2026-09-02 13:00:24,T00676,Nigiri-Paper-v1,OA-Mirror,,shortputspread,749,,n/a,defang,,4930.0,,True,DEFERRED v1 — needs the intraday premium-decay path (mark short leg to ~$0.05) not present in the ledger. TODO: model once tick/1-min option-premium history is available.,closed
2026-09-02,2026-09-02 13:00:24,T00676,Nigiri-Paper-v1,OA-Mirror,,shortputspread,749,,n/a,pt100,40.0,4930.0,0.0081,True,optimistic bound: no PT hit -> actual exit pnl (ledger),closed
2026-09-02,2026-09-02 13:00:24,T00676,Nigiri-Paper-v1,OA-Mirror,,shortputspread,749,,n/a,pt25,17.5,4930.0,0.0035,True,optimistic bound: booked +25% of credit_basis at mfe_pct threshold,closed
2026-09-02,2026-09-02 13:00:24,T00676,Nigiri-Paper-v1,OA-Mirror,,shortputspread,749,,n/a,pt50,35.0,4930.0,0.0071,True,optimistic bound: booked +50% of credit_basis at mfe_pct threshold,closed
2026-09-02,2026-09-02 13:00:24,T00676,Nigiri-Paper-v1,OA-Mirror,,shortputspread,749,,n/a,settle,,4930.0,,True,NOT EVALUABLE — position closed early; what it would have returned held to settlement needs post-exit path data that does not exist. Never modeled.,closed
2026-09-02,2026-09-02 13:00:24,T00676,Nigiri-Paper-v1,OA-Mirror,,shortputspread,749,,n/a,sl100,40.0,4930.0,0.0081,True,optimistic bound: no SL hit -> actual exit pnl (ledger),closed
2026-09-02,2026-09-02 13:00:24,T00676,Nigiri-Paper-v1,OA-Mirror,,shortputspread,749,,n/a,sl130,40.0,4930.0,0.0081,True,optimistic bound: no SL hit -> actual exit pnl (ledger),closed
2026-09-02,2026-09-02 13:00:24,T00676,Nigiri-Paper-v1,OA-Mirror,,shortputspread,749,,n/a,sl50,40.0,4930.0,0.0081,True,optimistic bound: no SL hit -> actual exit pnl (ledger),closed
2026-09-02,2026-09-02 13:00:24,T00676,Nigiri-Paper-v1,OA-Mirror,,shortputspread,749,,n/a,sl75,40.0,4930.0,0.0081,True,optimistic bound: no SL hit -> actual exit pnl (ledger),closed
2026-09-03,2026-09-03 11:00:01,T00673,DIR-SPX-CallVIXdrop,Directional,SPX,longcallspread,,7725,n/a,actual,425.0,565.0,0.7522,False,"actual exit pnl (ledger, verbatim) - NOT settlement",closed
2026-09-03,2026-09-03 11:00:01,T00673,DIR-SPX-CallVIXdrop,Directional,SPX,longcallspread,,7725,n/a,defang,,565.0,,True,DEFERRED v1 — needs the intraday premium-decay path (mark short leg to ~$0.05) not present in the ledger. TODO: model once tick/1-min option-premium history is available.,closed
2026-09-03,2026-09-03 11:00:01,T00673,DIR-SPX-CallVIXdrop,Directional,SPX,longcallspread,,7725,n/a,pt100,565.0,565.0,1.0,True,optimistic bound: booked +100% of credit_basis at mfe_pct threshold,closed
2026-09-03,2026-09-03 11:00:01,T00673,DIR-SPX-CallVIXdrop,Directional,SPX,longcallspread,,7725,n/a,pt25,141.25,565.0,0.25,True,optimistic bound: booked +25% of credit_basis at mfe_pct threshold,closed
2026-09-03,2026-09-03 11:00:01,T00673,DIR-SPX-CallVIXdrop,Directional,SPX,longcallspread,,7725,n/a,pt50,282.5,565.0,0.5,True,optimistic bound: booked +50% of credit_basis at mfe_pct threshold,closed
2026-09-03,2026-09-03 11:00:01,T00673,DIR-SPX-CallVIXdrop,Directional,SPX,longcallspread,,7725,n/a,settle,,565.0,,True,NOT EVALUABLE — position closed early; what it would have returned held to settlement needs post-exit path data that does not exist. Never modeled.,closed
2026-09-03,2026-09-03 11:00:01,T00673,DIR-SPX-CallVIXdrop,Directional,SPX,longcallspread,,7725,n/a,sl100,425.0,565.0,0.7522,True,optimistic bound: no SL hit -> actual exit pnl (ledger),closed
2026-09-03,2026-09-03 11:00:01,T00673,DIR-SPX-CallVIXdrop,Directional,SPX,longcallspread,,7725,n/a,sl130,425.0,565.0,0.7522,True,optimistic bound: no SL hit -> actual exit pnl (ledger),closed
2026-09-03,2026-09-03 11:00:01,T00673,DIR-SPX-CallVIXdrop,Directional,SPX,longcallspread,,7725,n/a,sl50,425.0,565.0,0.7522,True,optimistic bound: no SL hit -> actual exit pnl (ledger),closed
2026-09-03,2026-09-03 11:00:01,T00673,DIR-SPX-CallVIXdrop,Directional,SPX,longcallspread,,7725,n/a,sl75,425.0,565.0,0.7522,True,optimistic bound: no SL hit -> actual exit pnl (ledger),closed
2026-09-03,2026-09-03 11:01:00,T00675,IC-SPX-FastPT25-S2,IC,SPX,shortputspread,7655,,n/a,actual,50.0,4900.0,0.0102,False,"actual exit pnl (ledger, verbatim) - NOT settlement",closed
2026-09-03,2026-09-03 11:01:00,T00675,IC-SPX-FastPT25-S2,IC,SPX,shortputspread,7655,,n/a,defang,,4900.0,,True,DEFERRED v1 — needs the intraday premium-decay path (mark short leg to ~$0.05) not present in the ledger. TODO: model once tick/1-min option-premium history is available.,closed
2026-09-03,2026-09-03 11:01:00,T00675,IC-SPX-FastPT25-S2,IC,SPX,shortputspread,7655,,n/a,pt100,50.0,4900.0,0.0102,True,optimistic bound: no PT hit -> actual exit pnl (ledger),closed
2026-09-03,2026-09-03 11:01:00,T00675,IC-SPX-FastPT25-S2,IC,SPX,shortputspread,7655,,n/a,pt25,25.0,4900.0,0.0051,True,optimistic bound: booked +25% of credit_basis at mfe_pct threshold,closed
2026-09-03,2026-09-03 11:01:00,T00675,IC-SPX-FastPT25-S2,IC,SPX,shortputspread,7655,,n/a,pt50,50.0,4900.0,0.0102,True,optimistic bound: booked +50% of credit_basis at mfe_pct threshold,closed
2026-09-03,2026-09-03 11:01:00,T00675,IC-SPX-FastPT25-S2,IC,SPX,shortputspread,7655,,n/a,settle,,4900.0,,True,NOT EVALUABLE — position closed early; what it would have returned held to settlement needs post-exit path data that does not exist. Never modeled.,closed
2026-09-03,2026-09-03 11:01:00,T00675,IC-SPX-FastPT25-S2,IC,SPX,shortputspread,7655,,n/a,sl100,50.0,4900.0,0.0102,True,optimistic bound: no SL hit -> actual exit pnl (ledger),closed
2026-09-03,2026-09-03 11:01:00,T00675,IC-SPX-FastPT25-S2,IC,SPX,shortputspread,7655,,n/a,sl130,50.0,4900.0,0.0102,True,optimistic bound: no SL hit -> actual exit pnl (ledger),closed
2026-09-03,2026-09-03 11:01:00,T00675,IC-SPX-FastPT25-S2,IC,SPX,shortputspread,7655,,n/a,sl50,50.0,4900.0,0.0102,True,optimistic bound: no SL hit -> actual exit pnl (ledger),closed
2026-09-03,2026-09-03 11:01:00,T00675,IC-SPX-FastPT25-S2,IC,SPX,shortputspread,7655,,n/a,sl75,50.0,4900.0,0.0102,True,optimistic bound: no SL hit -> actual exit pnl (ledger),closed
2026-09-03,2026-09-03 10:30:30,T00672,Nigiri-Paper-v1,OA-Mirror,,shortputspread,740,,n/a,actual,40.0,4910.0,0.0081,False,"actual exit pnl (ledger, verbatim) - NOT settlement",closed
2026-09-03,2026-09-03 10:30:30,T00672,Nigiri-Paper-v1,OA-Mirror,,shortputspread,740,,n/a,defang,,4910.0,,True,DEFERRED v1 — needs the intraday premium-decay path (mark short leg to ~$0.05) not present in the ledger. TODO: model once tick/1-min option-premium history is available.,closed
2026-09-03,2026-09-03 10:30:30,T00672,Nigiri-Paper-v1,OA-Mirror,,shortputspread,740,,n/a,pt100,40.0,4910.0,0.0081,True,optimistic bound: no PT hit -> actual exit pnl (ledger),closed
2026-09-03,2026-09-03 10:30:30,T00672,Nigiri-Paper-v1,OA-Mirror,,shortputspread,740,,n/a,pt25,22.5,4910.0,0.0046,True,optimistic bound: booked +25% of credit_basis at mfe_pct threshold,closed
2026-09-03,2026-09-03 10:30:30,T00672,Nigiri-Paper-v1,OA-Mirror,,shortputspread,740,,n/a,pt50,45.0,4910.0,0.0092,True,optimistic bound: booked +50% of credit_basis at mfe_pct threshold,closed
2026-09-03,2026-09-03 10:30:30,T00672,Nigiri-Paper-v1,OA-Mirror,,shortputspread,740,,n/a,settle,,4910.0,,True,NOT EVALUABLE — position closed early; what it would have returned held to settlement needs post-exit path data that does not exist. Never modeled.,closed
2026-09-03,2026-09-03 10:30:30,T00672,Nigiri-Paper-v1,OA-Mirror,,shortputspread,740,,n/a,sl100,40.0,4910.0,0.0081,True,optimistic bound: no SL hit -> actual exit pnl (ledger),closed
2026-09-03,2026-09-03 10:30:30,T00672,Nigiri-Paper-v1,OA-Mirror,,shortputspread,740,,n/a,sl130,40.0,4910.0,0.0081,True,optimistic bound: no SL hit -> actual exit pnl (ledger),closed
2026-09-03,2026-09-03 10:30:30,T00672,Nigiri-Paper-v1,OA-Mirror,,shortputspread,740,,n/a,sl50,40.0,4910.0,0.0081,True,optimistic bound: no SL hit -> actual exit pnl (ledger),closed
2026-09-03,2026-09-03 10:30:30,T00672,Nigiri-Paper-v1,OA-Mirror,,shortputspread,740,,n/a,sl75,40.0,4910.0,0.0081,True,optimistic bound: no SL hit -> actual exit pnl (ledger),closed
2026-09-03,2026-09-03 10:30:02,T00671,Trendy-Paper-v1,OA-Mirror,,shortputspread,750,,n/a,actual,24.0,943.0,0.0255,False,"actual exit pnl (ledger, verbatim) - NOT settlement",closed
2026-09-03,2026-09-03 10:30:02,T00671,Trendy-Paper-v1,OA-Mirror,,shortputspread,750,,n/a,defang,,943.0,,True,DEFERRED v1 — needs the intraday premium-decay path (mark short leg to ~$0.05) not present in the ledger. TODO: model once tick/1-min option-premium history is available.,closed
2026-09-03,2026-09-03 10:30:02,T00671,Trendy-Paper-v1,OA-Mirror,,shortputspread,750,,n/a,pt100,24.0,943.0,0.0255,True,optimistic bound: no PT hit -> actual exit pnl (ledger),closed
2026-09-03,2026-09-03 10:30:02,T00671,Trendy-Paper-v1,OA-Mirror,,shortputspread,750,,n/a,pt25,14.25,943.0,0.0151,True,optimistic bound: booked +25% of credit_basis at mfe_pct threshold,closed
2026-09-03,2026-09-03 10:30:02,T00671,Trendy-Paper-v1,OA-Mirror,,shortputspread,750,,n/a,pt50,28.5,943.0,0.0302,True,optimistic bound: booked +50% of credit_basis at mfe_pct threshold,closed
2026-09-03,2026-09-03 10:30:02,T00671,Trendy-Paper-v1,OA-Mirror,,shortputspread,750,,n/a,settle,,943.0,,True,NOT EVALUABLE — position closed early; what it would have returned held to settlement needs post-exit path data that does not exist. Never modeled.,closed
2026-09-03,2026-09-03 10:30:02,T00671,Trendy-Paper-v1,OA-Mirror,,shortputspread,750,,n/a,sl100,24.0,943.0,0.0255,True,optimistic bound: no SL hit -> actual exit pnl (ledger),closed
2026-09-03,2026-09-03 10:30:02,T00671,Trendy-Paper-v1,OA-Mirror,,shortputspread,750,,n/a,sl130,24.0,943.0,0.0255,True,optimistic bound: no SL hit -> actual exit pnl (ledger),closed
2026-09-03,2026-09-03 10:30:02,T00671,Trendy-Paper-v1,OA-Mirror,,shortputspread,750,,n/a,sl50,24.0,943.0,0.0255,True,optimistic bound: no SL hit -> actual exit pnl (ledger),closed
2026-09-03,2026-09-03 10:30:02,T00671,Trendy-Paper-v1,OA-Mirror,,shortputspread,750,,n/a,sl75,24.0,943.0,0.0255,True,optimistic bound: no SL hit -> actual exit pnl (ledger),closed
2026-09-04,2026-09-04 10:30:08,T00641,Friday 14 DTE Broken Wing IB (B-70),OA-Mirror,,ironbutterfly,7660,7660,n/a,actual,210.0,1925.0,0.1091,False,"actual exit pnl (ledger, verbatim) - NOT settlement",closed
2026-09-04,2026-09-04 10:30:08,T00641,Friday 14 DTE Broken Wing IB (B-70),OA-Mirror,,ironbutterfly,7660,7660,n/a,defang,,1925.0,,True,DEFERRED v1 — needs the intraday premium-decay path (mark short leg to ~$0.05) not present in the ledger. TODO: model once tick/1-min option-premium history is available.,closed
2026-09-04,2026-09-04 10:30:08,T00641,Friday 14 DTE Broken Wing IB (B-70),OA-Mirror,,ironbutterfly,7660,7660,n/a,pt100,210.0,1925.0,0.1091,True,optimistic bound: no PT hit -> actual exit pnl (ledger),closed
2026-09-04,2026-09-04 10:30:08,T00641,Friday 14 DTE Broken Wing IB (B-70),OA-Mirror,,ironbutterfly,7660,7660,n/a,pt25,210.0,1925.0,0.1091,True,optimistic bound: no PT hit -> actual exit pnl (ledger),closed
2026-09-04,2026-09-04 10:30:08,T00641,Friday 14 DTE Broken Wing IB (B-70),OA-Mirror,,ironbutterfly,7660,7660,n/a,pt50,210.0,1925.0,0.1091,True,optimistic bound: no PT hit -> actual exit pnl (ledger),closed
2026-09-04,2026-09-04 10:30:08,T00641,Friday 14 DTE Broken Wing IB (B-70),OA-Mirror,,ironbutterfly,7660,7660,n/a,settle,,1925.0,,True,NOT EVALUABLE — position closed early; what it would have returned held to settlement needs post-exit path data that does not exist. Never modeled.,closed
2026-09-04,2026-09-04 10:30:08,T00641,Friday 14 DTE Broken Wing IB (B-70),OA-Mirror,,ironbutterfly,7660,7660,n/a,sl100,210.0,1925.0,0.1091,True,optimistic bound: no SL hit -> actual exit pnl (ledger),closed
2026-09-04,2026-09-04 10:30:08,T00641,Friday 14 DTE Broken Wing IB (B-70),OA-Mirror,,ironbutterfly,7660,7660,n/a,sl130,210.0,1925.0,0.1091,True,optimistic bound: no SL hit -> actual exit pnl (ledger),closed
2026-09-04,2026-09-04 10:30:08,T00641,Friday 14 DTE Broken Wing IB (B-70),OA-Mirror,,ironbutterfly,7660,7660,n/a,sl50,210.0,1925.0,0.1091,True,optimistic bound: no SL hit -> actual exit pnl (ledger),closed
2026-09-04,2026-09-04 10:30:08,T00641,Friday 14 DTE Broken Wing IB (B-70),OA-Mirror,,ironbutterfly,7660,7660,n/a,sl75,210.0,1925.0,0.1091,True,optimistic bound: no SL hit -> actual exit pnl (ledger),closed
2026-09-04,2026-09-04 13:31:11,T00669,GF-QQQ-IC-Canary,IC,QQQ,shortputspread,715,,Chop,actual,1.0,190.0,0.0053,False,"actual exit pnl (ledger, verbatim) - NOT settlement",closed
2026-09-04,2026-09-04 13:31:11,T00669,GF-QQQ-IC-Canary,IC,QQQ,shortputspread,715,,Chop,defang,,190.0,,True,DEFERRED v1 — needs the intraday premium-decay path (mark short leg to ~$0.05) not present in the ledger. TODO: model once tick/1-min option-premium history is available.,closed
2026-09-04,2026-09-04 13:31:11,T00669,GF-QQQ-IC-Canary,IC,QQQ,shortputspread,715,,Chop,pt100,1.0,190.0,0.0053,True,optimistic bound: no PT hit -> actual exit pnl (ledger),closed
2026-09-04,2026-09-04 13:31:11,T00669,GF-QQQ-IC-Canary,IC,QQQ,shortputspread,715,,Chop,pt25,1.0,190.0,0.0053,True,optimistic bound: no PT hit -> actual exit pnl (ledger),closed
2026-09-04,2026-09-04 13:31:11,T00669,GF-QQQ-IC-Canary,IC,QQQ,shortputspread,715,,Chop,pt50,1.0,190.0,0.0053,True,optimistic bound: no PT hit -> actual exit pnl (ledger),closed
2026-09-04,2026-09-04 13:31:11,T00669,GF-QQQ-IC-Canary,IC,QQQ,shortputspread,715,,Chop,s2,1.0,190.0,0.0053,True,"strike-touch cut, 5-min tape grain (not sub-second latch); cut priced at the leg's own worst-excursion (mae_pct) extreme; touch window bounded at actual close",closed
2026-09-04,2026-09-04 13:31:11,T00669,GF-QQQ-IC-Canary,IC,QQQ,shortputspread,715,,Chop,settle,,190.0,,True,NOT EVALUABLE — position closed early; what it would have returned held to settlement needs post-exit path data that does not exist. Never modeled.,closed
2026-09-04,2026-09-04 13:31:11,T00669,GF-QQQ-IC-Canary,IC,QQQ,shortputspread,715,,Chop,sl100,1.0,190.0,0.0053,True,optimistic bound: no SL hit -> actual exit pnl (ledger),closed
2026-09-04,2026-09-04 13:31:11,T00669,GF-QQQ-IC-Canary,IC,QQQ,shortputspread,715,,Chop,sl130,1.0,190.0,0.0053,True,optimistic bound: no SL hit -> actual exit pnl (ledger),closed
2026-09-04,2026-09-04 13:31:11,T00669,GF-QQQ-IC-Canary,IC,QQQ,shortputspread,715,,Chop,sl50,-5.0,190.0,-0.0263,True,optimistic bound: booked -50% of credit_basis at mae_pct threshold,closed
2026-09-04,2026-09-04 13:31:11,T00669,GF-QQQ-IC-Canary,IC,QQQ,shortputspread,715,,Chop,sl75,-7.5,190.0,-0.0395,True,optimistic bound: booked -75% of credit_basis at mae_pct threshold,closed
2026-09-04,2026-09-04 13:31:11,T00668,GF-QQQ-IC-PT50,IC,QQQ,shortputspread,715,,Chop,actual,156.0,4940.0,0.0316,False,"actual exit pnl (ledger, verbatim) - NOT settlement",closed
2026-09-04,2026-09-04 13:31:11,T00668,GF-QQQ-IC-PT50,IC,QQQ,shortputspread,715,,Chop,defang,,4940.0,,True,DEFERRED v1 — needs the intraday premium-decay path (mark short leg to ~$0.05) not present in the ledger. TODO: model once tick/1-min option-premium history is available.,closed
2026-09-04,2026-09-04 13:31:11,T00668,GF-QQQ-IC-PT50,IC,QQQ,shortputspread,715,,Chop,pt100,156.0,4940.0,0.0316,True,optimistic bound: no PT hit -> actual exit pnl (ledger),closed
2026-09-04,2026-09-04 13:31:11,T00668,GF-QQQ-IC-PT50,IC,QQQ,shortputspread,715,,Chop,pt25,65.0,4940.0,0.0132,True,optimistic bound: booked +25% of credit_basis at mfe_pct threshold,closed
2026-09-04,2026-09-04 13:31:11,T00668,GF-QQQ-IC-PT50,IC,QQQ,shortputspread,715,,Chop,pt50,130.0,4940.0,0.0263,True,optimistic bound: booked +50% of credit_basis at mfe_pct threshold,closed
2026-09-04,2026-09-04 13:31:11,T00668,GF-QQQ-IC-PT50,IC,QQQ,shortputspread,715,,Chop,s2,156.0,4940.0,0.0316,True,"strike-touch cut, 5-min tape grain (not sub-second latch); cut priced at the leg's own worst-excursion (mae_pct) extreme; touch window bounded at actual close",closed
2026-09-04,2026-09-04 13:31:11,T00668,GF-QQQ-IC-PT50,IC,QQQ,shortputspread,715,,Chop,settle,,4940.0,,True,NOT EVALUABLE — position closed early; what it would have returned held to settlement needs post-exit path data that does not exist. Never modeled.,closed
2026-09-04,2026-09-04 13:31:11,T00668,GF-QQQ-IC-PT50,IC,QQQ,shortputspread,715,,Chop,sl100,156.0,4940.0,0.0316,True,optimistic bound: no SL hit -> actual exit pnl (ledger),closed
2026-09-04,2026-09-04 13:31:11,T00668,GF-QQQ-IC-PT50,IC,QQQ,shortputspread,715,,Chop,sl130,156.0,4940.0,0.0316,True,optimistic bound: no SL hit -> actual exit pnl (ledger),closed
2026-09-04,2026-09-04 13:31:11,T00668,GF-QQQ-IC-PT50,IC,QQQ,shortputspread,715,,Chop,sl50,-130.0,4940.0,-0.0263,True,optimistic bound: booked -50% of credit_basis at mae_pct threshold,closed
2026-09-04,2026-09-04 13:31:11,T00668,GF-QQQ-IC-PT50,IC,QQQ,shortputspread,715,,Chop,sl75,-195.0,4940.0,-0.0395,True,optimistic bound: booked -75% of credit_basis at mae_pct threshold,closed
2026-09-04,2026-09-04 13:31:11,T00667,GF-QQQ-IC-Ride,IC,QQQ,shortputspread,715,,Chop,actual,234.0,4940.0,0.0474,False,"actual exit pnl (ledger, verbatim) - NOT settlement",closed
2026-09-04,2026-09-04 13:31:11,T00667,GF-QQQ-IC-Ride,IC,QQQ,shortputspread,715,,Chop,defang,,4940.0,,True,DEFERRED v1 — needs the intraday premium-decay path (mark short leg to ~$0.05) not present in the ledger. TODO: model once tick/1-min option-premium history is available.,closed
2026-09-04,2026-09-04 13:31:11,T00667,GF-QQQ-IC-Ride,IC,QQQ,shortputspread,715,,Chop,pt100,260.0,4940.0,0.0526,True,optimistic bound: booked +100% of credit_basis at mfe_pct threshold,closed
2026-09-04,2026-09-04 13:31:11,T00667,GF-QQQ-IC-Ride,IC,QQQ,shortputspread,715,,Chop,pt25,65.0,4940.0,0.0132,True,optimistic bound: booked +25% of credit_basis at mfe_pct threshold,closed
2026-09-04,2026-09-04 13:31:11,T00667,GF-QQQ-IC-Ride,IC,QQQ,shortputspread,715,,Chop,pt50,130.0,4940.0,0.0263,True,optimistic bound: booked +50% of credit_basis at mfe_pct threshold,closed
2026-09-04,2026-09-04 13:31:11,T00667,GF-QQQ-IC-Ride,IC,QQQ,shortputspread,715,,Chop,s2,234.0,4940.0,0.0474,True,"strike-touch cut, 5-min tape grain (not sub-second latch); cut priced at the leg's own worst-excursion (mae_pct) extreme; touch window bounded at actual close",closed
2026-09-04,2026-09-04 13:31:11,T00667,GF-QQQ-IC-Ride,IC,QQQ,shortputspread,715,,Chop,settle,,4940.0,,True,NOT EVALUABLE — position closed early; what it would have returned held to settlement needs post-exit path data that does not exist. Never modeled.,closed
2026-09-04,2026-09-04 13:31:11,T00667,GF-QQQ-IC-Ride,IC,QQQ,shortputspread,715,,Chop,sl100,234.0,4940.0,0.0474,True,optimistic bound: no SL hit -> actual exit pnl (ledger),closed
2026-09-04,2026-09-04 13:31:11,T00667,GF-QQQ-IC-Ride,IC,QQQ,shortputspread,715,,Chop,sl130,234.0,4940.0,0.0474,True,optimistic bound: no SL hit -> actual exit pnl (ledger),closed
2026-09-04,2026-09-04 13:31:11,T00667,GF-QQQ-IC-Ride,IC,QQQ,shortputspread,715,,Chop,sl50,-130.0,4940.0,-0.0263,True,optimistic bound: booked -50% of credit_basis at mae_pct threshold,closed
2026-09-04,2026-09-04 13:31:11,T00667,GF-QQQ-IC-Ride,IC,QQQ,shortputspread,715,,Chop,sl75,-195.0,4940.0,-0.0395,True,optimistic bound: booked -75% of credit_basis at mae_pct threshold,closed
2026-09-04,2026-09-04 13:31:11,T00664,GF-QQQ-IC-SL100,IC,QQQ,shortputspread,715,,Chop,actual,234.0,4940.0,0.0474,False,"actual exit pnl (ledger, verbatim) - NOT settlement",closed
2026-09-04,2026-09-04 13:31:11,T00664,GF-QQQ-IC-SL100,IC,QQQ,shortputspread,715,,Chop,defang,,4940.0,,True,DEFERRED v1 — needs the intraday premium-decay path (mark short leg to ~$0.05) not present in the ledger. TODO: model once tick/1-min option-premium history is available.,closed
2026-09-04,2026-09-04 13:31:11,T00664,GF-QQQ-IC-SL100,IC,QQQ,shortputspread,715,,Chop,pt100,260.0,4940.0,0.0526,True,optimistic bound: booked +100% of credit_basis at mfe_pct threshold,closed
2026-09-04,2026-09-04 13:31:11,T00664,GF-QQQ-IC-SL100,IC,QQQ,shortputspread,715,,Chop,pt25,65.0,4940.0,0.0132,True,optimistic bound: booked +25% of credit_basis at mfe_pct threshold,closed
2026-09-04,2026-09-04 13:31:11,T00664,GF-QQQ-IC-SL100,IC,QQQ,shortputspread,715,,Chop,pt50,130.0,4940.0,0.0263,True,optimistic bound: booked +50% of credit_basis at mfe_pct threshold,closed
2026-09-04,2026-09-04 13:31:11,T00664,GF-QQQ-IC-SL100,IC,QQQ,shortputspread,715,,Chop,s2,234.0,4940.0,0.0474,True,"strike-touch cut, 5-min tape grain (not sub-second latch); cut priced at the leg's own worst-excursion (mae_pct) extreme; touch window bounded at actual close",closed
2026-09-04,2026-09-04 13:31:11,T00664,GF-QQQ-IC-SL100,IC,QQQ,shortputspread,715,,Chop,settle,,4940.0,,True,NOT EVALUABLE — position closed early; what it would have returned held to settlement needs post-exit path data that does not exist. Never modeled.,closed
2026-09-04,2026-09-04 13:31:11,T00664,GF-QQQ-IC-SL100,IC,QQQ,shortputspread,715,,Chop,sl100,234.0,4940.0,0.0474,True,optimistic bound: no SL hit -> actual exit pnl (ledger),closed
2026-09-04,2026-09-04 13:31:11,T00664,GF-QQQ-IC-SL100,IC,QQQ,shortputspread,715,,Chop,sl130,234.0,4940.0,0.0474,True,optimistic bound: no SL hit -> actual exit pnl (ledger),closed
2026-09-04,2026-09-04 13:31:11,T00664,GF-QQQ-IC-SL100,IC,QQQ,shortputspread,715,,Chop,sl50,-130.0,4940.0,-0.0263,True,optimistic bound: booked -50% of credit_basis at mae_pct threshold,closed
2026-09-04,2026-09-04 13:31:11,T00664,GF-QQQ-IC-SL100,IC,QQQ,shortputspread,715,,Chop,sl75,-195.0,4940.0,-0.0395,True,optimistic bound: booked -75% of credit_basis at mae_pct threshold,closed
2026-09-04,2026-09-04 13:31:11,T00663,GF-QQQ-IC-SL200,IC,QQQ,shortputspread,715,,Chop,actual,234.0,4940.0,0.0474,False,"actual exit pnl (ledger, verbatim) - NOT settlement",closed
2026-09-04,2026-09-04 13:31:11,T00663,GF-QQQ-IC-SL200,IC,QQQ,shortputspread,715,,Chop,defang,,4940.0,,True,DEFERRED v1 — needs the intraday premium-decay path (mark short leg to ~$0.05) not present in the ledger. TODO: model once tick/1-min option-premium history is available.,closed
2026-09-04,2026-09-04 13:31:11,T00663,GF-QQQ-IC-SL200,IC,QQQ,shortputspread,715,,Chop,pt100,260.0,4940.0,0.0526,True,optimistic bound: booked +100% of credit_basis at mfe_pct threshold,closed
2026-09-04,2026-09-04 13:31:11,T00663,GF-QQQ-IC-SL200,IC,QQQ,shortputspread,715,,Chop,pt25,65.0,4940.0,0.0132,True,optimistic bound: booked +25% of credit_basis at mfe_pct threshold,closed
2026-09-04,2026-09-04 13:31:11,T00663,GF-QQQ-IC-SL200,IC,QQQ,shortputspread,715,,Chop,pt50,130.0,4940.0,0.0263,True,optimistic bound: booked +50% of credit_basis at mfe_pct threshold,closed
2026-09-04,2026-09-04 13:31:11,T00663,GF-QQQ-IC-SL200,IC,QQQ,shortputspread,715,,Chop,s2,234.0,4940.0,0.0474,True,"strike-touch cut, 5-min tape grain (not sub-second latch); cut priced at the leg's own worst-excursion (mae_pct) extreme; touch window bounded at actual close",closed
2026-09-04,2026-09-04 13:31:11,T00663,GF-QQQ-IC-SL200,IC,QQQ,shortputspread,715,,Chop,settle,,4940.0,,True,NOT EVALUABLE — position closed early; what it would have returned held to settlement needs post-exit path data that does not exist. Never modeled.,closed
2026-09-04,2026-09-04 13:31:11,T00663,GF-QQQ-IC-SL200,IC,QQQ,shortputspread,715,,Chop,sl100,234.0,4940.0,0.0474,True,optimistic bound: no SL hit -> actual exit pnl (ledger),closed
2026-09-04,2026-09-04 13:31:11,T00663,GF-QQQ-IC-SL200,IC,QQQ,shortputspread,715,,Chop,sl130,234.0,4940.0,0.0474,True,optimistic bound: no SL hit -> actual exit pnl (ledger),closed
2026-09-04,2026-09-04 13:31:11,T00663,GF-QQQ-IC-SL200,IC,QQQ,shortputspread,715,,Chop,sl50,-130.0,4940.0,-0.0263,True,optimistic bound: booked -50% of credit_basis at mae_pct threshold,closed
2026-09-04,2026-09-04 13:31:11,T00663,GF-QQQ-IC-SL200,IC,QQQ,shortputspread,715,,Chop,sl75,-195.0,4940.0,-0.0395,True,optimistic bound: booked -75% of credit_basis at mae_pct threshold,closed
2026-09-04,2026-09-04 13:31:11,T00666,GF-QQQ-IC-Touch0,IC,QQQ,shortputspread,715,,Chop,actual,234.0,4940.0,0.0474,False,"actual exit pnl (ledger, verbatim) - NOT settlement",closed
2026-09-04,2026-09-04 13:31:11,T00666,GF-QQQ-IC-Touch0,IC,QQQ,shortputspread,715,,Chop,defang,,4940.0,,True,DEFERRED v1 — needs the intraday premium-decay path (mark short leg to ~$0.05) not present in the ledger. TODO: model once tick/1-min option-premium history is available.,closed
2026-09-04,2026-09-04 13:31:11,T00666,GF-QQQ-IC-Touch0,IC,QQQ,shortputspread,715,,Chop,pt100,260.0,4940.0,0.0526,True,optimistic bound: booked +100% of credit_basis at mfe_pct threshold,closed
2026-09-04,2026-09-04 13:31:11,T00666,GF-QQQ-IC-Touch0,IC,QQQ,shortputspread,715,,Chop,pt25,65.0,4940.0,0.0132,True,optimistic bound: booked +25% of credit_basis at mfe_pct threshold,closed
2026-09-04,2026-09-04 13:31:11,T00666,GF-QQQ-IC-Touch0,IC,QQQ,shortputspread,715,,Chop,pt50,130.0,4940.0,0.0263,True,optimistic bound: booked +50% of credit_basis at mfe_pct threshold,closed
2026-09-04,2026-09-04 13:31:11,T00666,GF-QQQ-IC-Touch0,IC,QQQ,shortputspread,715,,Chop,s2,234.0,4940.0,0.0474,True,"strike-touch cut, 5-min tape grain (not sub-second latch); cut priced at the leg's own worst-excursion (mae_pct) extreme; touch window bounded at actual close",closed
2026-09-04,2026-09-04 13:31:11,T00666,GF-QQQ-IC-Touch0,IC,QQQ,shortputspread,715,,Chop,settle,,4940.0,,True,NOT EVALUABLE — position closed early; what it would have returned held to settlement needs post-exit path data that does not exist. Never modeled.,closed
2026-09-04,2026-09-04 13:31:11,T00666,GF-QQQ-IC-Touch0,IC,QQQ,shortputspread,715,,Chop,sl100,234.0,4940.0,0.0474,True,optimistic bound: no SL hit -> actual exit pnl (ledger),closed
2026-09-04,2026-09-04 13:31:11,T00666,GF-QQQ-IC-Touch0,IC,QQQ,shortputspread,715,,Chop,sl130,234.0,4940.0,0.0474,True,optimistic bound: no SL hit -> actual exit pnl (ledger),closed
2026-09-04,2026-09-04 13:31:11,T00666,GF-QQQ-IC-Touch0,IC,QQQ,shortputspread,715,,Chop,sl50,-130.0,4940.0,-0.0263,True,optimistic bound: booked -50% of credit_basis at mae_pct threshold,closed
2026-09-04,2026-09-04 13:31:11,T00666,GF-QQQ-IC-Touch0,IC,QQQ,shortputspread,715,,Chop,sl75,-195.0,4940.0,-0.0395,True,optimistic bound: booked -75% of credit_basis at mae_pct threshold,closed
2026-09-04,2026-09-04 13:31:11,T00665,GF-QQQ-IC-Trail,IC,QQQ,shortputspread,715,,Chop,actual,234.0,4940.0,0.0474,False,"actual exit pnl (ledger, verbatim) - NOT settlement",closed
2026-09-04,2026-09-04 13:31:11,T00665,GF-QQQ-IC-Trail,IC,QQQ,shortputspread,715,,Chop,defang,,4940.0,,True,DEFERRED v1 — needs the intraday premium-decay path (mark short leg to ~$0.05) not present in the ledger. TODO: model once tick/1-min option-premium history is available.,closed
2026-09-04,2026-09-04 13:31:11,T00665,GF-QQQ-IC-Trail,IC,QQQ,shortputspread,715,,Chop,pt100,260.0,4940.0,0.0526,True,optimistic bound: booked +100% of credit_basis at mfe_pct threshold,closed
2026-09-04,2026-09-04 13:31:11,T00665,GF-QQQ-IC-Trail,IC,QQQ,shortputspread,715,,Chop,pt25,65.0,4940.0,0.0132,True,optimistic bound: booked +25% of credit_basis at mfe_pct threshold,closed
2026-09-04,2026-09-04 13:31:11,T00665,GF-QQQ-IC-Trail,IC,QQQ,shortputspread,715,,Chop,pt50,130.0,4940.0,0.0263,True,optimistic bound: booked +50% of credit_basis at mfe_pct threshold,closed
2026-09-04,2026-09-04 13:31:11,T00665,GF-QQQ-IC-Trail,IC,QQQ,shortputspread,715,,Chop,s2,234.0,4940.0,0.0474,True,"strike-touch cut, 5-min tape grain (not sub-second latch); cut priced at the leg's own worst-excursion (mae_pct) extreme; touch window bounded at actual close",closed
2026-09-04,2026-09-04 13:31:11,T00665,GF-QQQ-IC-Trail,IC,QQQ,shortputspread,715,,Chop,settle,,4940.0,,True,NOT EVALUABLE — position closed early; what it would have returned held to settlement needs post-exit path data that does not exist. Never modeled.,closed
2026-09-04,2026-09-04 13:31:11,T00665,GF-QQQ-IC-Trail,IC,QQQ,shortputspread,715,,Chop,sl100,234.0,4940.0,0.0474,True,optimistic bound: no SL hit -> actual exit pnl (ledger),closed
2026-09-04,2026-09-04 13:31:11,T00665,GF-QQQ-IC-Trail,IC,QQQ,shortputspread,715,,Chop,sl130,234.0,4940.0,0.0474,True,optimistic bound: no SL hit -> actual exit pnl (ledger),closed
2026-09-04,2026-09-04 13:31:11,T00665,GF-QQQ-IC-Trail,IC,QQQ,shortputspread,715,,Chop,sl50,-130.0,4940.0,-0.0263,True,optimistic bound: booked -50% of credit_basis at mae_pct threshold,closed
2026-09-04,2026-09-04 13:31:11,T00665,GF-QQQ-IC-Trail,IC,QQQ,shortputspread,715,,Chop,sl75,-195.0,4940.0,-0.0395,True,optimistic bound: booked -75% of credit_basis at mae_pct threshold,closed
2026-09-04,2026-09-04 11:01:01,T00670,IC-SPX-FastPT25-S2,IC,SPX,shortputspread,7655,,Chop,actual,0.0,4850.0,0.0,False,"actual exit pnl (ledger, verbatim) - NOT settlement",closed
2026-09-04,2026-09-04 11:01:01,T00670,IC-SPX-FastPT25-S2,IC,SPX,shortputspread,7655,,Chop,defang,,4850.0,,True,DEFERRED v1 — needs the intraday premium-decay path (mark short leg to ~$0.05) not present in the ledger. TODO: model once tick/1-min option-premium history is available.,closed
2026-09-04,2026-09-04 11:01:01,T00670,IC-SPX-FastPT25-S2,IC,SPX,shortputspread,7655,,Chop,pt100,0.0,4850.0,0.0,True,optimistic bound: no PT hit -> actual exit pnl (ledger),closed
2026-09-04,2026-09-04 11:01:01,T00670,IC-SPX-FastPT25-S2,IC,SPX,shortputspread,7655,,Chop,pt25,0.0,4850.0,0.0,True,optimistic bound: no PT hit -> actual exit pnl (ledger),closed
2026-09-04,2026-09-04 11:01:01,T00670,IC-SPX-FastPT25-S2,IC,SPX,shortputspread,7655,,Chop,pt50,0.0,4850.0,0.0,True,optimistic bound: no PT hit -> actual exit pnl (ledger),closed
2026-09-04,2026-09-04 11:01:01,T00670,IC-SPX-FastPT25-S2,IC,SPX,shortputspread,7655,,Chop,s2,0.0,4850.0,0.0,True,"strike-touch cut, 5-min tape grain (not sub-second latch); cut priced at the leg's own worst-excursion (mae_pct) extreme; touch window bounded at actual close",closed
2026-09-04,2026-09-04 11:01:01,T00670,IC-SPX-FastPT25-S2,IC,SPX,shortputspread,7655,,Chop,settle,,4850.0,,True,NOT EVALUABLE — position closed early; what it would have returned held to settlement needs post-exit path data that does not exist. Never modeled.,closed
2026-09-04,2026-09-04 11:01:01,T00670,IC-SPX-FastPT25-S2,IC,SPX,shortputspread,7655,,Chop,sl100,0.0,4850.0,0.0,True,optimistic bound: no SL hit -> actual exit pnl (ledger),closed
2026-09-04,2026-09-04 11:01:01,T00670,IC-SPX-FastPT25-S2,IC,SPX,shortputspread,7655,,Chop,sl130,0.0,4850.0,0.0,True,optimistic bound: no SL hit -> actual exit pnl (ledger),closed
2026-09-04,2026-09-04 11:01:01,T00670,IC-SPX-FastPT25-S2,IC,SPX,shortputspread,7655,,Chop,sl50,0.0,4850.0,0.0,True,optimistic bound: no SL hit -> actual exit pnl (ledger),closed
2026-09-04,2026-09-04 11:01:01,T00670,IC-SPX-FastPT25-S2,IC,SPX,shortputspread,7655,,Chop,sl75,0.0,4850.0,0.0,True,optimistic bound: no SL hit -> actual exit pnl (ledger),closed
2026-09-04,2026-09-04 13:31:00,T00662,IC-SPX-FastPT25-S2-130PM,IC,SPX,shortputspread,7690,,Chop,actual,350.0,4650.0,0.0753,False,"settlement pnl (ledger, verbatim)",expired
2026-09-04,2026-09-04 13:31:00,T00662,IC-SPX-FastPT25-S2-130PM,IC,SPX,shortputspread,7690,,Chop,defang,,4650.0,,True,DEFERRED v1 — needs the intraday premium-decay path (mark short leg to ~$0.05) not present in the ledger. TODO: model once tick/1-min option-premium history is available.,expired
2026-09-04,2026-09-04 13:31:00,T00662,IC-SPX-FastPT25-S2-130PM,IC,SPX,shortputspread,7690,,Chop,pt100,350.0,4650.0,0.0753,True,optimistic bound: booked +100% of credit_basis at mfe_pct threshold,expired
2026-09-04,2026-09-04 13:31:00,T00662,IC-SPX-FastPT25-S2-130PM,IC,SPX,shortputspread,7690,,Chop,pt25,87.5,4650.0,0.0188,True,optimistic bound: booked +25% of credit_basis at mfe_pct threshold,expired
2026-09-04,2026-09-04 13:31:00,T00662,IC-SPX-FastPT25-S2-130PM,IC,SPX,shortputspread,7690,,Chop,pt50,175.0,4650.0,0.0376,True,optimistic bound: booked +50% of credit_basis at mfe_pct threshold,expired
2026-09-04,2026-09-04 13:31:00,T00662,IC-SPX-FastPT25-S2-130PM,IC,SPX,shortputspread,7690,,Chop,s2,350.0,4650.0,0.0753,True,"strike-touch cut, 5-min tape grain (not sub-second latch); cut priced at the leg's own worst-excursion (mae_pct) extreme",expired
2026-09-04,2026-09-04 13:31:00,T00662,IC-SPX-FastPT25-S2-130PM,IC,SPX,shortputspread,7690,,Chop,sl100,350.0,4650.0,0.0753,True,optimistic bound: no SL hit -> rode to settlement,expired
2026-09-04,2026-09-04 13:31:00,T00662,IC-SPX-FastPT25-S2-130PM,IC,SPX,shortputspread,7690,,Chop,sl130,350.0,4650.0,0.0753,True,optimistic bound: no SL hit -> rode to settlement,expired
2026-09-04,2026-09-04 13:31:00,T00662,IC-SPX-FastPT25-S2-130PM,IC,SPX,shortputspread,7690,,Chop,sl50,350.0,4650.0,0.0753,True,optimistic bound: no SL hit -> rode to settlement,expired
2026-09-04,2026-09-04 13:31:00,T00662,IC-SPX-FastPT25-S2-130PM,IC,SPX,shortputspread,7690,,Chop,sl75,350.0,4650.0,0.0753,True,optimistic bound: no SL hit -> rode to settlement,expired
2026-09-04,2026-09-04 13:31:01,T00662,IC-SPX-FastPT25-S2-130PM,IC,SPX,shortcallspread,,7730,Chop,actual,250.0,4750.0,0.0526,False,"settlement pnl (ledger, verbatim)",expired
2026-09-04,2026-09-04 13:31:01,T00662,IC-SPX-FastPT25-S2-130PM,IC,SPX,shortcallspread,,7730,Chop,defang,,4750.0,,True,DEFERRED v1 — needs the intraday premium-decay path (mark short leg to ~$0.05) not present in the ledger. TODO: model once tick/1-min option-premium history is available.,expired
2026-09-04,2026-09-04 13:31:01,T00662,IC-SPX-FastPT25-S2-130PM,IC,SPX,shortcallspread,,7730,Chop,pt100,250.0,4750.0,0.0526,True,optimistic bound: booked +100% of credit_basis at mfe_pct threshold,expired
2026-09-04,2026-09-04 13:31:01,T00662,IC-SPX-FastPT25-S2-130PM,IC,SPX,shortcallspread,,7730,Chop,pt25,62.5,4750.0,0.0132,True,optimistic bound: booked +25% of credit_basis at mfe_pct threshold,expired
2026-09-04,2026-09-04 13:31:01,T00662,IC-SPX-FastPT25-S2-130PM,IC,SPX,shortcallspread,,7730,Chop,pt50,125.0,4750.0,0.0263,True,optimistic bound: booked +50% of credit_basis at mfe_pct threshold,expired
2026-09-04,2026-09-04 13:31:01,T00662,IC-SPX-FastPT25-S2-130PM,IC,SPX,shortcallspread,,7730,Chop,s2,250.0,4750.0,0.0526,True,"strike-touch cut, 5-min tape grain (not sub-second latch); cut priced at the leg's own worst-excursion (mae_pct) extreme",expired
2026-09-04,2026-09-04 13:31:01,T00662,IC-SPX-FastPT25-S2-130PM,IC,SPX,shortcallspread,,7730,Chop,sl100,250.0,4750.0,0.0526,True,optimistic bound: no SL hit -> rode to settlement,expired
2026-09-04,2026-09-04 13:31:01,T00662,IC-SPX-FastPT25-S2-130PM,IC,SPX,shortcallspread,,7730,Chop,sl130,250.0,4750.0,0.0526,True,optimistic bound: no SL hit -> rode to settlement,expired
2026-09-04,2026-09-04 13:31:01,T00662,IC-SPX-FastPT25-S2-130PM,IC,SPX,shortcallspread,,7730,Chop,sl50,250.0,4750.0,0.0526,True,optimistic bound: no SL hit -> rode to settlement,expired
2026-09-04,2026-09-04 13:31:01,T00662,IC-SPX-FastPT25-S2-130PM,IC,SPX,shortcallspread,,7730,Chop,sl75,250.0,4750.0,0.0526,True,optimistic bound: no SL hit -> rode to settlement,expired
2026-09-04,2026-09-04 09:45:24,T00638,Nigiri-Paper-v1,OA-Mirror,,shortputspread,748,,n/a,actual,70.0,4910.0,0.0143,False,"actual exit pnl (ledger, verbatim) - NOT settlement",closed
2026-09-04,2026-09-04 09:45:24,T00638,Nigiri-Paper-v1,OA-Mirror,,shortputspread,748,,n/a,defang,,4910.0,,True,DEFERRED v1 — needs the intraday premium-decay path (mark short leg to ~$0.05) not present in the ledger. TODO: model once tick/1-min option-premium history is available.,closed
2026-09-04,2026-09-04 09:45:24,T00638,Nigiri-Paper-v1,OA-Mirror,,shortputspread,748,,n/a,pt100,70.0,4910.0,0.0143,True,optimistic bound: no PT hit -> actual exit pnl (ledger),closed
2026-09-04,2026-09-04 09:45:24,T00638,Nigiri-Paper-v1,OA-Mirror,,shortputspread,748,,n/a,pt25,22.5,4910.0,0.0046,True,optimistic bound: booked +25% of credit_basis at mfe_pct threshold,closed
2026-09-04,2026-09-04 09:45:24,T00638,Nigiri-Paper-v1,OA-Mirror,,shortputspread,748,,n/a,pt50,45.0,4910.0,0.0092,True,optimistic bound: booked +50% of credit_basis at mfe_pct threshold,closed
2026-09-04,2026-09-04 09:45:24,T00638,Nigiri-Paper-v1,OA-Mirror,,shortputspread,748,,n/a,settle,,4910.0,,True,NOT EVALUABLE — position closed early; what it would have returned held to settlement needs post-exit path data that does not exist. Never modeled.,closed
2026-09-04,2026-09-04 09:45:24,T00638,Nigiri-Paper-v1,OA-Mirror,,shortputspread,748,,n/a,sl100,-90.0,4910.0,-0.0183,True,optimistic bound: booked -100% of credit_basis at mae_pct threshold,closed
2026-09-04,2026-09-04 09:45:24,T00638,Nigiri-Paper-v1,OA-Mirror,,shortputspread,748,,n/a,sl130,-117.0,4910.0,-0.0238,True,optimistic bound: booked -130% of credit_basis at mae_pct threshold,closed
2026-09-04,2026-09-04 09:45:24,T00638,Nigiri-Paper-v1,OA-Mirror,,shortputspread,748,,n/a,sl50,-45.0,4910.0,-0.0092,True,optimistic bound: booked -50% of credit_basis at mae_pct threshold,closed
2026-09-04,2026-09-04 09:45:24,T00638,Nigiri-Paper-v1,OA-Mirror,,shortputspread,748,,n/a,sl75,-67.5,4910.0,-0.0137,True,optimistic bound: booked -75% of credit_basis at mae_pct threshold,closed
2026-09-04,2026-09-04 11:00:13,T00636,Trendy-Paper-v1,OA-Mirror,,shortputspread,755,,n/a,actual,19.0,937.0,0.0203,False,"actual exit pnl (ledger, verbatim) - NOT settlement",closed
2026-09-04,2026-09-04 11:00:13,T00636,Trendy-Paper-v1,OA-Mirror,,shortputspread,755,,n/a,defang,,937.0,,True,DEFERRED v1 — needs the intraday premium-decay path (mark short leg to ~$0.05) not present in the ledger. TODO: model once tick/1-min option-premium history is available.,closed
2026-09-04,2026-09-04 11:00:13,T00636,Trendy-Paper-v1,OA-Mirror,,shortputspread,755,,n/a,pt100,19.0,937.0,0.0203,True,optimistic bound: no PT hit -> actual exit pnl (ledger),closed
2026-09-04,2026-09-04 11:00:13,T00636,Trendy-Paper-v1,OA-Mirror,,shortputspread,755,,n/a,pt25,15.75,937.0,0.0168,True,optimistic bound: booked +25% of credit_basis at mfe_pct threshold,closed
2026-09-04,2026-09-04 11:00:13,T00636,Trendy-Paper-v1,OA-Mirror,,shortputspread,755,,n/a,pt50,31.5,937.0,0.0336,True,optimistic bound: booked +50% of credit_basis at mfe_pct threshold,closed
2026-09-04,2026-09-04 11:00:13,T00636,Trendy-Paper-v1,OA-Mirror,,shortputspread,755,,n/a,settle,,937.0,,True,NOT EVALUABLE — position closed early; what it would have returned held to settlement needs post-exit path data that does not exist. Never modeled.,closed
2026-09-04,2026-09-04 11:00:13,T00636,Trendy-Paper-v1,OA-Mirror,,shortputspread,755,,n/a,sl100,-63.0,937.0,-0.0672,True,optimistic bound: booked -100% of credit_basis at mae_pct threshold,closed
2026-09-04,2026-09-04 11:00:13,T00636,Trendy-Paper-v1,OA-Mirror,,shortputspread,755,,n/a,sl130,-81.9,937.0,-0.0874,True,optimistic bound: booked -130% of credit_basis at mae_pct threshold,closed
2026-09-04,2026-09-04 11:00:13,T00636,Trendy-Paper-v1,OA-Mirror,,shortputspread,755,,n/a,sl50,-31.5,937.0,-0.0336,True,optimistic bound: booked -50% of credit_basis at mae_pct threshold,closed
2026-09-04,2026-09-04 11:00:13,T00636,Trendy-Paper-v1,OA-Mirror,,shortputspread,755,,n/a,sl75,-47.25,937.0,-0.0504,True,optimistic bound: booked -75% of credit_basis at mae_pct threshold,closed
2026-09-08,2026-09-08 13:44:11,T00660,GF-QQQ-IC-Canary,IC,QQQ,shortputspread,718,,n/a,actual,1.0,193.0,0.0052,False,"actual exit pnl (ledger, verbatim) - NOT settlement",closed
2026-09-08,2026-09-08 13:44:11,T00660,GF-QQQ-IC-Canary,IC,QQQ,shortputspread,718,,n/a,defang,,193.0,,True,DEFERRED v1 — needs the intraday premium-decay path (mark short leg to ~$0.05) not present in the ledger. TODO: model once tick/1-min option-premium history is available.,closed
2026-09-08,2026-09-08 13:44:11,T00660,GF-QQQ-IC-Canary,IC,QQQ,shortputspread,718,,n/a,pt100,1.0,193.0,0.0052,True,optimistic bound: no PT hit -> actual exit pnl (ledger),closed
2026-09-08,2026-09-08 13:44:11,T00660,GF-QQQ-IC-Canary,IC,QQQ,shortputspread,718,,n/a,pt25,1.75,193.0,0.0091,True,optimistic bound: booked +25% of credit_basis at mfe_pct threshold,closed
2026-09-08,2026-09-08 13:44:11,T00660,GF-QQQ-IC-Canary,IC,QQQ,shortputspread,718,,n/a,pt50,1.0,193.0,0.0052,True,optimistic bound: no PT hit -> actual exit pnl (ledger),closed
2026-09-08,2026-09-08 13:44:11,T00660,GF-QQQ-IC-Canary,IC,QQQ,shortputspread,718,,n/a,settle,,193.0,,True,NOT EVALUABLE — position closed early; what it would have returned held to settlement needs post-exit path data that does not exist. Never modeled.,closed
2026-09-08,2026-09-08 13:44:11,T00660,GF-QQQ-IC-Canary,IC,QQQ,shortputspread,718,,n/a,sl100,1.0,193.0,0.0052,True,optimistic bound: no SL hit -> actual exit pnl (ledger),closed
2026-09-08,2026-09-08 13:44:11,T00660,GF-QQQ-IC-Canary,IC,QQQ,shortputspread,718,,n/a,sl130,1.0,193.0,0.0052,True,optimistic bound: no SL hit -> actual exit pnl (ledger),closed
2026-09-08,2026-09-08 13:44:11,T00660,GF-QQQ-IC-Canary,IC,QQQ,shortputspread,718,,n/a,sl50,-3.5,193.0,-0.0181,True,optimistic bound: booked -50% of credit_basis at mae_pct threshold,closed
2026-09-08,2026-09-08 13:44:11,T00660,GF-QQQ-IC-Canary,IC,QQQ,shortputspread,718,,n/a,sl75,1.0,193.0,0.0052,True,optimistic bound: no SL hit -> actual exit pnl (ledger),closed
2026-09-08,2026-09-08 13:44:11,T00654,GF-QQQ-IC-PT50,IC,QQQ,shortputspread,718,,n/a,actual,-260.0,5018.0,-0.0518,False,"actual exit pnl (ledger, verbatim) - NOT settlement",closed
2026-09-08,2026-09-08 13:44:11,T00654,GF-QQQ-IC-PT50,IC,QQQ,shortputspread,718,,n/a,defang,,5018.0,,True,DEFERRED v1 — needs the intraday premium-decay path (mark short leg to ~$0.05) not present in the ledger. TODO: model once tick/1-min option-premium history is available.,closed
2026-09-08,2026-09-08 13:44:11,T00654,GF-QQQ-IC-PT50,IC,QQQ,shortputspread,718,,n/a,pt100,-260.0,5018.0,-0.0518,True,optimistic bound: no PT hit -> actual exit pnl (ledger),closed
2026-09-08,2026-09-08 13:44:11,T00654,GF-QQQ-IC-PT50,IC,QQQ,shortputspread,718,,n/a,pt25,45.5,5018.0,0.0091,True,optimistic bound: booked +25% of credit_basis at mfe_pct threshold,closed
2026-09-08,2026-09-08 13:44:11,T00654,GF-QQQ-IC-PT50,IC,QQQ,shortputspread,718,,n/a,pt50,-260.0,5018.0,-0.0518,True,optimistic bound: no PT hit -> actual exit pnl (ledger),closed
2026-09-08,2026-09-08 13:44:11,T00654,GF-QQQ-IC-PT50,IC,QQQ,shortputspread,718,,n/a,settle,,5018.0,,True,NOT EVALUABLE — position closed early; what it would have returned held to settlement needs post-exit path data that does not exist. Never modeled.,closed
2026-09-08,2026-09-08 13:44:11,T00654,GF-QQQ-IC-PT50,IC,QQQ,shortputspread,718,,n/a,sl100,-182.0,5018.0,-0.0363,True,optimistic bound: booked -100% of credit_basis at mae_pct threshold,closed
2026-09-08,2026-09-08 13:44:11,T00654,GF-QQQ-IC-PT50,IC,QQQ,shortputspread,718,,n/a,sl130,-236.6,5018.0,-0.0472,True,optimistic bound: booked -130% of credit_basis at mae_pct threshold,closed
2026-09-08,2026-09-08 13:44:11,T00654,GF-QQQ-IC-PT50,IC,QQQ,shortputspread,718,,n/a,sl50,-91.0,5018.0,-0.0181,True,optimistic bound: booked -50% of credit_basis at mae_pct threshold,closed
2026-09-08,2026-09-08 13:44:11,T00654,GF-QQQ-IC-PT50,IC,QQQ,shortputspread,718,,n/a,sl75,-136.5,5018.0,-0.0272,True,optimistic bound: booked -75% of credit_basis at mae_pct threshold,closed
2026-09-08,2026-09-08 13:44:11,T00656,GF-QQQ-IC-Ride,IC,QQQ,shortputspread,718,,n/a,actual,-260.0,5018.0,-0.0518,False,"actual exit pnl (ledger, verbatim) - NOT settlement",closed
2026-09-08,2026-09-08 13:44:11,T00656,GF-QQQ-IC-Ride,IC,QQQ,shortputspread,718,,n/a,defang,,5018.0,,True,DEFERRED v1 — needs the intraday premium-decay path (mark short leg to ~$0.05) not present in the ledger. TODO: model once tick/1-min option-premium history is available.,closed
2026-09-08,2026-09-08 13:44:11,T00656,GF-QQQ-IC-Ride,IC,QQQ,shortputspread,718,,n/a,pt100,-260.0,5018.0,-0.0518,True,optimistic bound: no PT hit -> actual exit pnl (ledger),closed
2026-09-08,2026-09-08 13:44:11,T00656,GF-QQQ-IC-Ride,IC,QQQ,shortputspread,718,,n/a,pt25,45.5,5018.0,0.0091,True,optimistic bound: booked +25% of credit_basis at mfe_pct threshold,closed
2026-09-08,2026-09-08 13:44:11,T00656,GF-QQQ-IC-Ride,IC,QQQ,shortputspread,718,,n/a,pt50,-260.0,5018.0,-0.0518,True,optimistic bound: no PT hit -> actual exit pnl (ledger),closed
2026-09-08,2026-09-08 13:44:11,T00656,GF-QQQ-IC-Ride,IC,QQQ,shortputspread,718,,n/a,settle,,5018.0,,True,NOT EVALUABLE — position closed early; what it would have returned held to settlement needs post-exit path data that does not exist. Never modeled.,closed
2026-09-08,2026-09-08 13:44:11,T00656,GF-QQQ-IC-Ride,IC,QQQ,shortputspread,718,,n/a,sl100,-182.0,5018.0,-0.0363,True,optimistic bound: booked -100% of credit_basis at mae_pct threshold,closed
2026-09-08,2026-09-08 13:44:11,T00656,GF-QQQ-IC-Ride,IC,QQQ,shortputspread,718,,n/a,sl130,-236.6,5018.0,-0.0472,True,optimistic bound: booked -130% of credit_basis at mae_pct threshold,closed
2026-09-08,2026-09-08 13:44:11,T00656,GF-QQQ-IC-Ride,IC,QQQ,shortputspread,718,,n/a,sl50,-91.0,5018.0,-0.0181,True,optimistic bound: booked -50% of credit_basis at mae_pct threshold,closed
2026-09-08,2026-09-08 13:44:11,T00656,GF-QQQ-IC-Ride,IC,QQQ,shortputspread,718,,n/a,sl75,-136.5,5018.0,-0.0272,True,optimistic bound: booked -75% of credit_basis at mae_pct threshold,closed
2026-09-08,2026-09-08 13:44:11,T00657,GF-QQQ-IC-SL100,IC,QQQ,shortputspread,718,,n/a,actual,-910.0,5018.0,-0.1813,False,"actual exit pnl (ledger, verbatim) - NOT settlement",closed
2026-09-08,2026-09-08 13:44:11,T00657,GF-QQQ-IC-SL100,IC,QQQ,shortputspread,718,,n/a,defang,,5018.0,,True,DEFERRED v1 — needs the intraday premium-decay path (mark short leg to ~$0.05) not present in the ledger. TODO: model once tick/1-min option-premium history is available.,closed
2026-09-08,2026-09-08 13:44:11,T00657,GF-QQQ-IC-SL100,IC,QQQ,shortputspread,718,,n/a,pt100,-910.0,5018.0,-0.1813,True,optimistic bound: no PT hit -> actual exit pnl (ledger),closed
2026-09-08,2026-09-08 13:44:11,T00657,GF-QQQ-IC-SL100,IC,QQQ,shortputspread,718,,n/a,pt25,45.5,5018.0,0.0091,True,optimistic bound: booked +25% of credit_basis at mfe_pct threshold,closed
2026-09-08,2026-09-08 13:44:11,T00657,GF-QQQ-IC-SL100,IC,QQQ,shortputspread,718,,n/a,pt50,-910.0,5018.0,-0.1813,True,optimistic bound: no PT hit -> actual exit pnl (ledger),closed
2026-09-08,2026-09-08 13:44:11,T00657,GF-QQQ-IC-SL100,IC,QQQ,shortputspread,718,,n/a,settle,,5018.0,,True,NOT EVALUABLE — position closed early; what it would have returned held to settlement needs post-exit path data that does not exist. Never modeled.,closed
2026-09-08,2026-09-08 13:44:11,T00657,GF-QQQ-IC-SL100,IC,QQQ,shortputspread,718,,n/a,sl100,-182.0,5018.0,-0.0363,True,optimistic bound: booked -100% of credit_basis at mae_pct threshold,closed
2026-09-08,2026-09-08 13:44:11,T00657,GF-QQQ-IC-SL100,IC,QQQ,shortputspread,718,,n/a,sl130,-236.6,5018.0,-0.0472,True,optimistic bound: booked -130% of credit_basis at mae_pct threshold,closed
2026-09-08,2026-09-08 13:44:11,T00657,GF-QQQ-IC-SL100,IC,QQQ,shortputspread,718,,n/a,sl50,-91.0,5018.0,-0.0181,True,optimistic bound: booked -50% of credit_basis at mae_pct threshold,closed
2026-09-08,2026-09-08 13:44:11,T00657,GF-QQQ-IC-SL100,IC,QQQ,shortputspread,718,,n/a,sl75,-136.5,5018.0,-0.0272,True,optimistic bound: booked -75% of credit_basis at mae_pct threshold,closed
2026-09-08,2026-09-08 13:44:11,T00658,GF-QQQ-IC-SL200,IC,QQQ,shortputspread,718,,n/a,actual,-910.0,5018.0,-0.1813,False,"actual exit pnl (ledger, verbatim) - NOT settlement",closed
2026-09-08,2026-09-08 13:44:11,T00658,GF-QQQ-IC-SL200,IC,QQQ,shortputspread,718,,n/a,defang,,5018.0,,True,DEFERRED v1 — needs the intraday premium-decay path (mark short leg to ~$0.05) not present in the ledger. TODO: model once tick/1-min option-premium history is available.,closed
2026-09-08,2026-09-08 13:44:11,T00658,GF-QQQ-IC-SL200,IC,QQQ,shortputspread,718,,n/a,pt100,-910.0,5018.0,-0.1813,True,optimistic bound: no PT hit -> actual exit pnl (ledger),closed
2026-09-08,2026-09-08 13:44:11,T00658,GF-QQQ-IC-SL200,IC,QQQ,shortputspread,718,,n/a,pt25,45.5,5018.0,0.0091,True,optimistic bound: booked +25% of credit_basis at mfe_pct threshold,closed
2026-09-08,2026-09-08 13:44:11,T00658,GF-QQQ-IC-SL200,IC,QQQ,shortputspread,718,,n/a,pt50,-910.0,5018.0,-0.1813,True,optimistic bound: no PT hit -> actual exit pnl (ledger),closed
2026-09-08,2026-09-08 13:44:11,T00658,GF-QQQ-IC-SL200,IC,QQQ,shortputspread,718,,n/a,settle,,5018.0,,True,NOT EVALUABLE — position closed early; what it would have returned held to settlement needs post-exit path data that does not exist. Never modeled.,closed
2026-09-08,2026-09-08 13:44:11,T00658,GF-QQQ-IC-SL200,IC,QQQ,shortputspread,718,,n/a,sl100,-182.0,5018.0,-0.0363,True,optimistic bound: booked -100% of credit_basis at mae_pct threshold,closed
2026-09-08,2026-09-08 13:44:11,T00658,GF-QQQ-IC-SL200,IC,QQQ,shortputspread,718,,n/a,sl130,-236.6,5018.0,-0.0472,True,optimistic bound: booked -130% of credit_basis at mae_pct threshold,closed
2026-09-08,2026-09-08 13:44:11,T00658,GF-QQQ-IC-SL200,IC,QQQ,shortputspread,718,,n/a,sl50,-91.0,5018.0,-0.0181,True,optimistic bound: booked -50% of credit_basis at mae_pct threshold,closed
2026-09-08,2026-09-08 13:44:11,T00658,GF-QQQ-IC-SL200,IC,QQQ,shortputspread,718,,n/a,sl75,-136.5,5018.0,-0.0272,True,optimistic bound: booked -75% of credit_basis at mae_pct threshold,closed
2026-09-08,2026-09-08 13:44:11,T00655,GF-QQQ-IC-Touch0,IC,QQQ,shortputspread,718,,n/a,actual,-260.0,5018.0,-0.0518,False,"actual exit pnl (ledger, verbatim) - NOT settlement",closed
2026-09-08,2026-09-08 13:44:11,T00655,GF-QQQ-IC-Touch0,IC,QQQ,shortputspread,718,,n/a,defang,,5018.0,,True,DEFERRED v1 — needs the intraday premium-decay path (mark short leg to ~$0.05) not present in the ledger. TODO: model once tick/1-min option-premium history is available.,closed
2026-09-08,2026-09-08 13:44:11,T00655,GF-QQQ-IC-Touch0,IC,QQQ,shortputspread,718,,n/a,pt100,-260.0,5018.0,-0.0518,True,optimistic bound: no PT hit -> actual exit pnl (ledger),closed
2026-09-08,2026-09-08 13:44:11,T00655,GF-QQQ-IC-Touch0,IC,QQQ,shortputspread,718,,n/a,pt25,45.5,5018.0,0.0091,True,optimistic bound: booked +25% of credit_basis at mfe_pct threshold,closed
2026-09-08,2026-09-08 13:44:11,T00655,GF-QQQ-IC-Touch0,IC,QQQ,shortputspread,718,,n/a,pt50,-260.0,5018.0,-0.0518,True,optimistic bound: no PT hit -> actual exit pnl (ledger),closed
2026-09-08,2026-09-08 13:44:11,T00655,GF-QQQ-IC-Touch0,IC,QQQ,shortputspread,718,,n/a,settle,,5018.0,,True,NOT EVALUABLE — position closed early; what it would have returned held to settlement needs post-exit path data that does not exist. Never modeled.,closed
2026-09-08,2026-09-08 13:44:11,T00655,GF-QQQ-IC-Touch0,IC,QQQ,shortputspread,718,,n/a,sl100,-182.0,5018.0,-0.0363,True,optimistic bound: booked -100% of credit_basis at mae_pct threshold,closed
2026-09-08,2026-09-08 13:44:11,T00655,GF-QQQ-IC-Touch0,IC,QQQ,shortputspread,718,,n/a,sl130,-236.6,5018.0,-0.0472,True,optimistic bound: booked -130% of credit_basis at mae_pct threshold,closed
2026-09-08,2026-09-08 13:44:11,T00655,GF-QQQ-IC-Touch0,IC,QQQ,shortputspread,718,,n/a,sl50,-91.0,5018.0,-0.0181,True,optimistic bound: booked -50% of credit_basis at mae_pct threshold,closed
2026-09-08,2026-09-08 13:44:11,T00655,GF-QQQ-IC-Touch0,IC,QQQ,shortputspread,718,,n/a,sl75,-136.5,5018.0,-0.0272,True,optimistic bound: booked -75% of credit_basis at mae_pct threshold,closed
2026-09-08,2026-09-08 13:44:11,T00659,GF-QQQ-IC-Trail,IC,QQQ,shortputspread,718,,n/a,actual,0.0,5018.0,0.0,False,"actual exit pnl (ledger, verbatim) - NOT settlement",closed
2026-09-08,2026-09-08 13:44:11,T00659,GF-QQQ-IC-Trail,IC,QQQ,shortputspread,718,,n/a,defang,,5018.0,,True,DEFERRED v1 — needs the intraday premium-decay path (mark short leg to ~$0.05) not present in the ledger. TODO: model once tick/1-min option-premium history is available.,closed
2026-09-08,2026-09-08 13:44:11,T00659,GF-QQQ-IC-Trail,IC,QQQ,shortputspread,718,,n/a,pt100,0.0,5018.0,0.0,True,optimistic bound: no PT hit -> actual exit pnl (ledger),closed
2026-09-08,2026-09-08 13:44:11,T00659,GF-QQQ-IC-Trail,IC,QQQ,shortputspread,718,,n/a,pt25,45.5,5018.0,0.0091,True,optimistic bound: booked +25% of credit_basis at mfe_pct threshold,closed
2026-09-08,2026-09-08 13:44:11,T00659,GF-QQQ-IC-Trail,IC,QQQ,shortputspread,718,,n/a,pt50,0.0,5018.0,0.0,True,optimistic bound: no PT hit -> actual exit pnl (ledger),closed
2026-09-08,2026-09-08 13:44:11,T00659,GF-QQQ-IC-Trail,IC,QQQ,shortputspread,718,,n/a,settle,,5018.0,,True,NOT EVALUABLE — position closed early; what it would have returned held to settlement needs post-exit path data that does not exist. Never modeled.,closed
2026-09-08,2026-09-08 13:44:11,T00659,GF-QQQ-IC-Trail,IC,QQQ,shortputspread,718,,n/a,sl100,0.0,5018.0,0.0,True,optimistic bound: no SL hit -> actual exit pnl (ledger),closed
2026-09-08,2026-09-08 13:44:11,T00659,GF-QQQ-IC-Trail,IC,QQQ,shortputspread,718,,n/a,sl130,0.0,5018.0,0.0,True,optimistic bound: no SL hit -> actual exit pnl (ledger),closed
2026-09-08,2026-09-08 13:44:11,T00659,GF-QQQ-IC-Trail,IC,QQQ,shortputspread,718,,n/a,sl50,-91.0,5018.0,-0.0181,True,optimistic bound: booked -50% of credit_basis at mae_pct threshold,closed
2026-09-08,2026-09-08 13:44:11,T00659,GF-QQQ-IC-Trail,IC,QQQ,shortputspread,718,,n/a,sl75,0.0,5018.0,0.0,True,optimistic bound: no SL hit -> actual exit pnl (ledger),closed
2026-09-08,2026-09-08 11:07:01,T00661,IC-SPX-FastPT25-S2,IC,SPX,shortputspread,7635,,n/a,actual,50.0,4900.0,0.0102,False,"actual exit pnl (ledger, verbatim) - NOT settlement",closed
2026-09-08,2026-09-08 11:07:01,T00661,IC-SPX-FastPT25-S2,IC,SPX,shortputspread,7635,,n/a,defang,,4900.0,,True,DEFERRED v1 — needs the intraday premium-decay path (mark short leg to ~$0.05) not present in the ledger. TODO: model once tick/1-min option-premium history is available.,closed
2026-09-08,2026-09-08 11:07:01,T00661,IC-SPX-FastPT25-S2,IC,SPX,shortputspread,7635,,n/a,pt100,50.0,4900.0,0.0102,True,optimistic bound: no PT hit -> actual exit pnl (ledger),closed
2026-09-08,2026-09-08 11:07:01,T00661,IC-SPX-FastPT25-S2,IC,SPX,shortputspread,7635,,n/a,pt25,25.0,4900.0,0.0051,True,optimistic bound: booked +25% of credit_basis at mfe_pct threshold,closed
2026-09-08,2026-09-08 11:07:01,T00661,IC-SPX-FastPT25-S2,IC,SPX,shortputspread,7635,,n/a,pt50,50.0,4900.0,0.0102,True,optimistic bound: booked +50% of credit_basis at mfe_pct threshold,closed
2026-09-08,2026-09-08 11:07:01,T00661,IC-SPX-FastPT25-S2,IC,SPX,shortputspread,7635,,n/a,settle,,4900.0,,True,NOT EVALUABLE — position closed early; what it would have returned held to settlement needs post-exit path data that does not exist. Never modeled.,closed
2026-09-08,2026-09-08 11:07:01,T00661,IC-SPX-FastPT25-S2,IC,SPX,shortputspread,7635,,n/a,sl100,50.0,4900.0,0.0102,True,optimistic bound: no SL hit -> actual exit pnl (ledger),closed
2026-09-08,2026-09-08 11:07:01,T00661,IC-SPX-FastPT25-S2,IC,SPX,shortputspread,7635,,n/a,sl130,50.0,4900.0,0.0102,True,optimistic bound: no SL hit -> actual exit pnl (ledger),closed
2026-09-08,2026-09-08 11:07:01,T00661,IC-SPX-FastPT25-S2,IC,SPX,shortputspread,7635,,n/a,sl50,50.0,4900.0,0.0102,True,optimistic bound: no SL hit -> actual exit pnl (ledger),closed
2026-09-08,2026-09-08 11:07:01,T00661,IC-SPX-FastPT25-S2,IC,SPX,shortputspread,7635,,n/a,sl75,50.0,4900.0,0.0102,True,optimistic bound: no SL hit -> actual exit pnl (ledger),closed
2026-09-08,2026-09-08 13:31:00,T00653,IC-SPX-FastPT25-S2-130PM,IC,SPX,shortputspread,7670,,n/a,actual,-1850.0,4800.0,-0.3854,False,"actual exit pnl (ledger, verbatim) - NOT settlement",closed
2026-09-08,2026-09-08 13:31:00,T00653,IC-SPX-FastPT25-S2-130PM,IC,SPX,shortputspread,7670,,n/a,defang,,4800.0,,True,DEFERRED v1 — needs the intraday premium-decay path (mark short leg to ~$0.05) not present in the ledger. TODO: model once tick/1-min option-premium history is available.,closed
2026-09-08,2026-09-08 13:31:00,T00653,IC-SPX-FastPT25-S2-130PM,IC,SPX,shortputspread,7670,,n/a,pt100,-1850.0,4800.0,-0.3854,True,optimistic bound: no PT hit -> actual exit pnl (ledger),closed
2026-09-08,2026-09-08 13:31:00,T00653,IC-SPX-FastPT25-S2-130PM,IC,SPX,shortputspread,7670,,n/a,pt25,50.0,4800.0,0.0104,True,optimistic bound: booked +25% of credit_basis at mfe_pct threshold,closed
2026-09-08,2026-09-08 13:31:00,T00653,IC-SPX-FastPT25-S2-130PM,IC,SPX,shortputspread,7670,,n/a,pt50,100.0,4800.0,0.0208,True,optimistic bound: booked +50% of credit_basis at mfe_pct threshold,closed
2026-09-08,2026-09-08 13:31:00,T00653,IC-SPX-FastPT25-S2-130PM,IC,SPX,shortputspread,7670,,n/a,settle,,4800.0,,True,NOT EVALUABLE — position closed early; what it would have returned held to settlement needs post-exit path data that does not exist. Never modeled.,closed
2026-09-08,2026-09-08 13:31:00,T00653,IC-SPX-FastPT25-S2-130PM,IC,SPX,shortputspread,7670,,n/a,sl100,-200.0,4800.0,-0.0417,True,optimistic bound: booked -100% of credit_basis at mae_pct threshold,closed
2026-09-08,2026-09-08 13:31:00,T00653,IC-SPX-FastPT25-S2-130PM,IC,SPX,shortputspread,7670,,n/a,sl130,-260.0,4800.0,-0.0542,True,optimistic bound: booked -130% of credit_basis at mae_pct threshold,closed
2026-09-08,2026-09-08 13:31:00,T00653,IC-SPX-FastPT25-S2-130PM,IC,SPX,shortputspread,7670,,n/a,sl50,-100.0,4800.0,-0.0208,True,optimistic bound: booked -50% of credit_basis at mae_pct threshold,closed
2026-09-08,2026-09-08 13:31:00,T00653,IC-SPX-FastPT25-S2-130PM,IC,SPX,shortputspread,7670,,n/a,sl75,-150.0,4800.0,-0.0312,True,optimistic bound: booked -75% of credit_basis at mae_pct threshold,closed
2026-09-08,2026-09-08 13:31:02,T00653,IC-SPX-FastPT25-S2-130PM,IC,SPX,shortcallspread,,7710,n/a,actual,200.0,4800.0,0.0417,False,"settlement pnl (ledger, verbatim)",expired
2026-09-08,2026-09-08 13:31:02,T00653,IC-SPX-FastPT25-S2-130PM,IC,SPX,shortcallspread,,7710,n/a,defang,,4800.0,,True,DEFERRED v1 — needs the intraday premium-decay path (mark short leg to ~$0.05) not present in the ledger. TODO: model once tick/1-min option-premium history is available.,expired
2026-09-08,2026-09-08 13:31:02,T00653,IC-SPX-FastPT25-S2-130PM,IC,SPX,shortcallspread,,7710,n/a,pt100,200.0,4800.0,0.0417,True,optimistic bound: booked +100% of credit_basis at mfe_pct threshold,expired
2026-09-08,2026-09-08 13:31:02,T00653,IC-SPX-FastPT25-S2-130PM,IC,SPX,shortcallspread,,7710,n/a,pt25,50.0,4800.0,0.0104,True,optimistic bound: booked +25% of credit_basis at mfe_pct threshold,expired
2026-09-08,2026-09-08 13:31:02,T00653,IC-SPX-FastPT25-S2-130PM,IC,SPX,shortcallspread,,7710,n/a,pt50,100.0,4800.0,0.0208,True,optimistic bound: booked +50% of credit_basis at mfe_pct threshold,expired
2026-09-08,2026-09-08 13:31:02,T00653,IC-SPX-FastPT25-S2-130PM,IC,SPX,shortcallspread,,7710,n/a,sl100,200.0,4800.0,0.0417,True,optimistic bound: no SL hit -> rode to settlement,expired
2026-09-08,2026-09-08 13:31:02,T00653,IC-SPX-FastPT25-S2-130PM,IC,SPX,shortcallspread,,7710,n/a,sl130,200.0,4800.0,0.0417,True,optimistic bound: no SL hit -> rode to settlement,expired
2026-09-08,2026-09-08 13:31:02,T00653,IC-SPX-FastPT25-S2-130PM,IC,SPX,shortcallspread,,7710,n/a,sl50,-100.0,4800.0,-0.0208,True,optimistic bound: booked -50% of credit_basis at mae_pct threshold,expired
2026-09-08,2026-09-08 13:31:02,T00653,IC-SPX-FastPT25-S2-130PM,IC,SPX,shortcallspread,,7710,n/a,sl75,200.0,4800.0,0.0417,True,optimistic bound: no SL hit -> rode to settlement,expired
2026-09-09,2026-09-09 10:00:05,T00637,3DTE $140-$350,OA-Mirror,SPX,ironcondor,7455,7860,n/a,actual,35.0,950.0,0.0368,False,"actual exit pnl (ledger, verbatim) - NOT settlement",closed
2026-09-09,2026-09-09 10:00:05,T00637,3DTE $140-$350,OA-Mirror,SPX,ironcondor,7455,7860,n/a,defang,,950.0,,True,DEFERRED v1 — needs the intraday premium-decay path (mark short leg to ~$0.05) not present in the ledger. TODO: model once tick/1-min option-premium history is available.,closed
2026-09-09,2026-09-09 10:00:05,T00637,3DTE $140-$350,OA-Mirror,SPX,ironcondor,7455,7860,n/a,pt100,35.0,950.0,0.0368,True,optimistic bound: no PT hit -> actual exit pnl (ledger),closed
2026-09-09,2026-09-09 10:00:05,T00637,3DTE $140-$350,OA-Mirror,SPX,ironcondor,7455,7860,n/a,pt25,12.5,950.0,0.0132,True,optimistic bound: booked +25% of credit_basis at mfe_pct threshold,closed
2026-09-09,2026-09-09 10:00:05,T00637,3DTE $140-$350,OA-Mirror,SPX,ironcondor,7455,7860,n/a,pt50,25.0,950.0,0.0263,True,optimistic bound: booked +50% of credit_basis at mfe_pct threshold,closed
2026-09-09,2026-09-09 10:00:05,T00637,3DTE $140-$350,OA-Mirror,SPX,ironcondor,7455,7860,n/a,settle,,950.0,,True,NOT EVALUABLE — position closed early; what it would have returned held to settlement needs post-exit path data that does not exist. Never modeled.,closed
2026-09-09,2026-09-09 10:00:05,T00637,3DTE $140-$350,OA-Mirror,SPX,ironcondor,7455,7860,n/a,sl100,-50.0,950.0,-0.0526,True,optimistic bound: booked -100% of credit_basis at mae_pct threshold,closed
2026-09-09,2026-09-09 10:00:05,T00637,3DTE $140-$350,OA-Mirror,SPX,ironcondor,7455,7860,n/a,sl130,35.0,950.0,0.0368,True,optimistic bound: no SL hit -> actual exit pnl (ledger),closed
2026-09-09,2026-09-09 10:00:05,T00637,3DTE $140-$350,OA-Mirror,SPX,ironcondor,7455,7860,n/a,sl50,-25.0,950.0,-0.0263,True,optimistic bound: booked -50% of credit_basis at mae_pct threshold,closed
2026-09-09,2026-09-09 10:00:05,T00637,3DTE $140-$350,OA-Mirror,SPX,ironcondor,7455,7860,n/a,sl75,-37.5,950.0,-0.0395,True,optimistic bound: booked -75% of credit_basis at mae_pct threshold,closed
2026-09-09,2026-09-09 13:15:03,T00650,60min-ORB-10W-Paper-v1,OA-Mirror,SPX,shortcallspread,,7665,n/a,actual,50.0,930.0,0.0538,False,"actual exit pnl (ledger, verbatim) - NOT settlement",closed
2026-09-09,2026-09-09 13:15:03,T00650,60min-ORB-10W-Paper-v1,OA-Mirror,SPX,shortcallspread,,7665,n/a,defang,,930.0,,True,DEFERRED v1 — needs the intraday premium-decay path (mark short leg to ~$0.05) not present in the ledger. TODO: model once tick/1-min option-premium history is available.,closed
2026-09-09,2026-09-09 13:15:03,T00650,60min-ORB-10W-Paper-v1,OA-Mirror,SPX,shortcallspread,,7665,n/a,pt100,50.0,930.0,0.0538,True,optimistic bound: no PT hit -> actual exit pnl (ledger),closed
2026-09-09,2026-09-09 13:15:03,T00650,60min-ORB-10W-Paper-v1,OA-Mirror,SPX,shortcallspread,,7665,n/a,pt25,17.5,930.0,0.0188,True,optimistic bound: booked +25% of credit_basis at mfe_pct threshold,closed
2026-09-09,2026-09-09 13:15:03,T00650,60min-ORB-10W-Paper-v1,OA-Mirror,SPX,shortcallspread,,7665,n/a,pt50,35.0,930.0,0.0376,True,optimistic bound: booked +50% of credit_basis at mfe_pct threshold,closed
2026-09-09,2026-09-09 13:15:03,T00650,60min-ORB-10W-Paper-v1,OA-Mirror,SPX,shortcallspread,,7665,n/a,settle,,930.0,,True,NOT EVALUABLE — position closed early; what it would have returned held to settlement needs post-exit path data that does not exist. Never modeled.,closed
2026-09-09,2026-09-09 13:15:03,T00650,60min-ORB-10W-Paper-v1,OA-Mirror,SPX,shortcallspread,,7665,n/a,sl100,50.0,930.0,0.0538,True,optimistic bound: no SL hit -> actual exit pnl (ledger),closed
2026-09-09,2026-09-09 13:15:03,T00650,60min-ORB-10W-Paper-v1,OA-Mirror,SPX,shortcallspread,,7665,n/a,sl130,50.0,930.0,0.0538,True,optimistic bound: no SL hit -> actual exit pnl (ledger),closed
2026-09-09,2026-09-09 13:15:03,T00650,60min-ORB-10W-Paper-v1,OA-Mirror,SPX,shortcallspread,,7665,n/a,sl50,50.0,930.0,0.0538,True,optimistic bound: no SL hit -> actual exit pnl (ledger),closed
2026-09-09,2026-09-09 13:15:03,T00650,60min-ORB-10W-Paper-v1,OA-Mirror,SPX,shortcallspread,,7665,n/a,sl75,50.0,930.0,0.0538,True,optimistic bound: no SL hit -> actual exit pnl (ledger),closed
2026-09-09,2026-09-09 13:39:13,T00648,GF-QQQ-IC-Canary,IC,QQQ,shortputspread,713,,n/a,actual,3.0,193.0,0.0155,False,"actual exit pnl (ledger, verbatim) - NOT settlement",closed
2026-09-09,2026-09-09 13:39:13,T00648,GF-QQQ-IC-Canary,IC,QQQ,shortputspread,713,,n/a,defang,,193.0,,True,DEFERRED v1 — needs the intraday premium-decay path (mark short leg to ~$0.05) not present in the ledger. TODO: model once tick/1-min option-premium history is available.,closed
2026-09-09,2026-09-09 13:39:13,T00648,GF-QQQ-IC-Canary,IC,QQQ,shortputspread,713,,n/a,pt100,3.0,193.0,0.0155,True,optimistic bound: no PT hit -> actual exit pnl (ledger),closed
2026-09-09,2026-09-09 13:39:13,T00648,GF-QQQ-IC-Canary,IC,QQQ,shortputspread,713,,n/a,pt25,1.75,193.0,0.0091,True,optimistic bound: booked +25% of credit_basis at mfe_pct threshold,closed
2026-09-09,2026-09-09 13:39:13,T00648,GF-QQQ-IC-Canary,IC,QQQ,shortputspread,713,,n/a,pt50,3.5,193.0,0.0181,True,optimistic bound: booked +50% of credit_basis at mfe_pct threshold,closed
2026-09-09,2026-09-09 13:39:13,T00648,GF-QQQ-IC-Canary,IC,QQQ,shortputspread,713,,n/a,settle,,193.0,,True,NOT EVALUABLE — position closed early; what it would have returned held to settlement needs post-exit path data that does not exist. Never modeled.,closed
2026-09-09,2026-09-09 13:39:13,T00648,GF-QQQ-IC-Canary,IC,QQQ,shortputspread,713,,n/a,sl100,3.0,193.0,0.0155,True,optimistic bound: no SL hit -> actual exit pnl (ledger),closed
2026-09-09,2026-09-09 13:39:13,T00648,GF-QQQ-IC-Canary,IC,QQQ,shortputspread,713,,n/a,sl130,3.0,193.0,0.0155,True,optimistic bound: no SL hit -> actual exit pnl (ledger),closed
2026-09-09,2026-09-09 13:39:13,T00648,GF-QQQ-IC-Canary,IC,QQQ,shortputspread,713,,n/a,sl50,3.0,193.0,0.0155,True,optimistic bound: no SL hit -> actual exit pnl (ledger),closed
2026-09-09,2026-09-09 13:39:13,T00648,GF-QQQ-IC-Canary,IC,QQQ,shortputspread,713,,n/a,sl75,3.0,193.0,0.0155,True,optimistic bound: no SL hit -> actual exit pnl (ledger),closed
2026-09-09,2026-09-09 13:40:13,T00648,GF-QQQ-IC-Canary,IC,QQQ,shortcallspread,,718,n/a,actual,2.0,193.0,0.0104,False,"actual exit pnl (ledger, verbatim) - NOT settlement",closed
2026-09-09,2026-09-09 13:40:13,T00648,GF-QQQ-IC-Canary,IC,QQQ,shortcallspread,,718,n/a,defang,,193.0,,True,DEFERRED v1 — needs the intraday premium-decay path (mark short leg to ~$0.05) not present in the ledger. TODO: model once tick/1-min option-premium history is available.,closed
2026-09-09,2026-09-09 13:40:13,T00648,GF-QQQ-IC-Canary,IC,QQQ,shortcallspread,,718,n/a,pt100,2.0,193.0,0.0104,True,optimistic bound: no PT hit -> actual exit pnl (ledger),closed
2026-09-09,2026-09-09 13:40:13,T00648,GF-QQQ-IC-Canary,IC,QQQ,shortcallspread,,718,n/a,pt25,1.75,193.0,0.0091,True,optimistic bound: booked +25% of credit_basis at mfe_pct threshold,closed
2026-09-09,2026-09-09 13:40:13,T00648,GF-QQQ-IC-Canary,IC,QQQ,shortcallspread,,718,n/a,pt50,2.0,193.0,0.0104,True,optimistic bound: no PT hit -> actual exit pnl (ledger),closed
2026-09-09,2026-09-09 13:40:13,T00648,GF-QQQ-IC-Canary,IC,QQQ,shortcallspread,,718,n/a,settle,,193.0,,True,NOT EVALUABLE — position closed early; what it would have returned held to settlement needs post-exit path data that does not exist. Never modeled.,closed
2026-09-09,2026-09-09 13:40:13,T00648,GF-QQQ-IC-Canary,IC,QQQ,shortcallspread,,718,n/a,sl100,-7.0,193.0,-0.0363,True,optimistic bound: booked -100% of credit_basis at mae_pct threshold,closed
2026-09-09,2026-09-09 13:40:13,T00648,GF-QQQ-IC-Canary,IC,QQQ,shortcallspread,,718,n/a,sl130,-9.1,193.0,-0.0472,True,optimistic bound: booked -130% of credit_basis at mae_pct threshold,closed
2026-09-09,2026-09-09 13:40:13,T00648,GF-QQQ-IC-Canary,IC,QQQ,shortcallspread,,718,n/a,sl50,-3.5,193.0,-0.0181,True,optimistic bound: booked -50% of credit_basis at mae_pct threshold,closed
2026-09-09,2026-09-09 13:40:13,T00648,GF-QQQ-IC-Canary,IC,QQQ,shortcallspread,,718,n/a,sl75,-5.25,193.0,-0.0272,True,optimistic bound: booked -75% of credit_basis at mae_pct threshold,closed
2026-09-09,2026-09-09 13:39:13,T00649,GF-QQQ-IC-PT50,IC,QQQ,shortputspread,713,,n/a,actual,104.0,5018.0,0.0207,False,"actual exit pnl (ledger, verbatim) - NOT settlement",closed
2026-09-09,2026-09-09 13:39:13,T00649,GF-QQQ-IC-PT50,IC,QQQ,shortputspread,713,,n/a,defang,,5018.0,,True,DEFERRED v1 — needs the intraday premium-decay path (mark short leg to ~$0.05) not present in the ledger. TODO: model once tick/1-min option-premium history is available.,closed
2026-09-09,2026-09-09 13:39:13,T00649,GF-QQQ-IC-PT50,IC,QQQ,shortputspread,713,,n/a,pt100,104.0,5018.0,0.0207,True,optimistic bound: no PT hit -> actual exit pnl (ledger),closed
2026-09-09,2026-09-09 13:39:13,T00649,GF-QQQ-IC-PT50,IC,QQQ,shortputspread,713,,n/a,pt25,45.5,5018.0,0.0091,True,optimistic bound: booked +25% of credit_basis at mfe_pct threshold,closed
2026-09-09,2026-09-09 13:39:13,T00649,GF-QQQ-IC-PT50,IC,QQQ,shortputspread,713,,n/a,pt50,91.0,5018.0,0.0181,True,optimistic bound: booked +50% of credit_basis at mfe_pct threshold,closed
2026-09-09,2026-09-09 13:39:13,T00649,GF-QQQ-IC-PT50,IC,QQQ,shortputspread,713,,n/a,settle,,5018.0,,True,NOT EVALUABLE — position closed early; what it would have returned held to settlement needs post-exit path data that does not exist. Never modeled.,closed
2026-09-09,2026-09-09 13:39:13,T00649,GF-QQQ-IC-PT50,IC,QQQ,shortputspread,713,,n/a,sl100,104.0,5018.0,0.0207,True,optimistic bound: no SL hit -> actual exit pnl (ledger),closed
2026-09-09,2026-09-09 13:39:13,T00649,GF-QQQ-IC-PT50,IC,QQQ,shortputspread,713,,n/a,sl130,104.0,5018.0,0.0207,True,optimistic bound: no SL hit -> actual exit pnl (ledger),closed
2026-09-09,2026-09-09 13:39:13,T00649,GF-QQQ-IC-PT50,IC,QQQ,shortputspread,713,,n/a,sl50,104.0,5018.0,0.0207,True,optimistic bound: no SL hit -> actual exit pnl (ledger),closed
2026-09-09,2026-09-09 13:39:13,T00649,GF-QQQ-IC-PT50,IC,QQQ,shortputspread,713,,n/a,sl75,104.0,5018.0,0.0207,True,optimistic bound: no SL hit -> actual exit pnl (ledger),closed
2026-09-09,2026-09-09 13:39:13,T00645,GF-QQQ-IC-Ride,IC,QQQ,shortputspread,713,,n/a,actual,156.0,5018.0,0.0311,False,"actual exit pnl (ledger, verbatim) - NOT settlement",closed
2026-09-09,2026-09-09 13:39:13,T00645,GF-QQQ-IC-Ride,IC,QQQ,shortputspread,713,,n/a,defang,,5018.0,,True,DEFERRED v1 — needs the intraday premium-decay path (mark short leg to ~$0.05) not present in the ledger. TODO: model once tick/1-min option-premium history is available.,closed
2026-09-09,2026-09-09 13:39:13,T00645,GF-QQQ-IC-Ride,IC,QQQ,shortputspread,713,,n/a,pt100,182.0,5018.0,0.0363,True,optimistic bound: booked +100% of credit_basis at mfe_pct threshold,closed
2026-09-09,2026-09-09 13:39:13,T00645,GF-QQQ-IC-Ride,IC,QQQ,shortputspread,713,,n/a,pt25,45.5,5018.0,0.0091,True,optimistic bound: booked +25% of credit_basis at mfe_pct threshold,closed
2026-09-09,2026-09-09 13:39:13,T00645,GF-QQQ-IC-Ride,IC,QQQ,shortputspread,713,,n/a,pt50,91.0,5018.0,0.0181,True,optimistic bound: booked +50% of credit_basis at mfe_pct threshold,closed
2026-09-09,2026-09-09 13:39:13,T00645,GF-QQQ-IC-Ride,IC,QQQ,shortputspread,713,,n/a,settle,,5018.0,,True,NOT EVALUABLE — position closed early; what it would have returned held to settlement needs post-exit path data that does not exist. Never modeled.,closed
2026-09-09,2026-09-09 13:39:13,T00645,GF-QQQ-IC-Ride,IC,QQQ,shortputspread,713,,n/a,sl100,156.0,5018.0,0.0311,True,optimistic bound: no SL hit -> actual exit pnl (ledger),closed
2026-09-09,2026-09-09 13:39:13,T00645,GF-QQQ-IC-Ride,IC,QQQ,shortputspread,713,,n/a,sl130,156.0,5018.0,0.0311,True,optimistic bound: no SL hit -> actual exit pnl (ledger),closed
2026-09-09,2026-09-09 13:39:13,T00645,GF-QQQ-IC-Ride,IC,QQQ,shortputspread,713,,n/a,sl50,156.0,5018.0,0.0311,True,optimistic bound: no SL hit -> actual exit pnl (ledger),closed
2026-09-09,2026-09-09 13:39:13,T00645,GF-QQQ-IC-Ride,IC,QQQ,shortputspread,713,,n/a,sl75,156.0,5018.0,0.0311,True,optimistic bound: no SL hit -> actual exit pnl (ledger),closed
2026-09-09,2026-09-09 13:40:13,T00645,GF-QQQ-IC-Ride,IC,QQQ,shortcallspread,,718,n/a,actual,156.0,5018.0,0.0311,False,"actual exit pnl (ledger, verbatim) - NOT settlement",closed
2026-09-09,2026-09-09 13:40:13,T00645,GF-QQQ-IC-Ride,IC,QQQ,shortcallspread,,718,n/a,defang,,5018.0,,True,DEFERRED v1 — needs the intraday premium-decay path (mark short leg to ~$0.05) not present in the ledger. TODO: model once tick/1-min option-premium history is available.,closed
2026-09-09,2026-09-09 13:40:13,T00645,GF-QQQ-IC-Ride,IC,QQQ,shortcallspread,,718,n/a,pt100,156.0,5018.0,0.0311,True,optimistic bound: no PT hit -> actual exit pnl (ledger),closed
2026-09-09,2026-09-09 13:40:13,T00645,GF-QQQ-IC-Ride,IC,QQQ,shortcallspread,,718,n/a,pt25,45.5,5018.0,0.0091,True,optimistic bound: booked +25% of credit_basis at mfe_pct threshold,closed
2026-09-09,2026-09-09 13:40:13,T00645,GF-QQQ-IC-Ride,IC,QQQ,shortcallspread,,718,n/a,pt50,91.0,5018.0,0.0181,True,optimistic bound: booked +50% of credit_basis at mfe_pct threshold,closed
2026-09-09,2026-09-09 13:40:13,T00645,GF-QQQ-IC-Ride,IC,QQQ,shortcallspread,,718,n/a,settle,,5018.0,,True,NOT EVALUABLE — position closed early; what it would have returned held to settlement needs post-exit path data that does not exist. Never modeled.,closed
2026-09-09,2026-09-09 13:40:13,T00645,GF-QQQ-IC-Ride,IC,QQQ,shortcallspread,,718,n/a,sl100,-182.0,5018.0,-0.0363,True,optimistic bound: booked -100% of credit_basis at mae_pct threshold,closed
2026-09-09,2026-09-09 13:40:13,T00645,GF-QQQ-IC-Ride,IC,QQQ,shortcallspread,,718,n/a,sl130,-236.6,5018.0,-0.0472,True,optimistic bound: booked -130% of credit_basis at mae_pct threshold,closed
2026-09-09,2026-09-09 13:40:13,T00645,GF-QQQ-IC-Ride,IC,QQQ,shortcallspread,,718,n/a,sl50,-91.0,5018.0,-0.0181,True,optimistic bound: booked -50% of credit_basis at mae_pct threshold,closed
2026-09-09,2026-09-09 13:40:13,T00645,GF-QQQ-IC-Ride,IC,QQQ,shortcallspread,,718,n/a,sl75,-136.5,5018.0,-0.0272,True,optimistic bound: booked -75% of credit_basis at mae_pct threshold,closed
2026-09-09,2026-09-09 13:39:13,T00646,GF-QQQ-IC-SL100,IC,QQQ,shortputspread,713,,n/a,actual,156.0,5018.0,0.0311,False,"actual exit pnl (ledger, verbatim) - NOT settlement",closed
2026-09-09,2026-09-09 13:39:13,T00646,GF-QQQ-IC-SL100,IC,QQQ,shortputspread,713,,n/a,defang,,5018.0,,True,DEFERRED v1 — needs the intraday premium-decay path (mark short leg to ~$0.05) not present in the ledger. TODO: model once tick/1-min option-premium history is available.,closed
2026-09-09,2026-09-09 13:39:13,T00646,GF-QQQ-IC-SL100,IC,QQQ,shortputspread,713,,n/a,pt100,182.0,5018.0,0.0363,True,optimistic bound: booked +100% of credit_basis at mfe_pct threshold,closed
2026-09-09,2026-09-09 13:39:13,T00646,GF-QQQ-IC-SL100,IC,QQQ,shortputspread,713,,n/a,pt25,45.5,5018.0,0.0091,True,optimistic bound: booked +25% of credit_basis at mfe_pct threshold,closed
2026-09-09,2026-09-09 13:39:13,T00646,GF-QQQ-IC-SL100,IC,QQQ,shortputspread,713,,n/a,pt50,91.0,5018.0,0.0181,True,optimistic bound: booked +50% of credit_basis at mfe_pct threshold,closed
2026-09-09,2026-09-09 13:39:13,T00646,GF-QQQ-IC-SL100,IC,QQQ,shortputspread,713,,n/a,settle,,5018.0,,True,NOT EVALUABLE — position closed early; what it would have returned held to settlement needs post-exit path data that does not exist. Never modeled.,closed
2026-09-09,2026-09-09 13:39:13,T00646,GF-QQQ-IC-SL100,IC,QQQ,shortputspread,713,,n/a,sl100,156.0,5018.0,0.0311,True,optimistic bound: no SL hit -> actual exit pnl (ledger),closed
2026-09-09,2026-09-09 13:39:13,T00646,GF-QQQ-IC-SL100,IC,QQQ,shortputspread,713,,n/a,sl130,156.0,5018.0,0.0311,True,optimistic bound: no SL hit -> actual exit pnl (ledger),closed
2026-09-09,2026-09-09 13:39:13,T00646,GF-QQQ-IC-SL100,IC,QQQ,shortputspread,713,,n/a,sl50,156.0,5018.0,0.0311,True,optimistic bound: no SL hit -> actual exit pnl (ledger),closed
2026-09-09,2026-09-09 13:39:13,T00646,GF-QQQ-IC-SL100,IC,QQQ,shortputspread,713,,n/a,sl75,156.0,5018.0,0.0311,True,optimistic bound: no SL hit -> actual exit pnl (ledger),closed
2026-09-09,2026-09-09 13:39:13,T00643,GF-QQQ-IC-SL200,IC,QQQ,shortputspread,713,,n/a,actual,156.0,5018.0,0.0311,False,"actual exit pnl (ledger, verbatim) - NOT settlement",closed
2026-09-09,2026-09-09 13:39:13,T00643,GF-QQQ-IC-SL200,IC,QQQ,shortputspread,713,,n/a,defang,,5018.0,,True,DEFERRED v1 — needs the intraday premium-decay path (mark short leg to ~$0.05) not present in the ledger. TODO: model once tick/1-min option-premium history is available.,closed
2026-09-09,2026-09-09 13:39:13,T00643,GF-QQQ-IC-SL200,IC,QQQ,shortputspread,713,,n/a,pt100,182.0,5018.0,0.0363,True,optimistic bound: booked +100% of credit_basis at mfe_pct threshold,closed
2026-09-09,2026-09-09 13:39:13,T00643,GF-QQQ-IC-SL200,IC,QQQ,shortputspread,713,,n/a,pt25,45.5,5018.0,0.0091,True,optimistic bound: booked +25% of credit_basis at mfe_pct threshold,closed
2026-09-09,2026-09-09 13:39:13,T00643,GF-QQQ-IC-SL200,IC,QQQ,shortputspread,713,,n/a,pt50,91.0,5018.0,0.0181,True,optimistic bound: booked +50% of credit_basis at mfe_pct threshold,closed
2026-09-09,2026-09-09 13:39:13,T00643,GF-QQQ-IC-SL200,IC,QQQ,shortputspread,713,,n/a,settle,,5018.0,,True,NOT EVALUABLE — position closed early; what it would have returned held to settlement needs post-exit path data that does not exist. Never modeled.,closed
2026-09-09,2026-09-09 13:39:13,T00643,GF-QQQ-IC-SL200,IC,QQQ,shortputspread,713,,n/a,sl100,156.0,5018.0,0.0311,True,optimistic bound: no SL hit -> actual exit pnl (ledger),closed
2026-09-09,2026-09-09 13:39:13,T00643,GF-QQQ-IC-SL200,IC,QQQ,shortputspread,713,,n/a,sl130,156.0,5018.0,0.0311,True,optimistic bound: no SL hit -> actual exit pnl (ledger),closed
2026-09-09,2026-09-09 13:39:13,T00643,GF-QQQ-IC-SL200,IC,QQQ,shortputspread,713,,n/a,sl50,156.0,5018.0,0.0311,True,optimistic bound: no SL hit -> actual exit pnl (ledger),closed
2026-09-09,2026-09-09 13:39:13,T00643,GF-QQQ-IC-SL200,IC,QQQ,shortputspread,713,,n/a,sl75,156.0,5018.0,0.0311,True,optimistic bound: no SL hit -> actual exit pnl (ledger),closed
2026-09-09,2026-09-09 13:39:13,T00644,GF-QQQ-IC-Touch0,IC,QQQ,shortputspread,713,,n/a,actual,156.0,5018.0,0.0311,False,"actual exit pnl (ledger, verbatim) - NOT settlement",closed
2026-09-09,2026-09-09 13:39:13,T00644,GF-QQQ-IC-Touch0,IC,QQQ,shortputspread,713,,n/a,defang,,5018.0,,True,DEFERRED v1 — needs the intraday premium-decay path (mark short leg to ~$0.05) not present in the ledger. TODO: model once tick/1-min option-premium history is available.,closed
2026-09-09,2026-09-09 13:39:13,T00644,GF-QQQ-IC-Touch0,IC,QQQ,shortputspread,713,,n/a,pt100,182.0,5018.0,0.0363,True,optimistic bound: booked +100% of credit_basis at mfe_pct threshold,closed
2026-09-09,2026-09-09 13:39:13,T00644,GF-QQQ-IC-Touch0,IC,QQQ,shortputspread,713,,n/a,pt25,45.5,5018.0,0.0091,True,optimistic bound: booked +25% of credit_basis at mfe_pct threshold,closed
2026-09-09,2026-09-09 13:39:13,T00644,GF-QQQ-IC-Touch0,IC,QQQ,shortputspread,713,,n/a,pt50,91.0,5018.0,0.0181,True,optimistic bound: booked +50% of credit_basis at mfe_pct threshold,closed
2026-09-09,2026-09-09 13:39:13,T00644,GF-QQQ-IC-Touch0,IC,QQQ,shortputspread,713,,n/a,settle,,5018.0,,True,NOT EVALUABLE — position closed early; what it would have returned held to settlement needs post-exit path data that does not exist. Never modeled.,closed
2026-09-09,2026-09-09 13:39:13,T00644,GF-QQQ-IC-Touch0,IC,QQQ,shortputspread,713,,n/a,sl100,156.0,5018.0,0.0311,True,optimistic bound: no SL hit -> actual exit pnl (ledger),closed
2026-09-09,2026-09-09 13:39:13,T00644,GF-QQQ-IC-Touch0,IC,QQQ,shortputspread,713,,n/a,sl130,156.0,5018.0,0.0311,True,optimistic bound: no SL hit -> actual exit pnl (ledger),closed
2026-09-09,2026-09-09 13:39:13,T00644,GF-QQQ-IC-Touch0,IC,QQQ,shortputspread,713,,n/a,sl50,156.0,5018.0,0.0311,True,optimistic bound: no SL hit -> actual exit pnl (ledger),closed
2026-09-09,2026-09-09 13:39:13,T00644,GF-QQQ-IC-Touch0,IC,QQQ,shortputspread,713,,n/a,sl75,156.0,5018.0,0.0311,True,optimistic bound: no SL hit -> actual exit pnl (ledger),closed
2026-09-09,2026-09-09 13:40:13,T00644,GF-QQQ-IC-Touch0,IC,QQQ,shortcallspread,,718,n/a,actual,156.0,5018.0,0.0311,False,"actual exit pnl (ledger, verbatim) - NOT settlement",closed
2026-09-09,2026-09-09 13:40:13,T00644,GF-QQQ-IC-Touch0,IC,QQQ,shortcallspread,,718,n/a,defang,,5018.0,,True,DEFERRED v1 — needs the intraday premium-decay path (mark short leg to ~$0.05) not present in the ledger. TODO: model once tick/1-min option-premium history is available.,closed
2026-09-09,2026-09-09 13:40:13,T00644,GF-QQQ-IC-Touch0,IC,QQQ,shortcallspread,,718,n/a,pt100,156.0,5018.0,0.0311,True,optimistic bound: no PT hit -> actual exit pnl (ledger),closed
2026-09-09,2026-09-09 13:40:13,T00644,GF-QQQ-IC-Touch0,IC,QQQ,shortcallspread,,718,n/a,pt25,45.5,5018.0,0.0091,True,optimistic bound: booked +25% of credit_basis at mfe_pct threshold,closed
2026-09-09,2026-09-09 13:40:13,T00644,GF-QQQ-IC-Touch0,IC,QQQ,shortcallspread,,718,n/a,pt50,91.0,5018.0,0.0181,True,optimistic bound: booked +50% of credit_basis at mfe_pct threshold,closed
2026-09-09,2026-09-09 13:40:13,T00644,GF-QQQ-IC-Touch0,IC,QQQ,shortcallspread,,718,n/a,settle,,5018.0,,True,NOT EVALUABLE — position closed early; what it would have returned held to settlement needs post-exit path data that does not exist. Never modeled.,closed
2026-09-09,2026-09-09 13:40:13,T00644,GF-QQQ-IC-Touch0,IC,QQQ,shortcallspread,,718,n/a,sl100,-182.0,5018.0,-0.0363,True,optimistic bound: booked -100% of credit_basis at mae_pct threshold,closed
2026-09-09,2026-09-09 13:40:13,T00644,GF-QQQ-IC-Touch0,IC,QQQ,shortcallspread,,718,n/a,sl130,-236.6,5018.0,-0.0472,True,optimistic bound: booked -130% of credit_basis at mae_pct threshold,closed
2026-09-09,2026-09-09 13:40:13,T00644,GF-QQQ-IC-Touch0,IC,QQQ,shortcallspread,,718,n/a,sl50,-91.0,5018.0,-0.0181,True,optimistic bound: booked -50% of credit_basis at mae_pct threshold,closed
2026-09-09,2026-09-09 13:40:13,T00644,GF-QQQ-IC-Touch0,IC,QQQ,shortcallspread,,718,n/a,sl75,-136.5,5018.0,-0.0272,True,optimistic bound: booked -75% of credit_basis at mae_pct threshold,closed
2026-09-09,2026-09-09 13:39:13,T00647,GF-QQQ-IC-Trail,IC,QQQ,shortputspread,713,,n/a,actual,26.0,5018.0,0.0052,False,"actual exit pnl (ledger, verbatim) - NOT settlement",closed
2026-09-09,2026-09-09 13:39:13,T00647,GF-QQQ-IC-Trail,IC,QQQ,shortputspread,713,,n/a,defang,,5018.0,,True,DEFERRED v1 — needs the intraday premium-decay path (mark short leg to ~$0.05) not present in the ledger. TODO: model once tick/1-min option-premium history is available.,closed
2026-09-09,2026-09-09 13:39:13,T00647,GF-QQQ-IC-Trail,IC,QQQ,shortputspread,713,,n/a,pt100,26.0,5018.0,0.0052,True,optimistic bound: no PT hit -> actual exit pnl (ledger),closed
2026-09-09,2026-09-09 13:39:13,T00647,GF-QQQ-IC-Trail,IC,QQQ,shortputspread,713,,n/a,pt25,45.5,5018.0,0.0091,True,optimistic bound: booked +25% of credit_basis at mfe_pct threshold,closed
2026-09-09,2026-09-09 13:39:13,T00647,GF-QQQ-IC-Trail,IC,QQQ,shortputspread,713,,n/a,pt50,91.0,5018.0,0.0181,True,optimistic bound: booked +50% of credit_basis at mfe_pct threshold,closed
2026-09-09,2026-09-09 13:39:13,T00647,GF-QQQ-IC-Trail,IC,QQQ,shortputspread,713,,n/a,settle,,5018.0,,True,NOT EVALUABLE — position closed early; what it would have returned held to settlement needs post-exit path data that does not exist. Never modeled.,closed
2026-09-09,2026-09-09 13:39:13,T00647,GF-QQQ-IC-Trail,IC,QQQ,shortputspread,713,,n/a,sl100,26.0,5018.0,0.0052,True,optimistic bound: no SL hit -> actual exit pnl (ledger),closed
2026-09-09,2026-09-09 13:39:13,T00647,GF-QQQ-IC-Trail,IC,QQQ,shortputspread,713,,n/a,sl130,26.0,5018.0,0.0052,True,optimistic bound: no SL hit -> actual exit pnl (ledger),closed
2026-09-09,2026-09-09 13:39:13,T00647,GF-QQQ-IC-Trail,IC,QQQ,shortputspread,713,,n/a,sl50,26.0,5018.0,0.0052,True,optimistic bound: no SL hit -> actual exit pnl (ledger),closed
2026-09-09,2026-09-09 13:39:13,T00647,GF-QQQ-IC-Trail,IC,QQQ,shortputspread,713,,n/a,sl75,26.0,5018.0,0.0052,True,optimistic bound: no SL hit -> actual exit pnl (ledger),closed
2026-09-09,2026-09-09 13:40:13,T00647,GF-QQQ-IC-Trail,IC,QQQ,shortcallspread,,718,n/a,actual,52.0,5018.0,0.0104,False,"actual exit pnl (ledger, verbatim) - NOT settlement",closed
2026-09-09,2026-09-09 13:40:13,T00647,GF-QQQ-IC-Trail,IC,QQQ,shortcallspread,,718,n/a,defang,,5018.0,,True,DEFERRED v1 — needs the intraday premium-decay path (mark short leg to ~$0.05) not present in the ledger. TODO: model once tick/1-min option-premium history is available.,closed
2026-09-09,2026-09-09 13:40:13,T00647,GF-QQQ-IC-Trail,IC,QQQ,shortcallspread,,718,n/a,pt100,52.0,5018.0,0.0104,True,optimistic bound: no PT hit -> actual exit pnl (ledger),closed
2026-09-09,2026-09-09 13:40:13,T00647,GF-QQQ-IC-Trail,IC,QQQ,shortcallspread,,718,n/a,pt25,45.5,5018.0,0.0091,True,optimistic bound: booked +25% of credit_basis at mfe_pct threshold,closed
2026-09-09,2026-09-09 13:40:13,T00647,GF-QQQ-IC-Trail,IC,QQQ,shortcallspread,,718,n/a,pt50,91.0,5018.0,0.0181,True,optimistic bound: booked +50% of credit_basis at mfe_pct threshold,closed
2026-09-09,2026-09-09 13:40:13,T00647,GF-QQQ-IC-Trail,IC,QQQ,shortcallspread,,718,n/a,settle,,5018.0,,True,NOT EVALUABLE — position closed early; what it would have returned held to settlement needs post-exit path data that does not exist. Never modeled.,closed
2026-09-09,2026-09-09 13:40:13,T00647,GF-QQQ-IC-Trail,IC,QQQ,shortcallspread,,718,n/a,sl100,-182.0,5018.0,-0.0363,True,optimistic bound: booked -100% of credit_basis at mae_pct threshold,closed
2026-09-09,2026-09-09 13:40:13,T00647,GF-QQQ-IC-Trail,IC,QQQ,shortcallspread,,718,n/a,sl130,-236.6,5018.0,-0.0472,True,optimistic bound: booked -130% of credit_basis at mae_pct threshold,closed
2026-09-09,2026-09-09 13:40:13,T00647,GF-QQQ-IC-Trail,IC,QQQ,shortcallspread,,718,n/a,sl50,-91.0,5018.0,-0.0181,True,optimistic bound: booked -50% of credit_basis at mae_pct threshold,closed
2026-09-09,2026-09-09 13:40:13,T00647,GF-QQQ-IC-Trail,IC,QQQ,shortcallspread,,718,n/a,sl75,-136.5,5018.0,-0.0272,True,optimistic bound: booked -75% of credit_basis at mae_pct threshold,closed
2026-09-09,2026-09-09 11:01:00,T00651,IC-SPX-FastPT25-S2,IC,SPX,shortputspread,7600,,n/a,actual,-100.0,4900.0,-0.0204,False,"actual exit pnl (ledger, verbatim) - NOT settlement",closed
2026-09-09,2026-09-09 11:01:00,T00651,IC-SPX-FastPT25-S2,IC,SPX,shortputspread,7600,,n/a,defang,,4900.0,,True,DEFERRED v1 — needs the intraday premium-decay path (mark short leg to ~$0.05) not present in the ledger. TODO: model once tick/1-min option-premium history is available.,closed
2026-09-09,2026-09-09 11:01:00,T00651,IC-SPX-FastPT25-S2,IC,SPX,shortputspread,7600,,n/a,pt100,-100.0,4900.0,-0.0204,True,optimistic bound: no PT hit -> actual exit pnl (ledger),closed
2026-09-09,2026-09-09 11:01:00,T00651,IC-SPX-FastPT25-S2,IC,SPX,shortputspread,7600,,n/a,pt25,-100.0,4900.0,-0.0204,True,optimistic bound: no PT hit -> actual exit pnl (ledger),closed
2026-09-09,2026-09-09 11:01:00,T00651,IC-SPX-FastPT25-S2,IC,SPX,shortputspread,7600,,n/a,pt50,-100.0,4900.0,-0.0204,True,optimistic bound: no PT hit -> actual exit pnl (ledger),closed
2026-09-09,2026-09-09 11:01:00,T00651,IC-SPX-FastPT25-S2,IC,SPX,shortputspread,7600,,n/a,settle,,4900.0,,True,NOT EVALUABLE — position closed early; what it would have returned held to settlement needs post-exit path data that does not exist. Never modeled.,closed
2026-09-09,2026-09-09 11:01:00,T00651,IC-SPX-FastPT25-S2,IC,SPX,shortputspread,7600,,n/a,sl100,-100.0,4900.0,-0.0204,True,optimistic bound: booked -100% of credit_basis at mae_pct threshold,closed
2026-09-09,2026-09-09 11:01:00,T00651,IC-SPX-FastPT25-S2,IC,SPX,shortputspread,7600,,n/a,sl130,-130.0,4900.0,-0.0265,True,optimistic bound: booked -130% of credit_basis at mae_pct threshold,closed
2026-09-09,2026-09-09 11:01:00,T00651,IC-SPX-FastPT25-S2,IC,SPX,shortputspread,7600,,n/a,sl50,-50.0,4900.0,-0.0102,True,optimistic bound: booked -50% of credit_basis at mae_pct threshold,closed
2026-09-09,2026-09-09 11:01:00,T00651,IC-SPX-FastPT25-S2,IC,SPX,shortputspread,7600,,n/a,sl75,-75.0,4900.0,-0.0153,True,optimistic bound: booked -75% of credit_basis at mae_pct threshold,closed
2026-09-09,2026-09-09 13:31:00,T00642,IC-SPX-FastPT25-S2-130PM,IC,SPX,shortputspread,7620,,n/a,actual,250.0,4750.0,0.0526,False,"settlement pnl (ledger, verbatim)",expired
2026-09-09,2026-09-09 13:31:00,T00642,IC-SPX-FastPT25-S2-130PM,IC,SPX,shortputspread,7620,,n/a,defang,,4750.0,,True,DEFERRED v1 — needs the intraday premium-decay path (mark short leg to ~$0.05) not present in the ledger. TODO: model once tick/1-min option-premium history is available.,expired
2026-09-09,2026-09-09 13:31:00,T00642,IC-SPX-FastPT25-S2-130PM,IC,SPX,shortputspread,7620,,n/a,pt100,250.0,4750.0,0.0526,True,optimistic bound: booked +100% of credit_basis at mfe_pct threshold,expired
2026-09-09,2026-09-09 13:31:00,T00642,IC-SPX-FastPT25-S2-130PM,IC,SPX,shortputspread,7620,,n/a,pt25,62.5,4750.0,0.0132,True,optimistic bound: booked +25% of credit_basis at mfe_pct threshold,expired
2026-09-09,2026-09-09 13:31:00,T00642,IC-SPX-FastPT25-S2-130PM,IC,SPX,shortputspread,7620,,n/a,pt50,125.0,4750.0,0.0263,True,optimistic bound: booked +50% of credit_basis at mfe_pct threshold,expired
2026-09-09,2026-09-09 13:31:00,T00642,IC-SPX-FastPT25-S2-130PM,IC,SPX,shortputspread,7620,,n/a,sl100,250.0,4750.0,0.0526,True,optimistic bound: no SL hit -> rode to settlement,expired
2026-09-09,2026-09-09 13:31:00,T00642,IC-SPX-FastPT25-S2-130PM,IC,SPX,shortputspread,7620,,n/a,sl130,250.0,4750.0,0.0526,True,optimistic bound: no SL hit -> rode to settlement,expired
2026-09-09,2026-09-09 13:31:00,T00642,IC-SPX-FastPT25-S2-130PM,IC,SPX,shortputspread,7620,,n/a,sl50,-125.0,4750.0,-0.0263,True,optimistic bound: booked -50% of credit_basis at mae_pct threshold,expired
2026-09-09,2026-09-09 13:31:00,T00642,IC-SPX-FastPT25-S2-130PM,IC,SPX,shortputspread,7620,,n/a,sl75,250.0,4750.0,0.0526,True,optimistic bound: no SL hit -> rode to settlement,expired
2026-09-09,2026-09-09 13:31:02,T00642,IC-SPX-FastPT25-S2-130PM,IC,SPX,shortcallspread,,7665,n/a,actual,250.0,4750.0,0.0526,False,"settlement pnl (ledger, verbatim)",expired
2026-09-09,2026-09-09 13:31:02,T00642,IC-SPX-FastPT25-S2-130PM,IC,SPX,shortcallspread,,7665,n/a,defang,,4750.0,,True,DEFERRED v1 — needs the intraday premium-decay path (mark short leg to ~$0.05) not present in the ledger. TODO: model once tick/1-min option-premium history is available.,expired
2026-09-09,2026-09-09 13:31:02,T00642,IC-SPX-FastPT25-S2-130PM,IC,SPX,shortcallspread,,7665,n/a,pt100,250.0,4750.0,0.0526,True,optimistic bound: booked +100% of credit_basis at mfe_pct threshold,expired
2026-09-09,2026-09-09 13:31:02,T00642,IC-SPX-FastPT25-S2-130PM,IC,SPX,shortcallspread,,7665,n/a,pt25,62.5,4750.0,0.0132,True,optimistic bound: booked +25% of credit_basis at mfe_pct threshold,expired
2026-09-09,2026-09-09 13:31:02,T00642,IC-SPX-FastPT25-S2-130PM,IC,SPX,shortcallspread,,7665,n/a,pt50,125.0,4750.0,0.0263,True,optimistic bound: booked +50% of credit_basis at mfe_pct threshold,expired
2026-09-09,2026-09-09 13:31:02,T00642,IC-SPX-FastPT25-S2-130PM,IC,SPX,shortcallspread,,7665,n/a,sl100,250.0,4750.0,0.0526,True,optimistic bound: no SL hit -> rode to settlement,expired
2026-09-09,2026-09-09 13:31:02,T00642,IC-SPX-FastPT25-S2-130PM,IC,SPX,shortcallspread,,7665,n/a,sl130,250.0,4750.0,0.0526,True,optimistic bound: no SL hit -> rode to settlement,expired
2026-09-09,2026-09-09 13:31:02,T00642,IC-SPX-FastPT25-S2-130PM,IC,SPX,shortcallspread,,7665,n/a,sl50,250.0,4750.0,0.0526,True,optimistic bound: no SL hit -> rode to settlement,expired
2026-09-09,2026-09-09 13:31:02,T00642,IC-SPX-FastPT25-S2-130PM,IC,SPX,shortcallspread,,7665,n/a,sl75,250.0,4750.0,0.0526,True,optimistic bound: no SL hit -> rode to settlement,expired
2026-09-10,2026-09-10 11:01:01,T00640,IC-SPX-FastPT25-S2,IC,SPX,shortputspread,7550,,n/a,actual,150.0,4850.0,0.0309,False,"settlement pnl (ledger, verbatim)",expired
2026-09-10,2026-09-10 11:01:01,T00640,IC-SPX-FastPT25-S2,IC,SPX,shortputspread,7550,,n/a,defang,,4850.0,,True,DEFERRED v1 — needs the intraday premium-decay path (mark short leg to ~$0.05) not present in the ledger. TODO: model once tick/1-min option-premium history is available.,expired
2026-09-10,2026-09-10 11:01:01,T00640,IC-SPX-FastPT25-S2,IC,SPX,shortputspread,7550,,n/a,pt100,150.0,4850.0,0.0309,True,optimistic bound: booked +100% of credit_basis at mfe_pct threshold,expired
2026-09-10,2026-09-10 11:01:01,T00640,IC-SPX-FastPT25-S2,IC,SPX,shortputspread,7550,,n/a,pt25,37.5,4850.0,0.0077,True,optimistic bound: booked +25% of credit_basis at mfe_pct threshold,expired
2026-09-10,2026-09-10 11:01:01,T00640,IC-SPX-FastPT25-S2,IC,SPX,shortputspread,7550,,n/a,pt50,75.0,4850.0,0.0155,True,optimistic bound: booked +50% of credit_basis at mfe_pct threshold,expired
2026-09-10,2026-09-10 11:01:01,T00640,IC-SPX-FastPT25-S2,IC,SPX,shortputspread,7550,,n/a,sl100,150.0,4850.0,0.0309,True,optimistic bound: no SL hit -> rode to settlement,expired
2026-09-10,2026-09-10 11:01:01,T00640,IC-SPX-FastPT25-S2,IC,SPX,shortputspread,7550,,n/a,sl130,150.0,4850.0,0.0309,True,optimistic bound: no SL hit -> rode to settlement,expired
2026-09-10,2026-09-10 11:01:01,T00640,IC-SPX-FastPT25-S2,IC,SPX,shortputspread,7550,,n/a,sl50,-75.0,4850.0,-0.0155,True,optimistic bound: booked -50% of credit_basis at mae_pct threshold,expired
2026-09-10,2026-09-10 11:01:01,T00640,IC-SPX-FastPT25-S2,IC,SPX,shortputspread,7550,,n/a,sl75,-112.5,4850.0,-0.0232,True,optimistic bound: booked -75% of credit_basis at mae_pct threshold,expired
2026-09-10,2026-09-10 11:03:03,T00640,IC-SPX-FastPT25-S2,IC,SPX,shortcallspread,,7655,n/a,actual,100.0,4900.0,0.0204,False,"settlement pnl (ledger, verbatim)",expired
2026-09-10,2026-09-10 11:03:03,T00640,IC-SPX-FastPT25-S2,IC,SPX,shortcallspread,,7655,n/a,defang,,4900.0,,True,DEFERRED v1 — needs the intraday premium-decay path (mark short leg to ~$0.05) not present in the ledger. TODO: model once tick/1-min option-premium history is available.,expired
2026-09-10,2026-09-10 11:03:03,T00640,IC-SPX-FastPT25-S2,IC,SPX,shortcallspread,,7655,n/a,pt100,100.0,4900.0,0.0204,True,optimistic bound: booked +100% of credit_basis at mfe_pct threshold,expired
2026-09-10,2026-09-10 11:03:03,T00640,IC-SPX-FastPT25-S2,IC,SPX,shortcallspread,,7655,n/a,pt25,25.0,4900.0,0.0051,True,optimistic bound: booked +25% of credit_basis at mfe_pct threshold,expired
2026-09-10,2026-09-10 11:03:03,T00640,IC-SPX-FastPT25-S2,IC,SPX,shortcallspread,,7655,n/a,pt50,50.0,4900.0,0.0102,True,optimistic bound: booked +50% of credit_basis at mfe_pct threshold,expired
2026-09-10,2026-09-10 11:03:03,T00640,IC-SPX-FastPT25-S2,IC,SPX,shortcallspread,,7655,n/a,sl100,100.0,4900.0,0.0204,True,optimistic bound: no SL hit -> rode to settlement,expired
2026-09-10,2026-09-10 11:03:03,T00640,IC-SPX-FastPT25-S2,IC,SPX,shortcallspread,,7655,n/a,sl130,100.0,4900.0,0.0204,True,optimistic bound: no SL hit -> rode to settlement,expired
2026-09-10,2026-09-10 11:03:03,T00640,IC-SPX-FastPT25-S2,IC,SPX,shortcallspread,,7655,n/a,sl50,100.0,4900.0,0.0204,True,optimistic bound: no SL hit -> rode to settlement,expired
2026-09-10,2026-09-10 11:03:03,T00640,IC-SPX-FastPT25-S2,IC,SPX,shortcallspread,,7655,n/a,sl75,100.0,4900.0,0.0204,True,optimistic bound: no SL hit -> rode to settlement,expired
2026-09-10,2026-09-10 13:31:00,T00639,IC-SPX-FastPT25-S2-130PM,IC,SPX,shortputspread,7570,,n/a,actual,250.0,4750.0,0.0526,False,"settlement pnl (ledger, verbatim)",expired
2026-09-10,2026-09-10 13:31:00,T00639,IC-SPX-FastPT25-S2-130PM,IC,SPX,shortputspread,7570,,n/a,defang,,4750.0,,True,DEFERRED v1 — needs the intraday premium-decay path (mark short leg to ~$0.05) not present in the ledger. TODO: model once tick/1-min option-premium history is available.,expired
2026-09-10,2026-09-10 13:31:00,T00639,IC-SPX-FastPT25-S2-130PM,IC,SPX,shortputspread,7570,,n/a,pt100,250.0,4750.0,0.0526,True,optimistic bound: booked +100% of credit_basis at mfe_pct threshold,expired
2026-09-10,2026-09-10 13:31:00,T00639,IC-SPX-FastPT25-S2-130PM,IC,SPX,shortputspread,7570,,n/a,pt25,62.5,4750.0,0.0132,True,optimistic bound: booked +25% of credit_basis at mfe_pct threshold,expired
2026-09-10,2026-09-10 13:31:00,T00639,IC-SPX-FastPT25-S2-130PM,IC,SPX,shortputspread,7570,,n/a,pt50,125.0,4750.0,0.0263,True,optimistic bound: booked +50% of credit_basis at mfe_pct threshold,expired
2026-09-10,2026-09-10 13:31:00,T00639,IC-SPX-FastPT25-S2-130PM,IC,SPX,shortputspread,7570,,n/a,sl100,-250.0,4750.0,-0.0526,True,optimistic bound: booked -100% of credit_basis at mae_pct threshold,expired
2026-09-10,2026-09-10 13:31:00,T00639,IC-SPX-FastPT25-S2-130PM,IC,SPX,shortputspread,7570,,n/a,sl130,250.0,4750.0,0.0526,True,optimistic bound: no SL hit -> rode to settlement,expired
2026-09-10,2026-09-10 13:31:00,T00639,IC-SPX-FastPT25-S2-130PM,IC,SPX,shortputspread,7570,,n/a,sl50,-125.0,4750.0,-0.0263,True,optimistic bound: booked -50% of credit_basis at mae_pct threshold,expired
2026-09-10,2026-09-10 13:31:00,T00639,IC-SPX-FastPT25-S2-130PM,IC,SPX,shortputspread,7570,,n/a,sl75,-187.5,4750.0,-0.0395,True,optimistic bound: booked -75% of credit_basis at mae_pct threshold,expired
2026-09-10,2026-09-10 13:31:01,T00639,IC-SPX-FastPT25-S2-130PM,IC,SPX,shortcallspread,,7620,n/a,actual,350.0,4650.0,0.0753,False,"settlement pnl (ledger, verbatim)",expired
2026-09-10,2026-09-10 13:31:01,T00639,IC-SPX-FastPT25-S2-130PM,IC,SPX,shortcallspread,,7620,n/a,defang,,4650.0,,True,DEFERRED v1 — needs the intraday premium-decay path (mark short leg to ~$0.05) not present in the ledger. TODO: model once tick/1-min option-premium history is available.,expired
2026-09-10,2026-09-10 13:31:01,T00639,IC-SPX-FastPT25-S2-130PM,IC,SPX,shortcallspread,,7620,n/a,pt100,350.0,4650.0,0.0753,True,optimistic bound: booked +100% of credit_basis at mfe_pct threshold,expired
2026-09-10,2026-09-10 13:31:01,T00639,IC-SPX-FastPT25-S2-130PM,IC,SPX,shortcallspread,,7620,n/a,pt25,87.5,4650.0,0.0188,True,optimistic bound: booked +25% of credit_basis at mfe_pct threshold,expired
2026-09-10,2026-09-10 13:31:01,T00639,IC-SPX-FastPT25-S2-130PM,IC,SPX,shortcallspread,,7620,n/a,pt50,175.0,4650.0,0.0376,True,optimistic bound: booked +50% of credit_basis at mfe_pct threshold,expired
2026-09-10,2026-09-10 13:31:01,T00639,IC-SPX-FastPT25-S2-130PM,IC,SPX,shortcallspread,,7620,n/a,sl100,350.0,4650.0,0.0753,True,optimistic bound: no SL hit -> rode to settlement,expired
2026-09-10,2026-09-10 13:31:01,T00639,IC-SPX-FastPT25-S2-130PM,IC,SPX,shortcallspread,,7620,n/a,sl130,350.0,4650.0,0.0753,True,optimistic bound: no SL hit -> rode to settlement,expired
2026-09-10,2026-09-10 13:31:01,T00639,IC-SPX-FastPT25-S2-130PM,IC,SPX,shortcallspread,,7620,n/a,sl50,350.0,4650.0,0.0753,True,optimistic bound: no SL hit -> rode to settlement,expired
2026-09-10,2026-09-10 13:31:01,T00639,IC-SPX-FastPT25-S2-130PM,IC,SPX,shortcallspread,,7620,n/a,sl75,350.0,4650.0,0.0753,True,optimistic bound: no SL hit -> rode to settlement,expired
2026-09-11,2026-09-11 10:10:01,T00623,3DTE $140-$350,OA-Mirror,SPX,ironcondor,7525,7810,n/a,actual,35.0,965.0,0.0363,False,"settlement pnl (ledger, verbatim)",expired
2026-09-11,2026-09-11 10:10:01,T00623,3DTE $140-$350,OA-Mirror,SPX,ironcondor,7525,7810,n/a,defang,,965.0,,True,DEFERRED v1 — needs the intraday premium-decay path (mark short leg to ~$0.05) not present in the ledger. TODO: model once tick/1-min option-premium history is available.,expired
2026-09-11,2026-09-11 10:10:01,T00623,3DTE $140-$350,OA-Mirror,SPX,ironcondor,7525,7810,n/a,pt100,35.0,965.0,0.0363,True,optimistic bound: booked +100% of credit_basis at mfe_pct threshold,expired
2026-09-11,2026-09-11 10:10:01,T00623,3DTE $140-$350,OA-Mirror,SPX,ironcondor,7525,7810,n/a,pt25,8.75,965.0,0.0091,True,optimistic bound: booked +25% of credit_basis at mfe_pct threshold,expired
2026-09-11,2026-09-11 10:10:01,T00623,3DTE $140-$350,OA-Mirror,SPX,ironcondor,7525,7810,n/a,pt50,17.5,965.0,0.0181,True,optimistic bound: booked +50% of credit_basis at mfe_pct threshold,expired
2026-09-11,2026-09-11 10:10:01,T00623,3DTE $140-$350,OA-Mirror,SPX,ironcondor,7525,7810,n/a,sl100,35.0,965.0,0.0363,True,optimistic bound: no SL hit -> rode to settlement,expired
2026-09-11,2026-09-11 10:10:01,T00623,3DTE $140-$350,OA-Mirror,SPX,ironcondor,7525,7810,n/a,sl130,35.0,965.0,0.0363,True,optimistic bound: no SL hit -> rode to settlement,expired
2026-09-11,2026-09-11 10:10:01,T00623,3DTE $140-$350,OA-Mirror,SPX,ironcondor,7525,7810,n/a,sl50,35.0,965.0,0.0363,True,optimistic bound: no SL hit -> rode to settlement,expired
2026-09-11,2026-09-11 10:10:01,T00623,3DTE $140-$350,OA-Mirror,SPX,ironcondor,7525,7810,n/a,sl75,35.0,965.0,0.0363,True,optimistic bound: no SL hit -> rode to settlement,expired
2026-09-11,2026-09-11 11:00:03,T00634,DIR-SPX-CallVIXdrop,Directional,SPX,longcallspread,,7670,n/a,actual,45.0,610.0,0.0738,False,"actual exit pnl (ledger, verbatim) - NOT settlement",closed
2026-09-11,2026-09-11 11:00:03,T00634,DIR-SPX-CallVIXdrop,Directional,SPX,longcallspread,,7670,n/a,defang,,610.0,,True,DEFERRED v1 — needs the intraday premium-decay path (mark short leg to ~$0.05) not present in the ledger. TODO: model once tick/1-min option-premium history is available.,closed
2026-09-11,2026-09-11 11:00:03,T00634,DIR-SPX-CallVIXdrop,Directional,SPX,longcallspread,,7670,n/a,pt100,610.0,610.0,1.0,True,optimistic bound: booked +100% of credit_basis at mfe_pct threshold,closed
2026-09-11,2026-09-11 11:00:03,T00634,DIR-SPX-CallVIXdrop,Directional,SPX,longcallspread,,7670,n/a,pt25,152.5,610.0,0.25,True,optimistic bound: booked +25% of credit_basis at mfe_pct threshold,closed
2026-09-11,2026-09-11 11:00:03,T00634,DIR-SPX-CallVIXdrop,Directional,SPX,longcallspread,,7670,n/a,pt50,305.0,610.0,0.5,True,optimistic bound: booked +50% of credit_basis at mfe_pct threshold,closed
2026-09-11,2026-09-11 11:00:03,T00634,DIR-SPX-CallVIXdrop,Directional,SPX,longcallspread,,7670,n/a,settle,,610.0,,True,NOT EVALUABLE — position closed early; what it would have returned held to settlement needs post-exit path data that does not exist. Never modeled.,closed
2026-09-11,2026-09-11 11:00:03,T00634,DIR-SPX-CallVIXdrop,Directional,SPX,longcallspread,,7670,n/a,sl100,45.0,610.0,0.0738,True,optimistic bound: no SL hit -> actual exit pnl (ledger),closed
2026-09-11,2026-09-11 11:00:03,T00634,DIR-SPX-CallVIXdrop,Directional,SPX,longcallspread,,7670,n/a,sl130,45.0,610.0,0.0738,True,optimistic bound: no SL hit -> actual exit pnl (ledger),closed
2026-09-11,2026-09-11 11:00:03,T00634,DIR-SPX-CallVIXdrop,Directional,SPX,longcallspread,,7670,n/a,sl50,45.0,610.0,0.0738,True,optimistic bound: no SL hit -> actual exit pnl (ledger),closed
2026-09-11,2026-09-11 11:00:03,T00634,DIR-SPX-CallVIXdrop,Directional,SPX,longcallspread,,7670,n/a,sl75,45.0,610.0,0.0738,True,optimistic bound: no SL hit -> actual exit pnl (ledger),closed
2026-09-11,2026-09-11 10:30:03,T00635,Friday 14 DTE Broken Wing IB (B-70),OA-Mirror,,ironbutterfly,7600,7600,n/a,actual,215.0,1900.0,0.1132,False,"actual exit pnl (ledger, verbatim) - NOT settlement",closed
2026-09-11,2026-09-11 10:30:03,T00635,Friday 14 DTE Broken Wing IB (B-70),OA-Mirror,,ironbutterfly,7600,7600,n/a,defang,,1900.0,,True,DEFERRED v1 — needs the intraday premium-decay path (mark short leg to ~$0.05) not present in the ledger. TODO: model once tick/1-min option-premium history is available.,closed
2026-09-11,2026-09-11 10:30:03,T00635,Friday 14 DTE Broken Wing IB (B-70),OA-Mirror,,ironbutterfly,7600,7600,n/a,pt100,215.0,1900.0,0.1132,True,optimistic bound: no PT hit -> actual exit pnl (ledger),closed
2026-09-11,2026-09-11 10:30:03,T00635,Friday 14 DTE Broken Wing IB (B-70),OA-Mirror,,ironbutterfly,7600,7600,n/a,pt25,215.0,1900.0,0.1132,True,optimistic bound: no PT hit -> actual exit pnl (ledger),closed
2026-09-11,2026-09-11 10:30:03,T00635,Friday 14 DTE Broken Wing IB (B-70),OA-Mirror,,ironbutterfly,7600,7600,n/a,pt50,215.0,1900.0,0.1132,True,optimistic bound: no PT hit -> actual exit pnl (ledger),closed
2026-09-11,2026-09-11 10:30:03,T00635,Friday 14 DTE Broken Wing IB (B-70),OA-Mirror,,ironbutterfly,7600,7600,n/a,settle,,1900.0,,True,NOT EVALUABLE — position closed early; what it would have returned held to settlement needs post-exit path data that does not exist. Never modeled.,closed
2026-09-11,2026-09-11 10:30:03,T00635,Friday 14 DTE Broken Wing IB (B-70),OA-Mirror,,ironbutterfly,7600,7600,n/a,sl100,215.0,1900.0,0.1132,True,optimistic bound: no SL hit -> actual exit pnl (ledger),closed
2026-09-11,2026-09-11 10:30:03,T00635,Friday 14 DTE Broken Wing IB (B-70),OA-Mirror,,ironbutterfly,7600,7600,n/a,sl130,215.0,1900.0,0.1132,True,optimistic bound: no SL hit -> actual exit pnl (ledger),closed
2026-09-11,2026-09-11 10:30:03,T00635,Friday 14 DTE Broken Wing IB (B-70),OA-Mirror,,ironbutterfly,7600,7600,n/a,sl50,215.0,1900.0,0.1132,True,optimistic bound: no SL hit -> actual exit pnl (ledger),closed
2026-09-11,2026-09-11 10:30:03,T00635,Friday 14 DTE Broken Wing IB (B-70),OA-Mirror,,ironbutterfly,7600,7600,n/a,sl75,215.0,1900.0,0.1132,True,optimistic bound: no SL hit -> actual exit pnl (ledger),closed
2026-09-14,2026-09-14 10:45:02,T00633,60min-ORB-10W-Paper-v1,OA-Mirror,SPX,shortcallspread,,7625,n/a,actual,50.0,895.0,0.0559,False,"actual exit pnl (ledger, verbatim) - NOT settlement",closed
2026-09-14,2026-09-14 10:45:02,T00633,60min-ORB-10W-Paper-v1,OA-Mirror,SPX,shortcallspread,,7625,n/a,defang,,895.0,,True,DEFERRED v1 — needs the intraday premium-decay path (mark short leg to ~$0.05) not present in the ledger. TODO: model once tick/1-min option-premium history is available.,closed
2026-09-14,2026-09-14 10:45:02,T00633,60min-ORB-10W-Paper-v1,OA-Mirror,SPX,shortcallspread,,7625,n/a,pt100,50.0,895.0,0.0559,True,optimistic bound: no PT hit -> actual exit pnl (ledger),closed
2026-09-14,2026-09-14 10:45:02,T00633,60min-ORB-10W-Paper-v1,OA-Mirror,SPX,shortcallspread,,7625,n/a,pt25,26.25,895.0,0.0293,True,optimistic bound: booked +25% of credit_basis at mfe_pct threshold,closed
2026-09-14,2026-09-14 10:45:02,T00633,60min-ORB-10W-Paper-v1,OA-Mirror,SPX,shortcallspread,,7625,n/a,pt50,50.0,895.0,0.0559,True,optimistic bound: no PT hit -> actual exit pnl (ledger),closed
2026-09-14,2026-09-14 10:45:02,T00633,60min-ORB-10W-Paper-v1,OA-Mirror,SPX,shortcallspread,,7625,n/a,settle,,895.0,,True,NOT EVALUABLE — position closed early; what it would have returned held to settlement needs post-exit path data that does not exist. Never modeled.,closed
2026-09-14,2026-09-14 10:45:02,T00633,60min-ORB-10W-Paper-v1,OA-Mirror,SPX,shortcallspread,,7625,n/a,sl100,50.0,895.0,0.0559,True,optimistic bound: no SL hit -> actual exit pnl (ledger),closed
2026-09-14,2026-09-14 10:45:02,T00633,60min-ORB-10W-Paper-v1,OA-Mirror,SPX,shortcallspread,,7625,n/a,sl130,50.0,895.0,0.0559,True,optimistic bound: no SL hit -> actual exit pnl (ledger),closed
2026-09-14,2026-09-14 10:45:02,T00633,60min-ORB-10W-Paper-v1,OA-Mirror,SPX,shortcallspread,,7625,n/a,sl50,50.0,895.0,0.0559,True,optimistic bound: no SL hit -> actual exit pnl (ledger),closed
2026-09-14,2026-09-14 10:45:02,T00633,60min-ORB-10W-Paper-v1,OA-Mirror,SPX,shortcallspread,,7625,n/a,sl75,50.0,895.0,0.0559,True,optimistic bound: no SL hit -> actual exit pnl (ledger),closed
2026-09-14,2026-09-14 13:31:12,T00630,GF-QQQ-IC-Canary,IC,QQQ,shortputspread,709,,n/a,actual,1.0,193.0,0.0052,False,"actual exit pnl (ledger, verbatim) - NOT settlement",closed
2026-09-14,2026-09-14 13:31:12,T00630,GF-QQQ-IC-Canary,IC,QQQ,shortputspread,709,,n/a,defang,,193.0,,True,DEFERRED v1 — needs the intraday premium-decay path (mark short leg to ~$0.05) not present in the ledger. TODO: model once tick/1-min option-premium history is available.,closed
2026-09-14,2026-09-14 13:31:12,T00630,GF-QQQ-IC-Canary,IC,QQQ,shortputspread,709,,n/a,pt100,1.0,193.0,0.0052,True,optimistic bound: no PT hit -> actual exit pnl (ledger),closed
2026-09-14,2026-09-14 13:31:12,T00630,GF-QQQ-IC-Canary,IC,QQQ,shortputspread,709,,n/a,pt25,1.75,193.0,0.0091,True,optimistic bound: booked +25% of credit_basis at mfe_pct threshold,closed
2026-09-14,2026-09-14 13:31:12,T00630,GF-QQQ-IC-Canary,IC,QQQ,shortputspread,709,,n/a,pt50,1.0,193.0,0.0052,True,optimistic bound: no PT hit -> actual exit pnl (ledger),closed
2026-09-14,2026-09-14 13:31:12,T00630,GF-QQQ-IC-Canary,IC,QQQ,shortputspread,709,,n/a,settle,,193.0,,True,NOT EVALUABLE — position closed early; what it would have returned held to settlement needs post-exit path data that does not exist. Never modeled.,closed
2026-09-14,2026-09-14 13:31:12,T00630,GF-QQQ-IC-Canary,IC,QQQ,shortputspread,709,,n/a,sl100,1.0,193.0,0.0052,True,optimistic bound: no SL hit -> actual exit pnl (ledger),closed
2026-09-14,2026-09-14 13:31:12,T00630,GF-QQQ-IC-Canary,IC,QQQ,shortputspread,709,,n/a,sl130,1.0,193.0,0.0052,True,optimistic bound: no SL hit -> actual exit pnl (ledger),closed
2026-09-14,2026-09-14 13:31:12,T00630,GF-QQQ-IC-Canary,IC,QQQ,shortputspread,709,,n/a,sl50,1.0,193.0,0.0052,True,optimistic bound: no SL hit -> actual exit pnl (ledger),closed
2026-09-14,2026-09-14 13:31:12,T00630,GF-QQQ-IC-Canary,IC,QQQ,shortputspread,709,,n/a,sl75,1.0,193.0,0.0052,True,optimistic bound: no SL hit -> actual exit pnl (ledger),closed
2026-09-14,2026-09-14 13:31:13,T00630,GF-QQQ-IC-Canary,IC,QQQ,shortcallspread,,715,n/a,actual,1.0,190.0,0.0053,False,"actual exit pnl (ledger, verbatim) - NOT settlement",closed
2026-09-14,2026-09-14 13:31:13,T00630,GF-QQQ-IC-Canary,IC,QQQ,shortcallspread,,715,n/a,defang,,190.0,,True,DEFERRED v1 — needs the intraday premium-decay path (mark short leg to ~$0.05) not present in the ledger. TODO: model once tick/1-min option-premium history is available.,closed
2026-09-14,2026-09-14 13:31:13,T00630,GF-QQQ-IC-Canary,IC,QQQ,shortcallspread,,715,n/a,pt100,1.0,190.0,0.0053,True,optimistic bound: no PT hit -> actual exit pnl (ledger),closed
2026-09-14,2026-09-14 13:31:13,T00630,GF-QQQ-IC-Canary,IC,QQQ,shortcallspread,,715,n/a,pt25,1.0,190.0,0.0053,True,optimistic bound: no PT hit -> actual exit pnl (ledger),closed
2026-09-14,2026-09-14 13:31:13,T00630,GF-QQQ-IC-Canary,IC,QQQ,shortcallspread,,715,n/a,pt50,1.0,190.0,0.0053,True,optimistic bound: no PT hit -> actual exit pnl (ledger),closed
2026-09-14,2026-09-14 13:31:13,T00630,GF-QQQ-IC-Canary,IC,QQQ,shortcallspread,,715,n/a,settle,,190.0,,True,NOT EVALUABLE — position closed early; what it would have returned held to settlement needs post-exit path data that does not exist. Never modeled.,closed
2026-09-14,2026-09-14 13:31:13,T00630,GF-QQQ-IC-Canary,IC,QQQ,shortcallspread,,715,n/a,sl100,1.0,190.0,0.0053,True,optimistic bound: no SL hit -> actual exit pnl (ledger),closed
2026-09-14,2026-09-14 13:31:13,T00630,GF-QQQ-IC-Canary,IC,QQQ,shortcallspread,,715,n/a,sl130,1.0,190.0,0.0053,True,optimistic bound: no SL hit -> actual exit pnl (ledger),closed
2026-09-14,2026-09-14 13:31:13,T00630,GF-QQQ-IC-Canary,IC,QQQ,shortcallspread,,715,n/a,sl50,1.0,190.0,0.0053,True,optimistic bound: no SL hit -> actual exit pnl (ledger),closed
2026-09-14,2026-09-14 13:31:13,T00630,GF-QQQ-IC-Canary,IC,QQQ,shortcallspread,,715,n/a,sl75,1.0,190.0,0.0053,True,optimistic bound: no SL hit -> actual exit pnl (ledger),closed
2026-09-14,2026-09-14 13:31:12,T00628,GF-QQQ-IC-PT50,IC,QQQ,shortputspread,709,,n/a,actual,104.0,5018.0,0.0207,False,"actual exit pnl (ledger, verbatim) - NOT settlement",closed
2026-09-14,2026-09-14 13:31:12,T00628,GF-QQQ-IC-PT50,IC,QQQ,shortputspread,709,,n/a,defang,,5018.0,,True,DEFERRED v1 — needs the intraday premium-decay path (mark short leg to ~$0.05) not present in the ledger. TODO: model once tick/1-min option-premium history is available.,closed
2026-09-14,2026-09-14 13:31:12,T00628,GF-QQQ-IC-PT50,IC,QQQ,shortputspread,709,,n/a,pt100,104.0,5018.0,0.0207,True,optimistic bound: no PT hit -> actual exit pnl (ledger),closed
2026-09-14,2026-09-14 13:31:12,T00628,GF-QQQ-IC-PT50,IC,QQQ,shortputspread,709,,n/a,pt25,45.5,5018.0,0.0091,True,optimistic bound: booked +25% of credit_basis at mfe_pct threshold,closed
2026-09-14,2026-09-14 13:31:12,T00628,GF-QQQ-IC-PT50,IC,QQQ,shortputspread,709,,n/a,pt50,91.0,5018.0,0.0181,True,optimistic bound: booked +50% of credit_basis at mfe_pct threshold,closed
2026-09-14,2026-09-14 13:31:12,T00628,GF-QQQ-IC-PT50,IC,QQQ,shortputspread,709,,n/a,settle,,5018.0,,True,NOT EVALUABLE — position closed early; what it would have returned held to settlement needs post-exit path data that does not exist. Never modeled.,closed
2026-09-14,2026-09-14 13:31:12,T00628,GF-QQQ-IC-PT50,IC,QQQ,shortputspread,709,,n/a,sl100,104.0,5018.0,0.0207,True,optimistic bound: no SL hit -> actual exit pnl (ledger),closed
2026-09-14,2026-09-14 13:31:12,T00628,GF-QQQ-IC-PT50,IC,QQQ,shortputspread,709,,n/a,sl130,104.0,5018.0,0.0207,True,optimistic bound: no SL hit -> actual exit pnl (ledger),closed
2026-09-14,2026-09-14 13:31:12,T00628,GF-QQQ-IC-PT50,IC,QQQ,shortputspread,709,,n/a,sl50,104.0,5018.0,0.0207,True,optimistic bound: no SL hit -> actual exit pnl (ledger),closed
2026-09-14,2026-09-14 13:31:12,T00628,GF-QQQ-IC-PT50,IC,QQQ,shortputspread,709,,n/a,sl75,104.0,5018.0,0.0207,True,optimistic bound: no SL hit -> actual exit pnl (ledger),closed
2026-09-14,2026-09-14 13:31:13,T00628,GF-QQQ-IC-PT50,IC,QQQ,shortcallspread,,715,n/a,actual,130.0,4940.0,0.0263,False,"actual exit pnl (ledger, verbatim) - NOT settlement",closed
2026-09-14,2026-09-14 13:31:13,T00628,GF-QQQ-IC-PT50,IC,QQQ,shortcallspread,,715,n/a,defang,,4940.0,,True,DEFERRED v1 — needs the intraday premium-decay path (mark short leg to ~$0.05) not present in the ledger. TODO: model once tick/1-min option-premium history is available.,closed
2026-09-14,2026-09-14 13:31:13,T00628,GF-QQQ-IC-PT50,IC,QQQ,shortcallspread,,715,n/a,pt100,130.0,4940.0,0.0263,True,optimistic bound: no PT hit -> actual exit pnl (ledger),closed
2026-09-14,2026-09-14 13:31:13,T00628,GF-QQQ-IC-PT50,IC,QQQ,shortcallspread,,715,n/a,pt25,65.0,4940.0,0.0132,True,optimistic bound: booked +25% of credit_basis at mfe_pct threshold,closed
2026-09-14,2026-09-14 13:31:13,T00628,GF-QQQ-IC-PT50,IC,QQQ,shortcallspread,,715,n/a,pt50,130.0,4940.0,0.0263,True,optimistic bound: booked +50% of credit_basis at mfe_pct threshold,closed
2026-09-14,2026-09-14 13:31:13,T00628,GF-QQQ-IC-PT50,IC,QQQ,shortcallspread,,715,n/a,settle,,4940.0,,True,NOT EVALUABLE — position closed early; what it would have returned held to settlement needs post-exit path data that does not exist. Never modeled.,closed
2026-09-14,2026-09-14 13:31:13,T00628,GF-QQQ-IC-PT50,IC,QQQ,shortcallspread,,715,n/a,sl100,130.0,4940.0,0.0263,True,optimistic bound: no SL hit -> actual exit pnl (ledger),closed
2026-09-14,2026-09-14 13:31:13,T00628,GF-QQQ-IC-PT50,IC,QQQ,shortcallspread,,715,n/a,sl130,130.0,4940.0,0.0263,True,optimistic bound: no SL hit -> actual exit pnl (ledger),closed
2026-09-14,2026-09-14 13:31:13,T00628,GF-QQQ-IC-PT50,IC,QQQ,shortcallspread,,715,n/a,sl50,130.0,4940.0,0.0263,True,optimistic bound: no SL hit -> actual exit pnl (ledger),closed
2026-09-14,2026-09-14 13:31:13,T00628,GF-QQQ-IC-PT50,IC,QQQ,shortcallspread,,715,n/a,sl75,130.0,4940.0,0.0263,True,optimistic bound: no SL hit -> actual exit pnl (ledger),closed
2026-09-14,2026-09-14 13:31:12,T00625,GF-QQQ-IC-Ride,IC,QQQ,shortputspread,709,,n/a,actual,130.0,5018.0,0.0259,False,"actual exit pnl (ledger, verbatim) - NOT settlement",closed
2026-09-14,2026-09-14 13:31:12,T00625,GF-QQQ-IC-Ride,IC,QQQ,shortputspread,709,,n/a,defang,,5018.0,,True,DEFERRED v1 — needs the intraday premium-decay path (mark short leg to ~$0.05) not present in the ledger. TODO: model once tick/1-min option-premium history is available.,closed
2026-09-14,2026-09-14 13:31:12,T00625,GF-QQQ-IC-Ride,IC,QQQ,shortputspread,709,,n/a,pt100,130.0,5018.0,0.0259,True,optimistic bound: no PT hit -> actual exit pnl (ledger),closed
2026-09-14,2026-09-14 13:31:12,T00625,GF-QQQ-IC-Ride,IC,QQQ,shortputspread,709,,n/a,pt25,45.5,5018.0,0.0091,True,optimistic bound: booked +25% of credit_basis at mfe_pct threshold,closed
2026-09-14,2026-09-14 13:31:12,T00625,GF-QQQ-IC-Ride,IC,QQQ,shortputspread,709,,n/a,pt50,91.0,5018.0,0.0181,True,optimistic bound: booked +50% of credit_basis at mfe_pct threshold,closed
2026-09-14,2026-09-14 13:31:12,T00625,GF-QQQ-IC-Ride,IC,QQQ,shortputspread,709,,n/a,settle,,5018.0,,True,NOT EVALUABLE — position closed early; what it would have returned held to settlement needs post-exit path data that does not exist. Never modeled.,closed
2026-09-14,2026-09-14 13:31:12,T00625,GF-QQQ-IC-Ride,IC,QQQ,shortputspread,709,,n/a,sl100,130.0,5018.0,0.0259,True,optimistic bound: no SL hit -> actual exit pnl (ledger),closed
2026-09-14,2026-09-14 13:31:12,T00625,GF-QQQ-IC-Ride,IC,QQQ,shortputspread,709,,n/a,sl130,130.0,5018.0,0.0259,True,optimistic bound: no SL hit -> actual exit pnl (ledger),closed
2026-09-14,2026-09-14 13:31:12,T00625,GF-QQQ-IC-Ride,IC,QQQ,shortputspread,709,,n/a,sl50,130.0,5018.0,0.0259,True,optimistic bound: no SL hit -> actual exit pnl (ledger),closed
2026-09-14,2026-09-14 13:31:12,T00625,GF-QQQ-IC-Ride,IC,QQQ,shortputspread,709,,n/a,sl75,130.0,5018.0,0.0259,True,optimistic bound: no SL hit -> actual exit pnl (ledger),closed
2026-09-14,2026-09-14 13:31:13,T00625,GF-QQQ-IC-Ride,IC,QQQ,shortcallspread,,715,n/a,actual,234.0,4940.0,0.0474,False,"actual exit pnl (ledger, verbatim) - NOT settlement",closed
2026-09-14,2026-09-14 13:31:13,T00625,GF-QQQ-IC-Ride,IC,QQQ,shortcallspread,,715,n/a,defang,,4940.0,,True,DEFERRED v1 — needs the intraday premium-decay path (mark short leg to ~$0.05) not present in the ledger. TODO: model once tick/1-min option-premium history is available.,closed
2026-09-14,2026-09-14 13:31:13,T00625,GF-QQQ-IC-Ride,IC,QQQ,shortcallspread,,715,n/a,pt100,260.0,4940.0,0.0526,True,optimistic bound: booked +100% of credit_basis at mfe_pct threshold,closed
2026-09-14,2026-09-14 13:31:13,T00625,GF-QQQ-IC-Ride,IC,QQQ,shortcallspread,,715,n/a,pt25,65.0,4940.0,0.0132,True,optimistic bound: booked +25% of credit_basis at mfe_pct threshold,closed
2026-09-14,2026-09-14 13:31:13,T00625,GF-QQQ-IC-Ride,IC,QQQ,shortcallspread,,715,n/a,pt50,130.0,4940.0,0.0263,True,optimistic bound: booked +50% of credit_basis at mfe_pct threshold,closed
2026-09-14,2026-09-14 13:31:13,T00625,GF-QQQ-IC-Ride,IC,QQQ,shortcallspread,,715,n/a,settle,,4940.0,,True,NOT EVALUABLE — position closed early; what it would have returned held to settlement needs post-exit path data that does not exist. Never modeled.,closed
2026-09-14,2026-09-14 13:31:13,T00625,GF-QQQ-IC-Ride,IC,QQQ,shortcallspread,,715,n/a,sl100,234.0,4940.0,0.0474,True,optimistic bound: no SL hit -> actual exit pnl (ledger),closed
2026-09-14,2026-09-14 13:31:13,T00625,GF-QQQ-IC-Ride,IC,QQQ,shortcallspread,,715,n/a,sl130,234.0,4940.0,0.0474,True,optimistic bound: no SL hit -> actual exit pnl (ledger),closed
2026-09-14,2026-09-14 13:31:13,T00625,GF-QQQ-IC-Ride,IC,QQQ,shortcallspread,,715,n/a,sl50,234.0,4940.0,0.0474,True,optimistic bound: no SL hit -> actual exit pnl (ledger),closed
2026-09-14,2026-09-14 13:31:13,T00625,GF-QQQ-IC-Ride,IC,QQQ,shortcallspread,,715,n/a,sl75,234.0,4940.0,0.0474,True,optimistic bound: no SL hit -> actual exit pnl (ledger),closed
2026-09-14,2026-09-14 13:31:12,T00624,GF-QQQ-IC-SL100,IC,QQQ,shortputspread,709,,n/a,actual,130.0,5018.0,0.0259,False,"actual exit pnl (ledger, verbatim) - NOT settlement",closed
2026-09-14,2026-09-14 13:31:12,T00624,GF-QQQ-IC-SL100,IC,QQQ,shortputspread,709,,n/a,defang,,5018.0,,True,DEFERRED v1 — needs the intraday premium-decay path (mark short leg to ~$0.05) not present in the ledger. TODO: model once tick/1-min option-premium history is available.,closed
2026-09-14,2026-09-14 13:31:12,T00624,GF-QQQ-IC-SL100,IC,QQQ,shortputspread,709,,n/a,pt100,130.0,5018.0,0.0259,True,optimistic bound: no PT hit -> actual exit pnl (ledger),closed
2026-09-14,2026-09-14 13:31:12,T00624,GF-QQQ-IC-SL100,IC,QQQ,shortputspread,709,,n/a,pt25,45.5,5018.0,0.0091,True,optimistic bound: booked +25% of credit_basis at mfe_pct threshold,closed
2026-09-14,2026-09-14 13:31:12,T00624,GF-QQQ-IC-SL100,IC,QQQ,shortputspread,709,,n/a,pt50,91.0,5018.0,0.0181,True,optimistic bound: booked +50% of credit_basis at mfe_pct threshold,closed
2026-09-14,2026-09-14 13:31:12,T00624,GF-QQQ-IC-SL100,IC,QQQ,shortputspread,709,,n/a,settle,,5018.0,,True,NOT EVALUABLE — position closed early; what it would have returned held to settlement needs post-exit path data that does not exist. Never modeled.,closed
2026-09-14,2026-09-14 13:31:12,T00624,GF-QQQ-IC-SL100,IC,QQQ,shortputspread,709,,n/a,sl100,130.0,5018.0,0.0259,True,optimistic bound: no SL hit -> actual exit pnl (ledger),closed
2026-09-14,2026-09-14 13:31:12,T00624,GF-QQQ-IC-SL100,IC,QQQ,shortputspread,709,,n/a,sl130,130.0,5018.0,0.0259,True,optimistic bound: no SL hit -> actual exit pnl (ledger),closed
2026-09-14,2026-09-14 13:31:12,T00624,GF-QQQ-IC-SL100,IC,QQQ,shortputspread,709,,n/a,sl50,130.0,5018.0,0.0259,True,optimistic bound: no SL hit -> actual exit pnl (ledger),closed
2026-09-14,2026-09-14 13:31:12,T00624,GF-QQQ-IC-SL100,IC,QQQ,shortputspread,709,,n/a,sl75,130.0,5018.0,0.0259,True,optimistic bound: no SL hit -> actual exit pnl (ledger),closed
2026-09-14,2026-09-14 13:31:12,T00627,GF-QQQ-IC-SL200,IC,QQQ,shortputspread,709,,n/a,actual,130.0,5018.0,0.0259,False,"actual exit pnl (ledger, verbatim) - NOT settlement",closed
2026-09-14,2026-09-14 13:31:12,T00627,GF-QQQ-IC-SL200,IC,QQQ,shortputspread,709,,n/a,defang,,5018.0,,True,DEFERRED v1 — needs the intraday premium-decay path (mark short leg to ~$0.05) not present in the ledger. TODO: model once tick/1-min option-premium history is available.,closed
2026-09-14,2026-09-14 13:31:12,T00627,GF-QQQ-IC-SL200,IC,QQQ,shortputspread,709,,n/a,pt100,130.0,5018.0,0.0259,True,optimistic bound: no PT hit -> actual exit pnl (ledger),closed
2026-09-14,2026-09-14 13:31:12,T00627,GF-QQQ-IC-SL200,IC,QQQ,shortputspread,709,,n/a,pt25,45.5,5018.0,0.0091,True,optimistic bound: booked +25% of credit_basis at mfe_pct threshold,closed
2026-09-14,2026-09-14 13:31:12,T00627,GF-QQQ-IC-SL200,IC,QQQ,shortputspread,709,,n/a,pt50,91.0,5018.0,0.0181,True,optimistic bound: booked +50% of credit_basis at mfe_pct threshold,closed
2026-09-14,2026-09-14 13:31:12,T00627,GF-QQQ-IC-SL200,IC,QQQ,shortputspread,709,,n/a,settle,,5018.0,,True,NOT EVALUABLE — position closed early; what it would have returned held to settlement needs post-exit path data that does not exist. Never modeled.,closed
2026-09-14,2026-09-14 13:31:12,T00627,GF-QQQ-IC-SL200,IC,QQQ,shortputspread,709,,n/a,sl100,130.0,5018.0,0.0259,True,optimistic bound: no SL hit -> actual exit pnl (ledger),closed
2026-09-14,2026-09-14 13:31:12,T00627,GF-QQQ-IC-SL200,IC,QQQ,shortputspread,709,,n/a,sl130,130.0,5018.0,0.0259,True,optimistic bound: no SL hit -> actual exit pnl (ledger),closed
2026-09-14,2026-09-14 13:31:12,T00627,GF-QQQ-IC-SL200,IC,QQQ,shortputspread,709,,n/a,sl50,130.0,5018.0,0.0259,True,optimistic bound: no SL hit -> actual exit pnl (ledger),closed
2026-09-14,2026-09-14 13:31:12,T00627,GF-QQQ-IC-SL200,IC,QQQ,shortputspread,709,,n/a,sl75,130.0,5018.0,0.0259,True,optimistic bound: no SL hit -> actual exit pnl (ledger),closed
2026-09-14,2026-09-14 13:31:12,T00626,GF-QQQ-IC-Touch0,IC,QQQ,shortputspread,709,,n/a,actual,130.0,5018.0,0.0259,False,"actual exit pnl (ledger, verbatim) - NOT settlement",closed
2026-09-14,2026-09-14 13:31:12,T00626,GF-QQQ-IC-Touch0,IC,QQQ,shortputspread,709,,n/a,defang,,5018.0,,True,DEFERRED v1 — needs the intraday premium-decay path (mark short leg to ~$0.05) not present in the ledger. TODO: model once tick/1-min option-premium history is available.,closed
2026-09-14,2026-09-14 13:31:12,T00626,GF-QQQ-IC-Touch0,IC,QQQ,shortputspread,709,,n/a,pt100,130.0,5018.0,0.0259,True,optimistic bound: no PT hit -> actual exit pnl (ledger),closed
2026-09-14,2026-09-14 13:31:12,T00626,GF-QQQ-IC-Touch0,IC,QQQ,shortputspread,709,,n/a,pt25,45.5,5018.0,0.0091,True,optimistic bound: booked +25% of credit_basis at mfe_pct threshold,closed
2026-09-14,2026-09-14 13:31:12,T00626,GF-QQQ-IC-Touch0,IC,QQQ,shortputspread,709,,n/a,pt50,91.0,5018.0,0.0181,True,optimistic bound: booked +50% of credit_basis at mfe_pct threshold,closed
2026-09-14,2026-09-14 13:31:12,T00626,GF-QQQ-IC-Touch0,IC,QQQ,shortputspread,709,,n/a,settle,,5018.0,,True,NOT EVALUABLE — position closed early; what it would have returned held to settlement needs post-exit path data that does not exist. Never modeled.,closed
2026-09-14,2026-09-14 13:31:12,T00626,GF-QQQ-IC-Touch0,IC,QQQ,shortputspread,709,,n/a,sl100,130.0,5018.0,0.0259,True,optimistic bound: no SL hit -> actual exit pnl (ledger),closed
2026-09-14,2026-09-14 13:31:12,T00626,GF-QQQ-IC-Touch0,IC,QQQ,shortputspread,709,,n/a,sl130,130.0,5018.0,0.0259,True,optimistic bound: no SL hit -> actual exit pnl (ledger),closed
2026-09-14,2026-09-14 13:31:12,T00626,GF-QQQ-IC-Touch0,IC,QQQ,shortputspread,709,,n/a,sl50,130.0,5018.0,0.0259,True,optimistic bound: no SL hit -> actual exit pnl (ledger),closed
2026-09-14,2026-09-14 13:31:12,T00626,GF-QQQ-IC-Touch0,IC,QQQ,shortputspread,709,,n/a,sl75,130.0,5018.0,0.0259,True,optimistic bound: no SL hit -> actual exit pnl (ledger),closed
2026-09-14,2026-09-14 13:31:13,T00626,GF-QQQ-IC-Touch0,IC,QQQ,shortcallspread,,715,n/a,actual,234.0,4940.0,0.0474,False,"actual exit pnl (ledger, verbatim) - NOT settlement",closed
2026-09-14,2026-09-14 13:31:13,T00626,GF-QQQ-IC-Touch0,IC,QQQ,shortcallspread,,715,n/a,defang,,4940.0,,True,DEFERRED v1 — needs the intraday premium-decay path (mark short leg to ~$0.05) not present in the ledger. TODO: model once tick/1-min option-premium history is available.,closed
2026-09-14,2026-09-14 13:31:13,T00626,GF-QQQ-IC-Touch0,IC,QQQ,shortcallspread,,715,n/a,pt100,260.0,4940.0,0.0526,True,optimistic bound: booked +100% of credit_basis at mfe_pct threshold,closed
2026-09-14,2026-09-14 13:31:13,T00626,GF-QQQ-IC-Touch0,IC,QQQ,shortcallspread,,715,n/a,pt25,65.0,4940.0,0.0132,True,optimistic bound: booked +25% of credit_basis at mfe_pct threshold,closed
2026-09-14,2026-09-14 13:31:13,T00626,GF-QQQ-IC-Touch0,IC,QQQ,shortcallspread,,715,n/a,pt50,130.0,4940.0,0.0263,True,optimistic bound: booked +50% of credit_basis at mfe_pct threshold,closed
2026-09-14,2026-09-14 13:31:13,T00626,GF-QQQ-IC-Touch0,IC,QQQ,shortcallspread,,715,n/a,settle,,4940.0,,True,NOT EVALUABLE — position closed early; what it would have returned held to settlement needs post-exit path data that does not exist. Never modeled.,closed
2026-09-14,2026-09-14 13:31:13,T00626,GF-QQQ-IC-Touch0,IC,QQQ,shortcallspread,,715,n/a,sl100,234.0,4940.0,0.0474,True,optimistic bound: no SL hit -> actual exit pnl (ledger),closed
2026-09-14,2026-09-14 13:31:13,T00626,GF-QQQ-IC-Touch0,IC,QQQ,shortcallspread,,715,n/a,sl130,234.0,4940.0,0.0474,True,optimistic bound: no SL hit -> actual exit pnl (ledger),closed
2026-09-14,2026-09-14 13:31:13,T00626,GF-QQQ-IC-Touch0,IC,QQQ,shortcallspread,,715,n/a,sl50,234.0,4940.0,0.0474,True,optimistic bound: no SL hit -> actual exit pnl (ledger),closed
2026-09-14,2026-09-14 13:31:13,T00626,GF-QQQ-IC-Touch0,IC,QQQ,shortcallspread,,715,n/a,sl75,234.0,4940.0,0.0474,True,optimistic bound: no SL hit -> actual exit pnl (ledger),closed
2026-09-14,2026-09-14 13:31:12,T00629,GF-QQQ-IC-Trail,IC,QQQ,shortputspread,709,,n/a,actual,0.0,5018.0,0.0,False,"actual exit pnl (ledger, verbatim) - NOT settlement",closed
2026-09-14,2026-09-14 13:31:12,T00629,GF-QQQ-IC-Trail,IC,QQQ,shortputspread,709,,n/a,defang,,5018.0,,True,DEFERRED v1 — needs the intraday premium-decay path (mark short leg to ~$0.05) not present in the ledger. TODO: model once tick/1-min option-premium history is available.,closed
2026-09-14,2026-09-14 13:31:12,T00629,GF-QQQ-IC-Trail,IC,QQQ,shortputspread,709,,n/a,pt100,0.0,5018.0,0.0,True,optimistic bound: no PT hit -> actual exit pnl (ledger),closed
2026-09-14,2026-09-14 13:31:12,T00629,GF-QQQ-IC-Trail,IC,QQQ,shortputspread,709,,n/a,pt25,45.5,5018.0,0.0091,True,optimistic bound: booked +25% of credit_basis at mfe_pct threshold,closed
2026-09-14,2026-09-14 13:31:12,T00629,GF-QQQ-IC-Trail,IC,QQQ,shortputspread,709,,n/a,pt50,0.0,5018.0,0.0,True,optimistic bound: no PT hit -> actual exit pnl (ledger),closed
2026-09-14,2026-09-14 13:31:12,T00629,GF-QQQ-IC-Trail,IC,QQQ,shortputspread,709,,n/a,settle,,5018.0,,True,NOT EVALUABLE — position closed early; what it would have returned held to settlement needs post-exit path data that does not exist. Never modeled.,closed
2026-09-14,2026-09-14 13:31:12,T00629,GF-QQQ-IC-Trail,IC,QQQ,shortputspread,709,,n/a,sl100,0.0,5018.0,0.0,True,optimistic bound: no SL hit -> actual exit pnl (ledger),closed
2026-09-14,2026-09-14 13:31:12,T00629,GF-QQQ-IC-Trail,IC,QQQ,shortputspread,709,,n/a,sl130,0.0,5018.0,0.0,True,optimistic bound: no SL hit -> actual exit pnl (ledger),closed
2026-09-14,2026-09-14 13:31:12,T00629,GF-QQQ-IC-Trail,IC,QQQ,shortputspread,709,,n/a,sl50,0.0,5018.0,0.0,True,optimistic bound: no SL hit -> actual exit pnl (ledger),closed
2026-09-14,2026-09-14 13:31:12,T00629,GF-QQQ-IC-Trail,IC,QQQ,shortputspread,709,,n/a,sl75,0.0,5018.0,0.0,True,optimistic bound: no SL hit -> actual exit pnl (ledger),closed
2026-09-14,2026-09-14 13:31:13,T00629,GF-QQQ-IC-Trail,IC,QQQ,shortcallspread,,715,n/a,actual,26.0,4940.0,0.0053,False,"actual exit pnl (ledger, verbatim) - NOT settlement",closed
2026-09-14,2026-09-14 13:31:13,T00629,GF-QQQ-IC-Trail,IC,QQQ,shortcallspread,,715,n/a,defang,,4940.0,,True,DEFERRED v1 — needs the intraday premium-decay path (mark short leg to ~$0.05) not present in the ledger. TODO: model once tick/1-min option-premium history is available.,closed
2026-09-14,2026-09-14 13:31:13,T00629,GF-QQQ-IC-Trail,IC,QQQ,shortcallspread,,715,n/a,pt100,26.0,4940.0,0.0053,True,optimistic bound: no PT hit -> actual exit pnl (ledger),closed
2026-09-14,2026-09-14 13:31:13,T00629,GF-QQQ-IC-Trail,IC,QQQ,shortcallspread,,715,n/a,pt25,65.0,4940.0,0.0132,True,optimistic bound: booked +25% of credit_basis at mfe_pct threshold,closed
2026-09-14,2026-09-14 13:31:13,T00629,GF-QQQ-IC-Trail,IC,QQQ,shortcallspread,,715,n/a,pt50,26.0,4940.0,0.0053,True,optimistic bound: no PT hit -> actual exit pnl (ledger),closed
2026-09-14,2026-09-14 13:31:13,T00629,GF-QQQ-IC-Trail,IC,QQQ,shortcallspread,,715,n/a,settle,,4940.0,,True,NOT EVALUABLE — position closed early; what it would have returned held to settlement needs post-exit path data that does not exist. Never modeled.,closed
2026-09-14,2026-09-14 13:31:13,T00629,GF-QQQ-IC-Trail,IC,QQQ,shortcallspread,,715,n/a,sl100,26.0,4940.0,0.0053,True,optimistic bound: no SL hit -> actual exit pnl (ledger),closed
2026-09-14,2026-09-14 13:31:13,T00629,GF-QQQ-IC-Trail,IC,QQQ,shortcallspread,,715,n/a,sl130,26.0,4940.0,0.0053,True,optimistic bound: no SL hit -> actual exit pnl (ledger),closed
2026-09-14,2026-09-14 13:31:13,T00629,GF-QQQ-IC-Trail,IC,QQQ,shortcallspread,,715,n/a,sl50,26.0,4940.0,0.0053,True,optimistic bound: no SL hit -> actual exit pnl (ledger),closed
2026-09-14,2026-09-14 13:31:13,T00629,GF-QQQ-IC-Trail,IC,QQQ,shortcallspread,,715,n/a,sl75,26.0,4940.0,0.0053,True,optimistic bound: no SL hit -> actual exit pnl (ledger),closed
2026-09-14,2026-09-14 11:06:00,T00632,IC-SPX-FastPT25-S2,IC,SPX,shortputspread,7550,,n/a,actual,-50.0,4900.0,-0.0102,False,"actual exit pnl (ledger, verbatim) - NOT settlement",closed
2026-09-14,2026-09-14 11:06:00,T00632,IC-SPX-FastPT25-S2,IC,SPX,shortputspread,7550,,n/a,defang,,4900.0,,True,DEFERRED v1 — needs the intraday premium-decay path (mark short leg to ~$0.05) not present in the ledger. TODO: model once tick/1-min option-premium history is available.,closed
2026-09-14,2026-09-14 11:06:00,T00632,IC-SPX-FastPT25-S2,IC,SPX,shortputspread,7550,,n/a,pt100,-50.0,4900.0,-0.0102,True,optimistic bound: no PT hit -> actual exit pnl (ledger),closed
2026-09-14,2026-09-14 11:06:00,T00632,IC-SPX-FastPT25-S2,IC,SPX,shortputspread,7550,,n/a,pt25,-50.0,4900.0,-0.0102,True,optimistic bound: no PT hit -> actual exit pnl (ledger),closed
2026-09-14,2026-09-14 11:06:00,T00632,IC-SPX-FastPT25-S2,IC,SPX,shortputspread,7550,,n/a,pt50,-50.0,4900.0,-0.0102,True,optimistic bound: no PT hit -> actual exit pnl (ledger),closed
2026-09-14,2026-09-14 11:06:00,T00632,IC-SPX-FastPT25-S2,IC,SPX,shortputspread,7550,,n/a,settle,,4900.0,,True,NOT EVALUABLE — position closed early; what it would have returned held to settlement needs post-exit path data that does not exist. Never modeled.,closed
2026-09-14,2026-09-14 11:06:00,T00632,IC-SPX-FastPT25-S2,IC,SPX,shortputspread,7550,,n/a,sl100,-50.0,4900.0,-0.0102,True,optimistic bound: no SL hit -> actual exit pnl (ledger),closed
2026-09-14,2026-09-14 11:06:00,T00632,IC-SPX-FastPT25-S2,IC,SPX,shortputspread,7550,,n/a,sl130,-50.0,4900.0,-0.0102,True,optimistic bound: no SL hit -> actual exit pnl (ledger),closed
2026-09-14,2026-09-14 11:06:00,T00632,IC-SPX-FastPT25-S2,IC,SPX,shortputspread,7550,,n/a,sl50,-50.0,4900.0,-0.0102,True,optimistic bound: booked -50% of credit_basis at mae_pct threshold,closed
2026-09-14,2026-09-14 11:06:00,T00632,IC-SPX-FastPT25-S2,IC,SPX,shortputspread,7550,,n/a,sl75,-50.0,4900.0,-0.0102,True,optimistic bound: no SL hit -> actual exit pnl (ledger),closed
2026-09-14,2026-09-14 11:33:01,T00631,IC-SPX-FastPT25-S2,IC,SPX,shortcallspread,,7670,n/a,actual,0.0,4900.0,0.0,False,"actual exit pnl (ledger, verbatim) - NOT settlement",closed
2026-09-14,2026-09-14 11:33:01,T00631,IC-SPX-FastPT25-S2,IC,SPX,shortcallspread,,7670,n/a,defang,,4900.0,,True,DEFERRED v1 — needs the intraday premium-decay path (mark short leg to ~$0.05) not present in the ledger. TODO: model once tick/1-min option-premium history is available.,closed
2026-09-14,2026-09-14 11:33:01,T00631,IC-SPX-FastPT25-S2,IC,SPX,shortcallspread,,7670,n/a,pt100,0.0,4900.0,0.0,True,optimistic bound: no PT hit -> actual exit pnl (ledger),closed
2026-09-14,2026-09-14 11:33:01,T00631,IC-SPX-FastPT25-S2,IC,SPX,shortcallspread,,7670,n/a,pt25,25.0,4900.0,0.0051,True,optimistic bound: booked +25% of credit_basis at mfe_pct threshold,closed
2026-09-14,2026-09-14 11:33:01,T00631,IC-SPX-FastPT25-S2,IC,SPX,shortcallspread,,7670,n/a,pt50,50.0,4900.0,0.0102,True,optimistic bound: booked +50% of credit_basis at mfe_pct threshold,closed
2026-09-14,2026-09-14 11:33:01,T00631,IC-SPX-FastPT25-S2,IC,SPX,shortcallspread,,7670,n/a,settle,,4900.0,,True,NOT EVALUABLE — position closed early; what it would have returned held to settlement needs post-exit path data that does not exist. Never modeled.,closed
2026-09-14,2026-09-14 11:33:01,T00631,IC-SPX-FastPT25-S2,IC,SPX,shortcallspread,,7670,n/a,sl100,0.0,4900.0,0.0,True,optimistic bound: no SL hit -> actual exit pnl (ledger),closed
2026-09-14,2026-09-14 11:33:01,T00631,IC-SPX-FastPT25-S2,IC,SPX,shortcallspread,,7670,n/a,sl130,0.0,4900.0,0.0,True,optimistic bound: no SL hit -> actual exit pnl (ledger),closed
2026-09-14,2026-09-14 11:33:01,T00631,IC-SPX-FastPT25-S2,IC,SPX,shortcallspread,,7670,n/a,sl50,0.0,4900.0,0.0,True,optimistic bound: no SL hit -> actual exit pnl (ledger),closed
2026-09-14,2026-09-14 11:33:01,T00631,IC-SPX-FastPT25-S2,IC,SPX,shortcallspread,,7670,n/a,sl75,0.0,4900.0,0.0,True,optimistic bound: no SL hit -> actual exit pnl (ledger),closed
2026-09-14,2026-09-14 13:31:01,T00622,IC-SPX-FastPT25-S2-130PM,IC,SPX,shortputspread,7615,,n/a,actual,200.0,4800.0,0.0417,False,"settlement pnl (ledger, verbatim)",expired
2026-09-14,2026-09-14 13:31:01,T00622,IC-SPX-FastPT25-S2-130PM,IC,SPX,shortputspread,7615,,n/a,defang,,4800.0,,True,DEFERRED v1 — needs the intraday premium-decay path (mark short leg to ~$0.05) not present in the ledger. TODO: model once tick/1-min option-premium history is available.,expired
2026-09-14,2026-09-14 13:31:01,T00622,IC-SPX-FastPT25-S2-130PM,IC,SPX,shortputspread,7615,,n/a,pt100,200.0,4800.0,0.0417,True,optimistic bound: booked +100% of credit_basis at mfe_pct threshold,expired
2026-09-14,2026-09-14 13:31:01,T00622,IC-SPX-FastPT25-S2-130PM,IC,SPX,shortputspread,7615,,n/a,pt25,50.0,4800.0,0.0104,True,optimistic bound: booked +25% of credit_basis at mfe_pct threshold,expired
2026-09-14,2026-09-14 13:31:01,T00622,IC-SPX-FastPT25-S2-130PM,IC,SPX,shortputspread,7615,,n/a,pt50,100.0,4800.0,0.0208,True,optimistic bound: booked +50% of credit_basis at mfe_pct threshold,expired
2026-09-14,2026-09-14 13:31:01,T00622,IC-SPX-FastPT25-S2-130PM,IC,SPX,shortputspread,7615,,n/a,sl100,200.0,4800.0,0.0417,True,optimistic bound: no SL hit -> rode to settlement,expired
2026-09-14,2026-09-14 13:31:01,T00622,IC-SPX-FastPT25-S2-130PM,IC,SPX,shortputspread,7615,,n/a,sl130,200.0,4800.0,0.0417,True,optimistic bound: no SL hit -> rode to settlement,expired
2026-09-14,2026-09-14 13:31:01,T00622,IC-SPX-FastPT25-S2-130PM,IC,SPX,shortputspread,7615,,n/a,sl50,-100.0,4800.0,-0.0208,True,optimistic bound: booked -50% of credit_basis at mae_pct threshold,expired
2026-09-14,2026-09-14 13:31:01,T00622,IC-SPX-FastPT25-S2-130PM,IC,SPX,shortputspread,7615,,n/a,sl75,200.0,4800.0,0.0417,True,optimistic bound: no SL hit -> rode to settlement,expired
2026-09-14,2026-09-14 13:31:02,T00622,IC-SPX-FastPT25-S2-130PM,IC,SPX,shortcallspread,,7665,n/a,actual,250.0,4750.0,0.0526,False,"settlement pnl (ledger, verbatim)",expired
2026-09-14,2026-09-14 13:31:02,T00622,IC-SPX-FastPT25-S2-130PM,IC,SPX,shortcallspread,,7665,n/a,defang,,4750.0,,True,DEFERRED v1 — needs the intraday premium-decay path (mark short leg to ~$0.05) not present in the ledger. TODO: model once tick/1-min option-premium history is available.,expired
2026-09-14,2026-09-14 13:31:02,T00622,IC-SPX-FastPT25-S2-130PM,IC,SPX,shortcallspread,,7665,n/a,pt100,250.0,4750.0,0.0526,True,optimistic bound: booked +100% of credit_basis at mfe_pct threshold,expired
2026-09-14,2026-09-14 13:31:02,T00622,IC-SPX-FastPT25-S2-130PM,IC,SPX,shortcallspread,,7665,n/a,pt25,62.5,4750.0,0.0132,True,optimistic bound: booked +25% of credit_basis at mfe_pct threshold,expired
2026-09-14,2026-09-14 13:31:02,T00622,IC-SPX-FastPT25-S2-130PM,IC,SPX,shortcallspread,,7665,n/a,pt50,125.0,4750.0,0.0263,True,optimistic bound: booked +50% of credit_basis at mfe_pct threshold,expired
2026-09-14,2026-09-14 13:31:02,T00622,IC-SPX-FastPT25-S2-130PM,IC,SPX,shortcallspread,,7665,n/a,sl100,250.0,4750.0,0.0526,True,optimistic bound: no SL hit -> rode to settlement,expired
2026-09-14,2026-09-14 13:31:02,T00622,IC-SPX-FastPT25-S2-130PM,IC,SPX,shortcallspread,,7665,n/a,sl130,250.0,4750.0,0.0526,True,optimistic bound: no SL hit -> rode to settlement,expired
2026-09-14,2026-09-14 13:31:02,T00622,IC-SPX-FastPT25-S2-130PM,IC,SPX,shortcallspread,,7665,n/a,sl50,250.0,4750.0,0.0526,True,optimistic bound: no SL hit -> rode to settlement,expired
2026-09-14,2026-09-14 13:31:02,T00622,IC-SPX-FastPT25-S2-130PM,IC,SPX,shortcallspread,,7665,n/a,sl75,250.0,4750.0,0.0526,True,optimistic bound: no SL hit -> rode to settlement,expired
2026-09-15,2026-09-15 13:31:11,T00621,GF-QQQ-IC-Canary,IC,QQQ,shortputspread,702,,n/a,actual,1.0,193.0,0.0052,False,"actual exit pnl (ledger, verbatim) - NOT settlement",closed
2026-09-15,2026-09-15 13:31:11,T00621,GF-QQQ-IC-Canary,IC,QQQ,shortputspread,702,,n/a,defang,,193.0,,True,DEFERRED v1 — needs the intraday premium-decay path (mark short leg to ~$0.05) not present in the ledger. TODO: model once tick/1-min option-premium history is available.,closed
2026-09-15,2026-09-15 13:31:11,T00621,GF-QQQ-IC-Canary,IC,QQQ,shortputspread,702,,n/a,pt100,1.0,193.0,0.0052,True,optimistic bound: no PT hit -> actual exit pnl (ledger),closed
2026-09-15,2026-09-15 13:31:11,T00621,GF-QQQ-IC-Canary,IC,QQQ,shortputspread,702,,n/a,pt25,1.75,193.0,0.0091,True,optimistic bound: booked +25% of credit_basis at mfe_pct threshold,closed
2026-09-15,2026-09-15 13:31:11,T00621,GF-QQQ-IC-Canary,IC,QQQ,shortputspread,702,,n/a,pt50,1.0,193.0,0.0052,True,optimistic bound: no PT hit -> actual exit pnl (ledger),closed
2026-09-15,2026-09-15 13:31:11,T00621,GF-QQQ-IC-Canary,IC,QQQ,shortputspread,702,,n/a,settle,,193.0,,True,NOT EVALUABLE — position closed early; what it would have returned held to settlement needs post-exit path data that does not exist. Never modeled.,closed
2026-09-15,2026-09-15 13:31:11,T00621,GF-QQQ-IC-Canary,IC,QQQ,shortputspread,702,,n/a,sl100,1.0,193.0,0.0052,True,optimistic bound: no SL hit -> actual exit pnl (ledger),closed
2026-09-15,2026-09-15 13:31:11,T00621,GF-QQQ-IC-Canary,IC,QQQ,shortputspread,702,,n/a,sl130,1.0,193.0,0.0052,True,optimistic bound: no SL hit -> actual exit pnl (ledger),closed
2026-09-15,2026-09-15 13:31:11,T00621,GF-QQQ-IC-Canary,IC,QQQ,shortputspread,702,,n/a,sl50,1.0,193.0,0.0052,True,optimistic bound: no SL hit -> actual exit pnl (ledger),closed
2026-09-15,2026-09-15 13:31:11,T00621,GF-QQQ-IC-Canary,IC,QQQ,shortputspread,702,,n/a,sl75,1.0,193.0,0.0052,True,optimistic bound: no SL hit -> actual exit pnl (ledger),closed
2026-09-15,2026-09-15 13:31:12,T00621,GF-QQQ-IC-Canary,IC,QQQ,shortcallspread,,707,n/a,actual,1.0,191.0,0.0052,False,"actual exit pnl (ledger, verbatim) - NOT settlement",closed
2026-09-15,2026-09-15 13:31:12,T00621,GF-QQQ-IC-Canary,IC,QQQ,shortcallspread,,707,n/a,defang,,191.0,,True,DEFERRED v1 — needs the intraday premium-decay path (mark short leg to ~$0.05) not present in the ledger. TODO: model once tick/1-min option-premium history is available.,closed
2026-09-15,2026-09-15 13:31:12,T00621,GF-QQQ-IC-Canary,IC,QQQ,shortcallspread,,707,n/a,pt100,1.0,191.0,0.0052,True,optimistic bound: no PT hit -> actual exit pnl (ledger),closed
2026-09-15,2026-09-15 13:31:12,T00621,GF-QQQ-IC-Canary,IC,QQQ,shortcallspread,,707,n/a,pt25,1.0,191.0,0.0052,True,optimistic bound: no PT hit -> actual exit pnl (ledger),closed
2026-09-15,2026-09-15 13:31:12,T00621,GF-QQQ-IC-Canary,IC,QQQ,shortcallspread,,707,n/a,pt50,1.0,191.0,0.0052,True,optimistic bound: no PT hit -> actual exit pnl (ledger),closed
2026-09-15,2026-09-15 13:31:12,T00621,GF-QQQ-IC-Canary,IC,QQQ,shortcallspread,,707,n/a,settle,,191.0,,True,NOT EVALUABLE — position closed early; what it would have returned held to settlement needs post-exit path data that does not exist. Never modeled.,closed
2026-09-15,2026-09-15 13:31:12,T00621,GF-QQQ-IC-Canary,IC,QQQ,shortcallspread,,707,n/a,sl100,1.0,191.0,0.0052,True,optimistic bound: no SL hit -> actual exit pnl (ledger),closed
2026-09-15,2026-09-15 13:31:12,T00621,GF-QQQ-IC-Canary,IC,QQQ,shortcallspread,,707,n/a,sl130,1.0,191.0,0.0052,True,optimistic bound: no SL hit -> actual exit pnl (ledger),closed
2026-09-15,2026-09-15 13:31:12,T00621,GF-QQQ-IC-Canary,IC,QQQ,shortcallspread,,707,n/a,sl50,1.0,191.0,0.0052,True,optimistic bound: no SL hit -> actual exit pnl (ledger),closed
2026-09-15,2026-09-15 13:31:12,T00621,GF-QQQ-IC-Canary,IC,QQQ,shortcallspread,,707,n/a,sl75,1.0,191.0,0.0052,True,optimistic bound: no SL hit -> actual exit pnl (ledger),closed
2026-09-15,2026-09-15 13:31:11,T00620,GF-QQQ-IC-PT50,IC,QQQ,shortputspread,702,,n/a,actual,104.0,5018.0,0.0207,False,"actual exit pnl (ledger, verbatim) - NOT settlement",closed
2026-09-15,2026-09-15 13:31:11,T00620,GF-QQQ-IC-PT50,IC,QQQ,shortputspread,702,,n/a,defang,,5018.0,,True,DEFERRED v1 — needs the intraday premium-decay path (mark short leg to ~$0.05) not present in the ledger. TODO: model once tick/1-min option-premium history is available.,closed
2026-09-15,2026-09-15 13:31:11,T00620,GF-QQQ-IC-PT50,IC,QQQ,shortputspread,702,,n/a,pt100,104.0,5018.0,0.0207,True,optimistic bound: no PT hit -> actual exit pnl (ledger),closed
2026-09-15,2026-09-15 13:31:11,T00620,GF-QQQ-IC-PT50,IC,QQQ,shortputspread,702,,n/a,pt25,45.5,5018.0,0.0091,True,optimistic bound: booked +25% of credit_basis at mfe_pct threshold,closed
2026-09-15,2026-09-15 13:31:11,T00620,GF-QQQ-IC-PT50,IC,QQQ,shortputspread,702,,n/a,pt50,91.0,5018.0,0.0181,True,optimistic bound: booked +50% of credit_basis at mfe_pct threshold,closed
2026-09-15,2026-09-15 13:31:11,T00620,GF-QQQ-IC-PT50,IC,QQQ,shortputspread,702,,n/a,settle,,5018.0,,True,NOT EVALUABLE — position closed early; what it would have returned held to settlement needs post-exit path data that does not exist. Never modeled.,closed
2026-09-15,2026-09-15 13:31:11,T00620,GF-QQQ-IC-PT50,IC,QQQ,shortputspread,702,,n/a,sl100,104.0,5018.0,0.0207,True,optimistic bound: no SL hit -> actual exit pnl (ledger),closed
2026-09-15,2026-09-15 13:31:11,T00620,GF-QQQ-IC-PT50,IC,QQQ,shortputspread,702,,n/a,sl130,104.0,5018.0,0.0207,True,optimistic bound: no SL hit -> actual exit pnl (ledger),closed
2026-09-15,2026-09-15 13:31:11,T00620,GF-QQQ-IC-PT50,IC,QQQ,shortputspread,702,,n/a,sl50,104.0,5018.0,0.0207,True,optimistic bound: no SL hit -> actual exit pnl (ledger),closed
2026-09-15,2026-09-15 13:31:11,T00620,GF-QQQ-IC-PT50,IC,QQQ,shortputspread,702,,n/a,sl75,104.0,5018.0,0.0207,True,optimistic bound: no SL hit -> actual exit pnl (ledger),closed
2026-09-15,2026-09-15 13:31:12,T00620,GF-QQQ-IC-PT50,IC,QQQ,shortcallspread,,707,n/a,actual,130.0,4966.0,0.0262,False,"actual exit pnl (ledger, verbatim) - NOT settlement",closed
2026-09-15,2026-09-15 13:31:12,T00620,GF-QQQ-IC-PT50,IC,QQQ,shortcallspread,,707,n/a,defang,,4966.0,,True,DEFERRED v1 — needs the intraday premium-decay path (mark short leg to ~$0.05) not present in the ledger. TODO: model once tick/1-min option-premium history is available.,closed
2026-09-15,2026-09-15 13:31:12,T00620,GF-QQQ-IC-PT50,IC,QQQ,shortcallspread,,707,n/a,pt100,130.0,4966.0,0.0262,True,optimistic bound: no PT hit -> actual exit pnl (ledger),closed
2026-09-15,2026-09-15 13:31:12,T00620,GF-QQQ-IC-PT50,IC,QQQ,shortcallspread,,707,n/a,pt25,58.5,4966.0,0.0118,True,optimistic bound: booked +25% of credit_basis at mfe_pct threshold,closed
2026-09-15,2026-09-15 13:31:12,T00620,GF-QQQ-IC-PT50,IC,QQQ,shortcallspread,,707,n/a,pt50,117.0,4966.0,0.0236,True,optimistic bound: booked +50% of credit_basis at mfe_pct threshold,closed
2026-09-15,2026-09-15 13:31:12,T00620,GF-QQQ-IC-PT50,IC,QQQ,shortcallspread,,707,n/a,settle,,4966.0,,True,NOT EVALUABLE — position closed early; what it would have returned held to settlement needs post-exit path data that does not exist. Never modeled.,closed
2026-09-15,2026-09-15 13:31:12,T00620,GF-QQQ-IC-PT50,IC,QQQ,shortcallspread,,707,n/a,sl100,130.0,4966.0,0.0262,True,optimistic bound: no SL hit -> actual exit pnl (ledger),closed
2026-09-15,2026-09-15 13:31:12,T00620,GF-QQQ-IC-PT50,IC,QQQ,shortcallspread,,707,n/a,sl130,130.0,4966.0,0.0262,True,optimistic bound: no SL hit -> actual exit pnl (ledger),closed
2026-09-15,2026-09-15 13:31:12,T00620,GF-QQQ-IC-PT50,IC,QQQ,shortcallspread,,707,n/a,sl50,130.0,4966.0,0.0262,True,optimistic bound: no SL hit -> actual exit pnl (ledger),closed
2026-09-15,2026-09-15 13:31:12,T00620,GF-QQQ-IC-PT50,IC,QQQ,shortcallspread,,707,n/a,sl75,130.0,4966.0,0.0262,True,optimistic bound: no SL hit -> actual exit pnl (ledger),closed
2026-09-15,2026-09-15 13:31:11,T00618,GF-QQQ-IC-Ride,IC,QQQ,shortputspread,702,,n/a,actual,130.0,5018.0,0.0259,False,"actual exit pnl (ledger, verbatim) - NOT settlement",closed
2026-09-15,2026-09-15 13:31:11,T00618,GF-QQQ-IC-Ride,IC,QQQ,shortputspread,702,,n/a,defang,,5018.0,,True,DEFERRED v1 — needs the intraday premium-decay path (mark short leg to ~$0.05) not present in the ledger. TODO: model once tick/1-min option-premium history is available.,closed
2026-09-15,2026-09-15 13:31:11,T00618,GF-QQQ-IC-Ride,IC,QQQ,shortputspread,702,,n/a,pt100,130.0,5018.0,0.0259,True,optimistic bound: no PT hit -> actual exit pnl (ledger),closed
2026-09-15,2026-09-15 13:31:11,T00618,GF-QQQ-IC-Ride,IC,QQQ,shortputspread,702,,n/a,pt25,45.5,5018.0,0.0091,True,optimistic bound: booked +25% of credit_basis at mfe_pct threshold,closed
2026-09-15,2026-09-15 13:31:11,T00618,GF-QQQ-IC-Ride,IC,QQQ,shortputspread,702,,n/a,pt50,91.0,5018.0,0.0181,True,optimistic bound: booked +50% of credit_basis at mfe_pct threshold,closed
2026-09-15,2026-09-15 13:31:11,T00618,GF-QQQ-IC-Ride,IC,QQQ,shortputspread,702,,n/a,settle,,5018.0,,True,NOT EVALUABLE — position closed early; what it would have returned held to settlement needs post-exit path data that does not exist. Never modeled.,closed
2026-09-15,2026-09-15 13:31:11,T00618,GF-QQQ-IC-Ride,IC,QQQ,shortputspread,702,,n/a,sl100,130.0,5018.0,0.0259,True,optimistic bound: no SL hit -> actual exit pnl (ledger),closed
2026-09-15,2026-09-15 13:31:11,T00618,GF-QQQ-IC-Ride,IC,QQQ,shortputspread,702,,n/a,sl130,130.0,5018.0,0.0259,True,optimistic bound: no SL hit -> actual exit pnl (ledger),closed
2026-09-15,2026-09-15 13:31:11,T00618,GF-QQQ-IC-Ride,IC,QQQ,shortputspread,702,,n/a,sl50,130.0,5018.0,0.0259,True,optimistic bound: no SL hit -> actual exit pnl (ledger),closed
2026-09-15,2026-09-15 13:31:11,T00618,GF-QQQ-IC-Ride,IC,QQQ,shortputspread,702,,n/a,sl75,130.0,5018.0,0.0259,True,optimistic bound: no SL hit -> actual exit pnl (ledger),closed
2026-09-15,2026-09-15 13:31:12,T00618,GF-QQQ-IC-Ride,IC,QQQ,shortcallspread,,707,n/a,actual,208.0,4966.0,0.0419,False,"actual exit pnl (ledger, verbatim) - NOT settlement",closed
2026-09-15,2026-09-15 13:31:12,T00618,GF-QQQ-IC-Ride,IC,QQQ,shortcallspread,,707,n/a,defang,,4966.0,,True,DEFERRED v1 — needs the intraday premium-decay path (mark short leg to ~$0.05) not present in the ledger. TODO: model once tick/1-min option-premium history is available.,closed
2026-09-15,2026-09-15 13:31:12,T00618,GF-QQQ-IC-Ride,IC,QQQ,shortcallspread,,707,n/a,pt100,234.0,4966.0,0.0471,True,optimistic bound: booked +100% of credit_basis at mfe_pct threshold,closed
2026-09-15,2026-09-15 13:31:12,T00618,GF-QQQ-IC-Ride,IC,QQQ,shortcallspread,,707,n/a,pt25,58.5,4966.0,0.0118,True,optimistic bound: booked +25% of credit_basis at mfe_pct threshold,closed
2026-09-15,2026-09-15 13:31:12,T00618,GF-QQQ-IC-Ride,IC,QQQ,shortcallspread,,707,n/a,pt50,117.0,4966.0,0.0236,True,optimistic bound: booked +50% of credit_basis at mfe_pct threshold,closed
2026-09-15,2026-09-15 13:31:12,T00618,GF-QQQ-IC-Ride,IC,QQQ,shortcallspread,,707,n/a,settle,,4966.0,,True,NOT EVALUABLE — position closed early; what it would have returned held to settlement needs post-exit path data that does not exist. Never modeled.,closed
2026-09-15,2026-09-15 13:31:12,T00618,GF-QQQ-IC-Ride,IC,QQQ,shortcallspread,,707,n/a,sl100,208.0,4966.0,0.0419,True,optimistic bound: no SL hit -> actual exit pnl (ledger),closed
2026-09-15,2026-09-15 13:31:12,T00618,GF-QQQ-IC-Ride,IC,QQQ,shortcallspread,,707,n/a,sl130,208.0,4966.0,0.0419,True,optimistic bound: no SL hit -> actual exit pnl (ledger),closed
2026-09-15,2026-09-15 13:31:12,T00618,GF-QQQ-IC-Ride,IC,QQQ,shortcallspread,,707,n/a,sl50,208.0,4966.0,0.0419,True,optimistic bound: no SL hit -> actual exit pnl (ledger),closed
2026-09-15,2026-09-15 13:31:12,T00618,GF-QQQ-IC-Ride,IC,QQQ,shortcallspread,,707,n/a,sl75,208.0,4966.0,0.0419,True,optimistic bound: no SL hit -> actual exit pnl (ledger),closed
2026-09-15,2026-09-15 13:31:11,T00615,GF-QQQ-IC-SL100,IC,QQQ,shortputspread,702,,n/a,actual,130.0,5018.0,0.0259,False,"actual exit pnl (ledger, verbatim) - NOT settlement",closed
2026-09-15,2026-09-15 13:31:11,T00615,GF-QQQ-IC-SL100,IC,QQQ,shortputspread,702,,n/a,defang,,5018.0,,True,DEFERRED v1 — needs the intraday premium-decay path (mark short leg to ~$0.05) not present in the ledger. TODO: model once tick/1-min option-premium history is available.,closed
2026-09-15,2026-09-15 13:31:11,T00615,GF-QQQ-IC-SL100,IC,QQQ,shortputspread,702,,n/a,pt100,130.0,5018.0,0.0259,True,optimistic bound: no PT hit -> actual exit pnl (ledger),closed
2026-09-15,2026-09-15 13:31:11,T00615,GF-QQQ-IC-SL100,IC,QQQ,shortputspread,702,,n/a,pt25,45.5,5018.0,0.0091,True,optimistic bound: booked +25% of credit_basis at mfe_pct threshold,closed
2026-09-15,2026-09-15 13:31:11,T00615,GF-QQQ-IC-SL100,IC,QQQ,shortputspread,702,,n/a,pt50,91.0,5018.0,0.0181,True,optimistic bound: booked +50% of credit_basis at mfe_pct threshold,closed
2026-09-15,2026-09-15 13:31:11,T00615,GF-QQQ-IC-SL100,IC,QQQ,shortputspread,702,,n/a,settle,,5018.0,,True,NOT EVALUABLE — position closed early; what it would have returned held to settlement needs post-exit path data that does not exist. Never modeled.,closed
2026-09-15,2026-09-15 13:31:11,T00615,GF-QQQ-IC-SL100,IC,QQQ,shortputspread,702,,n/a,sl100,130.0,5018.0,0.0259,True,optimistic bound: no SL hit -> actual exit pnl (ledger),closed
2026-09-15,2026-09-15 13:31:11,T00615,GF-QQQ-IC-SL100,IC,QQQ,shortputspread,702,,n/a,sl130,130.0,5018.0,0.0259,True,optimistic bound: no SL hit -> actual exit pnl (ledger),closed
2026-09-15,2026-09-15 13:31:11,T00615,GF-QQQ-IC-SL100,IC,QQQ,shortputspread,702,,n/a,sl50,130.0,5018.0,0.0259,True,optimistic bound: no SL hit -> actual exit pnl (ledger),closed
2026-09-15,2026-09-15 13:31:11,T00615,GF-QQQ-IC-SL100,IC,QQQ,shortputspread,702,,n/a,sl75,130.0,5018.0,0.0259,True,optimistic bound: no SL hit -> actual exit pnl (ledger),closed
2026-09-15,2026-09-15 13:31:11,T00616,GF-QQQ-IC-SL200,IC,QQQ,shortputspread,702,,n/a,actual,130.0,5018.0,0.0259,False,"actual exit pnl (ledger, verbatim) - NOT settlement",closed
2026-09-15,2026-09-15 13:31:11,T00616,GF-QQQ-IC-SL200,IC,QQQ,shortputspread,702,,n/a,defang,,5018.0,,True,DEFERRED v1 — needs the intraday premium-decay path (mark short leg to ~$0.05) not present in the ledger. TODO: model once tick/1-min option-premium history is available.,closed
2026-09-15,2026-09-15 13:31:11,T00616,GF-QQQ-IC-SL200,IC,QQQ,shortputspread,702,,n/a,pt100,130.0,5018.0,0.0259,True,optimistic bound: no PT hit -> actual exit pnl (ledger),closed
2026-09-15,2026-09-15 13:31:11,T00616,GF-QQQ-IC-SL200,IC,QQQ,shortputspread,702,,n/a,pt25,45.5,5018.0,0.0091,True,optimistic bound: booked +25% of credit_basis at mfe_pct threshold,closed
2026-09-15,2026-09-15 13:31:11,T00616,GF-QQQ-IC-SL200,IC,QQQ,shortputspread,702,,n/a,pt50,91.0,5018.0,0.0181,True,optimistic bound: booked +50% of credit_basis at mfe_pct threshold,closed
2026-09-15,2026-09-15 13:31:11,T00616,GF-QQQ-IC-SL200,IC,QQQ,shortputspread,702,,n/a,settle,,5018.0,,True,NOT EVALUABLE — position closed early; what it would have returned held to settlement needs post-exit path data that does not exist. Never modeled.,closed
2026-09-15,2026-09-15 13:31:11,T00616,GF-QQQ-IC-SL200,IC,QQQ,shortputspread,702,,n/a,sl100,130.0,5018.0,0.0259,True,optimistic bound: no SL hit -> actual exit pnl (ledger),closed
2026-09-15,2026-09-15 13:31:11,T00616,GF-QQQ-IC-SL200,IC,QQQ,shortputspread,702,,n/a,sl130,130.0,5018.0,0.0259,True,optimistic bound: no SL hit -> actual exit pnl (ledger),closed
2026-09-15,2026-09-15 13:31:11,T00616,GF-QQQ-IC-SL200,IC,QQQ,shortputspread,702,,n/a,sl50,130.0,5018.0,0.0259,True,optimistic bound: no SL hit -> actual exit pnl (ledger),closed
2026-09-15,2026-09-15 13:31:11,T00616,GF-QQQ-IC-SL200,IC,QQQ,shortputspread,702,,n/a,sl75,130.0,5018.0,0.0259,True,optimistic bound: no SL hit -> actual exit pnl (ledger),closed
2026-09-15,2026-09-15 13:31:11,T00617,GF-QQQ-IC-Touch0,IC,QQQ,shortputspread,702,,n/a,actual,130.0,5018.0,0.0259,False,"actual exit pnl (ledger, verbatim) - NOT settlement",closed
2026-09-15,2026-09-15 13:31:11,T00617,GF-QQQ-IC-Touch0,IC,QQQ,shortputspread,702,,n/a,defang,,5018.0,,True,DEFERRED v1 — needs the intraday premium-decay path (mark short leg to ~$0.05) not present in the ledger. TODO: model once tick/1-min option-premium history is available.,closed
2026-09-15,2026-09-15 13:31:11,T00617,GF-QQQ-IC-Touch0,IC,QQQ,shortputspread,702,,n/a,pt100,130.0,5018.0,0.0259,True,optimistic bound: no PT hit -> actual exit pnl (ledger),closed
2026-09-15,2026-09-15 13:31:11,T00617,GF-QQQ-IC-Touch0,IC,QQQ,shortputspread,702,,n/a,pt25,45.5,5018.0,0.0091,True,optimistic bound: booked +25% of credit_basis at mfe_pct threshold,closed
2026-09-15,2026-09-15 13:31:11,T00617,GF-QQQ-IC-Touch0,IC,QQQ,shortputspread,702,,n/a,pt50,91.0,5018.0,0.0181,True,optimistic bound: booked +50% of credit_basis at mfe_pct threshold,closed
2026-09-15,2026-09-15 13:31:11,T00617,GF-QQQ-IC-Touch0,IC,QQQ,shortputspread,702,,n/a,settle,,5018.0,,True,NOT EVALUABLE — position closed early; what it would have returned held to settlement needs post-exit path data that does not exist. Never modeled.,closed
2026-09-15,2026-09-15 13:31:11,T00617,GF-QQQ-IC-Touch0,IC,QQQ,shortputspread,702,,n/a,sl100,130.0,5018.0,0.0259,True,optimistic bound: no SL hit -> actual exit pnl (ledger),closed
2026-09-15,2026-09-15 13:31:11,T00617,GF-QQQ-IC-Touch0,IC,QQQ,shortputspread,702,,n/a,sl130,130.0,5018.0,0.0259,True,optimistic bound: no SL hit -> actual exit pnl (ledger),closed
2026-09-15,2026-09-15 13:31:11,T00617,GF-QQQ-IC-Touch0,IC,QQQ,shortputspread,702,,n/a,sl50,130.0,5018.0,0.0259,True,optimistic bound: no SL hit -> actual exit pnl (ledger),closed
2026-09-15,2026-09-15 13:31:11,T00617,GF-QQQ-IC-Touch0,IC,QQQ,shortputspread,702,,n/a,sl75,130.0,5018.0,0.0259,True,optimistic bound: no SL hit -> actual exit pnl (ledger),closed
2026-09-15,2026-09-15 13:31:12,T00617,GF-QQQ-IC-Touch0,IC,QQQ,shortcallspread,,707,n/a,actual,208.0,4966.0,0.0419,False,"actual exit pnl (ledger, verbatim) - NOT settlement",closed
2026-09-15,2026-09-15 13:31:12,T00617,GF-QQQ-IC-Touch0,IC,QQQ,shortcallspread,,707,n/a,defang,,4966.0,,True,DEFERRED v1 — needs the intraday premium-decay path (mark short leg to ~$0.05) not present in the ledger. TODO: model once tick/1-min option-premium history is available.,closed
2026-09-15,2026-09-15 13:31:12,T00617,GF-QQQ-IC-Touch0,IC,QQQ,shortcallspread,,707,n/a,pt100,234.0,4966.0,0.0471,True,optimistic bound: booked +100% of credit_basis at mfe_pct threshold,closed
2026-09-15,2026-09-15 13:31:12,T00617,GF-QQQ-IC-Touch0,IC,QQQ,shortcallspread,,707,n/a,pt25,58.5,4966.0,0.0118,True,optimistic bound: booked +25% of credit_basis at mfe_pct threshold,closed
2026-09-15,2026-09-15 13:31:12,T00617,GF-QQQ-IC-Touch0,IC,QQQ,shortcallspread,,707,n/a,pt50,117.0,4966.0,0.0236,True,optimistic bound: booked +50% of credit_basis at mfe_pct threshold,closed
2026-09-15,2026-09-15 13:31:12,T00617,GF-QQQ-IC-Touch0,IC,QQQ,shortcallspread,,707,n/a,settle,,4966.0,,True,NOT EVALUABLE — position closed early; what it would have returned held to settlement needs post-exit path data that does not exist. Never modeled.,closed
2026-09-15,2026-09-15 13:31:12,T00617,GF-QQQ-IC-Touch0,IC,QQQ,shortcallspread,,707,n/a,sl100,208.0,4966.0,0.0419,True,optimistic bound: no SL hit -> actual exit pnl (ledger),closed
2026-09-15,2026-09-15 13:31:12,T00617,GF-QQQ-IC-Touch0,IC,QQQ,shortcallspread,,707,n/a,sl130,208.0,4966.0,0.0419,True,optimistic bound: no SL hit -> actual exit pnl (ledger),closed
2026-09-15,2026-09-15 13:31:12,T00617,GF-QQQ-IC-Touch0,IC,QQQ,shortcallspread,,707,n/a,sl50,208.0,4966.0,0.0419,True,optimistic bound: no SL hit -> actual exit pnl (ledger),closed
2026-09-15,2026-09-15 13:31:12,T00617,GF-QQQ-IC-Touch0,IC,QQQ,shortcallspread,,707,n/a,sl75,208.0,4966.0,0.0419,True,optimistic bound: no SL hit -> actual exit pnl (ledger),closed
2026-09-15,2026-09-15 13:31:11,T00619,GF-QQQ-IC-Trail,IC,QQQ,shortputspread,702,,n/a,actual,52.0,5018.0,0.0104,False,"actual exit pnl (ledger, verbatim) - NOT settlement",closed
2026-09-15,2026-09-15 13:31:11,T00619,GF-QQQ-IC-Trail,IC,QQQ,shortputspread,702,,n/a,defang,,5018.0,,True,DEFERRED v1 — needs the intraday premium-decay path (mark short leg to ~$0.05) not present in the ledger. TODO: model once tick/1-min option-premium history is available.,closed
2026-09-15,2026-09-15 13:31:11,T00619,GF-QQQ-IC-Trail,IC,QQQ,shortputspread,702,,n/a,pt100,52.0,5018.0,0.0104,True,optimistic bound: no PT hit -> actual exit pnl (ledger),closed
2026-09-15,2026-09-15 13:31:11,T00619,GF-QQQ-IC-Trail,IC,QQQ,shortputspread,702,,n/a,pt25,45.5,5018.0,0.0091,True,optimistic bound: booked +25% of credit_basis at mfe_pct threshold,closed
2026-09-15,2026-09-15 13:31:11,T00619,GF-QQQ-IC-Trail,IC,QQQ,shortputspread,702,,n/a,pt50,91.0,5018.0,0.0181,True,optimistic bound: booked +50% of credit_basis at mfe_pct threshold,closed
2026-09-15,2026-09-15 13:31:11,T00619,GF-QQQ-IC-Trail,IC,QQQ,shortputspread,702,,n/a,settle,,5018.0,,True,NOT EVALUABLE — position closed early; what it would have returned held to settlement needs post-exit path data that does not exist. Never modeled.,closed
2026-09-15,2026-09-15 13:31:11,T00619,GF-QQQ-IC-Trail,IC,QQQ,shortputspread,702,,n/a,sl100,52.0,5018.0,0.0104,True,optimistic bound: no SL hit -> actual exit pnl (ledger),closed
2026-09-15,2026-09-15 13:31:11,T00619,GF-QQQ-IC-Trail,IC,QQQ,shortputspread,702,,n/a,sl130,52.0,5018.0,0.0104,True,optimistic bound: no SL hit -> actual exit pnl (ledger),closed
2026-09-15,2026-09-15 13:31:11,T00619,GF-QQQ-IC-Trail,IC,QQQ,shortputspread,702,,n/a,sl50,52.0,5018.0,0.0104,True,optimistic bound: no SL hit -> actual exit pnl (ledger),closed
2026-09-15,2026-09-15 13:31:11,T00619,GF-QQQ-IC-Trail,IC,QQQ,shortputspread,702,,n/a,sl75,52.0,5018.0,0.0104,True,optimistic bound: no SL hit -> actual exit pnl (ledger),closed
2026-09-15,2026-09-15 13:31:12,T00619,GF-QQQ-IC-Trail,IC,QQQ,shortcallspread,,707,n/a,actual,26.0,4966.0,0.0052,False,"actual exit pnl (ledger, verbatim) - NOT settlement",closed
2026-09-15,2026-09-15 13:31:12,T00619,GF-QQQ-IC-Trail,IC,QQQ,shortcallspread,,707,n/a,defang,,4966.0,,True,DEFERRED v1 — needs the intraday premium-decay path (mark short leg to ~$0.05) not present in the ledger. TODO: model once tick/1-min option-premium history is available.,closed
2026-09-15,2026-09-15 13:31:12,T00619,GF-QQQ-IC-Trail,IC,QQQ,shortcallspread,,707,n/a,pt100,26.0,4966.0,0.0052,True,optimistic bound: no PT hit -> actual exit pnl (ledger),closed
2026-09-15,2026-09-15 13:31:12,T00619,GF-QQQ-IC-Trail,IC,QQQ,shortcallspread,,707,n/a,pt25,58.5,4966.0,0.0118,True,optimistic bound: booked +25% of credit_basis at mfe_pct threshold,closed
2026-09-15,2026-09-15 13:31:12,T00619,GF-QQQ-IC-Trail,IC,QQQ,shortcallspread,,707,n/a,pt50,26.0,4966.0,0.0052,True,optimistic bound: no PT hit -> actual exit pnl (ledger),closed
2026-09-15,2026-09-15 13:31:12,T00619,GF-QQQ-IC-Trail,IC,QQQ,shortcallspread,,707,n/a,settle,,4966.0,,True,NOT EVALUABLE — position closed early; what it would have returned held to settlement needs post-exit path data that does not exist. Never modeled.,closed
2026-09-15,2026-09-15 13:31:12,T00619,GF-QQQ-IC-Trail,IC,QQQ,shortcallspread,,707,n/a,sl100,26.0,4966.0,0.0052,True,optimistic bound: no SL hit -> actual exit pnl (ledger),closed
2026-09-15,2026-09-15 13:31:12,T00619,GF-QQQ-IC-Trail,IC,QQQ,shortcallspread,,707,n/a,sl130,26.0,4966.0,0.0052,True,optimistic bound: no SL hit -> actual exit pnl (ledger),closed
2026-09-15,2026-09-15 13:31:12,T00619,GF-QQQ-IC-Trail,IC,QQQ,shortcallspread,,707,n/a,sl50,26.0,4966.0,0.0052,True,optimistic bound: no SL hit -> actual exit pnl (ledger),closed
2026-09-15,2026-09-15 13:31:12,T00619,GF-QQQ-IC-Trail,IC,QQQ,shortcallspread,,707,n/a,sl75,26.0,4966.0,0.0052,True,optimistic bound: no SL hit -> actual exit pnl (ledger),closed
2026-09-15,2026-09-15 11:01:00,T00613,IC-SPX-FastPT25-S2,IC,SPX,shortputspread,7520,,n/a,actual,150.0,4850.0,0.0309,False,"settlement pnl (ledger, verbatim)",expired
2026-09-15,2026-09-15 11:01:00,T00613,IC-SPX-FastPT25-S2,IC,SPX,shortputspread,7520,,n/a,defang,,4850.0,,True,DEFERRED v1 — needs the intraday premium-decay path (mark short leg to ~$0.05) not present in the ledger. TODO: model once tick/1-min option-premium history is available.,expired
2026-09-15,2026-09-15 11:01:00,T00613,IC-SPX-FastPT25-S2,IC,SPX,shortputspread,7520,,n/a,pt100,150.0,4850.0,0.0309,True,optimistic bound: booked +100% of credit_basis at mfe_pct threshold,expired
2026-09-15,2026-09-15 11:01:00,T00613,IC-SPX-FastPT25-S2,IC,SPX,shortputspread,7520,,n/a,pt25,37.5,4850.0,0.0077,True,optimistic bound: booked +25% of credit_basis at mfe_pct threshold,expired
2026-09-15,2026-09-15 11:01:00,T00613,IC-SPX-FastPT25-S2,IC,SPX,shortputspread,7520,,n/a,pt50,75.0,4850.0,0.0155,True,optimistic bound: booked +50% of credit_basis at mfe_pct threshold,expired
2026-09-15,2026-09-15 11:01:00,T00613,IC-SPX-FastPT25-S2,IC,SPX,shortputspread,7520,,n/a,sl100,150.0,4850.0,0.0309,True,optimistic bound: no SL hit -> rode to settlement,expired
2026-09-15,2026-09-15 11:01:00,T00613,IC-SPX-FastPT25-S2,IC,SPX,shortputspread,7520,,n/a,sl130,150.0,4850.0,0.0309,True,optimistic bound: no SL hit -> rode to settlement,expired
2026-09-15,2026-09-15 11:01:00,T00613,IC-SPX-FastPT25-S2,IC,SPX,shortputspread,7520,,n/a,sl50,150.0,4850.0,0.0309,True,optimistic bound: no SL hit -> rode to settlement,expired
2026-09-15,2026-09-15 11:01:00,T00613,IC-SPX-FastPT25-S2,IC,SPX,shortputspread,7520,,n/a,sl75,150.0,4850.0,0.0309,True,optimistic bound: no SL hit -> rode to settlement,expired
2026-09-15,2026-09-15 11:01:01,T00613,IC-SPX-FastPT25-S2,IC,SPX,shortcallspread,,7635,n/a,actual,100.0,4900.0,0.0204,False,"settlement pnl (ledger, verbatim)",expired
2026-09-15,2026-09-15 11:01:01,T00613,IC-SPX-FastPT25-S2,IC,SPX,shortcallspread,,7635,n/a,defang,,4900.0,,True,DEFERRED v1 — needs the intraday premium-decay path (mark short leg to ~$0.05) not present in the ledger. TODO: model once tick/1-min option-premium history is available.,expired
2026-09-15,2026-09-15 11:01:01,T00613,IC-SPX-FastPT25-S2,IC,SPX,shortcallspread,,7635,n/a,pt100,100.0,4900.0,0.0204,True,optimistic bound: booked +100% of credit_basis at mfe_pct threshold,expired
2026-09-15,2026-09-15 11:01:01,T00613,IC-SPX-FastPT25-S2,IC,SPX,shortcallspread,,7635,n/a,pt25,25.0,4900.0,0.0051,True,optimistic bound: booked +25% of credit_basis at mfe_pct threshold,expired
2026-09-15,2026-09-15 11:01:01,T00613,IC-SPX-FastPT25-S2,IC,SPX,shortcallspread,,7635,n/a,pt50,50.0,4900.0,0.0102,True,optimistic bound: booked +50% of credit_basis at mfe_pct threshold,expired
2026-09-15,2026-09-15 11:01:01,T00613,IC-SPX-FastPT25-S2,IC,SPX,shortcallspread,,7635,n/a,sl100,100.0,4900.0,0.0204,True,optimistic bound: no SL hit -> rode to settlement,expired
2026-09-15,2026-09-15 11:01:01,T00613,IC-SPX-FastPT25-S2,IC,SPX,shortcallspread,,7635,n/a,sl130,100.0,4900.0,0.0204,True,optimistic bound: no SL hit -> rode to settlement,expired
2026-09-15,2026-09-15 11:01:01,T00613,IC-SPX-FastPT25-S2,IC,SPX,shortcallspread,,7635,n/a,sl50,100.0,4900.0,0.0204,True,optimistic bound: no SL hit -> rode to settlement,expired
2026-09-15,2026-09-15 11:01:01,T00613,IC-SPX-FastPT25-S2,IC,SPX,shortcallspread,,7635,n/a,sl75,100.0,4900.0,0.0204,True,optimistic bound: no SL hit -> rode to settlement,expired
2026-09-15,2026-09-15 13:31:00,T00614,IC-SPX-FastPT25-S2-130PM,IC,SPX,shortputspread,7555,,n/a,actual,200.0,4800.0,0.0417,False,"settlement pnl (ledger, verbatim)",expired
2026-09-15,2026-09-15 13:31:00,T00614,IC-SPX-FastPT25-S2-130PM,IC,SPX,shortputspread,7555,,n/a,defang,,4800.0,,True,DEFERRED v1 — needs the intraday premium-decay path (mark short leg to ~$0.05) not present in the ledger. TODO: model once tick/1-min option-premium history is available.,expired
2026-09-15,2026-09-15 13:31:00,T00614,IC-SPX-FastPT25-S2-130PM,IC,SPX,shortputspread,7555,,n/a,pt100,200.0,4800.0,0.0417,True,optimistic bound: booked +100% of credit_basis at mfe_pct threshold,expired
2026-09-15,2026-09-15 13:31:00,T00614,IC-SPX-FastPT25-S2-130PM,IC,SPX,shortputspread,7555,,n/a,pt25,50.0,4800.0,0.0104,True,optimistic bound: booked +25% of credit_basis at mfe_pct threshold,expired
2026-09-15,2026-09-15 13:31:00,T00614,IC-SPX-FastPT25-S2-130PM,IC,SPX,shortputspread,7555,,n/a,pt50,100.0,4800.0,0.0208,True,optimistic bound: booked +50% of credit_basis at mfe_pct threshold,expired
2026-09-15,2026-09-15 13:31:00,T00614,IC-SPX-FastPT25-S2-130PM,IC,SPX,shortputspread,7555,,n/a,sl100,200.0,4800.0,0.0417,True,optimistic bound: no SL hit -> rode to settlement,expired
2026-09-15,2026-09-15 13:31:00,T00614,IC-SPX-FastPT25-S2-130PM,IC,SPX,shortputspread,7555,,n/a,sl130,200.0,4800.0,0.0417,True,optimistic bound: no SL hit -> rode to settlement,expired
2026-09-15,2026-09-15 13:31:00,T00614,IC-SPX-FastPT25-S2-130PM,IC,SPX,shortputspread,7555,,n/a,sl50,200.0,4800.0,0.0417,True,optimistic bound: no SL hit -> rode to settlement,expired
2026-09-15,2026-09-15 13:31:00,T00614,IC-SPX-FastPT25-S2-130PM,IC,SPX,shortputspread,7555,,n/a,sl75,200.0,4800.0,0.0417,True,optimistic bound: no SL hit -> rode to settlement,expired
2026-09-15,2026-09-15 13:31:01,T00614,IC-SPX-FastPT25-S2-130PM,IC,SPX,shortcallspread,,7600,n/a,actual,300.0,4700.0,0.0638,False,"settlement pnl (ledger, verbatim)",expired
2026-09-15,2026-09-15 13:31:01,T00614,IC-SPX-FastPT25-S2-130PM,IC,SPX,shortcallspread,,7600,n/a,defang,,4700.0,,True,DEFERRED v1 — needs the intraday premium-decay path (mark short leg to ~$0.05) not present in the ledger. TODO: model once tick/1-min option-premium history is available.,expired
2026-09-15,2026-09-15 13:31:01,T00614,IC-SPX-FastPT25-S2-130PM,IC,SPX,shortcallspread,,7600,n/a,pt100,300.0,4700.0,0.0638,True,optimistic bound: booked +100% of credit_basis at mfe_pct threshold,expired
2026-09-15,2026-09-15 13:31:01,T00614,IC-SPX-FastPT25-S2-130PM,IC,SPX,shortcallspread,,7600,n/a,pt25,75.0,4700.0,0.016,True,optimistic bound: booked +25% of credit_basis at mfe_pct threshold,expired
2026-09-15,2026-09-15 13:31:01,T00614,IC-SPX-FastPT25-S2-130PM,IC,SPX,shortcallspread,,7600,n/a,pt50,150.0,4700.0,0.0319,True,optimistic bound: booked +50% of credit_basis at mfe_pct threshold,expired
2026-09-15,2026-09-15 13:31:01,T00614,IC-SPX-FastPT25-S2-130PM,IC,SPX,shortcallspread,,7600,n/a,sl100,-300.0,4700.0,-0.0638,True,optimistic bound: booked -100% of credit_basis at mae_pct threshold,expired
2026-09-15,2026-09-15 13:31:01,T00614,IC-SPX-FastPT25-S2-130PM,IC,SPX,shortcallspread,,7600,n/a,sl130,-390.0,4700.0,-0.083,True,optimistic bound: booked -130% of credit_basis at mae_pct threshold,expired
2026-09-15,2026-09-15 13:31:01,T00614,IC-SPX-FastPT25-S2-130PM,IC,SPX,shortcallspread,,7600,n/a,sl50,-150.0,4700.0,-0.0319,True,optimistic bound: booked -50% of credit_basis at mae_pct threshold,expired
2026-09-15,2026-09-15 13:31:01,T00614,IC-SPX-FastPT25-S2-130PM,IC,SPX,shortcallspread,,7600,n/a,sl75,-225.0,4700.0,-0.0479,True,optimistic bound: booked -75% of credit_basis at mae_pct threshold,expired
2026-09-16,2026-09-16 11:00:03,T00610,DIR-SPX-CallVIXdrop,Directional,SPX,longcallspread,,7630,Trend,actual,-425.0,725.0,-0.5862,False,"actual exit pnl (ledger, verbatim) - NOT settlement",closed
2026-09-16,2026-09-16 11:00:03,T00610,DIR-SPX-CallVIXdrop,Directional,SPX,longcallspread,,7630,Trend,defang,,725.0,,True,DEFERRED v1 — needs the intraday premium-decay path (mark short leg to ~$0.05) not present in the ledger. TODO: model once tick/1-min option-premium history is available.,closed
2026-09-16,2026-09-16 11:00:03,T00610,DIR-SPX-CallVIXdrop,Directional,SPX,longcallspread,,7630,Trend,pt100,-425.0,725.0,-0.5862,True,optimistic bound: no PT hit -> actual exit pnl (ledger),closed
2026-09-16,2026-09-16 11:00:03,T00610,DIR-SPX-CallVIXdrop,Directional,SPX,longcallspread,,7630,Trend,pt25,-425.0,725.0,-0.5862,True,optimistic bound: no PT hit -> actual exit pnl (ledger),closed
2026-09-16,2026-09-16 11:00:03,T00610,DIR-SPX-CallVIXdrop,Directional,SPX,longcallspread,,7630,Trend,pt50,-425.0,725.0,-0.5862,True,optimistic bound: no PT hit -> actual exit pnl (ledger),closed
2026-09-16,2026-09-16 11:00:03,T00610,DIR-SPX-CallVIXdrop,Directional,SPX,longcallspread,,7630,Trend,settle,,725.0,,True,NOT EVALUABLE — position closed early; what it would have returned held to settlement needs post-exit path data that does not exist. Never modeled.,closed
2026-09-16,2026-09-16 11:00:03,T00610,DIR-SPX-CallVIXdrop,Directional,SPX,longcallspread,,7630,Trend,sl100,-425.0,725.0,-0.5862,True,optimistic bound: no SL hit -> actual exit pnl (ledger),closed
2026-09-16,2026-09-16 11:00:03,T00610,DIR-SPX-CallVIXdrop,Directional,SPX,longcallspread,,7630,Trend,sl130,-425.0,725.0,-0.5862,True,optimistic bound: no SL hit -> actual exit pnl (ledger),closed
2026-09-16,2026-09-16 11:00:03,T00610,DIR-SPX-CallVIXdrop,Directional,SPX,longcallspread,,7630,Trend,sl50,-362.5,725.0,-0.5,True,optimistic bound: booked -50% of credit_basis at mae_pct threshold,closed
2026-09-16,2026-09-16 11:00:03,T00610,DIR-SPX-CallVIXdrop,Directional,SPX,longcallspread,,7630,Trend,sl75,-425.0,725.0,-0.5862,True,optimistic bound: no SL hit -> actual exit pnl (ledger),closed
2026-09-16,2026-09-16 13:31:12,T00612,GF-QQQ-IC-Canary,IC,QQQ,shortputspread,699,,Trend,actual,5.0,189.0,0.0265,False,"actual exit pnl (ledger, verbatim) - NOT settlement",closed
2026-09-16,2026-09-16 13:31:12,T00612,GF-QQQ-IC-Canary,IC,QQQ,shortputspread,699,,Trend,defang,,189.0,,True,DEFERRED v1 — needs the intraday premium-decay path (mark short leg to ~$0.05) not present in the ledger. TODO: model once tick/1-min option-premium history is available.,closed
2026-09-16,2026-09-16 13:31:12,T00612,GF-QQQ-IC-Canary,IC,QQQ,shortputspread,699,,Trend,pt100,5.0,189.0,0.0265,True,optimistic bound: no PT hit -> actual exit pnl (ledger),closed
2026-09-16,2026-09-16 13:31:12,T00612,GF-QQQ-IC-Canary,IC,QQQ,shortputspread,699,,Trend,pt25,2.75,189.0,0.0146,True,optimistic bound: booked +25% of credit_basis at mfe_pct threshold,closed
2026-09-16,2026-09-16 13:31:12,T00612,GF-QQQ-IC-Canary,IC,QQQ,shortputspread,699,,Trend,pt50,5.5,189.0,0.0291,True,optimistic bound: booked +50% of credit_basis at mfe_pct threshold,closed
2026-09-16,2026-09-16 13:31:12,T00612,GF-QQQ-IC-Canary,IC,QQQ,shortputspread,699,,Trend,s2,5.0,189.0,0.0265,True,"strike-touch cut, 5-min tape grain (not sub-second latch); cut priced at the leg's own worst-excursion (mae_pct) extreme; touch window bounded at actual close",closed
2026-09-16,2026-09-16 13:31:12,T00612,GF-QQQ-IC-Canary,IC,QQQ,shortputspread,699,,Trend,settle,,189.0,,True,NOT EVALUABLE — position closed early; what it would have returned held to settlement needs post-exit path data that does not exist. Never modeled.,closed
2026-09-16,2026-09-16 13:31:12,T00612,GF-QQQ-IC-Canary,IC,QQQ,shortputspread,699,,Trend,sl100,5.0,189.0,0.0265,True,optimistic bound: no SL hit -> actual exit pnl (ledger),closed
2026-09-16,2026-09-16 13:31:12,T00612,GF-QQQ-IC-Canary,IC,QQQ,shortputspread,699,,Trend,sl130,5.0,189.0,0.0265,True,optimistic bound: no SL hit -> actual exit pnl (ledger),closed
2026-09-16,2026-09-16 13:31:12,T00612,GF-QQQ-IC-Canary,IC,QQQ,shortputspread,699,,Trend,sl50,5.0,189.0,0.0265,True,optimistic bound: no SL hit -> actual exit pnl (ledger),closed
2026-09-16,2026-09-16 13:31:12,T00612,GF-QQQ-IC-Canary,IC,QQQ,shortputspread,699,,Trend,sl75,5.0,189.0,0.0265,True,optimistic bound: no SL hit -> actual exit pnl (ledger),closed
2026-09-16,2026-09-16 13:31:13,T00612,GF-QQQ-IC-Canary,IC,QQQ,shortcallspread,,718,Trend,actual,1.0,187.0,0.0053,False,"actual exit pnl (ledger, verbatim) - NOT settlement",closed
2026-09-16,2026-09-16 13:31:13,T00612,GF-QQQ-IC-Canary,IC,QQQ,shortcallspread,,718,Trend,defang,,187.0,,True,DEFERRED v1 — needs the intraday premium-decay path (mark short leg to ~$0.05) not present in the ledger. TODO: model once tick/1-min option-premium history is available.,closed
2026-09-16,2026-09-16 13:31:13,T00612,GF-QQQ-IC-Canary,IC,QQQ,shortcallspread,,718,Trend,pt100,1.0,187.0,0.0053,True,optimistic bound: no PT hit -> actual exit pnl (ledger),closed
2026-09-16,2026-09-16 13:31:13,T00612,GF-QQQ-IC-Canary,IC,QQQ,shortcallspread,,718,Trend,pt25,1.0,187.0,0.0053,True,optimistic bound: no PT hit -> actual exit pnl (ledger),closed
2026-09-16,2026-09-16 13:31:13,T00612,GF-QQQ-IC-Canary,IC,QQQ,shortcallspread,,718,Trend,pt50,1.0,187.0,0.0053,True,optimistic bound: no PT hit -> actual exit pnl (ledger),closed
2026-09-16,2026-09-16 13:31:13,T00612,GF-QQQ-IC-Canary,IC,QQQ,shortcallspread,,718,Trend,s2,1.0,187.0,0.0053,True,"strike-touch cut, 5-min tape grain (not sub-second latch); cut priced at the leg's own worst-excursion (mae_pct) extreme; touch window bounded at actual close",closed
2026-09-16,2026-09-16 13:31:13,T00612,GF-QQQ-IC-Canary,IC,QQQ,shortcallspread,,718,Trend,settle,,187.0,,True,NOT EVALUABLE — position closed early; what it would have returned held to settlement needs post-exit path data that does not exist. Never modeled.,closed
2026-09-16,2026-09-16 13:31:13,T00612,GF-QQQ-IC-Canary,IC,QQQ,shortcallspread,,718,Trend,sl100,1.0,187.0,0.0053,True,optimistic bound: no SL hit -> actual exit pnl (ledger),closed
2026-09-16,2026-09-16 13:31:13,T00612,GF-QQQ-IC-Canary,IC,QQQ,shortcallspread,,718,Trend,sl130,1.0,187.0,0.0053,True,optimistic bound: no SL hit -> actual exit pnl (ledger),closed
2026-09-16,2026-09-16 13:31:13,T00612,GF-QQQ-IC-Canary,IC,QQQ,shortcallspread,,718,Trend,sl50,1.0,187.0,0.0053,True,optimistic bound: no SL hit -> actual exit pnl (ledger),closed
2026-09-16,2026-09-16 13:31:13,T00612,GF-QQQ-IC-Canary,IC,QQQ,shortcallspread,,718,Trend,sl75,1.0,187.0,0.0053,True,optimistic bound: no SL hit -> actual exit pnl (ledger),closed
2026-09-16,2026-09-16 13:31:12,T00609,GF-QQQ-IC-PT50,IC,QQQ,shortputspread,699,,Trend,actual,182.0,4914.0,0.037,False,"actual exit pnl (ledger, verbatim) - NOT settlement",closed
2026-09-16,2026-09-16 13:31:12,T00609,GF-QQQ-IC-PT50,IC,QQQ,shortputspread,699,,Trend,defang,,4914.0,,True,DEFERRED v1 — needs the intraday premium-decay path (mark short leg to ~$0.05) not present in the ledger. TODO: model once tick/1-min option-premium history is available.,closed
2026-09-16,2026-09-16 13:31:12,T00609,GF-QQQ-IC-PT50,IC,QQQ,shortputspread,699,,Trend,pt100,182.0,4914.0,0.037,True,optimistic bound: no PT hit -> actual exit pnl (ledger),closed
2026-09-16,2026-09-16 13:31:12,T00609,GF-QQQ-IC-PT50,IC,QQQ,shortputspread,699,,Trend,pt25,71.5,4914.0,0.0146,True,optimistic bound: booked +25% of credit_basis at mfe_pct threshold,closed
2026-09-16,2026-09-16 13:31:12,T00609,GF-QQQ-IC-PT50,IC,QQQ,shortputspread,699,,Trend,pt50,143.0,4914.0,0.0291,True,optimistic bound: booked +50% of credit_basis at mfe_pct threshold,closed
2026-09-16,2026-09-16 13:31:12,T00609,GF-QQQ-IC-PT50,IC,QQQ,shortputspread,699,,Trend,s2,182.0,4914.0,0.037,True,"strike-touch cut, 5-min tape grain (not sub-second latch); cut priced at the leg's own worst-excursion (mae_pct) extreme; touch window bounded at actual close",closed
2026-09-16,2026-09-16 13:31:12,T00609,GF-QQQ-IC-PT50,IC,QQQ,shortputspread,699,,Trend,settle,,4914.0,,True,NOT EVALUABLE — position closed early; what it would have returned held to settlement needs post-exit path data that does not exist. Never modeled.,closed
2026-09-16,2026-09-16 13:31:12,T00609,GF-QQQ-IC-PT50,IC,QQQ,shortputspread,699,,Trend,sl100,182.0,4914.0,0.037,True,optimistic bound: no SL hit -> actual exit pnl (ledger),closed
2026-09-16,2026-09-16 13:31:12,T00609,GF-QQQ-IC-PT50,IC,QQQ,shortputspread,699,,Trend,sl130,182.0,4914.0,0.037,True,optimistic bound: no SL hit -> actual exit pnl (ledger),closed
2026-09-16,2026-09-16 13:31:12,T00609,GF-QQQ-IC-PT50,IC,QQQ,shortputspread,699,,Trend,sl50,-143.0,4914.0,-0.0291,True,optimistic bound: booked -50% of credit_basis at mae_pct threshold,closed
2026-09-16,2026-09-16 13:31:12,T00609,GF-QQQ-IC-PT50,IC,QQQ,shortputspread,699,,Trend,sl75,182.0,4914.0,0.037,True,optimistic bound: no SL hit -> actual exit pnl (ledger),closed
2026-09-16,2026-09-16 13:31:13,T00609,GF-QQQ-IC-PT50,IC,QQQ,shortcallspread,,718,Trend,actual,182.0,4862.0,0.0374,False,"actual exit pnl (ledger, verbatim) - NOT settlement",closed
2026-09-16,2026-09-16 13:31:13,T00609,GF-QQQ-IC-PT50,IC,QQQ,shortcallspread,,718,Trend,defang,,4862.0,,True,DEFERRED v1 — needs the intraday premium-decay path (mark short leg to ~$0.05) not present in the ledger. TODO: model once tick/1-min option-premium history is available.,closed
2026-09-16,2026-09-16 13:31:13,T00609,GF-QQQ-IC-PT50,IC,QQQ,shortcallspread,,718,Trend,pt100,182.0,4862.0,0.0374,True,optimistic bound: no PT hit -> actual exit pnl (ledger),closed
2026-09-16,2026-09-16 13:31:13,T00609,GF-QQQ-IC-PT50,IC,QQQ,shortcallspread,,718,Trend,pt25,84.5,4862.0,0.0174,True,optimistic bound: booked +25% of credit_basis at mfe_pct threshold,closed
2026-09-16,2026-09-16 13:31:13,T00609,GF-QQQ-IC-PT50,IC,QQQ,shortcallspread,,718,Trend,pt50,169.0,4862.0,0.0348,True,optimistic bound: booked +50% of credit_basis at mfe_pct threshold,closed
2026-09-16,2026-09-16 13:31:13,T00609,GF-QQQ-IC-PT50,IC,QQQ,shortcallspread,,718,Trend,s2,182.0,4862.0,0.0374,True,"strike-touch cut, 5-min tape grain (not sub-second latch); cut priced at the leg's own worst-excursion (mae_pct) extreme; touch window bounded at actual close",closed
2026-09-16,2026-09-16 13:31:13,T00609,GF-QQQ-IC-PT50,IC,QQQ,shortcallspread,,718,Trend,settle,,4862.0,,True,NOT EVALUABLE — position closed early; what it would have returned held to settlement needs post-exit path data that does not exist. Never modeled.,closed
2026-09-16,2026-09-16 13:31:13,T00609,GF-QQQ-IC-PT50,IC,QQQ,shortcallspread,,718,Trend,sl100,182.0,4862.0,0.0374,True,optimistic bound: no SL hit -> actual exit pnl (ledger),closed
2026-09-16,2026-09-16 13:31:13,T00609,GF-QQQ-IC-PT50,IC,QQQ,shortcallspread,,718,Trend,sl130,182.0,4862.0,0.0374,True,optimistic bound: no SL hit -> actual exit pnl (ledger),closed
2026-09-16,2026-09-16 13:31:13,T00609,GF-QQQ-IC-PT50,IC,QQQ,shortcallspread,,718,Trend,sl50,182.0,4862.0,0.0374,True,optimistic bound: no SL hit -> actual exit pnl (ledger),closed
2026-09-16,2026-09-16 13:31:13,T00609,GF-QQQ-IC-PT50,IC,QQQ,shortcallspread,,718,Trend,sl75,182.0,4862.0,0.0374,True,optimistic bound: no SL hit -> actual exit pnl (ledger),closed
2026-09-16,2026-09-16 13:31:12,T00604,GF-QQQ-IC-Ride,IC,QQQ,shortputspread,699,,Trend,actual,234.0,4914.0,0.0476,False,"actual exit pnl (ledger, verbatim) - NOT settlement",closed
2026-09-16,2026-09-16 13:31:12,T00604,GF-QQQ-IC-Ride,IC,QQQ,shortputspread,699,,Trend,defang,,4914.0,,True,DEFERRED v1 — needs the intraday premium-decay path (mark short leg to ~$0.05) not present in the ledger. TODO: model once tick/1-min option-premium history is available.,closed
2026-09-16,2026-09-16 13:31:12,T00604,GF-QQQ-IC-Ride,IC,QQQ,shortputspread,699,,Trend,pt100,234.0,4914.0,0.0476,True,optimistic bound: no PT hit -> actual exit pnl (ledger),closed
2026-09-16,2026-09-16 13:31:12,T00604,GF-QQQ-IC-Ride,IC,QQQ,shortputspread,699,,Trend,pt25,71.5,4914.0,0.0146,True,optimistic bound: booked +25% of credit_basis at mfe_pct threshold,closed
2026-09-16,2026-09-16 13:31:12,T00604,GF-QQQ-IC-Ride,IC,QQQ,shortputspread,699,,Trend,pt50,143.0,4914.0,0.0291,True,optimistic bound: booked +50% of credit_basis at mfe_pct threshold,closed
2026-09-16,2026-09-16 13:31:12,T00604,GF-QQQ-IC-Ride,IC,QQQ,shortputspread,699,,Trend,s2,234.0,4914.0,0.0476,True,"strike-touch cut, 5-min tape grain (not sub-second latch); cut priced at the leg's own worst-excursion (mae_pct) extreme; touch window bounded at actual close",closed
2026-09-16,2026-09-16 13:31:12,T00604,GF-QQQ-IC-Ride,IC,QQQ,shortputspread,699,,Trend,settle,,4914.0,,True,NOT EVALUABLE — position closed early; what it would have returned held to settlement needs post-exit path data that does not exist. Never modeled.,closed
2026-09-16,2026-09-16 13:31:12,T00604,GF-QQQ-IC-Ride,IC,QQQ,shortputspread,699,,Trend,sl100,-286.0,4914.0,-0.0582,True,optimistic bound: booked -100% of credit_basis at mae_pct threshold,closed
2026-09-16,2026-09-16 13:31:12,T00604,GF-QQQ-IC-Ride,IC,QQQ,shortputspread,699,,Trend,sl130,-371.8,4914.0,-0.0757,True,optimistic bound: booked -130% of credit_basis at mae_pct threshold,closed
2026-09-16,2026-09-16 13:31:12,T00604,GF-QQQ-IC-Ride,IC,QQQ,shortputspread,699,,Trend,sl50,-143.0,4914.0,-0.0291,True,optimistic bound: booked -50% of credit_basis at mae_pct threshold,closed
2026-09-16,2026-09-16 13:31:12,T00604,GF-QQQ-IC-Ride,IC,QQQ,shortputspread,699,,Trend,sl75,-214.5,4914.0,-0.0437,True,optimistic bound: booked -75% of credit_basis at mae_pct threshold,closed
2026-09-16,2026-09-16 13:31:13,T00604,GF-QQQ-IC-Ride,IC,QQQ,shortcallspread,,718,Trend,actual,312.0,4862.0,0.0642,False,"actual exit pnl (ledger, verbatim) - NOT settlement",closed
2026-09-16,2026-09-16 13:31:13,T00604,GF-QQQ-IC-Ride,IC,QQQ,shortcallspread,,718,Trend,defang,,4862.0,,True,DEFERRED v1 — needs the intraday premium-decay path (mark short leg to ~$0.05) not present in the ledger. TODO: model once tick/1-min option-premium history is available.,closed
2026-09-16,2026-09-16 13:31:13,T00604,GF-QQQ-IC-Ride,IC,QQQ,shortcallspread,,718,Trend,pt100,338.0,4862.0,0.0695,True,optimistic bound: booked +100% of credit_basis at mfe_pct threshold,closed
2026-09-16,2026-09-16 13:31:13,T00604,GF-QQQ-IC-Ride,IC,QQQ,shortcallspread,,718,Trend,pt25,84.5,4862.0,0.0174,True,optimistic bound: booked +25% of credit_basis at mfe_pct threshold,closed
2026-09-16,2026-09-16 13:31:13,T00604,GF-QQQ-IC-Ride,IC,QQQ,shortcallspread,,718,Trend,pt50,169.0,4862.0,0.0348,True,optimistic bound: booked +50% of credit_basis at mfe_pct threshold,closed
2026-09-16,2026-09-16 13:31:13,T00604,GF-QQQ-IC-Ride,IC,QQQ,shortcallspread,,718,Trend,s2,312.0,4862.0,0.0642,True,"strike-touch cut, 5-min tape grain (not sub-second latch); cut priced at the leg's own worst-excursion (mae_pct) extreme; touch window bounded at actual close",closed
2026-09-16,2026-09-16 13:31:13,T00604,GF-QQQ-IC-Ride,IC,QQQ,shortcallspread,,718,Trend,settle,,4862.0,,True,NOT EVALUABLE — position closed early; what it would have returned held to settlement needs post-exit path data that does not exist. Never modeled.,closed
2026-09-16,2026-09-16 13:31:13,T00604,GF-QQQ-IC-Ride,IC,QQQ,shortcallspread,,718,Trend,sl100,312.0,4862.0,0.0642,True,optimistic bound: no SL hit -> actual exit pnl (ledger),closed
2026-09-16,2026-09-16 13:31:13,T00604,GF-QQQ-IC-Ride,IC,QQQ,shortcallspread,,718,Trend,sl130,312.0,4862.0,0.0642,True,optimistic bound: no SL hit -> actual exit pnl (ledger),closed
2026-09-16,2026-09-16 13:31:13,T00604,GF-QQQ-IC-Ride,IC,QQQ,shortcallspread,,718,Trend,sl50,312.0,4862.0,0.0642,True,optimistic bound: no SL hit -> actual exit pnl (ledger),closed
2026-09-16,2026-09-16 13:31:13,T00604,GF-QQQ-IC-Ride,IC,QQQ,shortcallspread,,718,Trend,sl75,312.0,4862.0,0.0642,True,optimistic bound: no SL hit -> actual exit pnl (ledger),closed
2026-09-16,2026-09-16 13:31:12,T00607,GF-QQQ-IC-SL100,IC,QQQ,shortputspread,699,,Trend,actual,-338.0,4914.0,-0.0688,False,"actual exit pnl (ledger, verbatim) - NOT settlement",closed
2026-09-16,2026-09-16 13:31:12,T00607,GF-QQQ-IC-SL100,IC,QQQ,shortputspread,699,,Trend,defang,,4914.0,,True,DEFERRED v1 — needs the intraday premium-decay path (mark short leg to ~$0.05) not present in the ledger. TODO: model once tick/1-min option-premium history is available.,closed
2026-09-16,2026-09-16 13:31:12,T00607,GF-QQQ-IC-SL100,IC,QQQ,shortputspread,699,,Trend,pt100,-338.0,4914.0,-0.0688,True,optimistic bound: no PT hit -> actual exit pnl (ledger),closed
2026-09-16,2026-09-16 13:31:12,T00607,GF-QQQ-IC-SL100,IC,QQQ,shortputspread,699,,Trend,pt25,71.5,4914.0,0.0146,True,optimistic bound: booked +25% of credit_basis at mfe_pct threshold,closed
2026-09-16,2026-09-16 13:31:12,T00607,GF-QQQ-IC-SL100,IC,QQQ,shortputspread,699,,Trend,pt50,143.0,4914.0,0.0291,True,optimistic bound: booked +50% of credit_basis at mfe_pct threshold,closed
2026-09-16,2026-09-16 13:31:12,T00607,GF-QQQ-IC-SL100,IC,QQQ,shortputspread,699,,Trend,s2,-338.0,4914.0,-0.0688,True,"strike-touch cut, 5-min tape grain (not sub-second latch); cut priced at the leg's own worst-excursion (mae_pct) extreme; touch window bounded at actual close",closed
2026-09-16,2026-09-16 13:31:12,T00607,GF-QQQ-IC-SL100,IC,QQQ,shortputspread,699,,Trend,settle,,4914.0,,True,NOT EVALUABLE — position closed early; what it would have returned held to settlement needs post-exit path data that does not exist. Never modeled.,closed
2026-09-16,2026-09-16 13:31:12,T00607,GF-QQQ-IC-SL100,IC,QQQ,shortputspread,699,,Trend,sl100,-286.0,4914.0,-0.0582,True,optimistic bound: booked -100% of credit_basis at mae_pct threshold,closed
2026-09-16,2026-09-16 13:31:12,T00607,GF-QQQ-IC-SL100,IC,QQQ,shortputspread,699,,Trend,sl130,-338.0,4914.0,-0.0688,True,optimistic bound: no SL hit -> actual exit pnl (ledger),closed
2026-09-16,2026-09-16 13:31:12,T00607,GF-QQQ-IC-SL100,IC,QQQ,shortputspread,699,,Trend,sl50,-143.0,4914.0,-0.0291,True,optimistic bound: booked -50% of credit_basis at mae_pct threshold,closed
2026-09-16,2026-09-16 13:31:12,T00607,GF-QQQ-IC-SL100,IC,QQQ,shortputspread,699,,Trend,sl75,-214.5,4914.0,-0.0437,True,optimistic bound: booked -75% of credit_basis at mae_pct threshold,closed
2026-09-16,2026-09-16 13:42:13,T00606,GF-QQQ-IC-SL100,IC,QQQ,shortcallspread,,717,Trend,actual,390.0,4784.0,0.0815,False,"actual exit pnl (ledger, verbatim) - NOT settlement",closed
2026-09-16,2026-09-16 13:42:13,T00606,GF-QQQ-IC-SL100,IC,QQQ,shortcallspread,,717,Trend,defang,,4784.0,,True,DEFERRED v1 — needs the intraday premium-decay path (mark short leg to ~$0.05) not present in the ledger. TODO: model once tick/1-min option-premium history is available.,closed
2026-09-16,2026-09-16 13:42:13,T00606,GF-QQQ-IC-SL100,IC,QQQ,shortcallspread,,717,Trend,pt100,416.0,4784.0,0.087,True,optimistic bound: booked +100% of credit_basis at mfe_pct threshold,closed
2026-09-16,2026-09-16 13:42:13,T00606,GF-QQQ-IC-SL100,IC,QQQ,shortcallspread,,717,Trend,pt25,104.0,4784.0,0.0217,True,optimistic bound: booked +25% of credit_basis at mfe_pct threshold,closed
2026-09-16,2026-09-16 13:42:13,T00606,GF-QQQ-IC-SL100,IC,QQQ,shortcallspread,,717,Trend,pt50,208.0,4784.0,0.0435,True,optimistic bound: booked +50% of credit_basis at mfe_pct threshold,closed
2026-09-16,2026-09-16 13:42:13,T00606,GF-QQQ-IC-SL100,IC,QQQ,shortcallspread,,717,Trend,s2,390.0,4784.0,0.0815,True,"strike-touch cut, 5-min tape grain (not sub-second latch); cut priced at the leg's own worst-excursion (mae_pct) extreme; touch window bounded at actual close",closed
2026-09-16,2026-09-16 13:42:13,T00606,GF-QQQ-IC-SL100,IC,QQQ,shortcallspread,,717,Trend,settle,,4784.0,,True,NOT EVALUABLE — position closed early; what it would have returned held to settlement needs post-exit path data that does not exist. Never modeled.,closed
2026-09-16,2026-09-16 13:42:13,T00606,GF-QQQ-IC-SL100,IC,QQQ,shortcallspread,,717,Trend,sl100,390.0,4784.0,0.0815,True,optimistic bound: no SL hit -> actual exit pnl (ledger),closed
2026-09-16,2026-09-16 13:42:13,T00606,GF-QQQ-IC-SL100,IC,QQQ,shortcallspread,,717,Trend,sl130,390.0,4784.0,0.0815,True,optimistic bound: no SL hit -> actual exit pnl (ledger),closed
2026-09-16,2026-09-16 13:42:13,T00606,GF-QQQ-IC-SL100,IC,QQQ,shortcallspread,,717,Trend,sl50,390.0,4784.0,0.0815,True,optimistic bound: no SL hit -> actual exit pnl (ledger),closed
2026-09-16,2026-09-16 13:42:13,T00606,GF-QQQ-IC-SL100,IC,QQQ,shortcallspread,,717,Trend,sl75,390.0,4784.0,0.0815,True,optimistic bound: no SL hit -> actual exit pnl (ledger),closed
2026-09-16,2026-09-16 13:31:12,T00605,GF-QQQ-IC-SL200,IC,QQQ,shortputspread,699,,Trend,actual,-676.0,4914.0,-0.1376,False,"actual exit pnl (ledger, verbatim) - NOT settlement",closed
2026-09-16,2026-09-16 13:31:12,T00605,GF-QQQ-IC-SL200,IC,QQQ,shortputspread,699,,Trend,defang,,4914.0,,True,DEFERRED v1 — needs the intraday premium-decay path (mark short leg to ~$0.05) not present in the ledger. TODO: model once tick/1-min option-premium history is available.,closed
2026-09-16,2026-09-16 13:31:12,T00605,GF-QQQ-IC-SL200,IC,QQQ,shortputspread,699,,Trend,pt100,-676.0,4914.0,-0.1376,True,optimistic bound: no PT hit -> actual exit pnl (ledger),closed
2026-09-16,2026-09-16 13:31:12,T00605,GF-QQQ-IC-SL200,IC,QQQ,shortputspread,699,,Trend,pt25,71.5,4914.0,0.0146,True,optimistic bound: booked +25% of credit_basis at mfe_pct threshold,closed
2026-09-16,2026-09-16 13:31:12,T00605,GF-QQQ-IC-SL200,IC,QQQ,shortputspread,699,,Trend,pt50,143.0,4914.0,0.0291,True,optimistic bound: booked +50% of credit_basis at mfe_pct threshold,closed
2026-09-16,2026-09-16 13:31:12,T00605,GF-QQQ-IC-SL200,IC,QQQ,shortputspread,699,,Trend,s2,-676.0,4914.0,-0.1376,True,"strike-touch cut, 5-min tape grain (not sub-second latch); cut priced at the leg's own worst-excursion (mae_pct) extreme; touch window bounded at actual close",closed
2026-09-16,2026-09-16 13:31:12,T00605,GF-QQQ-IC-SL200,IC,QQQ,shortputspread,699,,Trend,settle,,4914.0,,True,NOT EVALUABLE — position closed early; what it would have returned held to settlement needs post-exit path data that does not exist. Never modeled.,closed
2026-09-16,2026-09-16 13:31:12,T00605,GF-QQQ-IC-SL200,IC,QQQ,shortputspread,699,,Trend,sl100,-286.0,4914.0,-0.0582,True,optimistic bound: booked -100% of credit_basis at mae_pct threshold,closed
2026-09-16,2026-09-16 13:31:12,T00605,GF-QQQ-IC-SL200,IC,QQQ,shortputspread,699,,Trend,sl130,-371.8,4914.0,-0.0757,True,optimistic bound: booked -130% of credit_basis at mae_pct threshold,closed
2026-09-16,2026-09-16 13:31:12,T00605,GF-QQQ-IC-SL200,IC,QQQ,shortputspread,699,,Trend,sl50,-143.0,4914.0,-0.0291,True,optimistic bound: booked -50% of credit_basis at mae_pct threshold,closed
2026-09-16,2026-09-16 13:31:12,T00605,GF-QQQ-IC-SL200,IC,QQQ,shortputspread,699,,Trend,sl75,-214.5,4914.0,-0.0437,True,optimistic bound: booked -75% of credit_basis at mae_pct threshold,closed
2026-09-16,2026-09-16 13:31:13,T00605,GF-QQQ-IC-SL200,IC,QQQ,shortcallspread,,718,Trend,actual,312.0,4862.0,0.0642,False,"actual exit pnl (ledger, verbatim) - NOT settlement",closed
2026-09-16,2026-09-16 13:31:13,T00605,GF-QQQ-IC-SL200,IC,QQQ,shortcallspread,,718,Trend,defang,,4862.0,,True,DEFERRED v1 — needs the intraday premium-decay path (mark short leg to ~$0.05) not present in the ledger. TODO: model once tick/1-min option-premium history is available.,closed
2026-09-16,2026-09-16 13:31:13,T00605,GF-QQQ-IC-SL200,IC,QQQ,shortcallspread,,718,Trend,pt100,338.0,4862.0,0.0695,True,optimistic bound: booked +100% of credit_basis at mfe_pct threshold,closed
2026-09-16,2026-09-16 13:31:13,T00605,GF-QQQ-IC-SL200,IC,QQQ,shortcallspread,,718,Trend,pt25,84.5,4862.0,0.0174,True,optimistic bound: booked +25% of credit_basis at mfe_pct threshold,closed
2026-09-16,2026-09-16 13:31:13,T00605,GF-QQQ-IC-SL200,IC,QQQ,shortcallspread,,718,Trend,pt50,169.0,4862.0,0.0348,True,optimistic bound: booked +50% of credit_basis at mfe_pct threshold,closed
2026-09-16,2026-09-16 13:31:13,T00605,GF-QQQ-IC-SL200,IC,QQQ,shortcallspread,,718,Trend,s2,312.0,4862.0,0.0642,True,"strike-touch cut, 5-min tape grain (not sub-second latch); cut priced at the leg's own worst-excursion (mae_pct) extreme; touch window bounded at actual close",closed
2026-09-16,2026-09-16 13:31:13,T00605,GF-QQQ-IC-SL200,IC,QQQ,shortcallspread,,718,Trend,settle,,4862.0,,True,NOT EVALUABLE — position closed early; what it would have returned held to settlement needs post-exit path data that does not exist. Never modeled.,closed
2026-09-16,2026-09-16 13:31:13,T00605,GF-QQQ-IC-SL200,IC,QQQ,shortcallspread,,718,Trend,sl100,312.0,4862.0,0.0642,True,optimistic bound: no SL hit -> actual exit pnl (ledger),closed
2026-09-16,2026-09-16 13:31:13,T00605,GF-QQQ-IC-SL200,IC,QQQ,shortcallspread,,718,Trend,sl130,312.0,4862.0,0.0642,True,optimistic bound: no SL hit -> actual exit pnl (ledger),closed
2026-09-16,2026-09-16 13:31:13,T00605,GF-QQQ-IC-SL200,IC,QQQ,shortcallspread,,718,Trend,sl50,312.0,4862.0,0.0642,True,optimistic bound: no SL hit -> actual exit pnl (ledger),closed
2026-09-16,2026-09-16 13:31:13,T00605,GF-QQQ-IC-SL200,IC,QQQ,shortcallspread,,718,Trend,sl75,312.0,4862.0,0.0642,True,optimistic bound: no SL hit -> actual exit pnl (ledger),closed
2026-09-16,2026-09-16 13:31:12,T00603,GF-QQQ-IC-Touch0,IC,QQQ,shortputspread,699,,Trend,actual,234.0,4914.0,0.0476,False,"actual exit pnl (ledger, verbatim) - NOT settlement",closed
2026-09-16,2026-09-16 13:31:12,T00603,GF-QQQ-IC-Touch0,IC,QQQ,shortputspread,699,,Trend,defang,,4914.0,,True,DEFERRED v1 — needs the intraday premium-decay path (mark short leg to ~$0.05) not present in the ledger. TODO: model once tick/1-min option-premium history is available.,closed
2026-09-16,2026-09-16 13:31:12,T00603,GF-QQQ-IC-Touch0,IC,QQQ,shortputspread,699,,Trend,pt100,234.0,4914.0,0.0476,True,optimistic bound: no PT hit -> actual exit pnl (ledger),closed
2026-09-16,2026-09-16 13:31:12,T00603,GF-QQQ-IC-Touch0,IC,QQQ,shortputspread,699,,Trend,pt25,71.5,4914.0,0.0146,True,optimistic bound: booked +25% of credit_basis at mfe_pct threshold,closed
2026-09-16,2026-09-16 13:31:12,T00603,GF-QQQ-IC-Touch0,IC,QQQ,shortputspread,699,,Trend,pt50,143.0,4914.0,0.0291,True,optimistic bound: booked +50% of credit_basis at mfe_pct threshold,closed
2026-09-16,2026-09-16 13:31:12,T00603,GF-QQQ-IC-Touch0,IC,QQQ,shortputspread,699,,Trend,s2,234.0,4914.0,0.0476,True,"strike-touch cut, 5-min tape grain (not sub-second latch); cut priced at the leg's own worst-excursion (mae_pct) extreme; touch window bounded at actual close",closed
2026-09-16,2026-09-16 13:31:12,T00603,GF-QQQ-IC-Touch0,IC,QQQ,shortputspread,699,,Trend,settle,,4914.0,,True,NOT EVALUABLE — position closed early; what it would have returned held to settlement needs post-exit path data that does not exist. Never modeled.,closed
2026-09-16,2026-09-16 13:31:12,T00603,GF-QQQ-IC-Touch0,IC,QQQ,shortputspread,699,,Trend,sl100,-286.0,4914.0,-0.0582,True,optimistic bound: booked -100% of credit_basis at mae_pct threshold,closed
2026-09-16,2026-09-16 13:31:12,T00603,GF-QQQ-IC-Touch0,IC,QQQ,shortputspread,699,,Trend,sl130,-371.8,4914.0,-0.0757,True,optimistic bound: booked -130% of credit_basis at mae_pct threshold,closed
2026-09-16,2026-09-16 13:31:12,T00603,GF-QQQ-IC-Touch0,IC,QQQ,shortputspread,699,,Trend,sl50,-143.0,4914.0,-0.0291,True,optimistic bound: booked -50% of credit_basis at mae_pct threshold,closed
2026-09-16,2026-09-16 13:31:12,T00603,GF-QQQ-IC-Touch0,IC,QQQ,shortputspread,699,,Trend,sl75,-214.5,4914.0,-0.0437,True,optimistic bound: booked -75% of credit_basis at mae_pct threshold,closed
2026-09-16,2026-09-16 13:31:13,T00603,GF-QQQ-IC-Touch0,IC,QQQ,shortcallspread,,718,Trend,actual,312.0,4862.0,0.0642,False,"actual exit pnl (ledger, verbatim) - NOT settlement",closed
2026-09-16,2026-09-16 13:31:13,T00603,GF-QQQ-IC-Touch0,IC,QQQ,shortcallspread,,718,Trend,defang,,4862.0,,True,DEFERRED v1 — needs the intraday premium-decay path (mark short leg to ~$0.05) not present in the ledger. TODO: model once tick/1-min option-premium history is available.,closed
2026-09-16,2026-09-16 13:31:13,T00603,GF-QQQ-IC-Touch0,IC,QQQ,shortcallspread,,718,Trend,pt100,338.0,4862.0,0.0695,True,optimistic bound: booked +100% of credit_basis at mfe_pct threshold,closed
2026-09-16,2026-09-16 13:31:13,T00603,GF-QQQ-IC-Touch0,IC,QQQ,shortcallspread,,718,Trend,pt25,84.5,4862.0,0.0174,True,optimistic bound: booked +25% of credit_basis at mfe_pct threshold,closed
2026-09-16,2026-09-16 13:31:13,T00603,GF-QQQ-IC-Touch0,IC,QQQ,shortcallspread,,718,Trend,pt50,169.0,4862.0,0.0348,True,optimistic bound: booked +50% of credit_basis at mfe_pct threshold,closed
2026-09-16,2026-09-16 13:31:13,T00603,GF-QQQ-IC-Touch0,IC,QQQ,shortcallspread,,718,Trend,s2,312.0,4862.0,0.0642,True,"strike-touch cut, 5-min tape grain (not sub-second latch); cut priced at the leg's own worst-excursion (mae_pct) extreme; touch window bounded at actual close",closed
2026-09-16,2026-09-16 13:31:13,T00603,GF-QQQ-IC-Touch0,IC,QQQ,shortcallspread,,718,Trend,settle,,4862.0,,True,NOT EVALUABLE — position closed early; what it would have returned held to settlement needs post-exit path data that does not exist. Never modeled.,closed
2026-09-16,2026-09-16 13:31:13,T00603,GF-QQQ-IC-Touch0,IC,QQQ,shortcallspread,,718,Trend,sl100,312.0,4862.0,0.0642,True,optimistic bound: no SL hit -> actual exit pnl (ledger),closed
2026-09-16,2026-09-16 13:31:13,T00603,GF-QQQ-IC-Touch0,IC,QQQ,shortcallspread,,718,Trend,sl130,312.0,4862.0,0.0642,True,optimistic bound: no SL hit -> actual exit pnl (ledger),closed
2026-09-16,2026-09-16 13:31:13,T00603,GF-QQQ-IC-Touch0,IC,QQQ,shortcallspread,,718,Trend,sl50,312.0,4862.0,0.0642,True,optimistic bound: no SL hit -> actual exit pnl (ledger),closed
2026-09-16,2026-09-16 13:31:13,T00603,GF-QQQ-IC-Touch0,IC,QQQ,shortcallspread,,718,Trend,sl75,312.0,4862.0,0.0642,True,optimistic bound: no SL hit -> actual exit pnl (ledger),closed
2026-09-16,2026-09-16 13:31:12,T00611,GF-QQQ-IC-Trail,IC,QQQ,shortputspread,699,,Trend,actual,78.0,4914.0,0.0159,False,"actual exit pnl (ledger, verbatim) - NOT settlement",closed
2026-09-16,2026-09-16 13:31:12,T00611,GF-QQQ-IC-Trail,IC,QQQ,shortputspread,699,,Trend,defang,,4914.0,,True,DEFERRED v1 — needs the intraday premium-decay path (mark short leg to ~$0.05) not present in the ledger. TODO: model once tick/1-min option-premium history is available.,closed
2026-09-16,2026-09-16 13:31:12,T00611,GF-QQQ-IC-Trail,IC,QQQ,shortputspread,699,,Trend,pt100,78.0,4914.0,0.0159,True,optimistic bound: no PT hit -> actual exit pnl (ledger),closed
2026-09-16,2026-09-16 13:31:12,T00611,GF-QQQ-IC-Trail,IC,QQQ,shortputspread,699,,Trend,pt25,71.5,4914.0,0.0146,True,optimistic bound: booked +25% of credit_basis at mfe_pct threshold,closed
2026-09-16,2026-09-16 13:31:12,T00611,GF-QQQ-IC-Trail,IC,QQQ,shortputspread,699,,Trend,pt50,143.0,4914.0,0.0291,True,optimistic bound: booked +50% of credit_basis at mfe_pct threshold,closed
2026-09-16,2026-09-16 13:31:12,T00611,GF-QQQ-IC-Trail,IC,QQQ,shortputspread,699,,Trend,s2,78.0,4914.0,0.0159,True,"strike-touch cut, 5-min tape grain (not sub-second latch); cut priced at the leg's own worst-excursion (mae_pct) extreme; touch window bounded at actual close",closed
2026-09-16,2026-09-16 13:31:12,T00611,GF-QQQ-IC-Trail,IC,QQQ,shortputspread,699,,Trend,settle,,4914.0,,True,NOT EVALUABLE — position closed early; what it would have returned held to settlement needs post-exit path data that does not exist. Never modeled.,closed
2026-09-16,2026-09-16 13:31:12,T00611,GF-QQQ-IC-Trail,IC,QQQ,shortputspread,699,,Trend,sl100,78.0,4914.0,0.0159,True,optimistic bound: no SL hit -> actual exit pnl (ledger),closed
2026-09-16,2026-09-16 13:31:12,T00611,GF-QQQ-IC-Trail,IC,QQQ,shortputspread,699,,Trend,sl130,78.0,4914.0,0.0159,True,optimistic bound: no SL hit -> actual exit pnl (ledger),closed
2026-09-16,2026-09-16 13:31:12,T00611,GF-QQQ-IC-Trail,IC,QQQ,shortputspread,699,,Trend,sl50,78.0,4914.0,0.0159,True,optimistic bound: no SL hit -> actual exit pnl (ledger),closed
2026-09-16,2026-09-16 13:31:12,T00611,GF-QQQ-IC-Trail,IC,QQQ,shortputspread,699,,Trend,sl75,78.0,4914.0,0.0159,True,optimistic bound: no SL hit -> actual exit pnl (ledger),closed
2026-09-16,2026-09-16 13:31:13,T00611,GF-QQQ-IC-Trail,IC,QQQ,shortcallspread,,718,Trend,actual,78.0,4862.0,0.016,False,"actual exit pnl (ledger, verbatim) - NOT settlement",closed
2026-09-16,2026-09-16 13:31:13,T00611,GF-QQQ-IC-Trail,IC,QQQ,shortcallspread,,718,Trend,defang,,4862.0,,True,DEFERRED v1 — needs the intraday premium-decay path (mark short leg to ~$0.05) not present in the ledger. TODO: model once tick/1-min option-premium history is available.,closed
2026-09-16,2026-09-16 13:31:13,T00611,GF-QQQ-IC-Trail,IC,QQQ,shortcallspread,,718,Trend,pt100,78.0,4862.0,0.016,True,optimistic bound: no PT hit -> actual exit pnl (ledger),closed
2026-09-16,2026-09-16 13:31:13,T00611,GF-QQQ-IC-Trail,IC,QQQ,shortcallspread,,718,Trend,pt25,84.5,4862.0,0.0174,True,optimistic bound: booked +25% of credit_basis at mfe_pct threshold,closed
2026-09-16,2026-09-16 13:31:13,T00611,GF-QQQ-IC-Trail,IC,QQQ,shortcallspread,,718,Trend,pt50,78.0,4862.0,0.016,True,optimistic bound: no PT hit -> actual exit pnl (ledger),closed
2026-09-16,2026-09-16 13:31:13,T00611,GF-QQQ-IC-Trail,IC,QQQ,shortcallspread,,718,Trend,s2,78.0,4862.0,0.016,True,"strike-touch cut, 5-min tape grain (not sub-second latch); cut priced at the leg's own worst-excursion (mae_pct) extreme; touch window bounded at actual close",closed
2026-09-16,2026-09-16 13:31:13,T00611,GF-QQQ-IC-Trail,IC,QQQ,shortcallspread,,718,Trend,settle,,4862.0,,True,NOT EVALUABLE — position closed early; what it would have returned held to settlement needs post-exit path data that does not exist. Never modeled.,closed
2026-09-16,2026-09-16 13:31:13,T00611,GF-QQQ-IC-Trail,IC,QQQ,shortcallspread,,718,Trend,sl100,78.0,4862.0,0.016,True,optimistic bound: no SL hit -> actual exit pnl (ledger),closed
2026-09-16,2026-09-16 13:31:13,T00611,GF-QQQ-IC-Trail,IC,QQQ,shortcallspread,,718,Trend,sl130,78.0,4862.0,0.016,True,optimistic bound: no SL hit -> actual exit pnl (ledger),closed
2026-09-16,2026-09-16 13:31:13,T00611,GF-QQQ-IC-Trail,IC,QQQ,shortcallspread,,718,Trend,sl50,78.0,4862.0,0.016,True,optimistic bound: no SL hit -> actual exit pnl (ledger),closed
2026-09-16,2026-09-16 13:31:13,T00611,GF-QQQ-IC-Trail,IC,QQQ,shortcallspread,,718,Trend,sl75,78.0,4862.0,0.016,True,optimistic bound: no SL hit -> actual exit pnl (ledger),closed
2026-09-16,2026-09-16 13:31:01,T00608,QQQ-IC-0DTE-Fortress-NoPT50,IC,QQQ,shortputspread,704,,Trend,actual,-667.0,4930.0,-0.1353,False,"actual exit pnl (ledger, verbatim) - NOT settlement",closed
2026-09-16,2026-09-16 13:31:01,T00608,QQQ-IC-0DTE-Fortress-NoPT50,IC,QQQ,shortputspread,704,,Trend,defang,,4930.0,,True,DEFERRED v1 — needs the intraday premium-decay path (mark short leg to ~$0.05) not present in the ledger. TODO: model once tick/1-min option-premium history is available.,closed
2026-09-16,2026-09-16 13:31:01,T00608,QQQ-IC-0DTE-Fortress-NoPT50,IC,QQQ,shortputspread,704,,Trend,pt100,-667.0,4930.0,-0.1353,True,optimistic bound: no PT hit -> actual exit pnl (ledger),closed
2026-09-16,2026-09-16 13:31:01,T00608,QQQ-IC-0DTE-Fortress-NoPT50,IC,QQQ,shortputspread,704,,Trend,pt25,217.5,4930.0,0.0441,True,optimistic bound: booked +25% of credit_basis at mfe_pct threshold,closed
2026-09-16,2026-09-16 13:31:01,T00608,QQQ-IC-0DTE-Fortress-NoPT50,IC,QQQ,shortputspread,704,,Trend,pt50,435.0,4930.0,0.0882,True,optimistic bound: booked +50% of credit_basis at mfe_pct threshold,closed
2026-09-16,2026-09-16 13:31:01,T00608,QQQ-IC-0DTE-Fortress-NoPT50,IC,QQQ,shortputspread,704,,Trend,s2,-3712.0,4930.0,-0.7529,True,"strike-touch cut, 5-min tape grain (not sub-second latch); cut priced at the leg's own worst-excursion (mae_pct) extreme; touch window bounded at actual close",closed
2026-09-16,2026-09-16 13:31:01,T00608,QQQ-IC-0DTE-Fortress-NoPT50,IC,QQQ,shortputspread,704,,Trend,settle,,4930.0,,True,NOT EVALUABLE — position closed early; what it would have returned held to settlement needs post-exit path data that does not exist. Never modeled.,closed
2026-09-16,2026-09-16 13:31:01,T00608,QQQ-IC-0DTE-Fortress-NoPT50,IC,QQQ,shortputspread,704,,Trend,sl100,-870.0,4930.0,-0.1765,True,optimistic bound: booked -100% of credit_basis at mae_pct threshold,closed
2026-09-16,2026-09-16 13:31:01,T00608,QQQ-IC-0DTE-Fortress-NoPT50,IC,QQQ,shortputspread,704,,Trend,sl130,-1131.0,4930.0,-0.2294,True,optimistic bound: booked -130% of credit_basis at mae_pct threshold,closed
2026-09-16,2026-09-16 13:31:01,T00608,QQQ-IC-0DTE-Fortress-NoPT50,IC,QQQ,shortputspread,704,,Trend,sl50,-435.0,4930.0,-0.0882,True,optimistic bound: booked -50% of credit_basis at mae_pct threshold,closed
2026-09-16,2026-09-16 13:31:01,T00608,QQQ-IC-0DTE-Fortress-NoPT50,IC,QQQ,shortputspread,704,,Trend,sl75,-652.5,4930.0,-0.1324,True,optimistic bound: booked -75% of credit_basis at mae_pct threshold,closed
2026-09-16,2026-09-16 13:31:02,T00608,QQQ-IC-0DTE-Fortress-NoPT50,IC,QQQ,shortcallspread,,715,Trend,actual,928.0,4843.0,0.1916,False,"actual exit pnl (ledger, verbatim) - NOT settlement",closed
2026-09-16,2026-09-16 13:31:02,T00608,QQQ-IC-0DTE-Fortress-NoPT50,IC,QQQ,shortcallspread,,715,Trend,defang,,4843.0,,True,DEFERRED v1 — needs the intraday premium-decay path (mark short leg to ~$0.05) not present in the ledger. TODO: model once tick/1-min option-premium history is available.,closed
2026-09-16,2026-09-16 13:31:02,T00608,QQQ-IC-0DTE-Fortress-NoPT50,IC,QQQ,shortcallspread,,715,Trend,pt100,957.0,4843.0,0.1976,True,optimistic bound: booked +100% of credit_basis at mfe_pct threshold,closed
2026-09-16,2026-09-16 13:31:02,T00608,QQQ-IC-0DTE-Fortress-NoPT50,IC,QQQ,shortcallspread,,715,Trend,pt25,239.25,4843.0,0.0494,True,optimistic bound: booked +25% of credit_basis at mfe_pct threshold,closed
2026-09-16,2026-09-16 13:31:02,T00608,QQQ-IC-0DTE-Fortress-NoPT50,IC,QQQ,shortcallspread,,715,Trend,pt50,478.5,4843.0,0.0988,True,optimistic bound: booked +50% of credit_basis at mfe_pct threshold,closed
2026-09-16,2026-09-16 13:31:02,T00608,QQQ-IC-0DTE-Fortress-NoPT50,IC,QQQ,shortcallspread,,715,Trend,s2,928.0,4843.0,0.1916,True,"strike-touch cut, 5-min tape grain (not sub-second latch); cut priced at the leg's own worst-excursion (mae_pct) extreme; touch window bounded at actual close",closed
2026-09-16,2026-09-16 13:31:02,T00608,QQQ-IC-0DTE-Fortress-NoPT50,IC,QQQ,shortcallspread,,715,Trend,settle,,4843.0,,True,NOT EVALUABLE — position closed early; what it would have returned held to settlement needs post-exit path data that does not exist. Never modeled.,closed
2026-09-16,2026-09-16 13:31:02,T00608,QQQ-IC-0DTE-Fortress-NoPT50,IC,QQQ,shortcallspread,,715,Trend,sl100,928.0,4843.0,0.1916,True,optimistic bound: no SL hit -> actual exit pnl (ledger),closed
2026-09-16,2026-09-16 13:31:02,T00608,QQQ-IC-0DTE-Fortress-NoPT50,IC,QQQ,shortcallspread,,715,Trend,sl130,928.0,4843.0,0.1916,True,optimistic bound: no SL hit -> actual exit pnl (ledger),closed
2026-09-16,2026-09-16 13:31:02,T00608,QQQ-IC-0DTE-Fortress-NoPT50,IC,QQQ,shortcallspread,,715,Trend,sl50,928.0,4843.0,0.1916,True,optimistic bound: no SL hit -> actual exit pnl (ledger),closed
2026-09-16,2026-09-16 13:31:02,T00608,QQQ-IC-0DTE-Fortress-NoPT50,IC,QQQ,shortcallspread,,715,Trend,sl75,928.0,4843.0,0.1916,True,optimistic bound: no SL hit -> actual exit pnl (ledger),closed
