fact_id,area,page_title,page_url,claim,quote,tier,gap_flag,last_verified,page_fingerprint
OA-0001,platform,Platform,https://docs.optionalpha.com/technical-documentation/platform,"The Platform section index lists twelve sub-pages, in this order: Infrastructure & Security, Automations, Automation Behavior, Data Feeds, Order Handling, Bot Limitations, Supported Ticker Symbols, Supported Browsers, Supported Countries, Ex Dividend & Earnings Dates, Options Expiration Protocol, Autotrading Best Practices.","# Platform

- [Infrastructure & Security](https://docs.optionalpha.com/technical-documentation/platform/infrastructure-and-security.md)",DOCUMENTED,,2026-08-04,df293e4867bd3a820dc03d0802a2761069a9faade14d34ee5a74de5d08a17338
OA-0002,platform,Platform,https://docs.optionalpha.com/technical-documentation/platform,An automation is defined as conditional logic represented as a decision tree scheduled to run at a particular time.,"An automation is conditional logic, represented as a decision tree scheduled to run at a particular time.",DOCUMENTED,,2026-08-04,df293e4867bd3a820dc03d0802a2761069a9faade14d34ee5a74de5d08a17338
OA-0003,platform,Platform,https://docs.optionalpha.com/technical-documentation/platform,The autotrading platform is browser-based.,The autotrading platform is browser-based to offer flexibility and accessibility to our users.,DOCUMENTED,,2026-08-04,df293e4867bd3a820dc03d0802a2761069a9faade14d34ee5a74de5d08a17338
OA-0004,platform,Platform,https://docs.optionalpha.com/technical-documentation/platform,Option Alpha's brokerage partnerships make the autotrading platform available to traders in more than 120 countries.,Our brokerage partnerships bring our autotrading platform to traders in 120+ countries.,DOCUMENTED,,2026-08-04,df293e4867bd3a820dc03d0802a2761069a9faade14d34ee5a74de5d08a17338
OA-0005,platform,Platform,https://docs.optionalpha.com/technical-documentation/platform,The projected ex-dividend dates published for Option Alpha's supported ETFs are estimations and subject to change.,"The frequency, schedule, and projected ex-dividend dates for Option Alpha's supported ETFs. Dates are an estimation and subject to change.",DOCUMENTED,,2026-08-04,df293e4867bd3a820dc03d0802a2761069a9faade14d34ee5a74de5d08a17338
OA-0006,platform,Platform,https://docs.optionalpha.com/technical-documentation/platform,The index page does not state whether the twelve listed sub-pages constitute the complete Platform section or whether unlisted sub-pages exist.,,DOCS-SILENT,Is the 12-item list exhaustive for the Platform section?,2026-08-04,df293e4867bd3a820dc03d0802a2761069a9faade14d34ee5a74de5d08a17338
OA-0007,platform,Infrastructure & Security,https://docs.optionalpha.com/technical-documentation/platform/infrastructure-and-security,The Option Alpha bot ecosystem is hosted entirely on Amazon Web Services.,"The Option Alpha bot ecosystem is hosted entirely on Amazon Web Services (AWS), located within the United States.",DOCUMENTED,,2026-08-04,ccabea63ee41453c439e300e8be9678ee77629ae33c5edd2b566f99753973359
OA-0008,platform,Infrastructure & Security,https://docs.optionalpha.com/technical-documentation/platform/infrastructure-and-security,The AWS hosting is located within the United States.,"The Option Alpha bot ecosystem is hosted entirely on Amazon Web Services (AWS), located within the United States.",DOCUMENTED,,2026-08-04,ccabea63ee41453c439e300e8be9678ee77629ae33c5edd2b566f99753973359
OA-0009,platform,Infrastructure & Security,https://docs.optionalpha.com/technical-documentation/platform/infrastructure-and-security,The front-end is written primarily in native JavaScript with minimal reliance on third-party frameworks.,"The front-end is written primarily in native JavaScript, with minimal reliance on third-party frameworks.",DOCUMENTED,,2026-08-04,ccabea63ee41453c439e300e8be9678ee77629ae33c5edd2b566f99753973359
OA-0010,platform,Infrastructure & Security,https://docs.optionalpha.com/technical-documentation/platform/infrastructure-and-security,The back-end infrastructure is written entirely in Node.js and deployed across a large distributed network of servers.,"The back-end infrastructure is written entirely in Node.js and deployed across a large, distributed network of servers.",DOCUMENTED,,2026-08-04,ccabea63ee41453c439e300e8be9678ee77629ae33c5edd2b566f99753973359
OA-0011,platform,Infrastructure & Security,https://docs.optionalpha.com/technical-documentation/platform/infrastructure-and-security,Each Linux server runs an all-core turbo clock at 4.5 GHz.,Each Linux server runs an all-core turbo clock at 4.5 GHz to ensure automations and data are processed as fast as possible.,DOCUMENTED,,2026-08-04,ccabea63ee41453c439e300e8be9678ee77629ae33c5edd2b566f99753973359
OA-0012,platform,Infrastructure & Security,https://docs.optionalpha.com/technical-documentation/platform/infrastructure-and-security,"Bots are stateful, and after a network failure the system can be brought back online in seconds, resuming the exact state held prior to the failure.","Bots are stateful and in the unlikely event of a network failure, the entire system can be brought back online in a matter of seconds, resuming the exact state they were in prior to failure.",DOCUMENTED,,2026-08-04,ccabea63ee41453c439e300e8be9678ee77629ae33c5edd2b566f99753973359
OA-0013,platform,Infrastructure & Security,https://docs.optionalpha.com/technical-documentation/platform/infrastructure-and-security,"The platform auto-scales as new users join, using a horizontal scaling paradigm in which each user is allocated resources per bot service instance, with a predefined number of instances per server across n servers.","The entire platform is set up to auto-scale as new users join. We use a horizontal scaling paradigm, meaning that each user is allocated resources per bot service instance, with a predefined number of instances per server, across n servers.",DOCUMENTED,,2026-08-04,ccabea63ee41453c439e300e8be9678ee77629ae33c5edd2b566f99753973359
OA-0014,platform,Infrastructure & Security,https://docs.optionalpha.com/technical-documentation/platform/infrastructure-and-security,Each server is called a pod and each pod can handle m users.,"Each server is referred to as a pod, where each pod can handle m users.",DOCUMENTED,,2026-08-04,ccabea63ee41453c439e300e8be9678ee77629ae33c5edd2b566f99753973359
OA-0015,platform,Infrastructure & Security,https://docs.optionalpha.com/technical-documentation/platform/infrastructure-and-security,"The pod server network is monitored for resource usage, and Option Alpha can at any time re-scale users per bot service instance, instances per pod, and/or total pods to maintain network stability.","The entire network of pod servers is closely monitored for resource usage, and at any time we can re-scale the total number of users per bot service instance, instances per pod, and/or total pods to maintain network stability.",DOCUMENTED,,2026-08-04,ccabea63ee41453c439e300e8be9678ee77629ae33c5edd2b566f99753973359
OA-0016,platform,Infrastructure & Security,https://docs.optionalpha.com/technical-documentation/platform/infrastructure-and-security,The platform runs entirely in the web browser with no software to download.,The autotrading platform offers cutting-edge technology directly inside your web browser. There is no software to download.,DOCUMENTED,,2026-08-04,ccabea63ee41453c439e300e8be9678ee77629ae33c5edd2b566f99753973359
OA-0017,platform,Infrastructure & Security,https://docs.optionalpha.com/technical-documentation/platform/infrastructure-and-security,Not all browsers are compatible with the platform because the developers leverage advanced features of Google's V8 JavaScript engine.,"Not all browsers are compatible with the platform. To provide users a consistently fast and extremely powerful web-based software, our developers leverage advanced features available to Google's V8 engine that runs JavaScript.",DOCUMENTED,,2026-08-04,ccabea63ee41453c439e300e8be9678ee77629ae33c5edd2b566f99753973359
OA-0018,platform,Infrastructure & Security,https://docs.optionalpha.com/technical-documentation/platform/infrastructure-and-security,The officially supported browser is Google Chrome.,"Therefore, the officially supported browser is Google Chrome.",DOCUMENTED,,2026-08-04,ccabea63ee41453c439e300e8be9678ee77629ae33c5edd2b566f99753973359
OA-0019,platform,Infrastructure & Security,https://docs.optionalpha.com/technical-documentation/platform/infrastructure-and-security,"Any browser running V8, such as Chromium-based Microsoft Edge, should in theory be fully compatible.","In theory, any browser running V8 (the new Chromium-based Microsoft Edge, for example), should be fully compatible.",DOCUMENTED,,2026-08-04,ccabea63ee41453c439e300e8be9678ee77629ae33c5edd2b566f99753973359
OA-0020,platform,Infrastructure & Security,https://docs.optionalpha.com/technical-documentation/platform/infrastructure-and-security,Users not running Google Chrome or another V8 browser will experience stability issues.,Users not running Google Chrome or another V8 browser will experience stability issues.,DOCUMENTED,,2026-08-04,ccabea63ee41453c439e300e8be9678ee77629ae33c5edd2b566f99753973359
OA-0021,platform,Infrastructure & Security,https://docs.optionalpha.com/technical-documentation/platform/infrastructure-and-security,A user on a non-V8-compatible browser can still log in to the platform but may hit undocumented stability issues without being aware the application is malfunctioning.,Any user not running a V8-compatible browser will still be able to login to the platform but may experience undocumented stability issues. The user may not even be aware the application is not functioning as intended.,DOCUMENTED,,2026-08-04,ccabea63ee41453c439e300e8be9678ee77629ae33c5edd2b566f99753973359
OA-0022,platform,Infrastructure & Security,https://docs.optionalpha.com/technical-documentation/platform/infrastructure-and-security,"Option Alpha states the platform was built over five years by an in-house development team, that they wrote every line of the automated-trading code, and that reliance on third-party packages is minimal.","Instead, we spent five years building the entire platform and network from the ground up with an in-house team of developers.

We wrote every single line of code that runs automated trading which means we control the full software stack from top to bottom. There is an absolute minimal reliance on third-party packages or software.",DOCUMENTED,,2026-08-04,ccabea63ee41453c439e300e8be9678ee77629ae33c5edd2b566f99753973359
OA-0023,platform,Infrastructure & Security,https://docs.optionalpha.com/technical-documentation/platform/infrastructure-and-security,The platform is hosted by AWS inside a Virtual Private Cloud monitored by the Option Alpha team.,"1. Operate a web-based platform in the cloud, hosted by AWS and monitored by our team inside our Virtual Private Cloud (VPC).",DOCUMENTED,,2026-08-04,ccabea63ee41453c439e300e8be9678ee77629ae33c5edd2b566f99753973359
OA-0024,platform,Infrastructure & Security,https://docs.optionalpha.com/technical-documentation/platform/infrastructure-and-security,The platform requires the highest level of TLS browser encryption.,2. Require the highest level of TLS browser encryption.,DOCUMENTED,,2026-08-04,ccabea63ee41453c439e300e8be9678ee77629ae33c5edd2b566f99753973359
OA-0025,platform,Infrastructure & Security,https://docs.optionalpha.com/technical-documentation/platform/infrastructure-and-security,All bot-originated requests travel via point-to-point access from Option Alpha's US-based servers directly to the user's broker.,3. Send all requests originating from bots via point-to-point access from our US-based servers directly to your broker.,DOCUMENTED,,2026-08-04,ccabea63ee41453c439e300e8be9678ee77629ae33c5edd2b566f99753973359
OA-0026,platform,Infrastructure & Security,https://docs.optionalpha.com/technical-documentation/platform/infrastructure-and-security,Multi-tiered web application firewalls sit in front of all web traffic to protect against hacking and denial-of-service attempts.,"4. Place multi-tiered web application firewalls (WAFs), in front of all web traffic, to protect against malicious hacking or denial-of-service (DoS) attempts.",DOCUMENTED,,2026-08-04,ccabea63ee41453c439e300e8be9678ee77629ae33c5edd2b566f99753973359
OA-0027,platform,Infrastructure & Security,https://docs.optionalpha.com/technical-documentation/platform/infrastructure-and-security,The platform uses reverse proxying to scalable web server instances for speed and uptime.,5. Use reverse proxying to scalable web server instances to create the fastest platform possible for our traders and ensure uptime.,DOCUMENTED,,2026-08-04,ccabea63ee41453c439e300e8be9678ee77629ae33c5edd2b566f99753973359
OA-0028,platform,Infrastructure & Security,https://docs.optionalpha.com/technical-documentation/platform/infrastructure-and-security,"The connection method between bots and a brokerage account is dictated by the broker, and in most cases brokers dictate use of the OAuth 2.0 standard for access delegation.","The method the bots use to connect to your brokerage account is dictated by the broker. In most cases, they will dictate the use of the OAuth 2.0 standard for access delegation.",DOCUMENTED,,2026-08-04,ccabea63ee41453c439e300e8be9678ee77629ae33c5edd2b566f99753973359
OA-0029,platform,Infrastructure & Security,https://docs.optionalpha.com/technical-documentation/platform/infrastructure-and-security,"Connecting a broker for live trading happens through a secure login modal, after which the broker provides Option Alpha a special token that the bots use in a limited capacity.","When it is time to connect to your broker for live trading, we will present you with a secure login modal for your account to authenticate the bot server with your broker. The broker will provide us with a special token that the bots will use in a very limited capacity.",DOCUMENTED,,2026-08-04,ccabea63ee41453c439e300e8be9678ee77629ae33c5edd2b566f99753973359
OA-0030,platform,Infrastructure & Security,https://docs.optionalpha.com/technical-documentation/platform/infrastructure-and-security,"Bots use broker connections only to submit or monitor active orders and positions, access the broker only when required, and Option Alpha does not have access to the user's account details.",Bots only use broker connections to submit or monitor active orders and positions. They only access your broker when required. Option Alpha does not have access to your account details.,DOCUMENTED,,2026-08-04,ccabea63ee41453c439e300e8be9678ee77629ae33c5edd2b566f99753973359
OA-0031,platform,Infrastructure & Security,https://docs.optionalpha.com/technical-documentation/platform/infrastructure-and-security,Bots are not constantly connected to brokerage accounts; they only submit orders through the API and monitor their status if required.,"Bots are not constantly connected to brokerage accounts. Instead, they only submit orders through the API and monitor their status, if required.",DOCUMENTED,,2026-08-04,ccabea63ee41453c439e300e8be9678ee77629ae33c5edd2b566f99753973359
OA-0032,platform,Infrastructure & Security,https://docs.optionalpha.com/technical-documentation/platform/infrastructure-and-security,"All tracking during the lifetime of an open position is done through the bots and their live data feed, not through the broker connection.",All tracking that occurs during the lifetime of an open position is done directly through the bots and their live data feed.,DOCUMENTED,,2026-08-04,ccabea63ee41453c439e300e8be9678ee77629ae33c5edd2b566f99753973359
OA-0033,platform,Infrastructure & Security,https://docs.optionalpha.com/technical-documentation/platform/infrastructure-and-security,The page does not state how long broker OAuth tokens remain valid or how token refresh/expiry is handled.,,DOCS-SILENT,What is the broker token lifetime and refresh behavior when a token expires mid-position?,2026-08-04,ccabea63ee41453c439e300e8be9678ee77629ae33c5edd2b566f99753973359
OA-0034,platform,Infrastructure & Security,https://docs.optionalpha.com/technical-documentation/platform/infrastructure-and-security,The page claims stateful recovery after network failure but does not state what happens to orders that were in flight at the moment of failure.,,DOCS-SILENT,"Are in-flight orders re-submitted, reconciled, or dropped on failover?",2026-08-04,ccabea63ee41453c439e300e8be9678ee77629ae33c5edd2b566f99753973359
OA-0035,platform,Automations,https://docs.optionalpha.com/technical-documentation/platform/automations,"Automations obey the Bot Settings' global controls when opening a new position, and there are 3 primary controls.",Automations adhere to the Bot Settings' strict global controls when opening a new position. There are 3 primary controls:,DOCUMENTED,,2026-08-04,c1c5e4ee5feaa392336fe0a572cf4668dfe22e456a32b942546a3f9339bd220e
OA-0036,platform,Automations,https://docs.optionalpha.com/technical-documentation/platform/automations,The Allocation control is the total capital from the trading account available for the bot to open positions.,| Allocation | Total capital from your trading account available for the bot to open positions |,DOCUMENTED,,2026-08-04,c1c5e4ee5feaa392336fe0a572cf4668dfe22e456a32b942546a3f9339bd220e
OA-0037,platform,Automations,https://docs.optionalpha.com/technical-documentation/platform/automations,The Daily Position Limit control is the number of positions the bot can open in one day.,| Daily Position Limit | Number of positions that can be opened by the bot in one day. |,DOCUMENTED,,2026-08-04,c1c5e4ee5feaa392336fe0a572cf4668dfe22e456a32b942546a3f9339bd220e
OA-0038,platform,Automations,https://docs.optionalpha.com/technical-documentation/platform/automations,The Max Position Limit control is the number of positions that can be open at any given time.,| Max Position Limit | Number of positions that can be open at any given time. |,DOCUMENTED,,2026-08-04,c1c5e4ee5feaa392336fe0a572cf4668dfe22e456a32b942546a3f9339bd220e
OA-0039,platform,Automations,https://docs.optionalpha.com/technical-documentation/platform/automations,"Before sending an order to the broker, the bot first checks that it is within its global limits, and if opening a new position violates any limit the bot alerts the user with an error.","Before sending an order to your broker, the bot first checks if it is within the bounds of its global limits. If opening a new position violates any of these limits, the bot will alert you with an error.",DOCUMENTED,,2026-08-04,c1c5e4ee5feaa392336fe0a572cf4668dfe22e456a32b942546a3f9339bd220e
OA-0040,platform,Automations,https://docs.optionalpha.com/technical-documentation/platform/automations,"Global-limit conditions are checked before the bot works through an automation, and only if they are satisfied does the bot continue through the automation.","These conditions are checked before the bot works through an automation. If the conditions are satisfied, the bot will continue through the automation and follow your actions.",DOCUMENTED,,2026-08-04,c1c5e4ee5feaa392336fe0a572cf4668dfe22e456a32b942546a3f9339bd220e
OA-0041,platform,Automations,https://docs.optionalpha.com/technical-documentation/platform/automations,Automation decision trees are modeled as rooted binary trees.,Decision trees are modeled after one of the most fundamental structures in computer science: binary trees.,DOCUMENTED,,2026-08-04,c1c5e4ee5feaa392336fe0a572cf4668dfe22e456a32b942546a3f9339bd220e
OA-0042,platform,Automations,https://docs.optionalpha.com/technical-documentation/platform/automations,"The trees are ordered, with the left child representing the Yes decision path and the right child representing the No decision path.","Most binary trees we are interested in are ordered, so we distinguish between the left child and right child of u, i.e., the Yes/No decision path.",DOCUMENTED,,2026-08-04,c1c5e4ee5feaa392336fe0a572cf4668dfe22e456a32b942546a3f9339bd220e
OA-0043,platform,Automations,https://docs.optionalpha.com/technical-documentation/platform/automations,"Decision-tree nodes are built out of conditional statements using logical and relational operators, assembled from ""decision recipes"" curated by the Option Alpha team.","Each parent and/or root node of the decision tree is composed of conditional statements, using both logical and relational operators, built out of ""decision recipes"" curated by the Option Alpha team.",DOCUMENTED,,2026-08-04,c1c5e4ee5feaa392336fe0a572cf4668dfe22e456a32b942546a3f9339bd220e
OA-0044,platform,Automations,https://docs.optionalpha.com/technical-documentation/platform/automations,"The page first states that decisions in automations do not use negation, which is later reversed by the Negation subsection describing the NOT property.","Grouped conditional statements work in the same way they would in any modern programming language, discrete math and/or discrete logic, with the exception that decisions in automations do not use negation.",DOCUMENTED,"Internal contradiction: ""decisions in automations do not use negation"" vs. the later Negation subsection allowing a NOT property on decision nodes.",2026-08-04,c1c5e4ee5feaa392336fe0a572cf4668dfe22e456a32b942546a3f9339bd220e
OA-0045,platform,Automations,https://docs.optionalpha.com/technical-documentation/platform/automations,"When a leaf node results in an action to open or close a position, the bot submits the order through the broker's API.","If a leaf node in a decision tree results in an action to open or close a position, the bot will use your broker's API to submit the order.",DOCUMENTED,,2026-08-04,c1c5e4ee5feaa392336fe0a572cf4668dfe22e456a32b942546a3f9339bd220e
OA-0046,platform,Automations,https://docs.optionalpha.com/technical-documentation/platform/automations,Input parameters undergo a translation into real numbers before the mathematical condition is tested.,"Input parameters first undergo a translation process; for example, the rate of return in “Opportunity rate of return is greater than 25%” is translated into a real number before the mathematical condition is tested.",DOCUMENTED,,2026-08-04,c1c5e4ee5feaa392336fe0a572cf4668dfe22e456a32b942546a3f9339bd220e
OA-0047,platform,Automations,https://docs.optionalpha.com/technical-documentation/platform/automations,"The theoretical trade inputs used in decision criteria are identical to the opening-position parameters required by the trade action, which is typically the bottommost node of the decision tree.","Fortunately, these trade inputs are identical to the opening position parameters required for the action of placing a real trade, typically located at the bottommost node of the decision tree.",DOCUMENTED,,2026-08-04,c1c5e4ee5feaa392336fe0a572cf4668dfe22e456a32b942546a3f9339bd220e
OA-0048,platform,Automations,https://docs.optionalpha.com/technical-documentation/platform/automations,"All parameters are evaluated to a binary true-or-false outcome, and natural-language terms like above or below map to the mathematical operators greater than or less than.","All parameters are evaluated for a binary outcome (true or false). In general, all numeric parameters are used to test a conditional statement for truthfulness. The conditions are described with natural language that represents a mathematical operation, e.g., above or below implies greater than (>) or less than (<) in “MSFT price is above/below 100.”",DOCUMENTED,,2026-08-04,c1c5e4ee5feaa392336fe0a572cf4668dfe22e456a32b942546a3f9339bd220e
OA-0049,platform,Automations,https://docs.optionalpha.com/technical-documentation/platform/automations,"Decision-tree decisions and their parameters are grouped into four main categories: stock-based, opportunity-based, indicator-based, and position-based.","The decision tree “decisions” and their parameters are grouped into four main categories: stock-based, opportunity-based, indicator-based, and position-based.",DOCUMENTED,,2026-08-04,c1c5e4ee5feaa392336fe0a572cf4668dfe22e456a32b942546a3f9339bd220e
OA-0050,platform,Automations,https://docs.optionalpha.com/technical-documentation/platform/automations,"Decision nodes can be negated by adding a NOT property in front of the decision logic, forcing the flow down the No path.",Decision nodes can also be negated by adding a NOT property in front of the decision logic. This allows the user to negate particular logic and more easily force the flow of a binary tree down the No path.,DOCUMENTED,,2026-08-04,c1c5e4ee5feaa392336fe0a572cf4668dfe22e456a32b942546a3f9339bd220e
OA-0051,platform,Automations,https://docs.optionalpha.com/technical-documentation/platform/automations,"Scanner and Monitor are logical groupings only, with Scanners intended for finding and opening opportunities and Monitors intended for managing and closing open positions.","Automations in the Scanner category are intended for the searching and opening of opportunities, while automations in the Monitor category are intended for the management and closing of open positions.",DOCUMENTED,,2026-08-04,c1c5e4ee5feaa392336fe0a572cf4668dfe22e456a32b942546a3f9339bd220e
OA-0052,platform,Automations,https://docs.optionalpha.com/technical-documentation/platform/automations,There is no functional difference between Scanner and Monitor automations; a Scanner can close a position and a Monitor can open one.,"There is no functional difference between the automations in either category. If required by the user, a Scanner automation can close a position or a Monitor automation can open one. In this sense, the Scanner/Monitor categorization is a convenience.",DOCUMENTED,,2026-08-04,c1c5e4ee5feaa392336fe0a572cf4668dfe22e456a32b942546a3f9339bd220e
OA-0053,platform,Automations,https://docs.optionalpha.com/technical-documentation/platform/automations,"Scanners stop running once a position limit is met, whereas a Monitor that tries to open a limit-violating position is only stopped by an error safeguard that throws an error.","Scanners will not run once a position limit is met. However, when using a monitor to open a position, if that position violates the global position limit settings, an error safeguard is in place and will throw an error for violating the set limit.",DOCUMENTED,,2026-08-04,c1c5e4ee5feaa392336fe0a572cf4668dfe22e456a32b942546a3f9339bd220e
OA-0054,platform,Automations,https://docs.optionalpha.com/technical-documentation/platform/automations,Scanners are the designed primary mechanism for opening positions because of their strict adherence to position limit settings.,Scanners are designed to be used as the primary automation to open positions because of their strict adherence to the position limit settings.,DOCUMENTED,,2026-08-04,c1c5e4ee5feaa392336fe0a572cf4668dfe22e456a32b942546a3f9339bd220e
OA-0055,platform,Automations,https://docs.optionalpha.com/technical-documentation/platform/automations,"Events can be created to fire on a specific date, at a specific time, immediately, or when something happens inside the bot.","Users can create events to fire on a specific date, at a specific time, at this very moment, when something happens inside the bot, and everything in between.",DOCUMENTED,,2026-08-04,c1c5e4ee5feaa392336fe0a572cf4668dfe22e456a32b942546a3f9339bd220e
OA-0056,platform,Automations,https://docs.optionalpha.com/technical-documentation/platform/automations,"Events are established and executed in Eastern Time, which can cause current-day or next-day interpretation differences versus the user's browser time zone.","Events are established and executed in Eastern Time. When creating events, you are creating the event based on Eastern Time which may cause a difference in current or next-day interpretation from your browser's time zone.",DOCUMENTED,,2026-08-04,c1c5e4ee5feaa392336fe0a572cf4668dfe22e456a32b942546a3f9339bd220e
OA-0057,platform,Automations,https://docs.optionalpha.com/technical-documentation/platform/automations,"Scheduled events run either once or on a repeating schedule, including arbitrary patterns such as the first of every month, every Mon/Wed/Fri, or every third Friday.","Scheduled events are automations that run on a schedule, either once or in a repeating fashion. Users can choose to schedule one highly specific event, such as May 12th, 2021 at 9:45 AM Eastern, or on an arbitrary repeating schedule - e.g., the first of every month, every Mon/Wed/Fri, every third Friday, etc.",DOCUMENTED,,2026-08-04,c1c5e4ee5feaa392336fe0a572cf4668dfe22e456a32b942546a3f9339bd220e
OA-0058,platform,Automations,https://docs.optionalpha.com/technical-documentation/platform/automations,"For holidays, a scheduled event can be set to run the day before the holiday, the day after, or skip it altogether, selected on the automation event's ""Schedule"" tab.","Holidays are accounted for in scheduled events. A user will have the option to run an automation the day before a holiday, the day after a holiday, or skip the holiday altogether. Selection can be made on the ""Schedule"" tab of an automation event.",DOCUMENTED,,2026-08-04,c1c5e4ee5feaa392336fe0a572cf4668dfe22e456a32b942546a3f9339bd220e
OA-0059,platform,Automations,https://docs.optionalpha.com/technical-documentation/platform/automations,"All Scheduled events use a UTC offset, so a 'next day' automation must be created before UTC 00:00 (7:00pm EST or 8:00pm EDT) for the event to run the next market day.",A UTC offset is employed for all Scheduled events. This means that when creating an automation to run 'next day' you must be before UTC 00:00 in order for the event to run the next market day. For example: 7:00pm EST or 8:00pm EDT.,DOCUMENTED,,2026-08-04,c1c5e4ee5feaa392336fe0a572cf4668dfe22e456a32b942546a3f9339bd220e
OA-0060,platform,Automations,https://docs.optionalpha.com/technical-documentation/platform/automations,There are 2 types of unscheduled events: resultant events and button clicks.,There are 2 types of unscheduled events: resultant events and button clicks.,DOCUMENTED,,2026-08-04,c1c5e4ee5feaa392336fe0a572cf4668dfe22e456a32b942546a3f9339bd220e
OA-0061,platform,Automations,https://docs.optionalpha.com/technical-documentation/platform/automations,"Resultant events fire as a result of another event, such as the opening or closing of a position, and can execute a separate automation immediately afterward.","Resultant events will fire as a result of another event occurring, such as the Opening or Closing of a position. When any position of a particular type is opened or closed, the user can choose to execute a separate automation immediately afterward.",DOCUMENTED,,2026-08-04,c1c5e4ee5feaa392336fe0a572cf4668dfe22e456a32b942546a3f9339bd220e
OA-0062,platform,Automations,https://docs.optionalpha.com/technical-documentation/platform/automations,"One button click results in exactly one execution of an automation, and button clicks can be executed at any time during open market hours.",Button clicks events are fired as a result of pressing a button the user adds to his or her dashboard. One button click results in one execution of an automation. These can be executed at any time during open market opens.,DOCUMENTED,,2026-08-04,c1c5e4ee5feaa392336fe0a572cf4668dfe22e456a32b942546a3f9339bd220e
OA-0063,platform,Automations,https://docs.optionalpha.com/technical-documentation/platform/automations,"The page does not state whether ""a position limit"" that stops Scanners means the daily limit, the max limit, or either.",,DOCS-SILENT,"Which limit(s) — Daily Position Limit, Max Position Limit, or both — cause a Scanner to stop running?",2026-08-04,c1c5e4ee5feaa392336fe0a572cf4668dfe22e456a32b942546a3f9339bd220e
OA-0064,platform,Automations,https://docs.optionalpha.com/technical-documentation/platform/automations,The page does not state what happens when a dashboard button is pressed while the market is closed.,,DOCS-SILENT,"Is a button click outside market hours queued, rejected, or silently dropped?",2026-08-04,c1c5e4ee5feaa392336fe0a572cf4668dfe22e456a32b942546a3f9339bd220e
OA-0065,platform,Automations,https://docs.optionalpha.com/technical-documentation/platform/automations,The page does not state the execution order or concurrency behavior when multiple automations are scheduled at the same time in the same bot.,,DOCS-SILENT,"In what order do simultaneous scheduled automations run, and can they run concurrently?",2026-08-04,c1c5e4ee5feaa392336fe0a572cf4668dfe22e456a32b942546a3f9339bd220e
OA-0066,platform,Automations,https://docs.optionalpha.com/technical-documentation/platform/automations,The page does not state whether the Allocation check accounts for capital reserved by pending (unfilled) orders.,,DOCS-SILENT,Does the allocation/global-limit check count in-flight unfilled orders against available capital?,2026-08-04,c1c5e4ee5feaa392336fe0a572cf4668dfe22e456a32b942546a3f9339bd220e
OA-0067,platform,Automation Behavior,https://docs.optionalpha.com/technical-documentation/platform/automation-behavior,"Automations execute in an adjustable synchronous order set by the user, but a queued automation does not wait for the prior automation's order to complete — only for its callback — before proceeding.","Automations execute in an adjustable synchronous order, meaning automations run in the order specified by the user. Automations following in sequence will not wait for order completion but rather will wait for a callback and proceed to the next automation. This means 5 scanners with 2-minute limit order will not hold up execution.",DOCUMENTED,,2026-08-04,58a0c395f11b5ce11d7642ff4567279e13388f73ab15b6c519c42fd922dd487c
OA-0068,platform,Automation Behavior,https://docs.optionalpha.com/technical-documentation/platform/automation-behavior,Automation run order is configured with the arrows next to each automation; the top automation runs first and the bottom automation runs last.,The order is configured by selecting the arrows to the right of an automation. The automation on top runs first and the bottom automation runs last.,DOCUMENTED,,2026-08-04,58a0c395f11b5ce11d7642ff4567279e13388f73ab15b6c519c42fd922dd487c
OA-0069,platform,Automation Behavior,https://docs.optionalpha.com/technical-documentation/platform/automation-behavior,"Monitor automations run before scanner automations so any closing orders are processed ahead of possible new opening orders from a scanner, to reduce concurrency issues when opening and closing positions on the same scan interval.",It is important to note that [monitor automations](https://optionalpha.com/help/automation-basics) will run first to process any closing orders ahead of possible new opening orders from a scanner. This is designed to alleviate concurrency issues when opening and closing positions on the same scan interval.,DOCUMENTED,,2026-08-04,58a0c395f11b5ce11d7642ff4567279e13388f73ab15b6c519c42fd922dd487c
OA-0070,platform,Automation Behavior,https://docs.optionalpha.com/technical-documentation/platform/automation-behavior,"The docs state that scanner and monitor automations are queued and processed synchronously, yet in the same sentence state that execution order is never guaranteed — an apparent internal tension between ""processed synchronously"" and ""never guaranteed"" order.",Scanner and monitor automations are queued and processed synchronously. Execution order is never guaranteed.,DOCUMENTED,"If execution is synchronous, in what sense is order ""never guaranteed"" — does this mean guaranteed only relative to other bots/processes, not within one bot's own queue?",2026-08-04,58a0c395f11b5ce11d7642ff4567279e13388f73ab15b6c519c42fd922dd487c
OA-0071,platform,Automation Behavior,https://docs.optionalpha.com/technical-documentation/platform/automation-behavior,"A redundant position check runs before each automation execution; if Scanner 2 opens a position before Scanner 1 and this reaches a global position limit, the user is warned that the maximum position count has been reached.","A redundant position check occurs prior to each execution. In the event Scanner 2 opens a position prior to Scanner 1, and has reached a global [position limit](https://optionalpha.com/help/safeguards), a warning will alert the user that the maximum position count has been reached.",DOCUMENTED,,2026-08-04,58a0c395f11b5ce11d7642ff4567279e13388f73ab15b6c519c42fd922dd487c
OA-0072,platform,Automation Behavior,https://docs.optionalpha.com/technical-documentation/platform/automation-behavior,"A scanner configured lower in run order can still fill before a higher-priority scanner if its execution method is faster, producing out-of-order fills relative to the configured automation order.","This can happen when Scanner 1 has an execution method that is slower than Scanner 2, and Scanner 2 fills an order prior to Scanner 1.",DOCUMENTED,,2026-08-04,58a0c395f11b5ce11d7642ff4567279e13388f73ab15b6c519c42fd922dd487c
OA-0073,platform,Automation Behavior,https://docs.optionalpha.com/technical-documentation/platform/automation-behavior,"The overall run order across automation types is: Exit Options, then Scheduled Events, then Monitors, then Scanners.","The overall order of automations are: Exit Options, Scheduled Events, Monitors and Scanners.",DOCUMENTED,,2026-08-04,58a0c395f11b5ce11d7642ff4567279e13388f73ab15b6c519c42fd922dd487c
OA-0074,platform,Automation Behavior,https://docs.optionalpha.com/technical-documentation/platform/automation-behavior,The platform has two loop types: Position loops and Symbol loops.,"The platform employs two different loop types -- [Position](https://optionalpha.com/help/loops) and [Symbol](https://optionalpha.com/help/loops). Loops give you the ability to cycle through, or loop, a group of positions or symbols to check for other logic conditions down your decision tree.",DOCUMENTED,,2026-08-04,58a0c395f11b5ce11d7642ff4567279e13388f73ab15b6c519c42fd922dd487c
OA-0075,platform,Automation Behavior,https://docs.optionalpha.com/technical-documentation/platform/automation-behavior,"Although scanner and monitor automation groups run synchronously, loops inside them do not run synchronously — deliberately, because synchronous loop iteration would cause excessively long execution time; instead each loop iteration runs the full decision-tree logic for one symbol at a time, sequentially.","Although scanner automation groups and monitor automation groups operate in a synchronous manner, loops inside them do not, and modifying this behavior would result in excessively long execution time. When a loop executes, the full logic of the decision tree is run for each symbol sequentially one after another.",DOCUMENTED,,2026-08-04,58a0c395f11b5ce11d7642ff4567279e13388f73ab15b6c519c42fd922dd487c
OA-0076,platform,Automation Behavior,https://docs.optionalpha.com/technical-documentation/platform/automation-behavior,"A Position loop always processes positions in Oldest-to-Newest order, but Option Alpha reserves the right to change how the underlying cache system determines and returns that ordering.","When looping through Positions, the processing order is always Oldest to Newest. However, be aware that we reserve the right to change the way the cache system works and the behavior of how it returns the list of positions.",DOCUMENTED,,2026-08-04,58a0c395f11b5ce11d7642ff4567279e13388f73ab15b6c519c42fd922dd487c
OA-0077,platform,Automation Behavior,https://docs.optionalpha.com/technical-documentation/platform/automation-behavior,"In a multi-symbol loop using percentage-based allocation per trade, it is not guaranteed that the percentage of available capital is distributed to symbols in the same order they appear in the loop.","When using a multi-symbol loop with a percentage-based allocation for each trade, it is not guaranteed that the % of available capital is distributed in the same order as the symbols inside of the loop.",DOCUMENTED,,2026-08-04,58a0c395f11b5ce11d7642ff4567279e13388f73ab15b6c519c42fd922dd487c
OA-0078,platform,Automation Behavior,https://docs.optionalpha.com/technical-documentation/platform/automation-behavior,"Capital use for a loop is computed by first determining total available capital, then the desired per-position amount, then how many contracts or shares fit into that amount given margin requirements.","Capital use is done by first figuring out how much there is total, then how much can be used based on the desired per position amount, and finally how many contracts/shares can fit into that amount based on margin requirements.",DOCUMENTED,,2026-08-04,58a0c395f11b5ce11d7642ff4567279e13388f73ab15b6c519c42fd922dd487c
OA-0079,platform,Automation Behavior,https://docs.optionalpha.com/technical-documentation/platform/automation-behavior,"In a $10k-total, 45%-net-liquid-per-position symbol loop over SPY, QQQ, TLT run 100 times in a test environment, allocation is deterministic (45% SPY, 45% QQQ, ~10% TLT every time) because there is no processor-time contention.","**Example:** Using $10k Total Allocation, 45% Net Liquid per position, with SPY, QQQ, and TLT in a Symbol Loop.

If you run the SPY, QQQ, TLT example test 100 times in a test environment, it will almost certainly use 45% SPY, 45% QQQ, and \~10% TLT, 100 times out of 100, because that's the order in which they're initially called and no one is competing for processor time.",DOCUMENTED,,2026-08-04,58a0c395f11b5ce11d7642ff4567279e13388f73ab15b6c519c42fd922dd487c
OA-0080,platform,Automation Behavior,https://docs.optionalpha.com/technical-documentation/platform/automation-behavior,"Running the same percentage-allocation loop live, alongside hundreds of other bots contending for the same process and asynchronous data, means there is no guarantee which symbol ends up receiving the residual allocation (e.g. the ~10% in the SPY/QQQ/TLT example).","But the moment you run the same loop in an active environment with hundreds of other bots executed by the same process, and at the same time pulling and waiting on all kinds of asynchronous data (e.g., opportunity decisions, indicators, etc.) from other processes, there is no guarantee which symbol will end up with the \~10%.",DOCUMENTED,,2026-08-04,58a0c395f11b5ce11d7642ff4567279e13388f73ab15b6c519c42fd922dd487c
OA-0081,platform,Automation Behavior,https://docs.optionalpha.com/technical-documentation/platform/automation-behavior,"Whichever symbol reaches the order book first synchronously decrements the shared capital pool by its pending draw value first; this ordering is based purely on which symbol begins the open-position process first, not on which order fills or executes first (fills haven't happened yet at that point).",This means whichever symbol makes it to the order book first will get first dibs on decrementing the capital pool for itself. Nothing is based on fill or execution because that hasn't happened yet. The only certainty is whoever gets to the capital pool first and begins the process of opening a position gets to synchronously decrement the pool first with its pending draw value.,DOCUMENTED,,2026-08-04,58a0c395f11b5ce11d7642ff4567279e13388f73ab15b6c519c42fd922dd487c
OA-0082,platform,Automation Behavior,https://docs.optionalpha.com/technical-documentation/platform/automation-behavior,Synchronously decrementing the capital pool as soon as a symbol begins opening a position (rather than waiting for fill) is the mechanism that keeps total bot allocation under its configured cap (e.g. $10k) at all times.,That is how we ensure the bot stays under $10k at all times. Poorly constructed logic will have the potential to yield unexpected results and it is encouraged to utilize other decisions to avoid common errors and warnings when utilizing loops.,DOCUMENTED,,2026-08-04,58a0c395f11b5ce11d7642ff4567279e13388f73ab15b6c519c42fd922dd487c
OA-0083,platform,Automation Behavior,https://docs.optionalpha.com/technical-documentation/platform/automation-behavior,"If a percentage-based allocation greater than 50% is used to open multiple positions, the contract/share amount of a subsequent position is intentionally reduced to avoid allocating more than 100% of bot capital.","If you attempt to open multiple positions using a percentage-based allocation amount greater than 50%, the subsequent position contract or share amount will be reduced intentionally to avoid an overallocation of more than 100% of bot capital.",DOCUMENTED,,2026-08-04,58a0c395f11b5ce11d7642ff4567279e13388f73ab15b6c519c42fd922dd487c
OA-0084,platform,Automation Behavior,https://docs.optionalpha.com/technical-documentation/platform/automation-behavior,"1-minute Exit Options can be assigned to a position via an automation's Open Position action, its Update Position Exit Options action, or the Manual Trading interface.","Any position can be assigned [1-minute Exit Options](https://optionalpha.com/help/exit-options) through an automation's Open Position action, its Update Position Exit Options action or the Manual Trading interface.",DOCUMENTED,,2026-08-04,58a0c395f11b5ce11d7642ff4567279e13388f73ab15b6c519c42fd922dd487c
OA-0085,platform,Automation Behavior,https://docs.optionalpha.com/technical-documentation/platform/automation-behavior,User-defined 1-minute Exit Options parameters are checked every market minute between 9:40 AM and 3:59 PM Eastern.,The user-defined parameters are checked every one market minute between 9:40 AM and 3:59 PM Eastern.,DOCUMENTED,,2026-08-04,58a0c395f11b5ce11d7642ff4567279e13388f73ab15b6c519c42fd922dd487c
OA-0086,platform,Automation Behavior,https://docs.optionalpha.com/technical-documentation/platform/automation-behavior,"Exit Option profit/stop levels are safeguarded to the worst possible fill based on the spread's direction at order initiation (bid price if selling, ask price if buying), which can result in an unfilled order being canceled but is meant to preserve high exit efficiency.","Safeguards have been established to ensure that your profit or stop loss levels are set to the worst possible fill based on the direction of the spread at the point the order is initiated (e.g., the bid price if selling or the ask price if buying). This can result in an order being canceled if unfilled but ensures that high exit efficiency is maintained.",DOCUMENTED,,2026-08-04,58a0c395f11b5ce11d7642ff4567279e13388f73ab15b6c519c42fd922dd487c
OA-0087,platform,Automation Behavior,https://docs.optionalpha.com/technical-documentation/platform/automation-behavior,"The default exit method for Exit Options is SmartPricing set to normal, targeting 100% of the bid/ask spread.",The default exit method for Exit Options is SmartPricing set to normal and 100% of the Bid/Ask spread.,DOCUMENTED,,2026-08-04,58a0c395f11b5ce11d7642ff4567279e13388f73ab15b6c519c42fd922dd487c
OA-0088,platform,Automation Behavior,https://docs.optionalpha.com/technical-documentation/platform/automation-behavior,"Because SmartPricing begins near the bid (or ask), an exit fill may land within a 1% tolerance of the specified stop or target, and on liquid underlyings/contracts can exit at a price better than the specified target.","It is possible that your exit fill may be within a 1% tolerance of your specified stop or target value because of the ask price's value at the point SmartPricing begins. Additionally, because SmartPricing will begin near the bid price, for example, exits can be higher than your specified target when trading a liquid underlying and contract.",DOCUMENTED,,2026-08-04,58a0c395f11b5ce11d7642ff4567279e13388f73ab15b6c519c42fd922dd487c
OA-0089,platform,Automation Behavior,https://docs.optionalpha.com/technical-documentation/platform/automation-behavior,"In high-volatility periods, an option contract's price can move rapidly enough to surpass a configured Stop level before the exit executes.",In high volatility times it is possible the price of an option contract can change rapidly and surpass your Stop level.,DOCUMENTED,,2026-08-04,58a0c395f11b5ce11d7642ff4567279e13388f73ab15b6c519c42fd922dd487c
OA-0090,platform,Automation Behavior,https://docs.optionalpha.com/technical-documentation/platform/automation-behavior,"Bots actively prevent an action from starting when an identical action is already in process, to avoid overlap with other automations, and the platform-wide event sequence runs Exit Options before Scheduled Events, Monitors, and Scanners.","Bots will actively prevent an action from taking place when an identical action is already in process to avoid overlapping with other automations. The event sequence is set to run Exit Options before other automations in the following order: Exit Options, Scheduled Events, Monitors, and Scanners",DOCUMENTED,,2026-08-04,58a0c395f11b5ce11d7642ff4567279e13388f73ab15b6c519c42fd922dd487c
OA-0091,platform,Automation Behavior,https://docs.optionalpha.com/technical-documentation/platform/automation-behavior,"Every Scanner and Monitor has a default scanning interval of 15 minutes, running from approximately 15 minutes after market open until 15 minutes before market close.","Every Scanner and Monitor has a default scanning interval of 15 minutes. This means every 15 minutes—beginning approximately 15 minutes after the market opens, and ending at 15 minutes before the market close—automation(s) will scan for the criteria specified in the automation.",DOCUMENTED,,2026-08-04,58a0c395f11b5ce11d7642ff4567279e13388f73ab15b6c519c42fd922dd487c
OA-0092,platform,Automation Behavior,https://docs.optionalpha.com/technical-documentation/platform/automation-behavior,Users can self-select 5-minute or 1-minute scan speeds instead of the default; scan speed is a bot-level setting and defaults to 15 minutes unless changed.,You can also self-select 5-minute and 1-minute scans. Scan speeds are set at the bot-level; each bot defaults to 15 minutes unless you select a different speed.,DOCUMENTED,,2026-08-04,58a0c395f11b5ce11d7642ff4567279e13388f73ab15b6c519c42fd922dd487c
OA-0093,platform,Automation Behavior,https://docs.optionalpha.com/technical-documentation/platform/automation-behavior,"All user automations are pushed into a distributed work queue and executed in parallel by worker processes, so there is no guarantee an automation runs exactly on the 15-minute marks of the hour.",All user automations are pushed into a distributed work queue and executed in parallel by worker processes. There is no guarantee an automation will run exactly on the 15-minute marks of every hour.,DOCUMENTED,,2026-08-04,58a0c395f11b5ce11d7642ff4567279e13388f73ab15b6c519c42fd922dd487c
OA-0094,platform,Automation Behavior,https://docs.optionalpha.com/technical-documentation/platform/automation-behavior,"If a price or indicator crosses a threshold between scan intervals, the bot does not know about it and will not act until the next scheduled automation execution — the only tracked exception is Smart Stops, whose position gain and high gain are checked every minute regardless of scan interval.","If a price, indicator, etc. exceeds a threshold between intervals, the bot does not know about it. The one major exception is tracking Smart Stops, where the position gain and high gain are tracked every minute. Regardless, even if a bot is logging information or position data between intervals, it will not act upon it until automation execution at the next interval.",DOCUMENTED,,2026-08-04,58a0c395f11b5ce11d7642ff4567279e13388f73ab15b6c519c42fd922dd487c
OA-0095,platform,Automation Behavior,https://docs.optionalpha.com/technical-documentation/platform/automation-behavior,"In most cases, a bot pulls fresh, usually sub-second, market data for every relevant security or option symbol at each 15-minute (or configured) execution.","In *most* cases, a bot will pull fresh data for all relevant decisions in every automation during execution. In other words, every 15 minutes, all relevant securities or options symbols will be quoted with the most up-to-date (usually sub-second) data.",DOCUMENTED,,2026-08-04,58a0c395f11b5ce11d7642ff4567279e13388f73ab15b6c519c42fd922dd487c
OA-0096,platform,Automation Behavior,https://docs.optionalpha.com/technical-documentation/platform/automation-behavior,The last regular bot automation interval on any day runs at 3:45 PM Eastern (15 minutes before market close); a separate automation trigger can additionally be configured to run 10 minutes before close.,The last bot automation interval takes place at 3:45 Eastern time (15 minutes before market close). You can also use an automation trigger to run 10 minutes before the close.,DOCUMENTED,,2026-08-04,58a0c395f11b5ce11d7642ff4567279e13388f73ab15b6c519c42fd922dd487c
OA-0097,platform,Automation Behavior,https://docs.optionalpha.com/technical-documentation/platform/automation-behavior,"On expiration day, if any leg of an options position is in-the-money, bots attempt to close the entire position; bots do not support and are unaware of assignment, which can still occur on out-of-the-money legs before or after market close.","If it is [expiration day](https://optionalpha.com/help/order-handling) and any leg of an options position is in-the-money (ITM), the bots will attempt to close the entire position. Bots do not support assignment and are unaware of assignment, which can still occur for out-of-the-money positions before or after the market closes..",DOCUMENTED,,2026-08-04,58a0c395f11b5ce11d7642ff4567279e13388f73ab15b6c519c42fd922dd487c
OA-0098,platform,Automation Behavior,https://docs.optionalpha.com/technical-documentation/platform/automation-behavior,The page does not state what the bot does if the expiration-day close attempt for an ITM leg fails to fill.,,DOCS-SILENT,"If the expiration-day forced close of an ITM leg does not fill before market close, what happens next — does the position remain unmanaged, or is there a separate forced-closure protocol?",2026-08-04,58a0c395f11b5ce11d7642ff4567279e13388f73ab15b6c519c42fd922dd487c
OA-0099,platform,Data Feeds,https://docs.optionalpha.com/technical-documentation/platform/data-feeds,Option Alpha streams real-time consolidated equity and options data.,Option Alpha streams real-time consolidated equity and options data.,DOCUMENTED,,2026-08-04,1b790c1404607cc5cd3b2028743303d087a9f78cc9fb76a9a5ef65ae41b76180
OA-0100,platform,Data Feeds,https://docs.optionalpha.com/technical-documentation/platform/data-feeds,Option Alpha's data feeds are stated to have 99.98% uptime.,Our data feeds feature a 99.98% uptime and are relied upon by some of the world's leading financial institutions.,DOCUMENTED,,2026-08-04,1b790c1404607cc5cd3b2028743303d087a9f78cc9fb76a9a5ef65ae41b76180
OA-0101,platform,Data Feeds,https://docs.optionalpha.com/technical-documentation/platform/data-feeds,Consolidated stock market data underpins the National Best Bid and Offer (NBBO).,"It also underpins the National Best Bid and Offer (NBBO), which provides investors with a continuous view of the best available displayed buy and sell prices, and through Rule 611 ensures that investors receive the best available displayed prices on their trades, with a few exceptions.",DOCUMENTED,,2026-08-04,1b790c1404607cc5cd3b2028743303d087a9f78cc9fb76a9a5ef65ae41b76180
OA-0102,platform,Data Feeds,https://docs.optionalpha.com/technical-documentation/platform/data-feeds,SEC Rule 611 best-price protection applies with a few unspecified exceptions.,,DOCS-SILENT,"What are the ""few exceptions"" to Rule 611 best-price guarantee, and do they affect how bot fill prices are evaluated?",2026-08-04,1b790c1404607cc5cd3b2028743303d087a9f78cc9fb76a9a5ef65ae41b76180
OA-0103,platform,Data Feeds,https://docs.optionalpha.com/technical-documentation/platform/data-feeds,The entire bot ecosystem operates on real-time CTA/UTP data streamed constantly throughout the trading day.,The entire bot ecosystem operates on real-time CTA/UTP data streamed constantly throughout the trading day.,DOCUMENTED,,2026-08-04,1b790c1404607cc5cd3b2028743303d087a9f78cc9fb76a9a5ef65ae41b76180
OA-0104,platform,Data Feeds,https://docs.optionalpha.com/technical-documentation/platform/data-feeds,"The bots track over 150,000 options contracts per day.","Did you know? The bots are tracking over 150k options contracts per day. Each is updated (at most) every 500ms. That's 300k updates per second, 18 million updates per minute.",DOCUMENTED,,2026-08-04,1b790c1404607cc5cd3b2028743303d087a9f78cc9fb76a9a5ef65ae41b76180
OA-0105,platform,Data Feeds,https://docs.optionalpha.com/technical-documentation/platform/data-feeds,"Each tracked contract is updated at most every 500 milliseconds, implying up to 300,000 updates per second and 18 million updates per minute platform-wide.","Each is updated (at most) every 500ms. That's 300k updates per second, 18 million updates per minute.",DOCUMENTED,,2026-08-04,1b790c1404607cc5cd3b2028743303d087a9f78cc9fb76a9a5ef65ae41b76180
OA-0106,platform,Data Feeds,https://docs.optionalpha.com/technical-documentation/platform/data-feeds,"All tracked option symbols are NBBO, streamed in real time, with a maximum update rate of 500ms.","Option Alpha uses a consolidated CTA/UTP data feed, aggregated from all major exchanges. All option symbols being tracked are NBBO, streamed in real-time, with a max update rate of 500ms (milliseconds).",DOCUMENTED,,2026-08-04,1b790c1404607cc5cd3b2028743303d087a9f78cc9fb76a9a5ef65ae41b76180
OA-0107,platform,Data Feeds,https://docs.optionalpha.com/technical-documentation/platform/data-feeds,"A symbol is updated at most every 500ms unless it received no new market updates within that span (e.g. thinly traded, far out-of-the-money options).","Each symbol, equity or option, is updated at most every 500ms unless the symbol received no updates within that time span (think thinly traded, far out-of-money options).",DOCUMENTED,,2026-08-04,1b790c1404607cc5cd3b2028743303d087a9f78cc9fb76a9a5ef65ae41b76180
OA-0108,platform,Data Feeds,https://docs.optionalpha.com/technical-documentation/platform/data-feeds,"Bot data is captured at the specific millisecond an automation runs, while broker platforms update continuously, so a mismatch between what the bot saw and what a trader's broker screen shows is expected unless viewed at the exact same millisecond.","Bot data is aggregated via data capture every time an automation runs. The bot is capturing data at a specific millisecond in time, whereas your broker platform is updating continuously. Therefore, unless you see your broker data at the exact millisecond of the bot data, there is likely to be a mismatch.",DOCUMENTED,,2026-08-04,1b790c1404607cc5cd3b2028743303d087a9f78cc9fb76a9a5ef65ae41b76180
OA-0109,platform,Data Feeds,https://docs.optionalpha.com/technical-documentation/platform/data-feeds,"Many brokers use proprietary indicator calculations that may differ slightly from Option Alpha's, even when both platforms nominally show the ""same"" indicator.","Furthermore, many brokers have proprietary calculations for some indicators, etc. to ""simulate"" specific readings during the course of a day. While we may have similar indicators, the calculations may be slightly different.",DOCUMENTED,,2026-08-04,1b790c1404607cc5cd3b2028743303d087a9f78cc9fb76a9a5ef65ae41b76180
OA-0110,platform,Data Feeds,https://docs.optionalpha.com/technical-documentation/platform/data-feeds,"Except for cached values, all data is streamed constantly to the market data server, and when an automation runs it requests the most up-to-date values known at that moment, down to the millisecond.","With the exception of the cached values discussed below, all data is streamed constantly to our market data server. These values include pricing information like bid/ask, volume, open interest, greeks, etc. When an automation is executed, either at a scheduled interval or on-demand, the bots will request the most up-to-date values the market server knows about at that moment, down to the millisecond.",DOCUMENTED,,2026-08-04,1b790c1404607cc5cd3b2028743303d087a9f78cc9fb76a9a5ef65ae41b76180
OA-0111,platform,Data Feeds,https://docs.optionalpha.com/technical-documentation/platform/data-feeds,All daily indicators are cached pre-market based on yesterday's closing price.,"Some unchanging data values are cached pre-market and used throughout the trading day.

All daily indicators are cached pre-market based on yesterday's closing price.",DOCUMENTED,,2026-08-04,1b790c1404607cc5cd3b2028743303d087a9f78cc9fb76a9a5ef65ae41b76180
OA-0112,platform,Data Feeds,https://docs.optionalpha.com/technical-documentation/platform/data-feeds,"A cached 14-day RSI uses the last 14 closing prices, which can deviate from broker platforms that simulate real-time indicators by using 13 prior closes plus the current live price as the 14th bar.","This allows for an accurate representation of a true N-day indicator. For example, to calculate a 14-day RSI indicator, the last 14 closing prices are fed into the RSI formula. This may deviate slightly from a daily technical indicator you see on a brokerage platform that attempts to simulate real-time indicators by using 13 previous closing prices, plus the last price of the security as the 14th bar in the RSI calculation.",DOCUMENTED,,2026-08-04,1b790c1404607cc5cd3b2028743303d087a9f78cc9fb76a9a5ef65ae41b76180
OA-0113,platform,Data Feeds,https://docs.optionalpha.com/technical-documentation/platform/data-feeds,"The ""days until earnings"" criterion is updated only once at the beginning of each day and receives no additional updates after half a day has passed.","The criteria ""days until earnings"" is also updated only at the beginning of each day and there are no additional updates for half a day passed.",DOCUMENTED,,2026-08-04,1b790c1404607cc5cd3b2028743303d087a9f78cc9fb76a9a5ef65ae41b76180
OA-0114,platform,Data Feeds,https://docs.optionalpha.com/technical-documentation/platform/data-feeds,The list of tradable tickers is a filtered subset of approximately 350 tickers chosen from all optionable underlying securities using a liquidity/volume heuristic.,"The list of tradable tickers is a subset of all optionable underlying securities. We applied a heuristic filter for liquidity and volume to produce a set of approximately 350 tickers: minimum equity average 10-day volume of 1,000,000 shares and minimum option open interest of 4,000 contracts over the next two monthly expirations in the delta range of 15 to 60.",DOCUMENTED,,2026-08-04,1b790c1404607cc5cd3b2028743303d087a9f78cc9fb76a9a5ef65ae41b76180
OA-0115,platform,Data Feeds,https://docs.optionalpha.com/technical-documentation/platform/data-feeds,The minimum share price threshold for ticker inclusion is $5.00/share.,The minimum share price threshold was set at $5.00/share.,DOCUMENTED,,2026-08-04,1b790c1404607cc5cd3b2028743303d087a9f78cc9fb76a9a5ef65ae41b76180
OA-0116,platform,Data Feeds,https://docs.optionalpha.com/technical-documentation/platform/data-feeds,A small number of tickers were added ad hoc to the tradable list despite narrowly missing the liquidity filters.,"We reviewed the lists and added a small number of tickers ad hoc that narrowly missed our liquidity filters, but we felt should also be included.",DOCUMENTED,,2026-08-04,1b790c1404607cc5cd3b2028743303d087a9f78cc9fb76a9a5ef65ae41b76180
OA-0117,platform,Data Feeds,https://docs.optionalpha.com/technical-documentation/platform/data-feeds,"The ticker-selection open-interest screen for options only considers the two upcoming monthly expiration series, excluding weekly or quarterly series.","For options, we looked at the two upcoming monthly expiration series only - no weekly or quarterly series. We looked for a minimum option open interest of 4,000 contracts over the next two monthly expirations in the delta range of 15 to 60.",DOCUMENTED,,2026-08-04,1b790c1404607cc5cd3b2028743303d087a9f78cc9fb76a9a5ef65ae41b76180
OA-0118,platform,Data Feeds,https://docs.optionalpha.com/technical-documentation/platform/data-feeds,Over 90% of all option contracts trade within the delta 15-60 range used for the ticker-selection screen.,Over 90% of all contracts trade within this range.,DOCUMENTED,,2026-08-04,1b790c1404607cc5cd3b2028743303d087a9f78cc9fb76a9a5ef65ae41b76180
OA-0119,platform,Data Feeds,https://docs.optionalpha.com/technical-documentation/platform/data-feeds,"For ticker selection, open interest across all strikes in the delta 15-60 range is totaled across the two qualifying monthly expirations and compared against the 4,000-contract threshold.","The open interest for all strikes in this delta range for the two expirations is then totaled. This is the number we are checking against the 4,000 level to select tickers for options trading.",DOCUMENTED,,2026-08-04,1b790c1404607cc5cd3b2028743303d087a9f78cc9fb76a9a5ef65ae41b76180
OA-0120,platform,Data Feeds,https://docs.optionalpha.com/technical-documentation/platform/data-feeds,"For equity ticker selection, Option Alpha uses minimum average 10-day volume of 1,000,000 shares, and also references 10- and 20-day average volume.","For equities, we simply look at daily volume - a minimum equity average 10-day volume of 1,000,000 shares. We also used 10 and 20-day average volume as a Goldilocks reference.",DOCUMENTED,,2026-08-04,1b790c1404607cc5cd3b2028743303d087a9f78cc9fb76a9a5ef65ae41b76180
OA-0121,platform,Data Feeds,https://docs.optionalpha.com/technical-documentation/platform/data-feeds,The ticker list and its underlying selection thresholds are not stated to be re-evaluated on any fixed schedule.,,DOCS-SILENT,"How often is the ~350-ticker tradable list re-screened against the stated liquidity/OI thresholds, and can a currently-tradable symbol be silently dropped mid-campaign?",2026-08-04,1b790c1404607cc5cd3b2028743303d087a9f78cc9fb76a9a5ef65ae41b76180
OA-0122,platform,Order Handling,https://docs.optionalpha.com/technical-documentation/platform/order-handling,Bots do not share an order ID with the broker.,Bots do not share an order ID with your broker.,DOCUMENTED,,2026-08-04,d1e87396011cc2351738e535834c2df03b8174c4d301b91af0f4d2954824ce75
OA-0123,platform,Order Handling,https://docs.optionalpha.com/technical-documentation/platform/order-handling,Each bot has a unique ID that is maintained by Option Alpha.,Each bot has a unique ID maintained by Option Alpha.,DOCUMENTED,,2026-08-04,d1e87396011cc2351738e535834c2df03b8174c4d301b91af0f4d2954824ce75
OA-0124,platform,Order Handling,https://docs.optionalpha.com/technical-documentation/platform/order-handling,Positions are tracked and managed independently of the broker.,Positions are tracked and managed independently of the broker.,DOCUMENTED,,2026-08-04,d1e87396011cc2351738e535834c2df03b8174c4d301b91af0f4d2954824ce75
OA-0125,platform,Order Handling,https://docs.optionalpha.com/technical-documentation/platform/order-handling,Option Alpha submits buy-to-close or sell-to-close orders and the broker performs reconciliation to determine whether the order is valid.,We submit a buy-to-close or sell-to-close order and the broker performs the reconciliation to determine whether or not the order is valid.,DOCUMENTED,,2026-08-04,d1e87396011cc2351738e535834c2df03b8174c4d301b91af0f4d2954824ce75
OA-0126,platform,Order Handling,https://docs.optionalpha.com/technical-documentation/platform/order-handling,A closing order for a position that does not exist at the broker is not automatically reversed; it errors out.,"The closing order won't automatically reverse the order if it does not exist, it will error out.",DOCUMENTED,,2026-08-04,d1e87396011cc2351738e535834c2df03b8174c4d301b91af0f4d2954824ce75
OA-0127,platform,Order Handling,https://docs.optionalpha.com/technical-documentation/platform/order-handling,"When quantity is added to an existing position, the bot manages only the quantity it knows about.","When adding to an existing position, the bot will only manage the quantity it knows about.",DOCUMENTED,,2026-08-04,d1e87396011cc2351738e535834c2df03b8174c4d301b91af0f4d2954824ce75
OA-0128,platform,Order Handling,https://docs.optionalpha.com/technical-documentation/platform/order-handling,Additional quantity opened manually must also be closed manually.,The additional quantity that was opened manually will need to be closed manually.,DOCUMENTED,,2026-08-04,d1e87396011cc2351738e535834c2df03b8174c4d301b91af0f4d2954824ce75
OA-0129,platform,Order Handling,https://docs.optionalpha.com/technical-documentation/platform/order-handling,"Manually overriding a position in the platform stops the bot from managing it, after which the position must be managed through the broker.",You can manually override a position in the platform and the bot will no longer manage the position; you will need to manage the position through your broker.,DOCUMENTED,,2026-08-04,d1e87396011cc2351738e535834c2df03b8174c4d301b91af0f4d2954824ce75
OA-0130,platform,Order Handling,https://docs.optionalpha.com/technical-documentation/platform/order-handling,Overridden positions no longer count against the bot's daily or max position limits.,"Additionally, overridden positions will no longer count against your daily or max position limits.",DOCUMENTED,,2026-08-04,d1e87396011cc2351738e535834c2df03b8174c4d301b91af0f4d2954824ce75
OA-0131,platform,Order Handling,https://docs.optionalpha.com/technical-documentation/platform/order-handling,"After a position is closed externally, the bot still honors automation close instructions, and ITM expiration handling, as if the position were still open.",The bot will honor any instructions to close the position in your automations (or at expiration if ITM) as if it was still open.,DOCUMENTED,,2026-08-04,d1e87396011cc2351738e535834c2df03b8174c4d301b91af0f4d2954824ce75
OA-0132,platform,Order Handling,https://docs.optionalpha.com/technical-documentation/platform/order-handling,"When the bot tries to close a position that was closed externally, the broker returns an error stating the position does not exist.","However, since you've externally closed the position, the broker will produce an error with a message informing you the position does not exist.",DOCUMENTED,,2026-08-04,d1e87396011cc2351738e535834c2df03b8174c4d301b91af0f4d2954824ce75
OA-0133,platform,Order Handling,https://docs.optionalpha.com/technical-documentation/platform/order-handling,"After the broker errors on a nonexistent position, the user can manually override the position in the bot so it does not retry the close.","At that point, you can still manually override the position in the bot so it doesn't try again.",DOCUMENTED,,2026-08-04,d1e87396011cc2351738e535834c2df03b8174c4d301b91af0f4d2954824ce75
OA-0134,platform,Order Handling,https://docs.optionalpha.com/technical-documentation/platform/order-handling,Option Alpha directs questions about broker reconciliation to the broker itself.,Users are encouraged to reach out to the broker for questions on their reconciliation process.,DOCUMENTED,,2026-08-04,d1e87396011cc2351738e535834c2df03b8174c4d301b91af0f4d2954824ce75
OA-0135,platform,Order Handling,https://docs.optionalpha.com/technical-documentation/platform/order-handling,"Bot positions have exactly four states: Open, Opening, Closed, and Closing.","Bot Positions can be in four different states, Open, Opening, Closed, and Closing.",DOCUMENTED,,2026-08-04,d1e87396011cc2351738e535834c2df03b8174c4d301b91af0f4d2954824ce75
OA-0136,platform,Order Handling,https://docs.optionalpha.com/technical-documentation/platform/order-handling,"When an order is passed from the automation to the broker service, the position changes state and is temporarily released from the bot until returned with an updated state.","When an order is passed from the automation to the broker service it changes state, and in the process is released from the bot temporarily until returned with an updated state.",DOCUMENTED,,2026-08-04,d1e87396011cc2351738e535834c2df03b8174c4d301b91af0f4d2954824ce75
OA-0137,platform,Order Handling,https://docs.optionalpha.com/technical-documentation/platform/order-handling,"While a position is released to the broker service, the bot is unaware of it and other automations do not recognize it as Open.","During this time, the bot is unaware of this position and will not be recognized as Open by other automations.",DOCUMENTED,,2026-08-04,d1e87396011cc2351738e535834c2df03b8174c4d301b91af0f4d2954824ce75
OA-0138,platform,Order Handling,https://docs.optionalpha.com/technical-documentation/platform/order-handling,Positions in a Closing state are not recognized as Open by other automations.,Positions that are in a Closing state are not recognized by other automations as Open while undergoing the closing process.,DOCUMENTED,,2026-08-04,d1e87396011cc2351738e535834c2df03b8174c4d301b91af0f4d2954824ce75
OA-0139,platform,Order Handling,https://docs.optionalpha.com/technical-documentation/platform/order-handling,All orders are submitted as timed limit orders.,All orders are submitted as timed limit orders.,DOCUMENTED,,2026-08-04,d1e87396011cc2351738e535834c2df03b8174c4d301b91af0f4d2954824ce75
OA-0140,platform,Order Handling,https://docs.optionalpha.com/technical-documentation/platform/order-handling,"After a partial fill event, the platform waits for the remainder of the position to fill.","If a partial fill event is returned, we wait for the remaining position to be filled.",DOCUMENTED,,2026-08-04,d1e87396011cc2351738e535834c2df03b8174c4d301b91af0f4d2954824ce75
OA-0141,platform,Order Handling,https://docs.optionalpha.com/technical-documentation/platform/order-handling,"Each subsequent partial fill resets the fill timeout, whose default is 2 minutes.","On the subsequent partial fill(s) we reset the timeout, default to 2 minutes.",DOCUMENTED,,2026-08-04,d1e87396011cc2351738e535834c2df03b8174c4d301b91af0f4d2954824ce75
OA-0142,platform,Order Handling,https://docs.optionalpha.com/technical-documentation/platform/order-handling,"If no new partial fill event arrives before the timeout expires, the remaining order is canceled and the position status changes from ""opening"" to ""open"" with the partial quantity.","If no new partial fill event is received after the timeout expires, the remaining order is simply canceled, and the position status changes from ""opening"" to ""open"" with the partial quantity.",DOCUMENTED,,2026-08-04,d1e87396011cc2351738e535834c2df03b8174c4d301b91af0f4d2954824ce75
OA-0143,platform,Order Handling,https://docs.optionalpha.com/technical-documentation/platform/order-handling,The page calls the 2-minute partial-fill timeout a default but does not say whether or where the user can change it.,,DOCS-SILENT,"Is the partial-fill timeout user-configurable, and if so where?",2026-08-04,d1e87396011cc2351738e535834c2df03b8174c4d301b91af0f4d2954824ce75
OA-0144,platform,Order Handling,https://docs.optionalpha.com/technical-documentation/platform/order-handling,The page describes partial-fill timeout behavior only for opening orders and does not state what happens when a closing order partially fills.,,DOCS-SILENT,What state/behavior results when a closing order is only partially filled at timeout?,2026-08-04,d1e87396011cc2351738e535834c2df03b8174c4d301b91af0f4d2954824ce75
OA-0145,platform,Order Handling,https://docs.optionalpha.com/technical-documentation/platform/order-handling,Bots are unaware of assignments because the broker API does not report assignment events to Option Alpha.,Bots are unaware if an assignment occurs as this event is not reported back to us by the broker API.,DOCUMENTED,,2026-08-04,d1e87396011cc2351738e535834c2df03b8174c4d301b91af0f4d2954824ce75
OA-0146,platform,Order Handling,https://docs.optionalpha.com/technical-documentation/platform/order-handling,"After an assignment, the bot continues to track what it views as the original pre-assignment position.",The bot will continue to track what it views as the original pre-assignment position.,DOCUMENTED,,2026-08-04,d1e87396011cc2351738e535834c2df03b8174c4d301b91af0f4d2954824ce75
OA-0147,platform,Order Handling,https://docs.optionalpha.com/technical-documentation/platform/order-handling,"If the bot's exit conditions are met on a position that was assigned, it will still attempt to close the position.","If the bot’s exit conditions are met, it will attempt to close the position.",DOCUMENTED,,2026-08-04,d1e87396011cc2351738e535834c2df03b8174c4d301b91af0f4d2954824ce75
OA-0148,platform,Order Handling,https://docs.optionalpha.com/technical-documentation/platform/order-handling,Traders must monitor their broker platform for positions carrying assignment risk and manage them from the broker side if assignment occurs.,Traders should monitor their broker platform for any positions that carry assignment risk and will need to manage the position from that end if assignment occurs.,DOCUMENTED,,2026-08-04,d1e87396011cc2351738e535834c2df03b8174c4d301b91af0f4d2954824ce75
OA-0149,platform,Order Handling,https://docs.optionalpha.com/technical-documentation/platform/order-handling,"After an assignment, the position should be overridden to remove it from the bot's management.",Override the position to remove it from the bot's management following an assignment.,DOCUMENTED,,2026-08-04,d1e87396011cc2351738e535834c2df03b8174c4d301b91af0f4d2954824ce75
OA-0150,platform,Order Handling,https://docs.optionalpha.com/technical-documentation/platform/order-handling,Option Alpha does not pass tax lot information with orders to any broker.,Option Alpha does not pass tax lot information with the specific order to any of the brokers.,DOCUMENTED,,2026-08-04,d1e87396011cc2351738e535834c2df03b8174c4d301b91af0f4d2954824ce75
OA-0151,platform,Order Handling,https://docs.optionalpha.com/technical-documentation/platform/order-handling,Bots submit closing order requests for the same options symbol that was used to open the position.,Bots submit closing order requests for the options symbol used to open the position.,DOCUMENTED,,2026-08-04,d1e87396011cc2351738e535834c2df03b8174c4d301b91af0f4d2954824ce75
OA-0152,platform,Order Handling,https://docs.optionalpha.com/technical-documentation/platform/order-handling,"Tax lot treatment for bot orders is determined by the user's brokerage account settings, not by Option Alpha.",Your brokerage account settings will determine tax lot treatment.,DOCUMENTED,,2026-08-04,d1e87396011cc2351738e535834c2df03b8174c4d301b91af0f4d2954824ce75
OA-0153,platform,Order Handling,https://docs.optionalpha.com/technical-documentation/platform/order-handling,Positions expiring in-the-money are subject to assignment and/or broker intervention depending on contract type and account balance.,Positions expiring in-the-money are subject to assignment and/or broker intervention based on the contract type and your account balance.,DOCUMENTED,,2026-08-04,d1e87396011cc2351738e535834c2df03b8174c4d301b91af0f4d2954824ce75
OA-0154,platform,Order Handling,https://docs.optionalpha.com/technical-documentation/platform/order-handling,The Option Expiration Protocol setting can auto-close ITM positions 10 minutes before expiration or auto-override them for manual result entry later.,Use this setting to auto-close ITM positions 10 minutes before expiration OR auto-override and manually enter the position results later.,DOCUMENTED,,2026-08-04,d1e87396011cc2351738e535834c2df03b8174c4d301b91af0f4d2954824ce75
OA-0155,platform,Order Handling,https://docs.optionalpha.com/technical-documentation/platform/order-handling,Expiring ITM position handling is chosen in Settings and executes 10 minutes before market close on expiration day.,"In your Settings, you can select how you want your bots to handle expiring In-The-Money positions 10 minutes before market close on expiration day:",DOCUMENTED,,2026-08-04,d1e87396011cc2351738e535834c2df03b8174c4d301b91af0f4d2954824ce75
OA-0156,platform,Order Handling,https://docs.optionalpha.com/technical-documentation/platform/order-handling,"The three expiring-ITM handling options are: calculate estimated P/L from underlying price, close with a market order, or override and manually enter results.","- Calculate estimated P/L from Underlying Price (default)
- Close position with a market order
- Override position and manually enter results",DOCUMENTED,,2026-08-04,d1e87396011cc2351738e535834c2df03b8174c4d301b91af0f4d2954824ce75
OA-0157,platform,Order Handling,https://docs.optionalpha.com/technical-documentation/platform/order-handling,"The default expiring-ITM handling option is ""Calculate estimated P/L from Underlying Price"".",- Calculate estimated P/L from Underlying Price (default),DOCUMENTED,,2026-08-04,d1e87396011cc2351738e535834c2df03b8174c4d301b91af0f4d2954824ce75
OA-0158,platform,Order Handling,https://docs.optionalpha.com/technical-documentation/platform/order-handling,"Overridden positions are no longer managed by the bot, and the trader is solely responsible for managing them.",Positions that have been overridden are no longer managed by the bot. It is the trader's sole responsibility to manage their positions and update the ending value with the Position Editing function and to ensure the bot's performance accurately reflects the outcome of expired positions that were released due to being In-The-Money.,DOCUMENTED,,2026-08-04,d1e87396011cc2351738e535834c2df03b8174c4d301b91af0f4d2954824ce75
OA-0159,platform,Order Handling,https://docs.optionalpha.com/technical-documentation/platform/order-handling,"For overridden expired-ITM positions, the trader must update the ending value using the Position Editing function so bot performance reflects the actual outcome.",It is the trader's sole responsibility to manage their positions and update the ending value with the Position Editing function and to ensure the bot's performance accurately reflects the outcome of expired positions that were released due to being In-The-Money.,DOCUMENTED,,2026-08-04,d1e87396011cc2351738e535834c2df03b8174c4d301b91af0f4d2954824ce75
OA-0160,platform,Order Handling,https://docs.optionalpha.com/technical-documentation/platform/order-handling,Option Alpha recommends confirming with the broker how it handles positions on expiration day.,We recommend checking with your broker to confirm their expiration day position handling.,DOCUMENTED,,2026-08-04,d1e87396011cc2351738e535834c2df03b8174c4d301b91af0f4d2954824ce75
OA-0161,platform,Order Handling,https://docs.optionalpha.com/technical-documentation/platform/order-handling,"The page does not state what happens if the ""Close position with a market order"" attempt fails or is rejected 10 minutes before expiration.",,DOCS-SILENT,What happens if the market-order auto-close of an expiring ITM position fails to fill or is rejected?,2026-08-04,d1e87396011cc2351738e535834c2df03b8174c4d301b91af0f4d2954824ce75
OA-0162,platform,Order Handling,https://docs.optionalpha.com/technical-documentation/platform/order-handling,"The page does not state how in-the-money is determined (which price, at what moment) for the 10-minutes-before-close ITM check.",,DOCS-SILENT,What price source and exact evaluation time decide whether an expiring position counts as ITM?,2026-08-04,d1e87396011cc2351738e535834c2df03b8174c4d301b91af0f4d2954824ce75
OA-0163,platform,Order Handling,https://docs.optionalpha.com/technical-documentation/platform/order-handling,"The trade import system checks a position for strategy compatibility, symbol compatibility, non-zero cost basis, and non-zero quantity.",The import system checks the position for 1) strategy compatibility 2) symbol compatibility 3) non-zero cost basis 4) non-zero quantity.,DOCUMENTED,,2026-08-04,d1e87396011cc2351738e535834c2df03b8174c4d301b91af0f4d2954824ce75
OA-0164,platform,Order Handling,https://docs.optionalpha.com/technical-documentation/platform/order-handling,A position not recognized during importing most likely violates one of the four import requirements.,In the event your position is not being recognized when importing it is likely because it violates one of those requirements.,DOCUMENTED,,2026-08-04,d1e87396011cc2351738e535834c2df03b8174c4d301b91af0f4d2954824ce75
OA-0165,platform,Bot Limitations,https://docs.optionalpha.com/technical-documentation/platform/bot-limitations,"Account restrictions imposed by a brokerage (e.g. PDT/EM restrictions, Good Faith Violation, Free Riding violation) are imposed and must be reconciled by the brokerage, not by the Option Alpha bot platform.","Any restrictions placed on an account by the brokerage can only be restricted by that brokerage. Restrictions include EM Restrictions (Pattern Day Trader), Good Faith Violation, and Free Riding violation. Please note that all restrictions are imposed by the brokerage, not the Bot Platform, and need to be reconciled with the brokerage.",DOCUMENTED,,2026-08-04,9c6b4ae0292b4d0093d8aea01a6c48412988055cf6defb861b15724f5691b67d
OA-0166,platform,Bot Limitations,https://docs.optionalpha.com/technical-documentation/platform/bot-limitations,Bots have no knowledge of account type and know only an allocation amount.,Bots have no knowledge of account type. They only know an allocation amount.,DOCUMENTED,,2026-08-04,9c6b4ae0292b4d0093d8aea01a6c48412988055cf6defb861b15724f5691b67d
OA-0167,platform,Bot Limitations,https://docs.optionalpha.com/technical-documentation/platform/bot-limitations,"Reg-T requirements and maintenance margin calls for equity positions bought on margin must be managed through the brokerage platform, not the bot.",All [Reg-T requirements](https://optionalpha.com/learn/margin-requirements) and [maintenance calls](https://optionalpha.com/learn/margin) for equity positions bought on margin should be managed through the brokerage platform.,DOCUMENTED,,2026-08-04,9c6b4ae0292b4d0093d8aea01a6c48412988055cf6defb861b15724f5691b67d
OA-0168,platform,Bot Limitations,https://docs.optionalpha.com/technical-documentation/platform/bot-limitations,"Bot capital allocation limits are calculated at position entry only, not continuously.",Bot capital allocation limits are calculated at position entry.,DOCUMENTED,,2026-08-04,9c6b4ae0292b4d0093d8aea01a6c48412988055cf6defb861b15724f5691b67d
OA-0169,platform,Bot Limitations,https://docs.optionalpha.com/technical-documentation/platform/bot-limitations,"Market conditions at position close can cause a position to risk more capital than was allocated to it at entry, exceeding the calculated maximum risk.","Market conditions at position closing may cause increased capital allocations beyond the calculated maximum risk at position entry. If the market is illiquid or bid-ask spreads are wide, bots have the potential to risk more capital at position exit than was allocated at position entry.",DOCUMENTED,,2026-08-04,9c6b4ae0292b4d0093d8aea01a6c48412988055cf6defb861b15724f5691b67d
OA-0170,platform,Bot Limitations,https://docs.optionalpha.com/technical-documentation/platform/bot-limitations,"For a credit spread, a wide bid-ask spread can push the ask price to close the spread beyond the spread's width, meaning displayed P/L during the trade can exceed the position's nominal max loss.","For example, if there is a wide bid-ask spread for a credit spread position, the ask price to close the spread may exceed the spread's width. This is not solely a function of the bots. It is common for a credit spread to move against the trader and display P/L numbers beyond their max loss throughout the course of the trade.",DOCUMENTED,,2026-08-04,9c6b4ae0292b4d0093d8aea01a6c48412988055cf6defb861b15724f5691b67d
OA-0171,platform,Bot Limitations,https://docs.optionalpha.com/technical-documentation/platform/bot-limitations,"This page directs traders to treat ""max risk"" as the maximum risk at expiration, not the max loss implied by the position's defined width during the trade.","Therefore, it is best to consider *max risk* as the maximum risk **at expiration.**",DOCUMENTED,,2026-08-04,9c6b4ae0292b4d0093d8aea01a6c48412988055cf6defb861b15724f5691b67d
OA-0172,platform,Bot Limitations,https://docs.optionalpha.com/technical-documentation/platform/bot-limitations,"A trader can manually override positions, SmartPricing settings, exit criteria, and orders at any time.","As always, you have the ability to manually override positions, SmartPricing settings, exit criteria, and orders at any time.",DOCUMENTED,,2026-08-04,9c6b4ae0292b4d0093d8aea01a6c48412988055cf6defb861b15724f5691b67d
OA-0173,platform,Bot Limitations,https://docs.optionalpha.com/technical-documentation/platform/bot-limitations,"Once a position is manually overridden, the Option Alpha platform no longer communicates with it and it stops counting against position limits or capital allocation limits.","If you manually override a position, the Option Alpha platform no longer communicates with the position, and the position will not count against position limits or capital allocation limits.",DOCUMENTED,,2026-08-04,9c6b4ae0292b4d0093d8aea01a6c48412988055cf6defb861b15724f5691b67d
OA-0174,platform,Bot Limitations,https://docs.optionalpha.com/technical-documentation/platform/bot-limitations,Overriding positions may require reconsidering the bot's capital allocation limit.,You may need to re-consider your bot's capital allocation limit if you manually override positions.,DOCUMENTED,,2026-08-04,9c6b4ae0292b4d0093d8aea01a6c48412988055cf6defb861b15724f5691b67d
OA-0175,platform,Bot Limitations,https://docs.optionalpha.com/technical-documentation/platform/bot-limitations,"Company earnings dates and AM/PM release timing can change, and Option Alpha does not provide a way to differentiate between AM and PM earnings releases.","Company earnings dates can fluctuate and change on a regular basis for a variety of reasons. It is also common for the time of release to shift from AM and PM. The trader should remain aware of this at all times if they intended to use bots to trade earnings and manually intervene if necessary.

We currently do not provide a solution to differentiate between AM or PM earnings releases.",DOCUMENTED,,2026-08-04,9c6b4ae0292b4d0093d8aea01a6c48412988055cf6defb861b15724f5691b67d
OA-0176,platform,Bot Limitations,https://docs.optionalpha.com/technical-documentation/platform/bot-limitations,Bots do not automatically update or switch to a newly issued ticker symbol when a corporation changes its ticker.,Bots do not automatically update or change to a newly issued ticker in the event of a ticker change. Traders should be aware of all corporate actions that could cause a ticker change to occur for any of the stocks or ETFs they're trading.,DOCUMENTED,,2026-08-04,9c6b4ae0292b4d0093d8aea01a6c48412988055cf6defb861b15724f5691b67d
OA-0177,platform,Bot Limitations,https://docs.optionalpha.com/technical-documentation/platform/bot-limitations,Stock splits and stock dividends increase share count in a position; reverse splits decrease it.,Stock splits and stock dividends\* increase the number of shares in a position. Reverse splits decrease the number of shares in a position.,DOCUMENTED,,2026-08-04,9c6b4ae0292b4d0093d8aea01a6c48412988055cf6defb861b15724f5691b67d
OA-0178,platform,Bot Limitations,https://docs.optionalpha.com/technical-documentation/platform/bot-limitations,Bots manage positions based on the quantity and underlying option symbol recorded at the time the position was opened; changes to those characteristics afterward (from corporate actions) fall outside the bot's management visibility.,Bots manage positions based on the quantity and underlying option symbol at the time the position was opened. Changes in the position's characteristics (such as the number of shares or symbol) after the position was opened are outside the scope of the bot's management visibility.,DOCUMENTED,,2026-08-04,9c6b4ae0292b4d0093d8aea01a6c48412988055cf6defb861b15724f5691b67d
OA-0179,platform,Bot Limitations,https://docs.optionalpha.com/technical-documentation/platform/bot-limitations,"On close, a bot attempts to close the entire position as it was originally opened, so it is unaware of and unable to successfully close positions affected by intervening corporate actions (splits, spin-offs, mergers, special dividends, buyouts, ticker changes).","Upon closing, the bot will attempt to close the entire position as it was opened, so the bot is unaware of symbol or quantity changes and unable to successfully close positions affected by these corporate actions.",DOCUMENTED,,2026-08-04,9c6b4ae0292b4d0093d8aea01a6c48412988055cf6defb861b15724f5691b67d
OA-0180,platform,Bot Limitations,https://docs.optionalpha.com/technical-documentation/platform/bot-limitations,"If a bot-managed security has a corporate action (split, reverse split, stock dividend, spin-off, merger, special dividend, buyout, ticker change), the recommended action is to manually override the position.","If your bot is managing a security that announces a stock split, reverse split, stock dividend, spin-off, merger, special dividend, buyout, or ticker symbol change, the appropriate action is to manually override the position.",DOCUMENTED,,2026-08-04,9c6b4ae0292b4d0093d8aea01a6c48412988055cf6defb861b15724f5691b67d
OA-0181,platform,Bot Limitations,https://docs.optionalpha.com/technical-documentation/platform/bot-limitations,Overriding a position does not automatically close it; the position remains open at the brokerage and the trader is responsible for managing it.,"Overriding a position does not automatically close a position. The position remains open in your brokerage account, and you are responsible for the position's management.",DOCUMENTED,,2026-08-04,9c6b4ae0292b4d0093d8aea01a6c48412988055cf6defb861b15724f5691b67d
OA-0182,platform,Bot Limitations,https://docs.optionalpha.com/technical-documentation/platform/bot-limitations,"After a position is overridden, any manual actions taken afterward (closing orders, final P/L) are not visible inside the bot.","The position's original details are still available. Any actions performed manually after the position has been overridden, such as closing orders and final P/L, are not visible in the bot.",DOCUMENTED,,2026-08-04,9c6b4ae0292b4d0093d8aea01a6c48412988055cf6defb861b15724f5691b67d
OA-0183,platform,Bot Limitations,https://docs.optionalpha.com/technical-documentation/platform/bot-limitations,"To override an open position, a trader selects the position and chooses ""Override"" in Position Details.","To override an open position, choose a position and select ""Override"" in the Position Details.",DOCUMENTED,,2026-08-04,9c6b4ae0292b4d0093d8aea01a6c48412988055cf6defb861b15724f5691b67d
OA-0184,platform,Bot Limitations,https://docs.optionalpha.com/technical-documentation/platform/bot-limitations,"When a bot's automations are turned off, they stop running at their scheduled interval, but any open positions inside the bot remain open and unmanaged rather than being auto-closed.","When automations are off, they no longer run at their scheduled interval. Any open positions inside the bot will remain open but will no longer be managed by the bot. You can turn automations on or off at any time.",DOCUMENTED,,2026-08-04,9c6b4ae0292b4d0093d8aea01a6c48412988055cf6defb861b15724f5691b67d
OA-0185,platform,Bot Limitations,https://docs.optionalpha.com/technical-documentation/platform/bot-limitations,Whether an override can be reversed (returning a position to bot management) is not stated on this page.,,DOCS-SILENT,"Can an overridden position ever be handed back to bot management, or is override permanent for that position's lifetime?",2026-08-04,9c6b4ae0292b4d0093d8aea01a6c48412988055cf6defb861b15724f5691b67d
OA-0186,platform,Supported Ticker Symbols,https://docs.optionalpha.com/technical-documentation/platform/supported-ticker-symbols,Option Alpha states it currently supports more than 340 ticker symbols.,Option Alpha currently supports more than 340 ticker symbols. Learn more about the selection criteria here.,DOCUMENTED,,2026-08-04,322e2f0dd28b44d23d2ae7db22f59a7fb069490400ac58fd2540e081235a7225
OA-0187,platform,Supported Ticker Symbols,https://docs.optionalpha.com/technical-documentation/platform/supported-ticker-symbols,"The stated ""more than 340"" count is conservative relative to the page's own lists, which contain 383 symbols across Stocks (323), ETFs (58), and Indexes (2).",Option Alpha currently supports more than 340 ticker symbols.,DOCUMENTED,"page states ""more than 340"" but lists 383 in the three supported-symbol sections; not a contradiction, but the stated count understates the list",2026-08-04,322e2f0dd28b44d23d2ae7db22f59a7fb069490400ac58fd2540e081235a7225
OA-0188,platform,Supported Ticker Symbols,https://docs.optionalpha.com/technical-documentation/platform/supported-ticker-symbols,"Supported symbols are organized into three asset categories on this page: Stocks, ETFs, and Indexes.",### Stocks,DOCUMENTED,,2026-08-04,322e2f0dd28b44d23d2ae7db22f59a7fb069490400ac58fd2540e081235a7225
OA-0189,platform,Supported Ticker Symbols,https://docs.optionalpha.com/technical-documentation/platform/supported-ticker-symbols,Only two index symbols are listed as supported: SPX and XSP.,"### Indexes

SPX, XSP",DOCUMENTED,,2026-08-04,322e2f0dd28b44d23d2ae7db22f59a7fb069490400ac58fd2540e081235a7225
OA-0190,platform,Supported Ticker Symbols,https://docs.optionalpha.com/technical-documentation/platform/supported-ticker-symbols,"A separate, smaller ""Trade Ideas"" symbol list exists (207 symbols counted in the list), distinct from the full supported-symbol set, implying Trade Ideas coverage is limited to a subset of supported symbols.",#### Trade Ideas,DOCUMENTED,page never states in prose what membership in the Trade Ideas list means operationally,2026-08-04,322e2f0dd28b44d23d2ae7db22f59a7fb069490400ac58fd2540e081235a7225
OA-0191,platform,Supported Ticker Symbols,https://docs.optionalpha.com/technical-documentation/platform/supported-ticker-symbols,The supported-symbol list is available for download in CSV format.,Download CSV format here.,DOCUMENTED,link target URL not preserved in markdown fetch,2026-08-04,322e2f0dd28b44d23d2ae7db22f59a7fb069490400ac58fd2540e081235a7225
OA-0192,platform,Supported Ticker Symbols,https://docs.optionalpha.com/technical-documentation/platform/supported-ticker-symbols,Additional symbols may be added to the database in the future based on popularity and liquidity.,Additional symbols may be added to the database at a future date based on popularity and liquidity.,DOCUMENTED,,2026-08-04,322e2f0dd28b44d23d2ae7db22f59a7fb069490400ac58fd2540e081235a7225
OA-0193,platform,Supported Ticker Symbols,https://docs.optionalpha.com/technical-documentation/platform/supported-ticker-symbols,"The page does not state whether symbols are ever removed from the supported list, or what happens to bots with open positions or automations referencing a symbol that is removed.",,DOCS-SILENT,"can a supported symbol be delisted from the platform, and what happens to bots referencing it?",2026-08-04,322e2f0dd28b44d23d2ae7db22f59a7fb069490400ac58fd2540e081235a7225
OA-0194,platform,Supported Ticker Symbols,https://docs.optionalpha.com/technical-documentation/platform/supported-ticker-symbols,"The page does not state which expiration types (daily/0DTE, weekly, monthly) are available per symbol, only that the symbols themselves are supported.",,DOCS-SILENT,which supported symbols carry daily (0DTE) expirations vs weekly/monthly only?,2026-08-04,322e2f0dd28b44d23d2ae7db22f59a7fb069490400ac58fd2540e081235a7225
OA-0195,platform,Supported Ticker Symbols,https://docs.optionalpha.com/technical-documentation/platform/supported-ticker-symbols,"The page references selection criteria for symbol inclusion but documents the criteria elsewhere, not on this page.",Learn more about the selection criteria here.,DOCUMENTED,"link target for ""selection criteria"" not preserved in markdown fetch",2026-08-04,322e2f0dd28b44d23d2ae7db22f59a7fb069490400ac58fd2540e081235a7225
OA-0196,platform,Supported Browsers,https://docs.optionalpha.com/technical-documentation/platform/supported-browsers,The Option Alpha autotrading platform is browser-based and does not require a downloaded desktop client.,"The Option Alpha autotrading platform is browser-based to offer flexibility and accessibility to our users. Instead of requiring a downloaded desktop client, the browser-based platform provides multiple opportunities from both an engineering and user experience perspective.",DOCUMENTED,,2026-08-04,13e5933c5879d7f0cc8f6bbbd897ffe9afca33cbe84eccd492b255affa274a9f
OA-0197,platform,Supported Browsers,https://docs.optionalpha.com/technical-documentation/platform/supported-browsers,"The officially supported browsers list names four browsers: Google Chrome, Microsoft Edge, Apple Safari, and Mozilla Firefox.","Officially supported browsers for the autotrading platform include:

- Google Chrome (Install)
- Microsoft Edge (Install)
- Apple Safari (Install)
- Mozilla Firefox (Install)",DOCUMENTED,,2026-08-04,13e5933c5879d7f0cc8f6bbbd897ffe9afca33cbe84eccd492b255affa274a9f
OA-0198,platform,Supported Browsers,https://docs.optionalpha.com/technical-documentation/platform/supported-browsers,"In general, most Chromium-based browsers running the V8 JavaScript engine are supported by the platform.","In general, most Chromium-based browsers that run the V8 JavaScript engine needed for the platform are supported.",DOCUMENTED,,2026-08-04,13e5933c5879d7f0cc8f6bbbd897ffe9afca33cbe84eccd492b255affa274a9f
OA-0199,platform,Supported Browsers,https://docs.optionalpha.com/technical-documentation/platform/supported-browsers,"The prose states Firefox runs on a different engine and is not officially supported at this time, directly contradicting the officially-supported list on the same page which includes Mozilla Firefox.","Firefox, for example, runs on a different engine and is not officially supported at this time.",DOCUMENTED,"internal contradiction — Firefox appears in the ""Officially supported"" list but the next paragraph says it ""is not officially supported at this time""; which statement governs is unanswered",2026-08-04,13e5933c5879d7f0cc8f6bbbd897ffe9afca33cbe84eccd492b255affa274a9f
OA-0200,platform,Supported Browsers,https://docs.optionalpha.com/technical-documentation/platform/supported-browsers,"Brave Browser is listed only as a browser that ""may also work"" because it is based on Chrome or Safari, not as an officially supported browser.","These browsers are based on Chrome or Safari and may also work:

- Brave Browser (Install)",DOCUMENTED,,2026-08-04,13e5933c5879d7f0cc8f6bbbd897ffe9afca33cbe84eccd492b255affa274a9f
OA-0201,platform,Supported Browsers,https://docs.optionalpha.com/technical-documentation/platform/supported-browsers,The page does not state minimum browser versions or how quickly users must update browsers to remain supported.,,DOCS-SILENT,"are there minimum supported browser versions, and does an outdated browser degrade or block autotrading?",2026-08-04,13e5933c5879d7f0cc8f6bbbd897ffe9afca33cbe84eccd492b255affa274a9f
OA-0202,platform,Supported Browsers,https://docs.optionalpha.com/technical-documentation/platform/supported-browsers,"The page does not state whether the platform (and running bots) depends on the browser remaining open, or whether automations run server-side independent of any browser session.",,DOCS-SILENT,do bots keep running when no supported browser session is open?,2026-08-04,13e5933c5879d7f0cc8f6bbbd897ffe9afca33cbe84eccd492b255affa274a9f
OA-0203,platform,Supported Browsers,https://docs.optionalpha.com/technical-documentation/platform/supported-browsers,The page does not address mobile browsers or mobile OS support.,,DOCS-SILENT,"is the autotrading platform supported on mobile browsers (iOS Safari, Android Chrome)?",2026-08-04,13e5933c5879d7f0cc8f6bbbd897ffe9afca33cbe84eccd492b255affa274a9f
OA-0204,platform,Supported Countries,https://docs.optionalpha.com/technical-documentation/platform/supported-countries,"Option Alpha is available to traders in more than 120 countries, delivered through its brokerage support rather than directly.","Through our brokerage support, Option Alpha is available to traders in 120+ countries around the world.",DOCUMENTED,,2026-08-04,803d92b4741ecd555ef168d23bb5bafcc78edf370690627894ff6a302b10de6e
OA-0205,platform,Supported Countries,https://docs.optionalpha.com/technical-documentation/platform/supported-countries,The list of broker integrations and supported countries is growing and explicitly subject to change.,The list of [broker integrations](https://optionalpha.com/integrations) and supported countries is growing and subject to change.,DOCUMENTED,,2026-08-04,803d92b4741ecd555ef168d23bb5bafcc78edf370690627894ff6a302b10de6e
OA-0206,platform,Supported Countries,https://docs.optionalpha.com/technical-documentation/platform/supported-countries,"Brokerage firms may add or remove supported countries at any time, and the user is responsible for checking with their broker whether their country is supported.","Brokerage firms may change their list of supported countries at any time, either to add or remove countries, so be sure to check with your broker to see if your country is supported.",DOCUMENTED,,2026-08-04,803d92b4741ecd555ef168d23bb5bafcc78edf370690627894ff6a302b10de6e
OA-0207,platform,Supported Countries,https://docs.optionalpha.com/technical-documentation/platform/supported-countries,"TradeStation and Tradier Brokerage share a common supported-country list, which as printed contains 168 entries.",**The following countries are supported by TradeStation and Tradier Brokerage:**,DOCUMENTED,,2026-08-04,803d92b4741ecd555ef168d23bb5bafcc78edf370690627894ff6a302b10de6e
OA-0208,platform,Supported Countries,https://docs.optionalpha.com/technical-documentation/platform/supported-countries,"TradeStation supports an additional list of countries beyond the shared TradeStation/Tradier list (35 entries as printed, including Australia, Hong Kong, Taiwan, Turkey, United Arab Emirates, and the United Kingdom), implying these are not supported by Tradier.","**In addition, TradeStation also supports the following countries:**",DOCUMENTED,,2026-08-04,803d92b4741ecd555ef168d23bb5bafcc78edf370690627894ff6a302b10de6e
OA-0209,platform,Supported Countries,https://docs.optionalpha.com/technical-documentation/platform/supported-countries,tastytrade has its own separate list of supported international countries (53 entries as printed).,**tastytrade supports the following international countries:**,DOCUMENTED,,2026-08-04,803d92b4741ecd555ef168d23bb5bafcc78edf370690627894ff6a302b10de6e
OA-0210,platform,Supported Countries,https://docs.optionalpha.com/technical-documentation/platform/supported-countries,tastytrade supports India for cash accounts only.,* India (cash accounts only),DOCUMENTED,,2026-08-04,803d92b4741ecd555ef168d23bb5bafcc78edf370690627894ff6a302b10de6e
OA-0211,platform,Supported Countries,https://docs.optionalpha.com/technical-documentation/platform/supported-countries,"The stated ""120+"" figure understates the page's own lists, which as printed total 168 (TradeStation/Tradier shared) + 35 (TradeStation additional) = 203 TradeStation entries, plus 53 tastytrade entries.","Through our brokerage support, Option Alpha is available to traders in 120+ countries around the world.",DOCUMENTED,"stated count ""120+"" vs 203 printed TradeStation entries (168+35); not a strict contradiction but a large understatement",2026-08-04,803d92b4741ecd555ef168d23bb5bafcc78edf370690627894ff6a302b10de6e
OA-0212,platform,Supported Countries,https://docs.optionalpha.com/technical-documentation/platform/supported-countries,"The shared TradeStation/Tradier list contains the misspelling ""Hong Kona"" for Hong Kong, while the TradeStation-additional list spells ""Hong Kong"" correctly, so Hong Kong's Tradier status is ambiguous.","* China, Hong Kona Special Administrative Region",DOCUMENTED,is Hong Kong supported by Tradier (via the misspelled shared-list entry) or only by TradeStation (correctly spelled additional-list entry)?,2026-08-04,803d92b4741ecd555ef168d23bb5bafcc78edf370690627894ff6a302b10de6e
OA-0213,platform,Supported Countries,https://docs.optionalpha.com/technical-documentation/platform/supported-countries,"The lists use inconsistent variant names for the same countries across broker lists (e.g. ""Cabo Verde"" in the shared list vs ""Cape Verde"" in the TradeStation list, ""Czechia"" vs ""Czech Republic"", ""Saint Vincent and the Grenadines"" vs ""St. Vincent and the Grenadines""), creating duplicate entries under different names.",* Cape Verde,DOCUMENTED,whether variant-named entries are intentional duplicates or distinct designations is unstated,2026-08-04,803d92b4741ecd555ef168d23bb5bafcc78edf370690627894ff6a302b10de6e
OA-0214,platform,Supported Countries,https://docs.optionalpha.com/technical-documentation/platform/supported-countries,"The page does not state country support for any broker integration other than TradeStation, Tradier Brokerage, and tastytrade (e.g. Charles Schwab is absent).",,DOCS-SILENT,what is the supported-country position for other OA broker integrations not named on this page?,2026-08-04,803d92b4741ecd555ef168d23bb5bafcc78edf370690627894ff6a302b10de6e
OA-0215,platform,Supported Countries,https://docs.optionalpha.com/technical-documentation/platform/supported-countries,The page does not state what happens to an existing Option Alpha account or running bots if a brokerage removes the user's country from its supported list.,,DOCS-SILENT,consequence for live accounts/bots when a broker drops a country mid-stream?,2026-08-04,803d92b4741ecd555ef168d23bb5bafcc78edf370690627894ff6a302b10de6e
OA-0216,platform,Ex Dividend & Earnings Dates,https://docs.optionalpha.com/technical-documentation/platform/ex-dividend-and-earnings-dates,"Option Alpha uses two different data sources for the earnings dates shown in its calendar, specifically for redundancy because dates are often rescheduled.","To ensure redundancy, we employ two different data sources for the earnings dates showing in our calendar.",DOCUMENTED,,2026-08-04,5507f41137f88cc0f44332ddde302896e4e17b73b108259ec29e3dc590a77831
OA-0217,platform,Ex Dividend & Earnings Dates,https://docs.optionalpha.com/technical-documentation/platform/ex-dividend-and-earnings-dates,"Ex-dividend and earnings dates are often rescheduled by the market, per the page's own caveat.","However, ex-dividend and earnings dates are often rescheduled.",DOCUMENTED,,2026-08-04,5507f41137f88cc0f44332ddde302896e4e17b73b108259ec29e3dc590a77831
OA-0218,platform,Ex Dividend & Earnings Dates,https://docs.optionalpha.com/technical-documentation/platform/ex-dividend-and-earnings-dates,"ETF ex-dividend dates are manually added to the platform, sourced from either the provider's distribution schedule or a projected recurring schedule based on historical data — unlike earnings dates, which come from two data feeds.",ETF ex-dividend dates have been manually added to the platform using the providers distribution schedule or the projected recurring schedule based on historical data.,DOCUMENTED,,2026-08-04,5507f41137f88cc0f44332ddde302896e4e17b73b108259ec29e3dc590a77831
OA-0219,platform,Ex Dividend & Earnings Dates,https://docs.optionalpha.com/technical-documentation/platform/ex-dividend-and-earnings-dates,Future ETF ex-dividend dates are estimates and subject to change.,Future dates are an estimation and subject to change.,DOCUMENTED,,2026-08-04,5507f41137f88cc0f44332ddde302896e4e17b73b108259ec29e3dc590a77831
OA-0220,platform,Ex Dividend & Earnings Dates,https://docs.optionalpha.com/technical-documentation/platform/ex-dividend-and-earnings-dates,"Option Alpha relies partly on community participation to keep ex-dividend dates accurate, implying no guarantee of accuracy from the platform alone.",We encourage the community to participate in this process and ensure that the dates are accurate.,DOCUMENTED,,2026-08-04,5507f41137f88cc0f44332ddde302896e4e17b73b108259ec29e3dc590a77831
OA-0221,platform,Ex Dividend & Earnings Dates,https://docs.optionalpha.com/technical-documentation/platform/ex-dividend-and-earnings-dates,"The ETF distribution-schedule reference links on the page are for 2024 schedules, which is stale as of 2026.",Here are links to the 2024 Distribution Schedules for most of the supported ETFs,DOCUMENTED,link target URLs stripped by markdown fetch; whether 2025/2026 schedules were incorporated is unstated,2026-08-04,5507f41137f88cc0f44332ddde302896e4e17b73b108259ec29e3dc590a77831
OA-0222,platform,Ex Dividend & Earnings Dates,https://docs.optionalpha.com/technical-documentation/platform/ex-dividend-and-earnings-dates,"The distribution-schedule coverage spans five providers with 39 ETFs listed in total: BlackRock iShares (13), StateStreet SPDRs (18), VanEck (3), Direxion (2), Proshares (3).","BlackRock iShares (EEM, EFA, EWZ, FXI, HYG, IWM, IYR, LQD, TLT, EWJ, EWY, EWW, IBB)
StateStreet SPDRs (DIA, KRE, SPY, XBI, XHB, XLB, XLE, XLF, XLK, XLP, XLU, XLY, XOP, XRT, XLC, XLI, XLRE, XLV)
VanEck (GDX, OIH, SMH)
Direxion (SPXL, SPXS)
Proshares (TBT, SQQQ, TQQQ)",DOCUMENTED,"page says ""most of the supported ETFs""; 39 scheduled + 7 excluded = 46 of the 58 ETFs on the supported-ticker-symbols page, leaving 12 supported ETFs unaccounted for on this page",2026-08-04,5507f41137f88cc0f44332ddde302896e4e17b73b108259ec29e3dc590a77831
OA-0223,platform,Ex Dividend & Earnings Dates,https://docs.optionalpha.com/technical-documentation/platform/ex-dividend-and-earnings-dates,"Seven tickers — GLD, SLV, UNG, USO, UVXY, VXX, and XSP — are stated to not currently offer a dividend and are excluded from the ex-dividend calendar.","The following ETFs do not currently offer a dividend and are excluded from the calendar:

- GLD
- SLV
- UNG
- USO
- UVXY
- VXX
- XSP",DOCUMENTED,"XSP is classified as an Index (not an ETF) on the supported-ticker-symbols page but appears in this page's ""following ETFs"" exclusion list",2026-08-04,5507f41137f88cc0f44332ddde302896e4e17b73b108259ec29e3dc590a77831
OA-0224,platform,Ex Dividend & Earnings Dates,https://docs.optionalpha.com/technical-documentation/platform/ex-dividend-and-earnings-dates,"The page does not state how bots or automations consume ex-dividend and earnings dates (e.g. whether any decision recipe or safeguard automatically blocks or closes positions around these dates), only that the dates appear in the calendar.",,DOCS-SILENT,"do automations act on ex-div/earnings dates automatically, or is the calendar informational only?",2026-08-04,5507f41137f88cc0f44332ddde302896e4e17b73b108259ec29e3dc590a77831
OA-0225,platform,Ex Dividend & Earnings Dates,https://docs.optionalpha.com/technical-documentation/platform/ex-dividend-and-earnings-dates,The page does not state the data source for individual stock (non-ETF) ex-dividend dates; only ETF ex-dividend sourcing (manual) and earnings sourcing (two feeds) are described.,,DOCS-SILENT,"where do stock ex-dividend dates come from, and are they redundantly sourced like earnings dates?",2026-08-04,5507f41137f88cc0f44332ddde302896e4e17b73b108259ec29e3dc590a77831
OA-0226,platform,Ex Dividend & Earnings Dates,https://docs.optionalpha.com/technical-documentation/platform/ex-dividend-and-earnings-dates,"The page does not state how quickly a rescheduled earnings or ex-dividend date propagates into the calendar, nor any update cadence for the manually added ETF dates.",,DOCS-SILENT,latency/cadence for date updates after a reschedule?,2026-08-04,5507f41137f88cc0f44332ddde302896e4e17b73b108259ec29e3dc590a77831
OA-0227,platform,Options Expiration Protocol,https://docs.optionalpha.com/technical-documentation/platform/options-expiration-protocol,Option Alpha applies different expiration protocols to positions depending on their moneyness.,Option Alpha uses protocols for expiring positions based on their moneyness.,DOCUMENTED,,2026-08-04,d40f18070217b02f14773069f431062a6c35c62503154f45622727605bc44621
OA-0228,platform,Options Expiration Protocol,https://docs.optionalpha.com/technical-documentation/platform/options-expiration-protocol,Option Alpha advises users to ask their broker about the broker's expiration-day position handling guidelines.,You should communicate with your broker about their guidelines for handling positions on expiration day.,DOCUMENTED,,2026-08-04,d40f18070217b02f14773069f431062a6c35c62503154f45622727605bc44621
OA-0229,platform,Options Expiration Protocol,https://docs.optionalpha.com/technical-documentation/platform/options-expiration-protocol,Positions expiring in-the-money are subject to assignment and/or broker intervention depending on contract type and account balance.,Positions expiring in-the-money are subject to assignment and/or broker intervention based on the contract type and your account balance.,DOCUMENTED,,2026-08-04,d40f18070217b02f14773069f431062a6c35c62503154f45622727605bc44621
OA-0230,platform,Options Expiration Protocol,https://docs.optionalpha.com/technical-documentation/platform/options-expiration-protocol,By default the bot calculates estimated P/L for an expiring ITM position from the underlying's closing price at the end of expiration day.,"By default, the bot will calculate the estimated P/L from the underlying's closing price at the end of expiration day.",DOCUMENTED,,2026-08-04,d40f18070217b02f14773069f431062a6c35c62503154f45622727605bc44621
OA-0231,platform,Options Expiration Protocol,https://docs.optionalpha.com/technical-documentation/platform/options-expiration-protocol,Under the default expiration setting the bot does not send an order to close the expiring ITM position.,The bot WILL NOT send an order to close the position.,DOCUMENTED,,2026-08-04,d40f18070217b02f14773069f431062a6c35c62503154f45622727605bc44621
OA-0232,platform,Options Expiration Protocol,https://docs.optionalpha.com/technical-documentation/platform/options-expiration-protocol,Live positions expiring in-the-money are subject to assignment or exercise by the broker.,Live positions expiring in-the-money are subject to assignment/exercise by your broker.,DOCUMENTED,,2026-08-04,d40f18070217b02f14773069f431062a6c35c62503154f45622727605bc44621
OA-0233,platform,Options Expiration Protocol,https://docs.optionalpha.com/technical-documentation/platform/options-expiration-protocol,"Expiring-ITM handling is selected in Settings and offers three options: calculate estimated P/L from underlying close price, close with a market order, or override and manually enter results.","In your Settings, you can select how you want your bots to handle expiring In-the-Money positions at expiration:

- Calculate estimated P/L from underlying close price (Default)
- Close position with a market order
- Override position and manually enter results",DOCUMENTED,,2026-08-04,d40f18070217b02f14773069f431062a6c35c62503154f45622727605bc44621
OA-0234,platform,Options Expiration Protocol,https://docs.optionalpha.com/technical-documentation/platform/options-expiration-protocol,"The default expiring-ITM handling option is ""Calculate estimated P/L from underlying close price"".",- Calculate estimated P/L from underlying close price (Default),DOCUMENTED,,2026-08-04,d40f18070217b02f14773069f431062a6c35c62503154f45622727605bc44621
OA-0235,platform,Options Expiration Protocol,https://docs.optionalpha.com/technical-documentation/platform/options-expiration-protocol,Overridden positions are no longer managed by the bot and the trader alone must manage them and update the ending value.,Positions that have been overridden are no longer managed by the bot. It is the trader's sole responsibility to manage their positions and update the ending value.,DOCUMENTED,,2026-08-04,d40f18070217b02f14773069f431062a6c35c62503154f45622727605bc44621
OA-0236,platform,Options Expiration Protocol,https://docs.optionalpha.com/technical-documentation/platform/options-expiration-protocol,Option Alpha does not close option positions that are out-of-the-money on expiration day.,Option Alpha does not close option positions that are Out-of-the-Money (OTM) on expiration day.,DOCUMENTED,,2026-08-04,d40f18070217b02f14773069f431062a6c35c62503154f45622727605bc44621
OA-0237,platform,Options Expiration Protocol,https://docs.optionalpha.com/technical-documentation/platform/options-expiration-protocol,"Contracts that expire OTM are worthless, producing the full loss on long positions and the full profit on short positions.",Contracts that expire OTM are worthless and you will realize the full loss for long positions or the full profit for short positions.,DOCUMENTED,,2026-08-04,d40f18070217b02f14773069f431062a6c35c62503154f45622727605bc44621
OA-0238,platform,Options Expiration Protocol,https://docs.optionalpha.com/technical-documentation/platform/options-expiration-protocol,Option Alpha performs its last check of a position's moneyness 10 minutes before the market closes.,Option Alpha last checks a position's moneyness 10 minutes before the market closes.,DOCUMENTED,,2026-08-04,d40f18070217b02f14773069f431062a6c35c62503154f45622727605bc44621
OA-0239,platform,Options Expiration Protocol,https://docs.optionalpha.com/technical-documentation/platform/options-expiration-protocol,Options remain eligible for assignment after market hours.,Note that options are eligible for assignment after-hours.,DOCUMENTED,,2026-08-04,d40f18070217b02f14773069f431062a6c35c62503154f45622727605bc44621
OA-0240,platform,Options Expiration Protocol,https://docs.optionalpha.com/technical-documentation/platform/options-expiration-protocol,"For expired positions released due to being ITM, the trader must update the ending value using the Position Editing function so bot performance reflects the actual outcome.",It is the trader's sole responsibility to update the ending value of their position using the Position Editing function and to ensure the bot's performance accurately reflects the outcome of expired positions released due to being In-the-Money.,DOCUMENTED,,2026-08-04,d40f18070217b02f14773069f431062a6c35c62503154f45622727605bc44621
OA-0241,platform,Options Expiration Protocol,https://docs.optionalpha.com/technical-documentation/platform/options-expiration-protocol,"Broker early-closure rules generally depend on whether the account can fund an assignment, the position's moneyness (ITM, OTM, or ATM), and the account type holding the position.","Generally, early closure rules depend on whether the account has the funds to cover an assignment, whether the position is ITM, OTM, or ATM, and the account type where the expiring position is held.",DOCUMENTED,,2026-08-04,d40f18070217b02f14773069f431062a6c35c62503154f45622727605bc44621
OA-0242,platform,Options Expiration Protocol,https://docs.optionalpha.com/technical-documentation/platform/options-expiration-protocol,"To take assignment of an expiring position, the trader must manually override the position to transfer its management away from the bot.","If you want to take assignment of an expiring position, you must manually override the position to transfer management from the bot.",DOCUMENTED,,2026-08-04,d40f18070217b02f14773069f431062a6c35c62503154f45622727605bc44621
OA-0243,platform,Options Expiration Protocol,https://docs.optionalpha.com/technical-documentation/platform/options-expiration-protocol,"With the 'Override position and manually enter results' setting selected, the bot automatically overrides the expiring position at 3:50 pm EST.","If you select 'Override position and manually enter results' in your Settings, the bot will automatically override the position at 3:50 pm EST.",DOCUMENTED,,2026-08-04,d40f18070217b02f14773069f431062a6c35c62503154f45622727605bc44621
OA-0244,platform,Options Expiration Protocol,https://docs.optionalpha.com/technical-documentation/platform/options-expiration-protocol,Overridden positions are listed under the bot's 'Closed Positions.',You can see positions you override under the bot's 'Closed Positions.',DOCUMENTED,,2026-08-04,d40f18070217b02f14773069f431062a6c35c62503154f45622727605bc44621
OA-0245,platform,Options Expiration Protocol,https://docs.optionalpha.com/technical-documentation/platform/options-expiration-protocol,Bots do not support options assignment.,Bots do not support options assignment.,DOCUMENTED,,2026-08-04,d40f18070217b02f14773069f431062a6c35c62503154f45622727605bc44621
OA-0246,platform,Options Expiration Protocol,https://docs.optionalpha.com/technical-documentation/platform/options-expiration-protocol,Bots are unaware when an assignment occurs in the user's brokerage account.,Bots are unaware when an assignment occurs in your brokerage account.,DOCUMENTED,,2026-08-04,d40f18070217b02f14773069f431062a6c35c62503154f45622727605bc44621
OA-0247,platform,Options Expiration Protocol,https://docs.optionalpha.com/technical-documentation/platform/options-expiration-protocol,The autotrading platform tracks and manages positions independently of the broker.,The autotrading platform tracks and manages positions independent of the broker.,DOCUMENTED,,2026-08-04,d40f18070217b02f14773069f431062a6c35c62503154f45622727605bc44621
OA-0248,platform,Options Expiration Protocol,https://docs.optionalpha.com/technical-documentation/platform/options-expiration-protocol,"Assigned shares and any remaining option legs must be managed through the broker platform, not the bot.",You must use the broker platform to manage assigned shares and any remaining option legs.,DOCUMENTED,,2026-08-04,d40f18070217b02f14773069f431062a6c35c62503154f45622727605bc44621
OA-0249,platform,Options Expiration Protocol,https://docs.optionalpha.com/technical-documentation/platform/options-expiration-protocol,The autotrading platform submits buy-to-close or sell-to-close orders and relies on the broker to reconcile whether the order is valid.,The autotrading platform submits a buy-to-close (BTC) or sell-to-close (STC) order and lets the broker perform reconciliation if the order is valid.,DOCUMENTED,,2026-08-04,d40f18070217b02f14773069f431062a6c35c62503154f45622727605bc44621
OA-0250,platform,Options Expiration Protocol,https://docs.optionalpha.com/technical-documentation/platform/options-expiration-protocol,BTC or STC orders against a nonexistent position do not automatically reverse into a long or short position; they generate an error message instead.,"Buy-to-close (BTC) or sell-to-close (STC) orders do not automatically reverse if the position does not exist (go long or short instead). Instead, the orders will generate an error message.",DOCUMENTED,,2026-08-04,d40f18070217b02f14773069f431062a6c35c62503154f45622727605bc44621
OA-0251,platform,Options Expiration Protocol,https://docs.optionalpha.com/technical-documentation/platform/options-expiration-protocol,"If the platform tries to close a position that has been assigned, the bot receives an error message on the closing order and takes no further action.","If the autotrading platform attempts to close a position that has been assigned, the bot will receive an error message for the closing order, and no action will be taken.",DOCUMENTED,,2026-08-04,d40f18070217b02f14773069f431062a6c35c62503154f45622727605bc44621
OA-0252,platform,Options Expiration Protocol,https://docs.optionalpha.com/technical-documentation/platform/options-expiration-protocol,The page does not state what price source is used to determine moneyness in the final check 10 minutes before the close.,,DOCS-SILENT,"Which price (last, mark, bid/ask mid) determines moneyness at the final 10-minutes-before-close check?",2026-08-04,d40f18070217b02f14773069f431062a6c35c62503154f45622727605bc44621
OA-0253,platform,Options Expiration Protocol,https://docs.optionalpha.com/technical-documentation/platform/options-expiration-protocol,"The page does not state when the market order is submitted for the ""Close position with a market order"" setting.",,DOCS-SILENT,"At what time is the market-order close submitted, and what happens if it does not fill?",2026-08-04,d40f18070217b02f14773069f431062a6c35c62503154f45622727605bc44621
OA-0254,platform,Options Expiration Protocol,https://docs.optionalpha.com/technical-documentation/platform/options-expiration-protocol,The page defines protocols for ITM and OTM expirations but does not state how Option Alpha itself treats a position that is exactly at-the-money at expiration.,,DOCS-SILENT,Which protocol (ITM or OTM) applies to a position that is exactly ATM at the final check?,2026-08-04,d40f18070217b02f14773069f431062a6c35c62503154f45622727605bc44621
OA-0255,platform,Options Expiration Protocol,https://docs.optionalpha.com/technical-documentation/platform/options-expiration-protocol,The page does not state whether the default estimated-P/L record is later reconciled against actual assignment or exercise results in the brokerage account.,,DOCS-SILENT,Is the estimated P/L from the underlying close ever corrected automatically once the broker's assignment/exercise outcome is known?,2026-08-04,d40f18070217b02f14773069f431062a6c35c62503154f45622727605bc44621
OA-0256,platform,Autotrading Best Practices,https://docs.optionalpha.com/technical-documentation/platform/autotrading-best-practices,Option Alpha recommends paper trading for a minimum of 30-60 days before risking live capital.,We suggest paper trading for a minimum of 30-60 days before risking any live capital.,DOCUMENTED,,2026-08-04,18d559975e75582ac5bb38a5646209f2daa23030f19f0153c86d2bd6634bf1cf
OA-0257,platform,Autotrading Best Practices,https://docs.optionalpha.com/technical-documentation/platform/autotrading-best-practices,"The recommended build process is to design the full trading strategy end-to-end, map every decision point, and only then translate it into automation if/then logic — the entire process must be pre-planned because, unlike manual trading, autotrading cannot be changed dynamically mid-trade.","Traditionally, traders could make changes dynamically; but with autotrading, the entire process must be planned from entry to exit. Automation involves creating a structured plan for the bot, essentially turning your trade strategy into decision-based instructions.",DOCUMENTED,,2026-08-04,18d559975e75582ac5bb38a5646209f2daa23030f19f0153c86d2bd6634bf1cf
OA-0258,platform,Autotrading Best Practices,https://docs.optionalpha.com/technical-documentation/platform/autotrading-best-practices,"Paper trading uses favorable fill prices from a simulation engine that can differ from live market executions, so live fills are not guaranteed to match paper results.",It's important to recognize that live fills are not guaranteed and that the symbols and strategy you choose to trade can affect the difference in results between live and paper trading. The favorable fill prices provided by paper trading engines may differ from live market executions.,DOCUMENTED,,2026-08-04,18d559975e75582ac5bb38a5646209f2daa23030f19f0153c86d2bd6634bf1cf
OA-0259,platform,Autotrading Best Practices,https://docs.optionalpha.com/technical-documentation/platform/autotrading-best-practices,"To validate a strategy meaningfully, capital allocation and position size used in paper trading should be calibrated to match the exact live-trading configuration a trader plans to use.","If you are starting out with $10K of capital and will begin trading with one contract, then you should calibrate your paper bots to use the same allocation and position size. This ensures that your expectations and behavior will not vary drastically when shifting to live trading.",DOCUMENTED,,2026-08-04,18d559975e75582ac5bb38a5646209f2daa23030f19f0153c86d2bd6634bf1cf
OA-0260,platform,Autotrading Best Practices,https://docs.optionalpha.com/technical-documentation/platform/autotrading-best-practices,Traders are advised to use the Entry and Position criteria and the PDT (Pattern Day Trading) check inside Exit Options specifically to mitigate broker rejection errors.,Always utilize the Entry and Position criteria and the Pattern Day Trading (PDT) check inside Exit Options to mitigate some common errors and issues.,DOCUMENTED,,2026-08-04,18d559975e75582ac5bb38a5646209f2daa23030f19f0153c86d2bd6634bf1cf
OA-0261,platform,Autotrading Best Practices,https://docs.optionalpha.com/technical-documentation/platform/autotrading-best-practices,"Bots do not know if an option is assigned; in-the-money options have a higher assignment probability on or near expiration day, and assignment is described as random and unpredictable.","For example, bots do not know if an option is assigned. We suggest you have a detailed understanding of the option expiration protocol and adjust your account's position management settings accordingly.

Typically, in-the-money options have a higher chance on or near expiration day. Expiring trades, specifically short-term and 0DTE positions, should be managed accordingly. Option Alpha's Exit Options have safeguards for exiting position's on expiration day to manage assignment risk. Remember, assignment is random and unpredictable.",DOCUMENTED,,2026-08-04,18d559975e75582ac5bb38a5646209f2daa23030f19f0153c86d2bd6634bf1cf
OA-0262,platform,Autotrading Best Practices,https://docs.optionalpha.com/technical-documentation/platform/autotrading-best-practices,"Some brokers may automatically close positions before end of trading day, and out-of-the-money options can still be exercised after-hours.",Some brokers may choose to automatically close positions prior to the end of the trading day. Also note that out-of-the-money options can still be exercised after-hours.,DOCUMENTED,,2026-08-04,18d559975e75582ac5bb38a5646209f2daa23030f19f0153c86d2bd6634bf1cf
OA-0263,platform,Autotrading Best Practices,https://docs.optionalpha.com/technical-documentation/platform/autotrading-best-practices,"A bid/ask guard can be used to automatically disable Exit Options and stop recording a position's high/low when the bid/ask spread exceeds an acceptable threshold, until pricing becomes more rational; while active, Exit Options will not send an order.","You can use a bid/ask guard to automatically disable Exit Options and ignore position returns until pricing becomes more rational. If the bid/ask spread is larger than your acceptable price, Exit Options won’t send an order. It also won’t record the position’s high or low.",DOCUMENTED,,2026-08-04,18d559975e75582ac5bb38a5646209f2daa23030f19f0153c86d2bd6634bf1cf
OA-0264,platform,Autotrading Best Practices,https://docs.optionalpha.com/technical-documentation/platform/autotrading-best-practices,"The ""Don'ts"" list explicitly advises against blindly cloning community bots and running them live without paper trading and understanding all of their components first, regardless of the author's reputation or shown results.","However, we suggest you always paper trade and understand all of the bot's components before risking your own capital; regardless of the author or shared results.",DOCUMENTED,,2026-08-04,18d559975e75582ac5bb38a5646209f2daa23030f19f0153c86d2bd6634bf1cf
OA-0265,platform,Autotrading Best Practices,https://docs.optionalpha.com/technical-documentation/platform/autotrading-best-practices,Stacking multiple Open Position actions one after another in the same automation path is discouraged because neither order's fill is guaranteed; an event trigger should instead be used to sequence secondary entries in orderly fashion.,"Running multiple open position actions, one after another, can lead to undesirable outcomes. Because there are no guarantees either order will be filled, it's important to utilize an event trigger when scheduling automations for your secondary entries and ensure that positions are opening in a more orderly sequence.",DOCUMENTED,,2026-08-04,18d559975e75582ac5bb38a5646209f2daa23030f19f0153c86d2bd6634bf1cf
OA-0266,platform,Autotrading Best Practices,https://docs.optionalpha.com/technical-documentation/platform/autotrading-best-practices,"Combining Open and Close position actions in the same automation path is discouraged because, once an order is sent, the position is temporarily detached from bot state, and mixing Open/Close in one path can generate errors from a ""Position unknown to the bot"" condition.","‍ Similar to stacking multiple open actions, you should avoid combining Open and Closing actions in the same automation path. When an order is sent to the broker for execution, the bot state changes, and the order is essentially detached temporarily from the bot until the order is returned with updated details. When combining Open and Closing actions, you will run into situations where the ‘Position’ is unknown to the bot and an error will be generated.‍",DOCUMENTED,,2026-08-04,18d559975e75582ac5bb38a5646209f2daa23030f19f0153c86d2bd6634bf1cf
OA-0267,platform,Autotrading Best Practices,https://docs.optionalpha.com/technical-documentation/platform/autotrading-best-practices,"Creating duplicate 'Symbol' or 'Position' inputs is discouraged; if the automation starts with a Loop, downstream decisions referencing a symbol or position should link automatically to that loop (shown with an infinity icon rather than a chain link).","Instead, use the default symbol or position inputs supplied by the Loop. If you start the automation with a Loop, all subsequent decisions that require referencing a symbol or position will be linked automatically to that Loop and will display the infinity icon vs. the chain link.",DOCUMENTED,,2026-08-04,18d559975e75582ac5bb38a5646209f2daa23030f19f0153c86d2bd6634bf1cf
OA-0268,platform,Autotrading Best Practices,https://docs.optionalpha.com/technical-documentation/platform/autotrading-best-practices,"Using more than one Loop in a single automation is discouraged — best practice is one symbol loop per scanner automation, or one position loop per monitor automation — because additional loops elsewhere in the automation can mix up inputs and generate errors.",It's best to start each automation with a symbol Loop in scanner automations or position loops in monitor automations. Adding additional loops at different sections of the automation can lead to mixed-up inputs and generate errors.,DOCUMENTED,,2026-08-04,18d559975e75582ac5bb38a5646209f2daa23030f19f0153c86d2bd6634bf1cf
OA-0269,platform,Autotrading Best Practices,https://docs.optionalpha.com/technical-documentation/platform/autotrading-best-practices,"Running multiple bots that trade the exact same strategy live is discouraged, because a broker can perceive simultaneous entries/exits in the same positions across bot instances as manipulative behavior and flag the account; a single instance per bot is recommended unless the bots differ in trade details.",Running multiple instances of the exact same bot when trading live can potentially create issues with your broker. The broker often perceives entry and exits in the same positions are manipulative behavior and will flag your account accordingly. Stick to a single instance for each bot unless there are differences in their trade details.,DOCUMENTED,,2026-08-04,18d559975e75582ac5bb38a5646209f2daa23030f19f0153c86d2bd6634bf1cf
OA-0270,platform,Autotrading Best Practices,https://docs.optionalpha.com/technical-documentation/platform/autotrading-best-practices,"Bots are not aware of early assignment, so the Option Alpha account will not reflect any position change that occurred outside the platform (i.e. via the broker directly); traders are advised to continue monitoring their brokerage account regularly.","We strongly recommend that you continue to check your broker account, positions, and order activity on a regular basis. Bots are not aware of early assignment, so your Option Alpha autotrading account will not reflect any change to positions that did not occur within the platform.",DOCUMENTED,,2026-08-04,18d559975e75582ac5bb38a5646209f2daa23030f19f0153c86d2bd6634bf1cf
OA-0271,platform,Autotrading Best Practices,https://docs.optionalpha.com/technical-documentation/platform/autotrading-best-practices,"The page does not define a specific method or metric for determining when paper-trading results are ""good enough"" to graduate to live trading beyond the general 30-60 day minimum.",,DOCS-SILENT,"Beyond the 30-60 day minimum duration, what sample size or performance threshold (if any) does Option Alpha recommend before moving a paper bot to live capital?",2026-08-04,18d559975e75582ac5bb38a5646209f2daa23030f19f0153c86d2bd6634bf1cf
OA-0272,troubleshooting,Troubleshooting,https://docs.optionalpha.com/technical-documentation/troubleshooting,Testing automations lets you check all logic and decision criteria before relying on a bot's behavior.,Testing automations enables you to check all the logic and decision criteria to be confident your bots will perform how you anticipate.,DOCUMENTED,,2026-08-04,36a4c138aa2bc83b0456609671328fe54f66decca9734b617412c7a6b158eb7e
OA-0273,troubleshooting,Troubleshooting,https://docs.optionalpha.com/technical-documentation/troubleshooting,Broker rejection messages are error messages encountered when submitting orders through the autotrading platform.,Overview of common error messages you may encounter when submitting orders through the autotrading platform.,DOCUMENTED,,2026-08-04,36a4c138aa2bc83b0456609671328fe54f66decca9734b617412c7a6b158eb7e
OA-0274,troubleshooting,Troubleshooting,https://docs.optionalpha.com/technical-documentation/troubleshooting,"The ""not enough available capital"" warning fires when a bot lacks sufficient capital to enter a new position (the index page misspells it ""avialable"").",The “not enough avialable capital” warning occurs when there isn't sufficient capital for a bot to enter a new position.,DOCUMENTED,,2026-08-04,36a4c138aa2bc83b0456609671328fe54f66decca9734b617412c7a6b158eb7e
OA-0275,troubleshooting,Troubleshooting,https://docs.optionalpha.com/technical-documentation/troubleshooting,"Position limit warnings fire when the maximum allowable positions is reached at either of two scopes, per bot or per trading day.",Position limit warnings occur when you reach the maximum allowable positions for a bot or the trading day.,DOCUMENTED,,2026-08-04,36a4c138aa2bc83b0456609671328fe54f66decca9734b617412c7a6b158eb7e
OA-0276,troubleshooting,Troubleshooting,https://docs.optionalpha.com/technical-documentation/troubleshooting,Trade enforcement rules differ by strategy.,Learn how to navigate the trade enforcement rules for different strategies.,DOCUMENTED,,2026-08-04,36a4c138aa2bc83b0456609671328fe54f66decca9734b617412c7a6b158eb7e
OA-0277,troubleshooting,Troubleshooting,https://docs.optionalpha.com/technical-documentation/troubleshooting,"The ""pricing anomaly"" warning fires when a trade opportunity's pricing is outside the expected range.",The “pricing anomaly” warning occurs when a trade opportunity experiences pricing that is outside of what is expected.,DOCUMENTED,,2026-08-04,36a4c138aa2bc83b0456609671328fe54f66decca9734b617412c7a6b158eb7e
OA-0278,troubleshooting,Troubleshooting,https://docs.optionalpha.com/technical-documentation/troubleshooting,"The ""missing input"" or ""invalid value"" error fires when a required input field is not assigned inside an automation.",The “missing input” or “invalid value” error occurs when a required input field is not assigned inside the automation.,DOCUMENTED,,2026-08-04,36a4c138aa2bc83b0456609671328fe54f66decca9734b617412c7a6b158eb7e
OA-0279,troubleshooting,Troubleshooting,https://docs.optionalpha.com/technical-documentation/troubleshooting,"The ""daily symbol limit"" error fires when a bot attempts to reference more than 10 symbols in a single trading day.",The “daily symbol limit” error occurs when a bot attempts to reference more than 10 symbols in a single trading day.,DOCUMENTED,,2026-08-04,36a4c138aa2bc83b0456609671328fe54f66decca9734b617412c7a6b158eb7e
OA-0280,troubleshooting,Troubleshooting,https://docs.optionalpha.com/technical-documentation/troubleshooting,"The ""excessive errors"" failsafe triggers when a bot encounters ten errors in one day.",The “excessive errors” failsafe occurs when a bot encounters ten errors in one day and automatically turns off automations.,DOCUMENTED,,2026-08-04,36a4c138aa2bc83b0456609671328fe54f66decca9734b617412c7a6b158eb7e
OA-0281,troubleshooting,Troubleshooting,https://docs.optionalpha.com/technical-documentation/troubleshooting,"When the excessive errors failsafe triggers, the platform automatically turns off automations.",The “excessive errors” failsafe occurs when a bot encounters ten errors in one day and automatically turns off automations.,DOCUMENTED,,2026-08-04,36a4c138aa2bc83b0456609671328fe54f66decca9734b617412c7a6b158eb7e
OA-0282,troubleshooting,Troubleshooting,https://docs.optionalpha.com/technical-documentation/troubleshooting,Bot event loop errors may occur in positions triggered by an open position or close position event.,Bot event loop errors may occur in positions that are triggered by an open position or close position event.,DOCUMENTED,,2026-08-04,36a4c138aa2bc83b0456609671328fe54f66decca9734b617412c7a6b158eb7e
OA-0283,troubleshooting,Troubleshooting,https://docs.optionalpha.com/technical-documentation/troubleshooting,Bots raise an error or warning when a specific option leg or expiration is not available for a position.,"Bots notify you with an error or warning if a specific option leg or expiration are not available for your position. Here's why you receive these alerts, and how to avoid them.",DOCUMENTED,,2026-08-04,36a4c138aa2bc83b0456609671328fe54f66decca9734b617412c7a6b158eb7e
OA-0284,troubleshooting,Troubleshooting,https://docs.optionalpha.com/technical-documentation/troubleshooting,"The index does not say whether the excessive-errors auto-shutoff disables the whole bot or only its automations, nor how or when automations are re-enabled afterward.",,DOCS-SILENT,"Does the excessive-errors failsafe disable the entire bot or only automations, and what is the re-enable procedure?",2026-08-04,36a4c138aa2bc83b0456609671328fe54f66decca9734b617412c7a6b158eb7e
OA-0285,troubleshooting,Testing Automations,https://docs.optionalpha.com/technical-documentation/troubleshooting/testing-automations,Option Alpha recommends running bots in a paper trading account before using live capital.,There are multiple ways to test your bots. We recommend running bots in a paper trading account before using live capital.,DOCUMENTED,,2026-08-04,902b6c270a30c57a8553bb7c989ba710df1b0b15a08a68bd48e412626e17cc09
OA-0286,troubleshooting,Testing Automations,https://docs.optionalpha.com/technical-documentation/troubleshooting/testing-automations,"Option Alpha says it is important to test in multiple environments, capital structures, and trading limits.","It is important to test in multiple environments, capital structures, and trading limits.",DOCUMENTED,,2026-08-04,902b6c270a30c57a8553bb7c989ba710df1b0b15a08a68bd48e412626e17cc09
OA-0287,troubleshooting,Testing Automations,https://docs.optionalpha.com/technical-documentation/troubleshooting/testing-automations,"Any automation type can be tested individually by clicking the ""Run Test"" button.",You can always test any automation type individually by clicking the “**Run Test**” button.,DOCUMENTED,,2026-08-04,902b6c270a30c57a8553bb7c989ba710df1b0b15a08a68bd48e412626e17cc09
OA-0288,troubleshooting,Testing Automations,https://docs.optionalpha.com/technical-documentation/troubleshooting/testing-automations,The test feature verifies the automation's logic and identifies where issues may occur.,The test feature allows you to verify the automation’s logic will function the way you expect it to and identify where any issues may occur.,DOCUMENTED,,2026-08-04,902b6c270a30c57a8553bb7c989ba710df1b0b15a08a68bd48e412626e17cc09
OA-0289,troubleshooting,Testing Automations,https://docs.optionalpha.com/technical-documentation/troubleshooting/testing-automations,A test can be run in any bot of your choosing and can be given custom inputs.,You can choose any bot to run the test in and even assign custom inputs.,DOCUMENTED,,2026-08-04,902b6c270a30c57a8553bb7c989ba710df1b0b15a08a68bd48e412626e17cc09
OA-0290,troubleshooting,Testing Automations,https://docs.optionalpha.com/technical-documentation/troubleshooting/testing-automations,Running the same test in different bots shows results under those bots' capital allocations and position limits.,Testing an automation in different bots lets you view the results for additional capital allocations and position limits.,DOCUMENTED,,2026-08-04,902b6c270a30c57a8553bb7c989ba710df1b0b15a08a68bd48e412626e17cc09
OA-0291,troubleshooting,Testing Automations,https://docs.optionalpha.com/technical-documentation/troubleshooting/testing-automations,"Automation tests evaluate decision recipes against live market data, not simulated or delayed data.","When testing an automation, live market data is used when evaluating decision recipes.",DOCUMENTED,,2026-08-04,902b6c270a30c57a8553bb7c989ba710df1b0b15a08a68bd48e412626e17cc09
OA-0292,troubleshooting,Testing Automations,https://docs.optionalpha.com/technical-documentation/troubleshooting/testing-automations,Test results are viewable immediately in the Automation Log.,You can view all information immediately in the Automation Log.,DOCUMENTED,,2026-08-04,902b6c270a30c57a8553bb7c989ba710df1b0b15a08a68bd48e412626e17cc09
OA-0293,troubleshooting,Testing Automations,https://docs.optionalpha.com/technical-documentation/troubleshooting/testing-automations,A test run never opens positions.,"Remember, this is only running a test inside the bot. Positions will not be opened, and no actions will be visible in the Bot Log.",DOCUMENTED,,2026-08-04,902b6c270a30c57a8553bb7c989ba710df1b0b15a08a68bd48e412626e17cc09
OA-0294,troubleshooting,Testing Automations,https://docs.optionalpha.com/technical-documentation/troubleshooting/testing-automations,A test run produces no actions visible in the Bot Log.,"Positions will not be opened, and no actions will be visible in the Bot Log.",DOCUMENTED,,2026-08-04,902b6c270a30c57a8553bb7c989ba710df1b0b15a08a68bd48e412626e17cc09
OA-0295,troubleshooting,Testing Automations,https://docs.optionalpha.com/technical-documentation/troubleshooting/testing-automations,"Changing a variable such as a technical indicator can flip whether a position would be opened or closed at the end of the automation, and testing surfaces this.","Testing your bots is also a proactive way to review how different variables affect the bot. For example, changing a technical indicator may determine whether or not a position will be opened or closed at the end of the automation.",DOCUMENTED,,2026-08-04,902b6c270a30c57a8553bb7c989ba710df1b0b15a08a68bd48e412626e17cc09
OA-0296,troubleshooting,Testing Automations,https://docs.optionalpha.com/technical-documentation/troubleshooting/testing-automations,The page does not say whether test runs count toward platform counters such as the daily symbol limit or the excessive-errors failsafe.,,DOCS-SILENT,Do test runs count toward the daily symbol limit or the excessive-errors failsafe?,2026-08-04,902b6c270a30c57a8553bb7c989ba710df1b0b15a08a68bd48e412626e17cc09
OA-0297,troubleshooting,Testing Automations,https://docs.optionalpha.com/technical-documentation/troubleshooting/testing-automations,"The page states positions are not opened and nothing appears in the Bot Log, but does not say whether non-position actions (tags, notifications, webhooks) execute during a test.",,DOCS-SILENT,"Do side-effect actions like tagging, notifications, or webhooks execute during a test run?",2026-08-04,902b6c270a30c57a8553bb7c989ba710df1b0b15a08a68bd48e412626e17cc09
OA-0298,troubleshooting,Broker Rejection Errors,https://docs.optionalpha.com/technical-documentation/troubleshooting/broker-rejection-errors,"Broker rejection error messages are generated by each broker's own API, not by Option Alpha or the autotrading platform, and message wording varies by broker and by trade direction.","It is important to note that these error messages are returned from the broker and are not generated by Option Alpha or the autotrading platform. Each broker has their own unique error language, that will vary slightly depending on the direction of the rejected trade.",DOCUMENTED,,2026-08-04,70fc004cc845b0b3578f7d85af96986d00a350f189b89db0296dba7727c12161
OA-0299,troubleshooting,Broker Rejection Errors,https://docs.optionalpha.com/technical-documentation/troubleshooting/broker-rejection-errors,"If a new position order would offset the legs of an existing position (""stepping on"" the existing legs), the broker generates a rejection error — regardless of whether the overlap occurs within a single bot or across two separate bots, since the broker does not distinguish order origin within the same brokerage account.","If a new position order offsets the legs of an existing position, the broker will generate an error to prevent ""stepping on"" the existing legs. This error will display regardless of whether overlapping strikes occur within a single bot or two separate bots, and the broker does not differentiate between order origination within the same brokerage account.",DOCUMENTED,,2026-08-04,70fc004cc845b0b3578f7d85af96986d00a350f189b89db0296dba7727c12161
OA-0300,troubleshooting,Broker Rejection Errors,https://docs.optionalpha.com/technical-documentation/troubleshooting/broker-rejection-errors,"For a stepping-on-strikes rejection, Tastytrade responds with ""You cannot sell to open against a long position.""","**Tastytrade** responds: ""Order rejected by tastytrade: You cannot sell to open against a long position.""",DOCUMENTED,,2026-08-04,70fc004cc845b0b3578f7d85af96986d00a350f189b89db0296dba7727c12161
OA-0301,troubleshooting,Broker Rejection Errors,https://docs.optionalpha.com/technical-documentation/troubleshooting/broker-rejection-errors,"For a stepping-on-strikes rejection, TradeStation responds with error code EC804 (""Boxed positions are not permitted..."").","**TradeStation** responds: ""Order rejected by TradeStation: EC804: Boxed positions are not permitted. To close long position, try a ""Sell"" order""",DOCUMENTED,,2026-08-04,70fc004cc845b0b3578f7d85af96986d00a350f189b89db0296dba7727c12161
OA-0302,troubleshooting,Broker Rejection Errors,https://docs.optionalpha.com/technical-documentation/troubleshooting/broker-rejection-errors,"For a stepping-on-strikes rejection, Tradier responds with ""Backoffice rejected override of the order. Unexpected SellShortOrder"".","**Tradier** responds: ""Order rejected by Tradier: Backoffice rejected override of the order. Unexpected SellShortOrder""",DOCUMENTED,,2026-08-04,70fc004cc845b0b3578f7d85af96986d00a350f189b89db0296dba7727c12161
OA-0303,troubleshooting,Broker Rejection Errors,https://docs.optionalpha.com/technical-documentation/troubleshooting/broker-rejection-errors,A duplicate-order rejection occurs when a resting limit order was created manually via the brokerage platform and a bot then attempts its own closing action on the same position.,"In situations where you have a resting limit order that was created through your brokerage platform and a bot attempts to perform a closing action of its own for the same position, the broker will reject the order.",DOCUMENTED,,2026-08-04,70fc004cc845b0b3578f7d85af96986d00a350f189b89db0296dba7727c12161
OA-0304,troubleshooting,Broker Rejection Errors,https://docs.optionalpha.com/technical-documentation/troubleshooting/broker-rejection-errors,"For a duplicate-order rejection, Tastytrade responds ""You already have a closing order for [symbol] which must be canceled before this order can be routed"".","**Tastytrade** responds: ""Order rejected by tastytrade: You already have a closing order for \[symbol] which must be canceled before this order can be routed""",DOCUMENTED,,2026-08-04,70fc004cc845b0b3578f7d85af96986d00a350f189b89db0296dba7727c12161
OA-0305,troubleshooting,Broker Rejection Errors,https://docs.optionalpha.com/technical-documentation/troubleshooting/broker-rejection-errors,"For a duplicate-order rejection, TradeStation responds with error code EC703 (""You are long 1.00 shares with 1.00 remaining on sell orders!"").","**TradeStation** responds: ""Order rejected by TradeStation: EC703: You are long 1.00 shares with 1.00 remaining on sell orders!""",DOCUMENTED,,2026-08-04,70fc004cc845b0b3578f7d85af96986d00a350f189b89db0296dba7727c12161
OA-0306,troubleshooting,Broker Rejection Errors,https://docs.optionalpha.com/technical-documentation/troubleshooting/broker-rejection-errors,"For a duplicate-order rejection, Tradier responds ""Backoffice rejected override of the order. ShortPositionCrossZero"".","**Tradier** responds: ""Order rejected by Tradier: Backoffice rejected override of the order. ShortPositionCrossZero""",DOCUMENTED,,2026-08-04,70fc004cc845b0b3578f7d85af96986d00a350f189b89db0296dba7727c12161
OA-0307,troubleshooting,Broker Rejection Errors,https://docs.optionalpha.com/technical-documentation/troubleshooting/broker-rejection-errors,"PDT (Pattern Day Trader) restrictions, imposed by the brokerage, block accounts with less than $25,000 from day trading; if an order violates PDT rules, the broker responds with its own error and imposes the restriction starting the following day.","Pattern Day Trader restrictions are imposed by the brokerage and prevents people with less than $25,000 in their investment accounts from engaging in day trading. If an order violates the PDT rules each broker will respond with their own error and impose the restriction the following day.",DOCUMENTED,,2026-08-04,70fc004cc845b0b3578f7d85af96986d00a350f189b89db0296dba7727c12161
OA-0308,troubleshooting,Broker Rejection Errors,https://docs.optionalpha.com/technical-documentation/troubleshooting/broker-rejection-errors,"For a PDT violation, Tastytrade responds ""Account is set to closing only and this order has an opening leg.""","**Tastytrade** responds: ""Order rejected by tastytrade: Account is set to closing only and this order has an opening leg.""",DOCUMENTED,,2026-08-04,70fc004cc845b0b3578f7d85af96986d00a350f189b89db0296dba7727c12161
OA-0309,troubleshooting,Broker Rejection Errors,https://docs.optionalpha.com/technical-documentation/troubleshooting/broker-rejection-errors,"For a PDT violation, TradeStation responds with error code EC501 (""Day trading margin rules, too many opening trades, please call Trade Desk"").","**TradeStation** responds: ""Order rejected by TradeStation: EC501: Day trading margin rules, too many opening trades, please call Trade Desk""",DOCUMENTED,,2026-08-04,70fc004cc845b0b3578f7d85af96986d00a350f189b89db0296dba7727c12161
OA-0310,troubleshooting,Broker Rejection Errors,https://docs.optionalpha.com/technical-documentation/troubleshooting/broker-rejection-errors,"For a PDT violation, Tradier responds ""Backoffice rejected override of the order. DayTraderPatternRestriction"".","**Tradier** responds: ""Order rejected by Tradier: Backoffice rejected override of the order. DayTraderPatternRestriction""",DOCUMENTED,,2026-08-04,70fc004cc845b0b3578f7d85af96986d00a350f189b89db0296dba7727c12161
OA-0311,troubleshooting,Broker Rejection Errors,https://docs.optionalpha.com/technical-documentation/troubleshooting/broker-rejection-errors,"The page names three common categories of broker rejection error: stepping-on-strikes, duplicate orders, and PDT violations, but states the page covers ""the most common"" error messages, implying the list is not exhaustive.",This page will outline the most common error messages you might encounter when submitting orders on the autotrading platform through your brokers API.,DOCUMENTED,,2026-08-04,70fc004cc845b0b3578f7d85af96986d00a350f189b89db0296dba7727c12161
OA-0312,troubleshooting,Broker Rejection Errors,https://docs.optionalpha.com/technical-documentation/troubleshooting/broker-rejection-errors,"The page does not enumerate any Schwab/TD Ameritrade or Interactive Brokers-specific rejection error text, covering only Tastytrade, TradeStation, and Tradier by name.",,DOCS-SILENT,"What do rejection errors look like for brokers other than Tastytrade, TradeStation, and Tradier (e.g. Schwab, IBKR) that Option Alpha supports?",2026-08-04,70fc004cc845b0b3578f7d85af96986d00a350f189b89db0296dba7727c12161
OA-0313,troubleshooting,Capital Warnings,https://docs.optionalpha.com/technical-documentation/troubleshooting/capital-warnings,"The ""Not Enough Available Capital"" warning occurs when a trade is attempted and the bot lacks sufficient available funds to cover the position.",The “Not Enough Available Capital” warning occurs when a trade is attempted and the bot does not have sufficient funds available to cover the position.,DOCUMENTED,,2026-08-04,fbf0bfb796ea6d713fffce2d6423b74fe0a5dc01b31781ef1b49720758751b1a
OA-0314,troubleshooting,Capital Warnings,https://docs.optionalpha.com/technical-documentation/troubleshooting/capital-warnings,"A bot can have enough total capital allocated for a single trade in principle, yet still trigger the capital warning because some of that allocated capital is already committed to other currently open trades.","Although there may be enough capital allocated to the bot for any single trade, some of that capital may already be in use for other opened trades. See the Capital section of the bot's Dashboard for a description of currently available funds.",DOCUMENTED,,2026-08-04,fbf0bfb796ea6d713fffce2d6423b74fe0a5dc01b31781ef1b49720758751b1a
OA-0315,troubleshooting,Capital Warnings,https://docs.optionalpha.com/technical-documentation/troubleshooting/capital-warnings,A bot's capital allocation can be edited at any time in the Safeguards section of the bot's Settings tab.,You can always edit your bot's allocation in the Safeguards section of the Settings tab.,DOCUMENTED,,2026-08-04,fbf0bfb796ea6d713fffce2d6423b74fe0a5dc01b31781ef1b49720758751b1a
OA-0316,troubleshooting,Capital Warnings,https://docs.optionalpha.com/technical-documentation/troubleshooting/capital-warnings,The page cross-references position allocation mechanics to a separate Automation Behavior page rather than restating them here.,More details on position allocation can be found [here.](https://docs.optionalpha.com/platform-1/automations/automation-behavior),DOCUMENTED,,2026-08-04,fbf0bfb796ea6d713fffce2d6423b74fe0a5dc01b31781ef1b49720758751b1a
OA-0317,troubleshooting,Position Limit Warnings,https://docs.optionalpha.com/technical-documentation/troubleshooting/position-limit-warnings,Daily and total position limits exist to prevent overtrading by capping the number of positions a bot can have open at once and within a single trading day.,Daily and total position limits prevent overtrading by limiting the max number of positions a bot can have open at one time and in a single trading day.,DOCUMENTED,,2026-08-04,b627125820a832212f331ed7eb4f1d3d124163989ad8c84edc502141dd484e82
OA-0318,troubleshooting,Position Limit Warnings,https://docs.optionalpha.com/technical-documentation/troubleshooting/position-limit-warnings,The daily position limit is the number of positions a bot may open in a single trading day; the warning fires when a bot attempts to add a position that would exceed the number of new positions allowed for that day.,The daily position limit is the number of positions a bot can open in a single trading day. The “**daily position limit**” warning occurs when a bot attempts to add a position that exceeds the number of new positions allowed.,DOCUMENTED,,2026-08-04,b627125820a832212f331ed7eb4f1d3d124163989ad8c84edc502141dd484e82
OA-0319,troubleshooting,Position Limit Warnings,https://docs.optionalpha.com/technical-documentation/troubleshooting/position-limit-warnings,The total position limit is the maximum number of positions a bot can hold open at one time; the warning fires when a bot attempts to add a position that would exceed that maximum.,The total position limit is the max open positions a bot can have at one time. The “**total position limit**” warning occurs when a bot attempts to add a position that exceeds the maximum number of positions allowed for the bot.,DOCUMENTED,,2026-08-04,b627125820a832212f331ed7eb4f1d3d124163989ad8c84edc502141dd484e82
OA-0320,troubleshooting,Position Limit Warnings,https://docs.optionalpha.com/technical-documentation/troubleshooting/position-limit-warnings,"There is no limit on closing positions; once the daily position limit is reached the bot stops opening new positions (unless the safeguards are edited), and if a bot at its max position limit closes a position, that freed room allows a new position to be added — assuming the daily position limit itself has not also been hit.","There is no limit on closing positions. Once a daily position limit is reached, the bot won't open new positions unless you edit the safeguards. If a bot is at its max position limit and closes a position, new room becomes available to add a new position, assuming the daily position limit has not been hit.",DOCUMENTED,,2026-08-04,b627125820a832212f331ed7eb4f1d3d124163989ad8c84edc502141dd484e82
OA-0321,troubleshooting,Position Limit Warnings,https://docs.optionalpha.com/technical-documentation/troubleshooting/position-limit-warnings,A bot's position limit settings can be edited at any time in the Safeguards section of the Settings tab.,You can always edit your bot's position settings in the Safeguards section of the Settings tab.,DOCUMENTED,,2026-08-04,b627125820a832212f331ed7eb4f1d3d124163989ad8c84edc502141dd484e82
OA-0322,troubleshooting,Position Limit Warnings,https://docs.optionalpha.com/technical-documentation/troubleshooting/position-limit-warnings,"The page does not state whether the daily position limit resets at a specific time (e.g. midnight, market open) or how ""a single trading day"" is delimited for counting purposes.",,DOCS-SILENT,"At what exact time does the daily position limit counter reset — market open, midnight ET, or some other boundary?",2026-08-04,b627125820a832212f331ed7eb4f1d3d124163989ad8c84edc502141dd484e82
OA-0323,troubleshooting,Trade Enforcements,https://docs.optionalpha.com/technical-documentation/troubleshooting/trade-enforcements,The autotrading platform enforces platform stability via two categories: Warnings and Errors.,The autotrading platform employs a system of enforcements and safeguards in the form of Warnings and Errors to ensure the platform's stability.,DOCUMENTED,,2026-08-04,bd028962b041d79e3549fa514d0846c90ce12699f03eb4bffeb5767c9825e733
OA-0324,troubleshooting,Trade Enforcements,https://docs.optionalpha.com/technical-documentation/troubleshooting/trade-enforcements,"The named Warning types are Not Enough Capital, Pricing Anomaly, Daily and Total Position Limit, and No Expiration Available; none of these count toward the Excessive Error Failsafe limit that triggers bot auto-shutdown.","Warnings include Not Enough Capital, Pricing Anomaly, Daily and Total Position Limit, and No Expiration Available. These warnings do not count toward the [Excessive Error Failsafe](https://optionalpha.com/help/excessive-errors-failsafe) limit prior to a bot auto-shutdown.",DOCUMENTED,,2026-08-04,bd028962b041d79e3549fa514d0846c90ce12699f03eb4bffeb5767c9825e733
OA-0325,troubleshooting,Trade Enforcements,https://docs.optionalpha.com/technical-documentation/troubleshooting/trade-enforcements,"The named Error types are Leg Enforcements, Unable to Calculate Quantity, Daily Underlying Symbol Limit, and Broker Rejection errors (including Overlapping Strikes, Price Exceeds Strike-Difference, and Options Approval Level, among others) — implying Errors, unlike Warnings, do count toward the Excessive Error Failsafe.","Errors include Leg Enforcements, Unable to Calculate Quantity, Daily Underlying Symbol Limit, and Broker Rejection errors for Overlapping Strikes, Price Exceeds Strike-Difference, and Options Approval Level among others.",DOCUMENTED,"The page implies Errors count toward Excessive Error Failsafe (by contrast with Warnings, which explicitly do not) but never states this affirmatively for Errors as a class.",2026-08-04,bd028962b041d79e3549fa514d0846c90ce12699f03eb4bffeb5767c9825e733
OA-0326,troubleshooting,Trade Enforcements,https://docs.optionalpha.com/technical-documentation/troubleshooting/trade-enforcements,"For a credit spread (short call/put spread), the sold leg must be at a higher delta than the purchased leg (and vice versa for a debit spread); the platform will not allow a ""put credit spread"" to be structured as if it were a put debit spread.","A credit spread (short call spread or short put spread), by definition, is an options trade where the sold leg is at a higher delta than the delta of the leg purchased. And vice versa for a debit spread (long call spread or long put spread) where the leg purchased is at a higher delta than the sold leg. The auto trading platform will not permit you to select a ""put credit spread"" and structure it as if it were a put debit spread.",DOCUMENTED,,2026-08-04,bd028962b041d79e3549fa514d0846c90ce12699f03eb4bffeb5767c9825e733
OA-0327,troubleshooting,Trade Enforcements,https://docs.optionalpha.com/technical-documentation/troubleshooting/trade-enforcements,"An Iron Condor is enforced as always having exactly 4 distinct strike prices, and the platform will not allow a ""bought"" Iron Condor where purchased deltas exceed sold deltas — both the sold call and sold put must be at higher respective deltas than their corresponding purchased legs.","An Iron Condor will always have 4 different strike prices comprising the entire position. It will not be possible to ""buy"" an iron condor where the purchased deltas are higher than the sold deltas. The delta sold for both the call and the put will be at a higher respective delta than the deltas of the legs that are purchased.",DOCUMENTED,,2026-08-04,bd028962b041d79e3549fa514d0846c90ce12699f03eb4bffeb5767c9825e733
OA-0328,troubleshooting,Trade Enforcements,https://docs.optionalpha.com/technical-documentation/troubleshooting/trade-enforcements,"An Iron Butterfly has 3 distinct strikes (versus the Iron Condor's 4): the body is a call and put sold at the exact same strike price, with wings formed by a purchased call and put at a distance from the body.","It is made up of 3 strikes where the butterfly's body is created by selling two options, a call, and a put, of the exact same strike price. The wings are created by buying a call and a put that are a certain distance from the strikes which make up the body of the butterfly.",DOCUMENTED,,2026-08-04,bd028962b041d79e3549fa514d0846c90ce12699f03eb4bffeb5767c9825e733
OA-0329,troubleshooting,Trade Enforcements,https://docs.optionalpha.com/technical-documentation/troubleshooting/trade-enforcements,The platform's Iron Butterfly enforcement strictly requires the middle (short) strikes to be equal.,**The Iron Butterfly trade type implies strict enforcement that the middle strikes are equal.**,DOCUMENTED,,2026-08-04,bd028962b041d79e3549fa514d0846c90ce12699f03eb4bffeb5767c9825e733
OA-0330,troubleshooting,Trade Enforcements,https://docs.optionalpha.com/technical-documentation/troubleshooting/trade-enforcements,"The ""Unable to find Requested Option Leg"" error is typically thrown when a decision asks for an option leg at an exact offset (e.g. ""$5 below the underlying price, exactly"") and no strike on the chain matches that exact value.","Typically, this error is thrown when attempting to select the *exactly* offset, and exactly what you have asked for is not available.",DOCUMENTED,,2026-08-04,bd028962b041d79e3549fa514d0846c90ce12699f03eb4bffeb5767c9825e733
OA-0331,troubleshooting,Trade Enforcements,https://docs.optionalpha.com/technical-documentation/troubleshooting/trade-enforcements,"Example given for ""Unable to find Requested Option Leg"": a short put spread with the short leg set at -.50 delta (or closest) and the long leg set to exactly $5 below the underlying price will error unless underlying price minus $5 equals an available strike exactly.","Short Put leg = -.50 delta or closest

Long Put leg = $5 below the underlying price **exactly**

Unless the underlying price minus $5 equals the exact value of an available strike an error would be thrown.",DOCUMENTED,,2026-08-04,bd028962b041d79e3549fa514d0846c90ce12699f03eb4bffeb5767c9825e733
OA-0332,troubleshooting,Trade Enforcements,https://docs.optionalpha.com/technical-documentation/troubleshooting/trade-enforcements,"The ""Unable to Calculate Quantity"" error is generated when the position quantity is undeterminable or less than one — for example, an Open Position action with 0 entered for share/contract quantity, or a quantity input that failed to save properly.","When the quantity is undeterminable or less than one, this error is generated. For example, If a trade inputs 0 for the number of shares in the Open Position action quantity field, the following error message will be thrown as 0 is not a tradeable amount. Additionally, you could see this in situations where an input for the quantity field is not properly saved.",DOCUMENTED,,2026-08-04,bd028962b041d79e3549fa514d0846c90ce12699f03eb4bffeb5767c9825e733
OA-0333,troubleshooting,Trade Enforcements,https://docs.optionalpha.com/technical-documentation/troubleshooting/trade-enforcements,"The ""No Option Expiration Available"" warning fires when a bot attempts to open a position and the underlying has no contract at the specified expiration.","When the bot attempts to open a position and the underlying does not have a contract at the specified expiration, the No Option Available warning will be thrown.",DOCUMENTED,,2026-08-04,bd028962b041d79e3549fa514d0846c90ce12699f03eb4bffeb5767c9825e733
OA-0334,troubleshooting,Trade Enforcements,https://docs.optionalpha.com/technical-documentation/troubleshooting/trade-enforcements,"The page states Broker Rejection errors include ""Options Approval Level"" among the Error category, but no separate Option Alpha documentation page in this corpus is dedicated to an Options Approval Level error.",,DOCS-SILENT,"What specifically triggers an ""Options Approval Level"" broker rejection, and what account-level approval tiers does it check against? No dedicated page found in the corpus for this named error.",2026-08-04,bd028962b041d79e3549fa514d0846c90ce12699f03eb4bffeb5767c9825e733
OA-0335,troubleshooting,Pricing Anomaly Warning,https://docs.optionalpha.com/technical-documentation/troubleshooting/pricing-anomaly-warning,"The ""Pricing Anomaly"" warning appears when a trade opportunity's pricing falls outside an expected range, typically because an option leg lacks a bid or because one leg's bid-ask spread is inverted relative to another leg.","The ""Pricing Anomaly"" warning appears when a trade opportunity's pricing is outside an expected range. This typically occurs when an option leg is lacking a bid or the bid-ask spread for one leg is inverted with another leg.",DOCUMENTED,,2026-08-04,f3c63e44fa6ab25869f9b5c451b035cb1d6eae15de82cacc747dca4992a02f35
OA-0336,troubleshooting,Pricing Anomaly Warning,https://docs.optionalpha.com/technical-documentation/troubleshooting/pricing-anomaly-warning,An example inversion trigger is when the strike closer to the money has a mid/mark price lower than the leg further out-of-the-money.,"For example, the strike closer to the money has a mid/mark price that is less than the leg further out-of-the-money.",DOCUMENTED,,2026-08-04,f3c63e44fa6ab25869f9b5c451b035cb1d6eae15de82cacc747dca4992a02f35
OA-0337,troubleshooting,Pricing Anomaly Warning,https://docs.optionalpha.com/technical-documentation/troubleshooting/pricing-anomaly-warning,"When this warning appears, traders are advised to check their broker's option chain for zero-bid legs and inverted bid-ask spreads.",You should reference your broker platform's option chain to investigate and check for zero-bid and inverted bid-ask spreads if you receive this warning.,DOCUMENTED,,2026-08-04,f3c63e44fa6ab25869f9b5c451b035cb1d6eae15de82cacc747dca4992a02f35
OA-0338,troubleshooting,Pricing Anomaly Warning,https://docs.optionalpha.com/technical-documentation/troubleshooting/pricing-anomaly-warning,"Bots reference pricing at the moment the order is submitted, so a leg's price can fluctuate faster than what is currently displayed on the broker's own platform.","Note that bots reference pricing at the time the order is submitted, so there could be situations where pricing for a particular leg fluctuates faster than what is displayed on the broker's platform.",DOCUMENTED,,2026-08-04,f3c63e44fa6ab25869f9b5c451b035cb1d6eae15de82cacc747dca4992a02f35
OA-0339,troubleshooting,Pricing Anomaly Warning,https://docs.optionalpha.com/technical-documentation/troubleshooting/pricing-anomaly-warning,The page does not state whether a Pricing Anomaly warning blocks the trade entirely or merely flags it while still allowing submission.,,DOCS-SILENT,"Does a Pricing Anomaly warning prevent the bot from submitting the order, or is it advisory only while the trade still proceeds?",2026-08-04,f3c63e44fa6ab25869f9b5c451b035cb1d6eae15de82cacc747dca4992a02f35
OA-0340,troubleshooting,Missing or Invalid Input,https://docs.optionalpha.com/technical-documentation/troubleshooting/missing-or-invalid-input,"The ""missing or invalid input"" error fires when an automation encounters an input with a missing value or an input that is incorrectly linked.","When an automation encounters an [input](/tools/bots/inputs.md) with a missing value or an input that is incorrectly linked, an error alerts you that this input has an invalid, or missing, value.",DOCUMENTED,,2026-08-04,c948b25b45b1ff97cc046bef533afeff88ac406aba9d3c5a824a991ffef71975
OA-0341,troubleshooting,Missing or Invalid Input,https://docs.optionalpha.com/technical-documentation/troubleshooting/missing-or-invalid-input,The most common cause of this error is establishing inputs outside a Symbol Loop or Position Loop; each loop supplies a default input for its position or symbol meant to be used throughout the automation to keep the reference tied to the loop.,"The most common example of this is when inputs are established outside of a [Symbol Loop or Position Loop](/tools/bots/loops.md). Each loop supplies a default input for its position or symbol, which is intended to be used throughout the automation when referencing symbol or position, so the two are connected.",DOCUMENTED,,2026-08-04,c948b25b45b1ff97cc046bef533afeff88ac406aba9d3c5a824a991ffef71975
OA-0342,troubleshooting,Missing or Invalid Input,https://docs.optionalpha.com/technical-documentation/troubleshooting/missing-or-invalid-input,"If a symbol or position input is used in place of the loop's default action input during processing, it references a position or symbol not tied to (not ""married to"") the loop, and cannot validate.","If a symbol or position input is used in place of the Loops default action input when the automation processes, it encounters a *position* or *symbol* that does not stem from the loop and can not validate.

In other words, the *position* or *symbol* it is referencing is not valid because it is not married to the loop.",DOCUMENTED,,2026-08-04,c948b25b45b1ff97cc046bef533afeff88ac406aba9d3c5a824a991ffef71975
OA-0343,troubleshooting,Missing or Invalid Input,https://docs.optionalpha.com/technical-documentation/troubleshooting/missing-or-invalid-input,"Best practice is to establish the position/symbol Loop before other decisions in an automation, then link any symbol or position value to the loop's default action input.","When building automations that utilize a position or symbol loop, it's important to remember to establish your Loop before the other decisions and then link any symbol or position value to the default action that is supplied with the loop.",DOCUMENTED,,2026-08-04,c948b25b45b1ff97cc046bef533afeff88ac406aba9d3c5a824a991ffef71975
OA-0344,troubleshooting,Missing or Invalid Input,https://docs.optionalpha.com/technical-documentation/troubleshooting/missing-or-invalid-input,"This error commonly appears after an automation using a loop is edited/modified post-setup, which can break the link between the loop and its inputs; the fix is to remove the existing input and re-link it to the loop.","The error most commonly occurs when a symbol or position loop has been established and used throughout an automation, and the automation is subsequently modified, thereby breaking the link between the loop and inputs. If you've edited your automation and the input is impacted, you'll need to remove the existing input and re-link it to the loop.",DOCUMENTED,,2026-08-04,c948b25b45b1ff97cc046bef533afeff88ac406aba9d3c5a824a991ffef71975
OA-0345,troubleshooting,Missing or Invalid Input,https://docs.optionalpha.com/technical-documentation/troubleshooting/missing-or-invalid-input,"The page does not specify which categories of automation edits (e.g. reordering decisions, deleting the loop step, renaming inputs) are the ones that break the loop-input link.",,DOCS-SILENT,"Which specific automation edits break the loop-to-input link — is it any edit near the loop step, or only structural changes like deleting/reordering the loop itself?",2026-08-04,c948b25b45b1ff97cc046bef533afeff88ac406aba9d3c5a824a991ffef71975
OA-0346,troubleshooting,Daily Symbol Limit Error,https://docs.optionalpha.com/technical-documentation/troubleshooting/daily-symbol-limit-error,"A bot generates an error when it has more than 10 symbols, regardless of whether the symbols are referenced in a scanner, monitor, or event automation.","You will receive an error if a bot has more than 10 symbols, regardless of whether those symbols are referenced in a scanner, monitor, or event automation.",DOCUMENTED,,2026-08-04,696be186adb7d0b7c1e5569a47f75e7f68c457a0eef75f95b515d38e664eda48
OA-0347,troubleshooting,Daily Symbol Limit Error,https://docs.optionalpha.com/technical-documentation/troubleshooting/daily-symbol-limit-error,"The 10-ticker-symbol maximum counts symbols used for opening new positions, analyzing conditions, monitoring existing positions, and custom inputs alike.","So, whether opening new positions, analyzing conditions, monitoring existing positions, or using a symbol as a custom input, the bot has a maximum allowance of 10 ticker symbols.",DOCUMENTED,,2026-08-04,696be186adb7d0b7c1e5569a47f75e7f68c457a0eef75f95b515d38e664eda48
OA-0348,troubleshooting,Daily Symbol Limit Error,https://docs.optionalpha.com/technical-documentation/troubleshooting/daily-symbol-limit-error,"Exceeding 10 symbols generates an error, stops the automation, and sends a notification that the bot exceeded its symbol limit.","If you have more than 10 symbols, an error will generate, the automation will stop, and you'll receive a notification that the bot has exceeded its symbol limit.",DOCUMENTED,,2026-08-04,696be186adb7d0b7c1e5569a47f75e7f68c457a0eef75f95b515d38e664eda48
OA-0349,troubleshooting,Daily Symbol Limit Error,https://docs.optionalpha.com/technical-documentation/troubleshooting/daily-symbol-limit-error,The symbol limit exists as a safeguard for platform stability for all users.,This safeguard upholds the stability of the platform for all users.,DOCUMENTED,,2026-08-04,696be186adb7d0b7c1e5569a47f75e7f68c457a0eef75f95b515d38e664eda48
OA-0350,troubleshooting,Daily Symbol Limit Error,https://docs.optionalpha.com/technical-documentation/troubleshooting/daily-symbol-limit-error,The bot references its symbols at the beginning of the trading day.,The bot references symbols at the beginning of the trading day.,DOCUMENTED,,2026-08-04,696be186adb7d0b7c1e5569a47f75e7f68c457a0eef75f95b515d38e664eda48
OA-0351,troubleshooting,Daily Symbol Limit Error,https://docs.optionalpha.com/technical-documentation/troubleshooting/daily-symbol-limit-error,"If a bot already has 10 symbols assigned when the market opens, symbol changes must wait until after hours to avoid triggering the error.","If you have 10 symbols assigned to a bot when the market opens, you must wait until after hours to change symbols to avoid the error.",DOCUMENTED,,2026-08-04,696be186adb7d0b7c1e5569a47f75e7f68c457a0eef75f95b515d38e664eda48
OA-0352,troubleshooting,Daily Symbol Limit Error,https://docs.optionalpha.com/technical-documentation/troubleshooting/daily-symbol-limit-error,Symbols can be added and replaced freely at any time until the 10-symbol limit is reached.,You can always add and replace symbols until you reach the limit.,DOCUMENTED,,2026-08-04,696be186adb7d0b7c1e5569a47f75e7f68c457a0eef75f95b515d38e664eda48
OA-0353,troubleshooting,Daily Symbol Limit Error,https://docs.optionalpha.com/technical-documentation/troubleshooting/daily-symbol-limit-error,The page does not state whether an automation stopped by the symbol-limit error resumes automatically the next trading day or requires manual re-enabling.,,DOCS-SILENT,Does a symbol-limit stop clear automatically at the next trading day or require manual re-enable of the automation?,2026-08-04,696be186adb7d0b7c1e5569a47f75e7f68c457a0eef75f95b515d38e664eda48
OA-0354,troubleshooting,Daily Symbol Limit Error,https://docs.optionalpha.com/technical-documentation/troubleshooting/daily-symbol-limit-error,The page does not state whether the symbol-limit error counts toward the 10-errors-per-day excessive errors failsafe.,,DOCS-SILENT,Does a symbol-limit error increment the excessive-errors failsafe counter?,2026-08-04,696be186adb7d0b7c1e5569a47f75e7f68c457a0eef75f95b515d38e664eda48
OA-0355,troubleshooting,Excessive Errors Failsafe,https://docs.optionalpha.com/technical-documentation/troubleshooting/excessive-errors-failsafe,Automation errors are surfaced on the homepage.,Bots have safeguards that alert you when your automations encounter an error. Errors will show up on the homepage.,DOCUMENTED,,2026-08-04,58747467d16bd2a2a78db106dde65547cd1d0f5a739d371c39b7f4792e838721
OA-0356,troubleshooting,Excessive Errors Failsafe,https://docs.optionalpha.com/technical-documentation/troubleshooting/excessive-errors-failsafe,The excessive errors failsafe automatically turns off all of a bot's automations if the bot encounters 10 errors in one day.,The “excessive errors” failsafe is a protection that automatically turns off all automations if a bot encounters 10 errors in one day.,DOCUMENTED,,2026-08-04,58747467d16bd2a2a78db106dde65547cd1d0f5a739d371c39b7f4792e838721
OA-0357,troubleshooting,Excessive Errors Failsafe,https://docs.optionalpha.com/technical-documentation/troubleshooting/excessive-errors-failsafe,The automatic shutoff happens at the moment the bot hits its 10th automation error of the day.,"When a bot hits the 10th automation error in one day, the bot's automations automatically turns off.",DOCUMENTED,,2026-08-04,58747467d16bd2a2a78db106dde65547cd1d0f5a739d371c39b7f4792e838721
OA-0358,troubleshooting,Excessive Errors Failsafe,https://docs.optionalpha.com/technical-documentation/troubleshooting/excessive-errors-failsafe,"The error that triggered the failsafe alert is viewable by clicking ""errors"" in the bot dashboard's activity summary.",You can view the error that triggered the alert by clicking “errors” in the bot dashboard’s activity summary.,DOCUMENTED,,2026-08-04,58747467d16bd2a2a78db106dde65547cd1d0f5a739d371c39b7f4792e838721
OA-0359,troubleshooting,Excessive Errors Failsafe,https://docs.optionalpha.com/technical-documentation/troubleshooting/excessive-errors-failsafe,"Errors are also displayed in the bot's log, and the automation log provides more detail than the bot's log.","Errors are also displayed in the bot's log, and the automation log will provide more details.",DOCUMENTED,,2026-08-04,58747467d16bd2a2a78db106dde65547cd1d0f5a739d371c39b7f4792e838721
OA-0360,troubleshooting,Excessive Errors Failsafe,https://docs.optionalpha.com/technical-documentation/troubleshooting/excessive-errors-failsafe,"After the ten-error failsafe trips, the user can turn the bot's automations back on the same day.","If a bot hits the ten error limit in one day, you can always turn automations on again.",DOCUMENTED,,2026-08-04,58747467d16bd2a2a78db106dde65547cd1d0f5a739d371c39b7f4792e838721
OA-0361,troubleshooting,Excessive Errors Failsafe,https://docs.optionalpha.com/technical-documentation/troubleshooting/excessive-errors-failsafe,"If a re-enabled bot encounters even one more error on the same day, its automations turn off again for excessive errors.","However, if the bot encounters another error on the same day, the automations will turn off again for excessive errors.",DOCUMENTED,,2026-08-04,58747467d16bd2a2a78db106dde65547cd1d0f5a739d371c39b7f4792e838721
OA-0362,troubleshooting,Excessive Errors Failsafe,https://docs.optionalpha.com/technical-documentation/troubleshooting/excessive-errors-failsafe,"The excessive error count resets on the next trading day, not at midnight or after a fixed interval.",The excessive error count resets the next trading day.,DOCUMENTED,,2026-08-04,58747467d16bd2a2a78db106dde65547cd1d0f5a739d371c39b7f4792e838721
OA-0363,troubleshooting,Excessive Errors Failsafe,https://docs.optionalpha.com/technical-documentation/troubleshooting/excessive-errors-failsafe,"The page does not state what happens to open positions, working orders, or active monitors while a bot's automations are turned off by the failsafe.",,DOCS-SILENT,"When the failsafe turns automations off, are open positions still monitored and are working exit orders left in place?",2026-08-04,58747467d16bd2a2a78db106dde65547cd1d0f5a739d371c39b7f4792e838721
OA-0364,troubleshooting,Excessive Errors Failsafe,https://docs.optionalpha.com/technical-documentation/troubleshooting/excessive-errors-failsafe,"The page does not define which error types count toward the 10-per-day threshold (e.g., whether warnings or broker rejections count).",,DOCS-SILENT,"Which error types increment the excessive-errors counter — all automation errors, or only some categories?",2026-08-04,58747467d16bd2a2a78db106dde65547cd1d0f5a739d371c39b7f4792e838721
OA-0365,troubleshooting,Bot Event Loops,https://docs.optionalpha.com/technical-documentation/troubleshooting/bot-event-loops,Bot event loops typically occur in bots that run on event triggers.,Bot event loops typically occur in bots that run on event triggers.,DOCUMENTED,,2026-08-04,75e99e9fcf7a8c9ccdaacd21d94badbd13944043b2ed856e1b8795849495f169
OA-0366,troubleshooting,Bot Event Loops,https://docs.optionalpha.com/technical-documentation/troubleshooting/bot-event-loops,The event loop error can happen when open position or close position actions are used inside an automation without care.,The error can happen if you’re not careful when using open position or close position actions inside an automation.,DOCUMENTED,,2026-08-04,75e99e9fcf7a8c9ccdaacd21d94badbd13944043b2ed856e1b8795849495f169
OA-0367,troubleshooting,Bot Event Loops,https://docs.optionalpha.com/technical-documentation/troubleshooting/bot-event-loops,Position limits and capital allocation limits exist to prevent a bot from entering a looping scenario that opens and closes positions beyond the limits set in the bot's global settings.,The limits prevent the bot from entering a “looping” scenario where it opens and closes positions beyond the limits you’ve set in the bot’s global settings.,DOCUMENTED,,2026-08-04,75e99e9fcf7a8c9ccdaacd21d94badbd13944043b2ed856e1b8795849495f169
OA-0368,troubleshooting,Bot Event Loops,https://docs.optionalpha.com/technical-documentation/troubleshooting/bot-event-loops,"A ""Position opened"" trigger runs an automation once, instantly after the bot opens a position.",“Position opened” triggers tell the bot to run an automation once instantly after the bot opens a position.,DOCUMENTED,,2026-08-04,75e99e9fcf7a8c9ccdaacd21d94badbd13944043b2ed856e1b8795849495f169
OA-0369,troubleshooting,Bot Event Loops,https://docs.optionalpha.com/technical-documentation/troubleshooting/bot-event-loops,"A ""Position closed"" trigger runs an automation as soon as a position is closed.",“Position closed” triggers tell the bot to run an automation as soon as a position is closed.,DOCUMENTED,,2026-08-04,75e99e9fcf7a8c9ccdaacd21d94badbd13944043b2ed856e1b8795849495f169
OA-0370,troubleshooting,Bot Event Loops,https://docs.optionalpha.com/technical-documentation/troubleshooting/bot-event-loops,An event loop is a situation where positions are opened or closed because of related events and become stuck repeating.,Event loops are a unique situation where positions are opened or closed because of related events and subsequently become stuck in a “loop.”,DOCUMENTED,,2026-08-04,75e99e9fcf7a8c9ccdaacd21d94badbd13944043b2ed856e1b8795849495f169
OA-0371,troubleshooting,Bot Event Loops,https://docs.optionalpha.com/technical-documentation/troubleshooting/bot-event-loops,"A loop example is an event that opens a position when another closes, where the close in turn triggers another open, producing endless entries and exits.","For example, an event could automatically open a position when another is closed. Closing the position could trigger another event that immediately opens a new position, thereby causing the bot to enter and exit positions in an endless loop.",DOCUMENTED,,2026-08-04,75e99e9fcf7a8c9ccdaacd21d94badbd13944043b2ed856e1b8795849495f169
OA-0372,troubleshooting,Bot Event Loops,https://docs.optionalpha.com/technical-documentation/troubleshooting/bot-event-loops,An event loop drives the bot to reach its daily and/or total position limit.,The event loop will cause the bot to reach its daily and/or total position limit.,DOCUMENTED,,2026-08-04,75e99e9fcf7a8c9ccdaacd21d94badbd13944043b2ed856e1b8795849495f169
OA-0373,troubleshooting,Bot Event Loops,https://docs.optionalpha.com/technical-documentation/troubleshooting/bot-event-loops,"The bot event loop error is a specific, deliberate platform error, not an incidental failure.","The bot event loop error is a specific, deliberate error you can encounter if you’re not careful setting up your event automation actions",DOCUMENTED,,2026-08-04,75e99e9fcf7a8c9ccdaacd21d94badbd13944043b2ed856e1b8795849495f169
OA-0374,troubleshooting,Bot Event Loops,https://docs.optionalpha.com/technical-documentation/troubleshooting/bot-event-loops,The documentation recommends testing automations and paper trading to avoid event loop situations.,"Be sure to always think through the process when creating your bots, and don’t forget to [test your automations](https://optionalpha.com/help/testing-automations) and paper trade to avoid these situations!",DOCUMENTED,,2026-08-04,75e99e9fcf7a8c9ccdaacd21d94badbd13944043b2ed856e1b8795849495f169
OA-0375,troubleshooting,Bot Event Loops,https://docs.optionalpha.com/technical-documentation/troubleshooting/bot-event-loops,"The page does not state what the platform does when the event loop error fires — whether automations are turned off, or the loop merely halts at the position/capital limits.",,DOCS-SILENT,"When the event-loop error triggers, are the bot's automations turned off, or does the loop only stop by hitting position/capital limits?",2026-08-04,75e99e9fcf7a8c9ccdaacd21d94badbd13944043b2ed856e1b8795849495f169
OA-0376,troubleshooting,Bot Event Loops,https://docs.optionalpha.com/technical-documentation/troubleshooting/bot-event-loops,The page does not state whether positions opened during a loop before detection remain open or are closed automatically.,,DOCS-SILENT,"Are positions opened by a loop left open, and does each loop iteration count toward the excessive-errors failsafe?",2026-08-04,75e99e9fcf7a8c9ccdaacd21d94badbd13944043b2ed856e1b8795849495f169
OA-0377,troubleshooting,Option & Expiration Availability,https://docs.optionalpha.com/technical-documentation/troubleshooting/option-and-expiration-availability,An unavailable option leg or expiration produces a 'Requested option not found' error or a 'No option expiration available' warning.,"If the option leg or expiration you choose isn't available based on your settings, you'll receive a 'Requested option not found' error or a 'No option expiration available' warning.",DOCUMENTED,,2026-08-04,e23c1d0e121663215da3e92fdfa7583a0fe7015cdfd3fcea27e8bb6e1cffa5db
OA-0378,troubleshooting,Option & Expiration Availability,https://docs.optionalpha.com/technical-documentation/troubleshooting/option-and-expiration-availability,Choosing an exact-DTE expiration (e.g. 'exactly 30 days') when no contracts exist for the underlying produces a warning.,"For example, if you choose an expiration date that is 'exactly 30 days,' but there are no option contracts available for the underlying security, you'll receive a warning.",DOCUMENTED,,2026-08-04,e23c1d0e121663215da3e92fdfa7583a0fe7015cdfd3fcea27e8bb6e1cffa5db
OA-0379,troubleshooting,Option & Expiration Availability,https://docs.optionalpha.com/technical-documentation/troubleshooting/option-and-expiration-availability,Detailed per-leg instructions when opening positions may match no existing option contract.,"Similarly, when opening positions, you can specify detailed instructions for each leg, but there may not always be an option contract that meets your criteria.",DOCUMENTED,,2026-08-04,e23c1d0e121663215da3e92fdfa7583a0fe7015cdfd3fcea27e8bb6e1cffa5db
OA-0380,troubleshooting,Option & Expiration Availability,https://docs.optionalpha.com/technical-documentation/troubleshooting/option-and-expiration-availability,Selecting an exact leg criterion (e.g. long call exactly $5 above short call) that no contract satisfies produces an error.,"If you select a specific criteria, such as 'Long call leg is $5 above short call leg exactly,' and there's no option contract that fits that description, you'll receive an error.",DOCUMENTED,,2026-08-04,e23c1d0e121663215da3e92fdfa7583a0fe7015cdfd3fcea27e8bb6e1cffa5db
OA-0381,troubleshooting,Option & Expiration Availability,https://docs.optionalpha.com/technical-documentation/troubleshooting/option-and-expiration-availability,The 'Opportunity is available' decision recipe can be used to check whether the exact position is available before attempting to open it.,"To avoid these errors and warnings, you can use the 'Opportunity is available' decision recipe to check if the exact position is available.",DOCUMENTED,,2026-08-04,e23c1d0e121663215da3e92fdfa7583a0fe7015cdfd3fcea27e8bb6e1cffa5db
OA-0382,troubleshooting,Option & Expiration Availability,https://docs.optionalpha.com/technical-documentation/troubleshooting/option-and-expiration-availability,"When the 'Opportunity is available' check fails, the automation stops silently without alerting the user, which avoids repeated notifications.","If it's not available, the automation will stop without alerting you. This can help you avoid multiple notifications.",DOCUMENTED,,2026-08-04,e23c1d0e121663215da3e92fdfa7583a0fe7015cdfd3fcea27e8bb6e1cffa5db
OA-0383,troubleshooting,Option & Expiration Availability,https://docs.optionalpha.com/technical-documentation/troubleshooting/option-and-expiration-availability,"Once the requested position type becomes available, the automation continues as usual.","Once the position type becomes available, the automation will continue as usual.",DOCUMENTED,,2026-08-04,e23c1d0e121663215da3e92fdfa7583a0fe7015cdfd3fcea27e8bb6e1cffa5db
OA-0384,troubleshooting,Option & Expiration Availability,https://docs.optionalpha.com/technical-documentation/troubleshooting/option-and-expiration-availability,More option contracts typically become available as expiration approaches and demand for options increases.,It's worth noting that more option contracts typically become available as expiration approaches and demand for options increases.,DOCUMENTED,,2026-08-04,e23c1d0e121663215da3e92fdfa7583a0fe7015cdfd3fcea27e8bb6e1cffa5db
OA-0385,troubleshooting,Option & Expiration Availability,https://docs.optionalpha.com/technical-documentation/troubleshooting/option-and-expiration-availability,The page does not state whether these availability errors and warnings count toward the 10-per-day excessive-errors failsafe.,,DOCS-SILENT,"Do 'Requested option not found' errors count toward the excessive-errors failsafe, and do warnings differ from errors in that respect?",2026-08-04,e23c1d0e121663215da3e92fdfa7583a0fe7015cdfd3fcea27e8bb6e1cffa5db
OA-0386,troubleshooting,Option & Expiration Availability,https://docs.optionalpha.com/technical-documentation/troubleshooting/option-and-expiration-availability,"The page distinguishes an 'error' outcome from a 'warning' outcome but does not define how their downstream handling differs (e.g., whether both stop the automation).",,DOCS-SILENT,Does a warning stop the automation the same way an error does?,2026-08-04,e23c1d0e121663215da3e92fdfa7583a0fe7015cdfd3fcea27e8bb6e1cffa5db
OA-0387,troubleshooting,Overlapping Strikes Failsafe,https://docs.optionalpha.com/technical-documentation/troubleshooting/overlapping-strikes-failsafe,The overlapping strikes failsafe blocks a bot from opening a position that overlaps another position or that splits an existing position apart.,The overlapping strikes failsafe prevents bots from opening a position that overlaps another position or splits a position apart.,DOCUMENTED,,2026-08-04,3c7289fa8bad004759f17142457539deb907130d371babdfe9bea27aaa73a64f
OA-0388,troubleshooting,Overlapping Strikes Failsafe,https://docs.optionalpha.com/technical-documentation/troubleshooting/overlapping-strikes-failsafe,The error occurs when the new position is in the same bot OR merely in the same brokerage account as the existing position.,The error occurs if the new position is in the same bot or same brokerage account as the existing position.,DOCUMENTED,,2026-08-04,3c7289fa8bad004759f17142457539deb907130d371babdfe9bea27aaa73a64f
OA-0389,troubleshooting,Overlapping Strikes Failsafe,https://docs.optionalpha.com/technical-documentation/troubleshooting/overlapping-strikes-failsafe,Attempting to open a position that overlaps the strike of an existing position in the same bot — known as leg stomping — triggers the failsafe.,An attempt to open a new position that overlaps the strike price of an existing position in the same bot (also known as “leg stomping”) triggers the overlapping strikes failsafe.,DOCUMENTED,,2026-08-04,3c7289fa8bad004759f17142457539deb907130d371babdfe9bea27aaa73a64f
OA-0390,troubleshooting,Overlapping Strikes Failsafe,https://docs.optionalpha.com/technical-documentation/troubleshooting/overlapping-strikes-failsafe,"The failsafe fires only when the option contracts share the same underlying symbol, strike price, and expiration date.","This failsafe will only occur if the option contracts have the same underlying symbol, strike price, and expiration date.",DOCUMENTED,,2026-08-04,3c7289fa8bad004759f17142457539deb907130d371babdfe9bea27aaa73a64f
OA-0391,troubleshooting,Overlapping Strikes Failsafe,https://docs.optionalpha.com/technical-documentation/troubleshooting/overlapping-strikes-failsafe,An overlapping contract on either leg of an existing position produces an alert from the broker inside the platform.,"If you try to open a new position in ""Bot A"" with an overlapping contract for either leg, you will receive an alert from your broker in the platform.",DOCUMENTED,,2026-08-04,3c7289fa8bad004759f17142457539deb907130d371babdfe9bea27aaa73a64f
OA-0392,troubleshooting,Overlapping Strikes Failsafe,https://docs.optionalpha.com/technical-documentation/troubleshooting/overlapping-strikes-failsafe,"An overlapping order is blocked because it would interfere with and cancel out the existing open contract (e.g., a new $393 long put against an existing $393 short put).","For example, you can't open a new SPY position with a March 17th $393 long put because the new order interferes with the existing open contract and the order would “cancel out” the existing $393 short put.",DOCUMENTED,,2026-08-04,3c7289fa8bad004759f17142457539deb907130d371babdfe9bea27aaa73a64f
OA-0393,troubleshooting,Overlapping Strikes Failsafe,https://docs.optionalpha.com/technical-documentation/troubleshooting/overlapping-strikes-failsafe,Only a deliberate closing order can close a position.,> Only a deliberate closing order can close a position.,DOCUMENTED,,2026-08-04,3c7289fa8bad004759f17142457539deb907130d371babdfe9bea27aaa73a64f
OA-0394,troubleshooting,Overlapping Strikes Failsafe,https://docs.optionalpha.com/technical-documentation/troubleshooting/overlapping-strikes-failsafe,The failed position displays an error message stating the broker would not execute the trade because it would close an existing position.,The failed position will display an error message stating that the broker would not execute the trade because it would close an existing position.,DOCUMENTED,,2026-08-04,3c7289fa8bad004759f17142457539deb907130d371babdfe9bea27aaa73a64f
OA-0395,troubleshooting,Overlapping Strikes Failsafe,https://docs.optionalpha.com/technical-documentation/troubleshooting/overlapping-strikes-failsafe,The errored position still occupies an active position slot in the bot and counts against both total and daily position limits.,The error position occupies an active position spot in your bot and will count against your total and daily position limits.,DOCUMENTED,,2026-08-04,3c7289fa8bad004759f17142457539deb907130d371babdfe9bea27aaa73a64f
OA-0396,troubleshooting,Overlapping Strikes Failsafe,https://docs.optionalpha.com/technical-documentation/troubleshooting/overlapping-strikes-failsafe,The errored position must be manually canceled to free space for new positions; it is not removed automatically.,You must manually cancel the position to create space for more positions.,DOCUMENTED,,2026-08-04,3c7289fa8bad004759f17142457539deb907130d371babdfe9bea27aaa73a64f
OA-0397,troubleshooting,Overlapping Strikes Failsafe,https://docs.optionalpha.com/technical-documentation/troubleshooting/overlapping-strikes-failsafe,"Bots operate independently on the platform, but when two different bots share a brokerage account the broker alerts on the overlap error.","All bots within the Option Alpha platform operate independently. However, if two different bots are connected to the same brokerage account, the broker will alert you to the error.",DOCUMENTED,,2026-08-04,3c7289fa8bad004759f17142457539deb907130d371babdfe9bea27aaa73a64f
OA-0398,troubleshooting,Overlapping Strikes Failsafe,https://docs.optionalpha.com/technical-documentation/troubleshooting/overlapping-strikes-failsafe,"In the cross-bot same-account case, the broker rejects the order and the user receives an in-app notification.","For example, if “Bot B” tries to open a position with a March 17th $393 long put in the same brokerage account as ""Bot A,"" the broker will reject the order and you will receive an in-app notification.",DOCUMENTED,,2026-08-04,3c7289fa8bad004759f17142457539deb907130d371babdfe9bea27aaa73a64f
OA-0399,troubleshooting,Overlapping Strikes Failsafe,https://docs.optionalpha.com/technical-documentation/troubleshooting/overlapping-strikes-failsafe,"The cross-bot enforcement is done by the broker, not by bot-to-bot communication, because the positions live in the same brokerage account.","Although bots do not communicate with one another, the overlapping strikes failsafe prohibits the broker from executing the order because the positions are managed within the same brokerage account.",DOCUMENTED,,2026-08-04,3c7289fa8bad004759f17142457539deb907130d371babdfe9bea27aaa73a64f
OA-0400,troubleshooting,Overlapping Strikes Failsafe,https://docs.optionalpha.com/technical-documentation/troubleshooting/overlapping-strikes-failsafe,The page does not state whether overlapping positions are permitted when the two bots are connected to different brokerage accounts.,,DOCS-SILENT,Is an overlapping strike allowed when the existing position sits in a different brokerage account?,2026-08-04,3c7289fa8bad004759f17142457539deb907130d371babdfe9bea27aaa73a64f
OA-0401,troubleshooting,Overlapping Strikes Failsafe,https://docs.optionalpha.com/technical-documentation/troubleshooting/overlapping-strikes-failsafe,"The page does not state whether a cross-bot rejected order also leaves an error position occupying a slot in the second bot, as it does in the same-bot case.",,DOCS-SILENT,Does the cross-bot rejection also create a slot-occupying error position that must be manually canceled?,2026-08-04,3c7289fa8bad004759f17142457539deb907130d371babdfe9bea27aaa73a64f
OA-0402,troubleshooting,Price Exceeds Strike-Difference Error,https://docs.optionalpha.com/technical-documentation/troubleshooting/price-exceeds-strike-difference-error,The broker may send a 'price exceeds strike-difference' error when a bot attempts to close a credit spread at a price greater than the spread's width.,The ' price exceeds strike-difference' error may be sent by the broker if the bot attempts to close a credit spread position with a price that is greater than the spread’s width.,DOCUMENTED,,2026-08-04,489d1fa99a5dc3f29d08775770a73a71007c77e8d1f4379eab1d8e8d8bd02ec5
OA-0403,troubleshooting,Price Exceeds Strike-Difference Error,https://docs.optionalpha.com/technical-documentation/troubleshooting/price-exceeds-strike-difference-error,Sending a limit order through Option Alpha to close a $5-wide short put spread for more than $5 might produce the error.,"For example, if you have a $5 wide short put spread and send a limit oder through Option Alpha to close the position for more than $5, you might receive an error message.",DOCUMENTED,,2026-08-04,489d1fa99a5dc3f29d08775770a73a71007c77e8d1f4379eab1d8e8d8bd02ec5
OA-0404,troubleshooting,Price Exceeds Strike-Difference Error,https://docs.optionalpha.com/technical-documentation/troubleshooting/price-exceeds-strike-difference-error,"The rejection happens at the broker, on the grounds that a credit spread's closing price cannot exceed the strike difference.",The close position order is rejected by the broker because credit spreads cannot exceed the strike difference.,DOCUMENTED,,2026-08-04,489d1fa99a5dc3f29d08775770a73a71007c77e8d1f4379eab1d8e8d8bd02ec5
OA-0405,troubleshooting,Price Exceeds Strike-Difference Error,https://docs.optionalpha.com/technical-documentation/troubleshooting/price-exceeds-strike-difference-error,"All integrated brokers reject orders that exceed the spread's width, but not all of them send a rejection error back to the bot in Option Alpha.","> Important: While all integrated brokers adhere to the rule of rejecting orders that exceed the spread's width, they may not all send a rejection error to the bot in Option Alpha.",DOCUMENTED,,2026-08-04,489d1fa99a5dc3f29d08775770a73a71007c77e8d1f4379eab1d8e8d8bd02ec5
OA-0406,troubleshooting,Price Exceeds Strike-Difference Error,https://docs.optionalpha.com/technical-documentation/troubleshooting/price-exceeds-strike-difference-error,The position remains open after the error is received; the failed close does not exit the trade.,The position remains open after you receive the error.,DOCUMENTED,,2026-08-04,489d1fa99a5dc3f29d08775770a73a71007c77e8d1f4379eab1d8e8d8bd02ec5
OA-0407,troubleshooting,Price Exceeds Strike-Difference Error,https://docs.optionalpha.com/technical-documentation/troubleshooting/price-exceeds-strike-difference-error,The failsafe exists to protect against overpaying and taking a larger loss than necessary on a spread position.,This failsafe is in place to protect you from overpaying and taking a larger loss than necessary on a spread position.,DOCUMENTED,,2026-08-04,489d1fa99a5dc3f29d08775770a73a71007c77e8d1f4379eab1d8e8d8bd02ec5
OA-0408,troubleshooting,Price Exceeds Strike-Difference Error,https://docs.optionalpha.com/technical-documentation/troubleshooting/price-exceeds-strike-difference-error,There is no guarantee this failsafe will trigger; it cannot be relied on.,"Again, there is no guarantee it will trigger.",DOCUMENTED,,2026-08-04,489d1fa99a5dc3f29d08775770a73a71007c77e8d1f4379eab1d8e8d8bd02ec5
OA-0409,troubleshooting,Price Exceeds Strike-Difference Error,https://docs.optionalpha.com/technical-documentation/troubleshooting/price-exceeds-strike-difference-error,Option Alpha recommends Exit Option settings and safeguards to control slippage and mitigate pricing anomalies rather than relying on this broker rejection.,We suggest using Exit Option settings and safeguards to control slippage and help mitigate pricing anomalies.,DOCUMENTED,,2026-08-04,489d1fa99a5dc3f29d08775770a73a71007c77e8d1f4379eab1d8e8d8bd02ec5
OA-0410,troubleshooting,Price Exceeds Strike-Difference Error,https://docs.optionalpha.com/technical-documentation/troubleshooting/price-exceeds-strike-difference-error,"The page does not state what the bot does after the rejection — whether it retries the close, at what price, or whether the position is left unmanaged.",,DOCS-SILENT,"After the broker rejection, does the bot re-attempt the close (and at what price), or is the position left without a working exit order?",2026-08-04,489d1fa99a5dc3f29d08775770a73a71007c77e8d1f4379eab1d8e8d8bd02ec5
OA-0411,troubleshooting,Price Exceeds Strike-Difference Error,https://docs.optionalpha.com/technical-documentation/troubleshooting/price-exceeds-strike-difference-error,The page does not state what happens when a broker silently rejects the order without sending an error to the bot — whether the bot detects the unfilled close at all.,,DOCS-SILENT,"When a broker rejects without sending an error back, how (if at all) does the bot learn the close order failed?",2026-08-04,489d1fa99a5dc3f29d08775770a73a71007c77e8d1f4379eab1d8e8d8bd02ec5
OA-0412,troubleshooting,Duplicate Orders Error,https://docs.optionalpha.com/technical-documentation/troubleshooting/duplicate-orders-error,The Duplicate Orders Error occurs when a resting limit order in the brokerage platform duplicates or contradicts a bot's closing action order for the same position.,The Duplicate Orders Error occurs when a resting limit order in your brokerage platform duplicates or contradicts a bot's closing action order for the same position.,DOCUMENTED,,2026-08-04,1df0605547efe3c397885db51e177aa73a17e3a589eae8548bbe3d7bc3da5a76
OA-0413,troubleshooting,Duplicate Orders Error,https://docs.optionalpha.com/technical-documentation/troubleshooting/duplicate-orders-error,"When an exit order already exists for a position, the broker will not accept an additional duplicate order.","For example, if there is already an order to exit a position, the broker won't accept an additional duplicate order.",DOCUMENTED,,2026-08-04,1df0605547efe3c397885db51e177aa73a17e3a589eae8548bbe3d7bc3da5a76
OA-0414,troubleshooting,Duplicate Orders Error,https://docs.optionalpha.com/technical-documentation/troubleshooting/duplicate-orders-error,The recommended way to avoid the broker rejection is to let bots manage positions rather than placing manual orders alongside them.,"To avoid the broker rejection error, it is best to allow bots to manage positions.",DOCUMENTED,,2026-08-04,1df0605547efe3c397885db51e177aa73a17e3a589eae8548bbe3d7bc3da5a76
OA-0415,troubleshooting,Duplicate Orders Error,https://docs.optionalpha.com/technical-documentation/troubleshooting/duplicate-orders-error,"If taking control of an active position in the brokerage platform, the manual override should be used to prevent the error when the bot attempts to close the position.","If you prefer to take control of an active position in your brokerage platform, use the manual override to prevent the error when the bot attempts to close the position.",DOCUMENTED,,2026-08-04,1df0605547efe3c397885db51e177aa73a17e3a589eae8548bbe3d7bc3da5a76
OA-0416,troubleshooting,Duplicate Orders Error,https://docs.optionalpha.com/technical-documentation/troubleshooting/duplicate-orders-error,The page does not state what happens to the bot's position state after the duplicate rejection — whether the bot keeps retrying the close or marks the position errored.,,DOCS-SILENT,"After a duplicate-order rejection, does the bot retry its close, and how is the position tracked while the manual order rests?",2026-08-04,1df0605547efe3c397885db51e177aa73a17e3a589eae8548bbe3d7bc3da5a76
OA-0417,troubleshooting,Duplicate Orders Error,https://docs.optionalpha.com/technical-documentation/troubleshooting/duplicate-orders-error,The page does not state whether duplicate-order rejections count toward the excessive-errors failsafe.,,DOCS-SILENT,Does each duplicate-order broker rejection increment the 10-per-day excessive-errors counter?,2026-08-04,1df0605547efe3c397885db51e177aa73a17e3a589eae8548bbe3d7bc3da5a76
OA-0418,troubleshooting,Invalid Authorization Error,https://docs.optionalpha.com/technical-documentation/troubleshooting/invalid-authorization-error,Each broker linked to an Option Alpha account can have only one set of credentials authorized at a time.,Each broker associated with your Option Alpha account can have only one set of credentials authorized. These credentials provide access to the accounts linked to that username and password.,DOCUMENTED,,2026-08-04,4f87a626afdd498612c2393096072ef9b3ca50ec69b61be0f490286379c16ec1
OA-0419,troubleshooting,Invalid Authorization Error,https://docs.optionalpha.com/technical-documentation/troubleshooting/invalid-authorization-error,"Changing brokerage account settings, password, or authorizing a new set of credentials after an account is already authorized invalidates the existing authorization.","If you change your brokerage account settings, password, or authorize a new set of credentials after authorizing an account, the existing authorization will become invalid.",DOCUMENTED,,2026-08-04,4f87a626afdd498612c2393096072ef9b3ca50ec69b61be0f490286379c16ec1
OA-0420,troubleshooting,Invalid Authorization Error,https://docs.optionalpha.com/technical-documentation/troubleshooting/invalid-authorization-error,"If an account is no longer authorized, any attempted trade in that account produces an ""Invalid Authorization"" error.","If an account is no longer authorized, any attempts to trade in that account will result in an ""Invalid Authorization"" error.",DOCUMENTED,,2026-08-04,4f87a626afdd498612c2393096072ef9b3ca50ec69b61be0f490286379c16ec1
OA-0421,troubleshooting,Invalid Authorization Error,https://docs.optionalpha.com/technical-documentation/troubleshooting/invalid-authorization-error,"To avoid the Invalid Authorization error, only one primary set of credentials should be authorized, and the connection must be reauthorized on Option Alpha after any change to the connected brokerage account.","To avoid this error, it's crucial to authorize only one primary set of credentials. If any changes are made to the connected brokerage account, you must reauthorize the connection on Option Alpha.",DOCUMENTED,,2026-08-04,4f87a626afdd498612c2393096072ef9b3ca50ec69b61be0f490286379c16ec1
OA-0422,troubleshooting,Invalid Authorization Error,https://docs.optionalpha.com/technical-documentation/troubleshooting/invalid-authorization-error,"To use multiple accounts at the same brokerage, a trader must contact that broker's support team to group the accounts under one username login and use only that username with Option Alpha.","If you plan to use multiple accounts at your brokerage, you must contact their support team and group them under one username login. You should then exclusively use this username to avoid any authorization-related errors.",DOCUMENTED,,2026-08-04,4f87a626afdd498612c2393096072ef9b3ca50ec69b61be0f490286379c16ec1
OA-0423,troubleshooting,Invalid Authorization Error,https://docs.optionalpha.com/technical-documentation/troubleshooting/invalid-authorization-error,"The page does not state whether re-authorizing after a credential change requires re-linking bots to positions, or whether open positions survive an authorization lapse unaffected.",,DOCS-SILENT,"Does a lapsed/invalid authorization affect the bot's management of already-open positions, or only new order submission?",2026-08-04,4f87a626afdd498612c2393096072ef9b3ca50ec69b61be0f490286379c16ec1
OA-0424,calculations,Calculations,https://docs.optionalpha.com/technical-documentation/calculations,"The Calculations index page lists seven sub-topics: Profit and Loss, Decision Properties, Decision Calculations, Parameter Selection, Probability, Probability Theory, and Understanding Alpha and Expected Value.","- Profit and Loss: An overview of how profit and loss are calculated and displayed on the bot dashboard.
- Decision Properties: Security object details and the various properties used to create decisions.
- Decision Calculations: Overview of the calculations used by decision recipes to determine position value.
- Parameter Selection: Technical explanations on how calculated input parameters are chosen.
- Probability: Probability and chance are used synonymously. Any decision recipes describing the probability or chance of something happening will be calculated by the probability formula described here.
- Probability Theory: Implied volatility (IV) and historical volatility (HV) are essential measures in probability theory. Learn why Option Alpha uses HV for calculating the probability of a future price.
- Understanding Alpha and Expected Value: Explore the math behind Expected Value (EV) for defined-risk options trades. We discuss Trade Ideas 2.0's groundbreaking EV-based Alpha metric.",DOCUMENTED,,2026-08-04,6f5eef2e383ac7f1c9094b1828601e19f262ae116ef518a3f340263bf8c39521
OA-0425,calculations,Calculations,https://docs.optionalpha.com/technical-documentation/calculations,The Profit and Loss sub-page is described as covering how profit and loss are calculated and displayed on the bot dashboard.,Profit and Loss: An overview of how profit and loss are calculated and displayed on the bot dashboard.,DOCUMENTED,,2026-08-04,6f5eef2e383ac7f1c9094b1828601e19f262ae116ef518a3f340263bf8c39521
OA-0426,calculations,Calculations,https://docs.optionalpha.com/technical-documentation/calculations,The Decision Properties sub-page is described as covering security object details and the properties used to create decisions.,Decision Properties: Security object details and the various properties used to create decisions.,DOCUMENTED,,2026-08-04,6f5eef2e383ac7f1c9094b1828601e19f262ae116ef518a3f340263bf8c39521
OA-0427,calculations,Calculations,https://docs.optionalpha.com/technical-documentation/calculations,The Decision Calculations sub-page is described as an overview of the calculations decision recipes use to determine position value.,Decision Calculations: Overview of the calculations used by decision recipes to determine position value.,DOCUMENTED,,2026-08-04,6f5eef2e383ac7f1c9094b1828601e19f262ae116ef518a3f340263bf8c39521
OA-0428,calculations,Calculations,https://docs.optionalpha.com/technical-documentation/calculations,The Parameter Selection sub-page covers technical explanations of how calculated input parameters are chosen.,Parameter Selection: Technical explanations on how calculated input parameters are chosen.,DOCUMENTED,,2026-08-04,6f5eef2e383ac7f1c9094b1828601e19f262ae116ef518a3f340263bf8c39521
OA-0429,calculations,Calculations,https://docs.optionalpha.com/technical-documentation/calculations,"Option Alpha treats ""probability"" and ""chance"" as synonymous terms, both computed by the platform's probability formula.",Probability and chance are used synonymously. Any decision recipes describing the probability or chance of something happening will be calculated by the probability formula described here.,DOCUMENTED,,2026-08-04,6f5eef2e383ac7f1c9094b1828601e19f262ae116ef518a3f340263bf8c39521
OA-0430,calculations,Calculations,https://docs.optionalpha.com/technical-documentation/calculations,"Option Alpha uses historical volatility (HV), not implied volatility (IV), to calculate the probability of a future price.",Implied volatility (IV) and historical volatility (HV) are essential measures in probability theory. Learn why Option Alpha uses HV for calculating the probability of a future price.,DOCUMENTED,,2026-08-04,6f5eef2e383ac7f1c9094b1828601e19f262ae116ef518a3f340263bf8c39521
OA-0431,calculations,Calculations,https://docs.optionalpha.com/technical-documentation/calculations,The Understanding Alpha and Expected Value sub-page covers the Expected Value (EV) math for defined-risk options trades and the Trade Ideas 2.0 EV-based Alpha metric.,Explore the math behind Expected Value (EV) for defined-risk options trades. We discuss Trade Ideas 2.0's groundbreaking EV-based Alpha metric.,DOCUMENTED,,2026-08-04,6f5eef2e383ac7f1c9094b1828601e19f262ae116ef518a3f340263bf8c39521
OA-0432,calculations,Decision Calculations,https://docs.optionalpha.com/technical-documentation/calculations/decision-calculations,"Rate of Return is always calculated as max profit divided by max loss, for all position types.","Rate of return is always calculated as max profit / max loss for all position types, where max loss is defined as the theoretical risk less any premium received.",DOCUMENTED,,2026-08-04,d0beac812bf95917cf25d166c100b59b3631611e61e1b914a8b7b637b8463432
OA-0433,calculations,Decision Calculations,https://docs.optionalpha.com/technical-documentation/calculations/decision-calculations,Max loss for the Rate of Return calculation is defined as the theoretical risk minus any premium received.,where max loss is defined as the theoretical risk less any premium received.,DOCUMENTED,,2026-08-04,d0beac812bf95917cf25d166c100b59b3631611e61e1b914a8b7b637b8463432
OA-0434,calculations,Decision Calculations,https://docs.optionalpha.com/technical-documentation/calculations/decision-calculations,"In the worked Rate of Return example, a credit spread with a $2.00 strike width and $0.50 credit has max profit of 0.5.","Assume a credit spread where strike width = $2.00 and credit = $0.50, then

Max profit = 0.5",DOCUMENTED,,2026-08-04,d0beac812bf95917cf25d166c100b59b3631611e61e1b914a8b7b637b8463432
OA-0435,calculations,Decision Calculations,https://docs.optionalpha.com/technical-documentation/calculations/decision-calculations,"In the worked Rate of Return example, max risk equals strike width minus credit: 2.00 - 0.5 = 1.5.",Max risk = 2.00 - 0.5 = 1.5,DOCUMENTED,,2026-08-04,d0beac812bf95917cf25d166c100b59b3631611e61e1b914a8b7b637b8463432
OA-0436,calculations,Decision Calculations,https://docs.optionalpha.com/technical-documentation/calculations/decision-calculations,"In the worked example, the resulting rate of return is 0.5 / 1.5 = 33%.",Rate of return = 0.5 / 1.5 = 33%,DOCUMENTED,,2026-08-04,d0beac812bf95917cf25d166c100b59b3631611e61e1b914a8b7b637b8463432
OA-0437,calculations,Decision Calculations,https://docs.optionalpha.com/technical-documentation/calculations/decision-calculations,The % Premium change formula is change_percent = change / price_open (expressed by the page as a LaTeX fraction).,"$$
change\_{percent} = \frac {change} {price\_{open}}
$$",DOCUMENTED,,2026-08-04,d0beac812bf95917cf25d166c100b59b3631611e61e1b914a8b7b637b8463432
OA-0438,calculations,Decision Calculations,https://docs.optionalpha.com/technical-documentation/calculations/decision-calculations,"The % Premium calculation is implemented in code as change = markClose - openPrice, then changePct = change / openPrice * 100.","let {openPrice, markClose} = position;
let change = markClose - openPrice;
let changePct = change / openPrice * 100;",DOCUMENTED,,2026-08-04,d0beac812bf95917cf25d166c100b59b3631611e61e1b914a8b7b637b8463432
OA-0439,calculations,Decision Calculations,https://docs.optionalpha.com/technical-documentation/calculations/decision-calculations,The page states that the definition for markClose calculations of individual position types is documented elsewhere.,The definition for `markClose` calculations of individual position types can be found here.,DOCUMENTED,,2026-08-04,d0beac812bf95917cf25d166c100b59b3631611e61e1b914a8b7b637b8463432
OA-0440,calculations,Decision Calculations,https://docs.optionalpha.com/technical-documentation/calculations/decision-calculations,"The page's reference to where markClose is defined per position type is unresolved — the word ""here"" is plain text with no hyperlink or page name attached.",,DOCS-SILENT,"""found here"" reference for per-position-type markClose definitions has no link or named target page",2026-08-04,d0beac812bf95917cf25d166c100b59b3631611e61e1b914a8b7b637b8463432
OA-0441,calculations,Decision Calculations,https://docs.optionalpha.com/technical-documentation/calculations/decision-calculations,"The Return % calculation is implemented in code as returnPct = priceChange && openPrice ? priceChange / openPrice : 0, guarding against a falsy priceChange or openPrice.","let {priceChange, openPrice} = position;
let returnPct = priceChange && openPrice ? priceChange / openPrice : 0;",DOCUMENTED,,2026-08-04,d0beac812bf95917cf25d166c100b59b3631611e61e1b914a8b7b637b8463432
OA-0442,calculations,Decision Calculations,https://docs.optionalpha.com/technical-documentation/calculations/decision-calculations,"In the Return % code, priceChange is defined as position.currentPrice minus position.openPrice.",//where priceChange = position.currentPrice - position.openPrice;,DOCUMENTED,,2026-08-04,d0beac812bf95917cf25d166c100b59b3631611e61e1b914a8b7b637b8463432
OA-0443,calculations,Decision Calculations,https://docs.optionalpha.com/technical-documentation/calculations/decision-calculations,Percentage return measures the percentage gain or loss on an asset or portfolio relative to its starting value.,Percentage return measures the percentage gain or loss on an asset or portfolio relative to its starting value.,DOCUMENTED,,2026-08-04,d0beac812bf95917cf25d166c100b59b3631611e61e1b914a8b7b637b8463432
OA-0444,calculations,Decision Calculations,https://docs.optionalpha.com/technical-documentation/calculations/decision-calculations,"In the worked Return % example, a $1,250 total dollar return on a $5,000 investment equals a 25% total percent return.","In the example above, the investor earned a $1,250 total dollar return on a $5,000 investment. To calculate the total return in percentage, simply divide the total gains ($ 1,250) by the starting value ($5,000) = 25%.",DOCUMENTED,,2026-08-04,d0beac812bf95917cf25d166c100b59b3631611e61e1b914a8b7b637b8463432
OA-0445,calculations,Decision Calculations,https://docs.optionalpha.com/technical-documentation/calculations/decision-calculations,The page asserts total percent return can be a better indicator of investment performance than raw dollar return because it shows growth relative to the initial investment.,Total percent return can be a better indicator of return on investment because it shows growth relative to the initial investment.,DOCUMENTED,,2026-08-04,d0beac812bf95917cf25d166c100b59b3631611e61e1b914a8b7b637b8463432
OA-0446,calculations,Decision Calculations,https://docs.optionalpha.com/technical-documentation/calculations/decision-calculations,Total P/L is defined as the sum of open and closed P/L.,The sum of open and closed P/L.,DOCUMENTED,,2026-08-04,d0beac812bf95917cf25d166c100b59b3631611e61e1b914a8b7b637b8463432
OA-0447,calculations,Decision Calculations,https://docs.optionalpha.com/technical-documentation/calculations/decision-calculations,Total P/L % is defined as Total P/L divided by the bot allocation.,The total P/L divided by the bot allocation.,DOCUMENTED,,2026-08-04,d0beac812bf95917cf25d166c100b59b3631611e61e1b914a8b7b637b8463432
OA-0448,calculations,Decision Calculations,https://docs.optionalpha.com/technical-documentation/calculations/decision-calculations,"Day P/L is defined as the current intraday total P/L minus the previous day's closing P/L value, or $0 if there is no previous day.",The current intraday total P/L minus the previous days closing P/L value or $0 if no previous day.,DOCUMENTED,,2026-08-04,d0beac812bf95917cf25d166c100b59b3631611e61e1b914a8b7b637b8463432
OA-0449,calculations,Decision Calculations,https://docs.optionalpha.com/technical-documentation/calculations/decision-calculations,"Day P/L % is defined as Day P/L divided by the previous day's closing net liquid, or by bot allocation when there is no previous day.",The day P/L divided by the previous day's closing net liquid or bot allocation if no previous day.,DOCUMENTED,,2026-08-04,d0beac812bf95917cf25d166c100b59b3631611e61e1b914a8b7b637b8463432
OA-0450,calculations,Decision Calculations,https://docs.optionalpha.com/technical-documentation/calculations/decision-calculations,Closed P/L is defined as the bot's P/L for all closed positions.,The bot's P/L for all closed positions.,DOCUMENTED,,2026-08-04,d0beac812bf95917cf25d166c100b59b3631611e61e1b914a8b7b637b8463432
OA-0451,calculations,Decision Calculations,https://docs.optionalpha.com/technical-documentation/calculations/decision-calculations,"On this page, Win Rate (win%) is defined as the number of wins divided by the total number of closed trades — a definition scoped to closed trades, unlike the Profit-and-Loss page's ""total trades"" wording.",The bot's percentage of winning trades. Win Rate (win%) = number of wins divided by total number of closed trades.,DOCUMENTED,,2026-08-04,d0beac812bf95917cf25d166c100b59b3631611e61e1b914a8b7b637b8463432
OA-0452,calculations,Decision Properties,https://docs.optionalpha.com/technical-documentation/calculations/decision-properties,"Decision recipes evaluate the properties of an underlying security object, which is a JSON object holding the most current information about the underlying or option contract at the moment it is requested.","Decision recipes evaluate the properties of an underlying security object, which is simply a JSON object that houses the most current information about the underlying or option contract at the moment it's requested.",DOCUMENTED,,2026-08-04,060db0bea3e2444e439b1fd93bbf21104fb0609efb0f081b07b52ff27e20c55c
OA-0453,calculations,Decision Properties,https://docs.optionalpha.com/technical-documentation/calculations/decision-properties,"With few exceptions, security object values for each underlying update in real time, usually multiple times per second, with the actual update rate dictated by the market.","With few exceptions, the values of the security object for each underlying are updated in real-time, usually multiple times per second (actual update rate is dictated by the market).",DOCUMENTED,,2026-08-04,060db0bea3e2444e439b1fd93bbf21104fb0609efb0f081b07b52ff27e20c55c
OA-0454,calculations,Decision Properties,https://docs.optionalpha.com/technical-documentation/calculations/decision-properties,"The example security object includes the fields symbol, description, stype, bidSize, askSize, bidTime, askTime, bid, ask, open, high, low, close, last, volume, size, time, ivr, and lastUpdate.","{
  symbol: ""SPY"",
  description: ""SPDR S&P 500 ETF Trust"",
  stype: ""etf"",
  bidSize: 32,
  askSize: 2,
  bidTime: 1619119779000,
  askTime: 1619119779000,
  bid: 412.05,
  ask: 412.06,
  open: 415.89,
  high: 416.78,
  low: 411.13,
  close: 416.07,
  last: 412.0513,
  volume: 76149629,
  size: 0,
  time: 1619119779756,
  ivr: 7.023555,
  ...
  lastUpdate: ""0.12s""
}",DOCUMENTED,,2026-08-04,060db0bea3e2444e439b1fd93bbf21104fb0609efb0f081b07b52ff27e20c55c
OA-0455,calculations,Decision Properties,https://docs.optionalpha.com/technical-documentation/calculations/decision-properties,"The example security object shows a sample lastUpdate latency value of ""0.12s"".","lastUpdate: ""0.12s""",DOCUMENTED,,2026-08-04,060db0bea3e2444e439b1fd93bbf21104fb0609efb0f081b07b52ff27e20c55c
OA-0456,calculations,Decision Properties,https://docs.optionalpha.com/technical-documentation/calculations/decision-properties,"IV Rank is the one security property that is calculated and cached only once daily, while the other listed properties are calculated in real time.","Aside from IV Rank, which is calculated and cached once daily, the following properties are calculated in real-time:",DOCUMENTED,,2026-08-04,060db0bea3e2444e439b1fd93bbf21104fb0609efb0f081b07b52ff27e20c55c
OA-0457,calculations,Decision Properties,https://docs.optionalpha.com/technical-documentation/calculations/decision-properties,"The Security Properties table header row ""Property | Description"" appears twice — once as the actual column header and once duplicated as if it were a data row — before the real property rows begin.","| Property | Description |
| --- | --- |
| Property | Description |
| Last Price | The last traded price of the security |",DOCUMENTED,,2026-08-04,060db0bea3e2444e439b1fd93bbf21104fb0609efb0f081b07b52ff27e20c55c
OA-0458,calculations,Decision Properties,https://docs.optionalpha.com/technical-documentation/calculations/decision-properties,Last Price is defined as the last traded price of the security.,| Last Price | The last traded price of the security |,DOCUMENTED,,2026-08-04,060db0bea3e2444e439b1fd93bbf21104fb0609efb0f081b07b52ff27e20c55c
OA-0459,calculations,Decision Properties,https://docs.optionalpha.com/technical-documentation/calculations/decision-properties,Close Price is defined as the most recent market session's closing price.,| Close Price | The most recent market session's closing price |,DOCUMENTED,,2026-08-04,060db0bea3e2444e439b1fd93bbf21104fb0609efb0f081b07b52ff27e20c55c
OA-0460,calculations,Decision Properties,https://docs.optionalpha.com/technical-documentation/calculations/decision-properties,Open Price is defined as the current session's open price.,| Open Price | Current session's open price |,DOCUMENTED,,2026-08-04,060db0bea3e2444e439b1fd93bbf21104fb0609efb0f081b07b52ff27e20c55c
OA-0461,calculations,Decision Properties,https://docs.optionalpha.com/technical-documentation/calculations/decision-properties,Low Price is defined as the current session's low price.,| Low Price | Current session's low price |,DOCUMENTED,,2026-08-04,060db0bea3e2444e439b1fd93bbf21104fb0609efb0f081b07b52ff27e20c55c
OA-0462,calculations,Decision Properties,https://docs.optionalpha.com/technical-documentation/calculations/decision-properties,High Price is defined as the current session's high price.,| High Price | Current session's high price |,DOCUMENTED,,2026-08-04,060db0bea3e2444e439b1fd93bbf21104fb0609efb0f081b07b52ff27e20c55c
OA-0463,calculations,Decision Properties,https://docs.optionalpha.com/technical-documentation/calculations/decision-properties,"Mark Price is defined as the current mark price of the security, i.e. the mid-price of the bid/ask.","| Mark Price | Current mark price of the security, mid-price of bid/ask. |",DOCUMENTED,,2026-08-04,060db0bea3e2444e439b1fd93bbf21104fb0609efb0f081b07b52ff27e20c55c
OA-0464,calculations,Decision Properties,https://docs.optionalpha.com/technical-documentation/calculations/decision-properties,Change is defined as the dollar change between the previous session's close and the last price.,| Change | Dollar change from previous session's close and the last price. |,DOCUMENTED,,2026-08-04,060db0bea3e2444e439b1fd93bbf21104fb0609efb0f081b07b52ff27e20c55c
OA-0465,calculations,Decision Properties,https://docs.optionalpha.com/technical-documentation/calculations/decision-properties,Change % is defined as the dollar change expressed as a decimal percentage.,| Change % | Dollar change written as a decimal percentage. |,DOCUMENTED,,2026-08-04,060db0bea3e2444e439b1fd93bbf21104fb0609efb0f081b07b52ff27e20c55c
OA-0466,calculations,Decision Properties,https://docs.optionalpha.com/technical-documentation/calculations/decision-properties,"Volume is defined as the current session's volume since the start of trading, including pre-market volume.",| Volume | Current session's volume since start of trading (includes pre-market). |,DOCUMENTED,,2026-08-04,060db0bea3e2444e439b1fd93bbf21104fb0609efb0f081b07b52ff27e20c55c
OA-0467,calculations,Decision Properties,https://docs.optionalpha.com/technical-documentation/calculations/decision-properties,"In this table, IV Rank is defined as the security's Implied Volatility (IV) measured over the last 52 weeks.",| IV Rank | The Implied Volatility (IV) of the security over the last 52 weeks. |,DOCUMENTED,,2026-08-04,060db0bea3e2444e439b1fd93bbf21104fb0609efb0f081b07b52ff27e20c55c
OA-0468,calculations,Decision Properties,https://docs.optionalpha.com/technical-documentation/calculations/decision-properties,"The Greeks property covers Delta, Gamma, Theta, and Vega, all provided as real-time data.","| Greeks | Delta, Gamma, Theta, and Vega are all real-time data. |",DOCUMENTED,,2026-08-04,060db0bea3e2444e439b1fd93bbf21104fb0609efb0f081b07b52ff27e20c55c
OA-0469,calculations,Decision Properties,https://docs.optionalpha.com/technical-documentation/calculations/decision-properties,"The security object for position leg properties stores values as decimals, so a 100% change in a position leg's value is represented as 1.00.","The Security Object for position leg properties stores value in a decimal type format. When referencing the position leg change or change % this will need to be expressed as a decimal. Therefore, a 100% change in the position leg value is represented as 1.00",DOCUMENTED,,2026-08-04,060db0bea3e2444e439b1fd93bbf21104fb0609efb0f081b07b52ff27e20c55c
OA-0470,calculations,Decision Properties,https://docs.optionalpha.com/technical-documentation/calculations/decision-properties,"Extrinsic Value is the difference between an option's price (premium) and its intrinsic value, and it is comprised of the greek values theta and vega.",Extrinsic Value is the difference between the price of an option (or the premium) and that option's intrinsic value. It is comprised of the greek values theta and vega.,DOCUMENTED,,2026-08-04,060db0bea3e2444e439b1fd93bbf21104fb0609efb0f081b07b52ff27e20c55c
OA-0471,calculations,Decision Properties,https://docs.optionalpha.com/technical-documentation/calculations/decision-properties,"Intrinsic Value is the inherent worth of an option, indicated by how far in-the-money it is, and equals the difference between the underlying's price and the strike price when the option is ITM.",Intrinsic Value is the inherent worth of an option. Intrinsic value is indicated by the degree to which the option is in-the-money. It is the difference between the underlying security's price and the options strike price when the option is in-the-money.,DOCUMENTED,,2026-08-04,060db0bea3e2444e439b1fd93bbf21104fb0609efb0f081b07b52ff27e20c55c
OA-0472,calculations,Decision Properties,https://docs.optionalpha.com/technical-documentation/calculations/decision-properties,Chance of ITM is the mathematical probability of the underlying being in-the-money at expiration.,Chance of ITM is the mathematical probability of the underlying being in-the-money at expiration.,DOCUMENTED,,2026-08-04,060db0bea3e2444e439b1fd93bbf21104fb0609efb0f081b07b52ff27e20c55c
OA-0473,calculations,Decision Properties,https://docs.optionalpha.com/technical-documentation/calculations/decision-properties,"OTM amount measures the distance in points (dollars) between the underlying's current price and the strike price, and equals 0 when the leg is ITM.","OTM amount measures the distance between the underlying at its current price and the strike price. It indicates how many points (dollars) away the underlying is from being ITM. If the leg is ITM, then the OTM amount will be 0.",DOCUMENTED,,2026-08-04,060db0bea3e2444e439b1fd93bbf21104fb0609efb0f081b07b52ff27e20c55c
OA-0474,calculations,Decision Properties,https://docs.optionalpha.com/technical-documentation/calculations/decision-properties,"The page ends with a bare, empty ""###"" heading and no further content, leaving whatever section it was meant to introduce undocumented.",,DOCS-SILENT,"page body cuts off after a headerless ""###"" marker with no title or content — unclear what section (if any) was intended to follow Option Leg Properties",2026-08-04,060db0bea3e2444e439b1fd93bbf21104fb0609efb0f081b07b52ff27e20c55c
OA-0475,calculations,Parameter Selection,https://docs.optionalpha.com/technical-documentation/calculations/parameter-selection,"Unless otherwise specified, bots default to the value or parameter closest to the requested input, typically found via binary search on a sorted array of possible values.","Unless otherwise specified, the bots will default to whichever value or parameter is closest to the requested input parameter (described below). In almost all cases, this is done by a binary search on a sorted array of possible values.",DOCUMENTED,,2026-08-04,f0551cb422b679f4970b153358db4dff4957564427c2031ed8734ef0d51b074a
OA-0476,calculations,Parameter Selection,https://docs.optionalpha.com/technical-documentation/calculations/parameter-selection,"Strike selection also offers ""exactly"", ""or higher"", and ""or lower"" modes that give full control over targeting specific strikes and the rounding direction.","Additionally, strike selections for exactly, or higher, and or lower are available which provides full control over targeting specific strikes and rounding in your preferred direction based on the strike selection method.",DOCUMENTED,,2026-08-04,f0551cb422b679f4970b153358db4dff4957564427c2031ed8734ef0d51b074a
OA-0477,calculations,Parameter Selection,https://docs.optionalpha.com/technical-documentation/calculations/parameter-selection,"For delta-based strike selection, the chosen strike is the one whose delta is closest to the requested delta, measured by absolute difference with precision to 8 decimal places.","If the user requests a strike based on a delta value, the strike chosen will be the strike with a delta value closest to the delta specified, determined by absolute difference with up to 8 decimal places of precision.",DOCUMENTED,,2026-08-04,f0551cb422b679f4970b153358db4dff4957564427c2031ed8734ef0d51b074a
OA-0478,calculations,Parameter Selection,https://docs.optionalpha.com/technical-documentation/calculations/parameter-selection,"If two adjacent strikes are equally close in delta to the target (an extremely rare event), the bot chooses whichever of the two was the first identified as closest.","The probability that 2 adjacent strikes exist of equal absolute distance to the chosen z is extremely small. Should that situation occur, the strike chosen will be the first closest to be identified.",DOCUMENTED,,2026-08-04,f0551cb422b679f4970b153358db4dff4957564427c2031ed8734ef0d51b074a
OA-0479,calculations,Parameter Selection,https://docs.optionalpha.com/technical-documentation/calculations/parameter-selection,The auto-trading platform's delta selector only lists deltas in increments of +/- 0.05 because delta ranges vary widely and inconsistently across different tickers.,The range of deltas listed on the auto-trading platform is in increments of +/- .05. This is because deltas between different tickers are wide-ranging and often have an inconsistent variance.,DOCUMENTED,,2026-08-04,f0551cb422b679f4970b153358db4dff4957564427c2031ed8734ef0d51b074a
OA-0480,calculations,Parameter Selection,https://docs.optionalpha.com/technical-documentation/calculations/parameter-selection,"Even though the delta selector UI only lists 0.05 increments, the underlying bot logic can target any delta value, not just multiples of 0.05.","While the bot can choose any delta, the selection of deltas for the bot will be in increments of +/- .05.",DOCUMENTED,,2026-08-04,f0551cb422b679f4970b153358db4dff4957564427c2031ed8734ef0d51b074a
OA-0481,calculations,Parameter Selection,https://docs.optionalpha.com/technical-documentation/calculations/parameter-selection,"For percentage-based strike selection, the chosen strike is whichever is closest to the requested percentage offset, whether measured from the underlying price or from a referenced leg.","If a user requests a strike based on percentage value, the strike chosen will be the strike closest to the percentage offset; whether that is a percentage from underlying price or a percentage above or below a referenced leg, it will always be closest to.",DOCUMENTED,,2026-08-04,f0551cb422b679f4970b153358db4dff4957564427c2031ed8734ef0d51b074a
OA-0482,calculations,Parameter Selection,https://docs.optionalpha.com/technical-documentation/calculations/parameter-selection,"When selecting a strike as a percentage of a referenced leg, the bot will never pick the same strike as the referenced leg, even if the available strike widths are wider than the requested percentage offset.","If choosing a percentage of a referenced leg, the strike chosen will never be the same as the referenced leg, even if the offered strike widths are wider than the resulting percentage offset.",DOCUMENTED,,2026-08-04,f0551cb422b679f4970b153358db4dff4957564427c2031ed8734ef0d51b074a
OA-0483,calculations,Parameter Selection,https://docs.optionalpha.com/technical-documentation/calculations/parameter-selection,"For dollar-based strike selection, the bot picks the strike closest to the requested dollar offset.","If a user requests a strike based on a dollar-based offset, the strike chosen will be the closest strike to the dollar-based offset.",DOCUMENTED,,2026-08-04,f0551cb422b679f4970b153358db4dff4957564427c2031ed8734ef0d51b074a
OA-0484,calculations,Parameter Selection,https://docs.optionalpha.com/technical-documentation/calculations/parameter-selection,"In dollar-based strike selection, if the option chain's strike width is wider than the specified dollar offset, the bot selects the next available strike instead.","In situations where the width of the offered strikes in an option chain is wider than the specified offset, the next available strike will be selected.",DOCUMENTED,,2026-08-04,f0551cb422b679f4970b153358db4dff4957564427c2031ed8734ef0d51b074a
OA-0485,calculations,Parameter Selection,https://docs.optionalpha.com/technical-documentation/calculations/parameter-selection,"In dollar-based strike selection, the automation will never choose the same strike as the strike being referenced.",The automation will not choose the same strike as the strike in reference.,DOCUMENTED,,2026-08-04,f0551cb422b679f4970b153358db4dff4957564427c2031ed8734ef0d51b074a
OA-0486,calculations,Parameter Selection,https://docs.optionalpha.com/technical-documentation/calculations/parameter-selection,"The standard-deviation strike selection method compares the current price to the underlying's 30-day historical standard deviation, multiplied by a user-defined multiplier X.","The standard deviation option for strike selection compares the current price to the underlying's 30-day std deviation, multiplied by the user-defined value.",DOCUMENTED,,2026-08-04,f0551cb422b679f4970b153358db4dff4957564427c2031ed8734ef0d51b074a
OA-0487,calculations,Parameter Selection,https://docs.optionalpha.com/technical-documentation/calculations/parameter-selection,"The standard-deviation strike selection formula is underlying Price plus or minus (X times the 30-day standard deviation, sd30), and contract expiration plays no role in this calculation.",Contract expiration does not play a role in the std. deviation calculation: underlying Price +/- (X * sd30),DOCUMENTED,,2026-08-04,f0551cb422b679f4970b153358db4dff4957564427c2031ed8734ef0d51b074a
OA-0488,calculations,Parameter Selection,https://docs.optionalpha.com/technical-documentation/calculations/parameter-selection,"In the standard-deviation formula, X represents the number of standard deviations supplied by the user.",X represents the number of std. dev provided by the user.,DOCUMENTED,,2026-08-04,f0551cb422b679f4970b153358db4dff4957564427c2031ed8734ef0d51b074a
OA-0489,calculations,Parameter Selection,https://docs.optionalpha.com/technical-documentation/calculations/parameter-selection,"When selecting an expiration using ""at least"" N days, the bot always chooses the closest expiration that meets or exceeds that minimum day count.","When selecting an option expiration using ""at least"" a certain number of days, the chosen expiration will always be at least the number of days specified but the closest DTE beyond that minimum threshold.",DOCUMENTED,,2026-08-04,f0551cb422b679f4970b153358db4dff4957564427c2031ed8734ef0d51b074a
OA-0490,calculations,Parameter Selection,https://docs.optionalpha.com/technical-documentation/calculations/parameter-selection,"When selecting an expiration using ""exactly"" N days, if no expiration matches that exact day count, the system generates an error rather than substituting a nearby expiration.","When selecting an option expiration using ""exactly"" a certain number of days, the chosen expiration will always be the exact number of days specified unless that expiration is not available. In that case, an error will generate notifying that no expiration exists.",DOCUMENTED,,2026-08-04,f0551cb422b679f4970b153358db4dff4957564427c2031ed8734ef0d51b074a
OA-0491,calculations,Parameter Selection,https://docs.optionalpha.com/technical-documentation/calculations/parameter-selection,"When selecting an expiration between ""x and y"" days, the bot picks the first available expiration closest to the lower bound (x) of the range, e.g. for a 10-30 day range with expirations at 14 and 21 days, it selects the 14-day expiration.","When selecting an expiration between ""x and y"" number of days, the bot will select the first available expiration that is closest to the minimum number of days. For example, if you select an expiration between 10 and 30 days, and there is an expiration at 14 days and another at 21 days, it will choose the 14-day expiration.",DOCUMENTED,,2026-08-04,f0551cb422b679f4970b153358db4dff4957564427c2031ed8734ef0d51b074a
OA-0492,calculations,Parameter Selection,https://docs.optionalpha.com/technical-documentation/calculations/parameter-selection,"For ""between x and y days"" expiration selection, the bot is systematically biased toward the lower/earliest bound of the specified range.",The bot has a tendency towards the lower bound of the range and will always select the one closest to the earliest day specified.,DOCUMENTED,,2026-08-04,f0551cb422b679f4970b153358db4dff4957564427c2031ed8734ef0d51b074a
OA-0493,calculations,Parameter Selection,https://docs.optionalpha.com/technical-documentation/calculations/parameter-selection,"When selecting an expiration ""on or after a certain date,"" the bot uses that exact date's expiration if one exists, otherwise the closest expiration after that date.","When selecting an expiration on or after a certain date, the expiration chosen will be on that date if an expiration exists, and the closest expiration after that date if it does not exist.",DOCUMENTED,,2026-08-04,f0551cb422b679f4970b153358db4dff4957564427c2031ed8734ef0d51b074a
OA-0494,calculations,Parameter Selection,https://docs.optionalpha.com/technical-documentation/calculations/parameter-selection,The page does not state what tie-break rule applies for percentage-based or dollar-based strike selection when two strikes are equidistant from the target offset (a tie-break is only specified for delta-based selection).,,DOCS-SILENT,no stated tie-break rule for equidistant strikes in percentage-based or dollar-based strike selection,2026-08-04,f0551cb422b679f4970b153358db4dff4957564427c2031ed8734ef0d51b074a
OA-0495,calculations,Parameter Selection,https://docs.optionalpha.com/technical-documentation/calculations/parameter-selection,"The page does not state what happens if the requested percentage or dollar offset, or the standard-deviation-based target price, falls outside the range of strikes actually available in the option chain (beyond the widest listed strike).",,DOCS-SILENT,no stated behavior when computed target price exceeds the available strike range,2026-08-04,f0551cb422b679f4970b153358db4dff4957564427c2031ed8734ef0d51b074a
OA-0496,calculations,Probability Theory,https://docs.optionalpha.com/technical-documentation/calculations/probability-theory,"Implied volatility (IV) and historical volatility (HV) are described as the two primary volatility measures used in probability theory, each with strengths and limitations.","[Implied volatility](https://optionalpha.com/learn/implied-volatility) (IV) and [historical volatility](https://optionalpha.com/learn/historical-volatility) (HV) stand as two primary measures employed in the domain of probability theory, each with its strengths and limitations.",DOCUMENTED,,2026-08-04,3a112cb0721b34ac5f12eea4c1b5a2baf0620c450cc55b7b39ec2ede6fc33e96
OA-0497,calculations,Probability Theory,https://docs.optionalpha.com/technical-documentation/calculations/probability-theory,"The page asserts that while IV is more widely used and quoted, HV is a more grounded and accurate choice for calculating the probability of future price.","While IV is widely used and quoted, HV offers a more grounded and accurate choice for calculating the probability of future price.",DOCUMENTED,,2026-08-04,3a112cb0721b34ac5f12eea4c1b5a2baf0620c450cc55b7b39ec2ede6fc33e96
OA-0498,calculations,Probability Theory,https://docs.optionalpha.com/technical-documentation/calculations/probability-theory,"OA's probability-of-future-price function takes five inputs: current underlying price, target strike price, days to maturity, risk-free rate, and volatility.","The inputs to that function are: the current underlying price, target strike price, days to maturity, risk-free rate, and volatility.",DOCUMENTED,,2026-08-04,3a112cb0721b34ac5f12eea4c1b5a2baf0620c450cc55b7b39ec2ede6fc33e96
OA-0499,calculations,Probability Theory,https://docs.optionalpha.com/technical-documentation/calculations/probability-theory,"OA uses annualized volatility of the underlying as the volatility input, specifically the annualized 30-day standard deviation of returns (i.e., historical volatility).","We use annualized volatility of the underlying as the volatility input to the equation, specifically the annualized 30-day standard deviation of returns, and it's important to understand why.",DOCUMENTED,,2026-08-04,3a112cb0721b34ac5f12eea4c1b5a2baf0620c450cc55b7b39ec2ede6fc33e96
OA-0500,calculations,Probability Theory,https://docs.optionalpha.com/technical-documentation/calculations/probability-theory,"IV is solved for as the missing variable when reversing an option pricing equation (BSM or similar), and is representative of only a single option contract.","Recall that IV is solved for as the missing variable when reversing the option pricing equation, BSM or similar. But that IV is representative of a *single* option contract.",DOCUMENTED,,2026-08-04,3a112cb0721b34ac5f12eea4c1b5a2baf0620c450cc55b7b39ec2ede6fc33e96
OA-0501,calculations,Probability Theory,https://docs.optionalpha.com/technical-documentation/calculations/probability-theory,"An Iron Condor has 4 legs, but OA's cumulative probability function only accepts 1 volatility input, creating an aggregation problem if IV (which is per-contract) were used.",An Iron Condor has 4 legs. The cumulative probability function has 1 input for volatility. So what do we do?,DOCUMENTED,,2026-08-04,3a112cb0721b34ac5f12eea4c1b5a2baf0620c450cc55b7b39ec2ede6fc33e96
OA-0502,calculations,Probability Theory,https://docs.optionalpha.com/technical-documentation/calculations/probability-theory,"OA's stated options for a single underlying-volatility number were: averaging individual legs' IVs, building a proprietary underlying-IV calculation, relying on a black-box proprietary underlying-IV, or using annualized historical volatility — and OA chose the last option.","We could find some average of the individual legs' IVs, roll our own IV calculation that represents the underlying, rely on a black-box proprietary calculation for underlying IV, or use the annualized historical volatility, which is what we choose to do.",DOCUMENTED,,2026-08-04,3a112cb0721b34ac5f12eea4c1b5a2baf0620c450cc55b7b39ec2ede6fc33e96
OA-0503,calculations,Probability Theory,https://docs.optionalpha.com/technical-documentation/calculations/probability-theory,"The article defines ""Probability of Profit (POP) algorithms"" as referring specifically to a mathematically robust probability calculation, not merely a restatement of a Reward/Risk ratio.",Assume in this article that Probability of Profit (POP) algorithms refers to a mathematically robust representation of probability calculation that is not simply a function or restatement of a Reward/Risk ratio.,DOCUMENTED,,2026-08-04,3a112cb0721b34ac5f12eea4c1b5a2baf0620c450cc55b7b39ec2ede6fc33e96
OA-0504,calculations,Probability Theory,https://docs.optionalpha.com/technical-documentation/calculations/probability-theory,"The page cites Amin, Coval, and Seyhun (2004), ""Index Option Prices and Stock Market Momentum,"" as academic support for using historical returns to improve volatility estimates.","In ""Index Option Prices and Stock Market Momentum,"" [Amin, Coval, Seyhun (2004)](https://www.jstor.org/stable/10.1086/422440) examined the performance of HV and IV in options pricing and aimed to ""test the prediction of standard option pricing models.""",DOCUMENTED,,2026-08-04,3a112cb0721b34ac5f12eea4c1b5a2baf0620c450cc55b7b39ec2ede6fc33e96
OA-0505,calculations,Probability Theory,https://docs.optionalpha.com/technical-documentation/calculations/probability-theory,The cited study found evidence that taking past stock returns into account produces more-accurate implied volatility estimates from index option prices and can help forecast future volatilities.,"""... evidence suggests that taking past stock returns into account results in more-accurate estimates of implied volatilities from index option prices, which have been used by many authors to explore arbitrage opportunities, measure risk premia in the stock markets, or **forecast future volatilities**.""",DOCUMENTED,,2026-08-04,3a112cb0721b34ac5f12eea4c1b5a2baf0620c450cc55b7b39ec2ede6fc33e96
OA-0506,calculations,Probability Theory,https://docs.optionalpha.com/technical-documentation/calculations/probability-theory,"The page lists five named advantages of Historical Volatility: incorporation of actual price movement, analysis of skew and term structure, tangible measure of realized volatility, reproducibility, and ""IV typically overstates HV.""","#### **Advantages of Historical Volatility**

**Incorporation of actual price movement.**",DOCUMENTED,,2026-08-04,3a112cb0721b34ac5f12eea4c1b5a2baf0620c450cc55b7b39ec2ede6fc33e96
OA-0507,calculations,Probability Theory,https://docs.optionalpha.com/technical-documentation/calculations/probability-theory,"Under the ""Reproducibility"" advantage, the page states some popular financial platforms refuse to reveal or provide information on how their quoted IV is calculated, and claims OA's approach is fully reproducible and verifiable by contrast.","In fact, there are several popular financial platforms that refuse to reveal or provide information on how their IV is calculated. Go ahead and ask them. What's more difficult is providing something that's truly reproducible and verifiable, and that is something we at OA stand behind.",DOCUMENTED,,2026-08-04,3a112cb0721b34ac5f12eea4c1b5a2baf0620c450cc55b7b39ec2ede6fc33e96
OA-0508,calculations,Probability Theory,https://docs.optionalpha.com/technical-documentation/calculations/probability-theory,The page states IV typically overstates HV because options pricing models assume constant volatility (unrealistic in practice) and because IV includes a risk premium for uncertain or extreme-volatility market conditions.,"The options pricing models assume constant volatility, which is unrealistic in practice as market conditions change over time. Additionally, IV includes a risk premium to account for uncertain market conditions or perceived risk of extreme volatility.",DOCUMENTED,,2026-08-04,3a112cb0721b34ac5f12eea4c1b5a2baf0620c450cc55b7b39ec2ede6fc33e96
OA-0509,calculations,Probability Theory,https://docs.optionalpha.com/technical-documentation/calculations/probability-theory,The page states there is currently no standardized method for combining multiple individual options' implied volatilities into a single representative underlying IV value.,"Incorporating implied volatility into the POP calculation necessitates deriving a single value that represents the overall volatility of the underlying asset. Yet, there is currently no standardized method for combining multiple implied volatilities into such a value accurately.",DOCUMENTED,,2026-08-04,3a112cb0721b34ac5f12eea4c1b5a2baf0620c450cc55b7b39ec2ede6fc33e96
OA-0510,calculations,Probability Theory,https://docs.optionalpha.com/technical-documentation/calculations/probability-theory,"The page describes a five-step generic process for deriving a single underlying IV value: option selection, option price input, implied volatility calculation, weighted average, and final IV value.",**Option selection.** Choose a representative set of options for the underlying stock.,DOCUMENTED,,2026-08-04,3a112cb0721b34ac5f12eea4c1b5a2baf0620c450cc55b7b39ec2ede6fc33e96
OA-0511,calculations,Probability Theory,https://docs.optionalpha.com/technical-documentation/calculations/probability-theory,"The page names three common numerical algorithms used to solve for implied volatility: the Newton-Raphson method, the Bisection method, and Brent's method.","* Newton-Raphson method, an iterative root-finding algorithm for solving nonlinear equations.
* Bisection method, a bracketing method to find the root of a function within a specified interval.
* Brent's method, a combination of the above methods that offers robustness and efficiency.",DOCUMENTED,,2026-08-04,3a112cb0721b34ac5f12eea4c1b5a2baf0620c450cc55b7b39ec2ede6fc33e96
OA-0512,calculations,Probability Theory,https://docs.optionalpha.com/technical-documentation/calculations/probability-theory,The page states that weighting methodologies used to combine individual option IVs into a single underlying IV are usually unadvertised/black-box and vary by provider.,The exact methodology for assigning weights may vary depending on the provider or source of the quoted IV. These methods are usually unadvertised (black box).,DOCUMENTED,,2026-08-04,3a112cb0721b34ac5f12eea4c1b5a2baf0620c450cc55b7b39ec2ede6fc33e96
OA-0513,calculations,Probability Theory,https://docs.optionalpha.com/technical-documentation/calculations/probability-theory,"Because IV-derivation methodology varies by provider, the page asserts that comparing quoted probability numbers between different trading software platforms is never apples-to-apples.","Comparing probability numbers between different softwares is never apples-to-apples, and this is why.",DOCUMENTED,,2026-08-04,3a112cb0721b34ac5f12eea4c1b5a2baf0620c450cc55b7b39ec2ede6fc33e96
OA-0514,calculations,Probability Theory,https://docs.optionalpha.com/technical-documentation/calculations/probability-theory,"The page lists nine distinct drawbacks/risks of relying on a weighted single IV value in the POP equation: simplified representation, limited option sample, weighting methodology, skew and term structure, assumption of constant volatility, supply and demand dynamics, volatility positioning, false quotes or rumors, and market maker activities.",**Simplified representation**. The single IV value of an underlying represents an average or aggregate measure of expected volatility across a range of options.,DOCUMENTED,,2026-08-04,3a112cb0721b34ac5f12eea4c1b5a2baf0620c450cc55b7b39ec2ede6fc33e96
OA-0515,calculations,Probability Theory,https://docs.optionalpha.com/technical-documentation/calculations/probability-theory,"The page states market makers/large investors can strategically influence supply, demand, or quotes for specific option contracts in ways that impact IV to benefit their own trading positions, and that this bias becomes baked into the resulting IV number.","They adjust their quotes and hedging strategies based on *their* assessment of market conditions, which can not only impact calculated IV, but it is an unwanted inherent bias baked into the IV number.",DOCUMENTED,,2026-08-04,3a112cb0721b34ac5f12eea4c1b5a2baf0620c450cc55b7b39ec2ede6fc33e96
OA-0516,calculations,Probability Theory,https://docs.optionalpha.com/technical-documentation/calculations/probability-theory,"The page's conclusion states HV is preferred because it is derived from a large empirical sample of realized price data rather than theoretical assumptions or market sentiment, and remains consistent/recalculable for any given period.","This empirical foundation lends credibility to HV as a reliable measure of realized volatility, as it is derived from a large sample size rather than relying on theoretical assumptions or market sentiment.",DOCUMENTED,,2026-08-04,3a112cb0721b34ac5f12eea4c1b5a2baf0620c450cc55b7b39ec2ede6fc33e96
OA-0517,calculations,Probability Theory,https://docs.optionalpha.com/technical-documentation/calculations/probability-theory,"The page does not specify the exact lookback window or update frequency used for the ""annualized 30-day standard deviation of returns"" beyond calling it 30-day (e.g., whether it is recalculated daily, intraday, or on some other cadence).",,DOCS-SILENT,update frequency/recalculation cadence of the 30-day HV input is not stated on this page,2026-08-04,3a112cb0721b34ac5f12eea4c1b5a2baf0620c450cc55b7b39ec2ede6fc33e96
OA-0518,calculations,Probability,https://docs.optionalpha.com/technical-documentation/calculations/probability,"The bots assume the Black-Scholes-Merton (BSM) model when calculating probability, which the page describes as imperfectly implying a Gaussian/normal distribution.","The bots assume the Black-Scholes-Merton (BSM) model when calculating probability, which (imperfectly) implies a Gaussian or normal distribution.",DOCUMENTED,,2026-08-04,6fa3acf8dcd265ac6906d4aa7822c569bd222067565915afff721df2c30f89a7
OA-0519,calculations,Probability,https://docs.optionalpha.com/technical-documentation/calculations/probability,"Rather than computing full BSM probabilities directly, the bots use a fast polynomial approximation derived from BSM.",The bots use a fast polynomial approximation for calculating the probability that's derived from BSM.,DOCUMENTED,,2026-08-04,6fa3acf8dcd265ac6906d4aa7822c569bd222067565915afff721df2c30f89a7
OA-0520,calculations,Probability,https://docs.optionalpha.com/technical-documentation/calculations/probability,"The payoff to a European call option at maturity T with strike K is defined as c(T)=max[S(T)-K,0].","c(T)=max\[S(T)−K,0]",DOCUMENTED,,2026-08-04,6fa3acf8dcd265ac6906d4aa7822c569bd222067565915afff721df2c30f89a7
OA-0521,calculations,Probability,https://docs.optionalpha.com/technical-documentation/calculations/probability,The BSM call price formula at time t=0 prior to maturity is c(0)=S(0)N(d1)-e^{-rt}KN(d2).,c(0)=S(0)N(d1)−e−rtKN(d2),DOCUMENTED,,2026-08-04,6fa3acf8dcd265ac6906d4aa7822c569bd222067565915afff721df2c30f89a7
OA-0522,calculations,Probability,https://docs.optionalpha.com/technical-documentation/calculations/probability,"N(d) is bounded between 0 and 1 inclusive, with N(-infinity) = 0, and the page states N(0) = 0.5 twice in immediate succession rather than also giving N(+infinity) = 1.","Therefore, we have 0 ≤ N(d) ≤ 1 with N(−∞) = 0, N(0) = 0.5, and N(0) = 0.5.",DOCUMENTED,"page states ""N(0) = 0.5, and N(0) = 0.5"" — the second clause appears to be a typo/duplication where N(infinity)=1 would be expected",2026-08-04,6fa3acf8dcd265ac6906d4aa7822c569bd222067565915afff721df2c30f89a7
OA-0523,calculations,Probability,https://docs.optionalpha.com/technical-documentation/calculations/probability,"The variables feeding d1 and d2 are: S = spot price of the underlying, K = strike price of the option, r = risk-free rate, sigma = volatility of the underlying, T = time to expiration.","&#xNAN; S = Spot price of the underlying asset
&#xNAN; K = Strike price of the option
&#xNAN; r = Risk-free rate
&#xNAN;σ = Volatility of the underlying asset
&#xNAN; T = Time to expiration of the option",DOCUMENTED,,2026-08-04,6fa3acf8dcd265ac6906d4aa7822c569bd222067565915afff721df2c30f89a7
OA-0524,calculations,Probability,https://docs.optionalpha.com/technical-documentation/calculations/probability,"The bots use a specific published polynomial/rational approximation of the standard normal cumulative distribution, identified as formula 26.2.17 from the National Bureau of Standards (1972), rather than an exact analytical solution.","Instead, the bots use a polynomial or rational approximation of the standard normal (26.2.17; National Bureau of Standards, 1972).",DOCUMENTED,,2026-08-04,6fa3acf8dcd265ac6906d4aa7822c569bd222067565915afff721df2c30f89a7
OA-0525,calculations,Probability,https://docs.optionalpha.com/technical-documentation/calculations/probability,The polynomial approximation formula is P(x) = 1 - Z(x)(b1t + b2t^2 + b3t^3 + b4t^4 + b5t^5) + epsilon.,P(x)=1−Z(x)(b1t+b2t2+b3t3+b4t4+b5t5)+ϵ,DOCUMENTED,,2026-08-04,6fa3acf8dcd265ac6906d4aa7822c569bd222067565915afff721df2c30f89a7
OA-0526,calculations,Probability,https://docs.optionalpha.com/technical-documentation/calculations/probability,"The approximation's t term is defined as t = 1/(1+px), with the constant p = 0.2316419.",t = \frac{1}{1+px},DOCUMENTED,,2026-08-04,6fa3acf8dcd265ac6906d4aa7822c569bd222067565915afff721df2c30f89a7
OA-0527,calculations,Probability,https://docs.optionalpha.com/technical-documentation/calculations/probability,"The polynomial approximation uses the fixed coefficients b1=0.319381530, b2=-0.356563782, b3=1.781477937, b4=-1.821255978, b5=1.330274429.","- b1= 0.319381530
- b2= −0.356563782
- b3= 1.781477937
- b4= −1.821255978
- b5=1.330274429",DOCUMENTED,,2026-08-04,6fa3acf8dcd265ac6906d4aa7822c569bd222067565915afff721df2c30f89a7
OA-0528,calculations,Probability,https://docs.optionalpha.com/technical-documentation/calculations/probability,The polynomial approximation's error term is bounded to an absolute value less than 7.5*10^-8.,|e(x)| < 7.5 \* 10^{-8},DOCUMENTED,,2026-08-04,6fa3acf8dcd265ac6906d4aa7822c569bd222067565915afff721df2c30f89a7
OA-0529,calculations,Probability,https://docs.optionalpha.com/technical-documentation/calculations/probability,"The general (non-standard) normal probability density function is Z(x) = e^{-(x-mu)^2/(2*sigma^2)} / (sigma*sqrt(2*pi)), where mu is the location parameter and sigma is the scale parameter.",Z(x) = \frac {e^{\frac {-(x-μ)^{2}} {2σ^{2}}}}{σ \sqrt{2\pi}},DOCUMENTED,,2026-08-04,6fa3acf8dcd265ac6906d4aa7822c569bd222067565915afff721df2c30f89a7
OA-0530,calculations,Probability,https://docs.optionalpha.com/technical-documentation/calculations/probability,"When mu=0 and sigma=1 (the standard normal distribution), the density function simplifies to Z(x) = e^{-x^2/2} / sqrt(2*pi).",Z(x) = \frac {e^{\frac {-x^{2}} {2}}}{\sqrt{2\pi}},DOCUMENTED,,2026-08-04,6fa3acf8dcd265ac6906d4aa7822c569bd222067565915afff721df2c30f89a7
OA-0531,calculations,Probability,https://docs.optionalpha.com/technical-documentation/calculations/probability,"The probability function's inputs are current price, strike price, annual volatility of the underlying, the risk-free rate, and days to maturity, used to compute d1 and d2.","The probability function takes the current price, strike price, annual volatility of the underlying, the risk-free rate, and days to maturity as inputs to calculate d1 and d2​, as described above.",DOCUMENTED,,2026-08-04,6fa3acf8dcd265ac6906d4aa7822c569bd222067565915afff721df2c30f89a7
OA-0532,calculations,Probability,https://docs.optionalpha.com/technical-documentation/calculations/probability,"The bots compute N(d2) from BSM by first solving the probability density function Z(x), then feeding all values into the cumulative distribution function P(x).","The bots will then effectively calculate N(d2) from BSM by first solving the probability density function, Z(x), before using all values as inputs to the cumulative probability distribution function, P(x).",DOCUMENTED,,2026-08-04,6fa3acf8dcd265ac6906d4aa7822c569bd222067565915afff721df2c30f89a7
OA-0533,calculations,Probability,https://docs.optionalpha.com/technical-documentation/calculations/probability,"For a European call option, N(d1) equals the option's Delta (rate of change of option price relative to underlying price).","Delta: For a European call option, N(d1) is the option's Delta, which signifies the rate of change of option price with respect to the price of the underlying asset.",DOCUMENTED,,2026-08-04,6fa3acf8dcd265ac6906d4aa7822c569bd222067565915afff721df2c30f89a7
OA-0534,calculations,Probability,https://docs.optionalpha.com/technical-documentation/calculations/probability,N(d1) also represents the hedge ratio: the number of shares needed to hedge against the option's price change.,"Hedge Ratio: N(d1) also represents the number of shares needed to hedge against the price change in the option, often termed as the hedge ratio.",DOCUMENTED,,2026-08-04,6fa3acf8dcd265ac6906d4aa7822c569bd222067565915afff721df2c30f89a7
OA-0535,calculations,Probability,https://docs.optionalpha.com/technical-documentation/calculations/probability,"N(d1) can be interpreted as the risk-adjusted probability the option finishes in-the-money under the risk-neutral measure, discounted back to today's value.","Probabilistic Interpretation: N(d1) can be interpreted as the risk-adjusted probability that the option will finish in-the-money under the risk-neutral measure, discounted back to today's value.",DOCUMENTED,,2026-08-04,6fa3acf8dcd265ac6906d4aa7822c569bd222067565915afff721df2c30f89a7
OA-0536,calculations,Probability,https://docs.optionalpha.com/technical-documentation/calculations/probability,"N(d2) represents the risk-neutral probability that a call option is exercised, i.e. that the underlying finishes above strike K at expiration T.","Probabilistic Interpretation: N(d2) represents the risk-neutral probability that the option will be exercised, i.e., that the asset will be above the strike price K at expiration T for a call option.",DOCUMENTED,,2026-08-04,6fa3acf8dcd265ac6906d4aa7822c569bd222067565915afff721df2c30f89a7
OA-0537,calculations,Probability,https://docs.optionalpha.com/technical-documentation/calculations/probability,The full Black-Scholes call price formula using both N(d1) and N(d2) is C = S*N(d1) - K*e^{-rT}*N(d2).,C = S \cdot N(d\_1) - K \cdot e^{-rT} \cdot N(d\_2),DOCUMENTED,,2026-08-04,6fa3acf8dcd265ac6906d4aa7822c569bd222067565915afff721df2c30f89a7
OA-0538,calculations,Probability,https://docs.optionalpha.com/technical-documentation/calculations/probability,The equivalent Black-Scholes formula for a European put option is P = K*e^{-rT}*(1-N(d2)) - S*(1-N(d1)).,P = K \cdot e^{-rT} \cdot (1-N(d\_2)) - S \cdot (1-N(d\_1)),DOCUMENTED,,2026-08-04,6fa3acf8dcd265ac6906d4aa7822c569bd222067565915afff721df2c30f89a7
OA-0539,calculations,Probability,https://docs.optionalpha.com/technical-documentation/calculations/probability,"N(d1) is more sensitive to changes in the underlying's price than N(d2), owing to N(d1)'s direct correlation to option Delta.","Sensitivities: N(d1) is more sensitive to changes in the underlying asset's price, given its direct correlation to Delta. N(d2) is generally less sensitive to these changes.",DOCUMENTED,,2026-08-04,6fa3acf8dcd265ac6906d4aa7822c569bd222067565915afff721df2c30f89a7
OA-0540,calculations,Probability,https://docs.optionalpha.com/technical-documentation/calculations/probability,"There are two probability-related decisions available on the security/underlying object: ""chance of being above/below m price in n days"" and ""chance of being between a and b prices in n days.""","- Chance of being above/below m price in n days is more/less than x.
- Chance of being between a and b prices in n days is more/less than x.",DOCUMENTED,,2026-08-04,6fa3acf8dcd265ac6906d4aa7822c569bd222067565915afff721df2c30f89a7
OA-0541,calculations,Probability,https://docs.optionalpha.com/technical-documentation/calculations/probability,"The ""chance of being below m price in n days"" decision is computed directly as the output of P(x); the ""chance of being above"" decision is computed as 1-P(x).","The first use case, the chance of being below m price in n days, is the output of P(x). The opposite decision, the chance of being above m price in n days, is simply 1−P(x).",DOCUMENTED,,2026-08-04,6fa3acf8dcd265ac6906d4aa7822c569bd222067565915afff721df2c30f89a7
OA-0542,calculations,Probability,https://docs.optionalpha.com/technical-documentation/calculations/probability,"The ""chance of price being between a and b"" decision is computed by subtracting P(x) evaluated at S(T)=a from P(x) evaluated at S(T)=b.","Therefore, to calculate the chance of falling within a range in n days, we subtract P(x) with S(T)=a from P(x) with S(T)=b to determine the final probability.",DOCUMENTED,,2026-08-04,6fa3acf8dcd265ac6906d4aa7822c569bd222067565915afff721df2c30f89a7
OA-0543,calculations,Probability,https://docs.optionalpha.com/technical-documentation/calculations/probability,"For Opportunities (as opposed to the underlying security object), there is only one probability-related decision type available: ""Chance of Profit, MaxProfit, MaxLoss, ITM, etc. is more/less than x.""","There is one probability-related decision available when analyzing Opportunities, either in a decision or as part of Trade Ideas:

- Chance of Profit, MaxProfit, MaxLoss, ITM, etc. is more/less than x.",DOCUMENTED,,2026-08-04,6fa3acf8dcd265ac6906d4aa7822c569bd222067565915afff721df2c30f89a7
OA-0544,calculations,Probability,https://docs.optionalpha.com/technical-documentation/calculations/probability,"For Opportunity-level probability calculations, the time input is always the number of days to expiration, meaning these probabilities always answer ""what happens at expiration,"" not at some other point in time.","For Opportunities, calculations are always made using the number of days to expiration as the input, i.e., we're answering the question, ""What is the chance of these things happening at expiration?""",DOCUMENTED,,2026-08-04,6fa3acf8dcd265ac6906d4aa7822c569bd222067565915afff721df2c30f89a7
OA-0545,calculations,Probability,https://docs.optionalpha.com/technical-documentation/calculations/probability,"For a short put spread, ""chance of profit"" is the probability the underlying finishes above the spread's breakeven price at expiration (i.e., the spread nets at least a $1 profit).","In the case of a short put spread, for example, the ""chance of profit"" is determined by the probability the underlying price will be above the break-even price of the spread at expiration. In other words, the probability the spread will make at least a $1 profit.",DOCUMENTED,,2026-08-04,6fa3acf8dcd265ac6906d4aa7822c569bd222067565915afff721df2c30f89a7
OA-0546,calculations,Probability,https://docs.optionalpha.com/technical-documentation/calculations/probability,"For a short put spread, the ""max loss"" chance is the probability the underlying finishes below the long put strike at expiration, and the ""ITM"" chance is the probability the underlying finishes below the short strike at expiration.","The max loss chance is then determined by the underlying price being below the long put at expiration, and the being ITM chance is determined by the underlying price being below the short strike at expiration.",DOCUMENTED,,2026-08-04,6fa3acf8dcd265ac6906d4aa7822c569bd222067565915afff721df2c30f89a7
OA-0547,calculations,Probability,https://docs.optionalpha.com/technical-documentation/calculations/probability,"For multi-legged strategies like iron condors, the same ""chance of price between a and b"" formula is reused to determine the profit-range likelihood between the short strikes as well as the max-loss range.","In the case of more complex, multi-legged strategies like iron condors, we use the same probability formula for calculating the chance of price between prices a and b to determine the likelihood of the profit range in between the short strikes, max loss range, etc.",DOCUMENTED,,2026-08-04,6fa3acf8dcd265ac6906d4aa7822c569bd222067565915afff721df2c30f89a7
OA-0548,calculations,Probability,https://docs.optionalpha.com/technical-documentation/calculations/probability,"This page describes the volatility input to the probability formula only as ""annual volatility of the underlying"" and does not itself specify whether that volatility is implied volatility or historical volatility.",,DOCS-SILENT,"page does not itself state whether the ""volatility"" input is implied or historical volatility (answered on a separate page, probability-theory)",2026-08-04,6fa3acf8dcd265ac6906d4aa7822c569bd222067565915afff721df2c30f89a7
OA-0549,calculations,Probability,https://docs.optionalpha.com/technical-documentation/calculations/probability,"The page does not state where the risk-free rate value r used in the bots' calculations comes from (e.g., a specific benchmark rate or how often it is updated).",,DOCS-SILENT,source/update frequency of the risk-free rate input r is not stated,2026-08-04,6fa3acf8dcd265ac6906d4aa7822c569bd222067565915afff721df2c30f89a7
OA-0550,calculations,Profit and Loss,https://docs.optionalpha.com/technical-documentation/calculations/profit-and-loss,The bot dashboard displays lifetime position metrics for a bot.,The bot dashboard shows the lifetime position metrics for a bot.,DOCUMENTED,,2026-08-04,b8d1476bb38c05d487129c460fdaf31058f93e91f6f938618169fd4da0b68e69
OA-0551,calculations,Profit and Loss,https://docs.optionalpha.com/technical-documentation/calculations/profit-and-loss,"The daily P&L chart requires at least 3 data points, i.e. 3 closing portfolio values across 3 market days, before it will display a graph.","The daily P&L chart requires at least 3 data points, i.e., 3 closing values on the portfolio across 3 market days before a graph is displayed.",DOCUMENTED,,2026-08-04,b8d1476bb38c05d487129c460fdaf31058f93e91f6f938618169fd4da0b68e69
OA-0552,calculations,Profit and Loss,https://docs.optionalpha.com/technical-documentation/calculations/profit-and-loss,The active profit and loss value updates every time the dashboard page is refreshed (not on a fixed timer).,The active profit and loss value is updated each time the page is refreshed.,DOCUMENTED,,2026-08-04,b8d1476bb38c05d487129c460fdaf31058f93e91f6f938618169fd4da0b68e69
OA-0553,calculations,Profit and Loss,https://docs.optionalpha.com/technical-documentation/calculations/profit-and-loss,The Activity Window summarizes all bot activity.,The Activity Window will summarizes all bot activity.,DOCUMENTED,,2026-08-04,b8d1476bb38c05d487129c460fdaf31058f93e91f6f938618169fd4da0b68e69
OA-0554,calculations,Profit and Loss,https://docs.optionalpha.com/technical-documentation/calculations/profit-and-loss,All End-of-Day profit and loss calculations settle daily at 4:15 Eastern Time.,All End-of-Day profit and loss calculations are settled daily at 4:15 Eastern Time (ET),DOCUMENTED,,2026-08-04,b8d1476bb38c05d487129c460fdaf31058f93e91f6f938618169fd4da0b68e69
OA-0555,calculations,Profit and Loss,https://docs.optionalpha.com/technical-documentation/calculations/profit-and-loss,"During the 15-minute period after the market close, bid/ask spreads can become extremely wide, which skews the Daily P/L shown on the bot dashboard.","During the 15-minute period after the close, bid/ask spreads can become extremely wide which will cause the Daily P/L on your bot dashboard to become skewed. Do not panic!",DOCUMENTED,,2026-08-04,b8d1476bb38c05d487129c460fdaf31058f93e91f6f938618169fd4da0b68e69
OA-0556,calculations,Profit and Loss,https://docs.optionalpha.com/technical-documentation/calculations/profit-and-loss,The Activity Window shows total counts for bot automations and decisions plus daily counts of positions opened and closed.,The activity window provides a snapshot overview of the total count for bot automations and decisions along with daily counts for open and closed positions.,DOCUMENTED,,2026-08-04,b8d1476bb38c05d487129c460fdaf31058f93e91f6f938618169fd4da0b68e69
OA-0557,calculations,Profit and Loss,https://docs.optionalpha.com/technical-documentation/calculations/profit-and-loss,"The Activity Window also shows, on a daily basis, any tickers that were referenced and any warnings or errors.","In addition, any tickers that have been referenced and any warnings or errors are also shown on a daily basis.",DOCUMENTED,,2026-08-04,b8d1476bb38c05d487129c460fdaf31058f93e91f6f938618169fd4da0b68e69
OA-0558,calculations,Profit and Loss,https://docs.optionalpha.com/technical-documentation/calculations/profit-and-loss,Warnings and errors in the Activity Window are cleared and reset before the market opens each following day.,Warnings and errors will be cleared and reset prior to the market opening the following day.,DOCUMENTED,,2026-08-04,b8d1476bb38c05d487129c460fdaf31058f93e91f6f938618169fd4da0b68e69
OA-0559,calculations,Profit and Loss,https://docs.optionalpha.com/technical-documentation/calculations/profit-and-loss,"In the worked Available Capital example, a new bot starts with $2,500 allocated capital.","Assume a new bot is allocated $2,500 capital.",DOCUMENTED,,2026-08-04,b8d1476bb38c05d487129c460fdaf31058f93e91f6f938618169fd4da0b68e69
OA-0560,calculations,Profit and Loss,https://docs.optionalpha.com/technical-documentation/calculations/profit-and-loss,"In the worked example, the bot opens a $5-wide short put spread for a $1.75 ($175) credit.",1) The bot opens a $5 wide short put spread and receives $1.75 ($ 175) credit.,DOCUMENTED,,2026-08-04,b8d1476bb38c05d487129c460fdaf31058f93e91f6f938618169fd4da0b68e69
OA-0561,calculations,Profit and Loss,https://docs.optionalpha.com/technical-documentation/calculations/profit-and-loss,"In the worked example, a second $5-wide short put spread opens for a $1.50 ($150) credit.",2) Another $5 wide short put spread opens for a $1.50 ($ 150) credit.,DOCUMENTED,,2026-08-04,b8d1476bb38c05d487129c460fdaf31058f93e91f6f938618169fd4da0b68e69
OA-0562,calculations,Profit and Loss,https://docs.optionalpha.com/technical-documentation/calculations/profit-and-loss,"After both example trades, the bot's capital is $2,825 (the original $2,500 allocation plus the $175 and $150 credits).","The bot now has $2,825 in capital (original allocation $2,500 + $175 + $150).",DOCUMENTED,,2026-08-04,b8d1476bb38c05d487129c460fdaf31058f93e91f6f938618169fd4da0b68e69
OA-0563,calculations,Profit and Loss,https://docs.optionalpha.com/technical-documentation/calculations/profit-and-loss,"In the worked example, each short put spread carries a $500 maintenance requirement, for total maintenance of $1,000 across both open positions.","Both short put spread have a $500 maintenance. The total maintenance requirement for the open positions is $1,000.",DOCUMENTED,,2026-08-04,b8d1476bb38c05d487129c460fdaf31058f93e91f6f938618169fd4da0b68e69
OA-0564,calculations,Profit and Loss,https://docs.optionalpha.com/technical-documentation/calculations/profit-and-loss,"Available capital equals total capital minus total maintenance; in the worked example $2,825 minus $1,000 leaves $1,825 of available capital.","$2,825 - $1,000 = $1,825. The $1,825 is the available capital.",DOCUMENTED,,2026-08-04,b8d1476bb38c05d487129c460fdaf31058f93e91f6f938618169fd4da0b68e69
OA-0565,calculations,Profit and Loss,https://docs.optionalpha.com/technical-documentation/calculations/profit-and-loss,The Available Capital calculation factors in pending orders so a bot cannot exceed its max allocation.,The Available Capital calculation includes pending orders to prevent exceeding max allocation.,DOCUMENTED,,2026-08-04,b8d1476bb38c05d487129c460fdaf31058f93e91f6f938618169fd4da0b68e69
OA-0566,calculations,Profit and Loss,https://docs.optionalpha.com/technical-documentation/calculations/profit-and-loss,"Total P/L is the sum of both active and closed positions (realized and unrealized gains or losses), and it updates on every page refresh.",The active profit and loss value is updated each time the page is refreshed and is the total of both active and closed positions (realized and unrealized gains or losses).,DOCUMENTED,,2026-08-04,b8d1476bb38c05d487129c460fdaf31058f93e91f6f938618169fd4da0b68e69
OA-0567,calculations,Profit and Loss,https://docs.optionalpha.com/technical-documentation/calculations/profit-and-loss,ROI is defined as the return of an investment divided by the cost of the investment.,ROI divides the return of an investment by the cost of the investment.,DOCUMENTED,,2026-08-04,b8d1476bb38c05d487129c460fdaf31058f93e91f6f938618169fd4da0b68e69
OA-0568,calculations,Profit and Loss,https://docs.optionalpha.com/technical-documentation/calculations/profit-and-loss,"In the worked ROI example, a $5,000 investment now worth $6,000 has a 20% ROI.","For example, if an investment cost $5,000 to purchase and is now worth $6,000, the ROI for the investment is 20% ($ 6,000-$5,000 = $1,000 / $5,000).",DOCUMENTED,,2026-08-04,b8d1476bb38c05d487129c460fdaf31058f93e91f6f938618169fd4da0b68e69
OA-0569,calculations,Profit and Loss,https://docs.optionalpha.com/technical-documentation/calculations/profit-and-loss,"Change % is the change in P/L from yesterday to today divided by yesterday's total bot ""value"" (worth including open positions).","Change % is the change in P/L between yesterday and today divided by yesterday's bot ""value"" (the total worth of the bot, including open positions).",DOCUMENTED,,2026-08-04,b8d1476bb38c05d487129c460fdaf31058f93e91f6f938618169fd4da0b68e69
OA-0570,calculations,Profit and Loss,https://docs.optionalpha.com/technical-documentation/calculations/profit-and-loss,"When a bot has no previous day's value available, the Change % calculation uses the bot's allocation as the starting value instead.","When the bot has no previous day's value that can be used, the allocation is used to provide a starting value.",DOCUMENTED,,2026-08-04,b8d1476bb38c05d487129c460fdaf31058f93e91f6f938618169fd4da0b68e69
OA-0571,calculations,Profit and Loss,https://docs.optionalpha.com/technical-documentation/calculations/profit-and-loss,"On this page, Win Rate is defined as the total number of winning trades divided by total trades.",The win rate divides the total number of winning trades by total trades.,DOCUMENTED,,2026-08-04,b8d1476bb38c05d487129c460fdaf31058f93e91f6f938618169fd4da0b68e69
OA-0572,calculations,Profit and Loss,https://docs.optionalpha.com/technical-documentation/calculations/profit-and-loss,"In the worked win-rate example, 200 placed trades with 120 profitable trades yields a 60% win rate.","For example, if an investor has placed 200 trades and has realized a profit on 120 of them, the win rate is 60% (120/200).",DOCUMENTED,,2026-08-04,b8d1476bb38c05d487129c460fdaf31058f93e91f6f938618169fd4da0b68e69
OA-0573,calculations,Profit and Loss,https://docs.optionalpha.com/technical-documentation/calculations/profit-and-loss,Win rate is described as less important than profit factor for judging trading performance.,"While the win rate can identify how successful trades are at generating profit, it is not as important as the profit factor or how much is gained or lost on each trade.",DOCUMENTED,,2026-08-04,b8d1476bb38c05d487129c460fdaf31058f93e91f6f938618169fd4da0b68e69
OA-0574,calculations,Profit and Loss,https://docs.optionalpha.com/technical-documentation/calculations/profit-and-loss,The docs illustrate that a 60% win rate can still lose capital overall if losses average 3x the size of wins.,"For example, an investor may have a 60%-win rate, but if they lose 3x as much when they lose as they make when they win, they will still lose capital over time.",DOCUMENTED,,2026-08-04,b8d1476bb38c05d487129c460fdaf31058f93e91f6f938618169fd4da0b68e69
OA-0575,calculations,Profit and Loss,https://docs.optionalpha.com/technical-documentation/calculations/profit-and-loss,Profit factor is defined as the total amount of money gained divided by the total amount of money lost.,The profit factor divides the total amount of money gained by the total amount of money lost.,DOCUMENTED,,2026-08-04,b8d1476bb38c05d487129c460fdaf31058f93e91f6f938618169fd4da0b68e69
OA-0576,calculations,Profit and Loss,https://docs.optionalpha.com/technical-documentation/calculations/profit-and-loss,"In the worked example, 200 trades with a 60% win rate averaging $50 per winning trade and $50 per losing trade produce a profit factor of 1.5 and a net profit of $2,000.","For example, if an investor has placed 200 trades with a win rate of 60% and averages $50 per winning trade and $50 per losing trade, their profit factor will be 1.5 with a net profit of $2000 ((120 x $50 = $6,000) / (80 x $50 = $4,000)).",DOCUMENTED,,2026-08-04,b8d1476bb38c05d487129c460fdaf31058f93e91f6f938618169fd4da0b68e69
OA-0577,calculations,Profit and Loss,https://docs.optionalpha.com/technical-documentation/calculations/profit-and-loss,"In the contrasting example, the same 60% win rate on 200 trades but averaging $50 per win and $150 per loss produces a profit factor of 0.5 and a net loss of $6,000.","Compare this with an investor who has a 60%-win rate on 200 trades but a profit factor of .5 because they average $50 per winning trade, but $150 per losing trade ((120 x $50 = $6,000) / (80 x $150 = $12,000)). They will have a net loss of -$ 6,000, despite the same win rate.",DOCUMENTED,,2026-08-04,b8d1476bb38c05d487129c460fdaf31058f93e91f6f938618169fd4da0b68e69
OA-0578,calculations,Profit and Loss,https://docs.optionalpha.com/technical-documentation/calculations/profit-and-loss,"Max Drawdown measures the greatest fall in value from a peak high to the lowest point reached before a new peak is achieved, and is also shown as a percentage.",Maximum drawdown is a measure of the greatest fall in value from the peak high point to the lowest point before a new peak is achieved. This is also displayed as a percentage to further help identify how drastic of a peak to valley drawdown has been experienced over the course of the charted performance graph.,DOCUMENTED,,2026-08-04,b8d1476bb38c05d487129c460fdaf31058f93e91f6f938618169fd4da0b68e69
OA-0579,calculations,Profit and Loss,https://docs.optionalpha.com/technical-documentation/calculations/profit-and-loss,"If a bot's P/L value never crosses below 0, the performance graph anchors its low point at 0 and shows only a maximum peak value alongside current P/L.","If the bot's P/L value does not cross below 0, the performance graph will use 0 as the low point anchor and only display a maximum peak value alongside the current P/L value.",DOCUMENTED,,2026-08-04,b8d1476bb38c05d487129c460fdaf31058f93e91f6f938618169fd4da0b68e69
OA-0580,calculations,Profit and Loss,https://docs.optionalpha.com/technical-documentation/calculations/profit-and-loss,Avg P/L is calculated as Closed P/L divided by the number of closed positions.,Avg P/L is the average gain or loss for all closed positions. (Closed P/L ÷ Closed positions).,DOCUMENTED,,2026-08-04,b8d1476bb38c05d487129c460fdaf31058f93e91f6f938618169fd4da0b68e69
OA-0581,calculations,Profit and Loss,https://docs.optionalpha.com/technical-documentation/calculations/profit-and-loss,Avg Win is calculated as the Closed P/L of winning trades divided by the number of winning trades.,Avg Win is the average gain for all winning positions. (Closed P/L of winning trades ÷ Number of winning trades),DOCUMENTED,,2026-08-04,b8d1476bb38c05d487129c460fdaf31058f93e91f6f938618169fd4da0b68e69
OA-0582,calculations,Profit and Loss,https://docs.optionalpha.com/technical-documentation/calculations/profit-and-loss,Avg Loss is calculated as the Closed P/L of losing trades divided by the number of losing trades.,Avg Loss is the average loss for all losing positions. (Closed P/L of losing trades ÷ Number of losing trades),DOCUMENTED,,2026-08-04,b8d1476bb38c05d487129c460fdaf31058f93e91f6f938618169fd4da0b68e69
OA-0583,calculations,Profit and Loss,https://docs.optionalpha.com/technical-documentation/calculations/profit-and-loss,"Position ""value"" is the currentPrice of a share or contract multiplied by the number of contracts, where currentPrice is synonymous with the matched opportunity mark.","The position ""value"" is a function of the currentPrice of a share or contract multiplied by the number of contracts, where the currentPrice is synonymous with the matched opportunity mark.",DOCUMENTED,,2026-08-04,b8d1476bb38c05d487129c460fdaf31058f93e91f6f938618169fd4da0b68e69
OA-0584,calculations,Profit and Loss,https://docs.optionalpha.com/technical-documentation/calculations/profit-and-loss,"Each Position is tracked as a combination of legs, and each leg has (or is) a security object.","Each Position is tracked as a combination of legs, where each leg has/is a security object.",DOCUMENTED,,2026-08-04,b8d1476bb38c05d487129c460fdaf31058f93e91f6f938618169fd4da0b68e69
OA-0585,calculations,Profit and Loss,https://docs.optionalpha.com/technical-documentation/calculations/profit-and-loss,"To quote a Position, Option Alpha builds an opportunity from all position legs and compares it to the saved opening values to get an accurate quote.","Every time we quote the Position, we build an opportunity out of all of the position legs and compare it to the saved values for where the Position opened to provide an accurate quote.",DOCUMENTED,,2026-08-04,b8d1476bb38c05d487129c460fdaf31058f93e91f6f938618169fd4da0b68e69
OA-0586,calculations,Profit and Loss,https://docs.optionalpha.com/technical-documentation/calculations/profit-and-loss,"For a 425/400 short put spread, Option Alpha pulls quotes for the 425 put and 400 put independently, combines them into a spread opportunity value X, and subtracts the original opening value Y from X to get the P/L.","For example, if we have a 425/400 short put spread and we want to know the P/L, we pull quotes for the 425 put and 400 put independently and then combine them into a short put spread opportunity. This provides the value X of this short put spread right now and now subtract the value of the original position, Y, from X, and that's the P/L.",DOCUMENTED,,2026-08-04,b8d1476bb38c05d487129c460fdaf31058f93e91f6f938618169fd4da0b68e69
OA-0587,calculations,Profit and Loss,https://docs.optionalpha.com/technical-documentation/calculations/profit-and-loss,Total open P/L is obtained by summing the resultant P/L values for every open position.,"To obtain the total open P/L, sum the resultant values for every open position.",DOCUMENTED,,2026-08-04,b8d1476bb38c05d487129c460fdaf31058f93e91f6f938618169fd4da0b68e69
OA-0588,calculations,Profit and Loss,https://docs.optionalpha.com/technical-documentation/calculations/profit-and-loss,"Option Alpha receives order IDs and fill prices directly from the broker, but traders are advised to cross-reference this against their broker's platform for consistency.","Option Alpha receives order IDs and fill prices directly from the broker. While this data exchange ensures accuracy, it is essential for traders to cross-reference this information with their broker's platform to ensure consistency.",DOCUMENTED,,2026-08-04,b8d1476bb38c05d487129c460fdaf31058f93e91f6f938618169fd4da0b68e69
OA-0589,calculations,Profit and Loss,https://docs.optionalpha.com/technical-documentation/calculations/profit-and-loss,"Option Alpha values all positions using the mid price of the entire position, whereas brokers often evaluate individual legs using the Last trade price.","Option Alpha values all positions based on the mid price of the entire position. In contrast, brokers often evaluate individual legs using the Last trade price.",DOCUMENTED,,2026-08-04,b8d1476bb38c05d487129c460fdaf31058f93e91f6f938618169fd4da0b68e69
OA-0590,calculations,Profit and Loss,https://docs.optionalpha.com/technical-documentation/calculations/profit-and-loss,Option Alpha justifies using mid price because it represents a likely exit price and avoids one leg's Last trade price skewing the overall position valuation.,"Option Alpha justifies the use of the mid price as the best representation of a position's value as that represents a likely exit price, making it a more accurate measure of its potential value. By avoiding reliance on the Last trade price of any one leg, Option Alpha ensures that individual leg prices don't throw off the overall evaluation.",DOCUMENTED,,2026-08-04,b8d1476bb38c05d487129c460fdaf31058f93e91f6f938618169fd4da0b68e69
OA-0591,calculations,Profit and Loss,https://docs.optionalpha.com/technical-documentation/calculations/profit-and-loss,"Broker statements may reflect the Wash Sale rule (disallowing immediate repurchase of a security sold at a loss, for tax purposes), which can create P/L variations versus Option Alpha.","Broker statements might reflect the Wash Sale rule in effect, which disallows the immediate repurchase of a security after selling it at a loss for tax purposes. This can lead to variations in P/L calculations between Option Alpha and brokerage platforms.",DOCUMENTED,,2026-08-04,b8d1476bb38c05d487129c460fdaf31058f93e91f6f938618169fd4da0b68e69
OA-0592,calculations,Profit and Loss,https://docs.optionalpha.com/technical-documentation/calculations/profit-and-loss,Option Alpha's P/L calculations exclude all commission and exchange fees.,Option Alpha does not include any commission or exchange fees in its P/L calculations.,DOCUMENTED,,2026-08-04,b8d1476bb38c05d487129c460fdaf31058f93e91f6f938618169fd4da0b68e69
OA-0593,calculations,Profit and Loss,https://docs.optionalpha.com/technical-documentation/calculations/profit-and-loss,"On the Bots homepage, the Change column shows the day-to-day change in a position's value, not its actual current value.","On the Bots homepage of Option Alpha, the Change column represents the change in a position's value from one day to the next. It does not reflect the actual value of the position.",DOCUMENTED,,2026-08-04,b8d1476bb38c05d487129c460fdaf31058f93e91f6f938618169fd4da0b68e69
OA-0594,calculations,Profit and Loss,https://docs.optionalpha.com/technical-documentation/calculations/profit-and-loss,"In the worked Change-column example, a position valued at $100 at yesterday's close and $200 today shows a Change value of $100.","For example, if a position’s value was $100 at market close yesterday and is now valued at $200, the Change column will display the difference, which is $100.",DOCUMENTED,,2026-08-04,b8d1476bb38c05d487129c460fdaf31058f93e91f6f938618169fd4da0b68e69
OA-0595,calculations,Profit and Loss,https://docs.optionalpha.com/technical-documentation/calculations/profit-and-loss,"The Bots-page Change column is not the same as a broker's Day P/L or Open P/L column, which shows only today's position values rather than day-to-day change.","This is not the same as a Day P/L or Open P/L column that you may see on the broker platform, which is showing you the value of positions today only, and not the day-to-day change.",DOCUMENTED,,2026-08-04,b8d1476bb38c05d487129c460fdaf31058f93e91f6f938618169fd4da0b68e69
OA-0596,calculations,Profit and Loss,https://docs.optionalpha.com/technical-documentation/calculations/profit-and-loss,"The Change column on the main Bots page also includes the Change from any positions closed that day, which commonly makes it differ from other Change figures that only reflect active positions.","Additionally, the Change column from the main Bots page will include the Change of any closed positions today. This makes it common for the two Change column values to be different from one another. One viewpoint reflects all change, including closed positions, the other is only active open positions.",DOCUMENTED,,2026-08-04,b8d1476bb38c05d487129c460fdaf31058f93e91f6f938618169fd4da0b68e69
OA-0597,calculations,Profit and Loss,https://docs.optionalpha.com/technical-documentation/calculations/profit-and-loss,"After-hours pricing widens bid/ask spreads of the underlying position, causing distorted position values that return to normal alignment once the market reopens the next day.","The most common discrepancy is caused by after-hours pricing. When the market closes, the spread prices of the underlying position widen out, which causes wild misrepresentations of the position's value. Upon the market reopening the following day, the values, and underlying spreads come back into normal alignment.",DOCUMENTED,,2026-08-04,b8d1476bb38c05d487129c460fdaf31058f93e91f6f938618169fd4da0b68e69
OA-0598,calculations,Profit and Loss,https://docs.optionalpha.com/technical-documentation/calculations/profit-and-loss,The most common cause of OA-vs-broker P/L differences is In The Money positions overridden and released before expiration by Option Alpha's Option Expiration Protocol.,"As mentioned in our Order Handling page, the most common reason for differences between the two platforms is due to overridden In The Money positions that were released before expiration by our Option Expiration Protocol.",DOCUMENTED,,2026-08-04,b8d1476bb38c05d487129c460fdaf31058f93e91f6f938618169fd4da0b68e69
OA-0599,calculations,Profit and Loss,https://docs.optionalpha.com/technical-documentation/calculations/profit-and-loss,Traders who let ITM positions expire are instructed to update the closed value based on the settlement price shown in their brokerage account.,"Be sure to keep an eye on your expiring positions and if you intend to let In The Money positions expire, update the closed value based on the settlement price reflected in your brokerage account.",DOCUMENTED,,2026-08-04,b8d1476bb38c05d487129c460fdaf31058f93e91f6f938618169fd4da0b68e69
OA-0600,calculations,Profit and Loss,https://docs.optionalpha.com/technical-documentation/calculations/profit-and-loss,"The page does not specify a precise numeric threshold for how wide bid/ask spreads must become during the post-close 15-minute window to be considered ""extremely wide.""",,DOCS-SILENT,no quantified spread-width threshold given for the post-close skew warning,2026-08-04,b8d1476bb38c05d487129c460fdaf31058f93e91f6f938618169fd4da0b68e69
OA-0601,calculations,Understanding Alpha and Expected Value,https://docs.optionalpha.com/technical-documentation/calculations/understanding-alpha-and-expected-value,Expected Value (EV) is defined on this page as a weighted average of all possible outcomes of a random variable.,"To put it simply, EV is a weighted average of all possible outcomes. It serves as a powerful tool for decision-making and risk assessment.",DOCUMENTED,,2026-08-04,a2ca27ca44aaf52dd4762fb658ca6f89fa689671c890cf7a255ce2d7b6b4a39c
OA-0602,calculations,Understanding Alpha and Expected Value,https://docs.optionalpha.com/technical-documentation/calculations/understanding-alpha-and-expected-value,"OA states that accurately calculating EV for an options trade requires assessing probabilities and payoffs for every profit/loss scenario, not just a single scenario.","To accurately calculate the expected value for an options trade, we found it critical to assess the probabilities and associated payoffs not just for a single profit/loss scenario, but for *every profit/loss scenario*.",DOCUMENTED,,2026-08-04,a2ca27ca44aaf52dd4762fb658ca6f89fa689671c890cf7a255ce2d7b6b4a39c
OA-0603,calculations,Understanding Alpha and Expected Value,https://docs.optionalpha.com/technical-documentation/calculations/understanding-alpha-and-expected-value,"In Trade Ideas 2.0, OA completely revised the Alpha metric to be based on the true Expected Value of an Opportunity, described as a calculation unique to OA in the industry.","We’re excited to announce that in **Trade Ideas 2.0**, we’ve completely revised the Alpha metric to be based on the true Expected Value of an Opportunity. It is a calculation that no one else in this industry is offering.",DOCUMENTED,,2026-08-04,a2ca27ca44aaf52dd4762fb658ca6f89fa689671c890cf7a255ce2d7b6b4a39c
OA-0604,calculations,Understanding Alpha and Expected Value,https://docs.optionalpha.com/technical-documentation/calculations/understanding-alpha-and-expected-value,The article's worked examples assume all trades are defined-risk (both max profit and max loss are known) and use the Black-Scholes-derived Probability Density Function (PDF) for probability of future price.,"A model is only as good as its assumptions. For the following examples, we assume all trades are defined-risk, meaning both the maximum profit and loss are known. We also assume there is an efficient function for calculating the probability of the underlying’s price being above or below some price in the future; for this, we will be using the Probability Density Function (PDF) described by Black-Scholes.",DOCUMENTED,,2026-08-04,a2ca27ca44aaf52dd4762fb658ca6f89fa689671c890cf7a255ce2d7b6b4a39c
OA-0605,calculations,Understanding Alpha and Expected Value,https://docs.optionalpha.com/technical-documentation/calculations/understanding-alpha-and-expected-value,"In the simple betting-game example, a max profit of $500 with 40% probability and a max loss of $200 with 60% probability yields an EV of $80 using EV=(MaxProfit*P(MaxProfit))+(MaxLoss*P(MaxLoss)).","Consider a betting game with a maximum potential profit of $500 and a maximum potential loss of $200. Suppose you estimate the probabilities of reaching the max profit and max loss at expiration to be 40% and 60%, respectively.",DOCUMENTED,,2026-08-04,a2ca27ca44aaf52dd4762fb658ca6f89fa689671c890cf7a255ce2d7b6b4a39c
OA-0606,calculations,Understanding Alpha and Expected Value,https://docs.optionalpha.com/technical-documentation/calculations/understanding-alpha-and-expected-value,"Considering only max profit/max loss scenarios, the example's expected value at expiration is stated to be $80.","Therefore, the expected value of an options trade at expiration, considering only the max profit or max loss scenarios, is $80.",DOCUMENTED,,2026-08-04,a2ca27ca44aaf52dd4762fb658ca6f89fa689671c890cf7a255ce2d7b6b4a39c
OA-0607,calculations,Understanding Alpha and Expected Value,https://docs.optionalpha.com/technical-documentation/calculations/understanding-alpha-and-expected-value,A lottery example — betting $2 with a 1% chance of winning $100 and a 99% chance of losing $2 — is stated to produce an expected loss of $0.98 per play over time.,Imagine a lottery game where you bet $2 with a 1% chance of winning $100 and a 99% chance of losing $2.,DOCUMENTED,,2026-08-04,a2ca27ca44aaf52dd4762fb658ca6f89fa689671c890cf7a255ce2d7b6b4a39c
OA-0608,calculations,Understanding Alpha and Expected Value,https://docs.optionalpha.com/technical-documentation/calculations/understanding-alpha-and-expected-value,"The simple max-profit/max-loss-only EV method is flagged as flawed because it ignores the ""gray area"" beyond the short strikes and before the breakevens where partial (neither full profit nor full loss) outcomes occur.","But there is a gray area beyond the short strikes and before the breakevens where some, but not all, profit can be achieved. This can wildly affect the outcome over many occurrences.",DOCUMENTED,,2026-08-04,a2ca27ca44aaf52dd4762fb658ca6f89fa689671c890cf7a255ce2d7b6b4a39c
OA-0609,calculations,Understanding Alpha and Expected Value,https://docs.optionalpha.com/technical-documentation/calculations/understanding-alpha-and-expected-value,"The page asserts that any quoted defined-risk options EV whose max-profit and max-loss probabilities sum to 1 (ignoring the partial-outcome range) can immediately be assumed wrong, or at best a broad estimate.","Any time you see options EV quoted or explained in a defined-risk manner where the probabilities sum to 1 while *only* considering the max profit or loss, you can immediately assume that it’s wrong. At best, it’s a broad estimate or generalization.",DOCUMENTED,,2026-08-04,a2ca27ca44aaf52dd4762fb658ca6f89fa689671c890cf7a255ce2d7b6b4a39c
OA-0610,calculations,Understanding Alpha and Expected Value,https://docs.optionalpha.com/technical-documentation/calculations/understanding-alpha-and-expected-value,"Max-profit and max-loss probabilities can't sum to 1 because there is a real possibility the underlying's price lands between the strikes at expiration, requiring a partial profit/loss calculation.","The probabilities of max profit and loss *can’t* sum to 1 because there is a very real possibility the underlying asset's price is between the strike prices at expiration. In this case, we need to calculate the partial profit or loss.",DOCUMENTED,,2026-08-04,a2ca27ca44aaf52dd4762fb658ca6f89fa689671c890cf7a255ce2d7b6b4a39c
OA-0611,calculations,Understanding Alpha and Expected Value,https://docs.optionalpha.com/technical-documentation/calculations/understanding-alpha-and-expected-value,"In the intermediate (level-2) EV method's worked example, a put credit spread has a short put strike of $55, a long put strike of $50, and a premium received of $2.00.","Short Put: Strike price $55\
Long Put: Strike price $50\
Premium received: $2.00",DOCUMENTED,,2026-08-04,a2ca27ca44aaf52dd4762fb658ca6f89fa689671c890cf7a255ce2d7b6b4a39c
OA-0612,calculations,Understanding Alpha and Expected Value,https://docs.optionalpha.com/technical-documentation/calculations/understanding-alpha-and-expected-value,"In the worked example, the assumed probabilities are 70% the stock stays above $55, 20% it expires between $55 and $50, and 10% it falls below $50.","Assuming a 70% probability of the stock price staying above $55, a 20% probability of it expiring between $55 and $50, and a 10% probability of it falling below $50, we can calculate the expected value by using a linear approximation for the underlying price within the range between the two strikes.",DOCUMENTED,,2026-08-04,a2ca27ca44aaf52dd4762fb658ca6f89fa689671c890cf7a255ce2d7b6b4a39c
OA-0613,calculations,Understanding Alpha and Expected Value,https://docs.optionalpha.com/technical-documentation/calculations/understanding-alpha-and-expected-value,Step 1 of the intermediate method computes Range Value as the difference between the short and long put strikes: $55-$50=$5.,1\. **Calculate the Range Value:** The difference between the short put strike and the long put strike: $55−$50=$5.,DOCUMENTED,,2026-08-04,a2ca27ca44aaf52dd4762fb658ca6f89fa689671c890cf7a255ce2d7b6b4a39c
OA-0614,calculations,Understanding Alpha and Expected Value,https://docs.optionalpha.com/technical-documentation/calculations/understanding-alpha-and-expected-value,Step 3 of the intermediate method computes Max Loss as the Range Value minus the Net Credit Received: ($5-$2)=-$3.,"3\. **Calculate Max Loss:** The max loss is the difference between the range value and the net credit received, i.e., ($5−$2)=−$3",DOCUMENTED,,2026-08-04,a2ca27ca44aaf52dd4762fb658ca6f89fa689671c890cf7a255ce2d7b6b4a39c
OA-0615,calculations,Understanding Alpha and Expected Value,https://docs.optionalpha.com/technical-documentation/calculations/understanding-alpha-and-expected-value,Step 4 computes the Partial value as the midpoint between max profit ($2) and max loss (-$3): ($2-$3)/2 = -$0.50.,Partial = \left(\frac{$2 - $3}{2}\right) = -$0.50,DOCUMENTED,,2026-08-04,a2ca27ca44aaf52dd4762fb658ca6f89fa689671c890cf7a255ce2d7b6b4a39c
OA-0616,calculations,Understanding Alpha and Expected Value,https://docs.optionalpha.com/technical-documentation/calculations/understanding-alpha-and-expected-value,"Step 5 sums (MaxProfit*P(MaxProfit)) + (Partial*P(Partial)) + (MaxLoss*P(MaxLoss)) = ($2*0.7)+(-$0.50*0.2)+(-$3*0.1) = $1.40-$0.10-$0.30 = $1.00, giving a final intermediate-method EV of $1.00 for the spread.",\= $1.40 - $0.10 - $0.30,DOCUMENTED,,2026-08-04,a2ca27ca44aaf52dd4762fb658ca6f89fa689671c890cf7a255ce2d7b6b4a39c
OA-0617,calculations,Understanding Alpha and Expected Value,https://docs.optionalpha.com/technical-documentation/calculations/understanding-alpha-and-expected-value,"The intermediate (level-2) method treats the partial-profit range as a uniform distribution, using the average of max profit and max loss to represent that range's payoff.",It treats the partial range as a uniform distribution and considers the average of the max profit and max loss to represent this range.,DOCUMENTED,,2026-08-04,a2ca27ca44aaf52dd4762fb658ca6f89fa689671c890cf7a255ce2d7b6b4a39c
OA-0618,calculations,Understanding Alpha and Expected Value,https://docs.optionalpha.com/technical-documentation/calculations/understanding-alpha-and-expected-value,"Even though the intermediate method is objectively better than the simple binary method, the page still calls it ""just a broad estimate of EV.""","Even though this calculation is objectively better than the “simple” method, it’s still just a broad estimate of EV.",DOCUMENTED,,2026-08-04,a2ca27ca44aaf52dd4762fb658ca6f89fa689671c890cf7a255ce2d7b6b4a39c
OA-0619,calculations,Understanding Alpha and Expected Value,https://docs.optionalpha.com/technical-documentation/calculations/understanding-alpha-and-expected-value,"Discrete random variables are defined on this page as countably finite (an observable number of increments/steps), while continuous random variables are uncountably infinite.","* Discrete random variables are countably finite, meaning there is an observable number of increments or steps the value of the variable can be.
* Continuous random variables are uncountably infinite.",DOCUMENTED,,2026-08-04,a2ca27ca44aaf52dd4762fb658ca6f89fa689671c890cf7a255ce2d7b6b4a39c
OA-0620,calculations,Understanding Alpha and Expected Value,https://docs.optionalpha.com/technical-documentation/calculations/understanding-alpha-and-expected-value,"The continuous-random-variable expected value formula given is E(X) = integral of [x * f(x)] dx, where f(x) is the PDF of X.",E(X) = ∫\[x \* f(x)] dx,DOCUMENTED,,2026-08-04,a2ca27ca44aaf52dd4762fb658ca6f89fa689671c890cf7a255ce2d7b6b4a39c
OA-0621,calculations,Understanding Alpha and Expected Value,https://docs.optionalpha.com/technical-documentation/calculations/understanding-alpha-and-expected-value,The discrete-random-variable expected value formula given is E(X) = sum of [x * P(X=x)] over all possible values x.,E(X) = ∑\[x \* P(X=x)],DOCUMENTED,,2026-08-04,a2ca27ca44aaf52dd4762fb658ca6f89fa689671c890cf7a255ce2d7b6b4a39c
OA-0622,calculations,Understanding Alpha and Expected Value,https://docs.optionalpha.com/technical-documentation/calculations/understanding-alpha-and-expected-value,OA treats the underlying's price as a discrete random variable for EV purposes because there are discrete $0.01 steps in the underlying's price (in most cases) between the upper and lower profit bounds.,"For example, there are discrete $0.01 steps in the underlying’s price (in most cases) between the upper and lower profit bounds. This means we need to calculate EV based on a discrete random variable, and fortunately, the math to do so is significantly less complicated than continuous variables.",DOCUMENTED,,2026-08-04,a2ca27ca44aaf52dd4762fb658ca6f89fa689671c890cf7a255ce2d7b6b4a39c
OA-0623,calculations,Understanding Alpha and Expected Value,https://docs.optionalpha.com/technical-documentation/calculations/understanding-alpha-and-expected-value,"The discrete-summation EV calculation across every $0.01 increment in the profit range can only be solved in at best linear time, with no shortcuts, and wider strikes mean a larger profit range with more discrete outcomes to sum.","The trade-off, and the reason no one else is doing this at scale, is the higher computational power required to do the summation, which can only be solved at best in linear time. In other words, there are no shortcuts; every discrete outcome and its probability must be calculated within the profit range. The wider the strikes, the larger the profit range, and the more possible discrete outcomes.",DOCUMENTED,,2026-08-04,a2ca27ca44aaf52dd4762fb658ca6f89fa689671c890cf7a255ce2d7b6b4a39c
OA-0624,calculations,Understanding Alpha and Expected Value,https://docs.optionalpha.com/technical-documentation/calculations/understanding-alpha-and-expected-value,"The discrete-EV worked example uses a put credit spread with a short strike of $50 and a long strike of $49, requiring probability/payout calculation at every $0.01 increment between $49 and $50.","To illustrate what we’re talking about, suppose you establish a put credit spread with a short strike price of $50 and a long strike price of $49.",DOCUMENTED,,2026-08-04,a2ca27ca44aaf52dd4762fb658ca6f89fa689671c890cf7a255ce2d7b6b4a39c
OA-0625,calculations,Understanding Alpha and Expected Value,https://docs.optionalpha.com/technical-documentation/calculations/understanding-alpha-and-expected-value,"The general Trade-Ideas-2.0 EV formula for a defined-risk spread is E(X) = Z(MaxLoss)*P(X<$49) + sum[Z(Partial)*P(X=$x)] + Z(MaxProfit)*P(X>$50), where Z(x) is the payout function for outcome x.",\small E(X) = Z(Max Loss) \* P(X < $49) + ∑\[Z(Partial) \* P(X = $x)] + Z(Max Profit) \* P(X > $50),DOCUMENTED,,2026-08-04,a2ca27ca44aaf52dd4762fb658ca6f89fa689671c890cf7a255ce2d7b6b4a39c
OA-0626,calculations,Understanding Alpha and Expected Value,https://docs.optionalpha.com/technical-documentation/calculations/understanding-alpha-and-expected-value,"OA computes this discrete-summation EV, along with other performance/probability metrics, for millions of Trade Idea and Opportunity setup combinations, and states this requires renting significant cloud computing hardware every month.","In order to build and rank Trade Ideas, we are computing EV along with many other performance probability metrics for millions of trade setup combinations.

This requires us to rent some truly powerful cloud computing hardware each month.",DOCUMENTED,,2026-08-04,a2ca27ca44aaf52dd4762fb658ca6f89fa689671c890cf7a255ce2d7b6b4a39c
OA-0627,calculations,Understanding Alpha and Expected Value,https://docs.optionalpha.com/technical-documentation/calculations/understanding-alpha-and-expected-value,"The Trade Ideas 1.0 ""Alpha"" metric was a proprietary score combining various market metrics and statistics in a unique, undisclosed way.","In Trade Ideas 1.0 we created the notion of Alpha, which was a proprietary value that combined various market metrics and statistics in a unique way to provide a score that identified trading opportunities.",DOCUMENTED,,2026-08-04,a2ca27ca44aaf52dd4762fb658ca6f89fa689671c890cf7a255ce2d7b6b4a39c
OA-0628,calculations,Understanding Alpha and Expected Value,https://docs.optionalpha.com/technical-documentation/calculations/understanding-alpha-and-expected-value,"The new (Trade Ideas 2.0) Alpha value is defined as the true computed Expected Value divided by the Max Loss, described as an enhanced version of the Reward/Risk metric.","Now that the true EV of a trade is known, we simply calculate the Alpha value as the Expected Value divided by the Max Loss - an enhanced version of the Reward/Risk metric.",DOCUMENTED,,2026-08-04,a2ca27ca44aaf52dd4762fb658ca6f89fa689671c890cf7a255ce2d7b6b4a39c
OA-0629,calculations,Understanding Alpha and Expected Value,https://docs.optionalpha.com/technical-documentation/calculations/understanding-alpha-and-expected-value,OA states it has published multiple Research Insights blog posts analyzing how pre-trade EV and Alpha values compare to realized P/L results on actual Trade Ideas positions.,We have published multiple [Research Insights blogs](https://optionalpha.com/category/research-insights) to analyze how pre-trade EV and Alpha values compare to realized P/L results using Trade Ideas positions.,DOCUMENTED,,2026-08-04,a2ca27ca44aaf52dd4762fb658ca6f89fa689671c890cf7a255ce2d7b6b4a39c
OA-0630,calculations,Understanding Alpha and Expected Value,https://docs.optionalpha.com/technical-documentation/calculations/understanding-alpha-and-expected-value,"The page never gives an exact closed-form definition of the partial-payout function Z(x) used between the strikes in the discrete-summation EV method; it only says to ""assume there is a function Z(x) that describes the payout for each outcome x.""","Next, we need to calculate the payout for each outcome. Assume there is a function Z(x) that describes the payout for each outcome x.",DOCS-SILENT,exact formula/definition of the per-increment partial payout function Z(x) is not given on this page,2026-08-04,a2ca27ca44aaf52dd4762fb658ca6f89fa689671c890cf7a255ce2d7b6b4a39c
OA-0631,calculations,Understanding Alpha and Expected Value,https://docs.optionalpha.com/technical-documentation/calculations/understanding-alpha-and-expected-value,"The page does not state whether the Max Loss used in the new Alpha formula (EV / Max Loss) is expressed per contract, per spread, or as a total dollar amount for the position.",,DOCS-SILENT,"unit/denomination of ""Max Loss"" in the Alpha = EV/Max Loss formula is not specified",2026-08-04,a2ca27ca44aaf52dd4762fb658ca6f89fa689671c890cf7a255ce2d7b6b4a39c
OA-0632,bots,Automated Trading,https://docs.optionalpha.com/tools/automated-trading,"The Automated Trading page at this URL contains only the page title ""Automated Trading"" with no body text, embed, or other content, when fetched via the .md endpoint.",# Automated Trading,DOCUMENTED,,2026-08-04,07788aa269e23284a9d72886554ff684fca35fd33451656f5fb8ee4358625f09
OA-0633,bots,Automated Trading,https://docs.optionalpha.com/tools/automated-trading,"The page gives no explanation of what ""automated trading"" means on the platform, no description of bots, automations, or how they relate, and no links to other pages.",,DOCS-SILENT,"entire page body is missing/empty at this URL — no definition, mechanism, or navigation content for Automated Trading",2026-08-04,07788aa269e23284a9d72886554ff684fca35fd33451656f5fb8ee4358625f09
OA-0634,bots,Bots,https://docs.optionalpha.com/tools/bots,Bots run fully automated options or stock trading strategies without requiring coding.,Run fully automated strategies for options or stocks with no coding required.,DOCUMENTED,,2026-08-04,ea1774d3f362752dc179122f712ea04af073db974b1533a737db8230c4dd29db
OA-0635,bots,Bots,https://docs.optionalpha.com/tools/bots,"Users can start from pre-built bot templates that can be customized, or build custom bots from scratch.",Start with pre-built bot templates you can customize or build your own custom bots from scratch.,DOCUMENTED,,2026-08-04,ea1774d3f362752dc179122f712ea04af073db974b1533a737db8230c4dd29db
OA-0636,bots,Bots,https://docs.optionalpha.com/tools/bots,"Automations tell the bot when to take action, what to look for, and when to open or exit positions, among other things.","Automations tell the bot when to take action, what to look for, when to open positions, when to exit positions, and much more.",DOCUMENTED,,2026-08-04,ea1774d3f362752dc179122f712ea04af073db974b1533a737db8230c4dd29db
OA-0637,bots,Bots,https://docs.optionalpha.com/tools/bots,Decisions and actions are added to the automation editor using natural language recipes.,Add actions and decisions using natural language recipes to the automation editor making it easy and fun to build your strategies.,DOCUMENTED,,2026-08-04,ea1774d3f362752dc179122f712ea04af073db974b1533a737db8230c4dd29db
OA-0638,bots,Bots,https://docs.optionalpha.com/tools/bots,SmartPricing is described as proprietary technology that uses timed intervals and dynamically adjusts pricing to optimize entries and exits.,Our proprietary technology uses timed intervals and adjusts pricing dynamically to optimize entries and exits.,DOCUMENTED,,2026-08-04,ea1774d3f362752dc179122f712ea04af073db974b1533a737db8230c4dd29db
OA-0639,bots,Bots,https://docs.optionalpha.com/tools/bots,Users have complete visibility and absolute control over everything happening inside a bot at all times.,You’ll always have complete visibility and absolute control over everything happening inside your bot at all times.,DOCUMENTED,,2026-08-04,ea1774d3f362752dc179122f712ea04af073db974b1533a737db8230c4dd29db
OA-0640,bots,Bots,https://docs.optionalpha.com/tools/bots,Multiple bot systems and strategies can be run simultaneously without manually watching every market tick.,Run multiple systems and strategies all at the same time without the headache of watching every market tick by tick.,DOCUMENTED,,2026-08-04,ea1774d3f362752dc179122f712ea04af073db974b1533a737db8230c4dd29db
OA-0641,bots,Bots,https://docs.optionalpha.com/tools/bots,The page does not specify any numeric limit on how many bots or strategies can be run simultaneously.,,DOCS-SILENT,no stated maximum number of bots/systems that can run concurrently,2026-08-04,ea1774d3f362752dc179122f712ea04af073db974b1533a737db8230c4dd29db
OA-0642,bots,Automation logs,https://docs.optionalpha.com/tools/bots/automation-logs,Bot logs provide a comprehensive record of every action a bot has taken.,"Bot logs are an essential tool in the Option Alpha trading platform, providing a comprehensive record of every action your bot has taken.",DOCUMENTED,,2026-08-04,70b00f3a126db81c13579d1c8438e6a07ef9be9874719ad942b379a5d4dc17cf
OA-0643,bots,Automation logs,https://docs.optionalpha.com/tools/bots/automation-logs,"Bot logs show exactly what actions a bot has taken, or not taken, during each automation run.","Bot logs offer a detailed automation history, allowing you to see exactly what actions your bot has taken—or not taken—during each automation run.",DOCUMENTED,,2026-08-04,70b00f3a126db81c13579d1c8438e6a07ef9be9874719ad942b379a5d4dc17cf
OA-0644,bots,Automation logs,https://docs.optionalpha.com/tools/bots/automation-logs,Bot logs can be filtered by date to isolate a bot's activity on one specific day.,"By Date: If you’re interested in reviewing your bot’s activity on a specific day, you can filter the log by date.",DOCUMENTED,,2026-08-04,70b00f3a126db81c13579d1c8438e6a07ef9be9874719ad942b379a5d4dc17cf
OA-0645,bots,Automation logs,https://docs.optionalpha.com/tools/bots/automation-logs,"Bot logs can be filtered by automation type, and the automation types listed are Scanner, Monitor, Event, and Button.","By Type: Automation types such as Scanner, Monitor, Event, and Button can be individually filtered in the log.",DOCUMENTED,,2026-08-04,70b00f3a126db81c13579d1c8438e6a07ef9be9874719ad942b379a5d4dc17cf
OA-0646,bots,Automation logs,https://docs.optionalpha.com/tools/bots/automation-logs,Bot logs can be filtered to show only automation runs that encountered errors or warnings.,"By Errors or Warnings: One of the most powerful features of the bot log is the ability to filter by errors or warnings. This filter enables you to quickly identify any automation runs that encountered issues, allowing you to diagnose and resolve problems more efficiently.",DOCUMENTED,,2026-08-04,70b00f3a126db81c13579d1c8438e6a07ef9be9874719ad942b379a5d4dc17cf
OA-0647,bots,Automation logs,https://docs.optionalpha.com/tools/bots/automation-logs,The page does not state how far back in time bot log history is retained/available.,,DOCS-SILENT,no stated log retention period,2026-08-04,70b00f3a126db81c13579d1c8438e6a07ef9be9874719ad942b379a5d4dc17cf
OA-0648,bots,Automation logs,https://docs.optionalpha.com/tools/bots/automation-logs,"The page does not state whether the Date, Type, and Errors/Warnings filters can be combined simultaneously.",,DOCS-SILENT,unclear whether log filters are combinable at the same time,2026-08-04,70b00f3a126db81c13579d1c8438e6a07ef9be9874719ad942b379a5d4dc17cf
OA-0649,bots,Automations,https://docs.optionalpha.com/tools/bots/automations,Automations are defined as a set of instructions given to the bot to perform.,Automations are simply a set of instructions you give the bot to perform.,DOCUMENTED,,2026-08-04,747863e9df7042c618c350b710090f649242d263762a61a381d3742d3aba1540
OA-0650,bots,Automations,https://docs.optionalpha.com/tools/bots/automations,"An automation tells the bot exactly what to look for, what decisions to make, and what actions to take if necessary.","The automation tells the bot exactly what to look for, what decisions to make, and what actions to take if necessary.",DOCUMENTED,,2026-08-04,747863e9df7042c618c350b710090f649242d263762a61a381d3742d3aba1540
OA-0651,bots,Automations,https://docs.optionalpha.com/tools/bots/automations,Actions and decisions inside an automation can be arranged in whatever sequence or order the user wants.,you can put actions and decisions in whatever sequence or order you want the bot to go through when the automation runs,DOCUMENTED,,2026-08-04,747863e9df7042c618c350b710090f649242d263762a61a381d3742d3aba1540
OA-0652,bots,Automations,https://docs.optionalpha.com/tools/bots/automations,"Automations can evaluate market data, check trading opportunities, make complex trading decisions, open positions, close positions, and send notifications.","Automations can evaluate market data, check potential trading opportunities, make complex trading decisions, open positions, close positions, send notifications, and so much more.",DOCUMENTED,,2026-08-04,747863e9df7042c618c350b710090f649242d263762a61a381d3742d3aba1540
OA-0653,bots,Automations,https://docs.optionalpha.com/tools/bots/automations,"An example automation given is watching SPY for a 1% intraday drop, opening a short put spread, then closing it at a 25% profit.","Watch SPY for a 1% drop intraday and open a new short put spread position, then close that position when it reaches a 25% profit.",DOCUMENTED,,2026-08-04,747863e9df7042c618c350b710090f649242d263762a61a381d3742d3aba1540
OA-0654,bots,Automations,https://docs.optionalpha.com/tools/bots/automations,An example automation given is closing any position that is less than 3 days from expiration only if it is ITM and profitable by at least $100.,Close any position that is less than 3 days from expiration only if it's ITM and profitable by at least $100.,DOCUMENTED,,2026-08-04,747863e9df7042c618c350b710090f649242d263762a61a381d3742d3aba1540
OA-0655,bots,Automations,https://docs.optionalpha.com/tools/bots/automations,The steps that can be added to an automation are broadly categorized as either Actions or Loops.,The steps you can add to an automation are broadly categorized as either:,DOCUMENTED,,2026-08-04,747863e9df7042c618c350b710090f649242d263762a61a381d3742d3aba1540
OA-0656,bots,Automations,https://docs.optionalpha.com/tools/bots/automations,"Actions tell the bot to perform a specific action such as making a decision, opening or closing a position, sending a notification, or tagging.","Actions: These tell the bot to perform a specific action, such as making a decision, opening/closing a position, sending a notification, and/or tagging.",DOCUMENTED,,2026-08-04,747863e9df7042c618c350b710090f649242d263762a61a381d3742d3aba1540
OA-0657,bots,Automations,https://docs.optionalpha.com/tools/bots/automations,Loops repeat the same subsequent actions for each symbol in a list of symbols or each position currently open in a bot.,Loops: These repeat the same subsequent actions for each symbol in a list of symbols or each position currently open in a bot.,DOCUMENTED,,2026-08-04,747863e9df7042c618c350b710090f649242d263762a61a381d3742d3aba1540
OA-0658,bots,Automations,https://docs.optionalpha.com/tools/bots/automations,There are three main ways to schedule an automation.,There are three main ways you can schedule an automation:,DOCUMENTED,,2026-08-04,747863e9df7042c618c350b710090f649242d263762a61a381d3742d3aba1540
OA-0659,bots,Automations,https://docs.optionalpha.com/tools/bots/automations,"Scanners, a type of Continuous schedule, run every 15 minutes by default to find and enter new positions only if the bot is under its position limits.","Continuous: as either Scanners, which run every 15 minutes by default to find and enter new positions only if the bot is under its position limits",DOCUMENTED,,2026-08-04,747863e9df7042c618c350b710090f649242d263762a61a381d3742d3aba1540
OA-0660,bots,Automations,https://docs.optionalpha.com/tools/bots/automations,"Monitors, a type of Continuous schedule, run every 15 minutes by default only if the bot has an option position to monitor, and help close positions when criteria are met.","or Monitors, which run every 15 mins by default only if the bot has an option position to monitor and helps close positions when your criteria are met",DOCUMENTED,,2026-08-04,747863e9df7042c618c350b710090f649242d263762a61a381d3742d3aba1540
OA-0661,bots,Automations,https://docs.optionalpha.com/tools/bots/automations,Users can self-select 5-minute and 1-minute scan speeds instead of the default.,You can also self-select 5-minute and 1-minute scans.,DOCUMENTED,,2026-08-04,747863e9df7042c618c350b710090f649242d263762a61a381d3742d3aba1540
OA-0662,bots,Automations,https://docs.optionalpha.com/tools/bots/automations,"Scan speed is set at the bot level, and each bot defaults to 15 minutes unless a different speed is selected.",Scan speeds are set at the bot-level; each bot defaults to 15 minutes unless you select a different speed.,DOCUMENTED,,2026-08-04,747863e9df7042c618c350b710090f649242d263762a61a381d3742d3aba1540
OA-0663,bots,Automations,https://docs.optionalpha.com/tools/bots/automations,"Triggers run an automation on a specific Date, on a Recurring Schedule, when the Market Opens/Closes, or when a Position is Opened/Closed.","Triggers: run an automation on a specific Date, on a Recurring Schedule, when the Market Opens/Closes, or when a Position is Opened/Closed.",DOCUMENTED,,2026-08-04,747863e9df7042c618c350b710090f649242d263762a61a381d3742d3aba1540
OA-0664,bots,Automations,https://docs.optionalpha.com/tools/bots/automations,Triggers run the automation one time when each event occurs.,These triggers run the automation one time when each event occurs.,DOCUMENTED,,2026-08-04,747863e9df7042c618c350b710090f649242d263762a61a381d3742d3aba1540
OA-0665,bots,Automations,https://docs.optionalpha.com/tools/bots/automations,Manual scheduling uses custom Buttons added to the bot dashboard to run an automation instantly on click.,Manual: with custom Buttons that are added to your bot dashboard so you can run any automation instantly with the click of a button.,DOCUMENTED,,2026-08-04,747863e9df7042c618c350b710090f649242d263762a61a381d3742d3aba1540
OA-0666,bots,Automations,https://docs.optionalpha.com/tools/bots/automations,Automations are 'OFF' by default.,Automations are 'OFF' by default.,DOCUMENTED,,2026-08-04,747863e9df7042c618c350b710090f649242d263762a61a381d3742d3aba1540
OA-0667,bots,Automations,https://docs.optionalpha.com/tools/bots/automations,Turning an automation 'ON' causes it to run at the scheduled intervals.,Turn automations 'ON' and they will run at the scheduled intervals.,DOCUMENTED,,2026-08-04,747863e9df7042c618c350b710090f649242d263762a61a381d3742d3aba1540
OA-0668,bots,Automations,https://docs.optionalpha.com/tools/bots/automations,The automation schedule can be edited or adjusted at any time using the gear icon in the bot's Settings tab.,You can edit/adjust the schedule at any time using the gear icon in the bot's Settings tab,DOCUMENTED,,2026-08-04,747863e9df7042c618c350b710090f649242d263762a61a381d3742d3aba1540
OA-0669,bots,Automations,https://docs.optionalpha.com/tools/bots/automations,Automations can be ordered to run before other automations if a bot has multiple automations running.,even order automations to run before other automations if you have multiple types running inside your bot,DOCUMENTED,,2026-08-04,747863e9df7042c618c350b710090f649242d263762a61a381d3742d3aba1540
OA-0670,bots,Automations,https://docs.optionalpha.com/tools/bots/automations,The default scan speed setting runs scanner and monitor automations every 15 minutes between 9:45 am and 3:45 pm EST.,Your bot's default scan speed is set to 15 minutes. That means your bot will automatically run scanner and monitor automations every 15 minutes between 9:45 am and 3:45 pm EST.,DOCUMENTED,,2026-08-04,747863e9df7042c618c350b710090f649242d263762a61a381d3742d3aba1540
OA-0671,bots,Automations,https://docs.optionalpha.com/tools/bots/automations,"In settings, users can customize when automations run, from as early as 9:31 am EST until 5 minutes before market close.","In your settings, you can customize when automations run, from as early as 9:31 am EST until 5 minutes before the market close.",DOCUMENTED,,2026-08-04,747863e9df7042c618c350b710090f649242d263762a61a381d3742d3aba1540
OA-0672,bots,Automations,https://docs.optionalpha.com/tools/bots/automations,"1-minute scans run every 1 minute unless the previous 1-minute interval has not completed all scheduled automations, in which case the bot retries at the next 1-minute interval.",1 minute scans run every 1 minute unless the previous 1 minute interval has not completed all scheduled automations. If the previous interval is still running the bot will try again at the next 1 minute interval.,DOCUMENTED,,2026-08-04,747863e9df7042c618c350b710090f649242d263762a61a381d3742d3aba1540
OA-0673,bots,Automations,https://docs.optionalpha.com/tools/bots/automations,"The Market open trigger fires 10 minutes after the market opens, at 9:40 am EST.",Market open - 10 minutes after the market opens (9:40 am EST),DOCUMENTED,,2026-08-04,747863e9df7042c618c350b710090f649242d263762a61a381d3742d3aba1540
OA-0674,bots,Automations,https://docs.optionalpha.com/tools/bots/automations,"The Market close trigger fires 10 minutes before the market closes, at 3:50 pm EST.",Market close - 10 minutes before the market closes (3:50 pm EST),DOCUMENTED,,2026-08-04,747863e9df7042c618c350b710090f649242d263762a61a381d3742d3aba1540
OA-0675,bots,Automations,https://docs.optionalpha.com/tools/bots/automations,"A Position opened trigger fires after the bot opens a position, and a Position closed trigger fires after the bot closes a position.","Position opened - After the bot opens a position
- Position closed - After the bot closes a position",DOCUMENTED,,2026-08-04,747863e9df7042c618c350b710090f649242d263762a61a381d3742d3aba1540
OA-0676,bots,Automations,https://docs.optionalpha.com/tools/bots/automations,A Webhook trigger fires when a webhook is called.,Webhook - When a webhook is called (learn more: Option Alpha Webhooks),DOCUMENTED,,2026-08-04,747863e9df7042c618c350b710090f649242d263762a61a381d3742d3aba1540
OA-0677,bots,Automations,https://docs.optionalpha.com/tools/bots/automations,"Market open automations run first, at the time the user specifies automations to begin.",Market open automations run first at the time you specify automations to begin.,DOCUMENTED,,2026-08-04,747863e9df7042c618c350b710090f649242d263762a61a381d3742d3aba1540
OA-0678,bots,Automations,https://docs.optionalpha.com/tools/bots/automations,Scanner automations begin running after the market open automation runs.,Scanner automations will begin running after the market open automation.,DOCUMENTED,,2026-08-04,747863e9df7042c618c350b710090f649242d263762a61a381d3742d3aba1540
OA-0679,bots,Automations,https://docs.optionalpha.com/tools/bots/automations,"Market close automations run last, after the final scan of the day.",Market close automations run last after the final scan of the day.,DOCUMENTED,,2026-08-04,747863e9df7042c618c350b710090f649242d263762a61a381d3742d3aba1540
OA-0680,bots,Automations,https://docs.optionalpha.com/tools/bots/automations,Automations can be saved to a library and organized into multiple folders.,You can save automations to your library and create multiple folders to organize them all.,DOCUMENTED,,2026-08-04,747863e9df7042c618c350b710090f649242d263762a61a381d3742d3aba1540
OA-0681,bots,Automations,https://docs.optionalpha.com/tools/bots/automations,Automations can be shared across multiple bots.,Automations can also be shared across multiple bots.,DOCUMENTED,,2026-08-04,747863e9df7042c618c350b710090f649242d263762a61a381d3742d3aba1540
OA-0682,bots,Automations,https://docs.optionalpha.com/tools/bots/automations,"Any change made to a shared automation flows through to everywhere it is used, including other bots.","Any changes made to an automation will flow through anywhere the automation is used, including other bots.",DOCUMENTED,,2026-08-04,747863e9df7042c618c350b710090f649242d263762a61a381d3742d3aba1540
OA-0683,bots,Automations,https://docs.optionalpha.com/tools/bots/automations,An automation can be copied and modified without impacting the original.,You can copy an automation and make changes to the new version without impacting the original.,DOCUMENTED,,2026-08-04,747863e9df7042c618c350b710090f649242d263762a61a381d3742d3aba1540
OA-0684,bots,Automations,https://docs.optionalpha.com/tools/bots/automations,"The page does not specify how many automations can be ordered/chained to run before others, nor how conflicts in ordering are resolved.",,DOCS-SILENT,no detail on limits or conflict-resolution when ordering multiple automations to run before others,2026-08-04,747863e9df7042c618c350b710090f649242d263762a61a381d3742d3aba1540
OA-0685,bots,Decision actions,https://docs.optionalpha.com/tools/bots/decision-actions,Decision recipes are described as the core components of creating sophisticated trading automations.,Decision recipes are the core components of creating sophisticated trading automations.,DOCUMENTED,,2026-08-04,5da22a185813bdd9624398464573e4346a0ffb795efee4583747ea7aac23317c
OA-0686,bots,Decision actions,https://docs.optionalpha.com/tools/bots/decision-actions,Decision recipes are pre-built logic blocks that handle conditions from simple price movements to complex market indicators and trade performance metrics.,"These pre-built logic blocks handle a wide range of conditions, from simple price movements to complex market indicators and trade performance metrics.",DOCUMENTED,,2026-08-04,5da22a185813bdd9624398464573e4346a0ffb795efee4583747ea7aac23317c
OA-0687,bots,Decision actions,https://docs.optionalpha.com/tools/bots/decision-actions,"The page lists six types of Decision Recipes: Symbol-Based, Indicator-Based, Position-Based, Bot-Based, Opportunity-Based, and General Decisions.","* Symbol-Based Decisions: These recipes focus on the characteristics of a specific symbol. You can evaluate its price, volatility, or other properties specific to the symbol referenced.
* Indicator-Based Decisions: Based on technical indicators, these recipes allow you to assess market trends and conditions. You can set conditions on daily closing values of indicators for the assigned symbol.
* Position-Based Decisions: Evaluate the performance of an open position using various metrics and statistics. These decisions are crucial for managing risk and optimizing profits.
* Bot-Based Decisions: Analyze the behavior and performance of your bot itself. You can check specific bot properties and metrics to make adjustments to your strategy.
* Opportunity-Based Decisions: Focus on the characteristics of a potential trade opportunity before it's opened. You can filter opportunities based on specific criteria.
* General Decisions: These versatile recipes cover broader conditions like time of day, day of week, and economic news events.",DOCUMENTED,,2026-08-04,5da22a185813bdd9624398464573e4346a0ffb795efee4583747ea7aac23317c
OA-0688,bots,Decision actions,https://docs.optionalpha.com/tools/bots/decision-actions,Indicator-Based Decisions allow setting conditions on daily closing values of indicators for the assigned symbol.,You can set conditions on daily closing values of indicators for the assigned symbol.,DOCUMENTED,,2026-08-04,5da22a185813bdd9624398464573e4346a0ffb795efee4583747ea7aac23317c
OA-0689,bots,Decision actions,https://docs.optionalpha.com/tools/bots/decision-actions,"General Decisions cover broader conditions like time of day, day of week, and economic news events.","General Decisions: These versatile recipes cover broader conditions like time of day, day of week, and economic news events.",DOCUMENTED,,2026-08-04,5da22a185813bdd9624398464573e4346a0ffb795efee4583747ea7aac23317c
OA-0690,bots,Decision actions,https://docs.optionalpha.com/tools/bots/decision-actions,"Conditional Actions differ from decision actions in that, instead of following a Yes/No branch, they evaluate a subset of criteria and perform actions on the Yes path only if the conditional is true.","Conditional actions function similarly to decision actions. However, instead of following a ""Yes"" or ""No"" branch, it allows you to evaluate a subset of criteria by doing the actions on the ""Yes"" path if the conditional is true.",DOCUMENTED,,2026-08-04,5da22a185813bdd9624398464573e4346a0ffb795efee4583747ea7aac23317c
OA-0691,bots,Decision actions,https://docs.optionalpha.com/tools/bots/decision-actions,"If a Conditional Action evaluates to ""Yes"", the automation follows the Yes logic and then returns to the original automation flow.","If the answer is ""Yes"" it continues down the conditional path, following ""Yes"" logic before returning to the original automation flow.",DOCUMENTED,,2026-08-04,5da22a185813bdd9624398464573e4346a0ffb795efee4583747ea7aac23317c
OA-0692,bots,Decision actions,https://docs.optionalpha.com/tools/bots/decision-actions,"If a Conditional Action evaluates to ""No"", the automation simply continues to the next action, skipping the conditional's nested actions.","If the answer to the condition is ""No,"" the automation simply continues to the next action.",DOCUMENTED,,2026-08-04,5da22a185813bdd9624398464573e4346a0ffb795efee4583747ea7aac23317c
OA-0693,bots,Decision actions,https://docs.optionalpha.com/tools/bots/decision-actions,"An example Conditional Action checks if VIX is below 40, and if true, loops through bot symbols checking whether tickers are above their 50-day SMA, tagging matches 'uptrend', then opens a short put spread on tagged symbols after the conditional ends.","For example, in the image below, the conditional action asks if the VIX is below 40. If 'Yes,"" the bot loops through its bot symbols and checks if the included tickers are above their 50-day SMA. If they are, the symbol is tagged 'uptrend;' if not, the symbol is not tagged. The decisions nested under the conditional end and the bot continues back down the original automation path, opening a short put spread on symbols with the tag.",DOCUMENTED,,2026-08-04,5da22a185813bdd9624398464573e4346a0ffb795efee4583747ea7aac23317c
OA-0694,bots,Decision actions,https://docs.optionalpha.com/tools/bots/decision-actions,"Decision recipes can be combined, e.g. a symbol-based decision, an indicator-based decision, and a time-based decision, to trigger opening a short position.","For example, you might combine a symbol-based decision (price above a certain level), an indicator-based decision (RSI overbought), and a time-based decision (specific trading hours) to open a short position.",DOCUMENTED,,2026-08-04,5da22a185813bdd9624398464573e4346a0ffb795efee4583747ea7aac23317c
OA-0695,bots,Decision actions,https://docs.optionalpha.com/tools/bots/decision-actions,Decisions can be grouped together using Or and And conditions to enhance the logic being checked.,"Additionally, you can group decisions together using Or and And conditions which enhances the logic being checked even further.",DOCUMENTED,,2026-08-04,5da22a185813bdd9624398464573e4346a0ffb795efee4583747ea7aac23317c
OA-0696,bots,Decision actions,https://docs.optionalpha.com/tools/bots/decision-actions,An example Or condition checks if RSI is overbought above 70 or if price is above the Bollinger Band High Band Level.,in this case we'll use an Or condition to build a decision that is checking if the RSI is overbought above 70 or that the price is above Bollinger Band High Band Level.,DOCUMENTED,,2026-08-04,5da22a185813bdd9624398464573e4346a0ffb795efee4583747ea7aac23317c
OA-0697,bots,Decision actions,https://docs.optionalpha.com/tools/bots/decision-actions,"The automation editor supports copying and pasting groups of decisions, allowing reuse of complex logic structures across multiple automations.","One of its powerful new features is the ability to copy and paste groups of decisions. This allows you to reuse complex logic structures across multiple automations, saving you time and effort.",DOCUMENTED,,2026-08-04,5da22a185813bdd9624398464573e4346a0ffb795efee4583747ea7aac23317c
OA-0698,bots,Decision actions,https://docs.optionalpha.com/tools/bots/decision-actions,The page does not state how many Conditional Actions or decision groups can be nested within a single automation.,,DOCS-SILENT,no stated limit on nesting depth of Conditional Actions or Or/And decision groups,2026-08-04,5da22a185813bdd9624398464573e4346a0ffb795efee4583747ea7aac23317c
OA-0699,bots,Inputs,https://docs.optionalpha.com/tools/bots/inputs,Custom inputs are variable fields within automations that can be linked and edited later.,Custom inputs are variable fields within your automations that you can link and edit in the future.,DOCUMENTED,,2026-08-04,3bc7c999f1c63184506011593f8c2d8fa5eb93c597545e3df562dfd480bddc0a
OA-0700,bots,Inputs,https://docs.optionalpha.com/tools/bots/inputs,Changing a custom input's value in one place automatically applies the change everywhere that input is referenced in the automation.,"By using inputs, you can change a value in one place, and that change will automatically apply wherever the input is referenced in the automation.",DOCUMENTED,,2026-08-04,3bc7c999f1c63184506011593f8c2d8fa5eb93c597545e3df562dfd480bddc0a
OA-0701,bots,Inputs,https://docs.optionalpha.com/tools/bots/inputs,Inputs can be managed at two hierarchy levels in Option Alpha: automation-level and bot-level.,"In Option Alpha, you can manage inputs at two levels:",DOCUMENTED,,2026-08-04,3bc7c999f1c63184506011593f8c2d8fa5eb93c597545e3df562dfd480bddc0a
OA-0702,bots,Inputs,https://docs.optionalpha.com/tools/bots/inputs,"Automation-Level Inputs are defined within a specific automation and can be modified directly in that automation's settings panel, affecting all instances of that input within the automation.",Automation-Level Inputs: These inputs are defined within a specific automation. They can be modified directly in the automation's settings panel and will affect all instances of that input within the automation.,DOCUMENTED,,2026-08-04,3bc7c999f1c63184506011593f8c2d8fa5eb93c597545e3df562dfd480bddc0a
OA-0703,bots,Inputs,https://docs.optionalpha.com/tools/bots/inputs,"Bot-Level Inputs are defined at the bot level, can be used across multiple automations within the same bot, and are managed from the Bot Settings panel.","Bot-Level Inputs: These inputs are defined at the bot level and can be used across multiple automations within the same bot. Bot-level inputs allow you to manage key variables from a central location, the Bot Settings panel, providing a higher level of control and convenience.",DOCUMENTED,,2026-08-04,3bc7c999f1c63184506011593f8c2d8fa5eb93c597545e3df562dfd480bddc0a
OA-0704,bots,Inputs,https://docs.optionalpha.com/tools/bots/inputs,"The page states there are 5 types of inputs, but only 3 types (Decision, Automation, Bot) are actually named and explained in the subsequent sections — a count mismatch.",Here are the 5 types of inputs and how they are used.,DOCUMENTED,"page claims ""5 types of inputs"" but only enumerates/explains 3 (Decision Inputs, Automation Inputs, Bot Inputs)",2026-08-04,3bc7c999f1c63184506011593f8c2d8fa5eb93c597545e3df562dfd480bddc0a
OA-0705,bots,Inputs,https://docs.optionalpha.com/tools/bots/inputs,"A Decision Input is a value used only by one specific decision, referred to as the Decision Value.",The $600 value is only used by that specific decision. We'll call that the Decision Value.,DOCUMENTED,,2026-08-04,3bc7c999f1c63184506011593f8c2d8fa5eb93c597545e3df562dfd480bddc0a
OA-0706,bots,Inputs,https://docs.optionalpha.com/tools/bots/inputs,"An Automation Input is created by linking a Decision Input to it via a link icon, enabling reuse of a value across multiple decisions within the same automation.",Create the Automation Input when I link (🔗) the Decision Input to the Automation Input.,DOCUMENTED,,2026-08-04,3bc7c999f1c63184506011593f8c2d8fa5eb93c597545e3df562dfd480bddc0a
OA-0707,bots,Inputs,https://docs.optionalpha.com/tools/bots/inputs,"When an Automation Input is first created, its Default Value and its Automation Input value start out identical.","Important to note that at the time the input is created, the Default Value and the Automation Input value are the same value: 600.",DOCUMENTED,,2026-08-04,3bc7c999f1c63184506011593f8c2d8fa5eb93c597545e3df562dfd480bddc0a
OA-0708,bots,Inputs,https://docs.optionalpha.com/tools/bots/inputs,"Changing an Automation Input's active value is done in the Automation's Settings, not by editing the input's Default Value inside the editor.","If you want to change the 'myAutomationInput' to 700, you can change that number in the Settings of the Automation.",DOCUMENTED,,2026-08-04,3bc7c999f1c63184506011593f8c2d8fa5eb93c597545e3df562dfd480bddc0a
OA-0709,bots,Inputs,https://docs.optionalpha.com/tools/bots/inputs,The Automation Input's Default Value remains unchanged even after the active value is changed in the Automation Settings.,"In the automation's Inputs, the Automation Input Default Value is still 600.",DOCUMENTED,,2026-08-04,3bc7c999f1c63184506011593f8c2d8fa5eb93c597545e3df562dfd480bddc0a
OA-0710,bots,Inputs,https://docs.optionalpha.com/tools/bots/inputs,"When running the automation, the bot uses the value set in Automation Settings rather than the input's Default Value.","When running the automation, the bot uses the 700 value defined in the settings for 'myAutomationInput' (not the Default Value):",DOCUMENTED,,2026-08-04,3bc7c999f1c63184506011593f8c2d8fa5eb93c597545e3df562dfd480bddc0a
OA-0711,bots,Inputs,https://docs.optionalpha.com/tools/bots/inputs,"A Bot Input is created by linking an Automation Input to it, enabling reuse of a value across multiple automations within the same bot.",Create the Bot Input when I link (🔗) the Automation Input to the Bot Input.,DOCUMENTED,,2026-08-04,3bc7c999f1c63184506011593f8c2d8fa5eb93c597545e3df562dfd480bddc0a
OA-0712,bots,Inputs,https://docs.optionalpha.com/tools/bots/inputs,"When a Bot Input is first created, its Default Value and its Bot Input value start out identical.","Important to note that at the time the input is created, the Default Value and the Bot Input value are the same value: 650.",DOCUMENTED,,2026-08-04,3bc7c999f1c63184506011593f8c2d8fa5eb93c597545e3df562dfd480bddc0a
OA-0713,bots,Inputs,https://docs.optionalpha.com/tools/bots/inputs,"A worked example shows that with the linked Bot Input at 650, SPY's price of 655.83 evaluated as ""above"" it (true).","Now, when running the automation with the link to myBotInput, which has a value of 650, the result is ""true"": SPY's price of 655.83 is above 650.",DOCUMENTED,,2026-08-04,3bc7c999f1c63184506011593f8c2d8fa5eb93c597545e3df562dfd480bddc0a
OA-0714,bots,Inputs,https://docs.optionalpha.com/tools/bots/inputs,"A worked example shows that changing the linked Bot Input to 675 makes SPY's price of 655.83 evaluate as ""not above"" it (false).","...and run the automation again, the result is false: SPY's price of 655.83 is NOT above 675.",DOCUMENTED,,2026-08-04,3bc7c999f1c63184506011593f8c2d8fa5eb93c597545e3df562dfd480bddc0a
OA-0715,bots,Inputs,https://docs.optionalpha.com/tools/bots/inputs,"Once inputs are linked in a chain, the Bot Input's value takes priority over the Automation Input's value.","Remember: the decision input is linked to the Automation Input, which is linked to the Bot Input - and the Bot Input value takes priority.",DOCUMENTED,,2026-08-04,3bc7c999f1c63184506011593f8c2d8fa5eb93c597545e3df562dfd480bddc0a
OA-0716,bots,Inputs,https://docs.optionalpha.com/tools/bots/inputs,An input's Default Value is only used when the Automation/Bot Input link is broken.,The Default Values are not used UNLESS the Automation/Bot Input link is broken.,DOCUMENTED,,2026-08-04,3bc7c999f1c63184506011593f8c2d8fa5eb93c597545e3df562dfd480bddc0a
OA-0717,bots,Inputs,https://docs.optionalpha.com/tools/bots/inputs,"Using ""copy to bot"" to copy an automation into a bot that has no automations results in that bot having no Bot Inputs, even though the copied automation's inputs remain linked to a (now-undefined) Bot Input.","This bot does not have any automations, so I'll "" copy to bot"" 'myAutomation'. Notice that when copying the automation to the new bot, there are no Bot Inputs.",DOCUMENTED,,2026-08-04,3bc7c999f1c63184506011593f8c2d8fa5eb93c597545e3df562dfd480bddc0a
OA-0718,bots,Inputs,https://docs.optionalpha.com/tools/bots/inputs,"When a linked Bot Input is undefined, running the automation makes the bot fall back to the Automation Input's Default Value.","When running the automation, the bot cannot find the Bot Input value and ""defaults"" to the Automation Input Default Value of 600.",DOCUMENTED,,2026-08-04,3bc7c999f1c63184506011593f8c2d8fa5eb93c597545e3df562dfd480bddc0a
OA-0719,bots,Inputs,https://docs.optionalpha.com/tools/bots/inputs,"Bot Inputs are not updated automatically when a bot is upgraded, which is why a Bot Inputs comparison screen is shown during upgrade.",Upgrades: Bot Inputs are not updated when you upgrade a bot. This is why you see the Bot Inputs screen - so you can compare your Bot Inputs with the author's new Bot Inputs.,DOCUMENTED,,2026-08-04,3bc7c999f1c63184506011593f8c2d8fa5eb93c597545e3df562dfd480bddc0a
OA-0720,bots,Inputs,https://docs.optionalpha.com/tools/bots/inputs,"To debug unexpected values, the recommended approach is to check the log for whether a hardcoded Decision Input or a variable-name Automation Input was used, then check the Automation Settings value, then check whether any linked Bot Input is defined.","If your bot isn't using the values you expect, start by looking at the log to see whether a Decision Input is used (hardcoded value) or an Automation Input is used (variable name). If an Automation Input is used, check the value located in the Automation Settings (not the default value inside the automation). If the Automation Input is linked to a Bot Input, check that the Bot Input is defined.",DOCUMENTED,,2026-08-04,3bc7c999f1c63184506011593f8c2d8fa5eb93c597545e3df562dfd480bddc0a
OA-0721,bots,Inputs,https://docs.optionalpha.com/tools/bots/inputs,Failing to confirm Automation Input and Bot Input values after upgrading or cloning a bot can misrepresent that bot template's performance on the Top Bots page.,"Not only can this result in subpar performance for you, but it can also misrepresent the bot template's performance on the Top Bots page.",DOCUMENTED,,2026-08-04,3bc7c999f1c63184506011593f8c2d8fa5eb93c597545e3df562dfd480bddc0a
OA-0722,bots,Inputs,https://docs.optionalpha.com/tools/bots/inputs,Best practice is to avoid editing an established input inside the editor and instead make all changes in the respective (automation or bot) settings panel.,"Avoid Editing Inputs Inside the Editor: Once an input is established outside the editor, whether at the automation or bot level, all changes to that input should be made in the respective settings panel.",DOCUMENTED,,2026-08-04,3bc7c999f1c63184506011593f8c2d8fa5eb93c597545e3df562dfd480bddc0a
OA-0723,bots,Inputs,https://docs.optionalpha.com/tools/bots/inputs,The page does not state whether there is a maximum number of Automation Inputs or Bot Inputs a bot can have.,,DOCS-SILENT,no stated limit on number of inputs per automation or bot,2026-08-04,3bc7c999f1c63184506011593f8c2d8fa5eb93c597545e3df562dfd480bddc0a
OA-0724,bots,Inputs,https://docs.optionalpha.com/tools/bots/inputs,"The page does not state whether a Decision Input can be linked directly to a Bot Input, skipping the intermediate Automation Input.",,DOCS-SILENT,unclear whether the Decision->Automation->Bot linking chain can be shortcut,2026-08-04,3bc7c999f1c63184506011593f8c2d8fa5eb93c597545e3df562dfd480bddc0a
OA-0725,bots,Loops,https://docs.optionalpha.com/tools/bots/loops,Loops allow running actions for multiple positions and symbols.,Loops allow us to run actions for multiple positions and symbols.,DOCUMENTED,,2026-08-04,4e58d6fbba799bc0732adc3fa9f365168b1a1b558b204f8505616af85b943c7b
OA-0726,bots,Loops,https://docs.optionalpha.com/tools/bots/loops,Loops are typically added at the beginning of an automation so all subsequent actions are connected to the loop.,Loops are typically added to the beginning of an automation so that all subsequent actions are connected to the loop.,DOCUMENTED,,2026-08-04,4e58d6fbba799bc0732adc3fa9f365168b1a1b558b204f8505616af85b943c7b
OA-0727,bots,Loops,https://docs.optionalpha.com/tools/bots/loops,"There are three types of Loops available in automations: Position Loops, Symbol Loops, and Bot Symbol Loops.","There are three types of Loops available in automations:

- Position Loops
- Symbol Loops
- Bot Symbol Loops",DOCUMENTED,,2026-08-04,4e58d6fbba799bc0732adc3fa9f365168b1a1b558b204f8505616af85b943c7b
OA-0728,bots,Loops,https://docs.optionalpha.com/tools/bots/loops,A Position Loop repeats the action(s) below it for each position the bot has open.,"A ""Position Loop"" repeats the action(s) below it for each position the bot has open, enabling us to apply one or more management techniques across one or more positions inside an automation.",DOCUMENTED,,2026-08-04,4e58d6fbba799bc0732adc3fa9f365168b1a1b558b204f8505616af85b943c7b
OA-0729,bots,Loops,https://docs.optionalpha.com/tools/bots/loops,An example Position Loop use case is monitoring all open trades and closing any position that is in-the-money with less than 5 days to expiration.,"Example: Use a ""Position Loop"" to monitor all open trades and close any position that is in-the-money less than 5 days from expiration:",DOCUMENTED,,2026-08-04,4e58d6fbba799bc0732adc3fa9f365168b1a1b558b204f8505616af85b943c7b
OA-0730,bots,Loops,https://docs.optionalpha.com/tools/bots/loops,All 'Position' inputs below a Position Loop action are automatically linked to the current position in the loop.,"All ""Position"" inputs below the loop action will automatically be linked to the current position in the loop:",DOCUMENTED,,2026-08-04,4e58d6fbba799bc0732adc3fa9f365168b1a1b558b204f8505616af85b943c7b
OA-0731,bots,Loops,https://docs.optionalpha.com/tools/bots/loops,Symbol Loops run all subsequent actions after the loop for the selected ticker symbols.,Symbol loops run all subsequent actions after the loop for the selected ticker symbols.,DOCUMENTED,,2026-08-04,4e58d6fbba799bc0732adc3fa9f365168b1a1b558b204f8505616af85b943c7b
OA-0732,bots,Loops,https://docs.optionalpha.com/tools/bots/loops,"In a Symbol Loop, only symbols that meet the evaluated criteria proceed down the automation's 'Yes' path.","This enables us to evaluate multiple criteria for different symbols, and only symbols that meet the criteria will proceed down the automation's 'Yes' path.",DOCUMENTED,,2026-08-04,4e58d6fbba799bc0732adc3fa9f365168b1a1b558b204f8505616af85b943c7b
OA-0733,bots,Loops,https://docs.optionalpha.com/tools/bots/loops,"An example Symbol Loop scans multiple tickers and opens an iron condor if a symbol is above its 50-day SMA, has an IV Rank between 30-80, and has a neutral RSI between 30-70.","Example: Use a ""Symbol Loop"" to scan multiple tickers and open an iron condor if the symbol passes the following criteria:

- Above the 50-day SMA
- Has an IV Rank between 30-80
- RSI is neutral (between 30-70)",DOCUMENTED,,2026-08-04,4e58d6fbba799bc0732adc3fa9f365168b1a1b558b204f8505616af85b943c7b
OA-0734,bots,Loops,https://docs.optionalpha.com/tools/bots/loops,"Bot Symbol Loops loop through multiple symbols and run all subsequent actions, similar to Symbol Loops.","Similar to Symbol loops, Bot Symbol loops will loop through multiple symbols and run all subsequent actions.",DOCUMENTED,,2026-08-04,4e58d6fbba799bc0732adc3fa9f365168b1a1b558b204f8505616af85b943c7b
OA-0735,bots,Loops,https://docs.optionalpha.com/tools/bots/loops,Bot Symbols use custom watchlists to sort and filter ticker symbols dynamically in real-time.,Bot Symbols use our custom watchlists to sort and filter ticker symbols dynamically in real-time.,DOCUMENTED,,2026-08-04,4e58d6fbba799bc0732adc3fa9f365168b1a1b558b204f8505616af85b943c7b
OA-0736,bots,Loops,https://docs.optionalpha.com/tools/bots/loops,"When using any loop, the automation automatically links to the symbol or position input variable inside a decision as an input.","When using any loop, the automation will automatically link to the symbol or position input variable inside a decision as an input.",DOCUMENTED,,2026-08-04,4e58d6fbba799bc0732adc3fa9f365168b1a1b558b204f8505616af85b943c7b
OA-0737,bots,Loops,https://docs.optionalpha.com/tools/bots/loops,"When using a Symbol Loop for multiple tickers, the decision auto-populates the Symbol Loop into the decision's symbol field.","For example, if using a Symbol loop for multiple tickers, the decision will auto-populate the Symbol loop into the the decision's symbol field.",DOCUMENTED,,2026-08-04,4e58d6fbba799bc0732adc3fa9f365168b1a1b558b204f8505616af85b943c7b
OA-0738,bots,Loops,https://docs.optionalpha.com/tools/bots/loops,"Users should not manually establish an input for ""symbol"" or ""position"" — the supplied input that appears when adding an action should always be used instead.","Do not establish an input for the ""symbol"" or ""position."" Always use the the supplied input that appears when adding an action.",DOCUMENTED,,2026-08-04,4e58d6fbba799bc0732adc3fa9f365168b1a1b558b204f8505616af85b943c7b
OA-0739,bots,Loops,https://docs.optionalpha.com/tools/bots/loops,The page does not state whether loops can be nested (e.g. a Symbol Loop inside a Position Loop) or whether multiple loops can be chained within one automation.,,DOCS-SILENT,nesting/chaining of multiple loop types within a single automation is not addressed,2026-08-04,4e58d6fbba799bc0732adc3fa9f365168b1a1b558b204f8505616af85b943c7b
OA-0740,bots,Safeguards,https://docs.optionalpha.com/tools/bots/safeguards,The OA autotrading platform is designed with multiple safeguards and limits to protect traders.,The Option Alpha autotrading platform has been designed with multiple safeguards and limits to protect traders.,DOCUMENTED,,2026-08-04,329644e46ba1646b411b10866b907df31e37f4fc5904df2298fdcb071068c625
OA-0741,bots,Safeguards,https://docs.optionalpha.com/tools/bots/safeguards,"Bots require traders to think through the entire trading process from entry to exit, as a safety measure.",Bots necessitate you to think through the entire trading process from entry to exit. This is for your safety.,DOCUMENTED,,2026-08-04,329644e46ba1646b411b10866b907df31e37f4fc5904df2298fdcb071068c625
OA-0742,bots,Safeguards,https://docs.optionalpha.com/tools/bots/safeguards,Automations only run when they are turned on.,Automations only run when they are turned on.,DOCUMENTED,,2026-08-04,329644e46ba1646b411b10866b907df31e37f4fc5904df2298fdcb071068c625
OA-0743,bots,Safeguards,https://docs.optionalpha.com/tools/bots/safeguards,Position and allocation limits help manage overall portfolio exposure.,"Position and allocation limits help manage overall portfolio exposure, and automations automatically turn off if a limit triggers.",DOCUMENTED,,2026-08-04,329644e46ba1646b411b10866b907df31e37f4fc5904df2298fdcb071068c625
OA-0744,bots,Safeguards,https://docs.optionalpha.com/tools/bots/safeguards,Automations automatically turn off if a position or allocation limit is triggered.,automations automatically turn off if a limit triggers,DOCUMENTED,,2026-08-04,329644e46ba1646b411b10866b907df31e37f4fc5904df2298fdcb071068c625
OA-0745,bots,Safeguards,https://docs.optionalpha.com/tools/bots/safeguards,"The bot alerts the user if an automation is missing a required input, to prevent creating an automation without clearly defined actions.",The bot will alert you if an automation is missing an input so that you do not create an automation without clearly defining the actions the bot should perform.,DOCUMENTED,,2026-08-04,329644e46ba1646b411b10866b907df31e37f4fc5904df2298fdcb071068c625
OA-0746,bots,Safeguards,https://docs.optionalpha.com/tools/bots/safeguards,Any bot can be paper traded to test automations under live market conditions.,You can always paper trade with any bot and test automations in live market conditions.,DOCUMENTED,,2026-08-04,329644e46ba1646b411b10866b907df31e37f4fc5904df2298fdcb071068c625
OA-0747,bots,Safeguards,https://docs.optionalpha.com/tools/bots/safeguards,Bot safeguards are located in the bot's Settings and define the bot's allocation and position limits.,Bot safeguards are in the bot's Settings. Safeguards define the bot's allocation and position limits.,DOCUMENTED,,2026-08-04,329644e46ba1646b411b10866b907df31e37f4fc5904df2298fdcb071068c625
OA-0748,bots,Safeguards,https://docs.optionalpha.com/tools/bots/safeguards,Safeguards can be edited at any time.,You can edit the safeguards at any time.,DOCUMENTED,,2026-08-04,329644e46ba1646b411b10866b907df31e37f4fc5904df2298fdcb071068c625
OA-0749,bots,Safeguards,https://docs.optionalpha.com/tools/bots/safeguards,"When creating a new bot, the user must manually input an allocation limit.","When you create a new bot, you must manually input an allocation limit.",DOCUMENTED,,2026-08-04,329644e46ba1646b411b10866b907df31e37f4fc5904df2298fdcb071068c625
OA-0750,bots,Safeguards,https://docs.optionalpha.com/tools/bots/safeguards,Allocation is defined as the total capital from the trading account available for the bot to open positions.,Allocation is the total capital from your trading account that is available for a bot to open positions.,DOCUMENTED,,2026-08-04,329644e46ba1646b411b10866b907df31e37f4fc5904df2298fdcb071068c625
OA-0751,bots,Safeguards,https://docs.optionalpha.com/tools/bots/safeguards,Bot allocation limits are calculated at position entry.,Bot allocation limits are calculated at position entry.,DOCUMENTED,,2026-08-04,329644e46ba1646b411b10866b907df31e37f4fc5904df2298fdcb071068c625
OA-0752,bots,Safeguards,https://docs.optionalpha.com/tools/bots/safeguards,The bot will not open a new position once the allocation limit is reached.,The bot will not open a new position once the allocation limit is reached.,DOCUMENTED,,2026-08-04,329644e46ba1646b411b10866b907df31e37f4fc5904df2298fdcb071068c625
OA-0753,bots,Safeguards,https://docs.optionalpha.com/tools/bots/safeguards,"Once the allocation limit is reached, a new position can only open after another position closes and frees capital, or after the bot's settings are changed.","If the allocation limit is reached, a new position will only open once another position has been closed and additional capital becomes available, or you change the bot's settings.",DOCUMENTED,,2026-08-04,329644e46ba1646b411b10866b907df31e37f4fc5904df2298fdcb071068c625
OA-0754,bots,Safeguards,https://docs.optionalpha.com/tools/bots/safeguards,Market conditions at position closing can cause capital allocation to exceed the maximum risk calculated at position entry.,Market conditions at position closing may cause increased capital allocations beyond the calculated maximum risk at position entry.,DOCUMENTED,,2026-08-04,329644e46ba1646b411b10866b907df31e37f4fc5904df2298fdcb071068c625
OA-0755,bots,Safeguards,https://docs.optionalpha.com/tools/bots/safeguards,"In illiquid markets or with wide bid-ask spreads, bots can risk more capital when closing a position than was allocated at entry.","If the market is illiquid or bid-ask spreads are wide, bots have the potential to risk more capital when the position is closed than was allocated at entry.",DOCUMENTED,,2026-08-04,329644e46ba1646b411b10866b907df31e37f4fc5904df2298fdcb071068c625
OA-0756,bots,Safeguards,https://docs.optionalpha.com/tools/bots/safeguards,"For a credit spread with a wide bid-ask spread, the ask price to close the spread may exceed the spread's width.","For example, if there is a wide bid-ask spread for a credit spread position, the ask price to close the spread may exceed the spread’s width.",DOCUMENTED,,2026-08-04,329644e46ba1646b411b10866b907df31e37f4fc5904df2298fdcb071068c625
OA-0757,bots,Safeguards,https://docs.optionalpha.com/tools/bots/safeguards,"Users can manually override positions, SmartPricing settings, exit criteria, and orders at any time.","As always, you have the ability to manually override positions, SmartPricing settings, exit criteria, and orders at any time.",DOCUMENTED,,2026-08-04,329644e46ba1646b411b10866b907df31e37f4fc5904df2298fdcb071068c625
OA-0758,bots,Safeguards,https://docs.optionalpha.com/tools/bots/safeguards,"If a position is manually overridden, the OA platform no longer communicates with that position.","If you manually override a position, the Option Alpha platform no longer communicates with the position, and the position will not count against position limits or capital allocation limits.",DOCUMENTED,,2026-08-04,329644e46ba1646b411b10866b907df31e37f4fc5904df2298fdcb071068c625
OA-0759,bots,Safeguards,https://docs.optionalpha.com/tools/bots/safeguards,A manually overridden position does not count against the bot's position limits or capital allocation limits.,the position will not count against position limits or capital allocation limits,DOCUMENTED,,2026-08-04,329644e46ba1646b411b10866b907df31e37f4fc5904df2298fdcb071068c625
OA-0760,bots,Safeguards,https://docs.optionalpha.com/tools/bots/safeguards,"After a manual override, the user must manage that position manually.",You will need to manage the position manually.,DOCUMENTED,,2026-08-04,329644e46ba1646b411b10866b907df31e37f4fc5904df2298fdcb071068c625
OA-0761,bots,Safeguards,https://docs.optionalpha.com/tools/bots/safeguards,A user may need to reconsider the bot's capital allocation limit after manually overriding positions.,You may also need to re-consider your bot’s capital allocation limit if you manually override positions.,DOCUMENTED,,2026-08-04,329644e46ba1646b411b10866b907df31e37f4fc5904df2298fdcb071068c625
OA-0762,bots,Safeguards,https://docs.optionalpha.com/tools/bots/safeguards,Daily and total position limits can be manually selected and modified in the bot's safeguards.,You can manually select and modify daily and total position in the bot's safeguards.,DOCUMENTED,,2026-08-04,329644e46ba1646b411b10866b907df31e37f4fc5904df2298fdcb071068c625
OA-0763,bots,Safeguards,https://docs.optionalpha.com/tools/bots/safeguards,Bots allow for ten daily positions and ten total open positions.,Bots allow for ten daily positions and ten total open positions.,DOCUMENTED,,2026-08-04,329644e46ba1646b411b10866b907df31e37f4fc5904df2298fdcb071068c625
OA-0764,bots,Safeguards,https://docs.optionalpha.com/tools/bots/safeguards,The page does not clarify whether the ten-position daily/total limits are a fixed platform maximum or an adjustable default that could be raised above ten.,,DOCS-SILENT,whether the stated ten daily/ten total position limits are a hard cap or can be raised above 10,2026-08-04,329644e46ba1646b411b10866b907df31e37f4fc5904df2298fdcb071068c625
OA-0765,bots,Safeguards,https://docs.optionalpha.com/tools/bots/safeguards,'Daily positions limits' is defined as the maximum number of positions a bot can open in one trading day.,'Daily positions limits' is the maximum number of positions a bot can open in one trading day.,DOCUMENTED,,2026-08-04,329644e46ba1646b411b10866b907df31e37f4fc5904df2298fdcb071068c625
OA-0766,bots,Safeguards,https://docs.optionalpha.com/tools/bots/safeguards,'Position limits' is defined as the maximum number of positions that can be open in a bot at any time.,'Position limits' is the maximum number of positions that can be open in a bot at any time.,DOCUMENTED,,2026-08-04,329644e46ba1646b411b10866b907df31e37f4fc5904df2298fdcb071068c625
OA-0767,bots,Safeguards,https://docs.optionalpha.com/tools/bots/safeguards,Position limits apply only to opening positions; there is no limit on the number of closing positions.,"Position limits are for opening positions only; there is no limit on the amount of closing positions, and closed positions do not impact the safeguard position limits.",DOCUMENTED,,2026-08-04,329644e46ba1646b411b10866b907df31e37f4fc5904df2298fdcb071068c625
OA-0768,bots,Safeguards,https://docs.optionalpha.com/tools/bots/safeguards,Closed positions do not count against the safeguard position limits.,closed positions do not impact the safeguard position limits,DOCUMENTED,,2026-08-04,329644e46ba1646b411b10866b907df31e37f4fc5904df2298fdcb071068c625
OA-0769,bots,Safeguards,https://docs.optionalpha.com/tools/bots/safeguards,Scanners are automatically turned off if a bot reaches either the position limit or the allocation limit.,Scanners are automatically turned off if a bot reaches either limit.,DOCUMENTED,,2026-08-04,329644e46ba1646b411b10866b907df31e37f4fc5904df2298fdcb071068c625
OA-0770,bots,Safeguards,https://docs.optionalpha.com/tools/bots/safeguards,"When a bot reaches an allocation or position limit, a warning is displayed in the Position statement and Bot Log.","If a bot has reached an allocation or position limit, the scanner turns off and a warning is displayed in the Position statement and Bot Log stating that a position limit has been reached.",DOCUMENTED,,2026-08-04,329644e46ba1646b411b10866b907df31e37f4fc5904df2298fdcb071068c625
OA-0771,bots,Safeguards,https://docs.optionalpha.com/tools/bots/safeguards,"Trade safeguards require the user to manually input values such as ticker symbol, expiration date, and strike price.","Trade safeguards require you to manually input certain values, such as the ticker symbol, expiration date, strike price, and more.",DOCUMENTED,,2026-08-04,329644e46ba1646b411b10866b907df31e37f4fc5904df2298fdcb071068c625
OA-0772,bots,Safeguards,https://docs.optionalpha.com/tools/bots/safeguards,"Trade safeguards also require the user to quantify maximum risk, contract amount, or a percentage of the bot's allocation.","You must also quantify maximum risk, contract amount, or a percentage of the bot's allocation.",DOCUMENTED,,2026-08-04,329644e46ba1646b411b10866b907df31e37f4fc5904df2298fdcb071068c625
OA-0773,bots,Safeguards,https://docs.optionalpha.com/tools/bots/safeguards,Trade safeguard protections exist because the trader is responsible for telling the bot exactly what to do.,These protections are in place because you are responsible for telling the bot exactly what to do.,DOCUMENTED,,2026-08-04,329644e46ba1646b411b10866b907df31e37f4fc5904df2298fdcb071068c625
OA-0774,bots,Safeguards,https://docs.optionalpha.com/tools/bots/safeguards,"Bots may only open risk-defined options positions, to protect traders from undefined risk and control margin requirements.",Bots may open risk-defined options positions. This feature is in place to protect traders from undefined risk and to control margin requirements.,DOCUMENTED,,2026-08-04,329644e46ba1646b411b10866b907df31e37f4fc5904df2298fdcb071068c625
OA-0775,bots,Safeguards,https://docs.optionalpha.com/tools/bots/safeguards,Synthetic naked positions can be replicated by purchasing far out-of-the-money long options to create a wide credit spread.,Synthetic naked positions can be replicated by purchasing far out-of-the-money long options to create a wide credit spread.,DOCUMENTED,,2026-08-04,329644e46ba1646b411b10866b907df31e37f4fc5904df2298fdcb071068c625
OA-0776,bots,SmartPricing,https://docs.optionalpha.com/tools/bots/smartpricing,SmartPricing places timed limit orders that traverse the bid/ask spread toward the final price.,SmartPricing places timed limit orders traversing the bid/ask spread to your final price.,DOCUMENTED,,2026-08-04,ca4c29541e7f620cc8580a0ff9274fee0f8046f24fdf82387b0dd727036aff73
OA-0777,bots,SmartPricing,https://docs.optionalpha.com/tools/bots/smartpricing,SmartPricing starts at the mid-price and works toward the bid when selling or toward the ask when buying.,SmartPricing starts at the mid-price and works toward the bid when selling or ask when buying.,DOCUMENTED,,2026-08-04,ca4c29541e7f620cc8580a0ff9274fee0f8046f24fdf82387b0dd727036aff73
OA-0778,bots,SmartPricing,https://docs.optionalpha.com/tools/bots/smartpricing,The final price is defined as the worst price the trader is willing to accept to fill the trade.,The final price is the worst price you are willing to accept to fill the trade.,DOCUMENTED,,2026-08-04,ca4c29541e7f620cc8580a0ff9274fee0f8046f24fdf82387b0dd727036aff73
OA-0779,bots,SmartPricing,https://docs.optionalpha.com/tools/bots/smartpricing,Each SmartPricing order stays active at the broker for a duration determined by the selected setting.,Each order will stay active at the broker for an amount of time based on the setting selected.,DOCUMENTED,,2026-08-04,ca4c29541e7f620cc8580a0ff9274fee0f8046f24fdf82387b0dd727036aff73
OA-0780,bots,SmartPricing,https://docs.optionalpha.com/tools/bots/smartpricing,Unfilled SmartPricing orders are automatically canceled and replaced with the next price in the sequence.,Unfilled orders are canceled automatically and replaced with the next price in the sequence.,DOCUMENTED,,2026-08-04,ca4c29541e7f620cc8580a0ff9274fee0f8046f24fdf82387b0dd727036aff73
OA-0781,bots,SmartPricing,https://docs.optionalpha.com/tools/bots/smartpricing,The final price order stays active for two minutes before it is automatically canceled.,The final price will stay active for two minutes and then cancel automatically.,DOCUMENTED,,2026-08-04,ca4c29541e7f620cc8580a0ff9274fee0f8046f24fdf82387b0dd727036aff73
OA-0782,bots,SmartPricing,https://docs.optionalpha.com/tools/bots/smartpricing,"The page does not state what happens after the final-price order cancels at the two-minute mark (e.g. whether the bot retries, alerts, or abandons the trade).",,DOCS-SILENT,no stated behavior after the final price order auto-cancels at 2 minutes,2026-08-04,ca4c29541e7f620cc8580a0ff9274fee0f8046f24fdf82387b0dd727036aff73
OA-0783,bots,SmartPricing,https://docs.optionalpha.com/tools/bots/smartpricing,"There are two user controls over SmartPricing: the SmartPricing mode (Patient, Normal, or Fast) and the Final Price.","The two controls you have over this functionality are the SmartPricing mode (e.g. Patient, Normal, Fast) and the ""Final Price"" (the worst price it should try).",DOCUMENTED,,2026-08-04,ca4c29541e7f620cc8580a0ff9274fee0f8046f24fdf82387b0dd727036aff73
OA-0784,bots,SmartPricing,https://docs.optionalpha.com/tools/bots/smartpricing,"Besides the three SmartPricing settings (normal, fast, patient), a trader can instead turn SmartPricing off and use a single limit order, or send a market order.","You can choose from three SmartPricing settings (normal, fast, patient), turn SmartPricing off and use a single limit, or send a market order.",DOCUMENTED,,2026-08-04,ca4c29541e7f620cc8580a0ff9274fee0f8046f24fdf82387b0dd727036aff73
OA-0785,bots,SmartPricing,https://docs.optionalpha.com/tools/bots/smartpricing,"The Normal SmartPricing mode tries up to 4 prices, spending 10 seconds on each.","Normal will try up to 4 prices, 10 seconds each.",DOCUMENTED,,2026-08-04,ca4c29541e7f620cc8580a0ff9274fee0f8046f24fdf82387b0dd727036aff73
OA-0786,bots,SmartPricing,https://docs.optionalpha.com/tools/bots/smartpricing,"The Fast SmartPricing mode tries up to 3 prices, spending 5 seconds on each.","Fast will try up to 3 prices, 5 seconds each.",DOCUMENTED,,2026-08-04,ca4c29541e7f620cc8580a0ff9274fee0f8046f24fdf82387b0dd727036aff73
OA-0787,bots,SmartPricing,https://docs.optionalpha.com/tools/bots/smartpricing,"The Patient SmartPricing mode tries up to 5 prices, spending 20 seconds on each.","Patient will try up to 5 prices, 20 seconds each.",DOCUMENTED,,2026-08-04,ca4c29541e7f620cc8580a0ff9274fee0f8046f24fdf82387b0dd727036aff73
OA-0788,bots,SmartPricing,https://docs.optionalpha.com/tools/bots/smartpricing,"For Profit Taking Exit Options, no Final Price needs to be set because the bot automatically sets it to lock in the specified profit and will not try a worse price.","Profit Taking Exit Options are a special scenario. You don't need to set a ""Final Price"" because the final price is automatically set by the bot to a price that locks in the profit you specified. It won't try a price worse than the one that would result in a profit less than your specified amount.",DOCUMENTED,,2026-08-04,ca4c29541e7f620cc8580a0ff9274fee0f8046f24fdf82387b0dd727036aff73
OA-0789,bots,SmartPricing,https://docs.optionalpha.com/tools/bots/smartpricing,"When more than one final price option is selected, SmartPricing uses whichever produces the best price.","If more than one final price option is selected, the best price is used.",DOCUMENTED,,2026-08-04,ca4c29541e7f620cc8580a0ff9274fee0f8046f24fdf82387b0dd727036aff73
OA-0790,bots,SmartPricing,https://docs.optionalpha.com/tools/bots/smartpricing,"A worked example: with a bid/ask spread of $22.30-$23.00 and a mid-price of $22.65, the bot tried a final price of $22.55 ($0.10 from mid) but did not continue all the way to the $22.30 bid.","In the image below, the bid/ask spread is $22.30 -$ 23.00, with a mid-price is $22.65. The bot would have tried a final price of $22.55 ($ 0.10 from the mid), but did not continue all the way to the bid price of $22.30.",DOCUMENTED,,2026-08-04,ca4c29541e7f620cc8580a0ff9274fee0f8046f24fdf82387b0dd727036aff73
OA-0791,bots,SmartPricing,https://docs.optionalpha.com/tools/bots/smartpricing,Selecting 100% as the final price makes SmartPricing traverse from 50% (mid) to 100% (ask).,If you select 100% as the final price of the bid-ask spread then SmartPricing goes from 50% (mid) to 100% (ask).,DOCUMENTED,,2026-08-04,ca4c29541e7f620cc8580a0ff9274fee0f8046f24fdf82387b0dd727036aff73
OA-0792,bots,SmartPricing,https://docs.optionalpha.com/tools/bots/smartpricing,Selecting 75% as the final price makes SmartPricing traverse from 50% (mid) to 75% (halfway between mid and ask).,If you select 75% as the final price of the bid-ask spread then SmartPricing goes from 50% (mid) to 75% (halfway between the mid and the ask).,DOCUMENTED,,2026-08-04,ca4c29541e7f620cc8580a0ff9274fee0f8046f24fdf82387b0dd727036aff73
OA-0793,bots,SmartPricing,https://docs.optionalpha.com/tools/bots/smartpricing,"Limiting SmartPricing to 50% as the final price makes it only attempt the midpoint price, since the midpoint is by definition 50% of the distance between bid and ask.",If you limit SmartPricing to 50% as the final price of the bid-ask spread it will only attempt the midpoint price because the midpoint is 50% of the distance between the bid and ask by definition.,DOCUMENTED,,2026-08-04,ca4c29541e7f620cc8580a0ff9274fee0f8046f24fdf82387b0dd727036aff73
OA-0794,bots,SmartPricing,https://docs.optionalpha.com/tools/bots/smartpricing,SmartPricing always starts at the mid-price regardless of the selected final-price percentage.,SmartPricing always starts at the midprice.,DOCUMENTED,,2026-08-04,ca4c29541e7f620cc8580a0ff9274fee0f8046f24fdf82387b0dd727036aff73
OA-0795,bots,SmartPricing,https://docs.optionalpha.com/tools/bots/smartpricing,"A math operator can be used as the final price setting inside a 'Close Position' action, referencing the position's opening entry price to derive a final limit price.",We can also use a math operator as a final price setting inside a 'Close Position' action in automations. The final price value references the position’s opening entry price to arrive at a final limit price to exit the position.,DOCUMENTED,,2026-08-04,ca4c29541e7f620cc8580a0ff9274fee0f8046f24fdf82387b0dd727036aff73
OA-0796,bots,SmartPricing,https://docs.optionalpha.com/tools/bots/smartpricing,"A ""x 1.15"" multiplier final-price setting closes a debit-type trade at 15% or better profit.",A x 1.15 multiplier would close the trade with a 15% or better profit for a debit type trade.,DOCUMENTED,,2026-08-04,ca4c29541e7f620cc8580a0ff9274fee0f8046f24fdf82387b0dd727036aff73
OA-0797,bots,SmartPricing,https://docs.optionalpha.com/tools/bots/smartpricing,"A ""+ 2.50"" addition final-price setting closes a debit-type trade at $250 or better profit per contract.",A + 2.50 addition would close the trade with $250 or better profit per contract for a debit type trade.,DOCUMENTED,,2026-08-04,ca4c29541e7f620cc8580a0ff9274fee0f8046f24fdf82387b0dd727036aff73
OA-0798,bots,SmartPricing,https://docs.optionalpha.com/tools/bots/smartpricing,"A ""x 0.50"" multiplier final-price setting closes a credit-type trade at 50% or better profit.",A x 0.50 multiplier would close the trade with a 50% or better profit for a credit type trade.,DOCUMENTED,,2026-08-04,ca4c29541e7f620cc8580a0ff9274fee0f8046f24fdf82387b0dd727036aff73
OA-0799,bots,SmartPricing,https://docs.optionalpha.com/tools/bots/smartpricing,"A ""- 0.75"" offset final-price setting closes a credit-type trade at $75 or better profit per contract.",A - 0.75 offset to the position’s opening price would close the trade with a $75 or better profit per contract for a credit type trade.,DOCUMENTED,,2026-08-04,ca4c29541e7f620cc8580a0ff9274fee0f8046f24fdf82387b0dd727036aff73
OA-0800,bots,SmartPricing,https://docs.optionalpha.com/tools/bots/smartpricing,"SmartPricing calculates prices at several points across the bid/ask spread, for example mid, 1/3, 2/3, and final price.","SmartPricing calculates the prices based on several points across the bid/ask spread. For example: mid, 1/3, 2/3, final price.",DOCUMENTED,,2026-08-04,ca4c29541e7f620cc8580a0ff9274fee0f8046f24fdf82387b0dd727036aff73
OA-0801,bots,SmartPricing,https://docs.optionalpha.com/tools/bots/smartpricing,"For SPX, mid-fraction prices in the spread are rounded to the nearest nickel ($0.05) depending on whether the order is a buy or a sell.","In the case of SPX, the prices at the fractions in the middle are rounded up or down to the nearest nickel ($0.05) depending on whether you are selling or buying.",DOCUMENTED,,2026-08-04,ca4c29541e7f620cc8580a0ff9274fee0f8046f24fdf82387b0dd727036aff73
OA-0802,bots,SmartPricing,https://docs.optionalpha.com/tools/bots/smartpricing,"A worked example: opening an SPX short put spread with a $0.50-wide bid/ask spread on Normal mode cannot split $0.25 evenly four ways, so SmartPricing automatically adjusts the spacing of the orders.","$0.25 cannot be evenly distributed four ways, so SmartPricing automatically adjusts the spacing of the orders.",DOCUMENTED,,2026-08-04,ca4c29541e7f620cc8580a0ff9274fee0f8046f24fdf82387b0dd727036aff73
OA-0803,bots,SmartPricing,https://docs.optionalpha.com/tools/bots/smartpricing,"SmartPricing rounds automatically to the nearest nickel, rounding up when selling and down when buying; a $4.23 final price example is rounded up to $4.25 and will not try a price below that.","SmartPricing rounds automatically to the nearest nickel increment price (rounds up when selling, down when buying). In the above example, the final price is set to $4.23, so the bot rounds up to $4.25 and will not try a price below that.",DOCUMENTED,,2026-08-04,ca4c29541e7f620cc8580a0ff9274fee0f8046f24fdf82387b0dd727036aff73
OA-0804,bots,SmartPricing,https://docs.optionalpha.com/tools/bots/smartpricing,The fill price for a multi-leg position is the mid of all legs added together.,The fill price is the mid of all legs added together.,DOCUMENTED,,2026-08-04,ca4c29541e7f620cc8580a0ff9274fee0f8046f24fdf82387b0dd727036aff73
OA-0805,bots,SmartPricing,https://docs.optionalpha.com/tools/bots/smartpricing,"For SPX, because legs can only fill in nickel increments, the resulting mid price can end up not actually being in the middle of the bid/ask.","In the case of SPX which can only fill legs in nickel increments, it can result in a mid that is not actually in the middle of the bid/ask.",DOCUMENTED,,2026-08-04,ca4c29541e7f620cc8580a0ff9274fee0f8046f24fdf82387b0dd727036aff73
OA-0806,bots,SmartPricing,https://docs.optionalpha.com/tools/bots/smartpricing,"Example: for an SPX call with a bid/ask of $0.10-$0.15, the mid price used is $0.15 when buying and $0.10 when selling, since there is no valid price in between.","For example, an SPX call with a bid/ask of $0.10 - $0.15 the mid price is $0.15 when buying, $0.10 if selling since there is no valid price in between the spread.",DOCUMENTED,,2026-08-04,ca4c29541e7f620cc8580a0ff9274fee0f8046f24fdf82387b0dd727036aff73
OA-0807,bots,SmartPricing,https://docs.optionalpha.com/tools/bots/smartpricing,"The Final Price setting is available on all position-opening actions (e.g. Open Position, Open Trade Idea), the Close Position action, and each Exit Option setting.","The Final Price setting is available on all position opening actions (e.g. Open Position, Open Trade Idea, etc), the Close Position action and each Exit Option setting.",DOCUMENTED,,2026-08-04,ca4c29541e7f620cc8580a0ff9274fee0f8046f24fdf82387b0dd727036aff73
OA-0808,bots,SmartPricing,https://docs.optionalpha.com/tools/bots/smartpricing,The default Final Price behavior is to try filling the trade at a price up to 100% of the bid/ask spread.,"The default is to try filling the trade at a price up to 100% of the bid/ask spread, which looks like this:",DOCUMENTED,,2026-08-04,ca4c29541e7f620cc8580a0ff9274fee0f8046f24fdf82387b0dd727036aff73
OA-0809,bots,SmartPricing,https://docs.optionalpha.com/tools/bots/smartpricing,"In the described default example, the bot starts at the mid price and tries up to a total of four different prices before reaching the Final Price (set to 100% of the bid/ask spread).","In this case the bot will start with an order at the mid price and try up to a total of four different prices before it makes it to the ""Final Price"", which is set to 100% of the bid/ask spread.",DOCUMENTED,,2026-08-04,ca4c29541e7f620cc8580a0ff9274fee0f8046f24fdf82387b0dd727036aff73
OA-0810,bots,SmartPricing,https://docs.optionalpha.com/tools/bots/smartpricing,"If more than one Final Price option is selected, the best fill price among them is used.",If you select more than 1 Final Price option then the best price is selected as the final price to try to get filled at.,DOCUMENTED,,2026-08-04,ca4c29541e7f620cc8580a0ff9274fee0f8046f24fdf82387b0dd727036aff73
OA-0811,bots,SmartPricing,https://docs.optionalpha.com/tools/bots/smartpricing,"In a trade-log example for selling a short put credit spread, the best of 3 selected Final Price options was $2.34 from the ""120% of typical slippage"" option, and that value was used as the Final Price.","This was selling a short put credit spread, so the ""best"" price of the 3 selected options was $2.34 from the ""120% of typical slippage"" option and that was used as the Final Price to try to get filled at.",DOCUMENTED,,2026-08-04,ca4c29541e7f620cc8580a0ff9274fee0f8046f24fdf82387b0dd727036aff73
OA-0812,bots,Tags,https://docs.optionalpha.com/tools/bots/tags,"The tagging system allows adding data to bots, positions, and symbols.","The tagging system is a powerful tool that allows you to add data to your bots, positions, and symbols.",DOCUMENTED,,2026-08-04,64470b817baf69cf7071984870e86ba37548c1d72334beae089a836ad1d8bef3
OA-0813,bots,Tags,https://docs.optionalpha.com/tools/bots/tags,"There are three main types of tags, matching the three subsequent bullet points: Bot Tags, Position Tags, and Symbol Tags.",There are three main types of tags:,DOCUMENTED,,2026-08-04,64470b817baf69cf7071984870e86ba37548c1d72334beae089a836ad1d8bef3
OA-0814,bots,Tags,https://docs.optionalpha.com/tools/bots/tags,Bot Tags do not change state and remain applied to the bot unless the user resets or untags them.,Bot Tags: Tags that are applied to your bot. They do not change state and remain applied to the bot unless reset or untagged by the user.,DOCUMENTED,,2026-08-04,64470b817baf69cf7071984870e86ba37548c1d72334beae089a836ad1d8bef3
OA-0815,bots,Tags,https://docs.optionalpha.com/tools/bots/tags,"Example bot tag uses given are tracking status such as ""actively hedging"" or ""avoiding high volatility"".","Bot tags can be used to track the status of your bot, such as ""actively hedging"" or ""avoiding high volatility"".",DOCUMENTED,,2026-08-04,64470b817baf69cf7071984870e86ba37548c1d72334beae089a836ad1d8bef3
OA-0816,bots,Tags,https://docs.optionalpha.com/tools/bots/tags,Position Tags are applied to open positions and stay with the position to help identify its type for differentiated management.,Position Tags: Tags that are applied to your open positions. They stay with the position and are helpful to determine what type of position it might be or other identifiers the user might want to know to manage and treat that position differently than others.,DOCUMENTED,,2026-08-04,64470b817baf69cf7071984870e86ba37548c1d72334beae089a836ad1d8bef3
OA-0817,bots,Tags,https://docs.optionalpha.com/tools/bots/tags,"Example position tag uses given are ""hedge"" or ""core"" position identifiers.","For example, you could use a position tag to identify a ""hedge"" or a ""core"" position.",DOCUMENTED,,2026-08-04,64470b817baf69cf7071984870e86ba37548c1d72334beae089a836ad1d8bef3
OA-0818,bots,Tags,https://docs.optionalpha.com/tools/bots/tags,"Symbol Tags are applied to symbols, with an example being tagging based on an indicator reading like RSI Overbought.",Symbol Tags: Tags that are applied to your symbols. An example of this would be tagging a symbol based on an indicator reading like RSI Overbought.,DOCUMENTED,,2026-08-04,64470b817baf69cf7071984870e86ba37548c1d72334beae089a836ad1d8bef3
OA-0819,bots,Tags,https://docs.optionalpha.com/tools/bots/tags,Tags can be used together with decisions in automations to create flexible logic.,Tags can be used in conjunction with decisions to create powerful and flexible automations.,DOCUMENTED,,2026-08-04,64470b817baf69cf7071984870e86ba37548c1d72334beae089a836ad1d8bef3
OA-0820,bots,Tags,https://docs.optionalpha.com/tools/bots/tags,"The tagging system provides nine distinct tagging actions in total: three each (Tag/Untag/Reset) for Bot, Position, and Symbol.","- Tag Bot: Add tags to your bot.
- Untag Bot: Remove tags from your bot.
- Reset Bot Tags: Replace all tags for your bot.
- Tag Position: Add tags to a position.
- Untag Position: Remove tags from a position.
- Reset Position Tags: Replace all tags for a position.
- Tag Symbol: Add tags to a symbol.
- Untag Symbol: Remove tags from a symbol.
- Reset Symbol Tags: Replace all tags for a symbol.",DOCUMENTED,,2026-08-04,64470b817baf69cf7071984870e86ba37548c1d72334beae089a836ad1d8bef3
OA-0821,bots,Tags,https://docs.optionalpha.com/tools/bots/tags,"The ""Reset"" tagging actions (Reset Bot Tags, Reset Position Tags, Reset Symbol Tags) replace all existing tags rather than adding to them.",Reset Bot Tags: Replace all tags for your bot.,DOCUMENTED,,2026-08-04,64470b817baf69cf7071984870e86ba37548c1d72334beae089a836ad1d8bef3
OA-0822,bots,Tags,https://docs.optionalpha.com/tools/bots/tags,"The page does not state whether there is a maximum number of tags that can be applied to a single bot, position, or symbol.",,DOCS-SILENT,no stated limit on number of tags per bot/position/symbol,2026-08-04,64470b817baf69cf7071984870e86ba37548c1d72334beae089a836ad1d8bef3
OA-0823,bots,Tags,https://docs.optionalpha.com/tools/bots/tags,The page does not state whether Position Tags are retained anywhere (e.g. in trade history/logs) after the position closes.,,DOCS-SILENT,unclear whether position tags persist or are viewable after a position is closed,2026-08-04,64470b817baf69cf7071984870e86ba37548c1d72334beae089a836ad1d8bef3
OA-0824,bots,Webhooks,https://docs.optionalpha.com/tools/bots/webhooks,Webhooks link Option Alpha automations with indicators and signals from popular charting platforms and applications.,"With Webhooks, we can now link our Option Alpha automations with the indicators and signals from some of the most popular charting platforms and applications.",DOCUMENTED,,2026-08-04,7a9efb5b867753d640e1e5d6f80942a951052388148053d41112fd5a534af75c
OA-0825,bots,Webhooks,https://docs.optionalpha.com/tools/bots/webhooks,"Webhooks address trader demand for more indicators, custom signals, intraday timeframes, and email-based trade alerts.","The addition of webhooks is a solution for traders in the community who want to use more indicators, custom signals, intraday timeframes, and email-based trade alerts.",DOCUMENTED,,2026-08-04,7a9efb5b867753d640e1e5d6f80942a951052388148053d41112fd5a534af75c
OA-0826,bots,Webhooks,https://docs.optionalpha.com/tools/bots/webhooks,External services such as Zapier can be used to convert email-received signals (or signals from other sources) into an outgoing webhook to Option Alpha bots.,"Plus, it doesn’t just stop there, because you can also use external software services like Zapier, which enables you to convert signals received by email or any number of other sources into an outgoing Webhook headed straight to your bots.",DOCUMENTED,,2026-08-04,7a9efb5b867753d640e1e5d6f80942a951052388148053d41112fd5a534af75c
OA-0827,bots,Webhooks,https://docs.optionalpha.com/tools/bots/webhooks,A webhook is defined as the link that allows two unconnected systems to communicate with each other.,A webhook makes it possible for two unconnected systems to communicate with each other. The webhook is the link between the platforms.,DOCUMENTED,,2026-08-04,7a9efb5b867753d640e1e5d6f80942a951052388148053d41112fd5a534af75c
OA-0828,bots,Webhooks,https://docs.optionalpha.com/tools/bots/webhooks,A webhook lets a trader trigger Option Alpha automations from any external source they choose.,A Webhook allows you to trigger automations within Option Alpha from any external source you choose.,DOCUMENTED,,2026-08-04,7a9efb5b867753d640e1e5d6f80942a951052388148053d41112fd5a534af75c
OA-0829,bots,Webhooks,https://docs.optionalpha.com/tools/bots/webhooks,"Automations can be run at continuous intervals, scheduled for a specific date/time, or now triggered by an external webhook call.","We can run them at continuous intervals, schedule them for a specific date and time, and now trigger them if a webhook is called from an external source, meaning an automation can run at any time based on a wide variety of alert signals.",DOCUMENTED,,2026-08-04,7a9efb5b867753d640e1e5d6f80942a951052388148053d41112fd5a534af75c
OA-0830,bots,Webhooks,https://docs.optionalpha.com/tools/bots/webhooks,"Webhooks let users leverage indicators from other services, including intraday indicators from smaller timeframe charts, that are not available within Option Alpha itself.","We’re no longer limited to the indicators within Option Alpha; we can now leverage the full suite of tools and analytics from other services to trigger trading signals and expand our opportunities. This, of course, includes any intra-day indicators from smaller timeframe charts.",DOCUMENTED,,2026-08-04,7a9efb5b867753d640e1e5d6f80942a951052388148053d41112fd5a534af75c
OA-0831,bots,Webhooks,https://docs.optionalpha.com/tools/bots/webhooks,"If a bot that uses a Webhook automation trigger is cloned, the webhook persists because it can be shared among bots.","If you clone a bot that uses a Webhook automation trigger, the webhook will persist since it can be shared among bots.",DOCUMENTED,,2026-08-04,7a9efb5b867753d640e1e5d6f80942a951052388148053d41112fd5a534af75c
OA-0832,bots,Webhooks,https://docs.optionalpha.com/tools/bots/webhooks,"Using webhooks in Option Alpha involves four steps: create a webhook URL, schedule an automation to run on that trigger, paste the URL into an external platform, and define the criteria that call the webhook.","1. Create a new webhook URL in your Option Alpha account
2. Schedule an automation to run when the webhook triggers
3. Copy/paste the unique URL into an external platform
4. Define the criteria to call the webhook",DOCUMENTED,,2026-08-04,7a9efb5b867753d640e1e5d6f80942a951052388148053d41112fd5a534af75c
OA-0833,bots,Webhooks,https://docs.optionalpha.com/tools/bots/webhooks,"A new webhook URL can be created either in Option Alpha account Settings, or when creating a New Automation in a bot's Settings tab.","Create and name your new webhook inside your Option Alpha Settings:

Or when creating a New Automation in a bot's Settings tab:",DOCUMENTED,,2026-08-04,7a9efb5b867753d640e1e5d6f80942a951052388148053d41112fd5a534af75c
OA-0834,bots,Webhooks,https://docs.optionalpha.com/tools/bots/webhooks,"To schedule the trigger, the automation is added in the bot's Settings with 'Webhook' selected from the available triggers.","In your bot’s Settings, add the automation you want to run when your webhook is called, and select ‘Webhook’ from the available triggers.",DOCUMENTED,,2026-08-04,7a9efb5b867753d640e1e5d6f80942a951052388148053d41112fd5a534af75c
OA-0835,bots,Webhooks,https://docs.optionalpha.com/tools/bots/webhooks,"When a webhook is called, the associated automation runs instantly.","When your webhook is called, the automation will run instantly.",DOCUMENTED,,2026-08-04,7a9efb5b867753d640e1e5d6f80942a951052388148053d41112fd5a534af75c
OA-0836,bots,Webhooks,https://docs.optionalpha.com/tools/bots/webhooks,A single webhook can trigger up to 10 automations within a single bot.,"A webhook can trigger up to 10 automations in a single bot, and a webhook can trigger automations in multiple bots.",DOCUMENTED,,2026-08-04,7a9efb5b867753d640e1e5d6f80942a951052388148053d41112fd5a534af75c
OA-0837,bots,Webhooks,https://docs.optionalpha.com/tools/bots/webhooks,"A single webhook can also trigger automations across multiple different bots, not just automations within one bot.",and a webhook can trigger automations in multiple bots.,DOCUMENTED,,2026-08-04,7a9efb5b867753d640e1e5d6f80942a951052388148053d41112fd5a534af75c
OA-0838,bots,Webhooks,https://docs.optionalpha.com/tools/bots/webhooks,"An automation triggered by a webhook can still evaluate additional market criteria, position filters, and opportunity checks, or simply open a position, and can run alongside other automations.","Your automation can evaluate additional market criteria, position filters, opportunity checks, and more. Or, it can simply open a position. It can even run alongside other automations.",DOCUMENTED,,2026-08-04,7a9efb5b867753d640e1e5d6f80942a951052388148053d41112fd5a534af75c
OA-0839,bots,Webhooks,https://docs.optionalpha.com/tools/bots/webhooks,A given example webhook criterion is triggering when SPY's 9-day SMA crosses above its 21-day SMA.,"For example, this webhook would be called if SPY's 9-day SMA crossed above the 21-day SMA, trigger an automation of your choice in Option Alpha:",DOCUMENTED,,2026-08-04,7a9efb5b867753d640e1e5d6f80942a951052388148053d41112fd5a534af75c
OA-0840,bots,Webhooks,https://docs.optionalpha.com/tools/bots/webhooks,"The page includes a disclaimer that Option Alpha is not affiliated with TradingView, Zapier, or Python, and does not endorse any specific strategy, indicator, or alert shown as an example.","*Option Alpha is not affiliated with TradingView, Zapier, or Python, and does not endorse any specific strategy, indicator, or alert. All examples are provided for demonstration purposes only.",DOCUMENTED,,2026-08-04,7a9efb5b867753d640e1e5d6f80942a951052388148053d41112fd5a534af75c
OA-0841,bots,Webhooks,https://docs.optionalpha.com/tools/bots/webhooks,The page does not state whether there is a limit on the total number of webhook URLs an account can create.,,DOCS-SILENT,no stated limit on total webhooks per account,2026-08-04,7a9efb5b867753d640e1e5d6f80942a951052388148053d41112fd5a534af75c
OA-0842,bots,Webhooks,https://docs.optionalpha.com/tools/bots/webhooks,The page does not describe any authentication or security mechanism (e.g. secret tokens) protecting a webhook URL from being called by unauthorized parties.,,DOCS-SILENT,no stated security/authentication mechanism for webhook URLs,2026-08-04,7a9efb5b867753d640e1e5d6f80942a951052388148053d41112fd5a534af75c
OA-0843,bots,Clone Bot Templates,https://docs.optionalpha.com/tools/clone-bot-templates,"Bot templates and cloning let traders discover, share, and implement trading strategies, replicate successful strategies, collaborate with other traders, and expand their trading portfolio.","One of the most powerful features supporting the process of discovering, sharing, and implementing trading strategies is the use of bot templates and cloning. These tools allow you to easily replicate successful strategies, collaborate with other traders, and expand your trading portfolio with minimal effort.",DOCUMENTED,,2026-08-04,a5323c528715723495dccb8b6cc2645ffa721e934979a2747567a2778cdf3291
OA-0844,bots,Clone Bot Templates,https://docs.optionalpha.com/tools/clone-bot-templates,Bots can be cloned directly from templates or from other existing bots.,Option Alpha makes it easy to clone bots directly from templates or from other bots.,DOCUMENTED,,2026-08-04,a5323c528715723495dccb8b6cc2645ffa721e934979a2747567a2778cdf3291
OA-0845,bots,Clone Bot Templates,https://docs.optionalpha.com/tools/clone-bot-templates,Cloning a bot with a single click adds the clone to the user's portfolio complete with all settings and strategies of the original bot.,"With a single click, you can add a cloned bot to your portfolio, complete with all the settings and strategies of the original bot.",DOCUMENTED,,2026-08-04,a5323c528715723495dccb8b6cc2645ffa721e934979a2747567a2778cdf3291
OA-0846,bots,Clone Bot Templates,https://docs.optionalpha.com/tools/clone-bot-templates,Cloning is presented as a way both to quickly expand a portfolio of bots and to build variations of a given bot.,This functionality allows you to quickly and efficiently expand your portfolio of bots and build variations of one bot or another.,DOCUMENTED,,2026-08-04,a5323c528715723495dccb8b6cc2645ffa721e934979a2747567a2778cdf3291
OA-0847,bots,Clone Bot Templates,https://docs.optionalpha.com/tools/clone-bot-templates,"Any bot created on Option Alpha can be saved as a template, which stores the strategy indefinitely for later revisiting and reuse.","Any bot you create on Option Alpha can be saved as a template. This feature allows you to store your strategies indefinitely, making it easy to revisit and reuse them as needed.",DOCUMENTED,,2026-08-04,a5323c528715723495dccb8b6cc2645ffa721e934979a2747567a2778cdf3291
OA-0848,bots,Clone Bot Templates,https://docs.optionalpha.com/tools/clone-bot-templates,Saving a bot as a template is framed as a way to preserve a record of a successful bot setup or a unique trading approach.,"Whether you’ve developed a unique trading approach or simply want to keep a record of a successful bot setup, saving it as a template ensures that your hard work is preserved.",DOCUMENTED,,2026-08-04,a5323c528715723495dccb8b6cc2645ffa721e934979a2747567a2778cdf3291
OA-0849,bots,Clone Bot Templates,https://docs.optionalpha.com/tools/clone-bot-templates,"Templates can be shared in one of two ways: shared publicly with the community, or kept private in the user's personal library.","- Share Publicly: If you choose to share your template with the community, other traders can view, clone, and implement your strategy. This collaborative approach fosters a dynamic environment where traders can learn from each other and experiment with new ideas.
- Keep Private: Alternatively, you can keep your templates private, stored securely in your personal library. This option is perfect if you want to maintain control over your strategies or use them exclusively within your own portfolio.",DOCUMENTED,,2026-08-04,a5323c528715723495dccb8b6cc2645ffa721e934979a2747567a2778cdf3291
OA-0850,bots,Clone Bot Templates,https://docs.optionalpha.com/tools/clone-bot-templates,"When a template is shared publicly, other traders can view, clone, and implement that strategy.","If you choose to share your template with the community, other traders can view, clone, and implement your strategy.",DOCUMENTED,,2026-08-04,a5323c528715723495dccb8b6cc2645ffa721e934979a2747567a2778cdf3291
OA-0851,bots,Clone Bot Templates,https://docs.optionalpha.com/tools/clone-bot-templates,Private templates are stored securely in the user's personal library and are for maintaining control over strategies or using them only within the user's own portfolio.,"Alternatively, you can keep your templates private, stored securely in your personal library. This option is perfect if you want to maintain control over your strategies or use them exclusively within your own portfolio.",DOCUMENTED,,2026-08-04,a5323c528715723495dccb8b6cc2645ffa721e934979a2747567a2778cdf3291
OA-0852,bots,Clone Bot Templates,https://docs.optionalpha.com/tools/clone-bot-templates,"The community contains a wide variety of publicly shared templates created by other traders, offering insight into different trading approaches.","Within this community, you’ll find a wide variety of templates created by other traders. These public templates offer valuable insights into different trading approaches and can be a great resource for finding new ideas to incorporate into your own bots.",DOCUMENTED,,2026-08-04,a5323c528715723495dccb8b6cc2645ffa721e934979a2747567a2778cdf3291
OA-0853,bots,Clone Bot Templates,https://docs.optionalpha.com/tools/clone-bot-templates,Members of the Option Alpha team also contribute public templates.,"In addition to community-shared templates, members of the Option Alpha team also contribute public templates.",DOCUMENTED,,2026-08-04,a5323c528715723495dccb8b6cc2645ffa721e934979a2747567a2778cdf3291
OA-0854,bots,Clone Bot Templates,https://docs.optionalpha.com/tools/clone-bot-templates,"Option Alpha team-contributed public templates are typically educational in nature, representing experimental ideas or collaborations inviting community feedback and participation.","These templates are typically educational in nature, representing experimental ideas or collaborations that invite feedback and participation from the broader trading community.",DOCUMENTED,,2026-08-04,a5323c528715723495dccb8b6cc2645ffa721e934979a2747567a2778cdf3291
OA-0855,bots,Clone Bot Templates,https://docs.optionalpha.com/tools/clone-bot-templates,Option Alpha team-contributed educational templates should be forward-tested thoroughly before being applied to live accounts.,"It’s important to note that while these templates can be highly informative, they are often intended for educational purposes and should be forward-tested thoroughly before being applied to live accounts.",DOCUMENTED,,2026-08-04,a5323c528715723495dccb8b6cc2645ffa721e934979a2747567a2778cdf3291
OA-0856,bots,Clone Bot Templates,https://docs.optionalpha.com/tools/clone-bot-templates,"There is a ""Top Bot Template"" leaderboard that ranks publicly shared templates by their performance in both paper trading and live accounts.","For those interested in seeing how different templates perform, the community features a leaderboard that ranks publicly shared templates based on their performance in both paper trading and live accounts.",DOCUMENTED,,2026-08-04,a5323c528715723495dccb8b6cc2645ffa721e934979a2747567a2778cdf3291
OA-0857,bots,Clone Bot Templates,https://docs.optionalpha.com/tools/clone-bot-templates,The Top Bot Template leaderboard is described as a tool for identifying successful strategies and gaining insight into what is working in real trading environments.,The ' Top Bot Template' leaderboard is a valuable tool for identifying successful strategies and gaining insights into what’s working in real trading environments.,DOCUMENTED,,2026-08-04,a5323c528715723495dccb8b6cc2645ffa721e934979a2747567a2778cdf3291
OA-0858,bots,Clone Bot Templates,https://docs.optionalpha.com/tools/clone-bot-templates,"The page does not specify what performance metric(s) (e.g., P/L, win rate, R, sample size, or time window) the Top Bot Template leaderboard uses to rank templates.",,DOCS-SILENT,what specific metric/methodology the Top Bot Template leaderboard uses to rank templates by performance,2026-08-04,a5323c528715723495dccb8b6cc2645ffa721e934979a2747567a2778cdf3291
OA-0859,bots,Clone Bot Templates,https://docs.optionalpha.com/tools/clone-bot-templates,"The page does not state whether cloning a template creates a live bot by default or a paper-trading bot, nor does it describe any confirmation step before a clone goes live.",,DOCS-SILENT,"default live/paper status of a newly cloned bot, and whether any confirmation is required before it can trade live",2026-08-04,a5323c528715723495dccb8b6cc2645ffa721e934979a2747567a2778cdf3291
OA-0860,managing-positions,Managing Positions,https://docs.optionalpha.com/tools/managing-positions,The Managing Positions page lists two tools for managing positions: Exit Options and Monitor Automations.,"- Exit Options: Exit Options automatically manage your positions every minute of the day so you don't have to worry about tracking your trades' profit, loss, days to expiration, or earnings.
- Monitor Automations: Use a monitor automation to your bot that checks for more specific exit conditions:",DOCUMENTED,,2026-08-04,a7201060aaf8eec1f0f951782385f3e06eb3ee434915e0046d03d481eb186660
OA-0861,managing-positions,Managing Positions,https://docs.optionalpha.com/tools/managing-positions,"Exit Options automatically manage positions every minute of the day, removing the need to manually track profit, loss, days to expiration, or earnings.","Exit Options automatically manage your positions every minute of the day so you don't have to worry about tracking your trades' profit, loss, days to expiration, or earnings.",DOCUMENTED,,2026-08-04,a7201060aaf8eec1f0f951782385f3e06eb3ee434915e0046d03d481eb186660
OA-0862,managing-positions,Managing Positions,https://docs.optionalpha.com/tools/managing-positions,A monitor automation is added to a bot to check for more specific exit conditions than Exit Options handle.,Monitor Automations: Use a monitor automation to your bot that checks for more specific exit conditions:,DOCUMENTED,,2026-08-04,a7201060aaf8eec1f0f951782385f3e06eb3ee434915e0046d03d481eb186660
OA-0863,managing-positions,Managing Positions,https://docs.optionalpha.com/tools/managing-positions,"The page's description of Monitor Automations ends with a trailing colon and does not itself list what the ""more specific exit conditions"" are.",,DOCS-SILENT,what specific exit conditions monitor automations can check for beyond what Exit Options handle,2026-08-04,a7201060aaf8eec1f0f951782385f3e06eb3ee434915e0046d03d481eb186660
OA-0864,managing-positions,Exit Options,https://docs.optionalpha.com/tools/managing-positions/exit-options,Exit Options let a trader pre-set exit criteria so bots manage positions automatically throughout the day.,"Exit Options enable us to pre-set exit criteria, so bots can manage our positions automatically throughout the day.",DOCUMENTED,,2026-08-04,f2eec2ef1f894eca1a9a0ebc7c8a4e9b8b8200111e0e45c324ba0a1c8403650c
OA-0865,managing-positions,Exit Options,https://docs.optionalpha.com/tools/managing-positions/exit-options,"Orders generated by Exit Options are only sent to the broker once the exit criteria is met, rather than resting in the order book in advance.","Plus, orders are only sent to the broker when your criteria is met, so you no longer need to worry about having resting orders exploited while sitting in an order book (say goodbye to stop-hunting market makers).",DOCUMENTED,,2026-08-04,f2eec2ef1f894eca1a9a0ebc7c8a4e9b8b8200111e0e45c324ba0a1c8403650c
OA-0866,managing-positions,Exit Options,https://docs.optionalpha.com/tools/managing-positions/exit-options,"This send-only-when-triggered order behavior is framed by the docs as protection against ""stop-hunting market makers"" exploiting resting orders.",say goodbye to stop-hunting market makers,DOCUMENTED,,2026-08-04,f2eec2ef1f894eca1a9a0ebc7c8a4e9b8b8200111e0e45c324ba0a1c8403650c
OA-0867,managing-positions,Exit Options,https://docs.optionalpha.com/tools/managing-positions/exit-options,Exit Options check each position every minute and send a closing order only if the exit criteria are met at that check.,Exit Options check your position every minute and send a closing order if your exit criteria are met.,DOCUMENTED,,2026-08-04,f2eec2ef1f894eca1a9a0ebc7c8a4e9b8b8200111e0e45c324ba0a1c8403650c
OA-0868,managing-positions,Exit Options,https://docs.optionalpha.com/tools/managing-positions/exit-options,"Live bots can enable a separate ""Instant Exit Options"" mode that continuously (not just once per minute) monitors and updates position returns and reacts to leg and underlying price changes.","Live bots can enable Instant Exit Options, which continuously monitor and update position returns and respond to changes in the leg and underlying pricing.",DOCUMENTED,,2026-08-04,f2eec2ef1f894eca1a9a0ebc7c8a4e9b8b8200111e0e45c324ba0a1c8403650c
OA-0869,managing-positions,Exit Options,https://docs.optionalpha.com/tools/managing-positions/exit-options,"The page does not state whether Instant Exit Options is available for paper-trading bots or only live bots, nor does it explain the exact latency/mechanism difference from the standard 1-minute check.",,DOCS-SILENT,"whether Instant Exit Options is available to paper bots, and the technical mechanism/latency behind ""continuous"" monitoring vs the 1-minute interval",2026-08-04,f2eec2ef1f894eca1a9a0ebc7c8a4e9b8b8200111e0e45c324ba0a1c8403650c
OA-0870,managing-positions,Exit Options,https://docs.optionalpha.com/tools/managing-positions/exit-options,"Exit Options can run starting at 9:31 am ET and until 1 minute before market close, and this schedule can be customized in account Settings.",Exit Options can run from 9:31 am ET until 1 minute before the market close. You can customize the Exit Options schedule in your Settings.,DOCUMENTED,,2026-08-04,f2eec2ef1f894eca1a9a0ebc7c8a4e9b8b8200111e0e45c324ba0a1c8403650c
OA-0871,managing-positions,Exit Options,https://docs.optionalpha.com/tools/managing-positions/exit-options,Exit Options always run — including when a bot's own automations are turned off — so positions stay managed unless Exit Options are explicitly turned off within the bot itself.,"Exit Options always run, even if your automations inside a bot are turned off, so your positions are always managed, unless you turn off Exit Options in your bot (see below).",DOCUMENTED,,2026-08-04,f2eec2ef1f894eca1a9a0ebc7c8a4e9b8b8200111e0e45c324ba0a1c8403650c
OA-0872,managing-positions,Exit Options,https://docs.optionalpha.com/tools/managing-positions/exit-options,"Exit Options evaluate a position's return using the position's mid-price, not the bid or ask.",Exit Options use a position's mid-price when evaluating returns.,DOCUMENTED,,2026-08-04,f2eec2ef1f894eca1a9a0ebc7c8a4e9b8b8200111e0e45c324ba0a1c8403650c
OA-0873,managing-positions,Exit Options,https://docs.optionalpha.com/tools/managing-positions/exit-options,"A bid-ask guard can be used to disable Exit Options from closing a position, or from tracking the position's high % or low %, whenever the bid-ask spread is wide.",(Note: you can use a bid-ask guard to disable Exit Options from closing a position or tracking the high % or low % of the position if the bid-ask spread is wide).,DOCUMENTED,,2026-08-04,f2eec2ef1f894eca1a9a0ebc7c8a4e9b8b8200111e0e45c324ba0a1c8403650c
OA-0874,managing-positions,Exit Options,https://docs.optionalpha.com/tools/managing-positions/exit-options,"The page states Exit Options can be customized ""using six triggers"" but then lists eight named triggers (Profit Taking, Profit Target, Price Target, Stop Loss, Trailing Stop, Touch, Expiration, Earnings) — the stated count of six does not match the eight items actually listed.","You can customize each position's Exit Options for specific management using six triggers:

- Profit Taking
- Profit Target
- Price Target
- Stop Loss‍
- Trailing Stop‍
- Touch‍
- Expiration
- Earnings",DOCUMENTED,"count mismatch between stated ""six triggers"" and the eight bullet items listed immediately after",2026-08-04,f2eec2ef1f894eca1a9a0ebc7c8a4e9b8b8200111e0e45c324ba0a1c8403650c
OA-0875,managing-positions,Exit Options,https://docs.optionalpha.com/tools/managing-positions/exit-options,"The named Exit Option triggers include Profit Taking, Profit Target, Price Target, Stop Loss, Trailing Stop, Touch, Expiration, and Earnings.","- Profit Taking
- Profit Target
- Price Target
- Stop Loss‍
- Trailing Stop‍
- Touch‍
- Expiration
- Earnings",DOCUMENTED,,2026-08-04,f2eec2ef1f894eca1a9a0ebc7c8a4e9b8b8200111e0e45c324ba0a1c8403650c
OA-0876,managing-positions,Exit Options,https://docs.optionalpha.com/tools/managing-positions/exit-options,"There is no guarantee that an Exit-Option-triggered order will actually fill in a live market, meaning a position may not close even though an order was sent to the broker.","Note: There is no guarantee that an order will fill in a live market. It is possible that a position won't close when an order is sent to your broker for execution. Markets move fast, and bid-ask spreads can be volatile.",DOCUMENTED,,2026-08-04,f2eec2ef1f894eca1a9a0ebc7c8a4e9b8b8200111e0e45c324ba0a1c8403650c
OA-0877,managing-positions,Exit Options,https://docs.optionalpha.com/tools/managing-positions/exit-options,"An order triggered by an Exit Option stays active for two minutes, and during that two-minute window no additional (replacement) orders are sent to the broker for that position.","Orders triggered by an exit option will remain active for two minutes; during that time, no additional orders will be sent to your broker.",DOCUMENTED,,2026-08-04,f2eec2ef1f894eca1a9a0ebc7c8a4e9b8b8200111e0e45c324ba0a1c8403650c
OA-0878,managing-positions,Exit Options,https://docs.optionalpha.com/tools/managing-positions/exit-options,"If a two-minute Exit-Option order does not fill, Exit Options resume checking the position at the next 1-minute interval (i.e., re-evaluation continues on the normal cadence rather than retrying immediately).","If the order is not filled, exit options will resume checking the position at the next 1-minute interval.",DOCUMENTED,,2026-08-04,f2eec2ef1f894eca1a9a0ebc7c8a4e9b8b8200111e0e45c324ba0a1c8403650c
OA-0879,managing-positions,Exit Options,https://docs.optionalpha.com/tools/managing-positions/exit-options,"When using the ""Expiration"" Exit Option setting specifically, if the order does not fill at the specified time the bot will keep sending orders for the rest of that trading day (an exception to the normal one-attempt-per-interval cadence, implying persistent/repeated attempts on expiration day).","When using the 'Expiration' setting, the bot will continue sending orders for the remainder of the trading day if the order does not fill at the specified time.",DOCUMENTED,,2026-08-04,f2eec2ef1f894eca1a9a0ebc7c8a4e9b8b8200111e0e45c324ba0a1c8403650c
OA-0880,managing-positions,Exit Options,https://docs.optionalpha.com/tools/managing-positions/exit-options,"There is no guarantee that a Stop Loss or Trailing Stop exit will close at the exact configured stop value — the closing order is only triggered once mid-price reaches or passes that value, so the realized loss can exceed the expected/configured value.","Also note that there is no guranatee that a stop loss or trailing stop value will be the exact closing value. A closing order is triggered when the position's mid-price is at or beyond the stop loss value, but it is possible that the realized loss will exceed the expected value.",DOCUMENTED,,2026-08-04,f2eec2ef1f894eca1a9a0ebc7c8a4e9b8b8200111e0e45c324ba0a1c8403650c
OA-0881,managing-positions,Exit Options,https://docs.optionalpha.com/tools/managing-positions/exit-options,"This ""no guarantee"" language about fills and about stop-loss/trailing-stop slippage directly implies that a position's configured Exit Options describe intended exit behavior, not a record of what actually executed — actual execution (fill, timing, realized price) can diverge from the configured criteria.",There is no guarantee that an order will fill in a live market. It is possible that a position won't close when an order is sent to your broker for execution.,DOCUMENTED,,2026-08-04,f2eec2ef1f894eca1a9a0ebc7c8a4e9b8b8200111e0e45c324ba0a1c8403650c
OA-0882,managing-positions,Exit Options,https://docs.optionalpha.com/tools/managing-positions/exit-options,"When closing a position, a trader/bot can choose to use SmartPricing, turn SmartPricing off, or use a plain market order.","You can use SmartPricing when closing a position, turn off SmartPricing, or use a market order.",DOCUMENTED,,2026-08-04,f2eec2ef1f894eca1a9a0ebc7c8a4e9b8b8200111e0e45c324ba0a1c8403650c
OA-0883,managing-positions,Exit Options,https://docs.optionalpha.com/tools/managing-positions/exit-options,"Exit Option closing orders are automatically canceled after two minutes if unfilled, after which Exit Options re-check the position at the next interval and, if the exit criteria are still met, restart the process of sending an order to the broker.","Exit Option orders are automatically canceled after two minutes. If an order is not filled, Exit Options will check your position at the next interval and, if necessary, re-start the process of sending orders to your broker if the exit criteria are still met.",DOCUMENTED,,2026-08-04,f2eec2ef1f894eca1a9a0ebc7c8a4e9b8b8200111e0e45c324ba0a1c8403650c
OA-0884,managing-positions,Exit Options,https://docs.optionalpha.com/tools/managing-positions/exit-options,"For Profit Taking Exit Options specifically, the bot automatically sets the closing order's final price to the profit-taking level so that, if the order fills, at least the specified minimum profit target is received.",Profit-taking Exit Options set the final price to your profit-taking level to ensure your minimum profit target is received if the order fills.,DOCUMENTED,,2026-08-04,f2eec2ef1f894eca1a9a0ebc7c8a4e9b8b8200111e0e45c324ba0a1c8403650c
OA-0885,managing-positions,Exit Options,https://docs.optionalpha.com/tools/managing-positions/exit-options,"For Profit Taking Exit Options, the trader does not need to manually set a ""Final Price"" field, and the bot will never try a worse price that would yield less profit than the amount specified.","You don't need to set a ""Final Price"" because the final price is automatically set by the bot to a price that locks in the profit you specified. It won't try a worse price that would result in profit less than your specified amount.",DOCUMENTED,,2026-08-04,f2eec2ef1f894eca1a9a0ebc7c8a4e9b8b8200111e0e45c324ba0a1c8403650c
OA-0886,managing-positions,Exit Options,https://docs.optionalpha.com/tools/managing-positions/exit-options,"The Before Expiration and Before Earnings Exit Option triggers are calculated using calendar days, the same way days-to-expiration (DTE) is calculated.",The Before Expiration and Before Earnings triggers operate based on calendar days in the same way 'days to expiration' is calculated,DOCUMENTED,,2026-08-04,f2eec2ef1f894eca1a9a0ebc7c8a4e9b8b8200111e0e45c324ba0a1c8403650c
OA-0887,managing-positions,Exit Options,https://docs.optionalpha.com/tools/managing-positions/exit-options,"When Before Expiration or Before Earnings is set using a day-based selection, the trigger executes at 3:29 pm ET.",and will execute at 3:29 pm ET if using a day-based selection.,DOCUMENTED,,2026-08-04,f2eec2ef1f894eca1a9a0ebc7c8a4e9b8b8200111e0e45c324ba0a1c8403650c
OA-0888,managing-positions,Exit Options,https://docs.optionalpha.com/tools/managing-positions/exit-options,"The docs give a worked DTE example: if today is Friday, a position expiring the following Monday is considered 3 DTE (i.e., Saturday and Sunday count toward days-to-expiration).","For example, if today is Friday, a position expiring on Monday is considered 3DTE.",DOCUMENTED,,2026-08-04,f2eec2ef1f894eca1a9a0ebc7c8a4e9b8b8200111e0e45c324ba0a1c8403650c
OA-0889,managing-positions,Exit Options,https://docs.optionalpha.com/tools/managing-positions/exit-options,It is explicitly the trader's own responsibility to account for how weekends and market holidays affect a contract's days-to-expiration value when using Before Expiration or Before Earnings triggers.,"When using an exit trigger for Before Expiration or Before Earnings, it's the traders responsibility to be aware of how weekends and market holidays will affect the contract's days to expiration value.",DOCUMENTED,,2026-08-04,f2eec2ef1f894eca1a9a0ebc7c8a4e9b8b8200111e0e45c324ba0a1c8403650c
OA-0890,managing-positions,Exit Options,https://docs.optionalpha.com/tools/managing-positions/exit-options,"If the PDT (pattern day trading) checkbox is checked, the bot will wait at least one day before closing a position, specifically to avoid triggering pattern day trading.","If you check the PDT box, the bot will wait at least one day to close a position to avoid pattern day trading.",DOCUMENTED,,2026-08-04,f2eec2ef1f894eca1a9a0ebc7c8a4e9b8b8200111e0e45c324ba0a1c8403650c
OA-0891,managing-positions,Exit Options,https://docs.optionalpha.com/tools/managing-positions/exit-options,"The bid/ask guard lets a trader set the maximum bid/ask spread width they are comfortable with; if a position's spread exceeds that width, Exit Options are disabled from closing the position or from tracking its high %/low % until the spread comes back below the set threshold.","We can also use the bid/ask guard to protect from temporary price fluctuations. You set the maximum width of the position's bid/ask spread you are comfortable with, and if the position exceeds this value, it will disable Exit Options from closing a position or tracking the high % or low % of the position until the bid/ask spread is below your setting.",DOCUMENTED,,2026-08-04,f2eec2ef1f894eca1a9a0ebc7c8a4e9b8b8200111e0e45c324ba0a1c8403650c
OA-0892,managing-positions,Exit Options,https://docs.optionalpha.com/tools/managing-positions/exit-options,"Exit Option criteria can be saved as a named, reusable Preset for similar position types, and applying a Preset auto-populates all of that position's Exit Options fields.",Save your Exit Option criteria as a Preset to be reused for similar position types. You can name your presets for easy identification. All Exit Options will automatically populate when you use a Preset.,DOCUMENTED,,2026-08-04,f2eec2ef1f894eca1a9a0ebc7c8a4e9b8b8200111e0e45c324ba0a1c8403650c
OA-0893,managing-positions,Exit Options,https://docs.optionalpha.com/tools/managing-positions/exit-options,Exit Options can be set either when opening a position manually or within an automation's Open Position action.,You can set your Exit Options for any trade when opening positions manually or in an automation's Open Position action.,DOCUMENTED,,2026-08-04,f2eec2ef1f894eca1a9a0ebc7c8a4e9b8b8200111e0e45c324ba0a1c8403650c
OA-0894,managing-positions,Exit Options,https://docs.optionalpha.com/tools/managing-positions/exit-options,"When Exit Options are set inside an automation's Open Position action, every position opened by that automation shares the same entry Exit Option criteria.","When using Exit Options in an Open Position action, all positions opened in the automation will have the same entry criteria.",DOCUMENTED,,2026-08-04,f2eec2ef1f894eca1a9a0ebc7c8a4e9b8b8200111e0e45c324ba0a1c8403650c
OA-0895,managing-positions,Exit Options,https://docs.optionalpha.com/tools/managing-positions/exit-options,"Once a position is opened, its Exit Options become specific to that individual position and can be edited at any time thereafter, independent of the automation or other positions.","Once opened, Exit Options are specific to each position. You can always edit each position's Exit Options at any time after it is opened.",DOCUMENTED,,2026-08-04,f2eec2ef1f894eca1a9a0ebc7c8a4e9b8b8200111e0e45c324ba0a1c8403650c
OA-0896,managing-positions,Exit Options,https://docs.optionalpha.com/tools/managing-positions/exit-options,"Exit Options can be enabled or disabled from three different places: the main Bots page, inside an individual bot, or individually within each position.","Additionally, you can enable and disable Exit Options from the main Bots page, inside of the bot as shown below, or individually within each position.",DOCUMENTED,,2026-08-04,f2eec2ef1f894eca1a9a0ebc7c8a4e9b8b8200111e0e45c324ba0a1c8403650c
OA-0897,managing-positions,Exit Options,https://docs.optionalpha.com/tools/managing-positions/exit-options,"Automations can be used to set and re-set a position's Exit Options programmatically, which the docs describe as adding flexibility and control while retaining the underlying 1-minute automated position management.","Update Exit Options inside an automation for added flexibility and complete control, all while still enjoying 1-minute automated position management.",DOCUMENTED,,2026-08-04,f2eec2ef1f894eca1a9a0ebc7c8a4e9b8b8200111e0e45c324ba0a1c8403650c
OA-0898,managing-positions,Exit Options,https://docs.optionalpha.com/tools/managing-positions/exit-options,"The docs describe automation-driven Exit Option updates as usable to modify profit targets and stops based on market conditions, position returns, days in trade, days until expiration, and market events.","Modify profit targets and stops for different market conditions, position returns, days in trade, days until expiration, market events, and much more.",DOCUMENTED,,2026-08-04,f2eec2ef1f894eca1a9a0ebc7c8a4e9b8b8200111e0e45c324ba0a1c8403650c
OA-0899,managing-positions,Exit Options,https://docs.optionalpha.com/tools/managing-positions/exit-options,"The page never states that the Exit Options panel/settings shown for a position is a record of what actually happened to that position — every statement about outcomes is qualified with ""no guarantee,"" implying the panel reflects configured intent (criteria that will be checked and orders that will be attempted) rather than confirmed execution.",,DOCS-SILENT,"the page never explicitly distinguishes ""Exit Options panel state = configured intent"" from ""Trades list = actual execution record""; this distinction (load-bearing for the project) must be inferred from the repeated fill/slippage disclaimers rather than being stated directly",2026-08-04,f2eec2ef1f894eca1a9a0ebc7c8a4e9b8b8200111e0e45c324ba0a1c8403650c
OA-0900,managing-positions,Monitor Automations,https://docs.optionalpha.com/tools/managing-positions/monitor-automations,"The Monitor Automations page contains only a page title and an embedded Vimeo video (id 1052337292), with no explanatory body text.","# Monitor Automations

{% embed url="" https://vimeo.com/1052337292"" %}",DOCUMENTED,,2026-08-04,acfb6f7d77190374f569728192d3aa0be793cbf6cede47a6b211aa1dad7a8bf1
OA-0901,managing-positions,Monitor Automations,https://docs.optionalpha.com/tools/managing-positions/monitor-automations,"The page provides no written description of what a monitor automation is, how it differs from Exit Options, how to configure it, or what conditions/actions it supports — all of that content, if it exists, is only inside the embedded video.",,DOCS-SILENT,"no written definition, configuration steps, or supported conditions/actions for monitor automations are given in text",2026-08-04,acfb6f7d77190374f569728192d3aa0be793cbf6cede47a6b211aa1dad7a8bf1
OA-0902,faqs,Day Trading,https://docs.optionalpha.com/answer-vault/day-trading,Day trading is defined as buying and selling a stock on the same trading day.,Day trading is when you buy and sell a stock on the same trading day.,DOCUMENTED,,2026-08-04,12415f5c240815288910ed97d08eb53a9cff2570918599bde1463f197950fba4
OA-0903,faqs,Day Trading,https://docs.optionalpha.com/answer-vault/day-trading,Day traders often execute multiple trades in a single day and hold each position for only a short period of time.,"Oftentimes, 'day traders' will execute multiple trades in a day and hold onto each position for only a short period of time.",DOCUMENTED,,2026-08-04,12415f5c240815288910ed97d08eb53a9cff2570918599bde1463f197950fba4
OA-0904,faqs,Day Trading,https://docs.optionalpha.com/answer-vault/day-trading,"All 0DTE options trades qualify as day trades because the contracts expire the same day, but not every day trade involves 0DTE contracts.","0DTE options expire the same day, so all 0DTE trades are executed as day trades, but not all day trades involve 0DTE contracts.",DOCUMENTED,,2026-08-04,12415f5c240815288910ed97d08eb53a9cff2570918599bde1463f197950fba4
OA-0905,faqs,Day Trading,https://docs.optionalpha.com/answer-vault/day-trading,"Any option contract counts as a day trade if it is opened and closed on the same day, regardless of expiration.",Any option contract can be a day trade if opened and closed on the same day.,DOCUMENTED,,2026-08-04,12415f5c240815288910ed97d08eb53a9cff2570918599bde1463f197950fba4
OA-0906,faqs,Day Trading,https://docs.optionalpha.com/answer-vault/day-trading,"Day trading is legal, but traders should confirm with their broker that they have the correct account type and minimum funds to avoid triggering the pattern day trading rule.","Yes, day trading is legal. However, you should check with your broker to ensure you have the correct account type and minimum funds to avoid the pattern day trading rule.",DOCUMENTED,,2026-08-04,12415f5c240815288910ed97d08eb53a9cff2570918599bde1463f197950fba4
OA-0907,faqs,Day Trading,https://docs.optionalpha.com/answer-vault/day-trading,"0DTE (""zero days to expiration"") options are contracts that expire at the close of the day they were opened.","0DTE options, aka zero days to expiration, are option contracts that expire at the close of the day they are opened.",DOCUMENTED,,2026-08-04,12415f5c240815288910ed97d08eb53a9cff2570918599bde1463f197950fba4
OA-0908,faqs,Day Trading,https://docs.optionalpha.com/answer-vault/day-trading,"A trade is a 0DTE position if it was entered on the same day the contract expires, regardless of how long that contract had been listed/available before that day.","Trading a 0DTE position means you entered the trade on the same day the contract expires, regardless of how long the contract has been available.",DOCUMENTED,,2026-08-04,12415f5c240815288910ed97d08eb53a9cff2570918599bde1463f197950fba4
OA-0909,faqs,Day Trading,https://docs.optionalpha.com/answer-vault/day-trading,The pattern day trading (PDT) rule classifies an investor as a pattern day trader if they make four or more day trades within a five-day period.,The PDT rule states that investors who make four or more day trades in a five-day period are considered pattern day traders,DOCUMENTED,,2026-08-04,12415f5c240815288910ed97d08eb53a9cff2570918599bde1463f197950fba4
OA-0910,faqs,Day Trading,https://docs.optionalpha.com/answer-vault/day-trading,"Investors classified as pattern day traders must maintain a minimum account balance of $25,000.","must maintain a minimum account balance of $25,000",DOCUMENTED,,2026-08-04,12415f5c240815288910ed97d08eb53a9cff2570918599bde1463f197950fba4
OA-0911,faqs,Day Trading,https://docs.optionalpha.com/answer-vault/day-trading,Violating the PDT rule can result in the broker suspending the trading account.,Violating the PDT rule can result in your trading account being suspended by the broker.,DOCUMENTED,,2026-08-04,12415f5c240815288910ed97d08eb53a9cff2570918599bde1463f197950fba4
OA-0912,faqs,Day Trading,https://docs.optionalpha.com/answer-vault/day-trading,"SPX is a European-style, cash-settled index option deriving its value from the S&P 500 index and carrying favorable 60/40 tax treatment.",SPX is an index option whose contracts derive their value from the S&P 500 index. SPX is a European-style index option with cash-settlement and favorable 60/40 tax treatment.,DOCUMENTED,,2026-08-04,12415f5c240815288910ed97d08eb53a9cff2570918599bde1463f197950fba4
OA-0913,faqs,Day Trading,https://docs.optionalpha.com/answer-vault/day-trading,SPX itself cannot be traded like a stock — exposure to it requires trading its options.,SPX cannot be traded like a stock; traders must use options to gain exposure.,DOCUMENTED,,2026-08-04,12415f5c240815288910ed97d08eb53a9cff2570918599bde1463f197950fba4
OA-0914,faqs,Day Trading,https://docs.optionalpha.com/answer-vault/day-trading,SPY is an ETF tracking the S&P 500 that can itself be bought and sold and also has tradeable options.,SPY is an ETF (exchange-traded fund) that tracks the S&P 500 but can be bought and sold and also has tradeable options.,DOCUMENTED,,2026-08-04,12415f5c240815288910ed97d08eb53a9cff2570918599bde1463f197950fba4
OA-0915,faqs,Day Trading,https://docs.optionalpha.com/answer-vault/day-trading,SPY's price is 1/10th the value of SPX.,SPY is 1/10th the value of SPX.,DOCUMENTED,,2026-08-04,12415f5c240815288910ed97d08eb53a9cff2570918599bde1463f197950fba4
OA-0916,faqs,Day Trading,https://docs.optionalpha.com/answer-vault/day-trading,SPY is an American-style ETF whose options settle physically (rather than in cash).,SPY is an American-style ETF with options that have physical settlement.,DOCUMENTED,,2026-08-04,12415f5c240815288910ed97d08eb53a9cff2570918599bde1463f197950fba4
OA-0917,faqs,FAQs,https://docs.optionalpha.com/answer-vault/faqs,"A bot's connection to its account (live or paper) is permanent once created, and controls whether it sends orders to a live brokerage or simulates fills via OA's paper trading engine.","This connection is permanent, and tells the bot to send orders to your live brokerage account, or simulate fills using the OA in-app paper trading engine.",DOCUMENTED,,2026-08-04,61d19a8973b52af92250b1c547f3c6437521df18256041db17a02e3bcad91c87
OA-0918,faqs,FAQs,https://docs.optionalpha.com/answer-vault/faqs,"When opening a position, the bot uses SmartPricing to try multiple prices across the bid/ask spread for the best fill, instead of a standard cancel/replace order process.",the bot will try multiple prices between the bid/ask spread (SmartPricing) and attempt to get the trade filled at the best possible price (instead of the usual cancel/replace order process),DOCUMENTED,,2026-08-04,61d19a8973b52af92250b1c547f3c6437521df18256041db17a02e3bcad91c87
OA-0919,faqs,FAQs,https://docs.optionalpha.com/answer-vault/faqs,"After a position opens, the bot monitors its Exit Options and executes a SmartPricing-driven closing trade when an exit opportunity becomes available.","After the position is opened, the bot will monitor the position's Exit Options looking for an opportunity to exit and execute a trade to close the position when its available (also executing SmartPricing settings there too).",DOCUMENTED,,2026-08-04,61d19a8973b52af92250b1c547f3c6437521df18256041db17a02e3bcad91c87
OA-0920,faqs,FAQs,https://docs.optionalpha.com/answer-vault/faqs,"Bots also serve to organize positions, making it easier to analyze the results of specific strategies.","Bots are also a great way to organize your positions, making it easy to analyze the results of certain strategies.",DOCUMENTED,,2026-08-04,61d19a8973b52af92250b1c547f3c6437521df18256041db17a02e3bcad91c87
OA-0921,faqs,FAQs,https://docs.optionalpha.com/answer-vault/faqs,A bot's account connection type (live vs. paper) cannot be changed after the bot is created.,A bot's account connection cannot be changed.,DOCUMENTED,,2026-08-04,61d19a8973b52af92250b1c547f3c6437521df18256041db17a02e3bcad91c87
OA-0922,faqs,FAQs,https://docs.optionalpha.com/answer-vault/faqs,"To convert a paper bot into a live bot, the user must clone the bot and change the clone's account type to a live brokerage account.","To make a paper bot live, you'll need to clone the bot and change the account type to connect it to a live brokerage account.",DOCUMENTED,,2026-08-04,61d19a8973b52af92250b1c547f3c6437521df18256041db17a02e3bcad91c87
OA-0923,faqs,FAQs,https://docs.optionalpha.com/answer-vault/faqs,"Bots are cloned via the ••• menu in the bot's top right corner, using the 'Clone bot' option.",Click the ••• in the bot's top right corner and select 'Clone bot.',DOCUMENTED,,2026-08-04,61d19a8973b52af92250b1c547f3c6437521df18256041db17a02e3bcad91c87
OA-0924,faqs,FAQs,https://docs.optionalpha.com/answer-vault/faqs,A live-market order fill can never be 100% guaranteed because it requires a willing counterparty.,There is no way to 100% guarantee a fill in a live market.,DOCUMENTED,,2026-08-04,61d19a8973b52af92250b1c547f3c6437521df18256041db17a02e3bcad91c87
OA-0925,faqs,FAQs,https://docs.optionalpha.com/answer-vault/faqs,"Orders fail to fill when there is no counterparty to take the other side, or when the requested price is outside what the market will accept.",A position not filling will naturally happen when trading in a live market when there is no counterparty to fill your order and/or the price you are requesting is outside the range the market is willing to accept.,DOCUMENTED,,2026-08-04,61d19a8973b52af92250b1c547f3c6437521df18256041db17a02e3bcad91c87
OA-0926,faqs,FAQs,https://docs.optionalpha.com/answer-vault/faqs,"Users can widen the bid/ask spread range the bot is allowed to work through, up to 100% or more, to improve fill likelihood.",You may consider expanding the range of the bid/ask spread you're willing to let the bot work through (up to 100% or more).,DOCUMENTED,,2026-08-04,61d19a8973b52af92250b1c547f3c6437521df18256041db17a02e3bcad91c87
OA-0927,faqs,FAQs,https://docs.optionalpha.com/answer-vault/faqs,Adjusting the SmartPricing speed is another way to try to improve order fill likelihood.,You may also try adjusting the SmartPricing speed.,DOCUMENTED,,2026-08-04,61d19a8973b52af92250b1c547f3c6437521df18256041db17a02e3bcad91c87
OA-0928,faqs,FAQs,https://docs.optionalpha.com/answer-vault/faqs,"When opening or closing a position, the bot automatically cancels and replaces unfilled orders while working through the bid/ask spread per SmartPricing settings.","When attempting to open or close a position, your bot works through the bid/ask spread based on your SmartPricing settings, automatically canceling and replacing unfilled orders.",DOCUMENTED,,2026-08-04,61d19a8973b52af92250b1c547f3c6437521df18256041db17a02e3bcad91c87
OA-0929,faqs,FAQs,https://docs.optionalpha.com/answer-vault/faqs,The final price in the SmartPricing cancel/replace sequence remains active as a limit order for two minutes before it is cancelled.,The final price in the sequence stays active as a limit order for two minutes and then cancels.,DOCUMENTED,,2026-08-04,61d19a8973b52af92250b1c547f3c6437521df18256041db17a02e3bcad91c87
OA-0930,faqs,FAQs,https://docs.optionalpha.com/answer-vault/faqs,"Paper trading bots simulate fills based on current live market pricing, typically at or near the mid price.","Paper trading bots simulate a fill based on the current market's live pricing, typically at or near the mid price",DOCUMENTED,,2026-08-04,61d19a8973b52af92250b1c547f3c6437521df18256041db17a02e3bcad91c87
OA-0931,faqs,FAQs,https://docs.optionalpha.com/answer-vault/faqs,SmartPricing settings in paper trading can be adjusted to allow more slippage in order to produce more realistic simulated results.,you can modify your SmartPricing settings to allow for more slippage to help generate more realistic results,DOCUMENTED,,2026-08-04,61d19a8973b52af92250b1c547f3c6437521df18256041db17a02e3bcad91c87
OA-0932,faqs,FAQs,https://docs.optionalpha.com/answer-vault/faqs,"The most common cause of differing results between live and paper bots is the ability to fill orders, specifically for profit taking or stop losses.","The most common reason that a paper bot's results differ from a live bot is the ability to fill orders, specifically profit taking or stop losses.",DOCUMENTED,,2026-08-04,61d19a8973b52af92250b1c547f3c6437521df18256041db17a02e3bcad91c87
OA-0933,faqs,FAQs,https://docs.optionalpha.com/answer-vault/faqs,"SmartPricing fills trades by submitting orders that progress from the mid price toward a ""final price,"" which is the worst price the user will accept.","SmartPricing attempts to fill the trade by submitting orders from the mid price to a ""final price."" The final price is the worst price you are willing to accept to fill the trade.",DOCUMENTED,,2026-08-04,61d19a8973b52af92250b1c547f3c6437521df18256041db17a02e3bcad91c87
OA-0934,faqs,FAQs,https://docs.optionalpha.com/answer-vault/faqs,"The two user-facing controls over this SmartPricing behavior are the SmartPricing mode (e.g., Patient, Normal, Fast) and the Final Price setting.","The 2 controls you have over this functionality are the SmartPricing mode (e.g. Patient, Normal, Fast) and the ""Final Price"" (the worst price it should try).",DOCUMENTED,,2026-08-04,61d19a8973b52af92250b1c547f3c6437521df18256041db17a02e3bcad91c87
OA-0935,faqs,FAQs,https://docs.optionalpha.com/answer-vault/faqs,"For Profit Taking Exit Options, no Final Price needs to be set because the bot automatically sets the final price at a level that locks in the specified profit.","You don't need to set a ""Final Price"" because the final price is automatically set by the bot to a price that locks in profit you specified.",DOCUMENTED,,2026-08-04,61d19a8973b52af92250b1c547f3c6437521df18256041db17a02e3bcad91c87
OA-0936,faqs,FAQs,https://docs.optionalpha.com/answer-vault/faqs,"For profit taking, the bot will not accept a worse fill price that would produce less profit than the amount specified.",It won't try a worse price that would result in profit less than your specified amount.,DOCUMENTED,,2026-08-04,61d19a8973b52af92250b1c547f3c6437521df18256041db17a02e3bcad91c87
OA-0937,faqs,FAQs,https://docs.optionalpha.com/answer-vault/faqs,"If SmartPricing traversed the spread past the profit-locking price, the outcome could quickly flip a trade from a winner to a loser.","If SmartPricing were to go beyond a final price that locks in your profit taking, the outcome can quickly flip a trade from winner to loser.",DOCUMENTED,,2026-08-04,61d19a8973b52af92250b1c547f3c6437521df18256041db17a02e3bcad91c87
OA-0938,faqs,FAQs,https://docs.optionalpha.com/answer-vault/faqs,"In the page's worked example, traversing further than $.91 would yield less than the specified 30% profit target, and going all the way to $0.48 could have turned a profit-taking trigger into an unexpected loss.","if i went further than $.91 traversing the bid/ask spread than 1) you would get less than the 30% profit taking you specified 2) if it went all the way to $0.48, profit taking being triggered could have resulted in an unexpected loss.",DOCUMENTED,,2026-08-04,61d19a8973b52af92250b1c547f3c6437521df18256041db17a02e3bcad91c87
OA-0939,faqs,FAQs,https://docs.optionalpha.com/answer-vault/faqs,"Rather than accept a worse price, the bot keeps retrying the order until it can fill at a price that achieves the specified profit-taking target.",Instead the bot will continue to retry until it can fill at a price that gets the specified profit taking.,DOCUMENTED,,2026-08-04,61d19a8973b52af92250b1c547f3c6437521df18256041db17a02e3bcad91c87
OA-0940,faqs,FAQs,https://docs.optionalpha.com/answer-vault/faqs,Bots cannot be backtested because they can include many variables that are not included in the backtester.,"Bots cannot be backtested, simply because they can include many variables that aren't included in the backtester.",DOCUMENTED,,2026-08-04,61d19a8973b52af92250b1c547f3c6437521df18256041db17a02e3bcad91c87
OA-0941,faqs,FAQs,https://docs.optionalpha.com/answer-vault/faqs,Stop losses and trailing stops do not guarantee a position will close at exactly the stop's value.,Stop losses and trailing stops do not guarantee that a position will close for that exact value.,DOCUMENTED,,2026-08-04,61d19a8973b52af92250b1c547f3c6437521df18256041db17a02e3bcad91c87
OA-0942,faqs,FAQs,https://docs.optionalpha.com/answer-vault/faqs,Bots evaluate stop loss and trailing stop returns using the position's mid-price.,Bots use the position's mid-price when evaluating returns.,DOCUMENTED,,2026-08-04,61d19a8973b52af92250b1c547f3c6437521df18256041db17a02e3bcad91c87
OA-0943,faqs,FAQs,https://docs.optionalpha.com/answer-vault/faqs,A stop loss or trailing stop can trigger only after the position's loss has already exceeded the user's specified value.,It is possible that your stop loss or trailing stop will trigger after the position's value has exceeded your value.,DOCUMENTED,,2026-08-04,61d19a8973b52af92250b1c547f3c6437521df18256041db17a02e3bcad91c87
OA-0944,faqs,FAQs,https://docs.optionalpha.com/answer-vault/faqs,"An exit stop loss is only a threshold that begins the closing order sequence at or below the target loss level, not a guaranteed exact exit point.","The exit stop loss is only a threshold, which means it will begin the closing order sequence at or below the target loss.",DOCUMENTED,,2026-08-04,61d19a8973b52af92250b1c547f3c6437521df18256041db17a02e3bcad91c87
OA-0945,faqs,FAQs,https://docs.optionalpha.com/answer-vault/faqs,"Because price movements are discrete and ""jumpy,"" a position at a 10% loss can be at a 50% loss just seconds later.","price movements are discrete and ""jumpy"" - just because a position is at a 10% loss, doesn't mean it can't be at a 50% loss seconds from now.",DOCUMENTED,,2026-08-04,61d19a8973b52af92250b1c547f3c6437521df18256041db17a02e3bcad91c87
OA-0946,faqs,FAQs,https://docs.optionalpha.com/answer-vault/faqs,"The page states there are 5 types of inputs (Decision, Automation, Bot, and others including Default Value), and mistakenly using the Default Value instead of the Automation Input value is the most common reason a bot fails to pick up a changed value.","Most often, this is due to the user changing the Default Value instead of the Automation Input value. Here are the 5 types of inputs and how they are used.",DOCUMENTED,,2026-08-04,61d19a8973b52af92250b1c547f3c6437521df18256041db17a02e3bcad91c87
OA-0947,faqs,FAQs,https://docs.optionalpha.com/answer-vault/faqs,"The page's count of ""5 types of inputs"" is not matched by an actual enumeration on the page — only Decision Input, Automation Input, Bot Input (from the heading) and Default Value (from the body) are named, leaving at least one of the claimed 5 types unnamed.",Here are the 5 types of inputs and how they are used.,DOCUMENTED,"page claims 5 input types but names at most 4 (Decision, Automation, Bot, Default Value) without a full list",2026-08-04,61d19a8973b52af92250b1c547f3c6437521df18256041db17a02e3bcad91c87
OA-0948,faqs,FAQs,https://docs.optionalpha.com/answer-vault/faqs,"The FAQ's own heading question asking the difference between a Decision Input, Automation Input, and Bot Input is never actually answered with definitions on this page.",,DOCS-SILENT,page does not define or differentiate Decision Input vs Automation Input vs Bot Input despite posing the question as the heading,2026-08-04,61d19a8973b52af92250b1c547f3c6437521df18256041db17a02e3bcad91c87
OA-0949,faqs,FAQs,https://docs.optionalpha.com/answer-vault/faqs,"Open and close price values should always match exactly between the OA platform and the broker statement, since order details are shared exactly as executed.",Your open and close price values should always be the same in the platform and on your broker statement. The order details are shared exactly as they are executed.,DOCUMENTED,,2026-08-04,61d19a8973b52af92250b1c547f3c6437521df18256041db17a02e3bcad91c87
OA-0950,faqs,FAQs,https://docs.optionalpha.com/answer-vault/faqs,Open-position unrealized P/L can differ from the broker's figure because OA calculates it from the position's mid-price while the broker may use the last traded price.,"Open position unrealized P/L can differ because the broker may be calculating returns differently (e.g., OA uses the position's mid-price, while the broker may use the last price).",DOCUMENTED,,2026-08-04,61d19a8973b52af92250b1c547f3c6437521df18256041db17a02e3bcad91c87
OA-0951,faqs,FAQs,https://docs.optionalpha.com/answer-vault/faqs,"The page lists four reasons closed-position results might differ from the broker: commissions/fees, broker-closed positions not updated in OA, assigned positions not updated in OA, and manually closed positions not updated in OA.","There are several reasons you might see differences between closed positions: 1) commissions and fees, 2) positions closed by the broker that are not updated in OA, 3) positions assigned that haven't been updated in OA, and 4) positions you've closed manually that haven't been updated in OA.",DOCUMENTED,,2026-08-04,61d19a8973b52af92250b1c547f3c6437521df18256041db17a02e3bcad91c87
OA-0952,faqs,FAQs,https://docs.optionalpha.com/answer-vault/faqs,"Some brokers charge a fee for option assignment, and most brokers charge a fee for index options.","Some will charge for assignment, and most charge a fee for index options.",DOCUMENTED,,2026-08-04,61d19a8973b52af92250b1c547f3c6437521df18256041db17a02e3bcad91c87
OA-0953,faqs,FAQs,https://docs.optionalpha.com/answer-vault/faqs,"Bots have no awareness of actions taken outside the OA platform, so any position closed by the user or the broker outside OA must be manually updated inside OA.","Bots aren't aware of any action taken outside the platform, so if you close a position (or your broker closes a position on your behalf), you'll need to update the position accordingly inside the OA platform.",DOCUMENTED,,2026-08-04,61d19a8973b52af92250b1c547f3c6437521df18256041db17a02e3bcad91c87
OA-0954,faqs,FAQs,https://docs.optionalpha.com/answer-vault/faqs,"A position showing ""override"" status signals that missing information needs to be manually updated in OA.","If any say ""override,"" then you need to update OA with the missing information.",DOCUMENTED,,2026-08-04,61d19a8973b52af92250b1c547f3c6437521df18256041db17a02e3bcad91c87
OA-0955,faqs,FAQs,https://docs.optionalpha.com/answer-vault/faqs,"If a position is overridden 10 minutes before market close, the bot will not know the position's actual closing value.","If a position is overrridden 10 minutes before the close, the bot won't know the actual closing value, for example.",DOCUMENTED,,2026-08-04,61d19a8973b52af92250b1c547f3c6437521df18256041db17a02e3bcad91c87
OA-0956,faqs,FAQs,https://docs.optionalpha.com/answer-vault/faqs,"If a broker closes a position before 4:00pm, OA will typically show an error for a missing position that needs to be addressed.","Usually if they close it before 4:00pm, you'll get an error in OA for a missing position that needs to be addressed.",DOCUMENTED,,2026-08-04,61d19a8973b52af92250b1c547f3c6437521df18256041db17a02e3bcad91c87
OA-0957,faqs,FAQs,https://docs.optionalpha.com/answer-vault/faqs,"If a broker closes a position between 4:00pm and 4:15pm, the user must manually look for and double-check any non-cash-settled positions marked ""expired.""","If they close it between 4:00pm and 4:15pm then it will take a bit more work but you should look for any non-cash settled positions that are ""expired"" and double check them.",DOCUMENTED,,2026-08-04,61d19a8973b52af92250b1c547f3c6437521df18256041db17a02e3bcad91c87
OA-0958,faqs,FAQs,https://docs.optionalpha.com/answer-vault/faqs,"Users should check their broker statements for any lots of 100 shares that have been assigned, to ensure assignments are reflected in OA.",you should make sure that any assignments have been addressed in OA - so you'll want to check your statements for any lots of 100 that have been assigned.,DOCUMENTED,,2026-08-04,61d19a8973b52af92250b1c547f3c6437521df18256041db17a02e3bcad91c87
OA-0959,faqs,FAQs,https://docs.optionalpha.com/answer-vault/faqs,"Any broker activity occurring after 4:00pm is not tracked by Option Alpha, even though OA otherwise receives trade prices from the broker with no expected discrepancy.","While Option Alpha receives the trade prices from the broker and there shouldn't be any difference in prices, anything that happens through the broker after 4:00pm is not tracked.",DOCUMENTED,,2026-08-04,61d19a8973b52af92250b1c547f3c6437521df18256041db17a02e3bcad91c87
OA-0960,getting-started,Getting Started,https://docs.optionalpha.com/getting-started,"Bot global settings include ""Bot Name and Icon,"" described as the name and custom icon given to the bot.",Bot Name and Icon - The name and custom icon you give it (have fun).,DOCUMENTED,,2026-08-04,9d4075f5948cfab8f5d31a1642b81b0d1f03391c599328cb7a722a517f398109
OA-0961,getting-started,Getting Started,https://docs.optionalpha.com/getting-started,"The paper trading account uses live market data, allowing bots to be run risk-free.","Your paper trading account uses live market data, so you can run your bots risk-free.",DOCUMENTED,,2026-08-04,9d4075f5948cfab8f5d31a1642b81b0d1f03391c599328cb7a722a517f398109
OA-0962,getting-started,Getting Started,https://docs.optionalpha.com/getting-started,"To send live orders to a broker for execution, the user must connect a brokerage account.","When you're ready, connect a brokerage account to send your orders to your broker for execution.",DOCUMENTED,,2026-08-04,9d4075f5948cfab8f5d31a1642b81b0d1f03391c599328cb7a722a517f398109
OA-0963,getting-started,Getting Started,https://docs.optionalpha.com/getting-started,The Allocation setting tells the bot how much of the trader's capital it can use to open positions.,Allocation - Tells the bot how much of your trading capital it can use to open positions.,DOCUMENTED,,2026-08-04,9d4075f5948cfab8f5d31a1642b81b0d1f03391c599328cb7a722a517f398109
OA-0964,getting-started,Getting Started,https://docs.optionalpha.com/getting-started,Position Limits are the maximum number of positions a bot can open in a day and in total.,Position Limits - The maximum number of positions a bot can open in a day and in total.,DOCUMENTED,,2026-08-04,9d4075f5948cfab8f5d31a1642b81b0d1f03391c599328cb7a722a517f398109
OA-0965,getting-started,Getting Started,https://docs.optionalpha.com/getting-started,There are two automation types.,There are two automation types:,DOCUMENTED,,2026-08-04,9d4075f5948cfab8f5d31a1642b81b0d1f03391c599328cb7a722a517f398109
OA-0966,getting-started,Getting Started,https://docs.optionalpha.com/getting-started,Scanner automations scan for new trading opportunities.,Scanners - scan for new opportunities,DOCUMENTED,,2026-08-04,9d4075f5948cfab8f5d31a1642b81b0d1f03391c599328cb7a722a517f398109
OA-0967,getting-started,Getting Started,https://docs.optionalpha.com/getting-started,Monitor automations manage existing positions.,Monitors - manage existing positions,DOCUMENTED,,2026-08-04,9d4075f5948cfab8f5d31a1642b81b0d1f03391c599328cb7a722a517f398109
OA-0968,getting-started,Getting Started,https://docs.optionalpha.com/getting-started,"Automations can be built to run continuously, on a defined schedule, or at the push of a button.","You can build automations to run continuously, on a defined schedule, or at the push of a button.",DOCUMENTED,,2026-08-04,9d4075f5948cfab8f5d31a1642b81b0d1f03391c599328cb7a722a517f398109
OA-0969,getting-started,Getting Started,https://docs.optionalpha.com/getting-started,Editing an automation applies the change to every bot that uses that automation.,Changing an automation applies the changes to every bot using the automation.,DOCUMENTED,,2026-08-04,9d4075f5948cfab8f5d31a1642b81b0d1f03391c599328cb7a722a517f398109
OA-0970,getting-started,Getting Started,https://docs.optionalpha.com/getting-started,An automation can be copied so changes can be made while preserving the original.,You can copy an automation if you want to make changes but preserve the original.,DOCUMENTED,,2026-08-04,9d4075f5948cfab8f5d31a1642b81b0d1f03391c599328cb7a722a517f398109
OA-0971,getting-started,Getting Started,https://docs.optionalpha.com/getting-started,SmartPricing places timed limit orders in a sequence starting near the mid-price and traverses the bid-ask spread until the final price is reached.,"Option Alpha’s proprietary SmartPricing technology places timed limit orders in a sequence, starting near the mid-price, and traverses the bid-ask spread until you reach your final price.",DOCUMENTED,,2026-08-04,9d4075f5948cfab8f5d31a1642b81b0d1f03391c599328cb7a722a517f398109
OA-0972,getting-started,Getting Started,https://docs.optionalpha.com/getting-started,SmartPricing orders that are not filled automatically cancel after two minutes.,SmartPricing orders automatically cancel after two minutes if not filled.,DOCUMENTED,,2026-08-04,9d4075f5948cfab8f5d31a1642b81b0d1f03391c599328cb7a722a517f398109
OA-0973,getting-started,Getting Started,https://docs.optionalpha.com/getting-started,"By default, order pricing is set to Normal SmartPricing at 100% of the bid/ask spread.","By default, order pricing is set to Normal SmartPricing and 100% of the bid/ask spread.",DOCUMENTED,,2026-08-04,9d4075f5948cfab8f5d31a1642b81b0d1f03391c599328cb7a722a517f398109
OA-0974,getting-started,Getting Started,https://docs.optionalpha.com/getting-started,"The page states there are four customizable SmartPricing settings, but then lists five (Normal, Fast, Patient, Off, Market) -- a count/list mismatch.",There are four different SmartPricing settings that you can customize:,DOCUMENTED,"stated count of ""four"" SmartPricing settings does not match the five bullet items actually listed (Normal, Fast, Patient, Off, Market)",2026-08-04,9d4075f5948cfab8f5d31a1642b81b0d1f03391c599328cb7a722a517f398109
OA-0975,getting-started,Getting Started,https://docs.optionalpha.com/getting-started,"Normal SmartPricing works through up to 4 prices, spending 10 seconds at each.","Normal - Works through up to 4 prices, 10 seconds each.",DOCUMENTED,,2026-08-04,9d4075f5948cfab8f5d31a1642b81b0d1f03391c599328cb7a722a517f398109
OA-0976,getting-started,Getting Started,https://docs.optionalpha.com/getting-started,"Fast SmartPricing works through up to 3 prices, spending 5 seconds at each.","Fast - Works through up to 3 prices, 5 seconds each.",DOCUMENTED,,2026-08-04,9d4075f5948cfab8f5d31a1642b81b0d1f03391c599328cb7a722a517f398109
OA-0977,getting-started,Getting Started,https://docs.optionalpha.com/getting-started,"Patient SmartPricing works through up to 5 prices, spending 20 seconds at each.","Patient - Works through up to 5 prices, 20 seconds each.",DOCUMENTED,,2026-08-04,9d4075f5948cfab8f5d31a1642b81b0d1f03391c599328cb7a722a517f398109
OA-0978,getting-started,Getting Started,https://docs.optionalpha.com/getting-started,The Off SmartPricing setting sends a limit order to the broker at 100% of the bid/ask spread or a final price the user sets.,Off - You can always turn off SmartPricing and a limit order will be sent to your broker at 100% of the bid/ask spread or a final price you set.,DOCUMENTED,,2026-08-04,9d4075f5948cfab8f5d31a1642b81b0d1f03391c599328cb7a722a517f398109
OA-0979,getting-started,Getting Started,https://docs.optionalpha.com/getting-started,"The Market SmartPricing setting sends a market order for immediate execution, which can fill at a price well beyond the listed bid-ask spread.",Market - Send a market order for immediate execution. Be aware that market orders can fill at a price well beyond the listed bid-ask spread.,DOCUMENTED,,2026-08-04,9d4075f5948cfab8f5d31a1642b81b0d1f03391c599328cb7a722a517f398109
OA-0980,getting-started,Getting Started,https://docs.optionalpha.com/getting-started,"The page illustrates monitor automation scale by saying an ""army of bots"" could watch 200 different positions, or more, with ease.",An army of bots could watch 200 different positions (or more!) with ease.,DOCUMENTED,,2026-08-04,9d4075f5948cfab8f5d31a1642b81b0d1f03391c599328cb7a722a517f398109
OA-0981,getting-started,Getting Started,https://docs.optionalpha.com/getting-started,Monitor automations only run if there is an open position.,Monitors only run if there’s an open position.,DOCUMENTED,,2026-08-04,9d4075f5948cfab8f5d31a1642b81b0d1f03391c599328cb7a722a517f398109
OA-0982,getting-started,Getting Started,https://docs.optionalpha.com/getting-started,Exit Options monitor positions every minute and automatically close a position when its exit criteria are met.,Exit Options monitor your positions every minute and will automatically close the position when your criteria are met.,DOCUMENTED,,2026-08-04,9d4075f5948cfab8f5d31a1642b81b0d1f03391c599328cb7a722a517f398109
OA-0983,getting-started,Getting Started,https://docs.optionalpha.com/getting-started,"The platform supports 1-minute trailing stops, including custom safeguards against price fluctuations and slippage.","Plus, you can use 1-minute trailing stops for ultimate control (including custom safeguards to combat price fluctuations and protect against slippage).",DOCUMENTED,,2026-08-04,9d4075f5948cfab8f5d31a1642b81b0d1f03391c599328cb7a722a517f398109
OA-0984,getting-started,Getting Started,https://docs.optionalpha.com/getting-started,"A position's Exit Options management can be customized with five triggers, listed on the page as ""Profit,"" ""TakingTrailing,"" ""StopStop Loss,"" ""Before Expiration,"" and ""Before Earnings"" (garbled text apparently intended as Taking Profit / Trailing Stop / Stop Loss).","- Profit
- TakingTrailing
- StopStop Loss
- Before Expiration
- Before Earnings",DOCUMENTED,"bullet text for the five Exit Options triggers appears garbled/merged in the source (""TakingTrailing"", ""StopStop Loss"")",2026-08-04,9d4075f5948cfab8f5d31a1642b81b0d1f03391c599328cb7a722a517f398109
OA-0985,getting-started,Getting Started,https://docs.optionalpha.com/getting-started,SmartStops trail a position once a profit target is hit.,"SmartStops trail a position once a profit target is hit, and could help you get more out of your positions.",DOCUMENTED,,2026-08-04,9d4075f5948cfab8f5d31a1642b81b0d1f03391c599328cb7a722a517f398109
OA-0986,getting-started,Getting Started,https://docs.optionalpha.com/getting-started,"An ""On a Specific Date"" event trigger example given is entering a position on the first trading day of every month.","For example, if you wanted to enter a position on the first trading day of every month, you could schedule it with an event automation.",DOCUMENTED,,2026-08-04,9d4075f5948cfab8f5d31a1642b81b0d1f03391c599328cb7a722a517f398109
OA-0987,getting-started,Getting Started,https://docs.optionalpha.com/getting-started,"An ""On a Repeating Schedule"" event trigger example given is running an automation every Monday and Friday at 3:00 p.m.","For example, you can schedule an automation to run every Monday and Friday at 3:00 p.m.",DOCUMENTED,,2026-08-04,9d4075f5948cfab8f5d31a1642b81b0d1f03391c599328cb7a722a517f398109
OA-0988,getting-started,Getting Started,https://docs.optionalpha.com/getting-started,"""Open New Position and Close Position"" event triggers run an automation one time when a new position is opened or an existing position is closed.",An automation is triggered to run one time if a new position is opened or an existing position is closed.,DOCUMENTED,,2026-08-04,9d4075f5948cfab8f5d31a1642b81b0d1f03391c599328cb7a722a517f398109
OA-0989,getting-started,Getting Started,https://docs.optionalpha.com/getting-started,"The ""At Market Open or Market Close"" event trigger automatically runs an automation 10 minutes after market open or 10 minutes before market close.",Automatically run an automation 10 minutes after the market opens or 10 minutes before the market closes.,DOCUMENTED,,2026-08-04,9d4075f5948cfab8f5d31a1642b81b0d1f03391c599328cb7a722a517f398109
OA-0990,getting-started,Getting Started,https://docs.optionalpha.com/getting-started,"A ""Buttons"" event trigger runs its automation immediately any time the button is clicked.","Any time the button is clicked, it will immediately run the automation.",DOCUMENTED,,2026-08-04,9d4075f5948cfab8f5d31a1642b81b0d1f03391c599328cb7a722a517f398109
OA-0991,getting-started,Getting Started,https://docs.optionalpha.com/getting-started,"When a position is opened manually, the trader can still use SmartPricing and Exit Options on it.","The best part is that when you open a position manually, you can still leverage powerful automated tools such as SmartPricing and Exit Options.",DOCUMENTED,,2026-08-04,9d4075f5948cfab8f5d31a1642b81b0d1f03391c599328cb7a722a517f398109
OA-0992,getting-started,Getting Started,https://docs.optionalpha.com/getting-started,"Trade Ideas automatically ranks millions of potential positions using multiple filters, sorting trades by ticker, expiration, directional bias, reward-to-risk, and probabilities.","Trade Ideas automatically ranks millions of potential positions using multiple filters to sort trades by their ticker, expiration, directional bias, reward-to-risk, and probabilities.",DOCUMENTED,,2026-08-04,9d4075f5948cfab8f5d31a1642b81b0d1f03391c599328cb7a722a517f398109
OA-0993,getting-started,Getting Started,https://docs.optionalpha.com/getting-started,"The page references checking ""what the IV rank is"" as an example decision recipe input but never defines how IV rank is calculated.",,DOCS-SILENT,how IV rank is calculated or defined is not explained on this page,2026-08-04,9d4075f5948cfab8f5d31a1642b81b0d1f03391c599328cb7a722a517f398109
OA-0994,getting-started,Connecting your brokerage account,https://docs.optionalpha.com/getting-started/connecting-your-brokerage-account,"Brokerage accounts are connected and managed via Settings --> Trading Accounts, which also manages all account types including paper trading accounts.","Go to Settings --> Trading Accounts to connect your brokerage account and manage all account types, including any paper trading accounts.",DOCUMENTED,,2026-08-04,c49307cb1ff8d8f1df84c6d2c7b7ab8c9871a207794ba6ae1151a0cc7146ed58
OA-0995,getting-started,Connecting your brokerage account,https://docs.optionalpha.com/getting-started/connecting-your-brokerage-account,"Connecting a brokerage account starts by selecting ""Authorize,"" which sends the user to the broker's secure log-in page.","To connect a brokerage account, select the ""Authorize"" button. This sends you to your broker's secure log-in page.",DOCUMENTED,,2026-08-04,c49307cb1ff8d8f1df84c6d2c7b7ab8c9871a207794ba6ae1151a0cc7146ed58
OA-0996,getting-started,Connecting your brokerage account,https://docs.optionalpha.com/getting-started/connecting-your-brokerage-account,"After logging in at the broker, the user is immediately redirected to the trading accounts page.",You will immediately be re-directed to the trading accounts page.,DOCUMENTED,,2026-08-04,c49307cb1ff8d8f1df84c6d2c7b7ab8c9871a207794ba6ae1151a0cc7146ed58
OA-0997,getting-started,Connecting your brokerage account,https://docs.optionalpha.com/getting-started/connecting-your-brokerage-account,All connected and compatible accounts available for autotrading are displayed together with their options approval levels.,All your connected and compatible accounts available for autotrading are displayed with their options approval levels.,DOCUMENTED,,2026-08-04,c49307cb1ff8d8f1df84c6d2c7b7ab8c9871a207794ba6ae1151a0cc7146ed58
OA-0998,getting-started,Connecting your brokerage account,https://docs.optionalpha.com/getting-started/connecting-your-brokerage-account,Connected accounts can always be deleted and removed from the platform.,You can always delete and remove connected accounts from the platform.,DOCUMENTED,,2026-08-04,c49307cb1ff8d8f1df84c6d2c7b7ab8c9871a207794ba6ae1151a0cc7146ed58
OA-0999,getting-started,Connecting your brokerage account,https://docs.optionalpha.com/getting-started/connecting-your-brokerage-account,"An account can be renamed, and the rename is only visible within the Option Alpha platform (not with the broker).","You can also rename an account, which will only be visible within the Option Alpha platform.",DOCUMENTED,,2026-08-04,c49307cb1ff8d8f1df84c6d2c7b7ab8c9871a207794ba6ae1151a0cc7146ed58
OA-1000,getting-started,Connecting your brokerage account,https://docs.optionalpha.com/getting-started/connecting-your-brokerage-account,"An Option Alpha account can be connected to multiple brokerages, and each broker can have multiple connected accounts.","You can connect your Option Alpha account to multiple brokerages, and each broker can have multiple connected accounts.",DOCUMENTED,,2026-08-04,c49307cb1ff8d8f1df84c6d2c7b7ab8c9871a207794ba6ae1151a0cc7146ed58
OA-1001,getting-started,Connecting your brokerage account,https://docs.optionalpha.com/getting-started/connecting-your-brokerage-account,"Only one log-in per broker can be used, even though multiple accounts at that broker can be connected.","However, you can only use one log-in per broker.",DOCUMENTED,,2026-08-04,c49307cb1ff8d8f1df84c6d2c7b7ab8c9871a207794ba6ae1151a0cc7146ed58
OA-1002,getting-started,Connecting your brokerage account,https://docs.optionalpha.com/getting-started/connecting-your-brokerage-account,"The page does not explain what the displayed ""options approval levels"" values mean or how they affect which strategies a bot can trade.",,DOCS-SILENT,"meaning of ""options approval levels"" and how they gate/restrict bot strategies is not explained on this page",2026-08-04,c49307cb1ff8d8f1df84c6d2c7b7ab8c9871a207794ba6ae1151a0cc7146ed58
OA-1003,getting-started,Create custom watchlists,https://docs.optionalpha.com/getting-started/create-custom-watchlists,"The rendered documentation page for creating custom watchlists contains only a title and an embedded Vimeo video, with no accompanying written instructions.","# Create custom watchlists

{% embed url="" https://vimeo.com/1052337984"" %}",DOCUMENTED,,2026-08-04,95b08e3a4055332803c7fd31d5a4bb4a1a4d06ef1c5d23554fb6248a91808a36
OA-1004,getting-started,Create custom watchlists,https://docs.optionalpha.com/getting-started/create-custom-watchlists,"The page does not textually explain the steps to create a custom watchlist; that information exists only inside the embedded video, which is not extractable as text.",,DOCS-SILENT,"what are the actual steps/UI flow to create a custom watchlist (only conveyed via embedded video, not text)?",2026-08-04,95b08e3a4055332803c7fd31d5a4bb4a1a4d06ef1c5d23554fb6248a91808a36
OA-1005,getting-started,Create custom watchlists,https://docs.optionalpha.com/getting-started/create-custom-watchlists,"The page does not state any limits on custom watchlists, such as how many watchlists or tickers per watchlist are allowed.",,DOCS-SILENT,are there limits on the number of custom watchlists or tickers per watchlist?,2026-08-04,95b08e3a4055332803c7fd31d5a4bb4a1a4d06ef1c5d23554fb6248a91808a36
OA-1006,getting-started,Creating a bot,https://docs.optionalpha.com/getting-started/creating-a-bot,"A bot's global settings can be edited anytime after creation, but must be entered when the bot is first created.",Global settings can be edited anytime but must be entered when a bot is created.,DOCUMENTED,,2026-08-04,2e3b2f2a4cb2e4050a542f0087ccf8933e74db039fde0762abcde0fafab66067
OA-1007,getting-started,Creating a bot,https://docs.optionalpha.com/getting-started/creating-a-bot,A bot's account cannot be changed after creation; changing accounts requires cloning the bot.,You cannot change the bot's account after you create the bot (you'll need to clone the bot to change accounts).,DOCUMENTED,,2026-08-04,2e3b2f2a4cb2e4050a542f0087ccf8933e74db039fde0762abcde0fafab66067
OA-1008,getting-started,Creating a bot,https://docs.optionalpha.com/getting-started/creating-a-bot,A connected brokerage account is not required to use the Option Alpha paper trading account.,You do not need to have a connected brokerage account to use the Option Alpha paper trading account.,DOCUMENTED,,2026-08-04,2e3b2f2a4cb2e4050a542f0087ccf8933e74db039fde0762abcde0fafab66067
OA-1009,getting-started,Creating a bot,https://docs.optionalpha.com/getting-started/creating-a-bot,"Allocation is the total capital available for a bot to open positions, and the bot will not enter new positions once it exceeds the allocation limit.",Allocation is the total capital available for the bot to open positions. The bot will not enter new positions if it exceeds the allocation limit.,DOCUMENTED,,2026-08-04,2e3b2f2a4cb2e4050a542f0087ccf8933e74db039fde0762abcde0fafab66067
OA-1010,getting-started,Creating a bot,https://docs.optionalpha.com/getting-started/creating-a-bot,Bot allocation limits are calculated at position entry.,Bot allocation limits are calculated at position entry.,DOCUMENTED,,2026-08-04,2e3b2f2a4cb2e4050a542f0087ccf8933e74db039fde0762abcde0fafab66067
OA-1011,getting-started,Creating a bot,https://docs.optionalpha.com/getting-started/creating-a-bot,"Allocation (total purchasing power for new positions) is distinct from risk, which is the maximum loss on a single position and can be set as a dollar or percentage amount in the automation editor.",Allocation is the total purchasing power the bot has to open new positions. Risk defines the maximum amount that can be lost on a single position and can be set as a dollar or percentage amount in the automation editor.,DOCUMENTED,,2026-08-04,2e3b2f2a4cb2e4050a542f0087ccf8933e74db039fde0762abcde0fafab66067
OA-1012,getting-started,Creating a bot,https://docs.optionalpha.com/getting-started/creating-a-bot,Market conditions at position closing -- especially illiquid markets or wide bid-ask spreads -- can cause a bot to risk more capital when closing a position than was allocated at entry.,"Market conditions at position closing may cause increased capital allocations beyond the calculated maximum risk at position entry. If the market is illiquid or bid-ask spreads are wide, bots have the potential to risk more capital when the position is closed than was allocated at entry.",DOCUMENTED,,2026-08-04,2e3b2f2a4cb2e4050a542f0087ccf8933e74db039fde0762abcde0fafab66067
OA-1013,getting-started,Creating a bot,https://docs.optionalpha.com/getting-started/creating-a-bot,"As an example, a wide bid-ask spread on a credit spread position can cause the ask price to close it to exceed the spread's width.","For example, if there is a wide bid-ask spread for a credit spread position, the ask price to close the spread may exceed the spread’s width.",DOCUMENTED,,2026-08-04,2e3b2f2a4cb2e4050a542f0087ccf8933e74db039fde0762abcde0fafab66067
OA-1014,getting-started,Creating a bot,https://docs.optionalpha.com/getting-started/creating-a-bot,"If a position is manually overridden, the Option Alpha platform stops communicating with it and it no longer counts against position limits or capital allocation limits.","If you manually override a position, the Option Alpha platform no longer communicates with the position The position will not count against position limits or capital allocation limits.",DOCUMENTED,,2026-08-04,2e3b2f2a4cb2e4050a542f0087ccf8933e74db039fde0762abcde0fafab66067
OA-1015,getting-started,Creating a bot,https://docs.optionalpha.com/getting-started/creating-a-bot,Bot scanners and other entry automations automatically turn off once a position limit is reached.,Bot scanners and other entry automations automatically turn off when a position limit is reached.,DOCUMENTED,,2026-08-04,2e3b2f2a4cb2e4050a542f0087ccf8933e74db039fde0762abcde0fafab66067
OA-1016,getting-started,Creating a bot,https://docs.optionalpha.com/getting-started/creating-a-bot,The daily position limit is the maximum number of positions a bot can open in one day.,The daily limit is the maximum number of positions the bot can open in one day.,DOCUMENTED,,2026-08-04,2e3b2f2a4cb2e4050a542f0087ccf8933e74db039fde0762abcde0fafab66067
OA-1017,getting-started,Creating a bot,https://docs.optionalpha.com/getting-started/creating-a-bot,"As an example, a bot with a daily limit of three positions stops scanning for new positions once three positions have been opened that trading day.","For example, a bot with a daily limit of three positions will stop scanning for new positions if three positions have been opened in one trading day.",DOCUMENTED,,2026-08-04,2e3b2f2a4cb2e4050a542f0087ccf8933e74db039fde0762abcde0fafab66067
OA-1018,getting-started,Creating a bot,https://docs.optionalpha.com/getting-started/creating-a-bot,Position limits apply only to opening new positions; a bot can close as many positions as it wants regardless of the limit.,Position limits are for opening positions only; you can close as many positions as you want.,DOCUMENTED,,2026-08-04,2e3b2f2a4cb2e4050a542f0087ccf8933e74db039fde0762abcde0fafab66067
OA-1019,getting-started,Creating a bot,https://docs.optionalpha.com/getting-started/creating-a-bot,"The total position limit is the maximum number of open positions available for a bot, and the bot will not open new positions once that limit is reached.",The total limit is the maximum number of open positions available for a bot. The bot will not open new positions if the total position limit is reached.,DOCUMENTED,,2026-08-04,2e3b2f2a4cb2e4050a542f0087ccf8933e74db039fde0762abcde0fafab66067
OA-1020,getting-started,Creating a bot,https://docs.optionalpha.com/getting-started/creating-a-bot,"As an example, a bot with a total limit of six positions stops scanning for new positions once six positions are open inside the bot.","For example, a bot with a total limit of six positions will stop scanning for new positions if there are six positions open inside the bot.",DOCUMENTED,,2026-08-04,2e3b2f2a4cb2e4050a542f0087ccf8933e74db039fde0762abcde0fafab66067
OA-1021,getting-started,Creating a bot,https://docs.optionalpha.com/getting-started/creating-a-bot,"New bots are automatically set to ""Off"" by default when created.","New bots are automatically ""Off"" by default when created.",DOCUMENTED,,2026-08-04,2e3b2f2a4cb2e4050a542f0087ccf8933e74db039fde0762abcde0fafab66067
OA-1022,getting-started,Creating a bot,https://docs.optionalpha.com/getting-started/creating-a-bot,"To turn on a bot, the user toggles the switch to ""On"" in the top right corner of the bot dashboard.","To turn on the bot, simply toggle the switch to ""On"" in the top right corner of the dashboard.",DOCUMENTED,,2026-08-04,2e3b2f2a4cb2e4050a542f0087ccf8933e74db039fde0762abcde0fafab66067
OA-1023,getting-started,Creating a bot,https://docs.optionalpha.com/getting-started/creating-a-bot,"Because a bot's account connection cannot be changed, converting a paper bot into a live bot requires cloning the bot and changing the account type to a live brokerage account.","A bot's account connection cannot be changed. To make a paper bot live, you'll need to clone the bot and change the account type to connect it to a live brokerage account.",DOCUMENTED,,2026-08-04,2e3b2f2a4cb2e4050a542f0087ccf8933e74db039fde0762abcde0fafab66067
OA-1024,getting-started,Creating a bot,https://docs.optionalpha.com/getting-started/creating-a-bot,"Deleting a bot removes it from the account, and all of its position stats become no longer accessible.",Deleting a bot will remove it from your account and all position stats will no longer be accessible.,DOCUMENTED,,2026-08-04,2e3b2f2a4cb2e4050a542f0087ccf8933e74db039fde0762abcde0fafab66067
OA-1025,getting-started,Creating a bot,https://docs.optionalpha.com/getting-started/creating-a-bot,There is no limit to the number of bot templates a user can save.,There is no limit to the number of templates you can have.,DOCUMENTED,,2026-08-04,2e3b2f2a4cb2e4050a542f0087ccf8933e74db039fde0762abcde0fafab66067
OA-1026,getting-started,Creating a bot,https://docs.optionalpha.com/getting-started/creating-a-bot,The Bot Wizard builds an entire bot automatically using the entry and exit criteria the user provides for a particular strategy.,"The bot wizard builds an entire bot automatically for you, using your entry and exit criteria for a particular strategy.",DOCUMENTED,,2026-08-04,2e3b2f2a4cb2e4050a542f0087ccf8933e74db039fde0762abcde0fafab66067
OA-1027,getting-started,Creating a bot,https://docs.optionalpha.com/getting-started/creating-a-bot,"The Bot Wizard asks the user to input position details such as trade frequency, ticker symbol, strategy type, days until expiration, strike prices, and contract/risk amount.","The bot wizard asks you to input position details such as trade frequency, ticker symbol, strategy type, days until expiration, strike prices, and contract/risk amount.",DOCUMENTED,,2026-08-04,2e3b2f2a4cb2e4050a542f0087ccf8933e74db039fde0762abcde0fafab66067
OA-1028,getting-started,Creating a bot,https://docs.optionalpha.com/getting-started/creating-a-bot,"An example Bot Wizard entry filter given restricts new SPY positions to when price is above 500, VIX rank is between 0-25, and the SPY RSI 14 indicator is below 30.","For example, this bot will only open new positions in SPY if the price is above 500,The VIX rank is between 0-25, and the SPY RSI 14 Indicator is below 30.",DOCUMENTED,,2026-08-04,2e3b2f2a4cb2e4050a542f0087ccf8933e74db039fde0762abcde0fafab66067
OA-1029,getting-started,Creating a bot,https://docs.optionalpha.com/getting-started/creating-a-bot,An example Bot Wizard exit rule given closes a position automatically if the short put spread reaches 50% profit or the position expires in less than two days.,"For example, this bot will automatically exit a position if the short put spread has a 50% profit or the position expires in less than two days.",DOCUMENTED,,2026-08-04,2e3b2f2a4cb2e4050a542f0087ccf8933e74db039fde0762abcde0fafab66067
OA-1030,getting-started,Creating a bot,https://docs.optionalpha.com/getting-started/creating-a-bot,"The page does not state whether deleting a bot also closes any of its open positions, only that its position stats become inaccessible.",,DOCS-SILENT,"whether deleting a bot closes/liquidates its open positions, or only removes stats/history access, is not stated",2026-08-04,2e3b2f2a4cb2e4050a542f0087ccf8933e74db039fde0762abcde0fafab66067
OA-1031,getting-started,Make your first trade,https://docs.optionalpha.com/getting-started/make-your-first-trade,"Manual trades can be started from multiple different areas within the Option Alpha platform, not just one location.","You can initiate manual trades from multiple areas within the platform, allowing you to choose the most convenient location for entering your trades.",DOCUMENTED,,2026-08-04,a7d836dcafc5525d11c6b18542dee71e7ef61a622e13a30c057ad2c67546891b
OA-1032,getting-started,Make your first trade,https://docs.optionalpha.com/getting-started/make-your-first-trade,"The New Position window is described as universal, providing a consistent interface regardless of where in the platform it is opened from.","At the heart of manual trading on Option Alpha is the universal **New Position** window. This window is designed to streamline the process of opening new positions, providing a consistent and user-friendly interface no matter where you access it from within the platform.",DOCUMENTED,,2026-08-04,a7d836dcafc5525d11c6b18542dee71e7ef61a622e13a30c057ad2c67546891b
OA-1033,getting-started,Make your first trade,https://docs.optionalpha.com/getting-started/make-your-first-trade,The New Position window includes a Symbol Selector for choosing the ticker to trade.,**Symbol Selector**: Quickly choose the ticker symbol for the security you wish to trade.,DOCUMENTED,,2026-08-04,a7d836dcafc5525d11c6b18542dee71e7ef61a622e13a30c057ad2c67546891b
OA-1034,getting-started,Make your first trade,https://docs.optionalpha.com/getting-started/make-your-first-trade,The New Position window includes a Strategy Type Selector for choosing among trading strategies.,**Strategy Type Selector**: Select from a variety of trading strategies to tailor your position to your market outlook.,DOCUMENTED,,2026-08-04,a7d836dcafc5525d11c6b18542dee71e7ef61a622e13a30c057ad2c67546891b
OA-1035,getting-started,Make your first trade,https://docs.optionalpha.com/getting-started/make-your-first-trade,The New Position window includes an Expiration Selector for choosing the options expiration date.,"**Expiration Selector**: Easily choose the expiration date for your options, helping you align your trade with your time horizon.",DOCUMENTED,,2026-08-04,a7d836dcafc5525d11c6b18542dee71e7ef61a622e13a30c057ad2c67546891b
OA-1036,getting-started,Make your first trade,https://docs.optionalpha.com/getting-started/make-your-first-trade,"The New Position window gives access to five visual charts, including Main Pain Theory and Open Interest.","* **Main Pain Theory**: Analyze the potential pain point for options sellers.
 * **Open Interest**: View where traders are most heavily positioned in the options market.",DOCUMENTED,,2026-08-04,a7d836dcafc5525d11c6b18542dee71e7ef61a622e13a30c057ad2c67546891b
OA-1037,getting-started,Make your first trade,https://docs.optionalpha.com/getting-started/make-your-first-trade,One of the New Position window's visual charts tracks Daily Option Volume.,**Daily Option Volume**: Track the daily trading volume for options.,DOCUMENTED,,2026-08-04,a7d836dcafc5525d11c6b18542dee71e7ef61a622e13a30c057ad2c67546891b
OA-1038,getting-started,Make your first trade,https://docs.optionalpha.com/getting-started/make-your-first-trade,One of the New Position window's visual charts is an Implied Volatility Skew chart across strikes.,**Implied Volatility Skew**: Examine the skew of implied volatility across different strikes.,DOCUMENTED,,2026-08-04,a7d836dcafc5525d11c6b18542dee71e7ef61a622e13a30c057ad2c67546891b
OA-1039,getting-started,Make your first trade,https://docs.optionalpha.com/getting-started/make-your-first-trade,One of the New Position window's visual charts compares Historical vs. Implied Probability of Expiring ITM.,**Historical vs. Implied Probability of Expiring ITM**: Compare historical probabilities with current implied probabilities to make informed decisions.,DOCUMENTED,,2026-08-04,a7d836dcafc5525d11c6b18542dee71e7ef61a622e13a30c057ad2c67546891b
OA-1040,getting-started,Make your first trade,https://docs.optionalpha.com/getting-started/make-your-first-trade,The Final Price is determined by SmartPricing and defaults to 100% of the bid/ask spread when not otherwise specified.,This price is determined by SmartPricing and defaults to 100% of the bid/ask spread if not specified.,DOCUMENTED,,2026-08-04,a7d836dcafc5525d11c6b18542dee71e7ef61a622e13a30c057ad2c67546891b
OA-1041,getting-started,Make your first trade,https://docs.optionalpha.com/getting-started/make-your-first-trade,"SmartPricing offers five speed preference options in the New Position window: Normal, Fast, Patient, Market Order, and Turn Off SmartPricing.","* **Normal**: A balanced approach to pricing.
 * **Fast**: Prioritizes speed over price.
 * **Patient**: Focuses on getting the best price, even if it takes longer.
 * **Market Order**: Executes the order immediately at the current market price.
 * **Turn Off SmartPricing**: Submit a single limit price without SmartPricing’s intervention.",DOCUMENTED,,2026-08-04,a7d836dcafc5525d11c6b18542dee71e7ef61a622e13a30c057ad2c67546891b
OA-1042,getting-started,Make your first trade,https://docs.optionalpha.com/getting-started/make-your-first-trade,"Every manual position must be assigned to a bot, which acts as the container that monitors and manages the position.","**Bot Assignment**: Every manual position must be assigned to a bot. This is because a bot acts as the container or “home” for the position, providing the necessary services to monitor and manage it effectively.",DOCUMENTED,,2026-08-04,a7d836dcafc5525d11c6b18542dee71e7ef61a622e13a30c057ad2c67546891b
OA-1043,getting-started,Make your first trade,https://docs.optionalpha.com/getting-started/make-your-first-trade,"Exit Options can be set at the time a trade is created in the New Position window, and once set they remain assigned to the position for its entire lifecycle.","**Exit Options**: The New Position window allows you to set exit options for your trade from the start. Once set, these options are assigned to the position for its entire lifecycle, reducing the need for further management and making the process more convenient.",DOCUMENTED,,2026-08-04,a7d836dcafc5525d11c6b18542dee71e7ef61a622e13a30c057ad2c67546891b
OA-1044,getting-started,Make your first trade,https://docs.optionalpha.com/getting-started/make-your-first-trade,The page does not specify whether or how Exit Options set at trade creation can later be edited after the position is open.,,DOCS-SILENT,"can Exit Options set in the New Position window be changed later, or are they fixed for the position's lifecycle?",2026-08-04,a7d836dcafc5525d11c6b18542dee71e7ef61a622e13a30c057ad2c67546891b
OA-1045,guides,Automation,https://docs.optionalpha.com/guides/automation,"The ""Automation"" guide page returns only a title with no body content, so what OA's automation guide covers is undocumented on this page.",,DOCS-SILENT,"Page body is empty (title only) — no content on OA automation concepts, setup, or scope.",2026-08-04,2801f97571d473951dbbfda258e6a628492b3afdce79b9280d144640a1953896
OA-1046,guides,Manual Trading,https://docs.optionalpha.com/guides/manual-trading,"The ""Manual Trading"" guide page returns only a title with no body content, so how manual trading works or differs from automated bot trading in OA is undocumented on this page.",,DOCS-SILENT,Page body is empty (title only) — no content on what manual trading means in OA or how to perform it.,2026-08-04,4dd0388a556aaf9b77631f37db11b73b6dd55ece046d68b2ea11bd50e960ef90
OA-1047,getting-started,Intro to Option Alpha,https://docs.optionalpha.com/option-alpha-intro,"Trade Ideas is described as a tool for ""shopping"" for trades that have a positive expected value (EV).","Use Trade Ideas to ""shop"" for trades with a positive expected value (EV)",DOCUMENTED,,2026-08-04,d9bf5132854c52c69ae6fa5a1a13d91c4ca65b1c905f2b07bb46a5326e6117b1
OA-1048,getting-started,Intro to Option Alpha,https://docs.optionalpha.com/option-alpha-intro,The platform can scan for 0DTE trades by backtesting position metrics against historical price movements.,Scan for 0DTE trades by backtesting position metrics against historical price movements,DOCUMENTED,,2026-08-04,d9bf5132854c52c69ae6fa5a1a13d91c4ca65b1c905f2b07bb46a5326e6117b1
OA-1049,getting-started,Intro to Option Alpha,https://docs.optionalpha.com/option-alpha-intro,"New symbols can be screened by options liquidity, technical indicators, momentum, and other factors.","Screen for new symbols by options liquidity, technical indicators, momentum and more",DOCUMENTED,,2026-08-04,d9bf5132854c52c69ae6fa5a1a13d91c4ca65b1c905f2b07bb46a5326e6117b1
OA-1050,getting-started,Intro to Option Alpha,https://docs.optionalpha.com/option-alpha-intro,Research Reports referenced on this page are updated nightly.,Innovative Research Reports updated nightly,DOCUMENTED,,2026-08-04,d9bf5132854c52c69ae6fa5a1a13d91c4ca65b1c905f2b07bb46a5326e6117b1
OA-1051,getting-started,Intro to Option Alpha,https://docs.optionalpha.com/option-alpha-intro,Earnings Edge is used to find backtested earnings trades.,Find backtested earnings trades with Earnings Edge,DOCUMENTED,,2026-08-04,d9bf5132854c52c69ae6fa5a1a13d91c4ca65b1c905f2b07bb46a5326e6117b1
OA-1052,getting-started,Intro to Option Alpha,https://docs.optionalpha.com/option-alpha-intro,Backtesting a strategy is positioned as a way to fine-tune it for maximum profits.,Backtest a strategy to fine tune for maximum profits,DOCUMENTED,,2026-08-04,d9bf5132854c52c69ae6fa5a1a13d91c4ca65b1c905f2b07bb46a5326e6117b1
OA-1053,getting-started,Intro to Option Alpha,https://docs.optionalpha.com/option-alpha-intro,Top Backtests can be searched to find a new strategy.,Search Top Backtests to find a new strategy,DOCUMENTED,,2026-08-04,d9bf5132854c52c69ae6fa5a1a13d91c4ca65b1c905f2b07bb46a5326e6117b1
OA-1054,getting-started,Intro to Option Alpha,https://docs.optionalpha.com/option-alpha-intro,SmartPricing is described as a tool leveraged to get trades filled at the best available price.,Leverage SmartPricing to get trades filled at the best available price,DOCUMENTED,,2026-08-04,d9bf5132854c52c69ae6fa5a1a13d91c4ca65b1c905f2b07bb46a5326e6117b1
OA-1055,getting-started,Intro to Option Alpha,https://docs.optionalpha.com/option-alpha-intro,"Automations can be scheduled to run continuously every 1 minute, on a repeating schedule, or triggered by clicking a button, among other options.","Automations can be scheduled to run continuously every 1 minute, based on a repeating schedule, when you click a button, and many more options:",DOCUMENTED,,2026-08-04,d9bf5132854c52c69ae6fa5a1a13d91c4ca65b1c905f2b07bb46a5326e6117b1
OA-1056,getting-started,Intro to Option Alpha,https://docs.optionalpha.com/option-alpha-intro,"After a bot opens a position, it monitors that position every 1 minute to check predefined exit criteria.","After your bot opens a position, it will monitor the position every 1 minute checking for your predefined exit criteria:",DOCUMENTED,,2026-08-04,d9bf5132854c52c69ae6fa5a1a13d91c4ca65b1c905f2b07bb46a5326e6117b1
OA-1057,getting-started,Intro to Option Alpha,https://docs.optionalpha.com/option-alpha-intro,"The page lists four fully automated example bot templates, each with a step-by-step setup video.","The bot templates below include a step-by-step video showing how to set up a bot from scratch to find, open and manage positions automatically:",DOCUMENTED,,2026-08-04,d9bf5132854c52c69ae6fa5a1a13d91c4ca65b1c905f2b07bb46a5326e6117b1
OA-1058,getting-started,Intro to Option Alpha,https://docs.optionalpha.com/option-alpha-intro,"The example bot template ""WiFly 1DTE $60 Wide"" is a daily SPX 1DTE iron butterfly managed at 15%.",Daily SPX 1DTE iron butterfly managed at 15%,DOCUMENTED,,2026-08-04,d9bf5132854c52c69ae6fa5a1a13d91c4ca65b1c905f2b07bb46a5326e6117b1
OA-1059,getting-started,Intro to Option Alpha,https://docs.optionalpha.com/option-alpha-intro,"The example bot template ""Auto Ideas - ETFs"" cherry picks credit spreads with favorable metrics from Trade Ideas.",Cherry picks credit spreads with favorable metrics from Trade Ideas,DOCUMENTED,,2026-08-04,d9bf5132854c52c69ae6fa5a1a13d91c4ca65b1c905f2b07bb46a5326e6117b1
OA-1060,getting-started,Intro to Option Alpha,https://docs.optionalpha.com/option-alpha-intro,"The example bot template ""Peggie Bank"" is an SPX 0DTE bot based on intraday price ""pegging"" research located in OA Labs.","SPX 0DTE bot based on intraday price ""pegging"" research located in OA Labs",DOCUMENTED,,2026-08-04,d9bf5132854c52c69ae6fa5a1a13d91c4ca65b1c905f2b07bb46a5326e6117b1
OA-1061,getting-started,Intro to Option Alpha,https://docs.optionalpha.com/option-alpha-intro,"The example bot template ""Rev Ninja ETFs"" uses a simple RSI-based mean reversion strategy combined with Trade Ideas.",Simple RSI based mean reversion strategy + Trade Ideas,DOCUMENTED,,2026-08-04,d9bf5132854c52c69ae6fa5a1a13d91c4ca65b1c905f2b07bb46a5326e6117b1
OA-1062,getting-started,Intro to Option Alpha,https://docs.optionalpha.com/option-alpha-intro,"The Trade Ideas backend scans continuously during market hours, defined as 9:35 am to 3:55 pm.",The Trade Ideas backend scans continuously during market hours (9:35 am - 3:55 pm) and finds trade ideas in 3 ways:,DOCUMENTED,,2026-08-04,d9bf5132854c52c69ae6fa5a1a13d91c4ca65b1c905f2b07bb46a5326e6117b1
OA-1063,getting-started,Intro to Option Alpha,https://docs.optionalpha.com/option-alpha-intro,One of Trade Ideas' three methods is analyzing the top-performing position setups used by all traders on the platform.,Analyzes the top-performing position setups used by all traders in the platform.,DOCUMENTED,,2026-08-04,d9bf5132854c52c69ae6fa5a1a13d91c4ca65b1c905f2b07bb46a5326e6117b1
OA-1064,getting-started,Intro to Option Alpha,https://docs.optionalpha.com/option-alpha-intro,"One of Trade Ideas' three methods analyzes every option series expiring in 45 days or less that falls on a Friday, matching every possible leg combination at common delta values.",Analyzes every option series expiring in 45 days or less that falls on a Friday and matches up every possible combination of legs at common delta values.,DOCUMENTED,,2026-08-04,d9bf5132854c52c69ae6fa5a1a13d91c4ca65b1c905f2b07bb46a5326e6117b1
OA-1065,getting-started,Intro to Option Alpha,https://docs.optionalpha.com/option-alpha-intro,One of Trade Ideas' three methods examines all current open positions across the platform for opportunities.,It examines all current open positions in the platform that are looking for opportunities.,DOCUMENTED,,2026-08-04,d9bf5132854c52c69ae6fa5a1a13d91c4ca65b1c905f2b07bb46a5326e6117b1
OA-1066,getting-started,Intro to Option Alpha,https://docs.optionalpha.com/option-alpha-intro,The 0DTE Oracle is used to find and analyze 0DTE and next-day trading opportunities.,Find and analyze 0DTE and next-day trading opportunities.,DOCUMENTED,,2026-08-04,d9bf5132854c52c69ae6fa5a1a13d91c4ca65b1c905f2b07bb46a5326e6117b1
OA-1067,getting-started,Intro to Option Alpha,https://docs.optionalpha.com/option-alpha-intro,"The 0DTE Oracle aims to address the problem that probabilities and expected value (EV) are less accurate for 0DTE trades, by providing backtest results instead of relying on probabilities.",It aims to solve the problem of probabilities and expected value (EV) being less accurate for 0DTE trades by providing backtest results to help us identify quality trades instead of relying on probabilities.,DOCUMENTED,,2026-08-04,d9bf5132854c52c69ae6fa5a1a13d91c4ca65b1c905f2b07bb46a5326e6117b1
OA-1068,getting-started,Intro to Option Alpha,https://docs.optionalpha.com/option-alpha-intro,Each trade evaluated by the 0DTE Oracle has its metrics backtested against the underlying's previous 1 year of intraday minute data.,Each trade's metrics are backtested against the underlying's previous 1 year of intraday minute data to see how trading a similar position daily would have performed over that time.,DOCUMENTED,,2026-08-04,d9bf5132854c52c69ae6fa5a1a13d91c4ca65b1c905f2b07bb46a5326e6117b1
OA-1069,getting-started,Intro to Option Alpha,https://docs.optionalpha.com/option-alpha-intro,"The page does not specify what score, rating, or output value the 0DTE Oracle's 1-year backtest produces to identify ""quality trades.""",,DOCS-SILENT,what specific metric/output the 0DTE Oracle's backtest produces to rank or flag quality trades is not defined on this page,2026-08-04,d9bf5132854c52c69ae6fa5a1a13d91c4ca65b1c905f2b07bb46a5326e6117b1
OA-1070,backtesting,Backtesting,https://docs.optionalpha.com/tools/backtesting,Backtests can be run using multiple entry criteria.,"Run a backtest using multiple entry and exit criteria, position settings, and technical indicators to analyze detailed performance history for all your ideas.",DOCUMENTED,,2026-08-04,47a286b61a08d217888c7797dc3eaf68624a55d93321fc44d0697c1b72645c2d
OA-1071,backtesting,Backtesting,https://docs.optionalpha.com/tools/backtesting,Backtests can be run using multiple exit criteria.,"Run a backtest using multiple entry and exit criteria, position settings, and technical indicators to analyze detailed performance history for all your ideas.",DOCUMENTED,,2026-08-04,47a286b61a08d217888c7797dc3eaf68624a55d93321fc44d0697c1b72645c2d
OA-1072,backtesting,Backtesting,https://docs.optionalpha.com/tools/backtesting,Backtests can incorporate position settings as configurable inputs.,"Run a backtest using multiple entry and exit criteria, position settings, and technical indicators to analyze detailed performance history for all your ideas.",DOCUMENTED,,2026-08-04,47a286b61a08d217888c7797dc3eaf68624a55d93321fc44d0697c1b72645c2d
OA-1073,backtesting,Backtesting,https://docs.optionalpha.com/tools/backtesting,Backtests can incorporate technical indicators as configurable inputs.,"Run a backtest using multiple entry and exit criteria, position settings, and technical indicators to analyze detailed performance history for all your ideas.",DOCUMENTED,,2026-08-04,47a286b61a08d217888c7797dc3eaf68624a55d93321fc44d0697c1b72645c2d
OA-1074,backtesting,Backtesting,https://docs.optionalpha.com/tools/backtesting,The platform supports backtesting of 0DTE options strategies.,Backtest 0DTE and next-day options strategies,DOCUMENTED,,2026-08-04,47a286b61a08d217888c7797dc3eaf68624a55d93321fc44d0697c1b72645c2d
OA-1075,backtesting,Backtesting,https://docs.optionalpha.com/tools/backtesting,The platform supports backtesting of next-day options strategies.,Backtest 0DTE and next-day options strategies,DOCUMENTED,,2026-08-04,47a286b61a08d217888c7797dc3eaf68624a55d93321fc44d0697c1b72645c2d
OA-1076,backtesting,Backtesting,https://docs.optionalpha.com/tools/backtesting,Users can add multiple backtest variations to stress-test different variations and variables against each other.,Quickly add multiple variations to stress-test different variations and variables to improve performance.,DOCUMENTED,,2026-08-04,47a286b61a08d217888c7797dc3eaf68624a55d93321fc44d0697c1b72645c2d
OA-1077,backtesting,Backtesting,https://docs.optionalpha.com/tools/backtesting,Results from multiple strategy backtests can be combined into a single portfolio curve.,"Then, combine the results of multiple strategies into one portfolio curve.",DOCUMENTED,,2026-08-04,47a286b61a08d217888c7797dc3eaf68624a55d93321fc44d0697c1b72645c2d
OA-1078,backtesting,Backtesting,https://docs.optionalpha.com/tools/backtesting,Extensive logging is provided to build user confidence in a backtest before going live with a strategy.,Extensive logging gives you confidence in the backtest your running before going live with a strategy.,DOCUMENTED,,2026-08-04,47a286b61a08d217888c7797dc3eaf68624a55d93321fc44d0697c1b72645c2d
OA-1079,backtesting,Backtesting,https://docs.optionalpha.com/tools/backtesting,Every backtest includes detailed logs of every trade.,Every backtest includes detailed trade logs in case you want to dive into historical data.,DOCUMENTED,,2026-08-04,47a286b61a08d217888c7797dc3eaf68624a55d93321fc44d0697c1b72645c2d
OA-1080,backtesting,Backtesting,https://docs.optionalpha.com/tools/backtesting,A completed backtest can be instantly converted into an automated bot.,"Once you've found a backtest you love, instantly turn that backtest into an automated bot that trades the exact same strategy you backtested.",DOCUMENTED,,2026-08-04,47a286b61a08d217888c7797dc3eaf68624a55d93321fc44d0697c1b72645c2d
OA-1081,backtesting,Backtesting,https://docs.optionalpha.com/tools/backtesting,A bot created from a backtest trades the exact same strategy that was backtested.,that trades the exact same strategy you backtested.,DOCUMENTED,,2026-08-04,47a286b61a08d217888c7797dc3eaf68624a55d93321fc44d0697c1b72645c2d
OA-1082,backtesting,Backtesting,https://docs.optionalpha.com/tools/backtesting,"Once created, the automated bot finds and manages trades for the user without further manual action described on this page.","Then, let your new bot find and manage trades for you.",DOCUMENTED,,2026-08-04,47a286b61a08d217888c7797dc3eaf68624a55d93321fc44d0697c1b72645c2d
OA-1083,backtesting,Automate your strategy,https://docs.optionalpha.com/tools/backtesting/automate-your-strategy,"The ""Automate your strategy"" page contains only an embed block with a blank/empty URL and no written text content.","{% embed url="" "" %}",DOCUMENTED,,2026-08-04,509640574db4d3cfd45ee041566f10cd3b9dd971376fd5cce86fe12936885d6b
OA-1084,backtesting,Automate your strategy,https://docs.optionalpha.com/tools/backtesting/automate-your-strategy,"The page's embed block has no populated URL, indicating the intended video or media for this page is missing or unpublished.","url="" """,DOCUMENTED,,2026-08-04,509640574db4d3cfd45ee041566f10cd3b9dd971376fd5cce86fe12936885d6b
OA-1085,backtesting,Automate your strategy,https://docs.optionalpha.com/tools/backtesting/automate-your-strategy,The page does not explain the specific steps for turning a backtest into a live automated bot.,,DOCS-SILENT,what is the actual step-by-step procedure for converting a backtest into an automated bot,2026-08-04,509640574db4d3cfd45ee041566f10cd3b9dd971376fd5cce86fe12936885d6b
OA-1086,backtesting,Automate your strategy,https://docs.optionalpha.com/tools/backtesting/automate-your-strategy,"The page does not state whether any settings (e.g. position sizing, capital allocation) must be reconfigured when automating a backtested strategy into a live bot.",,DOCS-SILENT,whether/what settings must be reconfigured when converting a backtest to a live automated bot,2026-08-04,509640574db4d3cfd45ee041566f10cd3b9dd971376fd5cce86fe12936885d6b
OA-1087,backtesting,Backtesting Metrics,https://docs.optionalpha.com/tools/backtesting/backtesting-metrics,The Backtester is designed to backtest 0DTE and next-day options strategies.,The Backtester is a tool designed to backtest 0DTE and next-day options strategies by leveraging 1-minute historical data to find an edge and then quickly automate the strategy by generating a bot.,DOCUMENTED,,2026-08-04,19cbe27358725197e9264512c8e3746e87f32eb20e5f9abf1ffd8adcb0c3c8c6
OA-1088,backtesting,Backtesting Metrics,https://docs.optionalpha.com/tools/backtesting/backtesting-metrics,The Backtester uses 1-minute historical data.,by leveraging 1-minute historical data to find an edge,DOCUMENTED,,2026-08-04,19cbe27358725197e9264512c8e3746e87f32eb20e5f9abf1ffd8adcb0c3c8c6
OA-1089,backtesting,Backtesting Metrics,https://docs.optionalpha.com/tools/backtesting/backtesting-metrics,A backtest can be run over a test period of up to three years.,"Traders can use a test period of up to three years,",DOCUMENTED,,2026-08-04,19cbe27358725197e9264512c8e3746e87f32eb20e5f9abf1ffd8adcb0c3c8c6
OA-1090,backtesting,Backtesting Metrics,https://docs.optionalpha.com/tools/backtesting/backtesting-metrics,Up to four backtests can be compared simultaneously.,"and compare up to four backtests simultaneously,",DOCUMENTED,,2026-08-04,19cbe27358725197e9264512c8e3746e87f32eb20e5f9abf1ffd8adcb0c3c8c6
OA-1091,backtesting,Backtesting Metrics,https://docs.optionalpha.com/tools/backtesting/backtesting-metrics,Multiple backtested strategies can be combined to view a single portfolio P/L curve.,and combine multiple backtested strategies to see a single portfolio P/L curve.,DOCUMENTED,,2026-08-04,19cbe27358725197e9264512c8e3746e87f32eb20e5f9abf1ffd8adcb0c3c8c6
OA-1092,backtesting,Backtesting Metrics,https://docs.optionalpha.com/tools/backtesting/backtesting-metrics,Total P/L is defined as the overall profit or loss in dollars.,Total P/L - Overall profit or loss in dollars.,DOCUMENTED,,2026-08-04,19cbe27358725197e9264512c8e3746e87f32eb20e5f9abf1ffd8adcb0c3c8c6
OA-1093,backtesting,Backtesting Metrics,https://docs.optionalpha.com/tools/backtesting/backtesting-metrics,High P/L is defined as the highest profit or loss recorded in the testing period.,High P/L - Highest profit or loss recorded in the testing period.,DOCUMENTED,,2026-08-04,19cbe27358725197e9264512c8e3746e87f32eb20e5f9abf1ffd8adcb0c3c8c6
OA-1094,backtesting,Backtesting Metrics,https://docs.optionalpha.com/tools/backtesting/backtesting-metrics,Low P/L is defined as the lowest profit or loss recorded in the testing period.,Low P/L - Lowest profit or loss recorded in the testing period.,DOCUMENTED,,2026-08-04,19cbe27358725197e9264512c8e3746e87f32eb20e5f9abf1ffd8adcb0c3c8c6
OA-1095,backtesting,Backtesting Metrics,https://docs.optionalpha.com/tools/backtesting/backtesting-metrics,"Max Risk is defined as the maximum capital at risk at any point during the test, calculated as losing P/L plus open position risk.",Max Risk - Maximum capital at risk at any point during the test (Losing P/L + open position risk).,DOCUMENTED,,2026-08-04,19cbe27358725197e9264512c8e3746e87f32eb20e5f9abf1ffd8adcb0c3c8c6
OA-1096,backtesting,Backtesting Metrics,https://docs.optionalpha.com/tools/backtesting/backtesting-metrics,Max Drawdown is defined as the largest fall from a P/L peak to a subsequent trough.,Max Drawdown - Largest fall from P/L peak-to-trough.,DOCUMENTED,,2026-08-04,19cbe27358725197e9264512c8e3746e87f32eb20e5f9abf1ffd8adcb0c3c8c6
OA-1097,backtesting,Backtesting Metrics,https://docs.optionalpha.com/tools/backtesting/backtesting-metrics,Profit Factor divides the total amount of money gained by the total amount lost.,Profit Factor - The profit factor divides the total amount of money gained by the total amount lost.,DOCUMENTED,,2026-08-04,19cbe27358725197e9264512c8e3746e87f32eb20e5f9abf1ffd8adcb0c3c8c6
OA-1098,backtesting,Backtesting Metrics,https://docs.optionalpha.com/tools/backtesting/backtesting-metrics,Profit Factor is described as important when used together with win rate because it creates a complete view of trading performance.,The profit factor is important when used with the win rate because it creates a complete view of trading performance.,DOCUMENTED,,2026-08-04,19cbe27358725197e9264512c8e3746e87f32eb20e5f9abf1ffd8adcb0c3c8c6
OA-1099,backtesting,Backtesting Metrics,https://docs.optionalpha.com/tools/backtesting/backtesting-metrics,Count is defined as the total number of positions included in the backtest.,Count - Total number of positions included in the backtest,DOCUMENTED,,2026-08-04,19cbe27358725197e9264512c8e3746e87f32eb20e5f9abf1ffd8adcb0c3c8c6
OA-1100,backtesting,Backtesting Metrics,https://docs.optionalpha.com/tools/backtesting/backtesting-metrics,Win Rate is defined as the total number of winning trades divided by total trades.,Win Rate - Total number of winning trades by total trades.,DOCUMENTED,,2026-08-04,19cbe27358725197e9264512c8e3746e87f32eb20e5f9abf1ffd8adcb0c3c8c6
OA-1101,backtesting,Backtesting Metrics,https://docs.optionalpha.com/tools/backtesting/backtesting-metrics,Best Win is defined as the trade with the highest profit in the backtested period.,Best Win - Trade with the highest profit in the backtested period.,DOCUMENTED,,2026-08-04,19cbe27358725197e9264512c8e3746e87f32eb20e5f9abf1ffd8adcb0c3c8c6
OA-1102,backtesting,Backtesting Metrics,https://docs.optionalpha.com/tools/backtesting/backtesting-metrics,Worst Loss is defined as the trade with the largest loss in the backtested period.,Worst Loss - Trade with the largest loss in the backtested period.,DOCUMENTED,,2026-08-04,19cbe27358725197e9264512c8e3746e87f32eb20e5f9abf1ffd8adcb0c3c8c6
OA-1103,backtesting,Backtesting Metrics,https://docs.optionalpha.com/tools/backtesting/backtesting-metrics,Win Streak is defined as the most consecutive winning trades.,Win Streak - Most consecutive winning trades.,DOCUMENTED,,2026-08-04,19cbe27358725197e9264512c8e3746e87f32eb20e5f9abf1ffd8adcb0c3c8c6
OA-1104,backtesting,Backtesting Metrics,https://docs.optionalpha.com/tools/backtesting/backtesting-metrics,Loss Streak is defined as the most consecutive losing trades.,Loss Streak - Most consecutive losing trades.,DOCUMENTED,,2026-08-04,19cbe27358725197e9264512c8e3746e87f32eb20e5f9abf1ffd8adcb0c3c8c6
OA-1105,backtesting,Backtesting Metrics,https://docs.optionalpha.com/tools/backtesting/backtesting-metrics,Max Profit % is defined as the percent of positions that won the max profit.,Max Profit % - the % of positions that won the max profit.,DOCUMENTED,,2026-08-04,19cbe27358725197e9264512c8e3746e87f32eb20e5f9abf1ffd8adcb0c3c8c6
OA-1106,backtesting,Backtesting Metrics,https://docs.optionalpha.com/tools/backtesting/backtesting-metrics,"The page's own definition of Max Loss % literally states it is the percent of positions that lost the max profit, which appears to be a documentation wording error (likely intended to read ""max loss"").",Max Loss % - the % of positions that lost the max profit.,DOCUMENTED,"Max Loss % is defined using the phrase ""lost the max profit"" rather than ""lost the max loss"" — likely a copy-paste error in the source docs, flagged as a literal-text mismatch.",2026-08-04,19cbe27358725197e9264512c8e3746e87f32eb20e5f9abf1ffd8adcb0c3c8c6
OA-1107,backtesting,Backtesting Metrics,https://docs.optionalpha.com/tools/backtesting/backtesting-metrics,Backtest stat averages are calculated per-trade by summing the metric's value across trades and dividing by the total number of trades included in the test.,Backtest stat averages are calculated on a per-trade basis by summing the value of the metric and dividing by the total number of trades included in the test.,DOCUMENTED,,2026-08-04,19cbe27358725197e9264512c8e3746e87f32eb20e5f9abf1ffd8adcb0c3c8c6
OA-1108,backtesting,Backtesting Metrics,https://docs.optionalpha.com/tools/backtesting/backtesting-metrics,"Example given: 500 positions in a backtest with total P/L of $2,000 yields an average P/L of $4.","For example, if 500 positions were included in the backtest, and the total P/L was $2,000, the average P/L would be $4.",DOCUMENTED,,2026-08-04,19cbe27358725197e9264512c8e3746e87f32eb20e5f9abf1ffd8adcb0c3c8c6
OA-1109,backtesting,Backtesting Metrics,https://docs.optionalpha.com/tools/backtesting/backtesting-metrics,The Filtered Trades view shows all trades excluded from the backtest because they did not pass an entry filter or position criteria.,View all filtered not included in the backtest because they did not pass an entry filter or position criteria.,DOCUMENTED,,2026-08-04,19cbe27358725197e9264512c8e3746e87f32eb20e5f9abf1ffd8adcb0c3c8c6
OA-1110,backtesting,Backtesting Metrics,https://docs.optionalpha.com/tools/backtesting/backtesting-metrics,"The backtester lets traders choose entry times in 5-minute increments, or set a custom entry time between 9:35 am EST and 3:55 pm EST.",Traders can select from 5-minute increments or set a custom time between 9:35 am EST and 3:55 pm EST.,DOCUMENTED,,2026-08-04,19cbe27358725197e9264512c8e3746e87f32eb20e5f9abf1ffd8adcb0c3c8c6
OA-1111,backtesting,Backtesting Metrics,https://docs.optionalpha.com/tools/backtesting/backtesting-metrics,Change % in entry filters is calculated from the previous close to the backtest entry time.,Change % is calculated from the previous close to the backtest entry time.,DOCUMENTED,,2026-08-04,19cbe27358725197e9264512c8e3746e87f32eb20e5f9abf1ffd8adcb0c3c8c6
OA-1112,backtesting,Backtesting Metrics,https://docs.optionalpha.com/tools/backtesting/backtesting-metrics,"Example given: for a 0DTE backtest with an 11:00am entry time, change % references the underlying price at 11:00am each day relative to the previous close value.","For example, if running a 0DTE backtest with an 11:00am entry time, change % will reference the underlying price at 11:00am each day relative to the previous close value.",DOCUMENTED,,2026-08-04,19cbe27358725197e9264512c8e3746e87f32eb20e5f9abf1ffd8adcb0c3c8c6
OA-1113,backtesting,Best practices,https://docs.optionalpha.com/tools/backtesting/best-practices,"SPY, QQQ, IWM, GLD, and TLT settlement time is stamped at 4:00 pm EST.",SPY/QQQ/IWM/GLD/TLT settlement time is stamped at 4:00 pm EST.,DOCUMENTED,,2026-08-04,18e5606529b85ac00453354f66fae4bb92a7218ac08e5734ad6807a5e3527331
OA-1114,backtesting,Best practices,https://docs.optionalpha.com/tools/backtesting/best-practices,"SPY, QQQ, IWM, GLD, and TLT continue trading until 4:15 pm EST even on expiration day.",SPY/QQQ/IWM/GLD/TLT trades until 4:15 pm EST even on expiration day.,DOCUMENTED,,2026-08-04,18e5606529b85ac00453354f66fae4bb92a7218ac08e5734ad6807a5e3527331
OA-1115,backtesting,Best practices,https://docs.optionalpha.com/tools/backtesting/best-practices,A long option holder can exercise their contract until 5:30 pm EST.,A long option holder can exercise their contract until 5:30 pm EST.,DOCUMENTED,,2026-08-04,18e5606529b85ac00453354f66fae4bb92a7218ac08e5734ad6807a5e3527331
OA-1116,backtesting,Best practices,https://docs.optionalpha.com/tools/backtesting/best-practices,Short options that are in-the-money at 4:00 pm EST are automatically assigned.,If your short options are ITM at 4:00 pm EST they will be auto-assigned.,DOCUMENTED,,2026-08-04,18e5606529b85ac00453354f66fae4bb92a7218ac08e5734ad6807a5e3527331
OA-1117,backtesting,Best practices,https://docs.optionalpha.com/tools/backtesting/best-practices,Long options that are in-the-money at 4:00 pm EST are automatically exercised unless a contrary assignment notice is filed.,If your long options are ITM at 4:00 pm EST they will be auto-exercised unless you file a contrary assignment notice.,DOCUMENTED,,2026-08-04,18e5606529b85ac00453354f66fae4bb92a7218ac08e5734ad6807a5e3527331
OA-1118,backtesting,Best practices,https://docs.optionalpha.com/tools/backtesting/best-practices,"An option seller collects the premium upfront and keeps it regardless of the expiration price, in exchange for taking on the contract's obligation.","As the seller of an option contract, you collect the premium upfront to take on the obligation of that contract and keep that premium regardless of the expiration price.",DOCUMENTED,,2026-08-04,18e5606529b85ac00453354f66fae4bb92a7218ac08e5734ad6807a5e3527331
OA-1119,backtesting,Best practices,https://docs.optionalpha.com/tools/backtesting/best-practices,Holding a position to expiration carries pin risk (assignment risk) even if the position expires out-of-the-money.,"If you hold until expiration, then you have risk of assignment even if it expires OTM (i.e. pin risk: see my comment here).",DOCUMENTED,,2026-08-04,18e5606529b85ac00453354f66fae4bb92a7218ac08e5734ad6807a5e3527331
OA-1120,backtesting,Best practices,https://docs.optionalpha.com/tools/backtesting/best-practices,"If the underlying closes out-of-the-money but moves past the short strikes after-hours, the trader will not know whether they will be assigned until the next morning.","If QQQ were to close OTM but QQQ moves past your short strikes after-hours, then you will not know whether you will be assigned until the next morning leaving you open to unmitigated risk.",DOCUMENTED,,2026-08-04,18e5606529b85ac00453354f66fae4bb92a7218ac08e5734ad6807a5e3527331
OA-1121,backtesting,Best practices,https://docs.optionalpha.com/tools/backtesting/best-practices,"If assigned on a short call, the trader becomes short 100 shares of stock for every contract assigned.","If you were assigned on a short call, then you would be short 100 shares for every contract assigned",DOCUMENTED,,2026-08-04,18e5606529b85ac00453354f66fae4bb92a7218ac08e5734ad6807a5e3527331
OA-1122,backtesting,Best practices,https://docs.optionalpha.com/tools/backtesting/best-practices,"After a short-call assignment, each $1 move up reduces profits by $100 per contract, e.g. 200 contracts with a $3 move up produces a $600 loss.",which in turn means that a $1 move up will reduce your profits by $100 per contract (i.e. 200 contracts with a $3 move up is a -600 loss),DOCUMENTED,,2026-08-04,18e5606529b85ac00453354f66fae4bb92a7218ac08e5734ad6807a5e3527331
OA-1123,backtesting,Best practices,https://docs.optionalpha.com/tools/backtesting/best-practices,"Loss from an assignment can exceed the max loss defined by the spread, because the long option protection no longer exists once assigned.",That loss can be greater than the max loss defined by the spread since you no longer have the long option contract as protection,DOCUMENTED,,2026-08-04,18e5606529b85ac00453354f66fae4bb92a7218ac08e5734ad6807a5e3527331
OA-1124,backtesting,Best practices,https://docs.optionalpha.com/tools/backtesting/best-practices,"A broker may close a position before 4:15pm at an order price unfavorable to the trader to reduce the broker's own risk, potentially causing a loss greater than the position's intended max risk.","They may submit an order that is not in your favor in order to reduce their risk, which could result in a loss greater than the max risk you thought you had.",DOCUMENTED,,2026-08-04,18e5606529b85ac00453354f66fae4bb92a7218ac08e5734ad6807a5e3527331
OA-1125,backtesting,Best practices,https://docs.optionalpha.com/tools/backtesting/best-practices,A broker closing a position early before 4:15pm on expiration day counts as a day trade.,"In addition, this would count as a daytrade.",DOCUMENTED,,2026-08-04,18e5606529b85ac00453354f66fae4bb92a7218ac08e5734ad6807a5e3527331
OA-1126,backtesting,Best practices,https://docs.optionalpha.com/tools/backtesting/best-practices,Option Alpha does not receive data via the API regarding assignment or a broker-sold position.,OA will not receive data via the API regarding the assignment or the sold position.,DOCUMENTED,,2026-08-04,18e5606529b85ac00453354f66fae4bb92a7218ac08e5734ad6807a5e3527331
OA-1127,backtesting,Best practices,https://docs.optionalpha.com/tools/backtesting/best-practices,"A trader's account may be assigned positions they do not have enough buying power for or are not approved to hold, such as short shares, which can trigger a margin call.","It also means that your account may be assigned positions you either do not have enough buying power for, or aren't approved to hold (i.e. short shares). This in turn means that you could have a margin call and be unable to open positions until the margin call is resolved.",DOCUMENTED,,2026-08-04,18e5606529b85ac00453354f66fae4bb92a7218ac08e5734ad6807a5e3527331
OA-1128,backtesting,Best practices,https://docs.optionalpha.com/tools/backtesting/best-practices,A trader must manually edit their closing order in OA to reflect the gain or loss resulting from an assignment or broker sale.,It also means that you will need to edit your closing order in OA to reflect the gain or loss on assignment/sale.,DOCUMENTED,,2026-08-04,18e5606529b85ac00453354f66fae4bb92a7218ac08e5734ad6807a5e3527331
OA-1129,backtesting,Best practices,https://docs.optionalpha.com/tools/backtesting/best-practices,No backtester can determine whether a long contract holder will exercise their rights after 4pm.,No backtester can determine whether a long contract holder will exercise their rights after 4pm.,DOCUMENTED,,2026-08-04,18e5606529b85ac00453354f66fae4bb92a7218ac08e5734ad6807a5e3527331
OA-1130,backtesting,Best practices,https://docs.optionalpha.com/tools/backtesting/best-practices,"Only a subset of long contract holders exercise their rights, and the OCC randomly assigns an exercised contract to a broker, which then randomly assigns it to one of its contract holders.","Only a subset of long contract holders will exercise their rights and even then the OCC will randomly assign the contract to a broker, who will randomly assign it to a contract holder.",DOCUMENTED,,2026-08-04,18e5606529b85ac00453354f66fae4bb92a7218ac08e5734ad6807a5e3527331
OA-1131,backtesting,Best practices,https://docs.optionalpha.com/tools/backtesting/best-practices,"The backtester's P/L reflects the price at 4pm, which is when settlement is stamped and bots stop running.","The PL shown in the backtester is correct in the sense that it reflects the price at 4pm, which is when the QQQ settlement time is stamped and when the bots stop running.",DOCUMENTED,,2026-08-04,18e5606529b85ac00453354f66fae4bb92a7218ac08e5734ad6807a5e3527331
OA-1132,backtesting,Best practices,https://docs.optionalpha.com/tools/backtesting/best-practices,"The backtester cannot account for the risk of assignment, which affects a trader's actual results.","However, you have a significant risk of assignment that cannot be accounted for in the backtester, which in turn affects your own specific results and how you individually may handle the assignments.",DOCUMENTED,,2026-08-04,18e5606529b85ac00453354f66fae4bb92a7218ac08e5734ad6807a5e3527331
OA-1133,backtesting,Best practices,https://docs.optionalpha.com/tools/backtesting/best-practices,"If a position closes in-the-money between the short and long strikes, the trader would be assigned and could end up better or worse off depending on overnight underlying movement.",If it closes ITM between the short and long strikes then you would be assigned and you could end up better off or worse off depending on whether QQQ moves in your favor overnight.,DOCUMENTED,,2026-08-04,18e5606529b85ac00453354f66fae4bb92a7218ac08e5734ad6807a5e3527331
OA-1134,backtesting,Best practices,https://docs.optionalpha.com/tools/backtesting/best-practices,"If a position closes in-the-money beyond the long strike, the trader would most likely end up with the max loss at expiration.","If it closes ITM beyond your long strike, then you would most likely end up with your max loss at expiration.",DOCUMENTED,,2026-08-04,18e5606529b85ac00453354f66fae4bb92a7218ac08e5734ad6807a5e3527331
OA-1135,backtesting,Best practices,https://docs.optionalpha.com/tools/backtesting/best-practices,"There is a small chance a trader could still end up buying hundreds of shares of the underlying if enough long holders file contrary assignment notices, even when the position closes beyond the long strike.","However, you could still end up buying 100s of shares of QQQ if enough long holders file contrary assignment notices (now I imagine this would be extraordinarily rare, but it is still a risk nonetheless especially if QQQ falls overnight).",DOCUMENTED,,2026-08-04,18e5606529b85ac00453354f66fae4bb92a7218ac08e5734ad6807a5e3527331
OA-1136,backtesting,Best practices,https://docs.optionalpha.com/tools/backtesting/best-practices,"How Option Alpha would calculate gain/loss on an overnight assignment is not settled, because it depends on when and how the trader actually handles the assigned stock the next day.",,DOCS-SILENT,"Does OA have any defined method for calculating gain/loss on an assigned position resolved the next day, or is this left entirely to the trader?",2026-08-04,18e5606529b85ac00453354f66fae4bb92a7218ac08e5734ad6807a5e3527331
OA-1137,backtesting,Best practices,https://docs.optionalpha.com/tools/backtesting/best-practices,The recommended way to avoid assignment risk from physically-settled tickers is to close such positions before expiration and instead use cash-settled tickers for any position held through expiration.,"Or better yet, consider closing physically-settled tickers before expiration and use cash-settled tickers for holding through expiration.",DOCUMENTED,,2026-08-04,18e5606529b85ac00453354f66fae4bb92a7218ac08e5734ad6807a5e3527331
OA-1138,backtesting,Best practices,https://docs.optionalpha.com/tools/backtesting/best-practices,"Backtesting and paper trading assume orders fill at or near the mid price (or per configured slippage settings), which is not guaranteed in a live market.","Backtesting and paper trading operate under the assumption of an order being filled, either at or near the mid price or using whatever slippage settings you may have. In a live market, there is no guarantee an order will fill, and no objective way to accurately model what may or may not happen live, so it is the trader's responsibility to assess the backtest settings and analyze the potential validity.",DOCUMENTED,,2026-08-04,18e5606529b85ac00453354f66fae4bb92a7218ac08e5734ad6807a5e3527331
OA-1139,backtesting,Best practices,https://docs.optionalpha.com/tools/backtesting/best-practices,The most common type of unrealistic backtest is the far out-of-the-money iron butterfly and similar strategies that rely on capitalizing on erratic bid/ask spread fluctuations.,"The most common unrealistic backtest is the far out-of-the-money iron butterfly, and similar strategies that essentially rely on capitalizing on erratic bid/ask spread fluctuations.",DOCUMENTED,,2026-08-04,18e5606529b85ac00453354f66fae4bb92a7218ac08e5734ad6807a5e3527331
OA-1140,backtesting,Best practices,https://docs.optionalpha.com/tools/backtesting/best-practices,This best-practices content was contributed by an Option Alpha community member rather than written as official first-party documentation.,"These articles were provided by Option Alpha Community member "" Robert DiNero"" in this post and this post.",DOCUMENTED,,2026-08-04,18e5606529b85ac00453354f66fae4bb92a7218ac08e5734ad6807a5e3527331
OA-1141,backtesting,Comparing and combining backtests,https://docs.optionalpha.com/tools/backtesting/comparing-and-combining-backtests,"The ""Comparing and combining backtests"" page contains only an embed block with a blank/empty URL and no written text content.","{% embed url="" "" %}",DOCUMENTED,,2026-08-04,bd50e9a02d41fcce64e1c90b1f3798f3bf713b9590bc9ba5ad34c80710ff777e
OA-1142,backtesting,Comparing and combining backtests,https://docs.optionalpha.com/tools/backtesting/comparing-and-combining-backtests,"The page's embed block has no populated URL, indicating the intended video or media for this page is missing or unpublished.","url="" """,DOCUMENTED,,2026-08-04,bd50e9a02d41fcce64e1c90b1f3798f3bf713b9590bc9ba5ad34c80710ff777e
OA-1143,backtesting,Comparing and combining backtests,https://docs.optionalpha.com/tools/backtesting/comparing-and-combining-backtests,The page does not explain the procedure for comparing multiple backtests against each other.,,DOCS-SILENT,what is the actual procedure/UI for comparing multiple backtests,2026-08-04,bd50e9a02d41fcce64e1c90b1f3798f3bf713b9590bc9ba5ad34c80710ff777e
OA-1144,backtesting,Comparing and combining backtests,https://docs.optionalpha.com/tools/backtesting/comparing-and-combining-backtests,The page does not explain the procedure for combining multiple backtests into a single portfolio curve.,,DOCS-SILENT,"what is the actual procedure/UI for combining backtests into one portfolio curve, and what portfolio-level metrics (if any) result",2026-08-04,bd50e9a02d41fcce64e1c90b1f3798f3bf713b9590bc9ba5ad34c80710ff777e
OA-1145,backtesting,Creating a backtest,https://docs.optionalpha.com/tools/backtesting/creating-a-backtest,"The ""Creating a backtest"" page's entire visible content is a single embedded Vimeo video tutorial, with no accompanying written instructions.","{% embed url="" https://vimeo.com/1052336755?fe=ec&fl=ls"" %}",DOCUMENTED,,2026-08-04,f27408318be989b9ff42a419959dac303db7b3ba3e4f059f81dd557819cc023f
OA-1146,backtesting,Creating a backtest,https://docs.optionalpha.com/tools/backtesting/creating-a-backtest,"The video embed URL includes query parameters ""fe=ec"" and ""fl=ls"", but the page does not explain what these Vimeo player parameters control.",https://vimeo.com/1052336755?fe=ec&fl=ls,DOCUMENTED,,2026-08-04,f27408318be989b9ff42a419959dac303db7b3ba3e4f059f81dd557819cc023f
OA-1147,backtesting,Creating a backtest,https://docs.optionalpha.com/tools/backtesting/creating-a-backtest,"The page does not provide a written, step-by-step procedure for creating a backtest; that content exists only in the linked video, which was not transcribed.",,DOCS-SILENT,what are the actual step-by-step instructions for creating a backtest (only available in the un-transcribed embedded video),2026-08-04,f27408318be989b9ff42a419959dac303db7b3ba3e4f059f81dd557819cc023f
OA-1148,backtesting,Creating a backtest,https://docs.optionalpha.com/tools/backtesting/creating-a-backtest,"The page does not state which entry/exit criteria, position settings, or technical indicators are configurable when creating a backtest.",,DOCS-SILENT,"what specific entry/exit criteria, position settings, and technical indicators are available when creating a backtest",2026-08-04,f27408318be989b9ff42a419959dac303db7b3ba3e4f059f81dd557819cc023f
OA-1149,backtesting,Top backtests,https://docs.optionalpha.com/tools/backtesting/top-backtests,"The ""Top backtests"" page returns only a title with no body content, so what OA defines as a ""top backtest"" and how the list/feature works is undocumented on this page.",,DOCS-SILENT,"Page body is empty (title only) — no content on what ""Top backtests"" is, how it is generated, ranked, or displayed.",2026-08-04,3cc91b1fe0e88d16af6c9a2bc7ca0f0de537c3ae35cda9cf22e865f561e9f103
OA-1150,finding-trades,Finding Trades,https://docs.optionalpha.com/tools/finding-trades,"The Finding Trades index page lists seven items: Scanners, Trade Ideas, 0DTE Oracle, Earnings Edge, Screener, Trade Grid, and Top Strategies.","- Scanners: Use automation to scan the market, evaluate opportunities, check technical indicators, open positions, and much more.
- Trade Ideas
- 0DTE Oracle: 0DTE Oracle is a tool that helps us find and analyze 0DTE and next day trading opportunities.
- Earnings Edge: Earnings Edges gives traders a math-based approach to find backtested opportunities based on historical price action post-earning.
- Screener: Find, filter, sort and rank all supported symbols to find trades and create custom watchlists.
- Trade Grid
- Top Strategies",DOCUMENTED,,2026-08-04,32f773ebbaeaa299b55f72fb6d92593e9f6223bc2b9e47af7649ef4c6b4441eb
OA-1151,finding-trades,Finding Trades,https://docs.optionalpha.com/tools/finding-trades,"Scanners are described as using automation to scan the market, evaluate opportunities, check technical indicators, and open positions, among other things.","Scanners: Use automation to scan the market, evaluate opportunities, check technical indicators, open positions, and much more.",DOCUMENTED,,2026-08-04,32f773ebbaeaa299b55f72fb6d92593e9f6223bc2b9e47af7649ef4c6b4441eb
OA-1152,finding-trades,Finding Trades,https://docs.optionalpha.com/tools/finding-trades,0DTE Oracle is described as a tool that helps find and analyze 0DTE and next-day trading opportunities.,0DTE Oracle: 0DTE Oracle is a tool that helps us find and analyze 0DTE and next day trading opportunities.,DOCUMENTED,,2026-08-04,32f773ebbaeaa299b55f72fb6d92593e9f6223bc2b9e47af7649ef4c6b4441eb
OA-1153,finding-trades,Finding Trades,https://docs.optionalpha.com/tools/finding-trades,Earnings Edge is described as giving traders a math-based approach to finding backtested opportunities based on historical price action following earnings.,Earnings Edge: Earnings Edges gives traders a math-based approach to find backtested opportunities based on historical price action post-earning.,DOCUMENTED,,2026-08-04,32f773ebbaeaa299b55f72fb6d92593e9f6223bc2b9e47af7649ef4c6b4441eb
OA-1154,finding-trades,Finding Trades,https://docs.optionalpha.com/tools/finding-trades,"The page has an internal naming inconsistency, referring to the same feature as both ""Earnings Edge"" (bullet label) and ""Earnings Edges"" (in the description sentence).",Earnings Edge: Earnings Edges gives traders,DOCUMENTED,,2026-08-04,32f773ebbaeaa299b55f72fb6d92593e9f6223bc2b9e47af7649ef4c6b4441eb
OA-1155,finding-trades,Finding Trades,https://docs.optionalpha.com/tools/finding-trades,"Screener is described as a tool to find, filter, sort and rank all supported symbols in order to find trades and create custom watchlists.","Screener: Find, filter, sort and rank all supported symbols to find trades and create custom watchlists.",DOCUMENTED,,2026-08-04,32f773ebbaeaa299b55f72fb6d92593e9f6223bc2b9e47af7649ef4c6b4441eb
OA-1156,finding-trades,Finding Trades,https://docs.optionalpha.com/tools/finding-trades,"Three of the seven listed Finding Trades items — Trade Ideas, Trade Grid, and Top Strategies — appear on this page as bare labels with no descriptive text, unlike the other four items.",- Trade Ideas,DOCUMENTED,,2026-08-04,32f773ebbaeaa299b55f72fb6d92593e9f6223bc2b9e47af7649ef4c6b4441eb
OA-1157,finding-trades,Finding Trades,https://docs.optionalpha.com/tools/finding-trades,The page does not describe what Trade Grid is or does anywhere in its text.,,DOCS-SILENT,"what is ""Trade Grid"" and what does it do? (listed with no description on this page)",2026-08-04,32f773ebbaeaa299b55f72fb6d92593e9f6223bc2b9e47af7649ef4c6b4441eb
OA-1158,finding-trades,Finding Trades,https://docs.optionalpha.com/tools/finding-trades,The page does not describe what Top Strategies is or does anywhere in its text.,,DOCS-SILENT,"what is ""Top Strategies"" and what does it do? (listed with no description on this page)",2026-08-04,32f773ebbaeaa299b55f72fb6d92593e9f6223bc2b9e47af7649ef4c6b4441eb
OA-1159,finding-trades,0DTE Oracle,https://docs.optionalpha.com/tools/finding-trades/0dte-oracle,0DTE Oracle is a tool for finding and analyzing 0DTE and next-day trading opportunities.,0DTE Oracle is a new tool that helps us find and analyze 0DTE and next day trading opportunities.,DOCUMENTED,,2026-08-04,7481498b37040150d9895b570b3f503e361bf740f016bd6b90dbf1b651deadd5
OA-1160,finding-trades,0DTE Oracle,https://docs.optionalpha.com/tools/finding-trades/0dte-oracle,"The tool aims to fix the fact that probabilities and expected value (EV) are less accurate for 0DTE trades, by using backtest results instead of probabilities to identify quality trades.",It aims to solve the problem of probabilities and expected value (EV) being less accurate for 0DTE trades by providing backtest results to help identify quality trades instead of relying on probabilities.,DOCUMENTED,,2026-08-04,7481498b37040150d9895b570b3f503e361bf740f016bd6b90dbf1b651deadd5
OA-1161,finding-trades,0DTE Oracle,https://docs.optionalpha.com/tools/finding-trades/0dte-oracle,Each trade's metrics are backtested against the underlying's previous 1 year of intraday minute data to model how a similar position traded daily would have performed.,Each trade's metrics are backtested against the underlying's previous 1 year of intraday minute data to see how trading a similar position daily would have performed over that time.,DOCUMENTED,,2026-08-04,7481498b37040150d9895b570b3f503e361bf740f016bd6b90dbf1b651deadd5
OA-1162,finding-trades,0DTE Oracle,https://docs.optionalpha.com/tools/finding-trades/0dte-oracle,0DTE Oracle is similar to the Trade Ideas tool in that it analyzes trades currently available in the market to produce a list of actionable trade opportunities.,"Similar to Trade Ideas, it analyzes the trades currently available in the market to produce a list of actionable trade opportunities.",DOCUMENTED,,2026-08-04,7481498b37040150d9895b570b3f503e361bf740f016bd6b90dbf1b651deadd5
OA-1163,finding-trades,0DTE Oracle,https://docs.optionalpha.com/tools/finding-trades/0dte-oracle,0DTE Oracle lets users quickly choose between 0DTE and next-day trades ranked by backtest results.,Quickly choose between 0DTE and next day trades ranked by backrest results,DOCUMENTED,,2026-08-04,7481498b37040150d9895b570b3f503e361bf740f016bd6b90dbf1b651deadd5
OA-1164,finding-trades,0DTE Oracle,https://docs.optionalpha.com/tools/finding-trades/0dte-oracle,"The tool lets users view and rank many different leg combinations at a glance, with the time-consuming analysis already done in advance.",Time consuming analysis done in advance - including the ability view and rank many different leg combinations at a glance,DOCUMENTED,,2026-08-04,7481498b37040150d9895b570b3f503e361bf740f016bd6b90dbf1b651deadd5
OA-1165,finding-trades,0DTE Oracle,https://docs.optionalpha.com/tools/finding-trades/0dte-oracle,New positions become available every day based on time of day and current market opportunities.,New positions available every day based on time of day and current market opportunities,DOCUMENTED,,2026-08-04,7481498b37040150d9895b570b3f503e361bf740f016bd6b90dbf1b651deadd5
OA-1166,finding-trades,0DTE Oracle,https://docs.optionalpha.com/tools/finding-trades/0dte-oracle,"SPX is available in 0DTE Oracle with cash settlement, which avoids assignment risk and gets favorable tax treatment.",SPX available with cash settlement to avoid assignments and favorable tax treatment,DOCUMENTED,,2026-08-04,7481498b37040150d9895b570b3f503e361bf740f016bd6b90dbf1b651deadd5
OA-1167,finding-trades,0DTE Oracle,https://docs.optionalpha.com/tools/finding-trades/0dte-oracle,Users can run custom backtests to see how positions would perform under specific market conditions.,Run custom backtests to see how positions perform in specific market conditions,DOCUMENTED,,2026-08-04,7481498b37040150d9895b570b3f503e361bf740f016bd6b90dbf1b651deadd5
OA-1168,finding-trades,0DTE Oracle,https://docs.optionalpha.com/tools/finding-trades/0dte-oracle,OA believes probabilities for shorter-duration trades (0DTE/next-day) are less accurate than for longer-duration trades because the time component of the Black-Scholes model used to calculate them is too short.,We believe this is because the time component of the Black-Sholes model used to calculate the probabilities is too short.,DOCUMENTED,,2026-08-04,7481498b37040150d9895b570b3f503e361bf740f016bd6b90dbf1b651deadd5
OA-1169,finding-trades,0DTE Oracle,https://docs.optionalpha.com/tools/finding-trades/0dte-oracle,"Inaccurate probabilities also degrade metrics that depend on them, such as expected value (EV) and alpha.","The inaccuracy of probabilities causes other metrics that depend on it, e.g. expected value (EV) and alpha, to be less accurate as well.",DOCUMENTED,,2026-08-04,7481498b37040150d9895b570b3f503e361bf740f016bd6b90dbf1b651deadd5
OA-1170,finding-trades,0DTE Oracle,https://docs.optionalpha.com/tools/finding-trades/0dte-oracle,Earnings Edge previously solved a similar accuracy problem for earnings reports by backtesting currently available market trades across the previous 5 years of earnings reports.,"A recent addition to the platform, Earnings Edge, solved a similar issue for earnings reports by backtesting the trades currently available in the market across the previous 5 years of earnings reports.",DOCUMENTED,,2026-08-04,7481498b37040150d9895b570b3f503e361bf740f016bd6b90dbf1b651deadd5
OA-1171,finding-trades,0DTE Oracle,https://docs.optionalpha.com/tools/finding-trades/0dte-oracle,"0DTE Oracle simulates holding the position, opened at the same time of day with the exact same metrics, to expiration, using the prior 1 year of intraday minute pricing data.","It analyzes the 0DTE trades currently available in the market and backtests them against the previous 1 year of intraday minute pricing data to see what would have happened if you traded this position every day, with the exact same metrics, at this time of day, and held to expiration.",DOCUMENTED,,2026-08-04,7481498b37040150d9895b570b3f503e361bf740f016bd6b90dbf1b651deadd5
OA-1172,finding-trades,0DTE Oracle,https://docs.optionalpha.com/tools/finding-trades/0dte-oracle,Custom backtests in 0DTE Oracle can use up to 3 years of minute data and apply entry conditions and filters.,You can also run custom backtests on up to 3 years of minute data and apply entry conditions and filters to see how it would have performed under custom market conditions.,DOCUMENTED,,2026-08-04,7481498b37040150d9895b570b3f503e361bf740f016bd6b90dbf1b651deadd5
OA-1173,finding-trades,0DTE Oracle,https://docs.optionalpha.com/tools/finding-trades/0dte-oracle,"Different position entry metrics such as OTM%, spread width, max loss, and max profit change the backtest results.","Different position entry metrics (OTM %, spread width, max loss, max profit, etc) alter backtest results",DOCUMENTED,,2026-08-04,7481498b37040150d9895b570b3f503e361bf740f016bd6b90dbf1b651deadd5
OA-1174,finding-trades,0DTE Oracle,https://docs.optionalpha.com/tools/finding-trades/0dte-oracle,Available position metrics differ each trading day and must be retested daily.,Each day the available position metrics are different and need to be retested,DOCUMENTED,,2026-08-04,7481498b37040150d9895b570b3f503e361bf740f016bd6b90dbf1b651deadd5
OA-1175,finding-trades,0DTE Oracle,https://docs.optionalpha.com/tools/finding-trades/0dte-oracle,Time of day changes the available position metrics and therefore changes backtest results.,Time of day alters available position metrics and changes backtest results,DOCUMENTED,,2026-08-04,7481498b37040150d9895b570b3f503e361bf740f016bd6b90dbf1b651deadd5
OA-1176,finding-trades,0DTE Oracle,https://docs.optionalpha.com/tools/finding-trades/0dte-oracle,"0DTE Oracle scans every available position from at-the-money (ATM) out to 3% out-of-the-money (OTM), in 0.1% increments.",Look up every available position from at-the-money (ATM) to 3% out-the-money (OTM) in 0.1% increments,DOCUMENTED,,2026-08-04,7481498b37040150d9895b570b3f503e361bf740f016bd6b90dbf1b651deadd5
OA-1177,finding-trades,0DTE Oracle,https://docs.optionalpha.com/tools/finding-trades/0dte-oracle,"For SPX, the spread widths scanned by 0DTE Oracle are $5, $10, $15, $20, and $25.","with each possible spread width ($5, $10, $15, $20, $25 for SPX and $0.50, $1, $2, $2.50, $5 for SPY, XSP and QQQ) from 9:31AM to 3:55PM EST",DOCUMENTED,,2026-08-04,7481498b37040150d9895b570b3f503e361bf740f016bd6b90dbf1b651deadd5
OA-1178,finding-trades,0DTE Oracle,https://docs.optionalpha.com/tools/finding-trades/0dte-oracle,"For SPY, XSP, and QQQ, the spread widths scanned by 0DTE Oracle are $0.50, $1, $2, $2.50, and $5.","$0.50, $1, $2, $2.50, $5 for SPY, XSP and QQQ",DOCUMENTED,,2026-08-04,7481498b37040150d9895b570b3f503e361bf740f016bd6b90dbf1b651deadd5
OA-1179,finding-trades,0DTE Oracle,https://docs.optionalpha.com/tools/finding-trades/0dte-oracle,The position scan covers the trading window from 9:31 AM to 3:55 PM EST.,from 9:31AM to 3:55PM EST,DOCUMENTED,,2026-08-04,7481498b37040150d9895b570b3f503e361bf740f016bd6b90dbf1b651deadd5
OA-1180,finding-trades,0DTE Oracle,https://docs.optionalpha.com/tools/finding-trades/0dte-oracle,"Legs are simulated at the same OTM% plus spread width without rounding, so the exact current metrics are tested consistently.",Legs are simulated at the same OTM % + spread width without rounding to test the current metrics consistently,DOCUMENTED,,2026-08-04,7481498b37040150d9895b570b3f503e361bf740f016bd6b90dbf1b651deadd5
OA-1181,finding-trades,0DTE Oracle,https://docs.optionalpha.com/tools/finding-trades/0dte-oracle,"This approach differs from backtesters based on a predetermined entry strategy, which test strike prices at varying OTM% and alternate historical premium/risk values, yielding different position metrics for each historical trade.",This is different from backtesters based on a predetermined position entry strategy which test strike prices at varying OTM % and alternate premium and risk values available in the past - which produces completely different position metrics for each trade in the backtest.,DOCUMENTED,,2026-08-04,7481498b37040150d9895b570b3f503e361bf740f016bd6b90dbf1b651deadd5
OA-1182,finding-trades,0DTE Oracle,https://docs.optionalpha.com/tools/finding-trades/0dte-oracle,"OA states the metrics at the time of position entry (reward/risk, OTM%, spread width, max loss, max profit) are the most important factor for favorable trading opportunities, which is why they chose to backtest today's exact metrics against historical price data.","We believe the metrics at the time of position entry (reward/risk, OTM %, spread width, max loss, max profit, etc) are THE most important part of getting into favorable trading opportunities so we decided to backtest the exact metrics available today against historical underlying price data instead of looking up completely different position metrics from the past.",DOCUMENTED,,2026-08-04,7481498b37040150d9895b570b3f503e361bf740f016bd6b90dbf1b651deadd5
OA-1183,finding-trades,0DTE Oracle,https://docs.optionalpha.com/tools/finding-trades/0dte-oracle,The example backtest shown in the docs is for a 0DTE SPX Iron Butterfly opened at 12:26pm.,Here is an example of backtest results for a 0DTE SPX Iron Butterfly opened at 12:26pm:,DOCUMENTED,,2026-08-04,7481498b37040150d9895b570b3f503e361bf740f016bd6b90dbf1b651deadd5
OA-1184,finding-trades,0DTE Oracle,https://docs.optionalpha.com/tools/finding-trades/0dte-oracle,"Custom backtests can filter the days on which positions are opened based on market conditions, underlying metrics, technical indicators, FOMC events, and day of week.","Custom backtests allow you to filter the days the backtest opens positions based on market conditions, underlying metrics, technical indicators, FOMC events and day of week.",DOCUMENTED,,2026-08-04,7481498b37040150d9895b570b3f503e361bf740f016bd6b90dbf1b651deadd5
OA-1185,finding-trades,0DTE Oracle,https://docs.optionalpha.com/tools/finding-trades/0dte-oracle,"For underlying-metric/technical-indicator filters, the custom backtest UI shows the current value and lets the user specify an allowed range (example given: RSI currently 66, range set to 60-90).","For underlying metrics and technical indicators, the current value is displayed and you can specify a range to allow. For example, if RSI is currently 66 you can elect to allow a range of 60-90.",DOCUMENTED,,2026-08-04,7481498b37040150d9895b570b3f503e361bf740f016bd6b90dbf1b651deadd5
OA-1186,finding-trades,0DTE Oracle,https://docs.optionalpha.com/tools/finding-trades/0dte-oracle,The page does not state which OA subscription plan/tier is required to access 0DTE Oracle.,,DOCS-SILENT,what subscription tier or plan is required to access 0DTE Oracle is not stated,2026-08-04,7481498b37040150d9895b570b3f503e361bf740f016bd6b90dbf1b651deadd5
OA-1187,finding-trades,0DTE Oracle,https://docs.optionalpha.com/tools/finding-trades/0dte-oracle,"The page does not state whether 0DTE Oracle supports symbols beyond SPX, SPY, XSP, and QQQ.",,DOCS-SILENT,"whether any underlyings besides SPX, SPY, XSP, and QQQ are supported by 0DTE Oracle is not stated",2026-08-04,7481498b37040150d9895b570b3f503e361bf740f016bd6b90dbf1b651deadd5
OA-1188,finding-trades,Earnings Edge,https://docs.optionalpha.com/tools/finding-trades/earnings-edge,Earnings announcements provide a cyclical opportunity to take advantage of inflated volatility.,Earnings announcements give us a cyclical opportunity to take advantage of inflated volatility.,DOCUMENTED,,2026-08-04,06e049212c87b711a56c9b1954af9a87226acd86c048bf1226ea9deab02fcb47
OA-1189,finding-trades,Earnings Edge,https://docs.optionalpha.com/tools/finding-trades/earnings-edge,"Finding a trade with good mathematical metrics around earnings is challenging because probabilities, EV, and alpha are not accurate across earnings reports.","However, finding a trade with good mathematical metrics is challenging since probabilities, EV and alpha are not accurate across earnings reports.",DOCUMENTED,,2026-08-04,06e049212c87b711a56c9b1954af9a87226acd86c048bf1226ea9deab02fcb47
OA-1190,finding-trades,Earnings Edge,https://docs.optionalpha.com/tools/finding-trades/earnings-edge,The earnings backtester (Earnings Edge) was created to allow a calculated decision instead of guessing on earnings trades.,The earnings backtester was created to help solve this problem and provide us with a way to make a calculated decision instead of guessing.,DOCUMENTED,,2026-08-04,06e049212c87b711a56c9b1954af9a87226acd86c048bf1226ea9deab02fcb47
OA-1191,finding-trades,Earnings Edge,https://docs.optionalpha.com/tools/finding-trades/earnings-edge,The earnings backtester analyzes the selected trade's metrics across the previous 5 years of earnings reports.,"The earnings backtester analyzes the selected trade's metrics across the previous 5 years of earnings reports, using the out-the-money percentage of the position's strike prices (OTM%), the credit or debit, the spread width, and/or the max loss.",DOCUMENTED,,2026-08-04,06e049212c87b711a56c9b1954af9a87226acd86c048bf1226ea9deab02fcb47
OA-1192,finding-trades,Earnings Edge,https://docs.optionalpha.com/tools/finding-trades/earnings-edge,"The metrics the earnings backtester matches to the current trade are OTM% of the strike prices, credit or debit, spread width, and/or max loss.","using the out-the-money percentage of the position's strike prices (OTM%), the credit or debit, the spread width, and/or the max loss",DOCUMENTED,,2026-08-04,06e049212c87b711a56c9b1954af9a87226acd86c048bf1226ea9deab02fcb47
OA-1193,finding-trades,Earnings Edge,https://docs.optionalpha.com/tools/finding-trades/earnings-edge,The backtester simulates opening a position with the same metrics right before each earnings report.,The backtester simulates opening a position with the same metrics right before each earnings report and holding it until the next end-of-week (EOW) expiration.,DOCUMENTED,,2026-08-04,06e049212c87b711a56c9b1954af9a87226acd86c048bf1226ea9deab02fcb47
OA-1194,finding-trades,Earnings Edge,https://docs.optionalpha.com/tools/finding-trades/earnings-edge,The simulated position is held until the next end-of-week (EOW) expiration after the earnings report.,holding it until the next end-of-week (EOW) expiration,DOCUMENTED,,2026-08-04,06e049212c87b711a56c9b1954af9a87226acd86c048bf1226ea9deab02fcb47
OA-1195,finding-trades,Earnings Edge,https://docs.optionalpha.com/tools/finding-trades/earnings-edge,Each position's earnings backtest displays key data drawn from the previous 20 earnings reports.,"Each position's backtest displays key data from the previous 20 earnings reports, including the win rate, average return, and best win.",DOCUMENTED,,2026-08-04,06e049212c87b711a56c9b1954af9a87226acd86c048bf1226ea9deab02fcb47
OA-1196,finding-trades,Earnings Edge,https://docs.optionalpha.com/tools/finding-trades/earnings-edge,"The earnings backtest display includes win rate, average return, and best win.","including the win rate, average return, and best win",DOCUMENTED,,2026-08-04,06e049212c87b711a56c9b1954af9a87226acd86c048bf1226ea9deab02fcb47
OA-1197,finding-trades,Earnings Edge,https://docs.optionalpha.com/tools/finding-trades/earnings-edge,The P/L and ROR for each simulated earnings-backtest position are calculated based on the symbol's closing price at the EOW expiration.,The P/L and ROR for each simulated position is calculated based on the symbol's closing price at the EOW expiration.,DOCUMENTED,,2026-08-04,06e049212c87b711a56c9b1954af9a87226acd86c048bf1226ea9deab02fcb47
OA-1198,finding-trades,Earnings Edge,https://docs.optionalpha.com/tools/finding-trades/earnings-edge,Example given: a short call spread 3% OTM with a $1 spread width would be simulated across every one of the past 5 years' earnings reports using that same opening credit and max loss.,"For example, if a short call spread with a strike price 3% OTM and a $1 spread width is selected, then the backtester will simulate opening a short call spread with a strike price 3% OTM and a $1 spread width across each of the earnings reports in the past 5 years with the same opening credit and max loss.",DOCUMENTED,,2026-08-04,06e049212c87b711a56c9b1954af9a87226acd86c048bf1226ea9deab02fcb47
OA-1199,finding-trades,Earnings Edge,https://docs.optionalpha.com/tools/finding-trades/earnings-edge,"Users can visualize backtested earnings trades to see how the selected strategy performed historically, as well as the stock's price move post-earnings.","We can visualize the backtested earnings trades to see exactly how the selected strategy performed in the past, as well as the stock's price move post-earnings.",DOCUMENTED,,2026-08-04,06e049212c87b711a56c9b1954af9a87226acd86c048bf1226ea9deab02fcb47
OA-1200,finding-trades,Earnings Edge,https://docs.optionalpha.com/tools/finding-trades/earnings-edge,"To backtest any trade that crosses an earnings report, the user selects the position on the ""New Position"" screen and clicks the ""Backtest"" button that appears in the top right.","To backtest any trade that crosses an earnings report, select the position in the “New Position” screen and then click the “Backtest” button that appears in the top right.",DOCUMENTED,,2026-08-04,06e049212c87b711a56c9b1954af9a87226acd86c048bf1226ea9deab02fcb47
OA-1201,finding-trades,Earnings Edge,https://docs.optionalpha.com/tools/finding-trades/earnings-edge,The page does not state which underlyings/symbols the earnings backtester supports.,,DOCS-SILENT,which symbols/underlyings the earnings backtester covers is not stated,2026-08-04,06e049212c87b711a56c9b1954af9a87226acd86c048bf1226ea9deab02fcb47
OA-1202,finding-trades,Earnings Edge,https://docs.optionalpha.com/tools/finding-trades/earnings-edge,"The page does not define what counts as a ""quality"" or acceptable trade from the backtest output (no explicit pass/fail threshold on win rate or average return).",,DOCS-SILENT,no stated threshold or rule for what backtest win rate/average return qualifies a trade as acceptable,2026-08-04,06e049212c87b711a56c9b1954af9a87226acd86c048bf1226ea9deab02fcb47
OA-1203,finding-trades,Scanners,https://docs.optionalpha.com/tools/finding-trades/scanners,Scanner automations typically begin with a symbol loop.,Scanner automations typically begin with a [symbol loop](/tools/bots/loops.md),DOCUMENTED,,2026-08-04,f4e262d1e637b1eb448262f16cb8e2213ea46f6314e53078365e9d61c76cbf01
OA-1204,finding-trades,Scanners,https://docs.optionalpha.com/tools/finding-trades/scanners,"After the symbol loop, a scanner automation typically continues with a subsequent list of one or more decisions.","and a subsequent list of one or more [decisions](/tools/bots/decision-actions.md), ending with an 'Open Position' action.",DOCUMENTED,,2026-08-04,f4e262d1e637b1eb448262f16cb8e2213ea46f6314e53078365e9d61c76cbf01
OA-1205,finding-trades,Scanners,https://docs.optionalpha.com/tools/finding-trades/scanners,A typical scanner automation ends with an 'Open Position' action.,ending with an 'Open Position' action.,DOCUMENTED,,2026-08-04,f4e262d1e637b1eb448262f16cb8e2213ea46f6314e53078365e9d61c76cbf01
OA-1206,finding-trades,Scanners,https://docs.optionalpha.com/tools/finding-trades/scanners,The page's example scanner evaluates the market and opens either a bullish or a bearish credit spread depending on current conditions.,Here is an example of a scanner that evaluates the market and opens a bullish or bearish credit spread depending on the current conditions:,DOCUMENTED,,2026-08-04,f4e262d1e637b1eb448262f16cb8e2213ea46f6314e53078365e9d61c76cbf01
OA-1207,finding-trades,Scanners,https://docs.optionalpha.com/tools/finding-trades/scanners,"The 'Open Position' action in a scanner includes the position's symbol, expiration, strike prices, and position sizing.","The 'Open Position' action includes all the position's details, including the symbol, expiration, strike prices, position sizing, [SmartPricing](/tools/bots/smartpricing.md) settings, [Exit Options](/tools/managing-positions/exit-options.md), and any [tags](/tools/bots/tags.md) you may want automatically applied to the position that is opened.",DOCUMENTED,,2026-08-04,f4e262d1e637b1eb448262f16cb8e2213ea46f6314e53078365e9d61c76cbf01
OA-1208,finding-trades,Scanners,https://docs.optionalpha.com/tools/finding-trades/scanners,"The 'Open Position' action in a scanner also includes SmartPricing settings, Exit Options, and any tags to be automatically applied to the opened position.","[SmartPricing](/tools/bots/smartpricing.md) settings, [Exit Options](/tools/managing-positions/exit-options.md), and any [tags](/tools/bots/tags.md) you may want automatically applied to the position that is opened.",DOCUMENTED,,2026-08-04,f4e262d1e637b1eb448262f16cb8e2213ea46f6314e53078365e9d61c76cbf01
OA-1209,finding-trades,Scanners,https://docs.optionalpha.com/tools/finding-trades/scanners,A scanner can define one or more entry criteria.,We can also define one or more entry criteria:,DOCUMENTED,,2026-08-04,f4e262d1e637b1eb448262f16cb8e2213ea46f6314e53078365e9d61c76cbf01
OA-1210,finding-trades,Scanners,https://docs.optionalpha.com/tools/finding-trades/scanners,"A scanner can also define position criteria that set minimum and maximum values for specific variables, and the bot filters out trades that don't meet those criteria.","As well as position criteria to set minimum and maximum values for specific variables, which the bot will filter out if your criteria aren't met:",DOCUMENTED,,2026-08-04,f4e262d1e637b1eb448262f16cb8e2213ea46f6314e53078365e9d61c76cbf01
OA-1211,finding-trades,Scanners,https://docs.optionalpha.com/tools/finding-trades/scanners,"The page's embed and screenshot placeholders (example scanner image, entry criteria image, position criteria image) render as blank in the fetched text, so their visual content is not available from the text extraction.","{% embed url="" "" %}",DOCS-SILENT,"what do the example scanner, entry criteria, and position criteria screenshots actually show (images not present in text extraction)?",2026-08-04,f4e262d1e637b1eb448262f16cb8e2213ea46f6314e53078365e9d61c76cbf01
OA-1212,finding-trades,Screener,https://docs.optionalpha.com/tools/finding-trades/screener,"The Screener documentation page's body consists only of the title heading and an embed block with a blank URL, with no descriptive text about the tool.","{% embed url="" "" %}",DOCUMENTED,,2026-08-04,a931e298cf4c71bf167d002bd181716e5b04dc20a0adedbe8c1fbaf2f7739fef
OA-1213,finding-trades,Screener,https://docs.optionalpha.com/tools/finding-trades/screener,"The page does not explain what the Screener tool is, what it does, or how to use it.",,DOCS-SILENT,"no description of the Screener tool's purpose, filters, or usage exists on this page",2026-08-04,a931e298cf4c71bf167d002bd181716e5b04dc20a0adedbe8c1fbaf2f7739fef
OA-1214,finding-trades,Top Strategies,https://docs.optionalpha.com/tools/finding-trades/top-strategies,"The Top Strategies documentation page contains only the title heading ""Top Strategies"" with no body text at all.",# Top Strategies,DOCUMENTED,,2026-08-04,ce3d97e84a28470dfaedda794fa0f903e1b1ad2c95f71151edee9be7e14a5594
OA-1215,finding-trades,Top Strategies,https://docs.optionalpha.com/tools/finding-trades/top-strategies,"The page does not explain what ""Top Strategies"" is, what it shows, or how it is used.",,DOCS-SILENT,no description of the Top Strategies tool/feature's purpose or usage exists on this page,2026-08-04,ce3d97e84a28470dfaedda794fa0f903e1b1ad2c95f71151edee9be7e14a5594
OA-1216,finding-trades,Trade Grid,https://docs.optionalpha.com/tools/finding-trades/trade-grid,"The Trade Grid documentation page contains only the title heading ""Trade Grid"" with no body text at all.",# Trade Grid,DOCUMENTED,,2026-08-04,fbca4f7c3cd918573c8c708e4498bec545b0896407de707b713c9be0dfbd426a
OA-1217,finding-trades,Trade Grid,https://docs.optionalpha.com/tools/finding-trades/trade-grid,"The page does not explain what the Trade Grid tool is, what it displays, or how to use it.",,DOCS-SILENT,no description of the Trade Grid tool's purpose or usage exists on this page,2026-08-04,fbca4f7c3cd918573c8c708e4498bec545b0896407de707b713c9be0dfbd426a
OA-1218,finding-trades,Trade Ideas,https://docs.optionalpha.com/tools/finding-trades/trade-ideas,"Trade Ideas ranks spreads for profitability using only a subset of all optionable symbols available to trade at Option Alpha, not every optionable symbol.",Trade Ideas ranks spreads for profitability from a subset of all optionable symbols available to trade at Option Alpha (see the full list of Trade Ideas symbols [here](https://docs.optionalpha.com/platform-1/supported-ticker-symbols)).,DOCUMENTED,,2026-08-04,375744afa15e407e6b223c90ef88fe3a963fa393c662a1a98ac85d134c653d97
OA-1219,finding-trades,Trade Ideas,https://docs.optionalpha.com/tools/finding-trades/trade-ideas,"The symbols eligible for Trade Ideas are selected each day based on ranking factors including liquidity, signal quality indicators like overall spread width, and outlier filtering.","The symbols are selected each day based on ranking factors like liquidity, signal quality indicators like overall spread width, and outlier filtering.",DOCUMENTED,,2026-08-04,375744afa15e407e6b223c90ef88fe3a963fa393c662a1a98ac85d134c653d97
OA-1220,finding-trades,Trade Ideas,https://docs.optionalpha.com/tools/finding-trades/trade-ideas,The Trade Ideas backend scans continuously during market hours defined as 9:35am to 3:55pm.,The Trade Ideas backend scans continuously during market hours (9:35am - 3:55pm) and finds trade ideas in 3 ways:,DOCUMENTED,,2026-08-04,375744afa15e407e6b223c90ef88fe3a963fa393c662a1a98ac85d134c653d97
OA-1221,finding-trades,Trade Ideas,https://docs.optionalpha.com/tools/finding-trades/trade-ideas,"One of the three ways Trade Ideas finds opportunities is by analyzing historical returns of thousands of position setups (by underlying symbol, leg deltas, days to expiration, etc.) and comparing current market data for top-performing setups using Reward/Risk, EV, and Alpha.","1. It analyzes the returns of thousands of position setups used by all of us (underlying symbol, leg deltas, days to expiration, etc) and loads the current market data for the top performing position setups and compares them looking for opportunities using Reward/Risk, EV (expected value) and Alpha (EV / Max Loss).",DOCUMENTED,,2026-08-04,375744afa15e407e6b223c90ef88fe3a963fa393c662a1a98ac85d134c653d97
OA-1222,finding-trades,Trade Ideas,https://docs.optionalpha.com/tools/finding-trades/trade-ideas,"A second way Trade Ideas finds opportunities is by examining every option series expiring in 45 days or less that falls on a Friday, and matching every possible leg combination at 13 specific delta values.","2. It examines every option series expiring in 45 days or less that falls on a Friday and matches up every possible combination of legs at various delta values (.50, .45, .425, .40, .375, .35, .325, .30, .275, .25, .20, .15, .10) looking for opportunities.",DOCUMENTED,,2026-08-04,375744afa15e407e6b223c90ef88fe3a963fa393c662a1a98ac85d134c653d97
OA-1223,finding-trades,Trade Ideas,https://docs.optionalpha.com/tools/finding-trades/trade-ideas,"The 13 delta values used in the second Trade Ideas discovery method are .50, .45, .425, .40, .375, .35, .325, .30, .275, .25, .20, .15, and .10.","(.50, .45, .425, .40, .375, .35, .325, .30, .275, .25, .20, .15, .10)",DOCUMENTED,,2026-08-04,375744afa15e407e6b223c90ef88fe3a963fa393c662a1a98ac85d134c653d97
OA-1224,finding-trades,Trade Ideas,https://docs.optionalpha.com/tools/finding-trades/trade-ideas,A third way Trade Ideas finds opportunities is by examining all current open positions in the platform.,3. It examines all current open positions in the platform looking for opportunities.,DOCUMENTED,,2026-08-04,375744afa15e407e6b223c90ef88fe3a963fa393c662a1a98ac85d134c653d97
OA-1225,finding-trades,Trade Ideas,https://docs.optionalpha.com/tools/finding-trades/trade-ideas,Every leg combination analyzed for a given underlying's option chain increases Trade Ideas' overall count of trades analyzed.,Each combination of legs represents a tradable opportunity that is evaluated for suitability and inclusion in the Trade Ideas list. Every trade analyzed increases the overall count.,DOCUMENTED,,2026-08-04,375744afa15e407e6b223c90ef88fe3a963fa393c662a1a98ac85d134c653d97
OA-1226,finding-trades,Trade Ideas,https://docs.optionalpha.com/tools/finding-trades/trade-ideas,"A Trade Idea quote is considered stale after approximately 1 minute, at which point it is discarded and the evaluation process starts over.","After \~1 minute a Trade Idea quote is considered stale. It is discarded and the process starts over again, reevaluating all possible combinations.",DOCUMENTED,,2026-08-04,375744afa15e407e6b223c90ef88fe3a963fa393c662a1a98ac85d134c653d97
OA-1227,finding-trades,Trade Ideas,https://docs.optionalpha.com/tools/finding-trades/trade-ideas,Option Alpha offers two primary types of Trade Idea Actions: Multi-Symbol Actions and Single Symbol and Strategy Actions.,Option Alpha offers two primary types of Trade Idea Actions:,DOCUMENTED,,2026-08-04,375744afa15e407e6b223c90ef88fe3a963fa393c662a1a98ac85d134c653d97
OA-1228,finding-trades,Trade Ideas,https://docs.optionalpha.com/tools/finding-trades/trade-ideas,Multi-Symbol Trade Idea Actions have a built-in symbol loop and consist of two actions: Find Credit Spread and Find Debit Spread.,"* Multi-Symbol Actions: These actions incorporate a built-in symbol loop, allowing you to search for credit or debit spreads across multiple symbols and strategies.
 * Find Credit Spread
 * Find Debit Spread",DOCUMENTED,,2026-08-04,375744afa15e407e6b223c90ef88fe3a963fa393c662a1a98ac85d134c653d97
OA-1229,finding-trades,Trade Ideas,https://docs.optionalpha.com/tools/finding-trades/trade-ideas,Single Symbol and Strategy Trade Idea Actions are available for every strategy except Long Equity.,"* Single Symbol and Strategy Actions: These actions are specific to a particular symbol and trading strategy, providing focused trade discovery. Actions are available for all strategies except Long Equity.",DOCUMENTED,,2026-08-04,375744afa15e407e6b223c90ef88fe3a963fa393c662a1a98ac85d134c653d97
OA-1230,finding-trades,Trade Ideas,https://docs.optionalpha.com/tools/finding-trades/trade-ideas,EV (Expected Value) represents the expected average dollar profit per contract of a trade if that trade were made consistently over a long period of time.,EV represents the expected average $ profit per contact of a trade if you were to make that trade consistently over a long period of time.,DOCUMENTED,,2026-08-04,375744afa15e407e6b223c90ef88fe3a963fa393c662a1a98ac85d134c653d97
OA-1231,finding-trades,Trade Ideas,https://docs.optionalpha.com/tools/finding-trades/trade-ideas,"To calculate EV as accurately as possible, Option Alpha computes the probability and associated payoff for every profit/loss scenario between the strike prices in $0.01 increments.","To ensure we have the most accurate EV possible, we calculate the probability and associated payoff **for every profit/loss scenario between the strike prices** in $0.01 increments**.**",DOCUMENTED,,2026-08-04,375744afa15e407e6b223c90ef88fe3a963fa393c662a1a98ac85d134c653d97
OA-1232,finding-trades,Trade Ideas,https://docs.optionalpha.com/tools/finding-trades/trade-ideas,Alpha is defined as EV divided by Max Loss.,*Alpha = EV / Max Loss*,DOCUMENTED,,2026-08-04,375744afa15e407e6b223c90ef88fe3a963fa393c662a1a98ac85d134c653d97
OA-1233,finding-trades,Trade Ideas,https://docs.optionalpha.com/tools/finding-trades/trade-ideas,"Alpha represents the expected average percent return on risk per trade if that trade were made consistently over a long period of time, normalizing EV so trades with different risk levels can be compared.",Alpha represents the expected average % return on risk per trade if you were to make that trade consistently over a long period of time. Many times higher EV also means higher $ risk making it difficult to compare multiple positions using EV alone without additional math. Alpha solves this by normalizing EV into a return on risk % which can be used to compare the expected outcomes of positions with different risk profiles.,DOCUMENTED,,2026-08-04,375744afa15e407e6b223c90ef88fe3a963fa393c662a1a98ac85d134c653d97
OA-1234,finding-trades,Trade Ideas,https://docs.optionalpha.com/tools/finding-trades/trade-ideas,"The page's worked example shows a $5-EV/$50-max-loss position and a $25-EV/$250-max-loss position both equal 10% Alpha, illustrating that Alpha normalizes EV for comparison across differing risk sizes.","For example, #1 position with $5 EV and $50 max loss vs #2 position with EV $25 and $250 max loss. Is #2 with $25 EV better? Both are equal since you can open quantity 5 of #1 to get the same $25 EV with the same $250 at risk. Alpha normalizes both trades into the same value ($5 / $50 = 10%) and ($25 / $250 = 10%) for sorting and comparison.",DOCUMENTED,,2026-08-04,375744afa15e407e6b223c90ef88fe3a963fa393c662a1a98ac85d134c653d97
OA-1235,finding-trades,Trade Ideas,https://docs.optionalpha.com/tools/finding-trades/trade-ideas,"Reward/Risk % is defined as Max Profit divided by Max Loss, and measures potential return against potential loss.","Measures the potential return of an investment against its potential loss. Typically, the higher the reward/risk, the lower probability of max profit.

*Reward/Risk % = Max Profit / Max Loss*",DOCUMENTED,,2026-08-04,375744afa15e407e6b223c90ef88fe3a963fa393c662a1a98ac85d134c653d97
OA-1236,finding-trades,Trade Ideas,https://docs.optionalpha.com/tools/finding-trades/trade-ideas,"Typically, a higher reward/risk ratio corresponds to a lower probability of achieving max profit.","Typically, the higher the reward/risk, the lower probability of max profit.",DOCUMENTED,,2026-08-04,375744afa15e407e6b223c90ef88fe3a963fa393c662a1a98ac85d134c653d97
OA-1237,finding-trades,Trade Ideas,https://docs.optionalpha.com/tools/finding-trades/trade-ideas,"Trade Ideas can be filtered using eight filter types: Watchlist, Symbols, Strategy type, Symbol type, High IV, Days until expiration, Avoid earnings, and Probabilities.","* **Watchlist** - Focus on your favorite tickers only. You can add and remove tickers in your Watchlist at any time.
* **Symbols** - Include or exclude symbols to customize your search to specific tickers.
* **Strategy type** - Filter for bullish short put spreads, bearish short call spreads, and neutral iron condors.
* **Symbol type** - Filter for ETFs only. The default setting displays all stocks and ETFs available for autotrading.
* **High IV** - Select the High IV filter to see symbols with an IV Rank above 50.
* **Days until expiration** - Refine your search for multiple target DTE timeframes.
* **Avoid earnings** - Automatically filter any trade to avoid or target earnings.",DOCUMENTED,,2026-08-04,375744afa15e407e6b223c90ef88fe3a963fa393c662a1a98ac85d134c653d97
OA-1238,finding-trades,Trade Ideas,https://docs.optionalpha.com/tools/finding-trades/trade-ideas,"The Strategy type filter on Trade Ideas only offers three options: bullish short put spreads, bearish short call spreads, and neutral iron condors, despite Trade Ideas supporting other strategies elsewhere on the page (e.g. debit spreads).","**Strategy type** - Filter for bullish short put spreads, bearish short call spreads, and neutral iron condors.",DOCUMENTED,,2026-08-04,375744afa15e407e6b223c90ef88fe3a963fa393c662a1a98ac85d134c653d97
OA-1239,finding-trades,Trade Ideas,https://docs.optionalpha.com/tools/finding-trades/trade-ideas,"The Symbol type filter, when the High IV option is not used, only lets a user filter to ETFs only; by default it displays all stocks and ETFs available for autotrading.",**Symbol type** - Filter for ETFs only. The default setting displays all stocks and ETFs available for autotrading.,DOCUMENTED,,2026-08-04,375744afa15e407e6b223c90ef88fe3a963fa393c662a1a98ac85d134c653d97
OA-1240,finding-trades,Trade Ideas,https://docs.optionalpha.com/tools/finding-trades/trade-ideas,The High IV filter shows symbols whose IV Rank is above 50.,**High IV** - Select the High IV filter to see symbols with an IV Rank above 50.,DOCUMENTED,,2026-08-04,375744afa15e407e6b223c90ef88fe3a963fa393c662a1a98ac85d134c653d97
OA-1241,finding-trades,Trade Ideas,https://docs.optionalpha.com/tools/finding-trades/trade-ideas,"The Avoid earnings filter excludes any position whose expiration is after an earnings announcement date, illustrated by a TSLA example where earnings in 9 days means positions with more than 9 DTE are filtered out and positions with fewer than 9 DTE are shown.","""Avoid earnings"" will filter any positions that have an earnings announcement between today and position expiration to minimize risk exposure. Example: TSLA reports earnings in 9 days. Positions with more than 9 days to expiration will have an earnings announcement while holding the position (more risk). Positions with less than 9 days do not cross an earnings announcement, so they are displayed.",DOCUMENTED,,2026-08-04,375744afa15e407e6b223c90ef88fe3a963fa393c662a1a98ac85d134c653d97
OA-1242,finding-trades,Trade Ideas,https://docs.optionalpha.com/tools/finding-trades/trade-ideas,"The Probabilities filter lets a user filter trades by percentile ranges of POP, PMP, and PML, one or more ranges per column.","**Probabilities** - Filter trades using their probability of profit (POP), probability of max profit (PMP), and probability of max loss (PML). Select from one or more percentile ranges in each column.",DOCUMENTED,,2026-08-04,375744afa15e407e6b223c90ef88fe3a963fa393c662a1a98ac85d134c653d97
OA-1243,finding-trades,Trade Ideas,https://docs.optionalpha.com/tools/finding-trades/trade-ideas,"Trade Ideas lists thirteen sortable columns: Position, Leg/Delta, DTE, Max profit, Max loss, Reward/Risk, POP, PMP, PML, Alpha, IV Rank, Earnings, and Traders.","* **Position** - You can always click on a ticker to see more information about the ticker symbol.
* **Leg/Delta** - See the strike price and live delta of the trading opportunity.
* **DTE** - Sort trades by their days until expiration. Hover your mouse over the DTE to see the position's expiration date.",DOCUMENTED,,2026-08-04,375744afa15e407e6b223c90ef88fe3a963fa393c662a1a98ac85d134c653d97
OA-1244,finding-trades,Trade Ideas,https://docs.optionalpha.com/tools/finding-trades/trade-ideas,"All Trade Ideas columns can be sorted in either direction (highest-to-lowest or lowest-to-highest), and the underlying data updates every minute, so pricing and probabilities can change rapidly.",All columns can be sorted by reverse order (highest to lowest or lowest to highest). Note that all data is updated every minute. Pricing and probabilities can change rapidly.,DOCUMENTED,,2026-08-04,375744afa15e407e6b223c90ef88fe3a963fa393c662a1a98ac85d134c653d97
OA-1245,finding-trades,Trade Ideas,https://docs.optionalpha.com/tools/finding-trades/trade-ideas,"Max profit in the Trade Ideas table represents the original credit received, based on the underlying symbol expiring out-of-the-money.","**Max profit** - To know how much you can make on a trade, sort trades by the highest potential profit. Max profit represents the original credit received and is based on the underlying symbol expiring out-of-the-money.",DOCUMENTED,,2026-08-04,375744afa15e407e6b223c90ef88fe3a963fa393c662a1a98ac85d134c653d97
OA-1246,finding-trades,Trade Ideas,https://docs.optionalpha.com/tools/finding-trades/trade-ideas,"Max loss in the Trade Ideas table represents the spread width minus the original credit received, with probabilities based on the underlying's price at expiration.","**Max loss** - If knowing how much you can lose on a trade is more important, sort trades by their max loss potential. Max loss represents the spread width minus the original credit received. All probabilities are based on the underlying's price at expiration.",DOCUMENTED,,2026-08-04,375744afa15e407e6b223c90ef88fe3a963fa393c662a1a98ac85d134c653d97
OA-1247,finding-trades,Trade Ideas,https://docs.optionalpha.com/tools/finding-trades/trade-ideas,"The page's worked Reward/Risk example is a $6-wide credit spread with $150 max profit and $450 max loss, giving a 33% reward/risk, described as risking $450 to make $150.","Reward/risk is calculated by dividing the max profit by the max loss. For example, a $6 wide credit spread with a $150 max profit and a $450 max loss has a reward/risk of 33%. The trade is risking $450 to make $150.",DOCUMENTED,,2026-08-04,375744afa15e407e6b223c90ef88fe3a963fa393c662a1a98ac85d134c653d97
OA-1248,finding-trades,Trade Ideas,https://docs.optionalpha.com/tools/finding-trades/trade-ideas,"Probability of profit (POP) is calculated based on the trade's breakeven price(s) at trade entry, assuming the position is held until expiration, with values above 50% shaded green and below 50% shaded red.",**Probability of profit (POP)** - Probability of profit is the % chance the trade will make money. The probability of profit is automatically calculated based on the trade's break-even price(s). Probabilities above 50% are shaded green and probabilities below 50% are shaded red. Probabilities are calculated at trade entry assuming the position is held until expiration.,DOCUMENTED,,2026-08-04,375744afa15e407e6b223c90ef88fe3a963fa393c662a1a98ac85d134c653d97
OA-1249,finding-trades,Trade Ideas,https://docs.optionalpha.com/tools/finding-trades/trade-ideas,"Probability of max profit (PMP) is the chance that all options in the position expire out-of-the-money, calculated at trade entry assuming the position is held until expiration.",**Probability of max profit (PMP)** - Probability of max profit is the % chance the trade will realize the full profit. The probability of max profit calculates the chance that all options will expire out-of-the-money. Probabilities are calculated at trade entry assuming the position is held until expiration.,DOCUMENTED,,2026-08-04,375744afa15e407e6b223c90ef88fe3a963fa393c662a1a98ac85d134c653d97
OA-1250,finding-trades,Trade Ideas,https://docs.optionalpha.com/tools/finding-trades/trade-ideas,"Probability of max loss (PML) is the chance that a spread expires in-the-money, calculated at trade entry assuming the position is held until expiration.",**Probability of max loss (PML)** - Probability of max loss is the % chance the trade realizes a full loss. The probability of max loss calculates the chance that a spread will expire in-the-money. Probabilities are calculated at trade entry assuming the position is held until expiration.,DOCUMENTED,,2026-08-04,375744afa15e407e6b223c90ef88fe3a963fa393c662a1a98ac85d134c653d97
OA-1251,finding-trades,Trade Ideas,https://docs.optionalpha.com/tools/finding-trades/trade-ideas,"Option Alpha describes the Alpha ranking column as a proprietary calculation that it continues to monitor and tweak, and has not yet published the final formula for.",**Alpha** - A proprietary calculation to help rank opportunities. We continue to monitor and tweak the calculation and may share details once we have a final formula.,DOCUMENTED,,2026-08-04,375744afa15e407e6b223c90ef88fe3a963fa393c662a1a98ac85d134c653d97
OA-1252,finding-trades,Trade Ideas,https://docs.optionalpha.com/tools/finding-trades/trade-ideas,The exact current Alpha formula is not disclosed on this page; the page only states that it is proprietary and subject to change.,,DOCS-SILENT,"what is the current exact Alpha formula/weighting, given the page says it is still being tweaked and not fully published?",2026-08-04,375744afa15e407e6b223c90ef88fe3a963fa393c662a1a98ac85d134c653d97
OA-1253,finding-trades,Trade Ideas,https://docs.optionalpha.com/tools/finding-trades/trade-ideas,"The Earnings sort column ranks trades by upcoming earnings date, shading the days-until-earnings figure red, and shows via hover how long after earnings the position would expire.",**Earnings** - Rank trades by when earnings are to be announced next. Easily compare DTE to the next earnings date. Days until the earnings announcement is shaded red. Hover your mouse over the red box to see how long after earnings the position expires.,DOCUMENTED,,2026-08-04,375744afa15e407e6b223c90ef88fe3a963fa393c662a1a98ac85d134c653d97
OA-1254,finding-trades,Trade Ideas,https://docs.optionalpha.com/tools/finding-trades/trade-ideas,The Traders column shows how many Option Alpha traders are currently trading that particular position.,**Traders** - This shows how many Option Alpha traders are currently trading that particular position.,DOCUMENTED,,2026-08-04,375744afa15e407e6b223c90ef88fe3a963fa393c662a1a98ac85d134c653d97
OA-1255,finding-trades,Trade Ideas,https://docs.optionalpha.com/tools/finding-trades/trade-ideas,"Selecting a Trade Idea position opens the New Position screen, which shows symbol, strategy type, expiration, and option legs, all editable, with pricing and probabilities updating immediately using real-time live market data when inputs are changed.","Select your position to see the trade's details. The New Position screen displays all your trade's information, including the symbol, strategy type, expiration, and option legs. You can always edit any of the variables on this page. Note that changing the inputs will alter pricing and probabilities. All new information is immediately displayed using real-time live market data.",DOCUMENTED,,2026-08-04,375744afa15e407e6b223c90ef88fe3a963fa393c662a1a98ac85d134c653d97
OA-1256,finding-trades,Trade Ideas,https://docs.optionalpha.com/tools/finding-trades/trade-ideas,"On the order confirmation screen, the Final Price is the minimum acceptable price when selling or the maximum price when buying, and defaults to displaying 100% of the bid-ask spread.",The Final Price is the price for the final order placed by SmartPricing. It is the minimum price when selling or the maximum price when buying. The default price displayed is 100% of the bid-ask spread.,DOCUMENTED,,2026-08-04,375744afa15e407e6b223c90ef88fe3a963fa393c662a1a98ac85d134c653d97
OA-1257,finding-trades,Trade Ideas,https://docs.optionalpha.com/tools/finding-trades/trade-ideas,"The Trade Ideas order screen offers five SmartPricing settings: Normal, Fast, Patient, Off, and Market.",You can select from five SmartPricing settings:,DOCUMENTED,,2026-08-04,375744afa15e407e6b223c90ef88fe3a963fa393c662a1a98ac85d134c653d97
OA-1258,finding-trades,Trade Ideas,https://docs.optionalpha.com/tools/finding-trades/trade-ideas,"The Normal SmartPricing setting tries up to 4 prices, spending 10 seconds at each price.","* **Normal** - tries up to 4 prices, 10 seconds each.",DOCUMENTED,,2026-08-04,375744afa15e407e6b223c90ef88fe3a963fa393c662a1a98ac85d134c653d97
OA-1259,finding-trades,Trade Ideas,https://docs.optionalpha.com/tools/finding-trades/trade-ideas,"The Fast SmartPricing setting tries up to 3 prices, spending 5 seconds at each price.","* **Fast** - tries up to 3 prices, 5 seconds each.",DOCUMENTED,,2026-08-04,375744afa15e407e6b223c90ef88fe3a963fa393c662a1a98ac85d134c653d97
OA-1260,finding-trades,Trade Ideas,https://docs.optionalpha.com/tools/finding-trades/trade-ideas,"The Patient SmartPricing setting tries up to 5 prices, spending 20 seconds at each price.","* **Patient** - tries up to 5 prices, 20 seconds each.",DOCUMENTED,,2026-08-04,375744afa15e407e6b223c90ef88fe3a963fa393c662a1a98ac85d134c653d97
OA-1261,finding-trades,Trade Ideas,https://docs.optionalpha.com/tools/finding-trades/trade-ideas,The Off SmartPricing setting turns SmartPricing off entirely and submits a single limit order instead.,* **Off** - turn off SmartPricing and submit a single limit order.,DOCUMENTED,,2026-08-04,375744afa15e407e6b223c90ef88fe3a963fa393c662a1a98ac85d134c653d97
OA-1262,finding-trades,Trade Ideas,https://docs.optionalpha.com/tools/finding-trades/trade-ideas,The Market SmartPricing setting sends the order as a Market Order.,* **Market** - send a Market Order.,DOCUMENTED,,2026-08-04,375744afa15e407e6b223c90ef88fe3a963fa393c662a1a98ac85d134c653d97
OA-1263,finding-trades,Trade Ideas,https://docs.optionalpha.com/tools/finding-trades/trade-ideas,"On Trade Ideas, if the final order is not filled it is automatically canceled after two minutes.",The final order is automatically canceled after two minutes if it is not filled.,DOCUMENTED,,2026-08-04,375744afa15e407e6b223c90ef88fe3a963fa393c662a1a98ac85d134c653d97
OA-1264,finding-trades,Trade Ideas,https://docs.optionalpha.com/tools/finding-trades/trade-ideas,"All positions opened from Trade Ideas must be assigned to a bot, either an existing one or a new one created via a '+' icon.",All positions must be assigned to a bot. You can select an existing bot or create a new bot by clicking the '+' icon.,DOCUMENTED,,2026-08-04,375744afa15e407e6b223c90ef88fe3a963fa393c662a1a98ac85d134c653d97
OA-1265,finding-trades,Trade Ideas,https://docs.optionalpha.com/tools/finding-trades/trade-ideas,"When placing a Trade Ideas trade, the user can choose a paper trading bot or a live bot connected to a broker, and clicking 'Place Trade' on a live bot sends the order to the broker immediately.",Choose a paper trading bot or a live bot connected to your broker. Live bots will send an order to your broker to execute the trade in your account immediately after clicking 'Place Trade.',DOCUMENTED,,2026-08-04,375744afa15e407e6b223c90ef88fe3a963fa393c662a1a98ac85d134c653d97
OA-1266,finding-trades,Trade Ideas,https://docs.optionalpha.com/tools/finding-trades/trade-ideas,"Trade Ideas positions can be pre-set with ""1-minute Exit Options"" covering profit target, stop loss, and expiration/earnings filters before the trade is placed.","Pre-set your position's management with 1-minute Exit Options. Define your profit target, stop loss, and expiration/earnings filters.",DOCUMENTED,,2026-08-04,375744afa15e407e6b223c90ef88fe3a963fa393c662a1a98ac85d134c653d97
OA-1267,finding-trades,Trade Ideas,https://docs.optionalpha.com/tools/finding-trades/trade-ideas,Option Alpha has published multiple Research Insights blog posts comparing pre-trade EV and Alpha values to realized P/L results for Trade Ideas positions.,We have published multiple [Research Insights blogs](https://optionalpha.com/category/research-insights) to analyze how pre-trade EV and Alpha values compare to realized P/L results using Trade Ideas positions.,DOCUMENTED,,2026-08-04,375744afa15e407e6b223c90ef88fe3a963fa393c662a1a98ac85d134c653d97
OA-1268,finding-trades,Trade Ideas,https://docs.optionalpha.com/tools/finding-trades/trade-ideas,The page does not state what happens to a Trade Ideas order if it partially fills before the two-minute automatic-cancel window elapses.,,DOCS-SILENT,what happens to a Trade Ideas order that partially fills before the 2-minute auto-cancel deadline?,2026-08-04,375744afa15e407e6b223c90ef88fe3a963fa393c662a1a98ac85d134c653d97
OA-1269,getting-started,Welcome,https://docs.optionalpha.com/welcome-to-option-alpha,The Welcome page states its documentation resources are tailored for both traders new to trading who need in-depth guides and automation-savvy users with technical questions.,"We've tailored all our resources to help traders like you. Whether you're new to trading and need in-depth guides or you're an automation pro and have a technical question, we've got everything you need right here.",DOCUMENTED,,2026-08-04,d49eef0d7decd29cc5eb2049a741e80c7a3de191fced462dfdc46af2ad169e69
OA-1270,getting-started,Welcome,https://docs.optionalpha.com/welcome-to-option-alpha,The Welcome page advertises a 30-day free trial for people who do not yet have an Option Alpha account.,Don't have an Option Alpha account yet? Start your 30-day FREE trial: Start Free Trial,DOCUMENTED,,2026-08-04,d49eef0d7decd29cc5eb2049a741e80c7a3de191fced462dfdc46af2ad169e69
OA-1271,getting-started,Welcome,https://docs.optionalpha.com/welcome-to-option-alpha,"The Welcome page presents an index table of 10 documentation topic areas -- Intro to Option Alpha, Getting Started, Bots, Finding Trades, Backtesting, Managing Positions, Clone Bot Templates, Platform Tech Docs, Calculations, and Platform Indicators -- each linked via an internal gitbook page id rather than a docs.optionalpha.com slug.","| | | Cover image |
| --- | --- | --- |
| Intro to Option Alpha | /pages/-MYjly5YRDdSz4VbXAX7 | /files/ZDB7lugn3g0yJ1fqKXzW |
| Getting Started | /pages/iDYKKjmdHZQNk1wYxTWI | /files/StvZ4uf35PTXnKPBZIXG |
| Bots | /pages/0JeRFq9mGOAGo7g1gF73 | /files/4LiwyQU9HlEXZcvzsqxr |
| Finding Trades | /pages/rdrw2rL1z6YSFUd3aMVj | /files/iPa39m5jJMPLCubtMpRk |
| Backtesting | /pages/RQIvCerjsaW1z1rSGTgs | /files/7kX70Scyj3vRcU1hzeDv |
| Managing Positions | /pages/ztujiQCefFSSNDCTrIkn | /files/9rTdDAL5OwYmdglgaPH1 |
| Clone Bot Templates | /pages/TpdUACM1d10l9CGBIFzc | /files/fKScd2WFePIwXY4EDiHA |
| Platform Tech Docs | /pages/Kol1CSGVYkxeJZEUpiI6 | /files/ec1yC1mSqRLgna0PPO0D |
| Calculations | /pages/AvZvUNuTTkoFxcf9mILN | /files/gjyIKS40dwsnphQs0Cx2 |
| Platform Indicators | /pages/dFlf08h653hDfFra05RX | /files/f6eVASn3L2qOBckyAu3k |",DOCUMENTED,,2026-08-04,d49eef0d7decd29cc5eb2049a741e80c7a3de191fced462dfdc46af2ad169e69
OA-1272,getting-started,Welcome,https://docs.optionalpha.com/welcome-to-option-alpha,"The page does not state what happens at the end of the 30-day free trial (e.g. pricing, whether payment info is required, or what is lost if a user does not subscribe).",,DOCS-SILENT,"what happens after the 30-day free trial ends (cost, card requirement, downgrade behavior) is not stated on this page",2026-08-04,d49eef0d7decd29cc5eb2049a741e80c7a3de191fced462dfdc46af2ad169e69
OA-1273,indicators,Indicators,https://docs.optionalpha.com/technical-documentation/indicators,The indicators used by the bots are supplied entirely by the open-source TA-Lib library.,"The indicators used by the bots are supplied wholly by the vetted open-source library, TA-Lib.",DOCUMENTED,,2026-08-04,84fe769687eedea5fc4202578884140d0b3df1c5c3ff8f4ecfa293ee559e0848
OA-1274,indicators,Indicators,https://docs.optionalpha.com/technical-documentation/indicators,All function definitions and inputs for the indicators are available in TA-Lib's downloadable source code.,"For the curious, all function definitions and inputs are available in the downloadable source code.",DOCUMENTED,,2026-08-04,84fe769687eedea5fc4202578884140d0b3df1c5c3ff8f4ecfa293ee559e0848
OA-1275,indicators,Indicators,https://docs.optionalpha.com/technical-documentation/indicators,Indicator definitions on Option Alpha may differ slightly from brokerage platform interpretations because brokers don't provide their source code while Option Alpha does.,The definitions for each indicator may differ slightly from their interpretation in some brokerage platforms. The difference is brokers don't provide the source code - we do.,DOCUMENTED,,2026-08-04,84fe769687eedea5fc4202578884140d0b3df1c5c3ff8f4ecfa293ee559e0848
OA-1276,indicators,Indicators,https://docs.optionalpha.com/technical-documentation/indicators,"All historical daily indicators in the auto trading platform are cached pre-market based on yesterday's close, making each indicator a true N-day indicator.","All historical daily indicators in the auto trading platform are cached pre-market based on yesterday's close, which makes an indicator a true N-day indicator.",DOCUMENTED,,2026-08-04,84fe769687eedea5fc4202578884140d0b3df1c5c3ff8f4ecfa293ee559e0848
OA-1277,indicators,Indicators,https://docs.optionalpha.com/technical-documentation/indicators,The autotrading platform's indicators are based on a Daily (D) time frame.,The autotrading platform's indicators are based on a Daily (D) time frame.,DOCUMENTED,,2026-08-04,84fe769687eedea5fc4202578884140d0b3df1c5c3ff8f4ecfa293ee559e0848
OA-1278,indicators,Indicators,https://docs.optionalpha.com/technical-documentation/indicators,The intraday option on a daily indicator shifts all indicator bars forward and uses the current market price instead of the most recent close as the final daily bar.,"The intraday option on the daily indicator shifts all indicator bars forward, and instead of using the most recent close as the final daily bar, it uses the current market price.",DOCUMENTED,,2026-08-04,84fe769687eedea5fc4202578884140d0b3df1c5c3ff8f4ecfa293ee559e0848
OA-1279,indicators,Indicators,https://docs.optionalpha.com/technical-documentation/indicators,The intraday indicator interpretation is more in line with how a brokerage might display values on its platform.,This interpretation is more in-line with how a brokerage might display values on its platform.,DOCUMENTED,,2026-08-04,84fe769687eedea5fc4202578884140d0b3df1c5c3ff8f4ecfa293ee559e0848
OA-1280,indicators,Indicators,https://docs.optionalpha.com/technical-documentation/indicators,"For an example RSI(30) using the intraday option, the indicator would use 29 days (N-1) of end-of-day prices plus an intraday price for the 30th (Nth) value at the time the automation runs.","Example: RSI(30) would use the 29 days (N-1) of EOD (end of day) prices, and the 30th value (Nth) would be the intraday price at the time the automation is run.",DOCUMENTED,,2026-08-04,84fe769687eedea5fc4202578884140d0b3df1c5c3ff8f4ecfa293ee559e0848
OA-1281,indicators,Indicators,https://docs.optionalpha.com/technical-documentation/indicators,"A true intraday indicator would be plotted using an aggregation period, or time-series, of less than 1 day and use a lookback function to match the time series.","In contrast, a true intraday indicator would be plotted using an aggregation period, or time-series, of less than 1 day and use a lookback function to match the time series.",DOCUMENTED,,2026-08-04,84fe769687eedea5fc4202578884140d0b3df1c5c3ff8f4ecfa293ee559e0848
OA-1282,indicators,Indicators,https://docs.optionalpha.com/technical-documentation/indicators,A 30-period RSI plotted on a 15-minute chart would have its lookback include the last 30 fifteen-minute bars.,"Example: If you plotted a 30 period RSI on a 15-minute chart, your lookback would include the last 30, 15-minute bars.",DOCUMENTED,,2026-08-04,84fe769687eedea5fc4202578884140d0b3df1c5c3ff8f4ecfa293ee559e0848
OA-1283,indicators,Indicators,https://docs.optionalpha.com/technical-documentation/indicators,"Implied Volatility (IV) is the parameter component of an option pricing model, such as the Black-Scholes model, that gives the market price of an option.","Implied Volatility (IV) is the parameter component of an option pricing model, such as the Black-Scholes model, which gives the market price of an option.",DOCUMENTED,,2026-08-04,84fe769687eedea5fc4202578884140d0b3df1c5c3ff8f4ecfa293ee559e0848
OA-1284,indicators,Indicators,https://docs.optionalpha.com/technical-documentation/indicators,IV Rank describes how implied volatility relates to where it has been over the past year (52 weeks) via a formula relating current IV to the year's IV high and low.,IV Rank is describing how the IV relates to where it has been over the past year (52 weeks) by the formula:,DOCUMENTED,,2026-08-04,84fe769687eedea5fc4202578884140d0b3df1c5c3ff8f4ecfa293ee559e0848
OA-1285,indicators,Indicators,https://docs.optionalpha.com/technical-documentation/indicators,The IV Rank formula is given in the page as iv_r = (iv - iv_low(year)) / (iv_high(year) - iv_low(year)).,,DOCUMENTED,QUOTE UNVERIFIED - LaTeX/math block formatting risk,2026-08-04,84fe769687eedea5fc4202578884140d0b3df1c5c3ff8f4ecfa293ee559e0848
OA-1286,indicators,Indicators,https://docs.optionalpha.com/technical-documentation/indicators,IV Rank for each security is calculated every morning and cached for use by the bots throughout the day.,The IV Rank of each security is calculated every morning and cached for use by the bots throughout the day.,DOCUMENTED,,2026-08-04,84fe769687eedea5fc4202578884140d0b3df1c5c3ff8f4ecfa293ee559e0848
OA-1287,indicators,Indicators,https://docs.optionalpha.com/technical-documentation/indicators,"IV Rank data is supplied directly by Option Alpha's data provider, not calculated in-house from raw prices.",This data is supplied directly by our data provider.,DOCUMENTED,,2026-08-04,84fe769687eedea5fc4202578884140d0b3df1c5c3ff8f4ecfa293ee559e0848
OA-1288,indicators,Indicators,https://docs.optionalpha.com/technical-documentation/indicators,Implied Volatility used in the platform is derived using the analytical formulas of the Black-Scholes model.,Implied Volatility is derived using the analytical formulas of the Black-Scholes model.,DOCUMENTED,,2026-08-04,84fe769687eedea5fc4202578884140d0b3df1c5c3ff8f4ecfa293ee559e0848
OA-1289,indicators,Indicators,https://docs.optionalpha.com/technical-documentation/indicators,Model-free price and implied rates are used as an input parameter to the Black-Scholes model for deriving IV.,Model-free price and implied rates are used as an input parameter to the model.,DOCUMENTED,,2026-08-04,84fe769687eedea5fc4202578884140d0b3df1c5c3ff8f4ecfa293ee559e0848
OA-1290,indicators,Indicators,https://docs.optionalpha.com/technical-documentation/indicators,The IVR number produced by the autotrading platform is provided directly by the data provider and may vary from a user's brokerage platform because the brokerage makes its own proprietary calculations.,The IVR number produced by the autotrading platform is provided directly by the data provider and may vary from your brokerage platform. This is due to the brokerage making its own proprietary calculations.,DOCUMENTED,,2026-08-04,84fe769687eedea5fc4202578884140d0b3df1c5c3ff8f4ecfa293ee559e0848
OA-1291,indicators,Indicators,https://docs.optionalpha.com/technical-documentation/indicators,The IVR calculation is comprised of only 3 data points.,"Although the IVR calculation is only comprised of 3 data points, you may notice variance between the reported IVR values by the bots, values reported by brokers, or values reported by other volatility sources.",DOCUMENTED,,2026-08-04,84fe769687eedea5fc4202578884140d0b3df1c5c3ff8f4ecfa293ee559e0848
OA-1292,indicators,Indicators,https://docs.optionalpha.com/technical-documentation/indicators,Implied volatility is not directly observable and is a derived metric usually calculated using a closed-form options pricing model.,"Recall that implied volatility is not directly observable, and is, therefore, a derived metric usually calculated using a closed-form options pricing model.",DOCUMENTED,,2026-08-04,84fe769687eedea5fc4202578884140d0b3df1c5c3ff8f4ecfa293ee559e0848
OA-1293,indicators,Indicators,https://docs.optionalpha.com/technical-documentation/indicators,"The page lists several pricing model types traders might use to derive IV, including BSM, Binomial, Trinomial, finite difference, Monte-Carlo, and ""model-free"" methods.","There are many pricing models to choose from BSM, Binomial, Trinomial, finite difference, Monte-Carlo, or even the ultra-academic ""model-free"" methods.",DOCUMENTED,,2026-08-04,84fe769687eedea5fc4202578884140d0b3df1c5c3ff8f4ecfa293ee559e0848
OA-1294,indicators,Indicators,https://docs.optionalpha.com/technical-documentation/indicators,Volatility sources rarely state which pricing model is being used in their IV calculation.,Volatility sources rarely state which model is being used in the calculation.,DOCUMENTED,,2026-08-04,84fe769687eedea5fc4202578884140d0b3df1c5c3ff8f4ecfa293ee559e0848
OA-1295,indicators,Indicators,https://docs.optionalpha.com/technical-documentation/indicators,The primary reason IVR calculations differ across sources is where the high and low IV over the last 52 weeks (252 trading days) is placed.,"The primary reason for the difference in calculations is where those black box IV calculations place the high and low IV over the last 52 weeks, or 252 trading days.",DOCUMENTED,,2026-08-04,84fe769687eedea5fc4202578884140d0b3df1c5c3ff8f4ecfa293ee559e0848
OA-1296,indicators,Indicators,https://docs.optionalpha.com/technical-documentation/indicators,"The IVR reported by Option Alpha's bots uses the high/low implied volatility from the set of all instantaneous IV tracked over the last 252 trading days, considering all intraday recorded IV rather than just daily closes.","The IVR reported by the bots uses the high/low implied volatility from the set of all instantaneous IV tracked over the last 252 trading days. In other words, all intraday recorded IV is considered, which yields a much more accurate value for IVR.",DOCUMENTED,,2026-08-04,84fe769687eedea5fc4202578884140d0b3df1c5c3ff8f4ecfa293ee559e0848
OA-1297,indicators,Indicators,https://docs.optionalpha.com/technical-documentation/indicators,"Other IVR sources may instead use only the daily closing IV value over 252 trading days to determine the high and low, or may use daily/weekly averages.","In contrast, other sources may use only the daily closing IV value over 252 trading days, then determine the high and low from that data set. It is also possible other sources are using the daily average, the high/low weekly average over 52 weeks, etc.",DOCUMENTED,,2026-08-04,84fe769687eedea5fc4202578884140d0b3df1c5c3ff8f4ecfa293ee559e0848
OA-1298,indicators,Indicators,https://docs.optionalpha.com/technical-documentation/indicators,It is very difficult to compare IVR across sources unless both the pricing model and the method of high/low determination used by each source are known.,"Unless both the pricing model and the method of high/low determination are known, it is very difficult to compare IVR from different sources.",DOCUMENTED,,2026-08-04,84fe769687eedea5fc4202578884140d0b3df1c5c3ff8f4ecfa293ee559e0848
OA-1299,indicators,Indicators,https://docs.optionalpha.com/technical-documentation/indicators,The VIX metric on the platform compares the current real-time reading of the VIX to a referenced value.,This compares the current real-time reading of the VIX to the referenced value.,DOCUMENTED,,2026-08-04,84fe769687eedea5fc4202578884140d0b3df1c5c3ff8f4ecfa293ee559e0848
OA-1300,indicators,Indicators,https://docs.optionalpha.com/technical-documentation/indicators,The VIX is described as a real-time market index representing the market's expectations for volatility over the coming 30 days.,The VIX is a real-time market index representing the market’s expectations for volatility over the coming 30 days.,DOCUMENTED,,2026-08-04,84fe769687eedea5fc4202578884140d0b3df1c5c3ff8f4ecfa293ee559e0848
OA-1301,indicators,Indicators,https://docs.optionalpha.com/technical-documentation/indicators,The CBOE VIX index is a benchmark index calculating expected future volatility based on put and call option pricing in the S&P 500 index (SPX options).,The CBOE VIX index is a benchmark index where expected future volatility is calculated based on put and call option pricing in the S&P 500 index (SPX options).,DOCUMENTED,,2026-08-04,84fe769687eedea5fc4202578884140d0b3df1c5c3ff8f4ecfa293ee559e0848
OA-1302,indicators,Indicators,https://docs.optionalpha.com/technical-documentation/indicators,The VIX index is described as a 30-day representation of volatility expectations for the S&P 500.,The VIX index is a 30-day representation of volatility expectations for the S&P 500.,DOCUMENTED,,2026-08-04,84fe769687eedea5fc4202578884140d0b3df1c5c3ff8f4ecfa293ee559e0848
OA-1303,indicators,Indicators,https://docs.optionalpha.com/technical-documentation/indicators,"The page includes a ""More Information on VIX"" reference line with no accompanying hyperlink in the fetched markdown, leaving it unclear where that additional information points.",,DOCS-SILENT,"""More Information on VIX"" text appears without a markdown link/URL - destination unknown",2026-08-04,84fe769687eedea5fc4202578884140d0b3df1c5c3ff8f4ecfa293ee559e0848
OA-1304,indicators,Indicators,https://docs.optionalpha.com/technical-documentation/indicators,Volume is not a cached N-day indicator; it is measured in real-time on a daily basis and displayed as the current day's cumulative volume.,Volume is not a cached N-day indicator and is measured in real-time on a daily basis and displayed as the current day's cumulative volume.,DOCUMENTED,,2026-08-04,84fe769687eedea5fc4202578884140d0b3df1c5c3ff8f4ecfa293ee559e0848
OA-1305,indicators,Indicators,https://docs.optionalpha.com/technical-documentation/indicators,The cumulative volume value builds throughout the day as more shares or contracts are traded.,This cumulative volume will build throughout the day as more shares or contracts are traded.,DOCUMENTED,,2026-08-04,84fe769687eedea5fc4202578884140d0b3df1c5c3ff8f4ecfa293ee559e0848
OA-1306,indicators,Indicators,https://docs.optionalpha.com/technical-documentation/indicators,The Std Dev indicator uses the generic standard deviation formula comprised of closing values for the last n days.,"The standard deviation formula is the generic mathematical formula in standard usage, comprised of closing values for the last n days.",DOCUMENTED,,2026-08-04,84fe769687eedea5fc4202578884140d0b3df1c5c3ff8f4ecfa293ee559e0848
OA-1307,indicators,Indicators,https://docs.optionalpha.com/technical-documentation/indicators,1 standard deviation on the platform is equivalent to the 30-day standard deviation of the underlying's price.,1 standard deviation on our platform is equivalent to the 30-day standard deviation of the underlying's price.,DOCUMENTED,,2026-08-04,84fe769687eedea5fc4202578884140d0b3df1c5c3ff8f4ecfa293ee559e0848
OA-1308,indicators,Indicators,https://docs.optionalpha.com/technical-documentation/indicators,"Standard Deviation can be used as part of a bot decision recipe, for example comparing whether a symbol's price increased by a number of standard deviations since a prior date.",Standard Deviation can be used as part of the decision recipe for [Symbol] price [increased] [2 std devs] since [1 day ago],DOCUMENTED,,2026-08-04,84fe769687eedea5fc4202578884140d0b3df1c5c3ff8f4ecfa293ee559e0848
OA-1309,indicators,Indicators,https://docs.optionalpha.com/technical-documentation/indicators,"A std-dev-based decision compares the price difference between two dates to the 30-day standard deviation (sd30), with an example answer read as ""The price move during the period in question encompassed the equivalent of 1.00 standard deviations.""","This decision is asking the following question, what is the 30-day std dev on the underlying? How does the price difference between dates X and Y compare to the sd30? The answer is read as, ""The price move during the period in question encompassed the equivalent of 1.00 standard deviations""",DOCUMENTED,,2026-08-04,84fe769687eedea5fc4202578884140d0b3df1c5c3ff8f4ecfa293ee559e0848
OA-1310,indicators,Indicators,https://docs.optionalpha.com/technical-documentation/indicators,"Technical indicators found in the Screener and automation decisions offer default technical signals for Buy, Sell, or Neutral states.","The technical indicators found in the Screener and automation decisions offer default technical signals for Buy, Sell, or Neutral states.",DOCUMENTED,,2026-08-04,84fe769687eedea5fc4202578884140d0b3df1c5c3ff8f4ecfa293ee559e0848
OA-1311,indicators,Indicators,https://docs.optionalpha.com/technical-documentation/indicators,"The page states that a table below expands on the default settings and how technical states are determined for each indicator, but the fetched markdown does not actually contain a rendered table.",The table below expands on the default settings and how the various technical states are determined for each indicator.,DOCS-SILENT,"page references a ""table below"" of default technical-signal settings per indicator but no table content is present in the fetched markdown",2026-08-04,84fe769687eedea5fc4202578884140d0b3df1c5c3ff8f4ecfa293ee559e0848
OA-1312,indicators,ADX,https://docs.optionalpha.com/technical-documentation/indicators/adx,"ADX stands for Average Directional Index, a technical analysis indicator used by some traders to determine the strength of a trend.",Average Directional Index - The average directional index (ADX) is a technical analysis indicator used by some traders to determine the strength of a trend.,DOCUMENTED,,2026-08-04,a5befe1d9bb74d35f77eb92eb99754432c74b6a2c2032eb50f9c9964b18f4b55
OA-1313,indicators,ADX,https://docs.optionalpha.com/technical-documentation/indicators/adx,"According to ADX's creator Welles Wilder, a trend has strength when ADX is above 25.","According to the creator Welles Wilder, the trend has strength when ADX is above 25 and the trend is weak or the price is trendless when ADX is below 20.",DOCUMENTED,,2026-08-04,a5befe1d9bb74d35f77eb92eb99754432c74b6a2c2032eb50f9c9964b18f4b55
OA-1314,indicators,ADX,https://docs.optionalpha.com/technical-documentation/indicators/adx,"According to Wilder, the trend is weak or the price is trendless when ADX is below 20.",the trend is weak or the price is trendless when ADX is below 20,DOCUMENTED,,2026-08-04,a5befe1d9bb74d35f77eb92eb99754432c74b6a2c2032eb50f9c9964b18f4b55
OA-1315,indicators,ADX,https://docs.optionalpha.com/technical-documentation/indicators/adx,Non-trending ADX values do not necessarily mean the price isn't moving; the price could be making a trend change or be too volatile for a clear direction to be present.,"Non-trending values do not necessarily mean the price isn't moving, it very well could be, but the price could also be making a trend change or is too volatile for a clear direction to be present.",DOCUMENTED,,2026-08-04,a5befe1d9bb74d35f77eb92eb99754432c74b6a2c2032eb50f9c9964b18f4b55
OA-1316,indicators,ADX,https://docs.optionalpha.com/technical-documentation/indicators/adx,ADX is considered a non-directional indicator and registers trend whether the price is going up or down.,ADX is considered a non-directional indicator and registers trend whether the price is going up or down.,DOCUMENTED,,2026-08-04,a5befe1d9bb74d35f77eb92eb99754432c74b6a2c2032eb50f9c9964b18f4b55
OA-1317,indicators,ADX,https://docs.optionalpha.com/technical-documentation/indicators/adx,The default lookback setting for ADX is 14 bars.,"The default setting is 14 bars, although other time periods can be used to increase or decrease the trend strength reading.",DOCUMENTED,,2026-08-04,a5befe1d9bb74d35f77eb92eb99754432c74b6a2c2032eb50f9c9964b18f4b55
OA-1318,indicators,ADX,https://docs.optionalpha.com/technical-documentation/indicators/adx,Other time periods besides the default 14 bars can be used for ADX to increase or decrease the trend strength reading.,although other time periods can be used to increase or decrease the trend strength reading,DOCUMENTED,,2026-08-04,a5befe1d9bb74d35f77eb92eb99754432c74b6a2c2032eb50f9c9964b18f4b55
OA-1319,indicators,ADX,https://docs.optionalpha.com/technical-documentation/indicators/adx,ADX is plotted as a single line with values ranging from a low of 0 to a high of 100.,ADX is plotted as a single line with values ranging from a low of 0 to a high of 100.,DOCUMENTED,,2026-08-04,a5befe1d9bb74d35f77eb92eb99754432c74b6a2c2032eb50f9c9964b18f4b55
OA-1320,indicators,ADX,https://docs.optionalpha.com/technical-documentation/indicators/adx,"The DX14 calculation is DX14 = 100 * (diffDI / sumDI), where diffDI is the absolute difference between -DI14 and +DI14 and sumDI is their sum, per the ADX source code comments.","    diffDI = ABS( (-DI14) - (+DI14) )
 *    sumDI  = (-DI14) + (+DI14)
 *
 *    DX14 = 100 * (diffDI / sumDI)",DOCUMENTED,,2026-08-04,a5befe1d9bb74d35f77eb92eb99754432c74b6a2c2032eb50f9c9964b18f4b55
OA-1321,indicators,ADX,https://docs.optionalpha.com/technical-documentation/indicators/adx,"The first ADX14 value is calculated as the sum of the first 14 DX values, per the ADX source code comments.", *    ADX14 = SUM of the first 14 DX,DOCUMENTED,,2026-08-04,a5befe1d9bb74d35f77eb92eb99754432c74b6a2c2032eb50f9c9964b18f4b55
OA-1322,indicators,ADX,https://docs.optionalpha.com/technical-documentation/indicators/adx,"Subsequent ADX14 values are calculated using Wilder smoothing: ADX14 = ((Previous ADX14)*(14-1) + Today's DX) / 14, per the ADX source code comments."," *            ((Previous ADX14)*(14-1))+ Today's DX
 *    ADX14 = -------------------------------------
 *                             14",DOCUMENTED,,2026-08-04,a5befe1d9bb74d35f77eb92eb99754432c74b6a2c2032eb50f9c9964b18f4b55
OA-1323,indicators,ADX,https://docs.optionalpha.com/technical-documentation/indicators/adx,"The ADX source code comments cite ""New Concepts In Technical Trading Systems"" by J. Welles Wilder Jr as the reference."," * Reference:
 *    New Concepts In Technical Trading Systems, J. Welles Wilder Jr",DOCUMENTED,,2026-08-04,a5befe1d9bb74d35f77eb92eb99754432c74b6a2c2032eb50f9c9964b18f4b55
OA-1324,indicators,ADX,https://docs.optionalpha.com/technical-documentation/indicators/adx,"The page does not state whether ADX values between 20 and 25 have any defined interpretation, leaving that range's meaning unaddressed.",,DOCS-SILENT,"no interpretation given for ADX values between 20 and 25 (the gap between ""weak/trendless"" below 20 and ""has strength"" above 25)",2026-08-04,a5befe1d9bb74d35f77eb92eb99754432c74b6a2c2032eb50f9c9964b18f4b55
OA-1325,indicators,ATR,https://docs.optionalpha.com/technical-documentation/indicators/atr,ATR (Average True Range) is a technical indicator of volatility based on the average of a particular set of trading ranges over a defined number of periods.,The Average True Range (ATR) is a technical indicator of volatility based on the average of a particular set of trading ranges over a defined number of periods.,DOCUMENTED,,2026-08-04,42c481df7b6f33a66ed00a419b07fa8bfdfd15f89c66ff07bb86cd522eb94879
OA-1326,indicators,ATR,https://docs.optionalpha.com/technical-documentation/indicators/atr,"The true range for a period is the greatest of: current high minus current low, current high minus the previous period's close, or current low minus the previous close.","The greatest of one of three ranges is calculated as the true range for a period: the current high minus the current low, the current high minus the previous period’s close, or the current low minus the previous close.",DOCUMENTED,,2026-08-04,42c481df7b6f33a66ed00a419b07fa8bfdfd15f89c66ff07bb86cd522eb94879
OA-1327,indicators,ATR,https://docs.optionalpha.com/technical-documentation/indicators/atr,"Once the true range is calculated, ATR is the average of the true range taken over a set lookback period, typically 14 periods.","Once the true range is calculated, the average for a set lookback period is taken, typically 14 periods.",DOCUMENTED,,2026-08-04,42c481df7b6f33a66ed00a419b07fa8bfdfd15f89c66ff07bb86cd522eb94879
OA-1328,indicators,ATR,https://docs.optionalpha.com/technical-documentation/indicators/atr,A decline in ATR indicates a decrease in recent volatility.,A decline in ATR indicates a decrease in recent volatility.,DOCUMENTED,,2026-08-04,42c481df7b6f33a66ed00a419b07fa8bfdfd15f89c66ff07bb86cd522eb94879
OA-1329,indicators,ATR,https://docs.optionalpha.com/technical-documentation/indicators/atr,An increase in ATR indicates an increase in recent volatility.,An increase in ATR indicates an increase in recent volatility.,DOCUMENTED,,2026-08-04,42c481df7b6f33a66ed00a419b07fa8bfdfd15f89c66ff07bb86cd522eb94879
OA-1330,indicators,ATR,https://docs.optionalpha.com/technical-documentation/indicators/atr,The TA-Lib ATR source code comments state that val2 is the distance from yesterday's close to today's high., *  val2 = distance from yesterday's close to today's high.,DOCUMENTED,,2026-08-04,42c481df7b6f33a66ed00a419b07fa8bfdfd15f89c66ff07bb86cd522eb94879
OA-1331,indicators,ATR,https://docs.optionalpha.com/technical-documentation/indicators/atr,The TA-Lib ATR source code comments state that val3 is the distance from yesterday's close to today's low., *  val3 = distance from yesterday's close to today's low.,DOCUMENTED,,2026-08-04,42c481df7b6f33a66ed00a419b07fa8bfdfd15f89c66ff07bb86cd522eb94879
OA-1332,indicators,ATR,https://docs.optionalpha.com/technical-documentation/indicators/atr,"The ATR source code comments state that the true range values are averaged for the specified period using the Wilder method, which has an unstable period comparable to an Exponential Moving Average (EMA)."," * These value are averaged for the specified period using
 * Wilder method. This method has an unstable period comparable
 * to an Exponential Moving Average (EMA).",DOCUMENTED,,2026-08-04,42c481df7b6f33a66ed00a419b07fa8bfdfd15f89c66ff07bb86cd522eb94879
OA-1333,indicators,ATR,https://docs.optionalpha.com/technical-documentation/indicators/atr,"The page does not state a default numeric period for ATR beyond describing 14 periods as ""typically"" used, leaving the platform's actual default parameter unconfirmed.",,DOCS-SILENT,"page says ATR lookback is ""typically 14 periods"" but does not explicitly confirm this is the platform's fixed default parameter",2026-08-04,42c481df7b6f33a66ed00a419b07fa8bfdfd15f89c66ff07bb86cd522eb94879
OA-1334,indicators,BOLLINGER BANDS,https://docs.optionalpha.com/technical-documentation/indicators/bollinger-bands,"Bollinger bands are a chart overlay, volatility indicator that show the upper and lower range of normal price movement based on standard deviation.","Bollinger bands are a chart overlay, volatility indicator that show the upper and lower range of normal price movement based on standard deviation.",DOCUMENTED,,2026-08-04,b5760a65abcd63a82bdd52be6b1f5cf5bc77733acc07beb2c80454e9cc9739a9
OA-1335,indicators,BOLLINGER BANDS,https://docs.optionalpha.com/technical-documentation/indicators/bollinger-bands,The centerline of Bollinger bands is typically a 20-day simple moving average.,The centerline of Bollinger bands is typically a 20-day simple moving average.,DOCUMENTED,,2026-08-04,b5760a65abcd63a82bdd52be6b1f5cf5bc77733acc07beb2c80454e9cc9739a9
OA-1336,indicators,BOLLINGER BANDS,https://docs.optionalpha.com/technical-documentation/indicators/bollinger-bands,The upper and lower Bollinger bands are twice the 20-day standard deviation of price above and below the centerline.,The upper and lower bands are twice the 20-day standard deviation of price above and below the centerline.,DOCUMENTED,,2026-08-04,b5760a65abcd63a82bdd52be6b1f5cf5bc77733acc07beb2c80454e9cc9739a9
OA-1337,indicators,BOLLINGER BANDS,https://docs.optionalpha.com/technical-documentation/indicators/bollinger-bands,The underlying TA-Lib BBANDS source code is copyrighted 1999-2007 by Mario Fortier.,"/* TA-LIB Copyright (c) 1999-2007, Mario Fortier",DOCUMENTED,,2026-08-04,b5760a65abcd63a82bdd52be6b1f5cf5bc77733acc07beb2c80454e9cc9739a9
OA-1338,indicators,BOLLINGER BANDS,https://docs.optionalpha.com/technical-documentation/indicators/bollinger-bands,"The TA-Lib BBANDS function's optInTimePeriod (Number of period) parameter accepts values from 2 to 100000, per the source code comments."," * optInTimePeriod:(From 2 to 100000)
 *    Number of period",DOCUMENTED,,2026-08-04,b5760a65abcd63a82bdd52be6b1f5cf5bc77733acc07beb2c80454e9cc9739a9
OA-1339,indicators,BOLLINGER BANDS,https://docs.optionalpha.com/technical-documentation/indicators/bollinger-bands,"In the TA-Lib BBANDS source code, if optInTimePeriod is left at its default (TA_INTEGER_DEFAULT), it is set to 5, which differs from the prose description of a ""typically 20-day"" centerline moving average.",/* Generated */       optInTimePeriod = 5;,DOCUMENTED,"source code's technical default time period (5) conflicts with the page's prose stating the centerline is ""typically a 20-day simple moving average""",2026-08-04,b5760a65abcd63a82bdd52be6b1f5cf5bc77733acc07beb2c80454e9cc9739a9
OA-1340,indicators,BOLLINGER BANDS,https://docs.optionalpha.com/technical-documentation/indicators/bollinger-bands,"The optInNbDevUp parameter (deviation multiplier for the upper band) defaults to 2.000000e+0 in the TA-Lib BBANDS source code, matching the ""twice"" standard deviation described in the prose.",/* Generated */       optInNbDevUp = 2.000000e+0;,DOCUMENTED,,2026-08-04,b5760a65abcd63a82bdd52be6b1f5cf5bc77733acc07beb2c80454e9cc9739a9
OA-1341,indicators,BOLLINGER BANDS,https://docs.optionalpha.com/technical-documentation/indicators/bollinger-bands,"The optInNbDevDn parameter (deviation multiplier for the lower band) defaults to 2.000000e+0 in the TA-Lib BBANDS source code, matching the ""twice"" standard deviation described in the prose.",/* Generated */       optInNbDevDn = 2.000000e+0;,DOCUMENTED,,2026-08-04,b5760a65abcd63a82bdd52be6b1f5cf5bc77733acc07beb2c80454e9cc9739a9
OA-1342,indicators,BOLLINGER BANDS,https://docs.optionalpha.com/technical-documentation/indicators/bollinger-bands,"The TA-Lib BBANDS source code describes an optInMAType parameter for the ""Type of Moving Average"" used in the calculation."," * optInMAType:
 *    Type of Moving Average",DOCUMENTED,,2026-08-04,b5760a65abcd63a82bdd52be6b1f5cf5bc77733acc07beb2c80454e9cc9739a9
OA-1343,indicators,BOLLINGER BANDS,https://docs.optionalpha.com/technical-documentation/indicators/bollinger-bands,"In the TA-Lib BBANDS source code, the optInMAType parameter's valid integer range is checked to be between 0 and 8.",/* Generated */    else if( ((int)optInMAType < 0) || ((int)optInMAType > 8) ),DOCUMENTED,,2026-08-04,b5760a65abcd63a82bdd52be6b1f5cf5bc77733acc07beb2c80454e9cc9739a9
OA-1344,indicators,BOLLINGER BANDS,https://docs.optionalpha.com/technical-documentation/indicators/bollinger-bands,"In the TA-Lib BBANDS source code, the Bollinger Bands lookback period is driven by the middle band's moving average.",/* The lookback is driven by the middle band moving average. */,DOCUMENTED,,2026-08-04,b5760a65abcd63a82bdd52be6b1f5cf5bc77733acc07beb2c80454e9cc9739a9
OA-1345,indicators,BOLLINGER BANDS,https://docs.optionalpha.com/technical-documentation/indicators/bollinger-bands,"In the TA-Lib BBANDS source code, when optInMAType is SMA, the standard deviation calculation is speed-optimized by re-using the already-calculated SMA rather than recomputing it.","      /* A small speed optimization by re-using the
       * already calculated SMA.
       */",DOCUMENTED,,2026-08-04,b5760a65abcd63a82bdd52be6b1f5cf5bc77733acc07beb2c80454e9cc9739a9
OA-1346,indicators,BOLLINGER BANDS,https://docs.optionalpha.com/technical-documentation/indicators/bollinger-bands,"The page does not state what default optInMAType (moving average type) value the Option Alpha platform actually uses for Bollinger Bands, beyond the prose stating the centerline is ""typically"" a simple moving average.",,DOCS-SILENT,"page does not explicitly confirm the platform's configured optInMAType default (SMA vs other MA types) separate from the generic ""typically"" wording",2026-08-04,b5760a65abcd63a82bdd52be6b1f5cf5bc77733acc07beb2c80454e9cc9739a9
OA-1347,indicators,BOLLINGER BANDS,https://docs.optionalpha.com/technical-documentation/indicators/bollinger-bands,"The page does not state whether the platform overrides the TA-Lib generic default time period of 5 with a 20-day period, leaving the actual configured default period for Bollinger Bands on the platform unconfirmed.",,DOCS-SILENT,unclear whether platform uses TA-Lib's generic default optInTimePeriod of 5 or overrides it to 20 as implied by the prose,2026-08-04,b5760a65abcd63a82bdd52be6b1f5cf5bc77733acc07beb2c80454e9cc9739a9
OA-1348,indicators,BOP,https://docs.optionalpha.com/technical-documentation/indicators/bop,The Balance of Power (BOP) indicator measures the strength buyers have to push prices higher against the power of sellers to move prices lower.,The Balance of Power indicator (BOP) measures the strength of buyers have to push prices higher against the power of sellers to move prices lower.,DOCUMENTED,,2026-08-04,f42b1c246065809fd363bbee7cb66afa5aae3b2dee50ef2a3e504e0fd3a0963a
OA-1349,indicators,BOP,https://docs.optionalpha.com/technical-documentation/indicators/bop,"When BOP is in positive territory, the bulls are considered in charge.","When the indicator is in positive territory, the bulls are in charge; and conversely, the sellers control price when the indicator is negative.",DOCUMENTED,,2026-08-04,f42b1c246065809fd363bbee7cb66afa5aae3b2dee50ef2a3e504e0fd3a0963a
OA-1350,indicators,BOP,https://docs.optionalpha.com/technical-documentation/indicators/bop,"When BOP is negative, sellers are considered to control price.","and conversely, the sellers control price when the indicator is negative",DOCUMENTED,,2026-08-04,f42b1c246065809fd363bbee7cb66afa5aae3b2dee50ef2a3e504e0fd3a0963a
OA-1351,indicators,BOP,https://docs.optionalpha.com/technical-documentation/indicators/bop,A BOP reading near the zero line indicates a balance between buyers and sellers and a possible trend reversal.,A reading near the zero line indicates a balance between the two and a possible trend reversal.,DOCUMENTED,,2026-08-04,f42b1c246065809fd363bbee7cb66afa5aae3b2dee50ef2a3e504e0fd3a0963a
OA-1352,indicators,BOP,https://docs.optionalpha.com/technical-documentation/indicators/bop,"BOP is calculated as (Close - Open) divided by (High - Low), per the source code comment.",  /* BOP = (Close - Open)/(High - Low) */,DOCUMENTED,,2026-08-04,f42b1c246065809fd363bbee7cb66afa5aae3b2dee50ef2a3e504e0fd3a0963a
OA-1353,indicators,BOP,https://docs.optionalpha.com/technical-documentation/indicators/bop,"Some trading platforms offer a version of BOP with a moving average added, while others do not.",Some trading platforms offer a version of BOP with a moving average added and others do not.,DOCUMENTED,,2026-08-04,f42b1c246065809fd363bbee7cb66afa5aae3b2dee50ef2a3e504e0fd3a0963a
OA-1354,indicators,BOP,https://docs.optionalpha.com/technical-documentation/indicators/bop,"Option Alpha offers Balance of Power exactly as TA-Lib provides it, without a moving average.",We offer Balance of Power exactly as TA-Lib provides without a moving average.,DOCUMENTED,,2026-08-04,f42b1c246065809fd363bbee7cb66afa5aae3b2dee50ef2a3e504e0fd3a0963a
OA-1355,indicators,BOP,https://docs.optionalpha.com/technical-documentation/indicators/bop,"Because Option Alpha's BOP has no moving average smoothing, there is no difference in the BOP value provided when assessing different lookback intervals inside bots.","As a result, when using BOP inside of your bots, there will be no difference in the value provided when assessing different lookback intervals.",DOCUMENTED,,2026-08-04,f42b1c246065809fd363bbee7cb66afa5aae3b2dee50ef2a3e504e0fd3a0963a
OA-1356,indicators,BOP,https://docs.optionalpha.com/technical-documentation/indicators/bop,The page does not state any overbought/oversold thresholds or numeric value range for BOP beyond the positive/negative/near-zero qualitative interpretation.,,DOCS-SILENT,no numeric value range or overbought/oversold threshold given for BOP,2026-08-04,f42b1c246065809fd363bbee7cb66afa5aae3b2dee50ef2a3e504e0fd3a0963a
OA-1357,indicators,CCI,https://docs.optionalpha.com/technical-documentation/indicators/cci,The Commodity Channel Index (CCI) is a momentum-based oscillator used to help determine when an investment vehicle is reaching a condition of being overbought or oversold.,The Commodity Channel Index​ (CCI) is a momentum-based oscillator used to help determine when an investment vehicle is reaching a condition of being overbought or oversold.,DOCUMENTED,,2026-08-04,0ced337fae4df40ee3275044772903b4d760d36e027d5c28345b4708bff461d8
OA-1358,indicators,CCI,https://docs.optionalpha.com/technical-documentation/indicators/cci,CCI measures the difference between the current price and the historical average.,This technical indicator measures the difference between the current price and the historical average.,DOCUMENTED,,2026-08-04,0ced337fae4df40ee3275044772903b4d760d36e027d5c28345b4708bff461d8
OA-1359,indicators,CCI,https://docs.optionalpha.com/technical-documentation/indicators/cci,"CCI assesses trend direction and strength, allowing traders to determine if they want to enter, exit, or avoid placing a trade.","It assesses trend direction and strength, allowing traders to determine if they want to enter, exit, or avoid placing a trade.",DOCUMENTED,,2026-08-04,0ced337fae4df40ee3275044772903b4d760d36e027d5c28345b4708bff461d8
OA-1360,indicators,CCI,https://docs.optionalpha.com/technical-documentation/indicators/cci,"CCI is calculated as (Typical Price minus Moving Average) divided by (0.015 times Mean Deviation), per the source code comment.", * CCI = (Typical Price − MA) / 0.015 * Mean Deviation,DOCUMENTED,,2026-08-04,0ced337fae4df40ee3275044772903b4d760d36e027d5c28345b4708bff461d8
OA-1361,indicators,CCI,https://docs.optionalpha.com/technical-documentation/indicators/cci,"Per the CCI source code comment, Typical Price is the sum over P bars of (High + Low + Close) / 3.", *     Typical Price = ∑P((H + L + C) / 3)),DOCUMENTED,,2026-08-04,0ced337fae4df40ee3275044772903b4d760d36e027d5c28345b4708bff461d8
OA-1362,indicators,CCI,https://docs.optionalpha.com/technical-documentation/indicators/cci,"Per the CCI source code comment, P represents the number of bars (period) used in the calculation.", *     P = number of bars (period),DOCUMENTED,,2026-08-04,0ced337fae4df40ee3275044772903b4d760d36e027d5c28345b4708bff461d8
OA-1363,indicators,CCI,https://docs.optionalpha.com/technical-documentation/indicators/cci,"Per the CCI source code comment, MA (Moving Average) is defined as the sum of Typical Price over P bars divided by P.", *     MA = Moving Average = (∑P Typical Price) / P,DOCUMENTED,,2026-08-04,0ced337fae4df40ee3275044772903b4d760d36e027d5c28345b4708bff461d8
OA-1364,indicators,CCI,https://docs.optionalpha.com/technical-documentation/indicators/cci,"Per the CCI source code comment, Mean Deviation is the sum over P bars of the absolute value of (Typical Price minus MA), divided by P.", *     Mean Deviation=(∑P | Typical Price - MA |) / P,DOCUMENTED,,2026-08-04,0ced337fae4df40ee3275044772903b4d760d36e027d5c28345b4708bff461d8
OA-1365,indicators,CCI,https://docs.optionalpha.com/technical-documentation/indicators/cci,"The page does not state a default lookback period (number of bars, P) for CCI on the platform.",,DOCS-SILENT,no default numeric period/lookback value given for CCI,2026-08-04,0ced337fae4df40ee3275044772903b4d760d36e027d5c28345b4708bff461d8
OA-1366,indicators,CCI,https://docs.optionalpha.com/technical-documentation/indicators/cci,"The page does not state specific numeric overbought/oversold threshold levels for CCI (e.g. +100/-100), despite describing CCI as used to determine overbought/oversold conditions.",,DOCS-SILENT,no specific overbought/oversold numeric threshold values given for CCI,2026-08-04,0ced337fae4df40ee3275044772903b4d760d36e027d5c28345b4708bff461d8
OA-1367,indicators,CMO,https://docs.optionalpha.com/technical-documentation/indicators/cmo,The Chande Momentum Oscillator (CMO) is a technical momentum indicator developed by Tushar Chande.,The Chande momentum oscillator is a technical momentum developed by Tushar Chande.,DOCUMENTED,,2026-08-04,b1f95f55c454bb52fb51fd11d469850138c0528fd4bdd07f5d3a721384e98595
OA-1368,indicators,CMO,https://docs.optionalpha.com/technical-documentation/indicators/cmo,"The CMO formula calculates the difference between the sum of recent gains and the sum of recent losses, then divides that result by the sum of all price movements over the same time period.",His formula calculates the difference between the sum of recent gains and the sum of recent losses and then divides the result by the sum of all price movements over the same time period.,DOCUMENTED,,2026-08-04,b1f95f55c454bb52fb51fd11d469850138c0528fd4bdd07f5d3a721384e98595
OA-1369,indicators,CMO,https://docs.optionalpha.com/technical-documentation/indicators/cmo,The CMO oscillates between +100 and -100.,The indicator oscillates between +100 and -100 and is similar to other momentum indicators such as Welles Wilder’s RSI.,DOCUMENTED,,2026-08-04,b1f95f55c454bb52fb51fd11d469850138c0528fd4bdd07f5d3a721384e98595
OA-1370,indicators,CMO,https://docs.optionalpha.com/technical-documentation/indicators/cmo,The CMO is similar to Welles Wilder's RSI momentum indicator.,is similar to other momentum indicators such as Welles Wilder’s RSI,DOCUMENTED,,2026-08-04,b1f95f55c454bb52fb51fd11d469850138c0528fd4bdd07f5d3a721384e98595
OA-1371,indicators,CMO,https://docs.optionalpha.com/technical-documentation/indicators/cmo,The CMO measures momentum on both up days and down days.,It measures momentum on both up and down days and does not smooth results.,DOCUMENTED,,2026-08-04,b1f95f55c454bb52fb51fd11d469850138c0528fd4bdd07f5d3a721384e98595
OA-1372,indicators,CMO,https://docs.optionalpha.com/technical-documentation/indicators/cmo,The CMO does not smooth its results.,It measures momentum on both up and down days and does not smooth results.,DOCUMENTED,,2026-08-04,b1f95f55c454bb52fb51fd11d469850138c0528fd4bdd07f5d3a721384e98595
OA-1373,indicators,CMO,https://docs.optionalpha.com/technical-documentation/indicators/cmo,"Because the CMO does not smooth results, this method triggers more frequent oversold and overbought occurrences than smoothed indicators.",This method triggers more frequent oversold and overbought occurrences.,DOCUMENTED,,2026-08-04,b1f95f55c454bb52fb51fd11d469850138c0528fd4bdd07f5d3a721384e98595
OA-1374,indicators,CMO,https://docs.optionalpha.com/technical-documentation/indicators/cmo,An instrument is considered overbought when the CMO is above +50.,An instrument is considered to be overbought when the Chande momentum oscillator is above +50 and oversold when it is below -50.,DOCUMENTED,,2026-08-04,b1f95f55c454bb52fb51fd11d469850138c0528fd4bdd07f5d3a721384e98595
OA-1375,indicators,CMO,https://docs.optionalpha.com/technical-documentation/indicators/cmo,An instrument is considered oversold when the CMO is below -50.,An instrument is considered to be overbought when the Chande momentum oscillator is above +50 and oversold when it is below -50.,DOCUMENTED,,2026-08-04,b1f95f55c454bb52fb51fd11d469850138c0528fd4bdd07f5d3a721384e98595
OA-1376,indicators,CMO,https://docs.optionalpha.com/technical-documentation/indicators/cmo,The CMO can be used as a confirmation signal when it crosses above or below the 0 line.,The oscillator can be used as a confirmation signal when it crosses above or below the 0 line.,DOCUMENTED,,2026-08-04,b1f95f55c454bb52fb51fd11d469850138c0528fd4bdd07f5d3a721384e98595
OA-1377,indicators,CMO,https://docs.optionalpha.com/technical-documentation/indicators/cmo,Trend strength can be measured using the CMO because the oscillator's value denotes the strength or weakness of the expected trend.,Trend strength can also be measured using the CMO as the oscillator's value denotes the strength or weakness of the expected trend.,DOCUMENTED,,2026-08-04,b1f95f55c454bb52fb51fd11d469850138c0528fd4bdd07f5d3a721384e98595
OA-1378,indicators,CMO,https://docs.optionalpha.com/technical-documentation/indicators/cmo,The chosen time frame affects the signals generated by the CMO indicator.,Bear in mind that the chosen time frame will affect the signals generated by the indicator.,DOCUMENTED,,2026-08-04,b1f95f55c454bb52fb51fd11d469850138c0528fd4bdd07f5d3a721384e98595
OA-1379,indicators,CMO,https://docs.optionalpha.com/technical-documentation/indicators/cmo,The source code for the CMO function is provided as a link to https://app.optionalpha.com/ta/CMO.txt.,The source code for the CMO function is available [here](https://app.optionalpha.com/ta/CMO.txt).,DOCUMENTED,,2026-08-04,b1f95f55c454bb52fb51fd11d469850138c0528fd4bdd07f5d3a721384e98595
OA-1380,indicators,CMO,https://docs.optionalpha.com/technical-documentation/indicators/cmo,"The CMO calculation is described in the source code comment as mostly identical to RSI, differing only in the last calculation step.","/* CMO calculation is mostly identical to RSI.
 * 
 * The only difference is in the last step of calculation:",DOCUMENTED,,2026-08-04,b1f95f55c454bb52fb51fd11d469850138c0528fd4bdd07f5d3a721384e98595
OA-1381,indicators,CMO,https://docs.optionalpha.com/technical-documentation/indicators/cmo,"The source code comment states that RSI is computed as gain divided by (gain plus loss), while CMO is computed as (gain minus loss) divided by (gain plus loss)."," *   RSI = gain / (gain+loss)
 *   CMO = (gain-loss) / (gain+loss)",DOCUMENTED,,2026-08-04,b1f95f55c454bb52fb51fd11d469850138c0528fd4bdd07f5d3a721384e98595
OA-1382,indicators,CMO,https://docs.optionalpha.com/technical-documentation/indicators/cmo,The default lookback period used for the CMO calculation is not stated on the page.,,DOCS-SILENT,page does not specify a default time period/lookback for the CMO calculation,2026-08-04,b1f95f55c454bb52fb51fd11d469850138c0528fd4bdd07f5d3a721384e98595
OA-1383,indicators,DX,https://docs.optionalpha.com/technical-documentation/indicators/dx,The directional movement index (DX) is an indicator that identifies which direction the price of an asset is moving.,The directional movement index (DX) is an indicator that identifies which direction the price of an asset is moving.,DOCUMENTED,,2026-08-04,0c381636cb7d0c196350471c73c43f9b6b4b3dd47798b4a62cc1ad8f3e642c5f
OA-1384,indicators,DX,https://docs.optionalpha.com/technical-documentation/indicators/dx,The DX indicator is generally part of the Directional Movement Index (DMI).,The DX indicator is generally part of the Directional Movement Index (DMI),DOCUMENTED,,2026-08-04,0c381636cb7d0c196350471c73c43f9b6b4b3dd47798b4a62cc1ad8f3e642c5f
OA-1385,indicators,DX,https://docs.optionalpha.com/technical-documentation/indicators/dx,The DX indicator functions by comparing prior highs and lows and drawing two lines.,The indicator functions by comparing prior highs and lows and drawing two lines.,DOCUMENTED,,2026-08-04,0c381636cb7d0c196350471c73c43f9b6b4b3dd47798b4a62cc1ad8f3e642c5f
OA-1386,indicators,DX,https://docs.optionalpha.com/technical-documentation/indicators/dx,"One of the two lines drawn by DX is a negative directional movement line, labeled -DI.",A negative directional movement line (-DI) and a positive directional movement line (+DI).,DOCUMENTED,,2026-08-04,0c381636cb7d0c196350471c73c43f9b6b4b3dd47798b4a62cc1ad8f3e642c5f
OA-1387,indicators,DX,https://docs.optionalpha.com/technical-documentation/indicators/dx,"The other of the two lines drawn by DX is a positive directional movement line, labeled +DI.",A negative directional movement line (-DI) and a positive directional movement line (+DI).,DOCUMENTED,,2026-08-04,0c381636cb7d0c196350471c73c43f9b6b4b3dd47798b4a62cc1ad8f3e642c5f
OA-1388,indicators,DX,https://docs.optionalpha.com/technical-documentation/indicators/dx,"An optional third line called the Directional Index (DX), sometimes called the Average Directional Index (ADX), can be used to gauge the strength of the uptrend or downtrend.",An optional third line called the Directional Index (DX) or sometimes Average Directional Index (ADX) can also be used to gauge the strength of the uptrend or downtrend.,DOCUMENTED,,2026-08-04,0c381636cb7d0c196350471c73c43f9b6b4b3dd47798b4a62cc1ad8f3e642c5f
OA-1389,indicators,DX,https://docs.optionalpha.com/technical-documentation/indicators/dx,The page states the source code for the DX function is available but does not provide a clickable link URL for it (unlike CMO and MACD pages).,The source code for the DX function is available here.,DOCUMENTED,,2026-08-04,0c381636cb7d0c196350471c73c43f9b6b4b3dd47798b4a62cc1ad8f3e642c5f
OA-1390,indicators,DX,https://docs.optionalpha.com/technical-documentation/indicators/dx,The one-period directional movement (DM1) is based on the largest part of today's range that is outside of yesterday's range.," * The DM1 (one period) is base on the largest part of
 * today's range that is outside of yesterdays range.",DOCUMENTED,,2026-08-04,0c381636cb7d0c196350471c73c43f9b6b4b3dd47798b4a62cc1ad8f3e642c5f
OA-1391,indicators,DX,https://docs.optionalpha.com/technical-documentation/indicators/dx,The source code comment documents 7 distinct cases explaining how +DM and -DM are calculated for one period.," * The following 7 cases explain how the +DM and -DM are
 * calculated on one period:",DOCUMENTED,,2026-08-04,0c381636cb7d0c196350471c73c43f9b6b4b3dd47798b4a62cc1ad8f3e642c5f
OA-1392,indicators,DX,https://docs.optionalpha.com/technical-documentation/indicators/dx,"In cases 3 and 4 of the DM calculation, the rule is that the smallest delta between (C-A) and (B-D) determines which of +DM or -DM is zero."," * In case 3 and 4, the rule is that the smallest delta between
 * (C-A) and (B-D) determine which of +DM or -DM is zero.",DOCUMENTED,,2026-08-04,0c381636cb7d0c196350471c73c43f9b6b4b3dd47798b4a62cc1ad8f3e642c5f
OA-1393,indicators,DX,https://docs.optionalpha.com/technical-documentation/indicators/dx,"In case 7 of the DM calculation, (C-A) and (B-D) are equal, so both +DM and -DM are zero."," * In case 7, (C-A) and (B-D) are equal, so both +DM and -DM are
 * zero.",DOCUMENTED,,2026-08-04,0c381636cb7d0c196350471c73c43f9b6b4b3dd47798b4a62cc1ad8f3e642c5f
OA-1394,indicators,DX,https://docs.optionalpha.com/technical-documentation/indicators/dx,"The DM calculation rules remain the same when A equals B and C equals D, i.e. when the highs equal the lows."," * The rules remain the same when A=B and C=D (when the highs
 * equal the lows).",DOCUMENTED,,2026-08-04,0c381636cb7d0c196350471c73c43f9b6b4b3dd47798b4a62cc1ad8f3e642c5f
OA-1395,indicators,DX,https://docs.optionalpha.com/technical-documentation/indicators/dx,"When calculating DM over a period greater than 1, the one-period DM values for the desired period are initially summed."," * When calculating the DM over a period > 1, the one-period DM
 * for the desired period are initialy sum. In other word,",DOCUMENTED,,2026-08-04,0c381636cb7d0c196350471c73c43f9b6b4b3dd47798b4a62cc1ad8f3e642c5f
OA-1396,indicators,DX,https://docs.optionalpha.com/technical-documentation/indicators/dx,"For a -DM14, the calculation sums the -DM1 values for the first 14 days, which is actually 13 values because there is no DM for the first day."," * for a -DM14, sum the -DM1 for the first 14 days (that's 
 * 13 values because there is no DM for the first day!)",DOCUMENTED,,2026-08-04,0c381636cb7d0c196350471c73c43f9b6b4b3dd47798b4a62cc1ad8f3e642c5f
OA-1397,indicators,DX,https://docs.optionalpha.com/technical-documentation/indicators/dx,Subsequent DM values after the initial period sum are calculated using Wilder's smoothing approach.," * Subsequent DM are calculated using the Wilder's
 * smoothing approach:",DOCUMENTED,,2026-08-04,0c381636cb7d0c196350471c73c43f9b6b4b3dd47798b4a62cc1ad8f3e642c5f
OA-1398,indicators,DX,https://docs.optionalpha.com/technical-documentation/indicators/dx,The DX14 calculation is 100 multiplied by the absolute difference between -DI14 and +DI14 divided by the sum of -DI14 and +DI14., *    DX14 = 100 * (diffDI / sumDI),DOCUMENTED,,2026-08-04,0c381636cb7d0c196350471c73c43f9b6b4b3dd47798b4a62cc1ad8f3e642c5f
OA-1399,indicators,DX,https://docs.optionalpha.com/technical-documentation/indicators/dx,"The DX source code comment cites ""New Concepts In Technical Trading Systems"" by J. Welles Wilder Jr as its reference."," * Reference:
 *    New Concepts In Technical Trading Systems, J. Welles Wilder Jr",DOCUMENTED,,2026-08-04,0c381636cb7d0c196350471c73c43f9b6b4b3dd47798b4a62cc1ad8f3e642c5f
OA-1400,indicators,DX,https://docs.optionalpha.com/technical-documentation/indicators/dx,The page does not state what overbought or oversold threshold values apply to the DX indicator.,,DOCS-SILENT,page gives no interpretation thresholds (e.g. trend-strength levels) for DX/ADX values,2026-08-04,0c381636cb7d0c196350471c73c43f9b6b4b3dd47798b4a62cc1ad8f3e642c5f
OA-1401,indicators,EMA,https://docs.optionalpha.com/technical-documentation/indicators/ema,An exponential moving average (EMA) is the weighted average of a set of data points where new data points receive greater weight in the average calculation.,An exponential moving average (EMA) is the weighted average of a set of data points where new data points receive greater weight in the average calculation.,DOCUMENTED,,2026-08-04,712e3d10059b12214521b1b875186204bbc661a20817d82ca24be369d9d34291
OA-1402,indicators,EMA,https://docs.optionalpha.com/technical-documentation/indicators/ema,The EMA is described as a technical indicator of a trend.,An exponential moving average is a technical indicator of a trend that responds faster to new data points than a simple moving average because a multiplier is used to give preference to the new data points and reduce lag in responsiveness to price movements.,DOCUMENTED,,2026-08-04,712e3d10059b12214521b1b875186204bbc661a20817d82ca24be369d9d34291
OA-1403,indicators,EMA,https://docs.optionalpha.com/technical-documentation/indicators/ema,The EMA responds faster to new data points than a simple moving average.,An exponential moving average is a technical indicator of a trend that responds faster to new data points than a simple moving average because a multiplier is used to give preference to the new data points and reduce lag in responsiveness to price movements.,DOCUMENTED,,2026-08-04,712e3d10059b12214521b1b875186204bbc661a20817d82ca24be369d9d34291
OA-1404,indicators,EMA,https://docs.optionalpha.com/technical-documentation/indicators/ema,The EMA's faster response is achieved because a multiplier is used to give preference to new data points and reduce lag in responsiveness to price movements.,because a multiplier is used to give preference to the new data points and reduce lag in responsiveness to price movements,DOCUMENTED,,2026-08-04,712e3d10059b12214521b1b875186204bbc661a20817d82ca24be369d9d34291
OA-1405,indicators,EMA,https://docs.optionalpha.com/technical-documentation/indicators/ema,The page states the source code for the EMA function is available but does not provide a clickable link URL or embed the actual source code/formula on the page.,The source code for the EMA function is available here.,DOCUMENTED,,2026-08-04,712e3d10059b12214521b1b875186204bbc661a20817d82ca24be369d9d34291
OA-1406,indicators,EMA,https://docs.optionalpha.com/technical-documentation/indicators/ema,The page does not state a default lookback period (e.g. number of periods) used for the EMA calculation.,,DOCS-SILENT,page does not specify a default period/lookback for the EMA,2026-08-04,712e3d10059b12214521b1b875186204bbc661a20817d82ca24be369d9d34291
OA-1407,indicators,EMA,https://docs.optionalpha.com/technical-documentation/indicators/ema,The page does not specify the exact multiplier/smoothing constant formula used to weight new data points in the EMA.,,DOCS-SILENT,page does not give the smoothing constant/multiplier formula for the EMA,2026-08-04,712e3d10059b12214521b1b875186204bbc661a20817d82ca24be369d9d34291
OA-1408,indicators,GEX,https://docs.optionalpha.com/technical-documentation/indicators/gex,Gamma is an option greek that measures the rate at which an option contract's delta will change based on a plus or minus $1 change in the underlying price.,Gamma is an option greek that measures the rate at which the delta for an option contract will change based on +/- $1 change in the underlying price.,DOCUMENTED,,2026-08-04,7a7651dbd55d9462ad78b6c6e00411c37198ce3a0c3396565513c010895a1e78
OA-1409,indicators,GEX,https://docs.optionalpha.com/technical-documentation/indicators/gex,Market makers seek to maintain a delta-neutral (delta = 0) portfolio.,"Since market makers seek to maintain a delta neutral (delta = 0) portfolio, gamma ""exposure"" gives insight into specific strikes where there is a high amount of gamma that could cause market makers to re-hedge to maintain a delta neutral portfolio.",DOCUMENTED,,2026-08-04,7a7651dbd55d9462ad78b6c6e00411c37198ce3a0c3396565513c010895a1e78
OA-1410,indicators,GEX,https://docs.optionalpha.com/technical-documentation/indicators/gex,Gamma exposure gives insight into specific strikes where a high amount of gamma could cause market makers to re-hedge in order to maintain a delta-neutral portfolio.,"gamma ""exposure"" gives insight into specific strikes where there is a high amount of gamma that could cause market makers to re-hedge to maintain a delta neutral portfolio",DOCUMENTED,,2026-08-04,7a7651dbd55d9462ad78b6c6e00411c37198ce3a0c3396565513c010895a1e78
OA-1411,indicators,GEX,https://docs.optionalpha.com/technical-documentation/indicators/gex,GEX insight can help traders make timely trades in anticipation of predictable price action.,This insight can help traders make timely trades in anticipation of predictable price action.,DOCUMENTED,,2026-08-04,7a7651dbd55d9462ad78b6c6e00411c37198ce3a0c3396565513c010895a1e78
OA-1412,indicators,GEX,https://docs.optionalpha.com/technical-documentation/indicators/gex,Option Alpha's charts calculate gamma exposure (GEX) based on a plus or minus 1% move in the underlying price.,The charts in Option Alpha calculate gamma exposure (GEX) based on a +/- 1% move in the underlying price.,DOCUMENTED,,2026-08-04,7a7651dbd55d9462ad78b6c6e00411c37198ce3a0c3396565513c010895a1e78
OA-1413,indicators,GEX,https://docs.optionalpha.com/technical-documentation/indicators/gex,"The 'Call vs Put' view displays the direct call vs put GEX to highlight the amount of call strike and put strike gamma exposure, open interest and volume for each strike price.","The 'Call vs Put' view displays the direct call vs put GEX to highlight the amount of call strike and put strike gamma exposure, open interest and volume for each strike price.",DOCUMENTED,,2026-08-04,7a7651dbd55d9462ad78b6c6e00411c37198ce3a0c3396565513c010895a1e78
OA-1414,indicators,GEX,https://docs.optionalpha.com/technical-documentation/indicators/gex,"In the Call vs Put view, green bars represent call GEX.",The green bars represent call GEX and the red bars put GEX.,DOCUMENTED,,2026-08-04,7a7651dbd55d9462ad78b6c6e00411c37198ce3a0c3396565513c010895a1e78
OA-1415,indicators,GEX,https://docs.optionalpha.com/technical-documentation/indicators/gex,"In the Call vs Put view, red bars represent put GEX.",The green bars represent call GEX and the red bars put GEX.,DOCUMENTED,,2026-08-04,7a7651dbd55d9462ad78b6c6e00411c37198ce3a0c3396565513c010895a1e78
OA-1416,indicators,GEX,https://docs.optionalpha.com/technical-documentation/indicators/gex,"Absolute Gamma is the total gamma for a strike price, calculated by summing the positive call GEX and negative put GEX into one positive GEX value.",Absolute Gamma is total Gamma for a strike price calculated by summing the positive call gex and negative put gex into 1 positive gex value.,DOCUMENTED,,2026-08-04,7a7651dbd55d9462ad78b6c6e00411c37198ce3a0c3396565513c010895a1e78
OA-1417,indicators,GEX,https://docs.optionalpha.com/technical-documentation/indicators/gex,The page gives a worked example where 9.6b call gamma exposure and -1b put gamma exposure produce an absolute gamma of 10.6b.,"For example, if there is 9.6b call gamma exposure and -1b put gamma exposure, the absolute gamma is 10.6b.",DOCUMENTED,,2026-08-04,7a7651dbd55d9462ad78b6c6e00411c37198ce3a0c3396565513c010895a1e78
OA-1418,indicators,GEX,https://docs.optionalpha.com/technical-documentation/indicators/gex,Net Gamma Exposure shows the combined total of positive call GEX and negative put GEX.,Net Gamma Exposure shows the combined total of positive call gex and negative put gex.,DOCUMENTED,,2026-08-04,7a7651dbd55d9462ad78b6c6e00411c37198ce3a0c3396565513c010895a1e78
OA-1419,indicators,GEX,https://docs.optionalpha.com/technical-documentation/indicators/gex,The page gives a worked example where 9.6b call gamma exposure and -1b put gamma exposure produce a net GEX of 8.6b.,"For example, if there is 9.6b call gamma exposure and -1b put gamma exposure, the net GEX is 8.6b.",DOCUMENTED,,2026-08-04,7a7651dbd55d9462ad78b6c6e00411c37198ce3a0c3396565513c010895a1e78
OA-1420,indicators,GEX,https://docs.optionalpha.com/technical-documentation/indicators/gex,"In the Daily Volume background chart colors, orange shading shows the total put volume for the day.",The orange shading shows the total put volume for the day; the blue shading shows total call volume for the day.,DOCUMENTED,,2026-08-04,7a7651dbd55d9462ad78b6c6e00411c37198ce3a0c3396565513c010895a1e78
OA-1421,indicators,GEX,https://docs.optionalpha.com/technical-documentation/indicators/gex,"In the Daily Volume background chart colors, blue shading shows the total call volume for the day.",The orange shading shows the total put volume for the day; the blue shading shows total call volume for the day.,DOCUMENTED,,2026-08-04,7a7651dbd55d9462ad78b6c6e00411c37198ce3a0c3396565513c010895a1e78
OA-1422,indicators,GEX,https://docs.optionalpha.com/technical-documentation/indicators/gex,"In the Daily Volume background chart colors, grey shading marks where put volume and call volume overlap.",Grey is where they overlap.,DOCUMENTED,,2026-08-04,7a7651dbd55d9462ad78b6c6e00411c37198ce3a0c3396565513c010895a1e78
OA-1423,indicators,GEX,https://docs.optionalpha.com/technical-documentation/indicators/gex,The GEX ratio is the ratio of negative to positive gamma exposure.,"The GEX ratio is the ratio of negative to positive gamma exposure, and it flips based on current ratio.",DOCUMENTED,,2026-08-04,7a7651dbd55d9462ad78b6c6e00411c37198ce3a0c3396565513c010895a1e78
OA-1424,indicators,GEX,https://docs.optionalpha.com/technical-documentation/indicators/gex,The GEX ratio flips based on the current ratio.,"The GEX ratio is the ratio of negative to positive gamma exposure, and it flips based on current ratio.",DOCUMENTED,,2026-08-04,7a7651dbd55d9462ad78b6c6e00411c37198ce3a0c3396565513c010895a1e78
OA-1425,indicators,GEX,https://docs.optionalpha.com/technical-documentation/indicators/gex,"The GEX ratio only includes displayed bars, so it can be adjusted for only the bars closest to the current price.",It only includes displayed bars so it can be adjusted for only closest to the current price.,DOCUMENTED,,2026-08-04,7a7651dbd55d9462ad78b6c6e00411c37198ce3a0c3396565513c010895a1e78
OA-1426,indicators,GEX,https://docs.optionalpha.com/technical-documentation/indicators/gex,"In the GEX ratio example, 2b negative and 3b positive gamma yields a 3b/2b = 1.5x positive-to-negative GEX ratio, shown in green.",2b neg and 3b pos = 3b / 2b = 1.5x positive to negative GEX ratio (green)\,DOCUMENTED,,2026-08-04,7a7651dbd55d9462ad78b6c6e00411c37198ce3a0c3396565513c010895a1e78
OA-1427,indicators,GEX,https://docs.optionalpha.com/technical-documentation/indicators/gex,"In the GEX ratio example, 3b negative and 2b positive gamma yields a -3b/2b = -1.5x negative-to-positive GEX ratio, shown in red.",3b neg and 2b pos = -3b / 2b = -1.5x negative to positive GEX ratio (red),DOCUMENTED,,2026-08-04,7a7651dbd55d9462ad78b6c6e00411c37198ce3a0c3396565513c010895a1e78
OA-1428,indicators,GEX,https://docs.optionalpha.com/technical-documentation/indicators/gex,GEX Sentiment is the percentage of bars nearest to the current price that are positive.,GEX sentiment is the % of bars nearest to the current price that are positive.,DOCUMENTED,,2026-08-04,7a7651dbd55d9462ad78b6c6e00411c37198ce3a0c3396565513c010895a1e78
OA-1429,indicators,GEX,https://docs.optionalpha.com/technical-documentation/indicators/gex,"The page shows an example chart with 8.2 times as much negative gamma as positive gamma, where only 43% of the included bars are positive.","In this chart, there is 8.2 times as much negative gamma as positive and only 43% of the included bars are positive:",DOCUMENTED,,2026-08-04,7a7651dbd55d9462ad78b6c6e00411c37198ce3a0c3396565513c010895a1e78
OA-1430,indicators,GEX,https://docs.optionalpha.com/technical-documentation/indicators/gex,"The page shows a second example chart with 6.5x as much positive gamma as negative gamma, where 55% of 40 bars nearest the money are positive, with a net total gamma of 14.6b.","In this chart, there is 6.5x as much positive gamma as negative and 55% of 40 bars nearest the money are positive with a net total gamma of 14.6b:",DOCUMENTED,,2026-08-04,7a7651dbd55d9462ad78b6c6e00411c37198ce3a0c3396565513c010895a1e78
OA-1431,indicators,GEX,https://docs.optionalpha.com/technical-documentation/indicators/gex,"The page links to a YouTube ""Gamma Exposure playlist"" for more information on how to use gamma exposure as a trader.","For more information about how we use gamma exposure to trade, check out this [**Gamma Exposure playlist**](https://www.youtube.com/playlist?list=PLhKnvfWKsu413dNhE8LrDNLlGL61bhwFt) on YouTube.",DOCUMENTED,,2026-08-04,7a7651dbd55d9462ad78b6c6e00411c37198ce3a0c3396565513c010895a1e78
OA-1432,indicators,GEX,https://docs.optionalpha.com/technical-documentation/indicators/gex,"The page does not state exactly how many bars/strikes are included by default when computing the GEX ratio or GEX sentiment, nor how a user adjusts that ""closest to current price"" range.",,DOCS-SILENT,"page does not specify the default or configurable number of strikes/bars used for GEX ratio and GEX sentiment calculations (the second example mentions ""40 bars"" but it is unclear if that is a fixed default or example-specific)",2026-08-04,7a7651dbd55d9462ad78b6c6e00411c37198ce3a0c3396565513c010895a1e78
OA-1433,indicators,GEX,https://docs.optionalpha.com/technical-documentation/indicators/gex,"The page does not explain what specific ratio threshold or mechanism causes the GEX ratio color/direction to ""flip.""",,DOCS-SILENT,page does not define the threshold or rule that triggers the GEX ratio to flip between positive/negative or green/red,2026-08-04,7a7651dbd55d9462ad78b6c6e00411c37198ce3a0c3396565513c010895a1e78
OA-1434,indicators,GEX,https://docs.optionalpha.com/technical-documentation/indicators/gex,"GEX is described as an options-market-structure concept derived from options greeks (gamma), open interest, and volume, rather than a price-series-based technical indicator like the other pages in this batch (CMO, DX, EMA, KAMA, MACD).",Gamma is an option greek that measures the rate at which the delta for an option contract will change based on +/- $1 change in the underlying price.,DOCUMENTED,,2026-08-04,7a7651dbd55d9462ad78b6c6e00411c37198ce3a0c3396565513c010895a1e78
OA-1435,indicators,KAMA,https://docs.optionalpha.com/technical-documentation/indicators/kama,The Kaufman Adaptive Moving Average (KAMA) indicator belongs to the group of adaptive moving averages.,The Kaufman Adaptive Moving Average (KAMA) indicator belongs to the group of adaptive moving averages.,DOCUMENTED,,2026-08-04,4d04b0be762fe95bf0542dd5fc3f5b96627cf125bdd54b4a40eb81cf73f2704d
OA-1436,indicators,KAMA,https://docs.optionalpha.com/technical-documentation/indicators/kama,"Like all moving averages, KAMA can be used to visualize the trend.","Like all moving averages, the KAMA can be used to visualize the trend.",DOCUMENTED,,2026-08-04,4d04b0be762fe95bf0542dd5fc3f5b96627cf125bdd54b4a40eb81cf73f2704d
OA-1437,indicators,KAMA,https://docs.optionalpha.com/technical-documentation/indicators/kama,KAMA is described as a powerful trend-following indicator based around the Exponential Moving Average (EMA).,This powerful trend-following indicator is based around the Exponential Moving Average (EMA) and is responsive to both trend and volatility.,DOCUMENTED,,2026-08-04,4d04b0be762fe95bf0542dd5fc3f5b96627cf125bdd54b4a40eb81cf73f2704d
OA-1438,indicators,KAMA,https://docs.optionalpha.com/technical-documentation/indicators/kama,KAMA is responsive to both trend and volatility.,This powerful trend-following indicator is based around the Exponential Moving Average (EMA) and is responsive to both trend and volatility.,DOCUMENTED,,2026-08-04,4d04b0be762fe95bf0542dd5fc3f5b96627cf125bdd54b4a40eb81cf73f2704d
OA-1439,indicators,KAMA,https://docs.optionalpha.com/technical-documentation/indicators/kama,KAMA closely follows price when noise is low.,It closely follows price when noise is low and attempts to smooth out market noise when price fluctuates.,DOCUMENTED,,2026-08-04,4d04b0be762fe95bf0542dd5fc3f5b96627cf125bdd54b4a40eb81cf73f2704d
OA-1440,indicators,KAMA,https://docs.optionalpha.com/technical-documentation/indicators/kama,KAMA attempts to smooth out market noise when price fluctuates.,It closely follows price when noise is low and attempts to smooth out market noise when price fluctuates.,DOCUMENTED,,2026-08-04,4d04b0be762fe95bf0542dd5fc3f5b96627cf125bdd54b4a40eb81cf73f2704d
OA-1441,indicators,KAMA,https://docs.optionalpha.com/technical-documentation/indicators/kama,The page states the source code for the KAMA function is available but does not provide a clickable link URL or embed the formula on the page.,The source code for the KAMA function is available here.,DOCUMENTED,,2026-08-04,4d04b0be762fe95bf0542dd5fc3f5b96627cf125bdd54b4a40eb81cf73f2704d
OA-1442,indicators,KAMA,https://docs.optionalpha.com/technical-documentation/indicators/kama,The page does not state a default lookback period (e.g. number of periods) used for the KAMA calculation.,,DOCS-SILENT,page does not specify a default period/lookback for KAMA,2026-08-04,4d04b0be762fe95bf0542dd5fc3f5b96627cf125bdd54b4a40eb81cf73f2704d
OA-1443,indicators,KAMA,https://docs.optionalpha.com/technical-documentation/indicators/kama,The page does not describe how the adaptive smoothing constant (fast/slow EMA constants or efficiency ratio) is calculated for KAMA.,,DOCS-SILENT,page does not explain the efficiency ratio or fast/slow smoothing constant formula that makes KAMA adaptive,2026-08-04,4d04b0be762fe95bf0542dd5fc3f5b96627cf125bdd54b4a40eb81cf73f2704d
OA-1444,indicators,MACD,https://docs.optionalpha.com/technical-documentation/indicators/macd,The moving average convergence/divergence (MACD) is a technical indicator of momentum that uses moving averages to determine a trend's strength.,The [moving average convergence/divergence (MACD)](https://optionalpha.com/analysis/technical-indicators#macd) is a technical indicator of [momentum](https://optionalpha.com/analysis/momentum-trend) that uses moving averages to determine a trend’s strength.,DOCUMENTED,,2026-08-04,c29b5b6f0f58ece1b180ac63256ad5e38ac6fb80ebfb223821ef8317555a898e
OA-1445,indicators,MACD,https://docs.optionalpha.com/technical-documentation/indicators/macd,"The MACD uses three exponential moving averages: a short term EMA, a long term EMA, and the average difference between the short and long term EMAs.","The MACD uses three exponential moving averages (a short term, a long term, and the average difference between the short and long term) to show price momentum.",DOCUMENTED,,2026-08-04,c29b5b6f0f58ece1b180ac63256ad5e38ac6fb80ebfb223821ef8317555a898e
OA-1446,indicators,MACD,https://docs.optionalpha.com/technical-documentation/indicators/macd,The three exponential moving averages used by MACD are intended to show price momentum.,"The MACD uses three exponential moving averages (a short term, a long term, and the average difference between the short and long term) to show price momentum.",DOCUMENTED,,2026-08-04,c29b5b6f0f58ece1b180ac63256ad5e38ac6fb80ebfb223821ef8317555a898e
OA-1447,indicators,MACD,https://docs.optionalpha.com/technical-documentation/indicators/macd,The page links out to an external Option Alpha page on technical indicators (optionalpha.com/analysis/technical-indicators#macd) for further MACD context.,[moving average convergence/divergence (MACD)](https://optionalpha.com/analysis/technical-indicators#macd),DOCUMENTED,,2026-08-04,c29b5b6f0f58ece1b180ac63256ad5e38ac6fb80ebfb223821ef8317555a898e
OA-1448,indicators,MACD,https://docs.optionalpha.com/technical-documentation/indicators/macd,"The page links out to an external Option Alpha page on momentum/trend (optionalpha.com/analysis/momentum-trend) to define ""momentum.""",[momentum](https://optionalpha.com/analysis/momentum-trend),DOCUMENTED,,2026-08-04,c29b5b6f0f58ece1b180ac63256ad5e38ac6fb80ebfb223821ef8317555a898e
OA-1449,indicators,MACD,https://docs.optionalpha.com/technical-documentation/indicators/macd,The source code for the MACD function is linked from the page at https://app.optionalpha.com/ta/MACD.txt.,The source code for the MACD function is found [here.](https://app.optionalpha.com/ta/MACD.txt),DOCUMENTED,,2026-08-04,c29b5b6f0f58ece1b180ac63256ad5e38ac6fb80ebfb223821ef8317555a898e
OA-1450,indicators,MACD,https://docs.optionalpha.com/technical-documentation/indicators/macd,"The page does not state the default periods (e.g. the standard 12/26/9) used for the MACD's short, long, and signal exponential moving averages.",,DOCS-SILENT,page does not specify default EMA period lengths (short/long/signal) used for MACD,2026-08-04,c29b5b6f0f58ece1b180ac63256ad5e38ac6fb80ebfb223821ef8317555a898e
OA-1451,indicators,MACD,https://docs.optionalpha.com/technical-documentation/indicators/macd,The page does not describe any overbought/oversold thresholds or signal-line crossover interpretation rules for MACD.,,DOCS-SILENT,"page gives no interpretation guidance (e.g. crossover signals, histogram meaning, threshold levels) for MACD",2026-08-04,c29b5b6f0f58ece1b180ac63256ad5e38ac6fb80ebfb223821ef8317555a898e
OA-1452,indicators,MFI,https://docs.optionalpha.com/technical-documentation/indicators/mfi,MFI stands for Money Flow Index.,"# MFI

## MFI",DOCUMENTED,,2026-08-04,62c8664a579ad39e37f32422b6ed4a808bbf63ea0c5b427c046e55bc4299b5f0
OA-1453,indicators,MFI,https://docs.optionalpha.com/technical-documentation/indicators/mfi,MFI is a technical indicator that generates overbought or oversold signals.,The Money Flow Index (MFI) is a technical indicator that generates overbought or oversold signals using both price and volume data.,DOCUMENTED,,2026-08-04,62c8664a579ad39e37f32422b6ed4a808bbf63ea0c5b427c046e55bc4299b5f0
OA-1454,indicators,MFI,https://docs.optionalpha.com/technical-documentation/indicators/mfi,"MFI uses both price and volume data in its calculation, unlike purely price-based oscillators.",using both price and volume data,DOCUMENTED,,2026-08-04,62c8664a579ad39e37f32422b6ed4a808bbf63ea0c5b427c046e55bc4299b5f0
OA-1455,indicators,MFI,https://docs.optionalpha.com/technical-documentation/indicators/mfi,An MFI reading above 80 is considered overbought.,An MFI reading above 80 is considered overbought,DOCUMENTED,,2026-08-04,62c8664a579ad39e37f32422b6ed4a808bbf63ea0c5b427c046e55bc4299b5f0
OA-1456,indicators,MFI,https://docs.optionalpha.com/technical-documentation/indicators/mfi,An MFI reading below 20 is considered oversold.,and an MFI reading below 20 is considered oversold.,DOCUMENTED,,2026-08-04,62c8664a579ad39e37f32422b6ed4a808bbf63ea0c5b427c046e55bc4299b5f0
OA-1457,indicators,MFI,https://docs.optionalpha.com/technical-documentation/indicators/mfi,MFI levels of 90 and 10 are also used as alternative overbought/oversold thresholds.,MFI levels of 90 and 10 are also used as thresholds.,DOCUMENTED,,2026-08-04,62c8664a579ad39e37f32422b6ed4a808bbf63ea0c5b427c046e55bc4299b5f0
OA-1458,indicators,MFI,https://docs.optionalpha.com/technical-documentation/indicators/mfi,"The page states source code for the MFI function is available but does not provide a working hyperlink on this page as fetched (the word ""here"" is not a markdown link).",The source code for the MFI function is available here.,DOCUMENTED,,2026-08-04,62c8664a579ad39e37f32422b6ed4a808bbf63ea0c5b427c046e55bc4299b5f0
OA-1459,indicators,MFI,https://docs.optionalpha.com/technical-documentation/indicators/mfi,"The page does not state a default lookback period for MFI (unlike RSI's page, which states 14 periods).",,DOCS-SILENT,what is the default lookback period for MFI in Option Alpha's implementation?,2026-08-04,62c8664a579ad39e37f32422b6ed4a808bbf63ea0c5b427c046e55bc4299b5f0
OA-1460,indicators,MOM,https://docs.optionalpha.com/technical-documentation/indicators/mom,MOM stands for the Momentum Indicator.,The Momentum Indicator (MOM) is a leading indicator measuring a security's rate of change.,DOCUMENTED,,2026-08-04,8aa55dfc3fe096b5233e6f414c112b1e5788a8d2624cdaef1007215d1ff01c9f
OA-1461,indicators,MOM,https://docs.optionalpha.com/technical-documentation/indicators/mom,MOM is classified as a leading indicator.,The Momentum Indicator (MOM) is a leading indicator measuring a security's rate of change.,DOCUMENTED,,2026-08-04,8aa55dfc3fe096b5233e6f414c112b1e5788a8d2624cdaef1007215d1ff01c9f
OA-1462,indicators,MOM,https://docs.optionalpha.com/technical-documentation/indicators/mom,MOM compares the current price with the price from a number of periods ago.,It compares the current price with the previous price from a number of periods ago.,DOCUMENTED,,2026-08-04,8aa55dfc3fe096b5233e6f414c112b1e5788a8d2624cdaef1007215d1ff01c9f
OA-1463,indicators,MOM,https://docs.optionalpha.com/technical-documentation/indicators/mom,The MOM plot forms an oscillator that moves above and below a zero line.,The plot forms an oscillator that moves above and below 0.,DOCUMENTED,,2026-08-04,8aa55dfc3fe096b5233e6f414c112b1e5788a8d2624cdaef1007215d1ff01c9f
OA-1464,indicators,MOM,https://docs.optionalpha.com/technical-documentation/indicators/mom,MOM is an unbounded oscillator with no lower or upper limit.,It is an unbounded oscillator with no lower or upper limit.,DOCUMENTED,,2026-08-04,8aa55dfc3fe096b5233e6f414c112b1e5788a8d2624cdaef1007215d1ff01c9f
OA-1465,indicators,MOM,https://docs.optionalpha.com/technical-documentation/indicators/mom,"The page states source code for the MOM function is available but does not provide a working hyperlink on this page as fetched (the word ""here"" is not a markdown link).",The source code for the MOM function is available here.,DOCUMENTED,,2026-08-04,8aa55dfc3fe096b5233e6f414c112b1e5788a8d2624cdaef1007215d1ff01c9f
OA-1466,indicators,MOM,https://docs.optionalpha.com/technical-documentation/indicators/mom,"The page does not state a default number of periods used for the ""previous price"" comparison in MOM.",,DOCS-SILENT,what is the default lookback period for the MOM indicator?,2026-08-04,8aa55dfc3fe096b5233e6f414c112b1e5788a8d2624cdaef1007215d1ff01c9f
OA-1467,indicators,ROC,https://docs.optionalpha.com/technical-documentation/indicators/roc,ROC stands for Rate of Change.,Rate of change (ROC) is a technical indicator of momentum that measures the percentage change in price from period to period.,DOCUMENTED,,2026-08-04,8cd5783a3a66df711919dbed368cd83688062cf1d277367ffd958768da9ce475
OA-1468,indicators,ROC,https://docs.optionalpha.com/technical-documentation/indicators/roc,ROC measures the percentage change in price from period to period.,measures the percentage change in price from period to period,DOCUMENTED,,2026-08-04,8cd5783a3a66df711919dbed368cd83688062cf1d277367ffd958768da9ce475
OA-1469,indicators,ROC,https://docs.optionalpha.com/technical-documentation/indicators/roc,"ROC is also referred to as ""momentum"" and is often used to confirm trends.",Rate of change is also referred to as “momentum” and is often used to confirm trends.,DOCUMENTED,,2026-08-04,8cd5783a3a66df711919dbed368cd83688062cf1d277367ffd958768da9ce475
OA-1470,indicators,ROC,https://docs.optionalpha.com/technical-documentation/indicators/roc,A negative divergence between price and momentum occurs when a security reaches a new high but the rate of change does not.,"For example, when a security reaches a new high but the rate of change does not, then there is a negative divergence between price and momentum.",DOCUMENTED,,2026-08-04,8cd5783a3a66df711919dbed368cd83688062cf1d277367ffd958768da9ce475
OA-1471,indicators,ROC,https://docs.optionalpha.com/technical-documentation/indicators/roc,The source code for the ROC function is linked to a hosted text file on Option Alpha's app domain.,The source code for the ROC function is available [here](https://app.optionalpha.com/ta/ROC.txt).,DOCUMENTED,,2026-08-04,8cd5783a3a66df711919dbed368cd83688062cf1d277367ffd958768da9ce475
OA-1472,indicators,ROC,https://docs.optionalpha.com/technical-documentation/indicators/roc,The source code comment notes that the interpretation of rate of change varies widely depending on which software and/or books are referenced.,"/* The interpretation of the rate of change varies widely depending
 * which software and/or books you are refering to.",DOCUMENTED,,2026-08-04,8cd5783a3a66df711919dbed368cd83688062cf1d277367ffd958768da9ce475
OA-1473,indicators,ROC,https://docs.optionalpha.com/technical-documentation/indicators/roc,"Per the TA-LIB table in the code comment, MOM is defined as (price - prevPrice).", *       MOM     = (price - prevPrice)         [Momentum],DOCUMENTED,,2026-08-04,8cd5783a3a66df711919dbed368cd83688062cf1d277367ffd958768da9ce475
OA-1474,indicators,ROC,https://docs.optionalpha.com/technical-documentation/indicators/roc,"Per the TA-LIB table in the code comment, ROC is defined as ((price/prevPrice)-1)*100.", *       ROC     = ((price/prevPrice)-1)*100   [Rate of change],DOCUMENTED,,2026-08-04,8cd5783a3a66df711919dbed368cd83688062cf1d277367ffd958768da9ce475
OA-1475,indicators,ROC,https://docs.optionalpha.com/technical-documentation/indicators/roc,"Per the TA-LIB table in the code comment, ROCP (Rate of change Percentage) is defined as (price-prevPrice)/prevPrice.", *       ROCP    = (price-prevPrice)/prevPrice [Rate of change Percentage],DOCUMENTED,,2026-08-04,8cd5783a3a66df711919dbed368cd83688062cf1d277367ffd958768da9ce475
OA-1476,indicators,ROC,https://docs.optionalpha.com/technical-documentation/indicators/roc,"Per the TA-LIB table in the code comment, ROCR (Rate of change ratio) is defined as (price/prevPrice).", *       ROCR    = (price/prevPrice)           [Rate of change ratio],DOCUMENTED,,2026-08-04,8cd5783a3a66df711919dbed368cd83688062cf1d277367ffd958768da9ce475
OA-1477,indicators,ROC,https://docs.optionalpha.com/technical-documentation/indicators/roc,"Per the TA-LIB table in the code comment, ROCR100 (Rate of change ratio 100 Scale) is defined as (price/prevPrice)*100.", *       ROCR100 = (price/prevPrice)*100       [Rate of change ratio 100 Scale],DOCUMENTED,,2026-08-04,8cd5783a3a66df711919dbed368cd83688062cf1d277367ffd958768da9ce475
OA-1478,indicators,ROC,https://docs.optionalpha.com/technical-documentation/indicators/roc,"The code comment maps TA-Lib's MOM function to Tradestation's ""Momentum"" and Metastock's ""ROC (Point)"".", *       MOM     |   Momentum       |    ROC (Point),DOCUMENTED,,2026-08-04,8cd5783a3a66df711919dbed368cd83688062cf1d277367ffd958768da9ce475
OA-1479,indicators,ROC,https://docs.optionalpha.com/technical-documentation/indicators/roc,"The code comment maps TA-Lib's ROC function to Tradestation's ""ROC"" and Metastock's ""ROC (Percent)"".", *       ROC     |   ROC            |    ROC (Percent),DOCUMENTED,,2026-08-04,8cd5783a3a66df711919dbed368cd83688062cf1d277367ffd958768da9ce475
OA-1480,indicators,ROC,https://docs.optionalpha.com/technical-documentation/indicators/roc,"The code comment maps TA-Lib's ROCP function to Tradestation's ""PercentChange"", with no Metastock equivalent listed.", *       ROCP    |   PercentChange  |    -,DOCUMENTED,,2026-08-04,8cd5783a3a66df711919dbed368cd83688062cf1d277367ffd958768da9ce475
OA-1481,indicators,ROC,https://docs.optionalpha.com/technical-documentation/indicators/roc,The code comment states ROCR has no Tradestation or Metastock equivalent listed., *       ROCR    |   -              |    -,DOCUMENTED,,2026-08-04,8cd5783a3a66df711919dbed368cd83688062cf1d277367ffd958768da9ce475
OA-1482,indicators,ROC,https://docs.optionalpha.com/technical-documentation/indicators/roc,"The code comment maps TA-Lib's ROCR100 function to Metastock's ""MO"", with no Tradestation equivalent listed.", *       ROCR100 |   -              |    MO,DOCUMENTED,,2026-08-04,8cd5783a3a66df711919dbed368cd83688062cf1d277367ffd958768da9ce475
OA-1483,indicators,ROC,https://docs.optionalpha.com/technical-documentation/indicators/roc,"The code comment states the MOM function is the only one of the group that is not normalized, and thus should be avoided for comparing different time series of prices."," * The MOM function is the only one who is not normalized, and thus
 * should be avoided for comparing different time serie of prices.",DOCUMENTED,,2026-08-04,8cd5783a3a66df711919dbed368cd83688062cf1d277367ffd958768da9ce475
OA-1484,indicators,ROC,https://docs.optionalpha.com/technical-documentation/indicators/roc,The code comment states ROC and ROCP are centered at zero and can have positive and negative values.," * ROC and ROCP are centered at zero and can have positive and negative
 * value. Here are some equivalence:",DOCUMENTED,,2026-08-04,8cd5783a3a66df711919dbed368cd83688062cf1d277367ffd958768da9ce475
OA-1485,indicators,ROC,https://docs.optionalpha.com/technical-documentation/indicators/roc,The code comment states ROCR and ROCR100 are ratios respectively centered at 1 and 100 and are always positive values.," * ROCR and ROCR100 are ratio respectively centered at 1 and 100 and are
 * always positive values.",DOCUMENTED,,2026-08-04,8cd5783a3a66df711919dbed368cd83688062cf1d277367ffd958768da9ce475
OA-1486,indicators,ROC,https://docs.optionalpha.com/technical-documentation/indicators/roc,"The page does not state a default lookback period (number of periods for ""prevPrice"") for ROC.",,DOCS-SILENT,what is the default lookback period used for ROC's prevPrice comparison?,2026-08-04,8cd5783a3a66df711919dbed368cd83688062cf1d277367ffd958768da9ce475
OA-1487,indicators,RSI,https://docs.optionalpha.com/technical-documentation/indicators/rsi,RSI stands for the relative strength index.,"The relative strength index (RSI) is a technical indicator of momentum that measures the speed and change of price on a scale of 0 to 100, typically over the past 14 periods.",DOCUMENTED,,2026-08-04,e5d1cf908eea45e7c6fcbad867a3d32d43ceb551fc7b9898f5b3e3e9fce98635
OA-1488,indicators,RSI,https://docs.optionalpha.com/technical-documentation/indicators/rsi,RSI measures the speed and change of price on a scale of 0 to 100.,measures the speed and change of price on a scale of 0 to 100,DOCUMENTED,,2026-08-04,e5d1cf908eea45e7c6fcbad867a3d32d43ceb551fc7b9898f5b3e3e9fce98635
OA-1489,indicators,RSI,https://docs.optionalpha.com/technical-documentation/indicators/rsi,RSI is typically calculated over the past 14 periods.,typically over the past 14 periods,DOCUMENTED,,2026-08-04,e5d1cf908eea45e7c6fcbad867a3d32d43ceb551fc7b9898f5b3e3e9fce98635
OA-1490,indicators,RSI,https://docs.optionalpha.com/technical-documentation/indicators/rsi,RSI readings over 70 are considered overbought.,Readings over 70 are considered overbought,DOCUMENTED,,2026-08-04,e5d1cf908eea45e7c6fcbad867a3d32d43ceb551fc7b9898f5b3e3e9fce98635
OA-1491,indicators,RSI,https://docs.optionalpha.com/technical-documentation/indicators/rsi,RSI readings below 30 are considered oversold.,while readings below 30 are considered oversold.,DOCUMENTED,,2026-08-04,e5d1cf908eea45e7c6fcbad867a3d32d43ceb551fc7b9898f5b3e3e9fce98635
OA-1492,indicators,RSI,https://docs.optionalpha.com/technical-documentation/indicators/rsi,The source code for the RSI function is linked to a hosted text file on Option Alpha's app domain.,The source code for the RSI function is available [here](https://app.optionalpha.com/ta/RSI.txt).,DOCUMENTED,,2026-08-04,e5d1cf908eea45e7c6fcbad867a3d32d43ceb551fc7b9898f5b3e3e9fce98635
OA-1493,indicators,RSI,https://docs.optionalpha.com/technical-documentation/indicators/rsi,The code comment gives the commonly-documented RSI formula as RSI = 100 - (100 / 1 + (prevGain/prevLoss)).,"/* Often documentation present the RSI calculation as follow:
 *    RSI = 100 - (100 / 1 + (prevGain/prevLoss))",DOCUMENTED,,2026-08-04,e5d1cf908eea45e7c6fcbad867a3d32d43ceb551fc7b9898f5b3e3e9fce98635
OA-1494,indicators,RSI,https://docs.optionalpha.com/technical-documentation/indicators/rsi,The code comment states an equivalent RSI formula is RSI = 100 * (prevGain/(prevGain+prevLoss)).," * The following is equivalent:
 *    RSI = 100 * (prevGain/(prevGain+prevLoss))",DOCUMENTED,,2026-08-04,e5d1cf908eea45e7c6fcbad867a3d32d43ceb551fc7b9898f5b3e3e9fce98635
OA-1495,indicators,RSI,https://docs.optionalpha.com/technical-documentation/indicators/rsi,The code comment states the second (multiplicative) RSI equation form is used for speed optimization., * The second equation is used here for speed optimization.,DOCUMENTED,,2026-08-04,e5d1cf908eea45e7c6fcbad867a3d32d43ceb551fc7b9898f5b3e3e9fce98635
OA-1496,indicators,RSI,https://docs.optionalpha.com/technical-documentation/indicators/rsi,The page does not specify what smoothing method (e.g. Wilder's smoothing vs simple average) is used to calculate prevGain/prevLoss in Option Alpha's RSI implementation.,,DOCS-SILENT,what smoothing method is used for prevGain/prevLoss in Option Alpha's RSI calculation?,2026-08-04,e5d1cf908eea45e7c6fcbad867a3d32d43ceb551fc7b9898f5b3e3e9fce98635
OA-1497,indicators,SMA,https://docs.optionalpha.com/technical-documentation/indicators/sma,SMA stands for simple moving average.,A simple moving average (SMA) is an arithmetic average of a set of data points where each data point is added together and then divided by the total number of data points.,DOCUMENTED,,2026-08-04,9e18bb02b296d10b7e7b925fb6967c22ae33f409f37d53d7603fbeb5fb61a328
OA-1498,indicators,SMA,https://docs.optionalpha.com/technical-documentation/indicators/sma,"SMA is calculated as an arithmetic average of a set of data points, summed and divided by the total number of data points.",is an arithmetic average of a set of data points where each data point is added together and then divided by the total number of data points,DOCUMENTED,,2026-08-04,9e18bb02b296d10b7e7b925fb6967c22ae33f409f37d53d7603fbeb5fb61a328
OA-1499,indicators,SMA,https://docs.optionalpha.com/technical-documentation/indicators/sma,The page gives a worked example of a 10-period SMA that sums the closing prices of the last 10 periods and divides by 10.,"For example, a 10-period simple moving average finds the closing price of the last 10-periods, sums the 10 closing prices, and divides by 10 to calculate the average closing price of the previous 10 periods.",DOCUMENTED,,2026-08-04,9e18bb02b296d10b7e7b925fb6967c22ae33f409f37d53d7603fbeb5fb61a328
OA-1500,indicators,SMA,https://docs.optionalpha.com/technical-documentation/indicators/sma,SMA is a rolling calculation where new periods are added and the oldest period is deleted from the calculation.,New periods are then added to the calculation and the oldest period is deleted from the calculation.,DOCUMENTED,,2026-08-04,9e18bb02b296d10b7e7b925fb6967c22ae33f409f37d53d7603fbeb5fb61a328
OA-1501,indicators,SMA,https://docs.optionalpha.com/technical-documentation/indicators/sma,"The page states source code for the SMA function is available but does not provide a working hyperlink on this page as fetched (the word ""here"" is not a markdown link).",The source code for the SMA function is available here.,DOCUMENTED,,2026-08-04,9e18bb02b296d10b7e7b925fb6967c22ae33f409f37d53d7603fbeb5fb61a328
OA-1502,indicators,SMA,https://docs.optionalpha.com/technical-documentation/indicators/sma,The page does not state a platform-wide default period for SMA (it only uses 10-period as an illustrative example).,,DOCS-SILENT,what is the default SMA period used in Option Alpha bots when not otherwise specified?,2026-08-04,9e18bb02b296d10b7e7b925fb6967c22ae33f409f37d53d7603fbeb5fb61a328
OA-1503,indicators,STOCH RSI,https://docs.optionalpha.com/technical-documentation/indicators/stoch-rsi,The Stochastic RSI (StochRSI) is an indicator that ranges between zero and 100.,ranges between zero and 100,DOCUMENTED,,2026-08-04,25406f0f96b81133982d6afb3df39f014db485a865e96a8973abf185337678af
OA-1504,indicators,STOCH RSI,https://docs.optionalpha.com/technical-documentation/indicators/stoch-rsi,StochRSI is created by applying the Stochastic oscillator formula to a set of RSI values rather than to standard price data.,created by applying the Stochastic oscillator formula to a set of relative strength index (RSI) values rather than to standard price data,DOCUMENTED,,2026-08-04,25406f0f96b81133982d6afb3df39f014db485a865e96a8973abf185337678af
OA-1505,indicators,STOCH RSI,https://docs.optionalpha.com/technical-documentation/indicators/stoch-rsi,Using RSI values within the Stochastic formula gives traders an idea of whether the current RSI value is overbought or oversold.,Using RSI values within the Stochastic formula gives traders an idea of whether the current RSI value is overbought or oversold.,DOCUMENTED,,2026-08-04,25406f0f96b81133982d6afb3df39f014db485a865e96a8973abf185337678af
OA-1506,indicators,STOCH RSI,https://docs.optionalpha.com/technical-documentation/indicators/stoch-rsi,The page does not specify what lookback period or parameters are used to calculate StochRSI on the Option Alpha platform.,,DOCS-SILENT,no default lookback/period parameter stated for StochRSI,2026-08-04,25406f0f96b81133982d6afb3df39f014db485a865e96a8973abf185337678af
OA-1507,indicators,STOCH RSI,https://docs.optionalpha.com/technical-documentation/indicators/stoch-rsi,"The page does not specify numeric overbought/oversold threshold levels for StochRSI (e.g., 80/20).",,DOCS-SILENT,no overbought/oversold threshold values given,2026-08-04,25406f0f96b81133982d6afb3df39f014db485a865e96a8973abf185337678af
OA-1508,indicators,STOCH,https://docs.optionalpha.com/technical-documentation/indicators/stoch,STOCH refers to the stochastic oscillator.,"The [stochastic oscillator](https://optionalpha.com/analysis/technical-indicators#stochastic-oscillator) is a technical indicator of momentum that shows where the closing price for a period fits in the relative high-low range of a lookback period, typically 14 periods.",DOCUMENTED,,2026-08-04,f89546b988b7f7a7484f244401e35401736397f4508eb88a97072efb44bb962d
OA-1509,indicators,STOCH,https://docs.optionalpha.com/technical-documentation/indicators/stoch,The stochastic oscillator shows where the closing price for a period fits in the relative high-low range of a lookback period.,is a technical indicator of momentum that shows where the closing price for a period fits in the relative high-low range of a lookback period,DOCUMENTED,,2026-08-04,f89546b988b7f7a7484f244401e35401736397f4508eb88a97072efb44bb962d
OA-1510,indicators,STOCH,https://docs.optionalpha.com/technical-documentation/indicators/stoch,The typical lookback period for the stochastic oscillator is 14 periods.,typically 14 periods,DOCUMENTED,,2026-08-04,f89546b988b7f7a7484f244401e35401736397f4508eb88a97072efb44bb962d
OA-1511,indicators,STOCH,https://docs.optionalpha.com/technical-documentation/indicators/stoch,The stochastic oscillator expresses the closing price for a period as a percentage of the recent high and low for a security.,The stochastic oscillator expresses the closing price for a period as a percentage of the recent high and low for a security.,DOCUMENTED,,2026-08-04,f89546b988b7f7a7484f244401e35401736397f4508eb88a97072efb44bb962d
OA-1512,indicators,STOCH,https://docs.optionalpha.com/technical-documentation/indicators/stoch,The most recent closing price is the most important data point in the stochastic oscillator calculation.,The most recent closing price is the most important data point in the calculation.,DOCUMENTED,,2026-08-04,f89546b988b7f7a7484f244401e35401736397f4508eb88a97072efb44bb962d
OA-1513,indicators,STOCH,https://docs.optionalpha.com/technical-documentation/indicators/stoch,The stochastic oscillator is plotted as two lines.,The stochastic oscillator is plotted as two lines.,DOCUMENTED,,2026-08-04,f89546b988b7f7a7484f244401e35401736397f4508eb88a97072efb44bb962d
OA-1514,indicators,STOCH,https://docs.optionalpha.com/technical-documentation/indicators/stoch,"The first plotted line is the current stochastic oscillator percentage value, known as %K.","The first line is the current stochastic oscillator percentage value, and the second line is a three-day simple moving average of the percentage value. These are known as %K and %D, respectively.",DOCUMENTED,,2026-08-04,f89546b988b7f7a7484f244401e35401736397f4508eb88a97072efb44bb962d
OA-1515,indicators,STOCH,https://docs.optionalpha.com/technical-documentation/indicators/stoch,"The second plotted line, %D, is a three-day simple moving average of the %K percentage value.",the second line is a three-day simple moving average of the percentage value,DOCUMENTED,,2026-08-04,f89546b988b7f7a7484f244401e35401736397f4508eb88a97072efb44bb962d
OA-1516,indicators,STOCH,https://docs.optionalpha.com/technical-documentation/indicators/stoch,The source code for the Stochastic Oscillator function is linked to a hosted text file on Option Alpha's app domain.,Source code for the Stochastic Oscillator function is available [here.](https://app.optionalpha.com/ta/STOCH.txt),DOCUMENTED,,2026-08-04,f89546b988b7f7a7484f244401e35401736397f4508eb88a97072efb44bb962d
OA-1517,indicators,STOCH,https://docs.optionalpha.com/technical-documentation/indicators/stoch,The page does not state standard overbought/oversold threshold values (e.g. 80/20) for the stochastic oscillator.,,DOCS-SILENT,what are the overbought and oversold threshold levels for the stochastic oscillator in Option Alpha's usage?,2026-08-04,f89546b988b7f7a7484f244401e35401736397f4508eb88a97072efb44bb962d
OA-1518,indicators,TRIMA,https://docs.optionalpha.com/technical-documentation/indicators/trima,The Triangular Moving Average (TRIMA) represents an average of prices but places weight on the middle prices of the time period.,The Triangular Moving Average (TRIMA) represents an average of prices but places weight on the middle prices of the time period.,DOCUMENTED,,2026-08-04,57af15124ece765168421860e07873b7d86ee66b99565655bf78bfad2589bb11
OA-1519,indicators,TRIMA,https://docs.optionalpha.com/technical-documentation/indicators/trima,The TRIMA calculation double-smooths the data using a window width that is one-half the length of the series.,The calculations double-smooths the data using a window width that is one-half the length of the series.,DOCUMENTED,,2026-08-04,57af15124ece765168421860e07873b7d86ee66b99565655bf78bfad2589bb11
OA-1520,indicators,TRIMA,https://docs.optionalpha.com/technical-documentation/indicators/trima,The page states that source code for the TRIMA function is available.,The source code for the TRIMA function is available here.,DOCUMENTED,,2026-08-04,57af15124ece765168421860e07873b7d86ee66b99565655bf78bfad2589bb11
OA-1521,indicators,TRIMA,https://docs.optionalpha.com/technical-documentation/indicators/trima,"According to the embedded source code description, the triangular moving average is a weighted moving average.",The triangular MA is a weighted moving average.,DOCUMENTED,,2026-08-04,57af15124ece765168421860e07873b7d86ee66b99565655bf78bfad2589bb11
OA-1522,indicators,TRIMA,https://docs.optionalpha.com/technical-documentation/indicators/trima,"Unlike TA_WMA, which weights the latest price bar most heavily, TRIMA weights the data in the middle of the specified period most heavily, per the source code comments.","TA_WMA who put more weigth on the latest price bar, the triangular",DOCUMENTED,,2026-08-04,57af15124ece765168421860e07873b7d86ee66b99565655bf78bfad2589bb11
OA-1523,indicators,TRIMA,https://docs.optionalpha.com/technical-documentation/indicators/trima,"Per the source code example, for a 4-period TRIMA, the first value is calculated as ((1*a)+(2*b)+(2*c)+(1*d)) / 6.",1st value for TRIMA 4-Period is:  ((1*a)+(2*b)+(2*c)+(1*d)) / 6,DOCUMENTED,,2026-08-04,57af15124ece765168421860e07873b7d86ee66b99565655bf78bfad2589bb11
OA-1524,indicators,TRIMA,https://docs.optionalpha.com/technical-documentation/indicators/trima,"Per the source code example, for a 5-period TRIMA, the first value is calculated as ((1*a)+(2*b)+(3*c)+(2*d)+(1*e)) / 9.",1st value for TRIMA 5-Period is:  ((1*a)+(2*b)+(3*c)+(2*d)+(1*e)) / 9,DOCUMENTED,,2026-08-04,57af15124ece765168421860e07873b7d86ee66b99565655bf78bfad2589bb11
OA-1525,indicators,TRIMA,https://docs.optionalpha.com/technical-documentation/indicators/trima,"Under the generally accepted implementation, algebra demonstrates TRIMA is equivalent to computing a simple moving average (SMA) of an SMA.",doing a SMA of a SMA,DOCUMENTED,,2026-08-04,57af15124ece765168421860e07873b7d86ee66b99565655bf78bfad2589bb11
OA-1526,indicators,TRIMA,https://docs.optionalpha.com/technical-documentation/indicators/trima,"Under the generally accepted implementation, when the period is even, TRIMA(x,period)=SMA(SMA(x,period/2),(period/2)+1).","When the period is even, TRIMA(x,period)=SMA(SMA(x,period/2),(period/2)+1)",DOCUMENTED,,2026-08-04,57af15124ece765168421860e07873b7d86ee66b99565655bf78bfad2589bb11
OA-1527,indicators,TRIMA,https://docs.optionalpha.com/technical-documentation/indicators/trima,"Under the generally accepted implementation, when the period is odd, TRIMA(x,period)=SMA(SMA(x,(period+1)/2),(period+1)/2).","When the period is odd,  TRIMA(x,period)=SMA(SMA(x,(period+1)/2),(period+1)/2)",DOCUMENTED,,2026-08-04,57af15124ece765168421860e07873b7d86ee66b99565655bf78bfad2589bb11
OA-1528,indicators,TRIMA,https://docs.optionalpha.com/technical-documentation/indicators/trima,The Tradestation implementation of TRIMA deviates from the generally accepted implementation.,Tradestation deviate from the generally accepted implementation by,DOCUMENTED,,2026-08-04,57af15124ece765168421860e07873b7d86ee66b99565655bf78bfad2589bb11
OA-1529,indicators,TRIMA,https://docs.optionalpha.com/technical-documentation/indicators/trima,"Under the Tradestation implementation, TRIMA(x,period) = SMA(SMA(x,(int)(period/2)+1),(int)(period/2)+1) regardless of whether the period is even or odd.","TRIMA(x,period) = SMA( SMA( x, (int)(period/2)+1), (int)(period/2)+1 );",DOCUMENTED,,2026-08-04,57af15124ece765168421860e07873b7d86ee66b99565655bf78bfad2589bb11
OA-1530,indicators,TRIMA,https://docs.optionalpha.com/technical-documentation/indicators/trima,The source code comments state it is unclear whether the Tradestation approach's deviation is a bug or a deliberate design decision.,It is not clear to me if the Tradestation approach is a bug or a deliberate,DOCUMENTED,,2026-08-04,57af15124ece765168421860e07873b7d86ee66b99565655bf78bfad2589bb11
OA-1531,indicators,TRIMA,https://docs.optionalpha.com/technical-documentation/indicators/trima,The Metastock implementation of TRIMA produces the same output as the generally accepted implementation.,Output is the same as the generally accepted implementation.,DOCUMENTED,,2026-08-04,57af15124ece765168421860e07873b7d86ee66b99565655bf78bfad2589bb11
OA-1532,indicators,TRIMA,https://docs.optionalpha.com/technical-documentation/indicators/trima,The TA-Lib implementation of TRIMA also produces the same output as the generally accepted implementation.,Output is also the same as the generally accepted implementation.,DOCUMENTED,,2026-08-04,57af15124ece765168421860e07873b7d86ee66b99565655bf78bfad2589bb11
OA-1533,indicators,TRIMA,https://docs.optionalpha.com/technical-documentation/indicators/trima,"For speed optimization and to avoid memory allocation, TA-Lib uses a different, more efficient algorithm than the usual SMA-of-an-SMA approach to compute TRIMA.","For speed optimization and avoid memory allocation, TA-Lib use",DOCUMENTED,,2026-08-04,57af15124ece765168421860e07873b7d86ee66b99565655bf78bfad2589bb11
OA-1534,indicators,TRIMA,https://docs.optionalpha.com/technical-documentation/indicators/trima,The page does not state what default period parameter Option Alpha uses for TRIMA on its platform.,,DOCS-SILENT,no default period parameter stated for TRIMA on the OA platform,2026-08-04,57af15124ece765168421860e07873b7d86ee66b99565655bf78bfad2589bb11
OA-1535,indicators,ULTIMATE OSCILLATOR,https://docs.optionalpha.com/technical-documentation/indicators/ultimate-oscillator,The Ultimate Oscillator was developed by Larry Williams in 1976.,The Ultimate Oscillator was developed by Larry Williams in 1976,DOCUMENTED,,2026-08-04,33e30161bdcaf7da553bed56cf0a32fcf8b0fddc2683ceb0ad58f361920a2d48
OA-1536,indicators,ULTIMATE OSCILLATOR,https://docs.optionalpha.com/technical-documentation/indicators/ultimate-oscillator,The Ultimate Oscillator measures the price momentum of an asset across multiple timeframes.,to measure the price momentum of an asset across multiple timeframes,DOCUMENTED,,2026-08-04,33e30161bdcaf7da553bed56cf0a32fcf8b0fddc2683ceb0ad58f361920a2d48
OA-1537,indicators,ULTIMATE OSCILLATOR,https://docs.optionalpha.com/technical-documentation/indicators/ultimate-oscillator,The Ultimate Oscillator uses the weighted averages of three different timeframes.,It uses the weighted averages of three different timeframes,DOCUMENTED,,2026-08-04,33e30161bdcaf7da553bed56cf0a32fcf8b0fddc2683ceb0ad58f361920a2d48
OA-1538,indicators,ULTIMATE OSCILLATOR,https://docs.optionalpha.com/technical-documentation/indicators/ultimate-oscillator,Using weighted averages of three timeframes makes the Ultimate Oscillator have less volatility and produce fewer trade signals compared to oscillators relying on a single timeframe.,which makes the indicator have less volatility and produce fewer trade signals compared to other oscillators that rely on a single timeframe,DOCUMENTED,,2026-08-04,33e30161bdcaf7da553bed56cf0a32fcf8b0fddc2683ceb0ad58f361920a2d48
OA-1539,indicators,ULTIMATE OSCILLATOR,https://docs.optionalpha.com/technical-documentation/indicators/ultimate-oscillator,"The page does not specify the numeric value range (e.g., 0-100) of the Ultimate Oscillator.",,DOCS-SILENT,no stated value range for the Ultimate Oscillator,2026-08-04,33e30161bdcaf7da553bed56cf0a32fcf8b0fddc2683ceb0ad58f361920a2d48
OA-1540,indicators,ULTIMATE OSCILLATOR,https://docs.optionalpha.com/technical-documentation/indicators/ultimate-oscillator,"The page does not specify what the three timeframe periods (e.g., 7/14/28) used in the Ultimate Oscillator calculation are.",,DOCS-SILENT,no specific timeframe period values given,2026-08-04,33e30161bdcaf7da553bed56cf0a32fcf8b0fddc2683ceb0ad58f361920a2d48
OA-1541,indicators,ULTIMATE OSCILLATOR,https://docs.optionalpha.com/technical-documentation/indicators/ultimate-oscillator,The page does not specify overbought/oversold threshold levels for the Ultimate Oscillator.,,DOCS-SILENT,no overbought/oversold threshold values given,2026-08-04,33e30161bdcaf7da553bed56cf0a32fcf8b0fddc2683ceb0ad58f361920a2d48
OA-1542,indicators,WILLIAMS %R,https://docs.optionalpha.com/technical-documentation/indicators/williams-r,Williams %R (Williams Percent Range) is a momentum indicator that moves between 0 and -100.,moves between 0 and -100,DOCUMENTED,,2026-08-04,9c6faa46bf1b092f9a3b3d2a3f1bc63bf93cc1e4f00a0bf545779d50dc68d0c0
OA-1543,indicators,WILLIAMS %R,https://docs.optionalpha.com/technical-documentation/indicators/williams-r,Williams %R measures overbought and oversold levels.,measures overbought and oversold levels,DOCUMENTED,,2026-08-04,9c6faa46bf1b092f9a3b3d2a3f1bc63bf93cc1e4f00a0bf545779d50dc68d0c0
OA-1544,indicators,WILLIAMS %R,https://docs.optionalpha.com/technical-documentation/indicators/williams-r,Williams %R is very similar to the Stochastic oscillator and is generally used in the same way.,The indicator is very similar to the Stochastic oscillator and is generally used in the same way.,DOCUMENTED,,2026-08-04,9c6faa46bf1b092f9a3b3d2a3f1bc63bf93cc1e4f00a0bf545779d50dc68d0c0
OA-1545,indicators,WILLIAMS %R,https://docs.optionalpha.com/technical-documentation/indicators/williams-r,Williams %R was developed by Larry Williams.,It was developed by Larry Williams,DOCUMENTED,,2026-08-04,9c6faa46bf1b092f9a3b3d2a3f1bc63bf93cc1e4f00a0bf545779d50dc68d0c0
OA-1546,indicators,WILLIAMS %R,https://docs.optionalpha.com/technical-documentation/indicators/williams-r,Williams %R compares a stock's closing price to the high-low range over a specific period.,it compares a stock’s closing price to the high-low range over a specific period,DOCUMENTED,,2026-08-04,9c6faa46bf1b092f9a3b3d2a3f1bc63bf93cc1e4f00a0bf545779d50dc68d0c0
OA-1547,indicators,WILLIAMS %R,https://docs.optionalpha.com/technical-documentation/indicators/williams-r,The typical period used for Williams %R is 14 days or periods.,typically 14 days or periods,DOCUMENTED,,2026-08-04,9c6faa46bf1b092f9a3b3d2a3f1bc63bf93cc1e4f00a0bf545779d50dc68d0c0
OA-1548,indicators,WILLIAMS %R,https://docs.optionalpha.com/technical-documentation/indicators/williams-r,"The page does not specify numeric overbought/oversold threshold levels for Williams %R (e.g., -20/-80).",,DOCS-SILENT,no overbought/oversold threshold values given,2026-08-04,9c6faa46bf1b092f9a3b3d2a3f1bc63bf93cc1e4f00a0bf545779d50dc68d0c0
