bot,pillar,underlying,role,epoch,trade_id,symbol,structure,status,quantity,credit,exit_price,pnl,risk,open_date,close_date,expiration,tags,single_sided,short_put,long_put,short_call,long_call,premium,underlying_open,underlying_close,mfe_pct,mae_pct,mfe_date,mae_date
IC-SPX-FastPT25-S2-130PM,IC,SPX,experiment,baseline,T00849,SPX,shortcallspread,expired,10,0.2,0,200,4800,2026-10-06 13:31:01,2026-10-06 16:15:00,2026-10-06 16:00:00,call side,False,,,7845,7850,-200,7824.08,7818.93,1,-1.1,2026-10-06 15:14:00,2026-10-06 13:35:00
IC-SPX-FastPT25-S2-130PM,IC,SPX,experiment,baseline,T00849,SPX,shortputspread,expired,10,0.3,0,300,4700,2026-10-06 13:31:01,2026-10-06 16:15:00,2026-10-06 16:00:00,put side,False,7800,7795,,,-300,7824.16,7818.93,1,0,2026-10-06 14:52:00,2026-10-06 13:31:01
GF-QQQ-IC-Touch0,IC,QQQ,experiment,post-fix,T00851,QQQ,shortputspread,closed,26,0.07,0.05,52,5018,2026-10-06 13:56:11,2026-10-06 15:50:06,2026-10-06 16:00:00,put side,True,758,756,,,-182,760.74,760.15,0.71428571,-0.14285714,2026-10-06 15:06:00,2026-10-06 13:57:00
GF-QQQ-IC-Ride,IC,QQQ,control,post-fix,T00853,QQQ,shortputspread,closed,26,0.07,0.05,52,5018,2026-10-06 13:56:11,2026-10-06 15:50:06,2026-10-06 16:00:00,put side,True,758,756,,,-182,760.74,760.15,0.71428571,-0.14285714,2026-10-06 15:06:00,2026-10-06 13:57:00
GF-QQQ-IC-Ride,IC,QQQ,control,post-fix,T00852,QQQ,shortcallspread,closed,26,0.08,0.01,182,4992,2026-10-06 13:35:13,2026-10-06 15:50:00,2026-10-06 16:00:00,call side,True,,,763,765,-208,760.94,760.38,1,-0.625,2026-10-06 15:40:00,2026-10-06 14:05:00
GF-QQQ-IC-Trail,IC,QQQ,experiment,post-fix,T00854,QQQ,shortcallspread,closed,26,0.08,0.01,182,4992,2026-10-06 13:35:13,2026-10-06 15:50:00,2026-10-06 16:00:00,call side,True,,,763,765,-208,760.94,760.38,1,-0.625,2026-10-06 15:40:00,2026-10-06 14:05:00
GF-QQQ-IC-Touch0,IC,QQQ,experiment,post-fix,T00850,QQQ,shortcallspread,closed,26,0.08,0.01,182,4992,2026-10-06 13:35:13,2026-10-06 15:50:00,2026-10-06 16:00:00,call side,True,,,763,765,-208,760.94,760.38,1,-0.625,2026-10-06 15:40:00,2026-10-06 14:05:00
GF-QQQ-IC-SL100,IC,QQQ,experiment,post-fix,T00855,QQQ,shortcallspread,closed,26,0.08,0.01,182,4992,2026-10-06 13:35:13,2026-10-06 15:50:00,2026-10-06 16:00:00,call side,True,,,763,765,-208,760.94,760.38,1,-0.625,2026-10-06 15:40:00,2026-10-06 14:05:00
GF-QQQ-IC-SL200,IC,QQQ,experiment,post-fix,T00856,QQQ,shortcallspread,closed,26,0.08,0.01,182,4992,2026-10-06 13:35:13,2026-10-06 15:50:00,2026-10-06 16:00:00,call side,True,,,763,765,-208,760.94,760.38,1,-0.625,2026-10-06 15:40:00,2026-10-06 14:05:00
GF-QQQ-IC-PT50,IC,QQQ,experiment,post-fix,T00857,QQQ,shortcallspread,closed,26,0.08,0.04,104,4992,2026-10-06 13:35:13,2026-10-06 14:34:06,2026-10-06 16:00:00,call side,True,,,763,765,-208,760.94,760.71,0.625,-0.625,2026-10-06 14:34:00,2026-10-06 14:05:00
GF-QQQ-IC-Canary,IC,QQQ,instrument,post-fix,T00859,QQQ,shortputspread,closed,1,0.07,0.06,1,193,2026-10-06 13:56:11,2026-10-06 14:03:06,2026-10-06 16:00:00,put side,True,758,756,,,-7,760.74,761.27,0.28571429,-0.14285714,2026-10-06 14:03:00,2026-10-06 13:57:00
GF-QQQ-IC-Canary,IC,QQQ,instrument,post-fix,T00858,QQQ,shortcallspread,closed,1,0.08,0.07,1,192,2026-10-06 13:35:13,2026-10-06 13:56:06,2026-10-06 16:00:00,call side,True,,,763,765,-8,760.94,760.82,0.25,-0.375,2026-10-06 13:56:00,2026-10-06 13:38:00
Nigiri-Paper-v1,OA-Mirror,,mirror-watch,baseline,T00860,SPY,shortputspread,closed,10,0.09,0.02,70,4910,2026-10-05 09:45:25,2026-10-06 09:58:06,2026-10-09 16:00:00,,True,749,744,,,-90,770.79,779.86,0.88888889,-0.33333333,2026-10-06 09:58:00,2026-10-05 10:00:00
GF-QQQ-IC-Trail,IC,QQQ,experiment,post-fix,T00861,QQQ,shortcallspread,closed,26,0.07,0.06,26,5018,2026-10-05 13:38:13,2026-10-05 15:50:07,2026-10-05 16:00:00,call side,True,,,757,759,-182,754.77,755.77,0.28571429,-4.71428571,2026-10-05 15:50:00,2026-10-05 15:19:00
GF-QQQ-IC-Touch0,IC,QQQ,experiment,post-fix,T00862,QQQ,shortcallspread,closed,26,0.07,0.06,26,5018,2026-10-05 13:38:13,2026-10-05 15:50:07,2026-10-05 16:00:00,call side,True,,,757,759,-182,754.77,755.77,0.28571429,-4.71428571,2026-10-05 15:50:00,2026-10-05 15:19:00
GF-QQQ-IC-Canary,IC,QQQ,instrument,post-fix,T00863,QQQ,shortcallspread,closed,1,0.07,0.06,1,193,2026-10-05 13:38:13,2026-10-05 15:50:07,2026-10-05 16:00:00,call side,True,,,757,759,-7,754.77,755.77,0.28571429,-4.71428571,2026-10-05 15:50:00,2026-10-05 15:19:00
GF-QQQ-IC-Ride,IC,QQQ,control,post-fix,T00864,QQQ,shortcallspread,closed,26,0.07,0.06,26,5018,2026-10-05 13:38:13,2026-10-05 15:50:07,2026-10-05 16:00:00,call side,True,,,757,759,-182,754.77,755.77,0.28571429,-4.71428571,2026-10-05 15:50:00,2026-10-05 15:19:00
GF-QQQ-IC-PT50,IC,QQQ,experiment,post-fix,T00865,QQQ,shortcallspread,closed,26,0.07,0.06,26,5018,2026-10-05 13:38:13,2026-10-05 15:50:07,2026-10-05 16:00:00,call side,True,,,757,759,-182,754.77,755.77,0.28571429,-4.71428571,2026-10-05 15:50:00,2026-10-05 15:19:00
IC-SPX-FastPT25-S2-130PM,IC,SPX,experiment,baseline,T00866,SPX,shortputspread,closed,10,0.2,0.05,150,4800,2026-10-05 13:31:01,2026-10-05 15:15:03,2026-10-05 16:00:00,put side,False,7750,7745,,,-200,7770.95,7790.12,1,-0.15,2026-10-05 14:31:00,2026-10-05 13:31:01
IC-SPX-FastPT25-S2-130PM,IC,SPX,experiment,baseline,T00866,SPX,shortcallspread,closed,10,0.2,1.95,-1750,4800,2026-10-05 13:31:03,2026-10-05 15:15:01,2026-10-05 16:00:00,call side,False,,,7790,7795,-200,7771.07,7790.35,0.25,-8.1,2026-10-05 13:41:00,2026-10-05 15:15:00
GF-QQQ-IC-SL200,IC,QQQ,experiment,post-fix,T00867,QQQ,shortcallspread,closed,26,0.07,0.27,-520,5018,2026-10-05 13:38:13,2026-10-05 15:03:12,2026-10-05 16:00:00,call side,True,,,757,759,-182,754.77,756.27,0.14285714,-2.71428571,2026-10-05 13:41:00,2026-10-05 15:03:00
GF-QQQ-IC-SL100,IC,QQQ,experiment,post-fix,T00868,QQQ,shortcallspread,closed,26,0.07,0.19,-312,5018,2026-10-05 13:38:13,2026-10-05 13:45:13,2026-10-05 16:00:00,call side,True,,,757,759,-182,754.77,755.58,0.14285714,-1.57142857,2026-10-05 13:41:00,2026-10-05 13:45:00
IC-SPX-FastPT25-S2,IC,SPX,live-candidate,post-fix,T00869,SPX,shortputspread,closed,10,0.1,0.15,-50,4900,2026-10-05 11:01:01,2026-10-05 11:04:01,2026-10-05 16:00:00,put side,True,7700,7695,,,-100,7756.64,7754.42,0,-0.3,2026-10-05 11:01:01,2026-10-05 11:04:00
3DTE $140-$350,OA-Mirror,SPX,mirror-watch,baseline,T00870,SPX,ironcondor,closed,1,0.55,0.15,40,945,2026-10-02 10:00:06,2026-10-05 11:00:01,2026-10-07 16:00:00,"170,60percent",False,7560,7550,7910,7920,-55,7731.52,7756.74,0.78181818,-0.54545455,2026-10-05 10:12:00,2026-10-02 11:15:00
Friday 14 DTE Broken Wing IB (B-70),OA-Mirror,,mirror-watch,baseline,T00871,SPX,ironbutterfly,closed,1,41.05,39.5,155,1895,2026-10-02 10:30:05,2026-10-05 10:21:01,2026-10-16 16:00:00,14 dte,False,7680,7620,7680,7720,-4105,7749.34,7756.58,0.03775883,-0.02070646,2026-10-05 10:21:00,2026-10-02 11:46:00
Nigiri-Paper-v1,OA-Mirror,,mirror-watch,baseline,T00872,SPY,shortputspread,closed,10,0.09,0.06,30,4910,2026-10-02 09:45:24,2026-10-05 09:45:13,2026-10-09 16:00:00,,True,744,739,,,-90,771.8,770.79,0.44444444,-0.88888889,2026-10-05 09:32:00,2026-10-02 11:21:00
IC-SPX-FastPT25-S2-130PM,IC,SPX,experiment,baseline,T00873,SPX,shortcallspread,expired,10,0.3,0,300,4700,2026-10-02 13:31:02,2026-10-02 16:15:00,2026-10-02 16:00:00,call side,False,,,7740,7745,-300,7713.33,7722.72,1,-0.76666667,2026-10-02 15:55:00,2026-10-02 13:52:00
IC-SPX-FastPT25-S2-130PM,IC,SPX,experiment,baseline,T00873,SPX,shortputspread,expired,10,0.3,0,300,4700,2026-10-02 13:31:01,2026-10-02 16:15:00,2026-10-02 16:00:00,put side,False,7680,7675,,,-300,7713.28,7722.72,1,0,2026-10-02 14:52:00,2026-10-02 13:31:01
IC-SPX-Fortress-Unstopped,IC,SPX,control,post-fix,T00874,SPX,shortputspread,expired,10,0.1,0,100,4900,2026-10-02 13:31:01,2026-10-02 16:15:00,2026-10-02 16:00:00,put side,True,7655,7650,,,-100,7713.28,7722.72,1,0,2026-10-02 13:36:00,2026-10-02 13:37:00
IC-SPX-FastPT25-S2,IC,SPX,live-candidate,post-fix,T00875,SPX,shortputspread,closed,10,0.3,0.45,-150,4700,2026-10-02 11:10:04,2026-10-02 11:13:02,2026-10-02 16:00:00,put side,False,7660,7655,,,-300,7718.77,7710.5,0,-0.5,2026-10-02 11:10:04,2026-10-02 11:13:00
IC-SPX-FastPT25-S2,IC,SPX,live-candidate,post-fix,T00875,SPX,shortcallspread,closed,10,0.15,0.1,50,4850,2026-10-02 11:08:02,2026-10-02 11:10:03,2026-10-02 16:00:00,call side,False,,,7780,7785,-150,7723.9,7718.77,0.33333333,0,2026-10-02 11:10:00,2026-10-02 11:08:03
DIR-SPX-CallVIXdrop,Directional,SPX,experiment,post-fix,T00876,SPX,longcallspread,closed,1,6.2,2.95,-325,620,2026-10-02 11:00:03,2026-10-02 11:10:01,2026-10-02 16:00:00,,False,,,7755,7740,620,7738.72,7718.9,0,-0.52903226,2026-10-02 11:00:03,2026-10-02 11:10:00
Trendy-Paper-v1,OA-Mirror,,mirror-watch,baseline,T00877,SPY,shortputspread,closed,1,0.61,0.03,58,939,2026-09-22 10:00:02,2026-10-02 09:45:16,2026-10-02 16:00:00,,True,757,747,,,-61,773.79,771.87,0.96721311,-2.13114754,2026-10-02 09:36:00,2026-10-01 11:11:00
Nigiri-Paper-v1,OA-Mirror,,mirror-watch,baseline,T00878,SPY,shortputspread,closed,10,0.1,0.03,70,4900,2026-10-01 13:30:30,2026-10-02 09:45:13,2026-10-09 16:00:00,,True,731,726,,,-100,764.33,771.76,0.8,-0.4,2026-10-02 09:37:00,2026-10-01 14:07:00
3DTE $140-$350,OA-Mirror,SPX,mirror-watch,baseline,T00879,SPX,ironcondor,closed,1,0.5,0.1,40,950,2026-09-30 10:00:03,2026-10-02 09:45:02,2026-10-05 16:00:00,"200,60percent",False,7510,7500,7915,7925,-50,7710.3,7744.86,0.96,-1.76,2026-10-02 09:38:00,2026-10-01 11:11:00
IC-SPX-FastPT25-S2-130PM,IC,SPX,experiment,baseline,T00880,SPX,shortcallspread,expired,11,0.55,0,605,4895,2026-10-01 13:31:05,2026-10-01 16:15:00,2026-10-01 16:00:00,call side,False,,,7710,7715,-605,7676.62,7666.45,1,0.09090909,2026-10-01 15:03:00,2026-10-01 13:47:00
IC-SPX-FastPT25-S2,IC,SPX,live-candidate,post-fix,T00881,SPX,shortcallspread,expired,10,0.25,0,250,4750,2026-10-01 11:01:03,2026-10-01 16:15:00,2026-10-01 16:00:00,call side,False,,,7690,7695,-250,7630.68,7666.45,1,-5.4,2026-10-01 15:56:00,2026-10-01 13:47:00
IC-SPX-FastPT25-S2,IC,SPX,live-candidate,post-fix,T00881,SPX,shortputspread,expired,10,0.35,0,350,4650,2026-10-01 11:01:01,2026-10-01 16:15:00,2026-10-01 16:00:00,put side,False,7575,7570,,,-350,7630.46,7666.45,1,-0.65714286,2026-10-01 12:34:00,2026-10-01 11:11:00
IC-SPX-Fortress-Unstopped,IC,SPX,control,post-fix,T00882,SPX,shortputspread,expired,10,0.1,0,100,4900,2026-10-01 13:31:02,2026-10-01 16:15:00,2026-10-01 16:00:00,put side,False,7620,7615,,,-100,7676.34,7666.45,1,-4,2026-10-01 14:35:00,2026-10-01 14:07:00
IC-SPX-FastPT25-S2-130PM,IC,SPX,experiment,baseline,T00880,SPX,shortputspread,expired,10,0.3,0,300,4700,2026-10-01 13:31:02,2026-10-01 16:15:00,2026-10-01 16:00:00,put side,False,7635,7630,,,-300,7676.34,7666.45,1,-2.66666667,2026-10-01 15:00:00,2026-10-01 14:07:00
IC-SPX-Fortress-Unstopped,IC,SPX,control,post-fix,T00882,SPX,shortcallspread,expired,10,0.1,0,100,4900,2026-10-01 13:31:05,2026-10-01 16:15:00,2026-10-01 16:00:00,call side,False,,,7735,7740,-100,7676.62,7666.45,1,0,2026-10-01 13:39:00,2026-10-01 13:31:05
QQQ-IC-0DTE-Fortress-NoPT50,IC,QQQ,experiment,post-fix,T00883,QQQ,shortcallspread,closed,26,0.08,0.01,182,4992,2026-10-01 13:31:04,2026-10-01 15:51:00,2026-10-01 16:00:00,call side,True,,,749,751,-208,743.77,743.73,1,-0.25,2026-10-01 15:04:00,2026-10-01 13:31:04
GF-QQQ-IC-Touch0,IC,QQQ,experiment,post-fix,T00885,QQQ,shortputspread,closed,26,0.08,0.01,182,4992,2026-10-01 13:32:11,2026-10-01 15:50:01,2026-10-01 16:00:00,put side,False,739,737,,,-208,744.01,743.38,1,-4,2026-10-01 15:46:00,2026-10-01 14:09:00
GF-QQQ-IC-Ride,IC,QQQ,control,post-fix,T00886,QQQ,shortcallspread,closed,26,0.21,0.01,520,4654,2026-10-01 13:31:15,2026-10-01 15:50:01,2026-10-01 16:00:00,call side,False,,,747,749,-546,743.77,743.38,0.95238095,-0.28571429,2026-10-01 15:14:00,2026-10-01 13:47:00
GF-QQQ-IC-Trail,IC,QQQ,experiment,post-fix,T00888,QQQ,shortputspread,closed,26,0.08,0.01,182,4992,2026-10-01 13:45:14,2026-10-01 15:50:01,2026-10-01 16:00:00,put side,True,739,737,,,-208,743.91,743.38,1,-4,2026-10-01 15:46:00,2026-10-01 14:09:00
GF-QQQ-IC-Touch0,IC,QQQ,experiment,post-fix,T00885,QQQ,shortcallspread,closed,26,0.21,0.01,520,4654,2026-10-01 13:31:14,2026-10-01 15:50:01,2026-10-01 16:00:00,call side,False,,,747,749,-546,743.77,743.38,0.95238095,-0.28571429,2026-10-01 15:14:00,2026-10-01 13:47:00
GF-QQQ-IC-SL200,IC,QQQ,experiment,post-fix,T00889,QQQ,shortcallspread,closed,26,0.21,0.01,520,4654,2026-10-01 13:31:14,2026-10-01 15:50:01,2026-10-01 16:00:00,call side,False,,,747,749,-546,743.77,743.38,0.95238095,-0.28571429,2026-10-01 15:14:00,2026-10-01 13:47:00
GF-QQQ-IC-Ride,IC,QQQ,control,post-fix,T00886,QQQ,shortputspread,closed,26,0.11,0.01,260,4914,2026-10-01 13:33:12,2026-10-01 15:50:01,2026-10-01 16:00:00,put side,False,739,737,,,-286,743.43,743.38,1,-2.63636364,2026-10-01 15:46:00,2026-10-01 14:09:00
QQQ-IC-0DTE-Fortress-NoPT50,IC,QQQ,experiment,post-fix,T00884,QQQ,shortputspread,closed,25,0.07,0.02,125,4825,2026-10-01 13:36:01,2026-10-01 15:50:01,2026-10-01 16:00:00,put side,True,738,736,,,-175,743.17,743.38,0.85714286,-2.85714286,2026-10-01 15:01:00,2026-10-01 14:09:00
GF-QQQ-IC-SL100,IC,QQQ,experiment,post-fix,T00890,QQQ,shortcallspread,closed,26,0.21,0.01,520,4654,2026-10-01 13:31:14,2026-10-01 15:50:01,2026-10-01 16:00:00,call side,False,,,747,749,-546,743.77,743.38,0.95238095,-0.28571429,2026-10-01 15:14:00,2026-10-01 13:47:00
GF-QQQ-IC-SL200,IC,QQQ,experiment,post-fix,T00889,QQQ,shortputspread,closed,26,0.08,0.34,-676,4992,2026-10-01 13:32:11,2026-10-01 14:06:11,2026-10-01 16:00:00,put side,False,739,737,,,-208,744.01,740.94,0.25,-3.125,2026-10-01 13:46:00,2026-10-01 14:06:00
GF-QQQ-IC-SL100,IC,QQQ,experiment,post-fix,T00890,QQQ,shortputspread,closed,26,0.11,0.23,-312,4914,2026-10-01 13:33:12,2026-10-01 14:05:11,2026-10-01 16:00:00,put side,False,739,737,,,-286,743.43,741.74,0.45454545,-1,2026-10-01 13:46:00,2026-10-01 14:05:00
GF-QQQ-IC-PT50,IC,QQQ,experiment,post-fix,T00891,QQQ,shortcallspread,closed,26,0.21,0.09,312,4654,2026-10-01 13:31:14,2026-10-01 13:59:06,2026-10-01 16:00:00,call side,True,,,747,749,-546,743.77,742.15,0.61904762,-0.28571429,2026-10-01 13:59:00,2026-10-01 13:47:00
GF-QQQ-IC-Canary,IC,QQQ,instrument,post-fix,T00892,QQQ,shortputspread,closed,1,0.08,0.07,1,192,2026-10-01 13:32:11,2026-10-01 13:46:06,2026-10-01 16:00:00,put side,False,739,737,,,-8,744.01,744.16,0.25,-0.5,2026-10-01 13:46:00,2026-10-01 13:33:00
GF-QQQ-IC-Trail,IC,QQQ,experiment,post-fix,T00887,QQQ,shortcallspread,closed,26,0.21,0.17,104,4654,2026-10-01 13:31:14,2026-10-01 13:44:11,2026-10-01 16:00:00,call side,True,,,747,749,-546,743.77,743.65,0.42857143,-0.0952381,2026-10-01 13:38:00,2026-10-01 13:31:15
GF-QQQ-IC-Canary,IC,QQQ,instrument,post-fix,T00892,QQQ,shortcallspread,closed,1,0.21,0.18,3,179,2026-10-01 13:31:14,2026-10-01 13:33:06,2026-10-01 16:00:00,call side,False,,,747,749,-21,743.77,743.65,0.19047619,-0.0952381,2026-10-01 13:33:00,2026-10-01 13:31:15
Nigiri-Paper-v1,OA-Mirror,,mirror-watch,baseline,T00893,SPY,shortputspread,closed,10,0.11,0.09,20,4890,2026-09-30 09:45:28,2026-10-01 13:30:12,2026-10-02 16:00:00,,True,750,745,,,-110,766.84,764.38,0.36363636,-2.72727273,2026-09-30 10:54:00,2026-10-01 11:11:00
IC-SPX-FastPT25-S2-130PM,IC,SPX,experiment,baseline,T00894,SPX,shortputspread,expired,10,0.25,5,-4750,4750,2026-09-30 13:31:01,2026-09-30 16:15:00,2026-09-30 16:00:00,put side,False,7665,7660,,,-250,7699.52,7651.54,0.8,-5,2026-09-30 13:54:00,2026-09-30 15:55:00
IC-SPX-FastPT25-S2,IC,SPX,live-candidate,post-fix,T00895,SPX,shortcallspread,expired,10,0.1,0,100,4900,2026-09-30 11:02:04,2026-09-30 16:15:00,2026-09-30 16:00:00,call side,False,,,7770,7775,-100,7712.62,7651.54,1,0,2026-09-30 12:29:00,2026-09-30 11:02:04
IC-SPX-FastPT25-S2-130PM,IC,SPX,experiment,baseline,T00894,SPX,shortcallspread,expired,10,0.35,0,350,4650,2026-09-30 13:31:02,2026-09-30 16:15:00,2026-09-30 16:00:00,call side,False,,,7725,7730,-350,7699.56,7651.54,1,-0.57142857,2026-09-30 15:23:00,2026-09-30 13:50:00
IC-SPX-FastPT25-S2,IC,SPX,live-candidate,post-fix,T00895,SPX,shortputspread,expired,10,0.15,3.46,-3310,4850,2026-09-30 11:01:01,2026-09-30 16:15:00,2026-09-30 16:00:00,put side,False,7655,7650,,,-150,7712.59,7651.54,1,-2.2,2026-09-30 13:02:00,2026-09-30 15:55:00
GF-QQQ-IC-Touch0,IC,QQQ,experiment,post-fix,T00896,QQQ,shortcallspread,closed,26,0.13,0.24,-286,4862,2026-09-30 13:31:13,2026-09-30 15:50:07,2026-09-30 16:00:00,call side,False,,,747,749,-338,742.52,742.49,-0.07692308,-1.53846154,2026-09-30 13:31:13,2026-09-30 15:36:00
GF-QQQ-IC-SL100,IC,QQQ,experiment,post-fix,T00897,QQQ,shortputspread,closed,26,0.09,0.11,-52,4966,2026-09-30 13:31:12,2026-09-30 15:50:07,2026-09-30 16:00:00,put side,True,737,735,,,-234,742.52,742.49,0.55555556,-0.33333333,2026-09-30 13:51:00,2026-09-30 14:54:00
GF-QQQ-IC-Ride,IC,QQQ,control,post-fix,T00898,QQQ,shortputspread,closed,26,0.09,0.11,-52,4966,2026-09-30 13:31:12,2026-09-30 15:50:07,2026-09-30 16:00:00,put side,False,737,735,,,-234,742.52,742.49,0.55555556,-0.33333333,2026-09-30 13:51:00,2026-09-30 14:54:00
GF-QQQ-IC-SL200,IC,QQQ,experiment,post-fix,T00899,QQQ,shortputspread,closed,26,0.09,0.11,-52,4966,2026-09-30 13:31:12,2026-09-30 15:50:07,2026-09-30 16:00:00,put side,True,737,735,,,-234,742.52,742.49,0.55555556,-0.33333333,2026-09-30 13:51:00,2026-09-30 14:54:00
GF-QQQ-IC-Ride,IC,QQQ,control,post-fix,T00898,QQQ,shortcallspread,closed,26,0.13,0.24,-286,4862,2026-09-30 13:31:13,2026-09-30 15:50:07,2026-09-30 16:00:00,call side,False,,,747,749,-338,742.52,742.49,-0.07692308,-1.53846154,2026-09-30 13:31:13,2026-09-30 15:36:00
GF-QQQ-IC-Touch0,IC,QQQ,experiment,post-fix,T00896,QQQ,shortputspread,closed,26,0.09,0.11,-52,4966,2026-09-30 13:31:12,2026-09-30 15:50:06,2026-09-30 16:00:00,put side,False,737,735,,,-234,742.52,742.49,0.55555556,-0.33333333,2026-09-30 13:51:00,2026-09-30 14:54:00
GF-QQQ-IC-PT50,IC,QQQ,experiment,post-fix,T00900,QQQ,shortputspread,closed,26,0.09,0.11,-52,4966,2026-09-30 13:31:12,2026-09-30 15:50:06,2026-09-30 16:00:00,put side,True,737,735,,,-234,742.52,742.49,0.55555556,-0.33333333,2026-09-30 13:51:00,2026-09-30 14:54:00
GF-QQQ-IC-Canary,IC,QQQ,instrument,post-fix,T00901,QQQ,shortcallspread,closed,1,0.13,0.24,-11,187,2026-09-30 13:31:13,2026-09-30 15:50:06,2026-09-30 16:00:00,call side,False,,,747,749,-13,742.52,742.49,-0.07692308,-1.53846154,2026-09-30 13:31:13,2026-09-30 15:36:00
QQQ-IC-0DTE-Fortress-NoPT50,IC,QQQ,experiment,post-fix,T00902,QQQ,shortputspread,closed,26,0.09,0.11,-52,4966,2026-09-30 13:31:01,2026-09-30 15:50:01,2026-09-30 16:00:00,put side,False,737,735,,,-234,742.52,743.17,0.55555556,-0.33333333,2026-09-30 13:51:00,2026-09-30 14:54:00
QQQ-IC-0DTE-Fortress-NoPT50,IC,QQQ,experiment,post-fix,T00902,QQQ,shortcallspread,closed,25,0.07,0.17,-250,4825,2026-09-30 13:31:02,2026-09-30 15:50:01,2026-09-30 16:00:00,call side,False,,,748,750,-175,742.52,743.17,-0.14285714,-2.28571429,2026-09-30 13:31:02,2026-09-30 15:36:00
GF-QQQ-IC-Trail,IC,QQQ,experiment,post-fix,T00903,QQQ,shortputspread,closed,26,0.09,0.07,52,4966,2026-09-30 13:31:12,2026-09-30 14:02:10,2026-09-30 16:00:00,put side,True,737,735,,,-234,742.52,743.51,0.55555556,-0.11111111,2026-09-30 13:51:00,2026-09-30 13:31:12
GF-QQQ-IC-Canary,IC,QQQ,instrument,post-fix,T00901,QQQ,shortputspread,closed,1,0.09,0.06,3,191,2026-09-30 13:31:12,2026-09-30 13:42:06,2026-09-30 16:00:00,put side,False,737,735,,,-9,742.52,743.27,0.44444444,-0.11111111,2026-09-30 13:42:00,2026-09-30 13:31:12
60min-ORB-10W-Paper-v1,OA-Mirror,SPX,mirror-watch,baseline,T00904,SPX,shortputspread,closed,1,1.05,0.55,50,895,2026-09-30 11:00:01,2026-09-30 12:05:00,2026-09-30 16:00:00,test a,True,7685,7675,,,-105,7714.75,7717.33,0.47619048,-0.35238095,2026-09-30 12:05:00,2026-09-30 11:23:00
3DTE $140-$350,OA-Mirror,SPX,mirror-watch,baseline,T00905,SPX,ironcondor,closed,1,0.55,0.1,45,945,2026-09-28 10:00:05,2026-09-30 10:00:00,2026-10-01 16:00:00,"180,60percent",False,7530,7520,7895,7905,-55,7712.76,7709.05,0.85454545,-0.78181818,2026-09-30 10:00:00,2026-09-28 10:55:00
Nigiri-Paper-v1,OA-Mirror,,mirror-watch,baseline,T00906,SPY,shortputspread,closed,10,0.09,0.06,30,4910,2026-09-29 15:00:29,2026-09-30 09:45:12,2026-10-02 16:00:00,,True,745,740,,,-90,764.98,766.9,0.55555556,-0.55555556,2026-09-30 09:32:00,2026-09-29 15:46:00
IC-SPX-FastPT25-S2-130PM,IC,SPX,experiment,baseline,T00907,SPX,shortputspread,expired,10,0.25,0,250,4750,2026-09-29 13:31:01,2026-09-29 16:15:00,2026-09-29 16:00:00,put side,False,7630,7625,,,-250,7658.6,7670.84,1,-0.2,2026-09-29 14:23:00,2026-09-29 13:58:00
IC-SPX-FastPT25-S2,IC,SPX,live-candidate,post-fix,T00908,SPX,shortputspread,expired,10,0.15,0,150,4850,2026-09-29 11:01:01,2026-09-29 16:15:00,2026-09-29 16:00:00,put side,False,7615,7610,,,-150,7674.5,7670.84,1,-2,2026-09-29 13:45:00,2026-09-29 11:27:00
IC-SPX-FastPT25-S2-130PM,IC,SPX,experiment,baseline,T00907,SPX,shortcallspread,expired,10,0.3,0,300,4700,2026-09-29 13:31:03,2026-09-29 16:15:00,2026-09-29 16:00:00,call side,False,,,7685,7690,-300,7658.67,7670.84,1,-4.56666667,2026-09-29 15:56:00,2026-09-29 14:42:00
IC-SPX-FastPT25-S2,IC,SPX,live-candidate,post-fix,T00908,SPX,shortcallspread,expired,10,0.15,0,150,4850,2026-09-29 11:01:03,2026-09-29 16:15:00,2026-09-29 16:00:00,call side,False,,,7730,7735,-150,7674.38,7670.84,1,0,2026-09-29 12:39:00,2026-09-29 11:01:02
GF-QQQ-IC-Touch0,IC,QQQ,experiment,post-fix,T00909,QQQ,shortcallspread,closed,26,0.08,0.02,156,4992,2026-09-29 13:32:14,2026-09-29 15:50:06,2026-09-29 16:00:00,call side,False,,,740,742,-208,736.76,737.86,0.875,-2.125,2026-09-29 15:45:00,2026-09-29 14:41:00
GF-QQQ-IC-SL100,IC,QQQ,experiment,post-fix,T00910,QQQ,shortputspread,closed,26,0.08,0.01,182,4992,2026-09-29 13:31:12,2026-09-29 15:50:01,2026-09-29 16:00:00,put side,True,733,731,,,-208,736.55,737.94,1,-0.75,2026-09-29 15:19:00,2026-09-29 13:58:00
GF-QQQ-IC-SL200,IC,QQQ,experiment,post-fix,T00911,QQQ,shortputspread,closed,26,0.08,0.01,182,4992,2026-09-29 13:31:12,2026-09-29 15:50:01,2026-09-29 16:00:00,put side,True,733,731,,,-208,736.55,737.94,1,-0.75,2026-09-29 15:19:00,2026-09-29 13:58:00
GF-QQQ-IC-Ride,IC,QQQ,control,post-fix,T00912,QQQ,shortputspread,closed,26,0.08,0.01,182,4992,2026-09-29 13:31:12,2026-09-29 15:50:01,2026-09-29 16:00:00,put side,True,733,731,,,-208,736.55,737.94,1,-0.75,2026-09-29 15:19:00,2026-09-29 13:58:00
GF-QQQ-IC-Touch0,IC,QQQ,experiment,post-fix,T00909,QQQ,shortputspread,closed,26,0.08,0.01,182,4992,2026-09-29 13:31:12,2026-09-29 15:50:01,2026-09-29 16:00:00,put side,False,733,731,,,-208,736.55,737.94,1,-0.75,2026-09-29 15:19:00,2026-09-29 13:58:00
Nigiri-Paper-v1,OA-Mirror,,mirror-watch,baseline,T00913,SPY,shortputspread,closed,10,0.09,0.06,30,4910,2026-09-25 09:43:12,2026-09-29 15:00:12,2026-10-02 16:00:00,,True,741,736,,,-90,769.99,764.91,0.44444444,-1.11111111,2026-09-29 15:00:00,2026-09-25 10:17:00
GF-QQQ-IC-Trail,IC,QQQ,experiment,post-fix,T00914,QQQ,shortputspread,closed,26,0.08,0.06,52,4992,2026-09-29 13:31:12,2026-09-29 14:10:11,2026-09-29 16:00:00,put side,True,733,731,,,-208,736.55,736.76,0.625,-0.75,2026-09-29 14:06:00,2026-09-29 13:58:00
GF-QQQ-IC-PT50,IC,QQQ,experiment,post-fix,T00915,QQQ,shortputspread,closed,26,0.08,0.04,104,4992,2026-09-29 13:31:12,2026-09-29 14:06:06,2026-09-29 16:00:00,put side,True,733,731,,,-208,736.55,737.15,0.625,-0.75,2026-09-29 14:06:00,2026-09-29 13:58:00
GF-QQQ-IC-Canary,IC,QQQ,instrument,post-fix,T00916,QQQ,shortcallspread,closed,1,0.08,0.06,2,192,2026-09-29 13:32:14,2026-09-29 13:43:06,2026-09-29 16:00:00,call side,False,,,740,742,-8,736.76,736.26,0.375,-0.375,2026-09-29 13:43:00,2026-09-29 13:36:00
GF-QQQ-IC-Canary,IC,QQQ,instrument,post-fix,T00916,QQQ,shortputspread,closed,1,0.08,0.07,1,192,2026-09-29 13:31:12,2026-09-29 13:35:06,2026-09-29 16:00:00,put side,False,733,731,,,-8,736.55,736.95,0.25,0,2026-09-29 13:35:00,2026-09-29 13:31:12
60min-ORB-10W-Paper-v1,OA-Mirror,SPX,mirror-watch,baseline,T00917,SPX,shortcallspread,closed,1,1.9,1.4,50,810,2026-09-29 11:00:05,2026-09-29 11:05:00,2026-09-29 16:00:00,test b,True,,,7700,7710,-190,7679.38,7672.46,0.27894737,0.01578947,2026-09-29 11:05:00,2026-09-29 11:00:05
IC-SPX-FastPT25-S2-130PM,IC,SPX,experiment,baseline,T00918,SPX,shortcallspread,expired,10,0.35,0,350,4650,2026-09-28 13:31:03,2026-09-28 16:15:00,2026-09-28 16:00:00,call side,False,,,7735,7740,-350,7701.84,7683.69,1,-0.05714286,2026-09-28 15:01:00,2026-09-28 13:32:00
IC-SPX-FastPT25-S2-130PM,IC,SPX,experiment,baseline,T00918,SPX,shortputspread,expired,10,0.25,0,250,4750,2026-09-28 13:31:02,2026-09-28 16:15:00,2026-09-28 16:00:00,put side,False,7665,7660,,,-250,7701.79,7683.69,1,-0.4,2026-09-28 15:47:00,2026-09-28 13:38:00
IC-SPX-Fortress-Unstopped,IC,SPX,control,post-fix,T00919,SPX,shortcallspread,expired,10,0.1,0,100,4900,2026-09-28 13:33:04,2026-09-28 16:15:00,2026-09-28 16:00:00,call side,False,,,7760,7765,-100,7702.45,7683.69,1,0,2026-09-28 14:26:00,2026-09-28 13:33:04
IC-SPX-Fortress-Unstopped,IC,SPX,control,post-fix,T00919,SPX,shortputspread,expired,10,0.1,0,100,4900,2026-09-28 13:34:02,2026-09-28 16:15:00,2026-09-28 16:00:00,put side,False,7640,7635,,,-100,7700,7683.69,1,0,2026-09-28 14:10:00,2026-09-28 13:38:00
IC-SPX-FastPT25-S2,IC,SPX,live-candidate,post-fix,T00920,SPX,shortcallspread,closed,10,0.1,0.25,-150,4900,2026-09-28 12:18:03,2026-09-28 12:21:03,2026-09-28 16:00:00,call side,True,,,7750,7755,-100,7693.84,7703.65,0,-1.5,2026-09-28 12:18:04,2026-09-28 12:21:00
IC-SPX-FastPT25-S2,IC,SPX,live-candidate,post-fix,T00921,SPX,shortputspread,closed,10,0.15,0.2,-50,4850,2026-09-28 11:39:01,2026-09-28 11:41:03,2026-09-28 16:00:00,put side,True,7630,7625,,,-150,7685.78,7681.23,0,0,2026-09-28 11:39:01,2026-09-28 11:39:01
IC-SPX-FastPT25-S2-130PM,IC,SPX,experiment,baseline,T00922,SPX,shortcallspread,expired,10,0.25,0,250,4750,2026-09-25 13:31:03,2026-09-25 16:15:00,2026-09-25 16:00:00,call side,False,,,7770,7775,-250,7742.36,7743.41,1,0.12,2026-09-25 14:37:00,2026-09-25 13:31:03
IC-SPX-FastPT25-S2,IC,SPX,live-candidate,post-fix,T00923,SPX,shortputspread,expired,10,0.15,0,150,4850,2026-09-25 11:01:01,2026-09-25 16:15:00,2026-09-25 16:00:00,put side,False,7660,7655,,,-150,7718.65,7743.41,1,-0.86666667,2026-09-25 12:15:00,2026-09-25 11:45:00
IC-SPX-FastPT25-S2-130PM,IC,SPX,experiment,baseline,T00922,SPX,shortputspread,expired,10,0.3,0,300,4700,2026-09-25 13:31:01,2026-09-25 16:15:00,2026-09-25 16:00:00,put side,False,7715,7710,,,-300,7743.06,7743.41,1,-0.66666667,2026-09-25 15:39:00,2026-09-25 13:37:00
IC-SPX-FastPT25-S2,IC,SPX,live-candidate,post-fix,T00923,SPX,shortcallspread,expired,10,0.1,0,100,4900,2026-09-25 11:01:03,2026-09-25 16:15:00,2026-09-25 16:00:00,call side,False,,,7775,7780,-100,7718.66,7743.41,1,-5.5,2026-09-25 11:44:00,2026-09-25 12:06:00
GF-QQQ-IC-Touch0,IC,QQQ,experiment,post-fix,T00924,QQQ,shortputspread,closed,26,0.11,0.01,260,4914,2026-09-25 13:32:12,2026-09-25 15:50:00,2026-09-25 16:00:00,put side,False,742,740,,,-286,744.83,744.86,0.90909091,-0.45454545,2026-09-25 15:44:00,2026-09-25 13:38:00
GF-QQQ-IC-Ride,IC,QQQ,control,post-fix,T00925,QQQ,shortputspread,closed,26,0.11,0.01,260,4914,2026-09-25 13:32:12,2026-09-25 15:50:00,2026-09-25 16:00:00,put side,True,742,740,,,-286,744.83,744.86,0.90909091,-0.45454545,2026-09-25 15:44:00,2026-09-25 13:38:00
GF-QQQ-IC-SL100,IC,QQQ,experiment,post-fix,T00926,QQQ,shortputspread,closed,26,0.11,0.01,260,4914,2026-09-25 13:32:12,2026-09-25 15:50:00,2026-09-25 16:00:00,put side,True,742,740,,,-286,744.83,744.86,0.90909091,-0.45454545,2026-09-25 15:44:00,2026-09-25 13:38:00
GF-QQQ-IC-Touch0,IC,QQQ,experiment,post-fix,T00924,QQQ,shortcallspread,closed,26,0.07,0.02,130,5018,2026-09-25 13:33:14,2026-09-25 15:50:00,2026-09-25 16:00:00,call side,False,,,748,750,-182,744.94,744.86,1,-0.42857143,2026-09-25 15:28:00,2026-09-25 13:42:00
GF-QQQ-IC-SL200,IC,QQQ,experiment,post-fix,T00927,QQQ,shortputspread,closed,26,0.11,0.01,260,4914,2026-09-25 13:32:12,2026-09-25 15:50:00,2026-09-25 16:00:00,put side,True,742,740,,,-286,744.83,744.86,0.90909091,-0.45454545,2026-09-25 15:44:00,2026-09-25 13:38:00
GF-QQQ-IC-Trail,IC,QQQ,experiment,post-fix,T00928,QQQ,shortputspread,closed,26,0.11,0.09,52,4914,2026-09-25 13:32:12,2026-09-25 14:27:11,2026-09-25 16:00:00,put side,True,742,740,,,-286,744.83,744.49,0.72727273,-0.45454545,2026-09-25 14:25:00,2026-09-25 13:38:00
3DTE $140-$350,OA-Mirror,SPX,mirror-watch,baseline,T00929,SPX,ironcondor,closed,1,0.5,0.15,35,950,2026-09-23 10:00:04,2026-09-25 14:15:01,2026-09-28 16:00:00,"160,60percent",False,7575,7565,7900,7910,-50,7737.55,7744.86,0.78,-1.54,2026-09-25 13:43:00,2026-09-24 11:15:00
GF-QQQ-IC-PT50,IC,QQQ,experiment,post-fix,T00930,QQQ,shortputspread,closed,26,0.11,0.05,156,4914,2026-09-25 13:32:12,2026-09-25 14:14:06,2026-09-25 16:00:00,put side,True,742,740,,,-286,744.83,745.24,0.63636364,-0.45454545,2026-09-25 14:14:00,2026-09-25 13:38:00
GF-QQQ-IC-Canary,IC,QQQ,instrument,post-fix,T00931,QQQ,shortcallspread,closed,1,0.07,0.06,1,193,2026-09-25 13:33:14,2026-09-25 13:56:06,2026-09-25 16:00:00,call side,False,,,748,750,-7,744.94,744.84,0.28571429,-0.42857143,2026-09-25 13:56:00,2026-09-25 13:42:00
GF-QQQ-IC-Canary,IC,QQQ,instrument,post-fix,T00931,QQQ,shortputspread,closed,1,0.11,0.1,1,189,2026-09-25 13:32:12,2026-09-25 13:44:06,2026-09-25 16:00:00,put side,False,742,740,,,-11,744.83,745.06,0.18181818,-0.45454545,2026-09-25 13:44:00,2026-09-25 13:38:00
Friday 14 DTE Broken Wing IB (B-70),OA-Mirror,,mirror-watch,baseline,T00932,SPX,ironbutterfly,closed,1,41.25,39.2,205,1875,2026-09-25 10:30:03,2026-09-25 12:05:00,2026-10-09 16:00:00,14 dte,False,7635,7575,7635,7675,-4125,7704.29,7742.23,0.04969697,-0.01090909,2026-09-25 12:05:00,2026-09-25 10:49:00
Nigiri-Paper-v1,OA-Mirror,,mirror-watch,baseline,T00933,SPY,shortputspread,closed,10,0.07,0.01,60,4930,2026-09-23 09:45:27,2026-09-25 09:43:00,2026-09-25 16:00:00,,True,757,752,,,-70,771.92,769.99,1,-5.85714286,2026-09-25 09:43:00,2026-09-24 11:15:00
IC-SPX-Fortress-Unstopped,IC,SPX,control,post-fix,T00934,SPX,shortputspread,expired,10,0.1,0,100,4900,2026-09-24 13:34:01,2026-09-24 16:15:00,2026-09-24 16:00:00,put side,False,7645,7640,,,-100,7701.28,7704.13,1,-0.5,2026-09-24 14:26:00,2026-09-24 13:45:00
IC-SPX-Fortress-Unstopped,IC,SPX,control,post-fix,T00934,SPX,shortcallspread,expired,10,0.1,0,100,4900,2026-09-24 13:31:03,2026-09-24 16:15:00,2026-09-24 16:00:00,call side,False,,,7760,7765,-100,7704.67,7704.13,1,0,2026-09-24 13:45:00,2026-09-24 13:31:03
IC-SPX-FastPT25-S2-130PM,IC,SPX,experiment,baseline,T00935,SPX,shortputspread,expired,10,0.25,0,250,4750,2026-09-24 13:31:01,2026-09-24 16:15:00,2026-09-24 16:00:00,put side,False,7665,7660,,,-250,7705,7704.13,1,-1.52,2026-09-24 14:57:00,2026-09-24 14:05:00
IC-SPX-FastPT25-S2-130PM,IC,SPX,experiment,baseline,T00935,SPX,shortcallspread,expired,10,0.35,0,350,4650,2026-09-24 13:31:03,2026-09-24 16:15:00,2026-09-24 16:00:00,call side,False,,,7735,7740,-350,7704.67,7704.13,1,-0.08571429,2026-09-24 14:04:00,2026-09-24 13:32:00
GF-QQQ-IC-Touch0,IC,QQQ,experiment,post-fix,T00936,QQQ,shortputspread,closed,26,0.07,0.02,130,5018,2026-09-24 13:31:12,2026-09-24 15:50:06,2026-09-24 16:00:00,put side,True,736,734,,,-182,740.82,741.22,0.85714286,-3.42857143,2026-09-24 15:17:00,2026-09-24 14:05:00
GF-QQQ-IC-Ride,IC,QQQ,control,post-fix,T00937,QQQ,shortputspread,closed,26,0.07,0.02,130,5018,2026-09-24 13:31:12,2026-09-24 15:50:06,2026-09-24 16:00:00,put side,True,736,734,,,-182,740.82,741.22,0.85714286,-3.42857143,2026-09-24 15:17:00,2026-09-24 14:05:00
QQQ-IC-0DTE-Fortress-NoPT50,IC,QQQ,experiment,post-fix,T00938,QQQ,shortputspread,closed,25,0.07,0.01,150,4825,2026-09-24 13:44:02,2026-09-24 15:50:01,2026-09-24 16:00:00,put side,True,734,732,,,-175,739.13,740.85,1,-0.71428571,2026-09-24 14:40:00,2026-09-24 14:05:00
GF-QQQ-IC-PT50,IC,QQQ,experiment,post-fix,T00939,QQQ,shortputspread,closed,26,0.07,0.03,104,5018,2026-09-24 13:31:12,2026-09-24 14:53:06,2026-09-24 16:00:00,put side,True,736,734,,,-182,740.82,741.26,0.71428571,-3.42857143,2026-09-24 14:53:00,2026-09-24 14:05:00
GF-QQQ-IC-Trail,IC,QQQ,experiment,post-fix,T00940,QQQ,shortputspread,closed,26,0.07,0.06,26,5018,2026-09-24 13:31:12,2026-09-24 14:41:11,2026-09-24 16:00:00,put side,True,736,734,,,-182,740.82,740.43,0.57142857,-3.42857143,2026-09-24 14:39:00,2026-09-24 14:05:00
GF-QQQ-IC-SL100,IC,QQQ,experiment,post-fix,T00941,QQQ,shortcallspread,closed,26,0.08,0.18,-260,4992,2026-09-24 13:45:15,2026-09-24 14:27:12,2026-09-24 16:00:00,call side,True,,,743,745,-208,738.84,740.55,0.625,-1.125,2026-09-24 14:05:00,2026-09-24 14:27:00
GF-QQQ-IC-Canary,IC,QQQ,instrument,post-fix,T00943,QQQ,shortputspread,closed,1,0.07,0.06,1,193,2026-09-24 13:31:12,2026-09-24 14:27:07,2026-09-24 16:00:00,put side,False,736,734,,,-7,740.82,740.68,0.28571429,-3.42857143,2026-09-24 14:27:00,2026-09-24 14:05:00
GF-QQQ-IC-SL200,IC,QQQ,experiment,post-fix,T00944,QQQ,shortputspread,closed,26,0.07,0.24,-442,5018,2026-09-24 13:31:12,2026-09-24 14:03:11,2026-09-24 16:00:00,put side,True,736,734,,,-182,740.82,738.03,0,-2.28571429,2026-09-24 13:32:00,2026-09-24 14:03:00
GF-QQQ-IC-SL100,IC,QQQ,experiment,post-fix,T00942,QQQ,shortputspread,closed,26,0.07,0.18,-286,5018,2026-09-24 13:31:12,2026-09-24 13:44:11,2026-09-24 16:00:00,put side,True,736,734,,,-182,740.82,739.16,0,-1.42857143,2026-09-24 13:32:00,2026-09-24 13:44:00
GF-QQQ-IC-Canary,IC,QQQ,instrument,post-fix,T00943,QQQ,shortcallspread,closed,1,0.08,0.06,2,192,2026-09-24 13:31:14,2026-09-24 13:36:07,2026-09-24 16:00:00,call side,False,,,745,747,-8,740.76,740.07,0.375,0,2026-09-24 13:36:00,2026-09-24 13:31:14
IC-SPX-FastPT25-S2,IC,SPX,live-candidate,post-fix,T00945,SPX,shortcallspread,closed,10,0.1,0.1,0,4900,2026-09-24 11:03:04,2026-09-24 11:06:02,2026-09-24 16:00:00,call side,False,,,7730,7735,-100,7673.96,7672.69,0.5,0,2026-09-24 11:05:00,2026-09-24 11:03:04
IC-SPX-FastPT25-S2,IC,SPX,live-candidate,post-fix,T00945,SPX,shortputspread,closed,10,0.2,0.15,50,4800,2026-09-24 11:01:01,2026-09-24 11:03:02,2026-09-24 16:00:00,put side,False,7615,7610,,,-200,7673.49,7674.1,0.4,0,2026-09-24 11:03:00,2026-09-24 11:01:01
IC-SPX-FastPT25-S2-130PM,IC,SPX,experiment,baseline,T00946,SPX,shortputspread,expired,10,0.2,0,200,4800,2026-09-23 13:42:02,2026-09-23 16:15:00,2026-09-23 16:00:00,put side,False,7675,7670,,,-200,7706.93,7706.03,1,0,2026-09-23 14:26:00,2026-09-23 13:42:02
IC-SPX-FastPT25-S2-130PM,IC,SPX,experiment,baseline,T00946,SPX,shortcallspread,expired,11,0.6,0,660,4840,2026-09-23 13:42:04,2026-09-23 16:15:00,2026-09-23 16:00:00,call side,False,,,7725,7730,-660,7706.9,7706.03,1,-1.75,2026-09-23 15:51:00,2026-09-23 14:00:00
IC-SPX-FastPT25-S2,IC,SPX,live-candidate,post-fix,T00947,SPX,shortputspread,closed,10,0.1,0.1,0,4900,2026-09-23 11:01:02,2026-09-23 11:03:02,2026-09-23 16:00:00,put side,True,7670,7665,,,-100,7730.19,7727.99,0.3,0,2026-09-23 11:02:00,2026-09-23 11:01:02
3DTE $140-$350,OA-Mirror,SPX,mirror-watch,baseline,T00948,SPX,ironcondor,closed,1,0.5,0.15,35,950,2026-09-18 13:00:24,2026-09-23 09:45:22,2026-09-23 16:00:00,"170,60percent",False,7450,7440,7795,7805,-50,7622.64,7749.72,0.7,-6.44,2026-09-23 09:41:00,2026-09-21 15:39:00
Nigiri-Paper-v1,OA-Mirror,,mirror-watch,baseline,T00949,SPY,shortputspread,closed,10,0.07,0.06,10,4930,2026-09-22 09:45:23,2026-09-23 09:45:12,2026-09-25 16:00:00,,True,755,750,,,-70,774.47,771.9,0.57142857,-0.28571429,2026-09-22 15:36:00,2026-09-22 09:47:00
IC-SPX-FastPT25-S2-130PM,IC,SPX,experiment,baseline,T00950,SPX,shortcallspread,expired,10,0.2,0,200,4800,2026-09-22 13:31:03,2026-09-22 16:15:00,2026-09-22 16:00:00,call side,False,,,7785,7790,-200,7765.69,7764.64,1,-2.5,2026-09-22 15:56:00,2026-09-22 15:36:00
IC-SPX-FastPT25-S2-130PM,IC,SPX,experiment,baseline,T00950,SPX,shortputspread,expired,10,0.15,0,150,4850,2026-09-22 13:31:01,2026-09-22 16:15:00,2026-09-22 16:00:00,put side,False,7745,7740,,,-150,7765.83,7764.64,1,-0.66666667,2026-09-22 14:25:00,2026-09-22 13:40:00
GF-QQQ-IC-Canary,IC,QQQ,instrument,post-fix,T00951,QQQ,shortcallspread,closed,1,0.08,0.95,-87,192,2026-09-22 13:43:12,2026-09-22 15:50:00,2026-09-22 16:00:00,call side,True,,,747,749,-8,745.23,747.88,0.125,-9.625,2026-09-22 13:51:00,2026-09-22 15:36:00
GF-QQQ-IC-SL200,IC,QQQ,experiment,post-fix,T00953,QQQ,shortputspread,closed,26,0.07,0.01,156,5018,2026-09-22 13:33:11,2026-09-22 15:50:00,2026-09-22 16:00:00,put side,True,743,741,,,-182,745.15,747.88,1,-0.42857143,2026-09-22 15:19:00,2026-09-22 13:41:00
GF-QQQ-IC-Touch0,IC,QQQ,experiment,post-fix,T00955,QQQ,shortputspread,closed,26,0.07,0.01,156,5018,2026-09-22 13:33:11,2026-09-22 15:50:00,2026-09-22 16:00:00,put side,True,743,741,,,-182,745.15,747.88,1,-0.42857143,2026-09-22 15:19:00,2026-09-22 13:41:00
GF-QQQ-IC-Ride,IC,QQQ,control,post-fix,T00956,QQQ,shortputspread,closed,26,0.07,0.01,156,5018,2026-09-22 13:33:11,2026-09-22 15:50:00,2026-09-22 16:00:00,put side,True,743,741,,,-182,745.15,747.88,1,-0.42857143,2026-09-22 15:19:00,2026-09-22 13:41:00
GF-QQQ-IC-SL100,IC,QQQ,experiment,post-fix,T00958,QQQ,shortputspread,closed,26,0.07,0.01,156,5018,2026-09-22 13:33:11,2026-09-22 15:50:00,2026-09-22 16:00:00,put side,True,743,741,,,-182,745.15,747.88,1,-0.42857143,2026-09-22 15:19:00,2026-09-22 13:41:00
GF-QQQ-IC-SL100,IC,QQQ,experiment,post-fix,T00957,QQQ,shortcallspread,closed,26,0.11,0.24,-338,4914,2026-09-22 13:53:15,2026-09-22 15:33:12,2026-09-22 16:00:00,call side,True,,,748,750,-286,746.23,747.62,0.63636364,-1.09090909,2026-09-22 14:58:00,2026-09-22 15:33:00
GF-QQQ-IC-Touch0,IC,QQQ,experiment,post-fix,T00954,QQQ,shortcallspread,closed,26,0.08,0.4,-832,4992,2026-09-22 13:43:12,2026-09-22 15:17:11,2026-09-22 16:00:00,call side,True,,,747,749,-208,745.23,747.01,0.125,-5,2026-09-22 13:51:00,2026-09-22 14:24:00
GF-QQQ-IC-PT50,IC,QQQ,experiment,post-fix,T00959,QQQ,shortputspread,closed,26,0.07,0.03,104,5018,2026-09-22 13:33:11,2026-09-22 14:45:06,2026-09-22 16:00:00,put side,True,743,741,,,-182,745.15,746.47,0.71428571,-0.42857143,2026-09-22 14:45:00,2026-09-22 13:41:00
GF-QQQ-IC-Trail,IC,QQQ,experiment,post-fix,T00960,QQQ,shortputspread,closed,26,0.07,0.06,26,5018,2026-09-22 13:33:11,2026-09-22 14:01:10,2026-09-22 16:00:00,put side,True,743,741,,,-182,745.15,745.55,0.57142857,-0.42857143,2026-09-22 13:55:00,2026-09-22 13:41:00
GF-QQQ-IC-Canary,IC,QQQ,instrument,post-fix,T00952,QQQ,shortputspread,closed,1,0.07,0.04,3,193,2026-09-22 13:33:11,2026-09-22 13:55:06,2026-09-22 16:00:00,put side,True,743,741,,,-7,745.15,746.16,0.57142857,-0.42857143,2026-09-22 13:55:00,2026-09-22 13:41:00
DIR-SPX-CallVIXdrop,Directional,SPX,experiment,post-fix,T00961,SPX,longcallspread,closed,1,5.35,2.6,-275,535,2026-09-22 11:00:02,2026-09-22 12:25:01,2026-09-22 16:00:00,,False,,,7780,7765,535,7764.87,7758.16,0.13084112,-0.51401869,2026-09-22 11:08:00,2026-09-22 12:25:00
60min-ORB-10W-Paper-v1,OA-Mirror,SPX,mirror-watch,baseline,T00962,SPX,shortcallspread,closed,1,1.05,0.55,50,895,2026-09-22 10:45:02,2026-09-22 11:32:00,2026-09-22 16:00:00,test b,True,,,7785,7795,-105,7764.14,7761.19,0.47619048,-0.33333333,2026-09-22 11:32:00,2026-09-22 10:51:00
IC-SPX-FastPT25-S2,IC,SPX,live-candidate,post-fix,T00963,SPX,shortputspread,closed,10,0.1,0.1,0,4900,2026-09-22 11:02:01,2026-09-22 11:05:02,2026-09-22 16:00:00,put side,True,7710,7705,,,-100,7765.8,7765.72,0.3,0,2026-09-22 11:05:00,2026-09-22 11:03:00
Trendy-Paper-v1,OA-Mirror,,mirror-watch,baseline,T00964,SPY,shortputspread,closed,1,0.7,0.08,62,930,2026-09-18 10:45:16,2026-09-22 09:45:14,2026-09-28 16:00:00,,True,743,733,,,-70,758.95,774.46,0.9,-0.1,2026-09-22 09:32:00,2026-09-18 12:26:00
Nigiri-Paper-v1,OA-Mirror,,mirror-watch,baseline,T00965,SPY,shortputspread,closed,10,0.07,0.03,40,4930,2026-09-21 09:45:23,2026-09-22 09:45:12,2026-09-25 16:00:00,,True,744,739,,,-70,766.86,774.47,0.71428571,-0.28571429,2026-09-22 09:41:00,2026-09-21 09:48:00
Nigiri-Paper-v1,OA-Mirror,,mirror-watch,baseline,T00966,SPY,shortputspread,closed,10,0.09,0.04,50,4910,2026-09-18 09:45:34,2026-09-21 09:45:12,2026-09-25 16:00:00,,True,732,727,,,-90,760.92,766.86,0.66666667,-0.55555556,2026-09-21 09:32:00,2026-09-18 12:24:00
IC-SPX-FastPT25-S2,IC,SPX,live-candidate,post-fix,T00967,SPX,shortcallspread,expired,10,0.1,0,100,4900,2026-09-18 11:01:01,2026-09-18 16:08:22,2026-09-18 16:00:00,call side,False,,,7685,7690,-100,7628.88,7650.5,1,0,2026-09-18 11:15:00,2026-09-18 11:31:00
IC-SPX-FastPT25-S2,IC,SPX,live-candidate,post-fix,T00967,SPX,shortputspread,expired,10,0.1,0,100,4900,2026-09-18 11:01:00,2026-09-18 16:08:22,2026-09-18 16:00:00,put side,False,7570,7565,,,-100,7628.74,7650.5,1,-0.5,2026-09-18 12:36:00,2026-09-18 12:24:00
GF-QQQ-IC-Canary,IC,QQQ,instrument,post-fix,T00968,QQQ,shortcallspread,closed,1,0.08,1.06,-98,192,2026-09-18 13:36:12,2026-09-18 15:50:01,2026-09-18 16:00:00,call side,True,,,719,721,-8,717.24,720.06,0.125,-10.5,2026-09-18 14:12:00,2026-09-18 15:49:00
GF-QQQ-IC-PT50,IC,QQQ,experiment,post-fix,T00970,QQQ,shortcallspread,closed,26,0.08,1.06,-2548,4992,2026-09-18 13:36:12,2026-09-18 15:50:01,2026-09-18 16:00:00,call side,True,,,719,721,-208,717.24,720.06,0.125,-10.5,2026-09-18 14:12:00,2026-09-18 15:49:00
GF-QQQ-IC-Trail,IC,QQQ,experiment,post-fix,T00973,QQQ,shortputspread,closed,26,0.07,0.01,156,5018,2026-09-18 13:31:12,2026-09-18 15:50:01,2026-09-18 16:00:00,put side,True,715,713,,,-182,716.92,720.06,1,-0.14285714,2026-09-18 15:45:00,2026-09-18 13:31:11
GF-QQQ-IC-SL200,IC,QQQ,experiment,post-fix,T00974,QQQ,shortputspread,closed,26,0.07,0.01,156,5018,2026-09-18 13:31:12,2026-09-18 15:50:01,2026-09-18 16:00:00,put side,True,715,713,,,-182,716.92,720.06,1,-0.14285714,2026-09-18 15:45:00,2026-09-18 13:31:11
GF-QQQ-IC-SL100,IC,QQQ,experiment,post-fix,T00975,QQQ,shortputspread,closed,26,0.07,0.01,156,5018,2026-09-18 13:31:12,2026-09-18 15:50:01,2026-09-18 16:00:00,put side,True,715,713,,,-182,716.92,720.06,1,-0.14285714,2026-09-18 15:45:00,2026-09-18 13:31:11
GF-QQQ-IC-Trail,IC,QQQ,experiment,post-fix,T00972,QQQ,shortcallspread,closed,26,0.08,1.06,-2548,4992,2026-09-18 13:36:12,2026-09-18 15:50:01,2026-09-18 16:00:00,call side,True,,,719,721,-208,717.24,720.06,0.125,-10.5,2026-09-18 14:12:00,2026-09-18 15:49:00
GF-QQQ-IC-Touch0,IC,QQQ,experiment,post-fix,T00977,QQQ,shortputspread,closed,26,0.07,0.01,156,5018,2026-09-18 13:31:12,2026-09-18 15:50:01,2026-09-18 16:00:00,put side,True,715,713,,,-182,716.92,720.06,1,-0.14285714,2026-09-18 15:45:00,2026-09-18 13:31:11
GF-QQQ-IC-Ride,IC,QQQ,control,post-fix,T00978,QQQ,shortcallspread,closed,26,0.08,1.06,-2548,4992,2026-09-18 13:36:12,2026-09-18 15:50:01,2026-09-18 16:00:00,call side,True,,,719,721,-208,717.24,720.06,0.125,-10.5,2026-09-18 14:12:00,2026-09-18 15:49:00
GF-QQQ-IC-Ride,IC,QQQ,control,post-fix,T00979,QQQ,shortputspread,closed,26,0.07,0.01,156,5018,2026-09-18 13:31:12,2026-09-18 15:50:01,2026-09-18 16:00:00,put side,True,715,713,,,-182,716.92,720.06,1,-0.14285714,2026-09-18 15:45:00,2026-09-18 13:31:11
IC-SPX-FastPT25-S2-130PM,IC,SPX,experiment,baseline,T00980,SPX,shortputspread,closed,10,0.3,0.05,250,4700,2026-09-18 13:31:01,2026-09-18 14:54:01,2026-09-18 16:00:00,put side,False,7605,7600,,,-300,7623.79,7646.63,1,-0.06666667,2026-09-18 14:30:00,2026-09-18 13:32:00
IC-SPX-FastPT25-S2-130PM,IC,SPX,experiment,baseline,T00980,SPX,shortcallspread,closed,10,0.2,2.45,-2250,4800,2026-09-18 13:31:03,2026-09-18 14:54:00,2026-09-18 16:00:00,call side,False,,,7645,7650,-200,7623.71,7646.71,0.25,-11.25,2026-09-18 13:32:00,2026-09-18 14:54:00
GF-QQQ-IC-Touch0,IC,QQQ,experiment,post-fix,T00976,QQQ,shortcallspread,closed,26,0.08,0.55,-1222,4992,2026-09-18 13:36:12,2026-09-18 14:53:11,2026-09-18 16:00:00,call side,True,,,719,721,-208,717.24,719.13,0.125,-5.75,2026-09-18 14:12:00,2026-09-18 14:53:00
GF-QQQ-IC-PT50,IC,QQQ,experiment,post-fix,T00971,QQQ,shortputspread,closed,26,0.07,0.03,104,5018,2026-09-18 13:31:12,2026-09-18 14:24:06,2026-09-18 16:00:00,put side,True,715,713,,,-182,716.92,717.92,0.71428571,-0.14285714,2026-09-18 14:24:00,2026-09-18 13:31:11
GF-QQQ-IC-Canary,IC,QQQ,instrument,post-fix,T00969,QQQ,shortputspread,closed,1,0.07,0.06,1,193,2026-09-18 13:31:12,2026-09-18 13:42:06,2026-09-18 16:00:00,put side,True,715,713,,,-7,716.92,717.43,0.28571429,-0.14285714,2026-09-18 13:42:00,2026-09-18 13:31:11
3DTE $140-$350,OA-Mirror,SPX,mirror-watch,baseline,T00981,SPX,ironcondor,closed,1,0.6,0.15,45,1440,2026-09-17 10:00:11,2026-09-18 13:00:02,2026-09-22 16:00:00,"200,60percent",False,7420,7410,7825,7840,-60,7622.59,7624.04,0.78333333,-0.08333333,2026-09-18 12:54:00,2026-09-17 10:06:00
Friday 14 DTE Broken Wing IB (B-70),OA-Mirror,,mirror-watch,baseline,T00982,SPX,ironbutterfly,closed,1,40.9,37.65,325,1910,2026-09-18 10:30:07,2026-09-18 11:31:01,2026-10-02 16:00:00,14 dte,False,7555,7495,7555,7595,-4090,7623.53,7627.42,0.0794621,-0.00366748,2026-09-18 11:31:00,2026-09-18 10:30:07
Trendy-Paper-v1,OA-Mirror,,mirror-watch,baseline,T00983,SPY,shortputspread,closed,1,0.77,0.34,43,923,2026-09-14 13:15:13,2026-09-18 10:15:18,2026-09-24 16:00:00,,True,740,730,,,-77,762.19,759.25,0.68831169,-1.44155844,2026-09-18 09:47:00,2026-09-16 15:26:00
Nigiri-Paper-v1,OA-Mirror,,mirror-watch,baseline,T00984,SPY,shortputspread,closed,10,0.04,0.04,0,4960,2026-09-17 09:31:27,2026-09-18 09:45:13,2026-09-25 16:00:00,,True,715,710,,,-40,762.85,760.96,0.25,-0.75,2026-09-18 09:31:00,2026-09-17 09:41:00
DIR-SPX-CallVIXdrop,Directional,SPX,experiment,post-fix,T00985,SPX,longcallspread,closed,1,6.15,13.8,765,615,2026-09-17 11:00:03,2026-09-17 15:50:01,2026-09-17 16:00:00,,False,,,7635,7620,615,7619.8,7639.34,1.3902439,-0.17886179,2026-09-17 15:45:00,2026-09-17 11:06:00
3DTE $140-$350,OA-Mirror,SPX,mirror-watch,baseline,T00986,SPX,ironcondor,closed,1,0.55,0.1,45,945,2026-09-15 10:00:13,2026-09-17 09:45:03,2026-09-18 16:00:00,"220,60percent",False,7385,7375,7830,7840,-55,7606.18,7622.16,0.87272727,-1.27272727,2026-09-17 09:32:00,2026-09-16 15:26:00
Nigiri-Paper-v1,OA-Mirror,,mirror-watch,baseline,T00987,SPY,shortputspread,closed,10,0.08,0.02,60,4920,2026-09-11 09:34:29,2026-09-17 09:31:06,2026-09-18 16:00:00,,True,726,721,,,-80,765.41,762.87,0.875,-1.25,2026-09-17 09:31:00,2026-09-16 15:26:00
GF-QQQ-IC-Ride,IC,QQQ,control,post-fix,T00988,QQQ,shortputspread,closed,26,0.11,0.02,234,4914,2026-09-16 13:31:12,2026-09-16 15:50:06,2026-09-16 16:00:00,put side,False,699,697,,,-286,709.67,704.15,0.90909091,-3.54545455,2026-09-16 15:49:00,2026-09-16 15:27:00
GF-QQQ-IC-Touch0,IC,QQQ,experiment,post-fix,T00989,QQQ,shortputspread,closed,26,0.11,0.02,234,4914,2026-09-16 13:31:12,2026-09-16 15:50:06,2026-09-16 16:00:00,put side,False,699,697,,,-286,709.67,704.15,0.90909091,-3.54545455,2026-09-16 15:49:00,2026-09-16 15:27:00
QQQ-IC-0DTE-Fortress-NoPT50,IC,QQQ,experiment,post-fix,T00990,QQQ,shortputspread,closed,29,0.3,0.53,-667,4930,2026-09-16 13:31:01,2026-09-16 15:50:00,2026-09-16 16:00:00,put side,False,704,702,,,-870,709.67,704.1,0.53333333,-4.26666667,2026-09-16 14:44:00,2026-09-16 15:26:00
GF-QQQ-IC-Ride,IC,QQQ,control,post-fix,T00988,QQQ,shortcallspread,closed,26,0.13,0.01,312,4862,2026-09-16 13:31:13,2026-09-16 15:50:00,2026-09-16 16:00:00,call side,False,,,718,720,-338,709.66,704.1,1,-0.30769231,2026-09-16 14:54:00,2026-09-16 13:59:00
GF-QQQ-IC-SL100,IC,QQQ,experiment,post-fix,T00991,QQQ,shortcallspread,closed,26,0.16,0.01,390,4784,2026-09-16 13:42:13,2026-09-16 15:50:00,2026-09-16 16:00:00,call side,True,,,717,719,-416,709.08,704.1,1,-0.4375,2026-09-16 14:55:00,2026-09-16 13:59:00
QQQ-IC-0DTE-Fortress-NoPT50,IC,QQQ,experiment,post-fix,T00990,QQQ,shortcallspread,closed,29,0.33,0.01,928,4843,2026-09-16 13:31:02,2026-09-16 15:50:00,2026-09-16 16:00:00,call side,False,,,715,717,-957,709.66,704.1,1,-0.24242424,2026-09-16 15:06:00,2026-09-16 14:06:00
GF-QQQ-IC-SL200,IC,QQQ,experiment,post-fix,T00993,QQQ,shortcallspread,closed,26,0.13,0.01,312,4862,2026-09-16 13:31:13,2026-09-16 15:50:00,2026-09-16 16:00:00,call side,False,,,718,720,-338,709.66,704.1,1,-0.30769231,2026-09-16 14:54:00,2026-09-16 13:59:00
GF-QQQ-IC-Touch0,IC,QQQ,experiment,post-fix,T00989,QQQ,shortcallspread,closed,26,0.13,0.01,312,4862,2026-09-16 13:31:13,2026-09-16 15:50:00,2026-09-16 16:00:00,call side,False,,,718,720,-338,709.66,704.1,1,-0.30769231,2026-09-16 14:54:00,2026-09-16 13:59:00
GF-QQQ-IC-SL200,IC,QQQ,experiment,post-fix,T00993,QQQ,shortputspread,closed,26,0.11,0.37,-676,4914,2026-09-16 13:31:12,2026-09-16 15:14:11,2026-09-16 16:00:00,put side,False,699,697,,,-286,709.67,701.65,0.81818182,-2.27272727,2026-09-16 14:43:00,2026-09-16 15:14:00
GF-QQQ-IC-SL100,IC,QQQ,experiment,post-fix,T00992,QQQ,shortputspread,closed,26,0.11,0.24,-338,4914,2026-09-16 13:31:12,2026-09-16 15:11:11,2026-09-16 16:00:00,put side,True,699,697,,,-286,709.67,702.72,0.81818182,-1.09090909,2026-09-16 14:43:00,2026-09-16 15:11:00
GF-QQQ-IC-PT50,IC,QQQ,experiment,post-fix,T00994,QQQ,shortputspread,closed,26,0.11,0.04,182,4914,2026-09-16 13:31:12,2026-09-16 14:44:06,2026-09-16 16:00:00,put side,False,699,697,,,-286,709.67,710.17,0.72727273,-0.54545455,2026-09-16 14:44:00,2026-09-16 14:37:00
DIR-SPX-CallVIXdrop,Directional,SPX,experiment,post-fix,T00995,SPX,longcallspread,closed,1,7.25,3,-425,725,2026-09-16 11:00:03,2026-09-16 14:36:00,2026-09-16 16:00:00,,False,,,7630,7615,725,7613.64,7580.83,0.14482759,-0.5862069,2026-09-16 11:48:00,2026-09-16 14:36:00
GF-QQQ-IC-PT50,IC,QQQ,experiment,post-fix,T00994,QQQ,shortcallspread,closed,26,0.13,0.06,182,4862,2026-09-16 13:31:13,2026-09-16 14:28:06,2026-09-16 16:00:00,call side,False,,,718,720,-338,709.66,708.6,0.61538462,-0.30769231,2026-09-16 14:28:00,2026-09-16 13:59:00
GF-QQQ-IC-Trail,IC,QQQ,experiment,post-fix,T00996,QQQ,shortcallspread,closed,26,0.13,0.1,78,4862,2026-09-16 13:31:13,2026-09-16 14:24:11,2026-09-16 16:00:00,call side,False,,,718,720,-338,709.66,709.98,0.46153846,-0.30769231,2026-09-16 14:17:00,2026-09-16 13:59:00
GF-QQQ-IC-Trail,IC,QQQ,experiment,post-fix,T00996,QQQ,shortputspread,closed,26,0.11,0.08,78,4914,2026-09-16 13:31:12,2026-09-16 14:07:11,2026-09-16 16:00:00,put side,False,699,697,,,-286,709.67,710.72,0.54545455,-0.45454545,2026-09-16 14:06:00,2026-09-16 13:41:00
GF-QQQ-IC-Canary,IC,QQQ,instrument,post-fix,T00997,QQQ,shortputspread,closed,1,0.11,0.06,5,189,2026-09-16 13:31:12,2026-09-16 14:06:06,2026-09-16 16:00:00,put side,False,699,697,,,-11,709.67,711.14,0.54545455,-0.45454545,2026-09-16 14:06:00,2026-09-16 13:41:00
GF-QQQ-IC-Canary,IC,QQQ,instrument,post-fix,T00997,QQQ,shortcallspread,closed,1,0.13,0.12,1,187,2026-09-16 13:31:13,2026-09-16 14:01:00,2026-09-16 16:00:00,call side,False,,,718,720,-13,709.66,709.84,0.15384615,-0.30769231,2026-09-16 14:01:00,2026-09-16 13:59:00
IC-SPX-FastPT25-S2,IC,SPX,live-candidate,post-fix,T00998,SPX,shortcallspread,expired,10,0.1,0,100,4900,2026-09-15 11:01:01,2026-09-15 16:15:00,2026-09-15 16:00:00,call side,False,,,7635,7640,-100,7579.08,7585.73,1,0,2026-09-15 12:20:00,2026-09-15 11:01:01
IC-SPX-FastPT25-S2-130PM,IC,SPX,experiment,baseline,T00999,SPX,shortcallspread,expired,10,0.3,0,300,4700,2026-09-15 13:31:01,2026-09-15 16:15:00,2026-09-15 16:00:00,call side,False,,,7600,7605,-300,7579.86,7585.73,1,-1.5,2026-09-15 15:31:00,2026-09-15 14:14:00
IC-SPX-FastPT25-S2,IC,SPX,live-candidate,post-fix,T00998,SPX,shortputspread,expired,10,0.15,0,150,4850,2026-09-15 11:01:00,2026-09-15 16:15:00,2026-09-15 16:00:00,put side,False,7520,7515,,,-150,7579.1,7585.73,1,0,2026-09-15 11:56:00,2026-09-15 11:03:00
IC-SPX-FastPT25-S2-130PM,IC,SPX,experiment,baseline,T00999,SPX,shortputspread,expired,10,0.2,0,200,4800,2026-09-15 13:31:00,2026-09-15 16:15:00,2026-09-15 16:00:00,put side,False,7555,7550,,,-200,7580.03,7585.73,1,-0.25,2026-09-15 15:01:00,2026-09-15 13:31:01
GF-QQQ-IC-SL100,IC,QQQ,experiment,post-fix,T01000,QQQ,shortputspread,closed,26,0.07,0.02,130,5018,2026-09-15 13:31:11,2026-09-15 15:50:05,2026-09-15 16:00:00,put side,True,702,700,,,-182,704.74,704.05,0.85714286,-0.14285714,2026-09-15 15:00:00,2026-09-15 13:43:00
GF-QQQ-IC-SL200,IC,QQQ,experiment,post-fix,T01001,QQQ,shortputspread,closed,26,0.07,0.02,130,5018,2026-09-15 13:31:11,2026-09-15 15:50:05,2026-09-15 16:00:00,put side,True,702,700,,,-182,704.74,704.05,0.85714286,-0.14285714,2026-09-15 15:00:00,2026-09-15 13:43:00
GF-QQQ-IC-Touch0,IC,QQQ,experiment,post-fix,T01002,QQQ,shortputspread,closed,26,0.07,0.02,130,5018,2026-09-15 13:31:11,2026-09-15 15:50:05,2026-09-15 16:00:00,put side,False,702,700,,,-182,704.74,704.05,0.85714286,-0.14285714,2026-09-15 15:00:00,2026-09-15 13:43:00
GF-QQQ-IC-Ride,IC,QQQ,control,post-fix,T01003,QQQ,shortputspread,closed,26,0.07,0.02,130,5018,2026-09-15 13:31:11,2026-09-15 15:50:05,2026-09-15 16:00:00,put side,False,702,700,,,-182,704.74,704.05,0.85714286,-0.14285714,2026-09-15 15:00:00,2026-09-15 13:43:00
GF-QQQ-IC-Ride,IC,QQQ,control,post-fix,T01003,QQQ,shortcallspread,closed,26,0.09,0.01,208,4966,2026-09-15 13:31:12,2026-09-15 15:50:00,2026-09-15 16:00:00,call side,False,,,707,709,-234,704.76,704.2,1,-0.22222222,2026-09-15 15:46:00,2026-09-15 13:33:00
GF-QQQ-IC-Touch0,IC,QQQ,experiment,post-fix,T01002,QQQ,shortcallspread,closed,26,0.09,0.01,208,4966,2026-09-15 13:31:12,2026-09-15 15:50:00,2026-09-15 16:00:00,call side,False,,,707,709,-234,704.76,704.2,1,-0.22222222,2026-09-15 15:46:00,2026-09-15 13:33:00
GF-QQQ-IC-Trail,IC,QQQ,experiment,post-fix,T01004,QQQ,shortputspread,closed,26,0.07,0.05,52,5018,2026-09-15 13:31:11,2026-09-15 14:49:11,2026-09-15 16:00:00,put side,False,702,700,,,-182,704.74,704.35,0.71428571,-0.14285714,2026-09-15 14:08:00,2026-09-15 13:43:00
GF-QQQ-IC-PT50,IC,QQQ,experiment,post-fix,T01005,QQQ,shortcallspread,closed,26,0.09,0.04,130,4966,2026-09-15 13:31:12,2026-09-15 14:41:06,2026-09-15 16:00:00,call side,False,,,707,709,-234,704.76,704.66,0.66666667,-0.22222222,2026-09-15 14:41:00,2026-09-15 13:33:00
GF-QQQ-IC-PT50,IC,QQQ,experiment,post-fix,T01005,QQQ,shortputspread,closed,26,0.07,0.03,104,5018,2026-09-15 13:31:11,2026-09-15 14:15:06,2026-09-15 16:00:00,put side,False,702,700,,,-182,704.74,705.43,0.71428571,-0.14285714,2026-09-15 14:15:00,2026-09-15 13:43:00
GF-QQQ-IC-Trail,IC,QQQ,experiment,post-fix,T01004,QQQ,shortcallspread,closed,26,0.09,0.08,26,4966,2026-09-15 13:31:12,2026-09-15 13:55:11,2026-09-15 16:00:00,call side,False,,,707,709,-234,704.76,705.03,0.44444444,-0.22222222,2026-09-15 13:49:00,2026-09-15 13:33:00
GF-QQQ-IC-Canary,IC,QQQ,instrument,post-fix,T01006,QQQ,shortputspread,closed,1,0.07,0.06,1,193,2026-09-15 13:31:11,2026-09-15 13:45:06,2026-09-15 16:00:00,put side,False,702,700,,,-7,704.74,704.83,0.28571429,0,2026-09-15 13:45:00,2026-09-15 13:31:11
GF-QQQ-IC-Canary,IC,QQQ,instrument,post-fix,T01006,QQQ,shortcallspread,closed,1,0.09,0.08,1,191,2026-09-15 13:31:12,2026-09-15 13:40:06,2026-09-15 16:00:00,call side,False,,,707,709,-9,704.76,704.77,0.22222222,-0.22222222,2026-09-15 13:40:00,2026-09-15 13:33:00
IC-SPX-FastPT25-S2-130PM,IC,SPX,experiment,baseline,T01007,SPX,shortcallspread,expired,10,0.25,0,250,4750,2026-09-14 13:31:02,2026-09-14 16:15:00,2026-09-14 16:00:00,call side,False,,,7665,7670,-250,7640.82,7619.98,1,0,2026-09-14 14:32:00,2026-09-14 13:31:02
IC-SPX-FastPT25-S2-130PM,IC,SPX,experiment,baseline,T01007,SPX,shortputspread,expired,10,0.2,0,200,4800,2026-09-14 13:31:01,2026-09-14 16:15:00,2026-09-14 16:00:00,put side,False,7615,7610,,,-200,7640.78,7619.98,1,-0.5,2026-09-14 15:49:00,2026-09-14 14:04:00
3DTE $140-$350,OA-Mirror,SPX,mirror-watch,baseline,T01008,SPX,ironcondor,expired,1,0.35,0,35,965,2026-09-11 10:10:01,2026-09-14 16:15:00,2026-09-14 16:00:00,140,False,7525,7515,7810,7820,-35,7667.17,7619.98,1,-0.37142857,2026-09-14 11:10:00,2026-09-11 10:48:00
GF-QQQ-IC-SL100,IC,QQQ,experiment,post-fix,T01009,QQQ,shortputspread,closed,26,0.07,0.02,130,5018,2026-09-14 13:31:12,2026-09-14 15:50:06,2026-09-14 16:00:00,put side,True,709,707,,,-182,712.39,710.72,0.85714286,-0.14285714,2026-09-14 15:46:00,2026-09-14 13:31:11
GF-QQQ-IC-Ride,IC,QQQ,control,post-fix,T01010,QQQ,shortputspread,closed,26,0.07,0.02,130,5018,2026-09-14 13:31:12,2026-09-14 15:50:06,2026-09-14 16:00:00,put side,False,709,707,,,-182,712.39,710.72,0.85714286,-0.14285714,2026-09-14 15:46:00,2026-09-14 13:31:11
GF-QQQ-IC-SL200,IC,QQQ,experiment,post-fix,T01011,QQQ,shortputspread,closed,26,0.07,0.02,130,5018,2026-09-14 13:31:12,2026-09-14 15:50:06,2026-09-14 16:00:00,put side,True,709,707,,,-182,712.39,710.72,0.85714286,-0.14285714,2026-09-14 15:46:00,2026-09-14 13:31:11
GF-QQQ-IC-Touch0,IC,QQQ,experiment,post-fix,T01012,QQQ,shortputspread,closed,26,0.07,0.02,130,5018,2026-09-14 13:31:12,2026-09-14 15:50:06,2026-09-14 16:00:00,put side,False,709,707,,,-182,712.39,710.72,0.85714286,-0.14285714,2026-09-14 15:46:00,2026-09-14 13:31:11
GF-QQQ-IC-Touch0,IC,QQQ,experiment,post-fix,T01012,QQQ,shortcallspread,closed,26,0.1,0.01,234,4940,2026-09-14 13:31:13,2026-09-14 15:50:00,2026-09-14 16:00:00,call side,False,,,715,717,-260,712.46,710.94,1,-0.1,2026-09-14 15:01:00,2026-09-14 13:31:12
GF-QQQ-IC-Ride,IC,QQQ,control,post-fix,T01010,QQQ,shortcallspread,closed,26,0.1,0.01,234,4940,2026-09-14 13:31:13,2026-09-14 15:50:00,2026-09-14 16:00:00,call side,False,,,715,717,-260,712.46,710.94,1,-0.1,2026-09-14 15:01:00,2026-09-14 13:31:12
GF-QQQ-IC-PT50,IC,QQQ,experiment,post-fix,T01013,QQQ,shortputspread,closed,26,0.07,0.03,104,5018,2026-09-14 13:31:12,2026-09-14 14:46:06,2026-09-14 16:00:00,put side,False,709,707,,,-182,712.39,712.17,0.71428571,-0.14285714,2026-09-14 14:46:00,2026-09-14 13:31:11
GF-QQQ-IC-Trail,IC,QQQ,experiment,post-fix,T01014,QQQ,shortputspread,closed,26,0.07,0.07,0,5018,2026-09-14 13:31:12,2026-09-14 14:04:11,2026-09-14 16:00:00,put side,False,709,707,,,-182,712.39,712.25,0.42857143,-0.14285714,2026-09-14 13:47:00,2026-09-14 13:31:11
GF-QQQ-IC-PT50,IC,QQQ,experiment,post-fix,T01013,QQQ,shortcallspread,closed,26,0.1,0.05,130,4940,2026-09-14 13:31:13,2026-09-14 14:04:06,2026-09-14 16:00:00,call side,False,,,715,717,-260,712.46,712.24,0.6,-0.1,2026-09-14 14:04:00,2026-09-14 13:31:12
GF-QQQ-IC-Trail,IC,QQQ,experiment,post-fix,T01014,QQQ,shortcallspread,closed,26,0.1,0.09,26,4940,2026-09-14 13:31:13,2026-09-14 13:49:11,2026-09-14 16:00:00,call side,False,,,715,717,-260,712.46,712.65,0.4,-0.1,2026-09-14 13:43:00,2026-09-14 13:31:12
GF-QQQ-IC-Canary,IC,QQQ,instrument,post-fix,T01015,QQQ,shortputspread,closed,1,0.07,0.06,1,193,2026-09-14 13:31:12,2026-09-14 13:43:06,2026-09-14 16:00:00,put side,False,709,707,,,-7,712.39,712.29,0.28571429,-0.14285714,2026-09-14 13:43:00,2026-09-14 13:31:11
GF-QQQ-IC-Canary,IC,QQQ,instrument,post-fix,T01015,QQQ,shortcallspread,closed,1,0.1,0.09,1,190,2026-09-14 13:31:13,2026-09-14 13:38:06,2026-09-14 16:00:00,call side,False,,,715,717,-10,712.46,712.32,0.2,-0.1,2026-09-14 13:38:00,2026-09-14 13:31:12
IC-SPX-FastPT25-S2,IC,SPX,live-candidate,post-fix,T01016,SPX,shortcallspread,closed,10,0.1,0.1,0,4900,2026-09-14 11:33:01,2026-09-14 11:36:01,2026-09-14 16:00:00,call side,True,,,7670,7675,-100,7615.08,7620.18,0.5,0.2,2026-09-14 11:35:00,2026-09-14 11:33:01
IC-SPX-FastPT25-S2,IC,SPX,live-candidate,post-fix,T01017,SPX,shortputspread,closed,10,0.1,0.15,-50,4900,2026-09-14 11:06:00,2026-09-14 11:08:02,2026-09-14 16:00:00,put side,True,7550,7545,,,-100,7605.46,7605.58,0,-0.5,2026-09-14 11:07:00,2026-09-14 11:06:00
60min-ORB-10W-Paper-v1,OA-Mirror,SPX,mirror-watch,baseline,T01018,SPX,shortcallspread,closed,1,1.05,0.55,50,895,2026-09-14 10:45:02,2026-09-14 11:05:00,2026-09-14 16:00:00,test b,True,,,7625,7635,-105,7599.33,7594.92,0.47619048,-0.14285714,2026-09-14 11:05:00,2026-09-14 10:46:00
DIR-SPX-CallVIXdrop,Directional,SPX,experiment,post-fix,T01019,SPX,longcallspread,closed,1,6.1,6.55,45,610,2026-09-11 11:00:03,2026-09-11 15:50:01,2026-09-11 16:00:00,,False,,,7670,7655,610,7654,7661.33,1.1147541,0,2026-09-11 13:25:00,2026-09-11 11:00:02
Friday 14 DTE Broken Wing IB (B-70),OA-Mirror,,mirror-watch,baseline,T01020,SPX,ironbutterfly,closed,1,41,38.85,215,1900,2026-09-11 10:30:03,2026-09-11 14:20:01,2026-09-25 16:00:00,14 dte,False,7600,7540,7600,7640,-4100,7671.17,7669.47,0.05243902,-0.01707317,2026-09-11 14:20:00,2026-09-11 10:53:00
Trendy-Paper-v1,OA-Mirror,,mirror-watch,baseline,T01021,SPY,shortputspread,closed,1,0.63,0.44,19,937,2026-09-04 11:00:13,2026-09-11 10:45:21,2026-09-14 16:00:00,,True,755,745,,,-63,769.45,763.93,0.61904762,-2.52380952,2026-09-11 10:29:00,2026-09-10 10:00:00
3DTE $140-$350,OA-Mirror,SPX,mirror-watch,baseline,T01022,SPX,ironcondor,closed,1,0.5,0.15,35,950,2026-09-09 10:00:05,2026-09-11 09:45:03,2026-09-14 16:00:00,"200,60percent",False,7455,7445,7860,7870,-50,7655.93,7669.16,0.86,-1.26,2026-09-11 09:36:00,2026-09-10 10:11:00
Nigiri-Paper-v1,OA-Mirror,,mirror-watch,baseline,T01023,SPY,shortputspread,closed,10,0.09,0.02,70,4910,2026-09-04 09:45:24,2026-09-11 09:34:06,2026-09-11 16:00:00,,True,748,743,,,-90,772.17,765.38,0.88888889,-4.22222222,2026-09-11 09:34:00,2026-09-10 10:00:00
IC-SPX-FastPT25-S2,IC,SPX,live-candidate,post-fix,T01024,SPX,shortputspread,expired,10,0.15,0,150,4850,2026-09-10 11:01:01,2026-09-10 16:15:00,2026-09-10 16:00:00,put side,False,7550,7545,,,-150,7604.91,7591.7,1,-0.86666667,2026-09-10 14:01:00,2026-09-10 12:35:00
IC-SPX-FastPT25-S2,IC,SPX,live-candidate,post-fix,T01024,SPX,shortcallspread,expired,10,0.1,0,100,4900,2026-09-10 11:03:03,2026-09-10 16:15:00,2026-09-10 16:00:00,call side,False,,,7655,7660,-100,7599.48,7591.7,1,-0.3,2026-09-10 12:02:00,2026-09-10 11:06:00
IC-SPX-FastPT25-S2-130PM,IC,SPX,experiment,baseline,T01025,SPX,shortcallspread,expired,10,0.35,0,350,4650,2026-09-10 13:31:01,2026-09-10 16:15:00,2026-09-10 16:00:00,call side,False,,,7620,7625,-350,7597.45,7591.7,1,-0.14285714,2026-09-10 15:04:00,2026-09-10 13:32:00
IC-SPX-FastPT25-S2-130PM,IC,SPX,experiment,baseline,T01025,SPX,shortputspread,expired,10,0.25,0,250,4750,2026-09-10 13:31:00,2026-09-10 16:15:00,2026-09-10 16:00:00,put side,False,7570,7565,,,-250,7597.61,7591.7,1,-1.2,2026-09-10 15:43:00,2026-09-10 14:34:00
Friday 14 DTE Broken Wing IB (B-70),OA-Mirror,,mirror-watch,baseline,T01026,SPX,ironbutterfly,closed,1,40.75,38.65,210,1925,2026-09-04 10:30:08,2026-09-10 13:02:01,2026-09-18 16:00:00,14 dte,False,7660,7600,7660,7700,-4075,7728.22,7604.69,0.05153374,-0.1006135,2026-09-10 13:02:00,2026-09-10 09:33:00
IC-SPX-FastPT25-S2-130PM,IC,SPX,experiment,baseline,T01027,SPX,shortcallspread,expired,10,0.25,0,250,4750,2026-09-09 13:31:02,2026-09-09 16:15:00,2026-09-09 16:00:00,call side,False,,,7665,7670,-250,7644.8,7636.36,1,-0.4,2026-09-09 15:28:00,2026-09-09 13:56:00
IC-SPX-FastPT25-S2-130PM,IC,SPX,experiment,baseline,T01027,SPX,shortputspread,expired,10,0.25,0,250,4750,2026-09-09 13:31:00,2026-09-09 16:15:00,2026-09-09 16:00:00,put side,False,7620,7615,,,-250,7644.97,7636.36,1,-0.6,2026-09-09 14:53:00,2026-09-09 13:39:00
GF-QQQ-IC-Ride,IC,QQQ,control,post-fix,T01028,QQQ,shortputspread,closed,26,0.07,0.01,156,5018,2026-09-09 13:39:13,2026-09-09 15:50:00,2026-09-09 16:00:00,put side,False,713,711,,,-182,715.82,716.19,1,-0.14285714,2026-09-09 15:45:00,2026-09-09 13:39:13
GF-QQQ-IC-SL200,IC,QQQ,experiment,post-fix,T01029,QQQ,shortputspread,closed,26,0.07,0.01,156,5018,2026-09-09 13:39:13,2026-09-09 15:50:00,2026-09-09 16:00:00,put side,True,713,711,,,-182,715.82,716.19,1,-0.14285714,2026-09-09 15:45:00,2026-09-09 13:39:13
GF-QQQ-IC-SL100,IC,QQQ,experiment,post-fix,T01030,QQQ,shortputspread,closed,26,0.07,0.01,156,5018,2026-09-09 13:39:13,2026-09-09 15:50:00,2026-09-09 16:00:00,put side,True,713,711,,,-182,715.82,716.19,1,-0.14285714,2026-09-09 15:45:00,2026-09-09 13:39:13
GF-QQQ-IC-Touch0,IC,QQQ,experiment,post-fix,T01031,QQQ,shortputspread,closed,26,0.07,0.01,156,5018,2026-09-09 13:39:13,2026-09-09 15:50:00,2026-09-09 16:00:00,put side,False,713,711,,,-182,715.82,716.19,1,-0.14285714,2026-09-09 15:45:00,2026-09-09 13:39:13
GF-QQQ-IC-Touch0,IC,QQQ,experiment,post-fix,T01031,QQQ,shortcallspread,closed,26,0.07,0.01,156,5018,2026-09-09 13:40:13,2026-09-09 15:50:00,2026-09-09 16:00:00,call side,False,,,718,720,-182,715.83,716.19,0.85714286,-2.57142857,2026-09-09 15:30:00,2026-09-09 13:56:00
GF-QQQ-IC-Ride,IC,QQQ,control,post-fix,T01028,QQQ,shortcallspread,closed,26,0.07,0.01,156,5018,2026-09-09 13:40:13,2026-09-09 15:50:00,2026-09-09 16:00:00,call side,False,,,718,720,-182,715.83,716.19,0.85714286,-2.57142857,2026-09-09 15:30:00,2026-09-09 13:56:00
GF-QQQ-IC-Trail,IC,QQQ,experiment,post-fix,T01032,QQQ,shortcallspread,closed,26,0.07,0.05,52,5018,2026-09-09 13:40:13,2026-09-09 15:16:11,2026-09-09 16:00:00,call side,False,,,718,720,-182,715.83,716.44,0.71428571,-2.57142857,2026-09-09 15:03:00,2026-09-09 13:56:00
GF-QQQ-IC-Canary,IC,QQQ,instrument,post-fix,T01033,QQQ,shortcallspread,closed,1,0.07,0.05,2,193,2026-09-09 13:40:13,2026-09-09 15:01:06,2026-09-09 16:00:00,call side,False,,,718,720,-7,715.83,716.21,0.42857143,-2.57142857,2026-09-09 15:01:00,2026-09-09 13:56:00
GF-QQQ-IC-PT50,IC,QQQ,experiment,post-fix,T01034,QQQ,shortputspread,closed,26,0.07,0.03,104,5018,2026-09-09 13:39:13,2026-09-09 14:27:06,2026-09-09 16:00:00,put side,True,713,711,,,-182,715.82,716.48,0.71428571,-0.14285714,2026-09-09 14:27:00,2026-09-09 13:39:13
GF-QQQ-IC-Trail,IC,QQQ,experiment,post-fix,T01032,QQQ,shortputspread,closed,26,0.07,0.06,26,5018,2026-09-09 13:39:13,2026-09-09 14:16:11,2026-09-09 16:00:00,put side,False,713,711,,,-182,715.82,715.96,0.57142857,-0.14285714,2026-09-09 13:47:00,2026-09-09 13:39:13
GF-QQQ-IC-Canary,IC,QQQ,instrument,post-fix,T01033,QQQ,shortputspread,closed,1,0.07,0.04,3,193,2026-09-09 13:39:13,2026-09-09 13:47:06,2026-09-09 16:00:00,put side,False,713,711,,,-7,715.82,716.7,0.57142857,-0.14285714,2026-09-09 13:47:00,2026-09-09 13:39:13
60min-ORB-10W-Paper-v1,OA-Mirror,SPX,mirror-watch,baseline,T01035,SPX,shortcallspread,closed,1,0.7,0.2,50,930,2026-09-09 13:15:03,2026-09-09 13:38:00,2026-09-09 16:00:00,test b,True,,,7665,7675,-70,7645.88,7641.55,0.71428571,-0.14285714,2026-09-09 13:38:00,2026-09-09 13:16:00
IC-SPX-FastPT25-S2,IC,SPX,live-candidate,post-fix,T01036,SPX,shortputspread,closed,10,0.1,0.2,-100,4900,2026-09-09 11:01:00,2026-09-09 11:03:01,2026-09-09 16:00:00,put side,True,7600,7595,,,-100,7656.51,7643.86,0,-1.5,2026-09-09 11:01:00,2026-09-09 11:03:00
3DTE $140-$350,OA-Mirror,SPX,mirror-watch,baseline,T01037,SPX,ironcondor,expired,2,0.45,0,90,1910,2026-09-02 10:00:05,2026-09-08 16:15:00,2026-09-08 16:00:00,200,False,7445,7435,7850,7860,-90,7646.23,7673.52,1,-0.77777778,2026-09-04 10:27:00,2026-09-03 11:31:00
IC-SPX-FastPT25-S2-130PM,IC,SPX,experiment,baseline,T01038,SPX,shortcallspread,expired,10,0.2,0,200,4800,2026-09-08 13:31:02,2026-09-08 16:15:00,2026-09-08 16:00:00,call side,False,,,7710,7715,-200,7690.94,7673.52,1,-0.5,2026-09-08 15:02:00,2026-09-08 13:38:00
IC-SPX-FastPT25-S2-130PM,IC,SPX,experiment,baseline,T01038,SPX,shortputspread,closed,10,0.2,2.05,-1850,4800,2026-09-08 13:31:00,2026-09-08 15:59:00,2026-09-08 16:00:00,put side,False,7670,7665,,,-200,7691.01,7668.71,0.75,-8.75,2026-09-08 14:12:00,2026-09-08 14:49:00
GF-QQQ-IC-PT50,IC,QQQ,experiment,post-fix,T01039,QQQ,shortputspread,closed,26,0.07,0.17,-260,5018,2026-09-08 13:44:11,2026-09-08 15:50:00,2026-09-08 16:00:00,put side,True,718,716,,,-182,720.02,718.62,0.42857143,-4.85714286,2026-09-08 14:17:00,2026-09-08 14:49:00
GF-QQQ-IC-Ride,IC,QQQ,control,post-fix,T01040,QQQ,shortputspread,closed,26,0.07,0.17,-260,5018,2026-09-08 13:44:11,2026-09-08 15:50:00,2026-09-08 16:00:00,put side,True,718,716,,,-182,720.02,718.62,0.42857143,-4.85714286,2026-09-08 14:17:00,2026-09-08 14:49:00
GF-QQQ-IC-Touch0,IC,QQQ,experiment,post-fix,T01041,QQQ,shortputspread,closed,26,0.07,0.17,-260,5018,2026-09-08 13:44:11,2026-09-08 15:50:00,2026-09-08 16:00:00,put side,True,718,716,,,-182,720.02,718.62,0.42857143,-4.85714286,2026-09-08 14:17:00,2026-09-08 14:49:00
GF-QQQ-IC-SL200,IC,QQQ,experiment,post-fix,T01042,QQQ,shortputspread,closed,26,0.07,0.42,-910,5018,2026-09-08 13:44:11,2026-09-08 14:49:22,2026-09-08 16:00:00,put side,True,718,716,,,-182,720.02,718.56,0.42857143,-4.85714286,2026-09-08 14:17:00,2026-09-08 14:49:00
GF-QQQ-IC-SL100,IC,QQQ,experiment,post-fix,T01043,QQQ,shortputspread,closed,26,0.07,0.42,-910,5018,2026-09-08 13:44:11,2026-09-08 14:49:22,2026-09-08 16:00:00,put side,True,718,716,,,-182,720.02,718.56,0.42857143,-4.85714286,2026-09-08 14:17:00,2026-09-08 14:49:00
GF-QQQ-IC-Trail,IC,QQQ,experiment,post-fix,T01044,QQQ,shortputspread,closed,26,0.07,0.07,0,5018,2026-09-08 13:44:11,2026-09-08 14:23:11,2026-09-08 16:00:00,put side,True,718,716,,,-182,720.02,719.83,0.42857143,-0.57142857,2026-09-08 14:17:00,2026-09-08 13:45:00
GF-QQQ-IC-Canary,IC,QQQ,instrument,post-fix,T01045,QQQ,shortputspread,closed,1,0.07,0.06,1,193,2026-09-08 13:44:11,2026-09-08 14:12:06,2026-09-08 16:00:00,put side,True,718,716,,,-7,720.02,720.1,0.28571429,-0.57142857,2026-09-08 14:12:00,2026-09-08 13:45:00
IC-SPX-FastPT25-S2,IC,SPX,live-candidate,post-fix,T01046,SPX,shortputspread,closed,10,0.1,0.05,50,4900,2026-09-08 11:07:01,2026-09-08 11:09:01,2026-09-08 16:00:00,put side,True,7635,7630,,,-100,7691.49,7692,0.5,0,2026-09-08 11:08:00,2026-09-08 11:07:00
IC-SPX-FastPT25-S2-130PM,IC,SPX,experiment,baseline,T01047,SPX,shortputspread,expired,10,0.35,0,350,4650,2026-09-04 13:31:00,2026-09-04 16:15:00,2026-09-04 16:00:00,put side,False,7690,7685,,,-350,7711.72,7718.6,1,-0.28571429,2026-09-04 14:53:00,2026-09-04 13:46:00
IC-SPX-FastPT25-S2-130PM,IC,SPX,experiment,baseline,T01047,SPX,shortcallspread,expired,10,0.25,0,250,4750,2026-09-04 13:31:01,2026-09-04 16:15:00,2026-09-04 16:00:00,call side,False,,,7730,7735,-250,7711.71,7718.6,1,-0.28,2026-09-04 15:24:00,2026-09-04 13:36:00
GF-QQQ-IC-SL200,IC,QQQ,experiment,post-fix,T01048,QQQ,shortputspread,closed,26,0.1,0.01,234,4940,2026-09-04 13:31:11,2026-09-04 15:50:01,2026-09-04 16:00:00,put side,True,715,713,,,-260,717.28,718.91,1,-0.9,2026-09-04 15:28:00,2026-09-04 13:46:00
GF-QQQ-IC-Ride,IC,QQQ,control,post-fix,T01049,QQQ,shortputspread,closed,26,0.1,0.01,234,4940,2026-09-04 13:31:11,2026-09-04 15:50:01,2026-09-04 16:00:00,put side,True,715,713,,,-260,717.28,718.91,1,-0.9,2026-09-04 15:28:00,2026-09-04 13:46:00
GF-QQQ-IC-SL100,IC,QQQ,experiment,post-fix,T01050,QQQ,shortputspread,closed,26,0.1,0.01,234,4940,2026-09-04 13:31:11,2026-09-04 15:50:01,2026-09-04 16:00:00,put side,True,715,713,,,-260,717.28,718.91,1,-0.9,2026-09-04 15:28:00,2026-09-04 13:46:00
GF-QQQ-IC-Trail,IC,QQQ,experiment,post-fix,T01051,QQQ,shortputspread,closed,26,0.1,0.01,234,4940,2026-09-04 13:31:11,2026-09-04 15:50:01,2026-09-04 16:00:00,put side,True,715,713,,,-260,717.28,718.91,1,-0.9,2026-09-04 15:28:00,2026-09-04 13:46:00
GF-QQQ-IC-Touch0,IC,QQQ,experiment,post-fix,T01052,QQQ,shortputspread,closed,26,0.1,0.01,234,4940,2026-09-04 13:31:11,2026-09-04 15:50:01,2026-09-04 16:00:00,put side,True,715,713,,,-260,717.28,718.91,1,-0.9,2026-09-04 15:28:00,2026-09-04 13:46:00
GF-QQQ-IC-PT50,IC,QQQ,experiment,post-fix,T01053,QQQ,shortputspread,closed,26,0.1,0.04,156,4940,2026-09-04 13:31:11,2026-09-04 14:22:06,2026-09-04 16:00:00,put side,True,715,713,,,-260,717.28,717.62,0.7,-0.9,2026-09-04 14:22:00,2026-09-04 13:46:00
GF-QQQ-IC-Canary,IC,QQQ,instrument,post-fix,T01054,QQQ,shortputspread,closed,1,0.1,0.09,1,190,2026-09-04 13:31:11,2026-09-04 13:59:06,2026-09-04 16:00:00,put side,True,715,713,,,-10,717.28,717.21,0.2,-0.9,2026-09-04 13:59:00,2026-09-04 13:46:00
IC-SPX-FastPT25-S2,IC,SPX,live-candidate,post-fix,T01055,SPX,shortputspread,closed,10,0.15,0.15,0,4850,2026-09-04 11:01:01,2026-09-04 11:04:01,2026-09-04 16:00:00,put side,True,7655,7650,,,-150,7710.71,7709.03,0,0,2026-09-04 11:01:01,2026-09-04 11:01:01
Trendy-Paper-v1,OA-Mirror,,mirror-watch,baseline,T01056,SPY,shortputspread,closed,1,0.57,0.33,24,943,2026-09-03 10:30:02,2026-09-04 10:45:17,2026-09-14 16:00:00,,True,750,740,,,-57,768.67,770.42,0.57894737,-0.07017544,2026-09-04 09:56:00,2026-09-03 10:35:00
Nigiri-Paper-v1,OA-Mirror,,mirror-watch,baseline,T01057,SPY,shortputspread,closed,10,0.09,0.05,40,4910,2026-09-03 10:30:30,2026-09-04 09:45:13,2026-09-11 16:00:00,,True,740,735,,,-90,768.82,772.17,0.55555556,-0.33333333,2026-09-03 14:38:00,2026-09-03 10:35:00
DIR-SPX-CallVIXdrop,Directional,SPX,experiment,post-fix,T01058,SPX,longcallspread,closed,1,5.65,9.9,425,565,2026-09-03 11:00:01,2026-09-03 15:50:00,2026-09-03 16:00:00,,False,,,7725,7710,565,7709.04,7749.02,1.69026549,0.00884956,2026-09-03 15:33:00,2026-09-03 11:00:01
Friday 14 DTE Broken Wing IB (B-70),OA-Mirror,,mirror-watch,baseline,T01059,SPX,ironbutterfly,closed,1,40.05,38.95,110,1995,2026-08-28 10:30:03,2026-09-03 12:16:00,2026-09-11 16:00:00,14 dte,False,7660,7600,7660,7700,-4005,7730.4,7743.85,0.02746567,-0.07865169,2026-09-03 12:16:00,2026-09-01 14:46:00
IC-SPX-FastPT25-S2,IC,SPX,live-candidate,post-fix,T01060,SPX,shortputspread,closed,10,0.1,0.05,50,4900,2026-09-03 11:01:00,2026-09-03 11:03:02,2026-09-03 16:00:00,put side,True,7655,7650,,,-100,7711.17,7714.19,0.5,0,2026-09-03 11:03:00,2026-09-03 11:01:01
Nigiri-Paper-v1,OA-Mirror,,mirror-watch,baseline,T01061,SPY,shortputspread,closed,10,0.07,0.03,40,4930,2026-09-02 13:00:24,2026-09-03 10:30:12,2026-09-04 16:00:00,,True,749,744,,,-70,764.98,768.63,0.85714286,-0.42857143,2026-09-03 09:31:00,2026-09-02 13:42:00
Trendy-Paper-v1,OA-Mirror,,mirror-watch,baseline,T01062,SPY,shortputspread,closed,1,0.67,0.31,36,933,2026-08-27 12:45:03,2026-09-03 10:15:14,2026-09-08 16:00:00,,True,755,745,,,-67,771.75,768.43,0.65671642,-1.8358209,2026-09-03 10:00:00,2026-09-01 14:46:00
IC-SPX-FastPT25-S2-130PM,IC,SPX,experiment,baseline,T01063,SPX,shortcallspread,expired,10,0.2,0,200,4800,2026-09-02 13:31:01,2026-09-02 16:15:00,2026-09-02 16:00:00,call side,False,,,7685,7690,-200,7663.77,7666.6,1,-2.5,2026-09-02 15:43:00,2026-09-02 14:19:00
IC-SPX-FastPT25-S2-130PM,IC,SPX,experiment,baseline,T01063,SPX,shortputspread,expired,10,0.25,0,250,4750,2026-09-02 13:31:00,2026-09-02 16:15:00,2026-09-02 16:00:00,put side,False,7640,7635,,,-250,7663.89,7666.6,1,-0.4,2026-09-02 15:10:00,2026-09-02 13:35:00
GF-QQQ-IC-SL100,IC,QQQ,experiment,post-fix,T01064,QQQ,shortcallspread,closed,1,0.12,0.13,-1,188,2026-09-02 13:31:12,2026-09-02 15:50:06,2026-09-02 16:00:00,call side,False,,,711,713,-12,708.39,709.17,0.5,-0.58333333,2026-09-02 13:42:00,2026-09-02 14:19:00
GF-QQQ-IC-Touch0,IC,QQQ,experiment,post-fix,T01065,QQQ,shortcallspread,closed,1,0.12,0.13,-1,188,2026-09-02 13:31:12,2026-09-02 15:50:06,2026-09-02 16:00:00,call side,False,,,711,713,-12,708.39,709.17,0.5,-0.58333333,2026-09-02 13:42:00,2026-09-02 14:19:00
GF-QQQ-IC-Ride,IC,QQQ,control,post-fix,T01066,QQQ,shortcallspread,closed,1,0.12,0.13,-1,188,2026-09-02 13:31:12,2026-09-02 15:50:06,2026-09-02 16:00:00,call side,False,,,711,713,-12,708.39,709.17,0.5,-0.58333333,2026-09-02 13:42:00,2026-09-02 14:19:00
GF-QQQ-IC-SL200,IC,QQQ,experiment,post-fix,T01067,QQQ,shortcallspread,closed,1,0.12,0.13,-1,188,2026-09-02 13:31:12,2026-09-02 15:50:06,2026-09-02 16:00:00,call side,False,,,711,713,-12,708.39,709.17,0.5,-0.58333333,2026-09-02 13:42:00,2026-09-02 14:19:00
GF-QQQ-IC-PT50,IC,QQQ,experiment,post-fix,T01068,QQQ,shortcallspread,closed,1,0.12,0.13,-1,188,2026-09-02 13:31:12,2026-09-02 15:50:06,2026-09-02 16:00:00,call side,False,,,711,713,-12,708.39,709.17,0.5,-0.58333333,2026-09-02 13:42:00,2026-09-02 14:19:00
GF-QQQ-IC-Ride,IC,QQQ,control,post-fix,T01066,QQQ,shortputspread,closed,1,0.07,0.01,6,193,2026-09-02 13:31:11,2026-09-02 15:50:00,2026-09-02 16:00:00,put side,False,704,702,,,-7,708.38,709.12,1,-0.42857143,2026-09-02 15:46:00,2026-09-02 13:37:00
GF-QQQ-IC-Touch0,IC,QQQ,experiment,post-fix,T01065,QQQ,shortputspread,closed,1,0.07,0.01,6,193,2026-09-02 13:31:11,2026-09-02 15:50:00,2026-09-02 16:00:00,put side,False,704,702,,,-7,708.38,709.12,1,-0.42857143,2026-09-02 15:46:00,2026-09-02 13:37:00
GF-QQQ-IC-SL100,IC,QQQ,experiment,post-fix,T01064,QQQ,shortputspread,closed,1,0.07,0.01,6,193,2026-09-02 13:31:11,2026-09-02 15:50:00,2026-09-02 16:00:00,put side,False,704,702,,,-7,708.38,709.12,1,-0.42857143,2026-09-02 15:46:00,2026-09-02 13:37:00
GF-QQQ-IC-SL200,IC,QQQ,experiment,post-fix,T01067,QQQ,shortputspread,closed,1,0.07,0.01,6,193,2026-09-02 13:31:11,2026-09-02 15:50:00,2026-09-02 16:00:00,put side,False,704,702,,,-7,708.38,709.12,1,-0.42857143,2026-09-02 15:46:00,2026-09-02 13:37:00
GF-QQQ-IC-PT50,IC,QQQ,experiment,post-fix,T01068,QQQ,shortputspread,closed,1,0.07,0.03,4,193,2026-09-02 13:31:11,2026-09-02 15:16:06,2026-09-02 16:00:00,put side,False,704,702,,,-7,708.38,708.52,0.71428571,-0.42857143,2026-09-02 15:16:00,2026-09-02 13:37:00
GF-QQQ-IC-Trail,IC,QQQ,experiment,post-fix,T01069,QQQ,shortputspread,closed,1,0.07,0.09,-2,193,2026-09-02 13:31:11,2026-09-02 14:01:11,2026-09-02 16:00:00,put side,False,704,702,,,-7,708.38,708.06,0.42857143,-0.42857143,2026-09-02 14:00:00,2026-09-02 13:37:00
GF-QQQ-IC-Canary,IC,QQQ,instrument,post-fix,T01070,QQQ,shortputspread,closed,1,0.07,0.06,1,193,2026-09-02 13:31:11,2026-09-02 13:46:06,2026-09-02 16:00:00,put side,False,704,702,,,-7,708.38,708.73,0.28571429,-0.42857143,2026-09-02 13:46:00,2026-09-02 13:37:00
GF-QQQ-IC-Trail,IC,QQQ,experiment,post-fix,T01069,QQQ,shortcallspread,closed,1,0.12,0.09,3,188,2026-09-02 13:31:12,2026-09-02 13:43:11,2026-09-02 16:00:00,call side,False,,,711,713,-12,708.39,708.12,0.5,-0.08333333,2026-09-02 13:42:00,2026-09-02 13:31:12
GF-QQQ-IC-Canary,IC,QQQ,instrument,post-fix,T01070,QQQ,shortcallspread,closed,1,0.12,0.11,1,188,2026-09-02 13:31:12,2026-09-02 13:33:06,2026-09-02 16:00:00,call side,False,,,711,713,-12,708.39,708.13,0.16666667,-0.08333333,2026-09-02 13:33:00,2026-09-02 13:31:12
DIR-SPX-CallVIXdrop,Directional,SPX,experiment,post-fix,T01071,SPX,longcallspread,closed,1,6.1,3,-310,610,2026-09-02 11:00:01,2026-09-02 13:18:00,2026-09-02 16:00:00,,False,,,7685,7670,610,7669.97,7663.46,0.45901639,-0.51311475,2026-09-02 11:30:00,2026-09-02 13:18:00
Nigiri-Paper-v1,OA-Mirror,,mirror-watch,baseline,T01072,SPY,shortputspread,closed,10,0.1,0.05,50,4900,2026-08-28 09:45:25,2026-09-02 13:00:12,2026-09-04 16:00:00,,True,746,741,,,-100,772.63,764.99,0.9,-2.6,2026-08-28 10:00:00,2026-09-01 14:46:00
IC-SPX-FastPT25-S2,IC,SPX,live-candidate,post-fix,T01073,SPX,shortputspread,closed,10,0.1,0.1,0,4900,2026-09-02 11:01:00,2026-09-02 11:03:02,2026-09-02 16:00:00,put side,True,7610,7605,,,-100,7669.33,7670.27,0,0,2026-09-02 11:01:00,2026-09-02 11:01:00
IC-SPX-FastPT25-S2-130PM,IC,SPX,experiment,baseline,T01074,SPX,shortcallspread,expired,10,0.4,0,400,4600,2026-09-01 13:31:02,2026-09-01 16:15:00,2026-09-01 16:00:00,call side,False,,,7655,7660,-400,7634.76,7631.47,1,-0.25,2026-09-01 14:47:00,2026-09-01 13:36:00
IC-SPX-FastPT25-S2-130PM,IC,SPX,experiment,baseline,T01074,SPX,shortputspread,expired,10,0.25,0,250,4750,2026-09-01 13:31:01,2026-09-01 16:15:00,2026-09-01 16:00:00,put side,False,7605,7600,,,-250,7634.76,7631.47,1,-4.6,2026-09-01 15:48:00,2026-09-01 14:46:00
3DTE $140-$350,OA-Mirror,SPX,mirror-watch,baseline,T01075,SPX,ironcondor,expired,1,0.35,0,35,965,2026-08-27 10:15:07,2026-09-01 16:15:00,2026-09-01 16:00:00,190,False,7515,7505,7900,7910,-35,7705.79,7631.47,1,-0.14285714,2026-08-31 13:00:00,2026-08-27 10:17:00
60min-ORB-10W-Paper-v1,OA-Mirror,SPX,mirror-watch,baseline,T01076,SPX,shortputspread,closed,1,0.75,0.25,50,925,2026-09-01 11:00:03,2026-09-01 11:48:00,2026-09-01 16:00:00,test a,True,7625,7615,,,-75,7651.67,7662.18,0.66666667,-0.82666667,2026-09-01 11:48:00,2026-09-01 11:08:00
IC-SPX-FastPT25-S2,IC,SPX,live-candidate,post-fix,T01077,SPX,shortputspread,closed,10,0.1,0.1,0,4900,2026-09-01 11:01:01,2026-09-01 11:03:02,2026-09-01 16:00:00,put side,True,7595,7590,,,-100,7651.68,7650.33,0,0,2026-09-01 11:01:01,2026-09-01 11:01:01
IC-SPX-FastPT25-S2-130PM,IC,SPX,experiment,baseline,T01078,SPX,shortcallspread,expired,10,0.15,0,150,4850,2026-08-31 13:31:02,2026-08-31 16:15:00,2026-08-31 16:00:00,call side,False,,,7695,7700,-150,7670.32,7686.14,0.33333333,-7.8,2026-08-31 14:42:00,2026-08-31 15:53:00
IC-SPX-FastPT25-S2,IC,SPX,live-candidate,post-fix,T01079,SPX,shortcallspread,expired,10,0.1,0,100,4900,2026-08-31 11:02:03,2026-08-31 16:15:00,2026-08-31 16:00:00,call side,False,,,7735,7740,-100,7678.96,7686.14,1,0,2026-08-31 11:17:00,2026-08-31 11:02:03
IC-SPX-FastPT25-S2-130PM,IC,SPX,experiment,baseline,T01078,SPX,shortputspread,expired,10,0.45,0,450,4550,2026-08-31 13:31:01,2026-08-31 16:15:00,2026-08-31 16:00:00,put side,False,7650,7645,,,-450,7670.34,7686.14,1,0.04444444,2026-08-31 15:11:00,2026-08-31 13:31:01
IC-SPX-FastPT25-S2,IC,SPX,live-candidate,post-fix,T01079,SPX,shortputspread,expired,10,0.1,0,100,4900,2026-08-31 11:01:01,2026-08-31 16:15:00,2026-08-31 16:00:00,put side,False,7625,7620,,,-100,7680.29,7686.14,1,-0.5,2026-08-31 13:13:00,2026-08-31 11:03:00
GF-QQQ-IC-SL200,IC,QQQ,experiment,post-fix,T01080,QQQ,shortputspread,closed,1,0.07,0.01,6,193,2026-08-31 13:39:12,2026-08-31 15:50:01,2026-08-31 16:00:00,put side,False,712,710,,,-7,714.42,716,1,-0.85714286,2026-08-31 15:36:00,2026-08-31 14:44:00
GF-QQQ-IC-Ride-Delta,IC,QQQ,experiment,post-fix,T01081,QQQ,shortputspread,closed,1,0.07,0.01,6,193,2026-08-31 13:39:14,2026-08-31 15:50:01,2026-08-31 16:00:00,put side,True,712,710,,,-7,714.43,716,1,-0.85714286,2026-08-31 15:36:00,2026-08-31 14:44:00
GF-QQQ-IC-Ride,IC,QQQ,control,post-fix,T01083,QQQ,shortcallspread,closed,1,0.09,0.09,0,191,2026-08-31 13:42:12,2026-08-31 15:50:01,2026-08-31 16:00:00,call side,False,,,717,719,-9,715.05,716,0.77777778,-1.22222222,2026-08-31 14:56:00,2026-08-31 13:52:00
GF-QQQ-IC-Ride,IC,QQQ,control,post-fix,T01083,QQQ,shortputspread,closed,1,0.07,0.01,6,193,2026-08-31 13:39:12,2026-08-31 15:50:01,2026-08-31 16:00:00,put side,False,712,710,,,-7,714.42,716,1,-0.85714286,2026-08-31 15:36:00,2026-08-31 14:44:00
GF-QQQ-IC-Ride-Delta,IC,QQQ,experiment,post-fix,T01082,QQQ,shortputspread,closed,1,0.07,0.01,6,193,2026-08-31 13:39:12,2026-08-31 15:50:01,2026-08-31 16:00:00,put side,True,712,710,,,-7,714.42,716,1,-0.85714286,2026-08-31 15:36:00,2026-08-31 14:44:00
GF-QQQ-IC-SL100,IC,QQQ,experiment,post-fix,T01084,QQQ,shortputspread,closed,1,0.07,0.01,6,193,2026-08-31 13:39:12,2026-08-31 15:50:01,2026-08-31 16:00:00,put side,False,712,710,,,-7,714.42,716,1,-0.85714286,2026-08-31 15:36:00,2026-08-31 14:44:00
GF-QQQ-IC-Touch0,IC,QQQ,experiment,post-fix,T01085,QQQ,shortputspread,closed,1,0.07,0.01,6,193,2026-08-31 13:39:12,2026-08-31 15:50:01,2026-08-31 16:00:00,put side,False,712,710,,,-7,714.42,716,1,-0.85714286,2026-08-31 15:36:00,2026-08-31 14:44:00
GF-QQQ-IC-SL200,IC,QQQ,experiment,post-fix,T01080,QQQ,shortcallspread,closed,1,0.09,0.09,0,191,2026-08-31 13:42:12,2026-08-31 15:50:01,2026-08-31 16:00:00,call side,False,,,717,719,-9,715.05,716,0.77777778,-1.22222222,2026-08-31 14:56:00,2026-08-31 13:52:00
GF-QQQ-IC-Touch0,IC,QQQ,experiment,post-fix,T01085,QQQ,shortcallspread,closed,1,0.09,0.09,0,191,2026-08-31 13:42:12,2026-08-31 15:50:01,2026-08-31 16:00:00,call side,False,,,717,719,-9,715.05,716,0.77777778,-1.22222222,2026-08-31 14:56:00,2026-08-31 13:52:00
GF-QQQ-IC-Trail,IC,QQQ,experiment,post-fix,T01086,QQQ,shortcallspread,closed,1,0.09,0.05,4,191,2026-08-31 13:42:12,2026-08-31 15:01:11,2026-08-31 16:00:00,call side,False,,,717,719,-9,715.05,714.71,0.77777778,-1.22222222,2026-08-31 14:56:00,2026-08-31 13:52:00
GF-QQQ-IC-PT50,IC,QQQ,experiment,post-fix,T01087,QQQ,shortcallspread,closed,1,0.09,0.04,5,191,2026-08-31 13:42:12,2026-08-31 14:39:06,2026-08-31 16:00:00,call side,False,,,717,719,-9,715.05,714.21,0.66666667,-1.22222222,2026-08-31 14:39:00,2026-08-31 13:52:00
GF-QQQ-IC-Canary,IC,QQQ,instrument,post-fix,T01088,QQQ,shortcallspread,closed,1,0.09,0.06,3,191,2026-08-31 13:42:12,2026-08-31 14:35:06,2026-08-31 16:00:00,call side,False,,,717,719,-9,715.05,714.79,0.44444444,-1.22222222,2026-08-31 14:35:00,2026-08-31 13:52:00
GF-QQQ-IC-PT50,IC,QQQ,experiment,post-fix,T01087,QQQ,shortputspread,closed,1,0.07,0.03,4,193,2026-08-31 13:39:12,2026-08-31 14:25:06,2026-08-31 16:00:00,put side,False,712,710,,,-7,714.42,715.53,0.71428571,-0.14285714,2026-08-31 14:25:00,2026-08-31 13:39:12
GF-QQQ-IC-Trail,IC,QQQ,experiment,post-fix,T01086,QQQ,shortputspread,closed,1,0.07,0.06,1,193,2026-08-31 13:39:12,2026-08-31 14:01:11,2026-08-31 16:00:00,put side,False,712,710,,,-7,714.42,714.98,0.57142857,-0.14285714,2026-08-31 13:51:00,2026-08-31 13:39:12
GF-QQQ-IC-SL100,IC,QQQ,experiment,post-fix,T01084,QQQ,shortcallspread,closed,1,0.09,0.2,-11,191,2026-08-31 13:42:12,2026-08-31 13:51:11,2026-08-31 16:00:00,call side,False,,,717,719,-9,715.05,715.5,0,-1.11111111,2026-08-31 13:43:00,2026-08-31 13:51:00
GF-QQQ-IC-Canary,IC,QQQ,instrument,post-fix,T01088,QQQ,shortputspread,closed,1,0.07,0.05,2,193,2026-08-31 13:39:12,2026-08-31 13:44:06,2026-08-31 16:00:00,put side,False,712,710,,,-7,714.42,715.14,0.42857143,-0.14285714,2026-08-31 13:44:00,2026-08-31 13:39:12
IC-SPX-FastPT25-S2-130PM,IC,SPX,experiment,baseline,T01089,SPX,shortputspread,expired,10,0.4,0,400,4600,2026-08-28 13:38:01,2026-08-28 16:15:00,2026-08-28 16:00:00,put side,False,7680,7675,,,-400,7710.44,7711.76,1,-0.5,2026-08-28 15:21:00,2026-08-28 13:40:00
IC-SPX-Fortress-Unstopped,IC,SPX,control,post-fix,T01090,SPX,shortputspread,expired,10,0.1,0,100,4900,2026-08-28 13:38:01,2026-08-28 16:15:00,2026-08-28 16:00:00,put side,True,7655,7650,,,-100,7710.44,7711.76,1,-0.5,2026-08-28 13:53:00,2026-08-28 13:40:00
IC-SPX-FastPT25-S2-130PM,IC,SPX,experiment,baseline,T01089,SPX,shortcallspread,expired,10,0.3,0,300,4700,2026-08-28 13:39:57,2026-08-28 16:15:00,2026-08-28 16:00:00,call side,False,,,7735,7740,-300,7705.76,7711.76,1,-0.83333333,2026-08-28 15:37:00,2026-08-28 13:50:00
GF-QQQ-IC-Trail,IC,QQQ,experiment,post-fix,T01091,QQQ,shortcallspread,closed,1,0.07,0.01,6,193,2026-08-28 13:42:05,2026-08-28 15:50:01,2026-08-28 16:00:00,call side,True,,,720,722,-7,716.11,716.4,1,-1,2026-08-28 14:51:00,2026-08-28 13:50:00
GF-QQQ-IC-Ride,IC,QQQ,control,post-fix,T01094,QQQ,shortputspread,closed,1,0.08,0.01,7,192,2026-08-28 13:38:11,2026-08-28 15:50:01,2026-08-28 16:00:00,put side,True,712,710,,,-8,716.38,716.4,1,-0.75,2026-08-28 15:22:00,2026-08-28 13:40:00
GF-QQQ-IC-Ride,IC,QQQ,control,post-fix,T01093,QQQ,shortcallspread,closed,1,0.07,0.01,6,193,2026-08-28 13:42:05,2026-08-28 15:50:01,2026-08-28 16:00:00,call side,True,,,720,722,-7,716.11,716.4,1,-1,2026-08-28 14:51:00,2026-08-28 13:50:00
GF-QQQ-IC-Ride-Delta,IC,QQQ,experiment,post-fix,T01095,QQQ,shortcallspread,closed,1,0.09,0.01,8,191,2026-08-28 13:36:46,2026-08-28 15:50:01,2026-08-28 16:00:00,call side,False,,,720,722,-9,716.59,716.4,1,-0.55555556,2026-08-28 14:51:00,2026-08-28 13:50:00
GF-QQQ-IC-Ride-Delta,IC,QQQ,experiment,post-fix,T01095,QQQ,shortputspread,closed,1,0.07,0.01,6,193,2026-08-28 13:35:11,2026-08-28 15:50:01,2026-08-28 16:00:00,put side,False,712,710,,,-7,716.51,716.4,1,-1,2026-08-28 15:22:00,2026-08-28 13:40:00
GF-QQQ-IC-SL200,IC,QQQ,experiment,post-fix,T01096,QQQ,shortcallspread,closed,1,0.07,0.01,6,193,2026-08-28 13:42:05,2026-08-28 15:50:01,2026-08-28 16:00:00,call side,True,,,720,722,-7,716.11,716.4,1,-1,2026-08-28 14:51:00,2026-08-28 13:50:00
GF-QQQ-IC-SL200,IC,QQQ,experiment,post-fix,T01097,QQQ,shortputspread,closed,1,0.08,0.01,7,192,2026-08-28 13:38:11,2026-08-28 15:50:01,2026-08-28 16:00:00,put side,True,712,710,,,-8,716.38,716.4,1,-0.75,2026-08-28 15:22:00,2026-08-28 13:40:00
GF-QQQ-IC-Touch0,IC,QQQ,experiment,post-fix,T01099,QQQ,shortputspread,closed,1,0.08,0.01,7,192,2026-08-28 13:38:11,2026-08-28 15:50:01,2026-08-28 16:00:00,put side,True,712,710,,,-8,716.38,716.4,1,-0.75,2026-08-28 15:22:00,2026-08-28 13:40:00
GF-QQQ-IC-Touch0,IC,QQQ,experiment,post-fix,T01098,QQQ,shortcallspread,closed,1,0.07,0.01,6,193,2026-08-28 13:42:05,2026-08-28 15:50:01,2026-08-28 16:00:00,call side,True,,,720,722,-7,716.11,716.4,1,-1,2026-08-28 14:51:00,2026-08-28 13:50:00
GF-QQQ-IC-SL100,IC,QQQ,experiment,post-fix,T01101,QQQ,shortputspread,closed,1,0.08,0.01,7,192,2026-08-28 13:38:11,2026-08-28 15:50:00,2026-08-28 16:00:00,put side,True,712,710,,,-8,716.38,716.4,1,-0.75,2026-08-28 15:22:00,2026-08-28 13:40:00
GF-QQQ-IC-PT50,IC,QQQ,experiment,post-fix,T01102,QQQ,shortcallspread,closed,1,0.07,0.03,4,193,2026-08-28 13:42:05,2026-08-28 14:39:06,2026-08-28 16:00:00,call side,True,,,720,722,-7,716.11,716.32,0.71428571,-1,2026-08-28 14:39:00,2026-08-28 13:50:00
GF-QQQ-IC-Canary,IC,QQQ,instrument,post-fix,T01104,QQQ,shortcallspread,closed,1,0.07,0.06,1,193,2026-08-28 13:42:05,2026-08-28 14:10:06,2026-08-28 16:00:00,call side,True,,,720,722,-7,716.11,716.72,0.28571429,-1,2026-08-28 14:10:00,2026-08-28 13:50:00
GF-QQQ-IC-Trail,IC,QQQ,experiment,post-fix,T01092,QQQ,shortputspread,closed,1,0.08,0.07,1,192,2026-08-28 13:38:11,2026-08-28 13:56:11,2026-08-28 16:00:00,put side,True,712,710,,,-8,716.38,716.51,0.625,-0.75,2026-08-28 13:53:00,2026-08-28 13:40:00
GF-QQQ-IC-PT50,IC,QQQ,experiment,post-fix,T01103,QQQ,shortputspread,closed,1,0.08,0.04,4,192,2026-08-28 13:38:11,2026-08-28 13:53:06,2026-08-28 16:00:00,put side,True,712,710,,,-8,716.38,717.09,0.625,-0.75,2026-08-28 13:53:00,2026-08-28 13:40:00
GF-QQQ-IC-SL100,IC,QQQ,experiment,post-fix,T01100,QQQ,shortcallspread,closed,1,0.07,0.15,-8,193,2026-08-28 13:42:05,2026-08-28 13:50:11,2026-08-28 16:00:00,call side,True,,,720,722,-7,716.11,717.12,-0.14285714,-1,2026-08-28 13:42:04,2026-08-28 13:50:00
GF-QQQ-IC-Canary,IC,QQQ,instrument,post-fix,T01105,QQQ,shortputspread,closed,1,0.08,0.06,2,192,2026-08-28 13:38:11,2026-08-28 13:49:06,2026-08-28 16:00:00,put side,True,712,710,,,-8,716.38,717.17,0.375,-0.75,2026-08-28 13:49:00,2026-08-28 13:40:00
IC-SPX-FastPT25-S2,IC,SPX,live-candidate,post-fix,T01106,SPX,shortcallspread,closed,10,0.1,0.05,50,4900,2026-08-28 12:20:46,2026-08-28 12:26:45,2026-08-28 16:00:00,call side,True,,,7775,7780,-100,7718.08,7713.65,0.5,0,2026-08-28 12:24:00,2026-08-28 12:20:46
60min-ORB-10W-Paper-v1,OA-Mirror,SPX,mirror-watch,baseline,T01108,SPX,shortputspread,closed,1,0.75,0.25,50,925,2026-08-28 10:45:03,2026-08-28 11:21:00,2026-08-28 16:00:00,test a,True,7715,7705,,,-75,7752.69,7765.25,0.66666667,-0.17333333,2026-08-28 11:21:00,2026-08-28 10:46:00
IC-SPX-FastPT25-S2,IC,SPX,live-candidate,post-fix,T01107,SPX,shortputspread,closed,10,0.15,0.2,-50,4850,2026-08-28 11:02:00,2026-08-28 11:07:31,2026-08-28 16:00:00,put side,True,7710,7705,,,-150,7769.21,7765.93,0,-0.33333333,2026-08-28 11:02:00,2026-08-28 11:06:00
Nigiri-Paper-v1,OA-Mirror,,mirror-watch,baseline,T01109,SPY,shortputspread,closed,10,0.08,0.06,20,4920,2026-08-27 09:54:18,2026-08-28 09:45:13,2026-09-04 16:00:00,,True,738,733,,,-80,769.27,772.61,0.375,-0.625,2026-08-28 09:33:00,2026-08-27 09:58:00
IC-SPX-FastPT25-S2-130PM,IC,SPX,experiment,baseline,T01110,SPX,shortcallspread,closed,10,0.15,0.05,100,4850,2026-08-27 13:46:02,2026-08-27 14:28:02,2026-08-27 16:00:00,call side,False,,,7755,7760,-150,7732.73,7713.31,1,0.2,2026-08-27 14:26:00,2026-08-27 13:46:02
DIR-SPX-CallVIXdrop,Directional,SPX,experiment,post-fix,T01111,SPX,longcallspread,closed,1,6.75,3.1,-365,675,2026-08-27 11:00:03,2026-08-27 14:28:00,2026-08-27 16:00:00,,False,,,7735,7720,675,7721.37,7713.29,0.86666667,-0.54518519,2026-08-27 13:22:00,2026-08-27 14:28:00
IC-SPX-FastPT25-S2-130PM,IC,SPX,experiment,baseline,T01110,SPX,shortputspread,closed,10,0.3,2.2,-1900,4700,2026-08-27 13:46:01,2026-08-27 14:28:00,2026-08-27 16:00:00,put side,False,7715,7710,,,-300,7733.01,7713.29,0,-6.33333333,2026-08-27 13:46:01,2026-08-27 14:28:00
IC-SPX-FastPT25-S2,IC,SPX,live-candidate,post-fix,T01112,SPX,shortputspread,closed,10,0.1,0.15,-50,4900,2026-08-27 11:01:00,2026-08-27 11:03:02,2026-08-27 16:00:00,put side,True,7665,7660,,,-100,7722.81,7722.77,0,-0.5,2026-08-27 11:01:00,2026-08-27 11:03:00
3DTE $140-$350,OA-Mirror,SPX,mirror-watch,baseline,T01113,SPX,ironcondor,closed,1,0.5,0.15,35,950,2026-08-26 10:00:05,2026-08-27 10:15:01,2026-08-31 16:00:00,"200,60percent",False,7485,7475,7890,7900,-50,7687.73,7705.2,0.76,-0.4,2026-08-27 10:04:00,2026-08-26 12:45:00
Nigiri-Paper-v1,OA-Mirror,,mirror-watch,baseline,T01114,SPY,shortputspread,closed,10,0.1,0.02,80,4900,2026-08-26 09:45:25,2026-08-27 09:54:06,2026-08-28 16:00:00,,True,748,743,,,-100,766.38,769.26,0.9,-0.8,2026-08-27 09:54:00,2026-08-26 12:44:00
Trendy-Paper-v1,OA-Mirror,,mirror-watch,baseline,T01115,SPY,shortputspread,closed,1,0.68,0.06,62,932,2026-08-17 10:00:13,2026-08-27 09:45:16,2026-08-27 16:00:00,,True,760,750,,,-68,775.31,769.23,0.94117647,-2.36764706,2026-08-27 09:31:00,2026-08-20 15:58:00
GF-QQQ-IC-Ride-Delta,IC,QQQ,experiment,post-fix,T01116,QQQ,shortputspread,closed,1,0.1,0.06,4,190,2026-08-26 13:31:14,2026-08-26 15:50:08,2026-08-26 16:00:00,put side,False,705,703,,,-10,710.69,712.14,0.7,-0.2,2026-08-26 15:28:00,2026-08-26 13:31:14
GF-QQQ-IC-Touch0,IC,QQQ,experiment,post-fix,T01117,QQQ,shortputspread,closed,1,0.1,0.06,4,190,2026-08-26 13:31:14,2026-08-26 15:50:08,2026-08-26 16:00:00,put side,False,705,703,,,-10,710.69,712.14,0.7,-0.2,2026-08-26 15:28:00,2026-08-26 13:31:14
GF-QQQ-IC-SL200,IC,QQQ,experiment,post-fix,T01118,QQQ,shortputspread,closed,1,0.1,0.06,4,190,2026-08-26 13:31:14,2026-08-26 15:50:08,2026-08-26 16:00:00,put side,False,705,703,,,-10,710.69,712.14,0.7,-0.2,2026-08-26 15:28:00,2026-08-26 13:31:14
GF-QQQ-IC-Ride,IC,QQQ,control,post-fix,T01119,QQQ,shortputspread,closed,1,0.1,0.06,4,190,2026-08-26 13:31:14,2026-08-26 15:50:08,2026-08-26 16:00:00,put side,False,705,703,,,-10,710.69,712.14,0.7,-0.2,2026-08-26 15:28:00,2026-08-26 13:31:14
GF-QQQ-IC-SL100,IC,QQQ,experiment,post-fix,T01120,QQQ,shortputspread,closed,1,0.1,0.06,4,190,2026-08-26 13:31:14,2026-08-26 15:50:08,2026-08-26 16:00:00,put side,False,705,703,,,-10,710.69,712.14,0.7,-0.2,2026-08-26 15:28:00,2026-08-26 13:31:14
GF-QQQ-IC-Ride,IC,QQQ,control,post-fix,T01119,QQQ,shortcallspread,closed,1,0.1,0.26,-16,190,2026-08-26 13:31:15,2026-08-26 15:50:02,2026-08-26 16:00:00,call side,False,,,716,718,-10,710.66,712.16,0.1,-2.3,2026-08-26 14:15:00,2026-08-26 15:05:00
GF-QQQ-IC-PT50,IC,QQQ,experiment,post-fix,T01121,QQQ,shortcallspread,closed,1,0.1,0.26,-16,190,2026-08-26 13:31:15,2026-08-26 15:50:02,2026-08-26 16:00:00,call side,False,,,716,718,-10,710.66,712.16,0.1,-2.3,2026-08-26 14:15:00,2026-08-26 15:05:00
GF-QQQ-IC-Trail,IC,QQQ,experiment,post-fix,T01122,QQQ,shortcallspread,closed,1,0.1,0.26,-16,190,2026-08-26 13:31:15,2026-08-26 15:50:02,2026-08-26 16:00:00,call side,False,,,716,718,-10,710.66,712.16,0.1,-2.3,2026-08-26 14:15:00,2026-08-26 15:05:00
QQQ-IC-0DTE-Fortress-NoPT50,IC,QQQ,experiment,post-fix,T01123,QQQ,shortcallspread,closed,26,0.1,0.27,-442,4940,2026-08-26 13:31:04,2026-08-26 15:50:02,2026-08-26 16:00:00,call side,False,,,716,718,-260,710.66,712.16,0.1,-2.3,2026-08-26 14:15:00,2026-08-26 15:05:00
GF-QQQ-IC-Ride-Delta,IC,QQQ,experiment,post-fix,T01116,QQQ,shortcallspread,closed,1,0.1,0.26,-16,190,2026-08-26 13:31:15,2026-08-26 15:50:02,2026-08-26 16:00:00,call side,False,,,716,718,-10,710.66,712.16,0.1,-2.3,2026-08-26 14:15:00,2026-08-26 15:05:00
GF-QQQ-IC-Canary,IC,QQQ,instrument,post-fix,T01124,QQQ,shortcallspread,closed,1,0.1,0.26,-16,190,2026-08-26 13:31:15,2026-08-26 15:50:02,2026-08-26 16:00:00,call side,False,,,716,718,-10,710.66,712.16,0.1,-2.3,2026-08-26 14:15:00,2026-08-26 15:05:00
QQQ-IC-0DTE-Fortress-NoPT50,IC,QQQ,experiment,post-fix,T01123,QQQ,shortputspread,closed,26,0.1,0.06,104,4940,2026-08-26 13:31:03,2026-08-26 15:50:02,2026-08-26 16:00:00,put side,False,705,703,,,-260,710.69,712.16,0.7,-0.2,2026-08-26 15:28:00,2026-08-26 13:32:00
GF-QQQ-IC-Touch0,IC,QQQ,experiment,post-fix,T01117,QQQ,shortcallspread,closed,1,0.1,0.26,-16,190,2026-08-26 13:31:15,2026-08-26 15:50:02,2026-08-26 16:00:00,call side,False,,,716,718,-10,710.66,712.16,0.1,-2.3,2026-08-26 14:15:00,2026-08-26 15:05:00
GF-QQQ-IC-Trail,IC,QQQ,experiment,post-fix,T01122,QQQ,shortputspread,closed,1,0.1,0.06,4,190,2026-08-26 13:31:14,2026-08-26 15:31:11,2026-08-26 16:00:00,put side,False,705,703,,,-10,710.69,712.19,0.7,-0.2,2026-08-26 15:28:00,2026-08-26 13:31:14
GF-QQQ-IC-SL200,IC,QQQ,experiment,post-fix,T01118,QQQ,shortcallspread,closed,1,0.1,0.34,-24,190,2026-08-26 13:31:15,2026-08-26 15:05:12,2026-08-26 16:00:00,call side,False,,,716,718,-10,710.66,712.96,0.1,-2.3,2026-08-26 14:15:00,2026-08-26 15:05:00
IC-SPX-FastPT25-S2-130PM,IC,SPX,experiment,baseline,T01125,SPX,shortputspread,closed,10,0.2,0.05,150,4800,2026-08-26 13:31:03,2026-08-26 15:05:04,2026-08-26 16:00:00,put side,False,7655,7650,,,-200,7675.36,7690.36,1,-0.25,2026-08-26 14:54:00,2026-08-26 13:32:00
IC-SPX-FastPT25-S2-130PM,IC,SPX,experiment,baseline,T01125,SPX,shortcallspread,closed,10,0.4,2.05,-1650,4600,2026-08-26 13:31:04,2026-08-26 15:05:01,2026-08-26 16:00:00,call side,False,,,7690,7695,-400,7675.32,7690.64,0.75,-4.175,2026-08-26 14:15:00,2026-08-26 15:05:00
GF-QQQ-IC-PT50,IC,QQQ,experiment,post-fix,T01121,QQQ,shortputspread,closed,1,0.1,0.05,5,190,2026-08-26 13:31:14,2026-08-26 15:04:06,2026-08-26 16:00:00,put side,False,705,703,,,-10,710.69,712.61,0.6,-0.2,2026-08-26 15:04:00,2026-08-26 13:31:14
GF-QQQ-IC-SL100,IC,QQQ,experiment,post-fix,T01120,QQQ,shortcallspread,closed,1,0.1,0.21,-11,190,2026-08-26 13:31:15,2026-08-26 14:48:12,2026-08-26 16:00:00,call side,False,,,716,718,-10,710.66,712.02,0.1,-1,2026-08-26 14:15:00,2026-08-26 14:48:00
GF-QQQ-IC-Canary,IC,QQQ,instrument,post-fix,T01124,QQQ,shortputspread,closed,1,0.1,0.09,1,190,2026-08-26 13:31:14,2026-08-26 14:33:06,2026-08-26 16:00:00,put side,False,705,703,,,-10,710.69,711.19,0.2,-0.2,2026-08-26 14:33:00,2026-08-26 13:31:14
Nigiri-Paper-v1,OA-Mirror,,mirror-watch,baseline,T01126,SPY,shortputspread,closed,10,0.1,0.06,40,4900,2026-08-25 09:45:30,2026-08-26 09:45:13,2026-08-28 16:00:00,,True,744,739,,,-100,766.37,766.41,0.5,-0.4,2026-08-26 09:45:00,2026-08-25 10:31:00
IC-SPX-FastPT25-S2-130PM,IC,SPX,experiment,baseline,T01127,SPX,shortcallspread,expired,10,0.2,0,200,4800,2026-08-25 13:31:02,2026-08-25 16:15:00,2026-08-25 16:00:00,call side,False,,,7685,7690,-200,7665.39,7677.28,1,-1.25,2026-08-25 15:28:00,2026-08-25 14:46:00
3DTE $140-$350,OA-Mirror,SPX,mirror-watch,baseline,T01128,SPX,ironcondor,expired,1,0.45,0,45,955,2026-08-20 10:00:04,2026-08-25 16:15:00,2026-08-25 16:00:00,190,False,7495,7485,7880,7890,-45,7685.35,7677.28,1,-0.55555556,2026-08-24 11:00:00,2026-08-20 15:56:00
IC-SPX-FastPT25-S2-130PM,IC,SPX,experiment,baseline,T01127,SPX,shortputspread,expired,10,0.25,0,250,4750,2026-08-25 13:31:00,2026-08-25 16:15:00,2026-08-25 16:00:00,put side,False,7645,7640,,,-250,7665.38,7677.28,1,0,2026-08-25 14:32:00,2026-08-25 13:31:01
GF-QQQ-IC-Touch0,IC,QQQ,experiment,post-fix,T01129,QQQ,shortputspread,closed,1,0.08,0.02,6,192,2026-08-25 13:33:11,2026-08-25 15:50:01,2026-08-25 16:00:00,put side,False,707,705,,,-8,709.42,709.93,0.875,-0.125,2026-08-25 14:34:00,2026-08-25 13:33:11
GF-QQQ-IC-SL200,IC,QQQ,experiment,post-fix,T01130,QQQ,shortcallspread,closed,1,0.07,0.01,6,193,2026-08-25 13:31:13,2026-08-25 15:50:01,2026-08-25 16:00:00,call side,False,,,712,714,-7,709.35,709.93,1,-0.85714286,2026-08-25 15:15:00,2026-08-25 14:47:00
GF-QQQ-IC-SL100,IC,QQQ,experiment,post-fix,T01131,QQQ,shortputspread,closed,1,0.08,0.02,6,192,2026-08-25 13:33:11,2026-08-25 15:50:01,2026-08-25 16:00:00,put side,False,707,705,,,-8,709.42,709.85,0.875,-0.125,2026-08-25 14:34:00,2026-08-25 13:33:11
GF-QQQ-IC-Ride-Delta,IC,QQQ,experiment,post-fix,T01132,QQQ,shortcallspread,closed,1,0.07,0.01,6,193,2026-08-25 13:31:13,2026-08-25 15:50:01,2026-08-25 16:00:00,call side,True,,,712,714,-7,709.35,709.85,1,-0.85714286,2026-08-25 15:15:00,2026-08-25 14:47:00
GF-QQQ-IC-Ride,IC,QQQ,control,post-fix,T01134,QQQ,shortputspread,closed,1,0.08,0.02,6,192,2026-08-25 13:33:11,2026-08-25 15:50:01,2026-08-25 16:00:00,put side,False,707,705,,,-8,709.42,709.93,0.875,-0.125,2026-08-25 14:34:00,2026-08-25 13:33:11
GF-QQQ-IC-SL100,IC,QQQ,experiment,post-fix,T01131,QQQ,shortcallspread,closed,1,0.07,0.01,6,193,2026-08-25 13:31:13,2026-08-25 15:50:01,2026-08-25 16:00:00,call side,False,,,712,714,-7,709.35,709.85,1,-0.85714286,2026-08-25 15:15:00,2026-08-25 14:47:00
GF-QQQ-IC-SL200,IC,QQQ,experiment,post-fix,T01130,QQQ,shortputspread,closed,1,0.08,0.02,6,192,2026-08-25 13:33:11,2026-08-25 15:50:01,2026-08-25 16:00:00,put side,False,707,705,,,-8,709.42,709.85,0.875,-0.125,2026-08-25 14:34:00,2026-08-25 13:33:11
GF-QQQ-IC-Touch0,IC,QQQ,experiment,post-fix,T01129,QQQ,shortcallspread,closed,1,0.07,0.01,6,193,2026-08-25 13:31:13,2026-08-25 15:50:01,2026-08-25 16:00:00,call side,False,,,712,714,-7,709.35,709.93,1,-0.85714286,2026-08-25 15:15:00,2026-08-25 14:47:00
GF-QQQ-IC-Ride,IC,QQQ,control,post-fix,T01134,QQQ,shortcallspread,closed,1,0.07,0.01,6,193,2026-08-25 13:31:13,2026-08-25 15:50:01,2026-08-25 16:00:00,call side,False,,,712,714,-7,709.35,709.93,1,-0.85714286,2026-08-25 15:15:00,2026-08-25 14:47:00
GF-QQQ-IC-Ride-Delta,IC,QQQ,experiment,post-fix,T01133,QQQ,shortcallspread,closed,1,0.07,0.01,6,193,2026-08-25 13:31:15,2026-08-25 15:50:01,2026-08-25 16:00:00,call side,True,,,712,714,-7,709.34,709.85,1,-0.85714286,2026-08-25 15:15:00,2026-08-25 14:47:00
GF-QQQ-IC-Trail,IC,QQQ,experiment,post-fix,T01135,QQQ,shortcallspread,closed,1,0.07,0.06,1,193,2026-08-25 13:31:13,2026-08-25 14:34:11,2026-08-25 16:00:00,call side,False,,,712,714,-7,709.35,709.86,0.71428571,-0.14285714,2026-08-25 14:05:00,2026-08-25 13:31:13
GF-QQQ-IC-PT50,IC,QQQ,experiment,post-fix,T01136,QQQ,shortputspread,closed,1,0.08,0.04,4,192,2026-08-25 13:33:11,2026-08-25 14:31:06,2026-08-25 16:00:00,put side,False,707,705,,,-8,709.42,709.6,0.625,-0.125,2026-08-25 14:31:00,2026-08-25 13:33:11
GF-QQQ-IC-PT50,IC,QQQ,experiment,post-fix,T01136,QQQ,shortcallspread,closed,1,0.07,0.03,4,193,2026-08-25 13:31:13,2026-08-25 14:05:06,2026-08-25 16:00:00,call side,False,,,712,714,-7,709.35,708.98,0.71428571,-0.14285714,2026-08-25 14:05:00,2026-08-25 13:31:13
GF-QQQ-IC-Trail,IC,QQQ,experiment,post-fix,T01135,QQQ,shortputspread,closed,1,0.08,0.09,-1,192,2026-08-25 13:33:11,2026-08-25 14:02:11,2026-08-25 16:00:00,put side,False,707,705,,,-8,709.42,709.11,0.625,-0.125,2026-08-25 14:00:00,2026-08-25 13:33:11
GF-QQQ-IC-Canary,IC,QQQ,instrument,post-fix,T01137,QQQ,shortcallspread,closed,1,0.07,0.06,1,193,2026-08-25 13:31:13,2026-08-25 13:47:06,2026-08-25 16:00:00,call side,False,,,712,714,-7,709.35,709.48,0.28571429,-0.14285714,2026-08-25 13:47:00,2026-08-25 13:31:13
GF-QQQ-IC-Canary,IC,QQQ,instrument,post-fix,T01137,QQQ,shortputspread,closed,1,0.08,0.07,1,192,2026-08-25 13:33:11,2026-08-25 13:40:06,2026-08-25 16:00:00,put side,False,707,705,,,-8,709.42,709.58,0.25,-0.125,2026-08-25 13:40:00,2026-08-25 13:33:11
60min-ORB-10W-Paper-v1,OA-Mirror,SPX,mirror-watch,baseline,T01138,SPX,shortcallspread,closed,1,0.7,0.2,50,930,2026-08-25 10:30:05,2026-08-25 13:11:00,2026-08-25 16:00:00,test b,True,,,7690,7700,-70,7664.44,7667.94,0.71428571,-0.71428571,2026-08-25 13:11:00,2026-08-25 12:04:00
IC-SPX-FastPT25-S2,IC,SPX,live-candidate,post-fix,T01139,SPX,shortputspread,closed,10,0.1,0.05,50,4900,2026-08-25 11:01:01,2026-08-25 11:03:02,2026-08-25 16:00:00,put side,True,7605,7600,,,-100,7663.16,7663.46,0.5,0.2,2026-08-25 11:03:00,2026-08-25 11:01:01
Nigiri-Paper-v1,OA-Mirror,,mirror-watch,baseline,T01140,SPY,shortputspread,closed,10,0.1,0.09,10,4900,2026-08-24 14:30:24,2026-08-25 09:45:13,2026-08-28 16:00:00,,True,742,737,,,-100,764.9,766.32,0.2,-0.5,2026-08-25 09:31:00,2026-08-24 15:54:00
Friday 14 DTE Broken Wing IB (B-70),OA-Mirror,,mirror-watch,baseline,T01141,SPX,ironbutterfly,closed,1,40.4,39,140,1960,2026-08-14 10:30:03,2026-08-25 09:31:01,2026-08-28 16:00:00,14 dte,False,7725,7665,7725,7765,-4040,7795.31,7681.8,0.03465347,-0.1299505,2026-08-25 09:31:00,2026-08-24 11:21:00
IC-SPX-FastPT25-S2-130PM,IC,SPX,experiment,baseline,T01142,SPX,shortputspread,expired,10,0.3,0,300,4700,2026-08-24 13:31:01,2026-08-24 16:15:00,2026-08-24 16:00:00,put side,False,7630,7625,,,-300,7651.8,7652.86,1,-0.16666667,2026-08-24 14:19:00,2026-08-24 13:45:00
IC-SPX-FastPT25-S2-130PM,IC,SPX,experiment,baseline,T01142,SPX,shortcallspread,expired,10,0.1,0,100,4900,2026-08-24 13:31:03,2026-08-24 16:15:00,2026-08-24 16:00:00,call side,False,,,7675,7680,-100,7651.78,7652.86,1,-8.3,2026-08-24 15:36:00,2026-08-24 14:31:00
Nigiri-Paper-v1,OA-Mirror,,mirror-watch,baseline,T01143,SPY,shortputspread,closed,10,0.09,0.07,20,4910,2026-08-21 11:12:11,2026-08-24 14:30:13,2026-08-28 16:00:00,,True,737,732,,,-90,765.98,764.9,0.33333333,-0.33333333,2026-08-24 13:12:00,2026-08-24 09:45:00
60min-ORB-10W-Paper-v1,OA-Mirror,SPX,mirror-watch,baseline,T01144,SPX,shortputspread,closed,1,0.75,0.25,50,925,2026-08-24 13:30:02,2026-08-24 14:07:00,2026-08-24 16:00:00,test a,True,7635,7625,,,-75,7652.02,7655.51,0.66666667,-0.13333333,2026-08-24 14:07:00,2026-08-24 13:45:00
IC-SPX-FastPT25-S2,IC,SPX,live-candidate,post-fix,T01145,SPX,shortputspread,closed,10,0.1,0.05,50,4900,2026-08-24 11:11:01,2026-08-24 11:13:03,2026-08-24 16:00:00,put side,True,7590,7585,,,-100,7647.59,7647.64,0.5,0.2,2026-08-24 11:13:00,2026-08-24 11:11:01
IC-SPX-FastPT25-S2-130PM,IC,SPX,experiment,baseline,T01146,SPX,shortcallspread,expired,10,0.15,0,150,4850,2026-08-21 13:31:03,2026-08-21 16:15:00,2026-08-21 16:00:00,call side,False,,,7700,7705,-150,7676.72,7674.37,1,0,2026-08-21 14:31:00,2026-08-21 13:32:00
IC-SPX-FastPT25-S2-130PM,IC,SPX,experiment,baseline,T01146,SPX,shortputspread,expired,10,0.25,0,250,4750,2026-08-21 13:31:01,2026-08-21 16:15:00,2026-08-21 16:00:00,put side,False,7655,7650,,,-250,7676.64,7674.37,1,-0.6,2026-08-21 15:08:00,2026-08-21 13:35:00
GF-QQQ-IC-SL200,IC,QQQ,experiment,post-fix,T01147,QQQ,shortputspread,closed,1,0.07,0.01,6,193,2026-08-21 13:35:11,2026-08-21 15:50:01,2026-08-21 16:00:00,put side,True,710,708,,,-7,713.19,714.11,1,-0.28571429,2026-08-21 15:20:00,2026-08-21 13:35:11
GF-QQQ-IC-Touch0,IC,QQQ,experiment,post-fix,T01148,QQQ,shortputspread,closed,1,0.07,0.01,6,193,2026-08-21 13:35:11,2026-08-21 15:50:01,2026-08-21 16:00:00,put side,True,710,708,,,-7,713.19,714.11,1,-0.28571429,2026-08-21 15:20:00,2026-08-21 13:35:11
GF-QQQ-IC-SL100,IC,QQQ,experiment,post-fix,T01149,QQQ,shortputspread,closed,1,0.07,0.01,6,193,2026-08-21 13:35:11,2026-08-21 15:50:01,2026-08-21 16:00:00,put side,True,710,708,,,-7,713.19,714.11,1,-0.28571429,2026-08-21 15:20:00,2026-08-21 13:35:11
GF-QQQ-IC-Ride,IC,QQQ,control,post-fix,T01150,QQQ,shortputspread,closed,1,0.07,0.01,6,193,2026-08-21 13:35:11,2026-08-21 15:50:01,2026-08-21 16:00:00,put side,True,710,708,,,-7,713.19,714.11,1,-0.28571429,2026-08-21 15:20:00,2026-08-21 13:35:11
GF-QQQ-IC-Ride-Delta,IC,QQQ,experiment,post-fix,T01151,QQQ,shortputspread,closed,1,0.07,0.01,6,193,2026-08-21 13:35:11,2026-08-21 15:50:01,2026-08-21 16:00:00,put side,True,710,708,,,-7,713.19,714.11,1,-0.28571429,2026-08-21 15:20:00,2026-08-21 13:35:11
GF-QQQ-IC-Ride-Delta,IC,QQQ,experiment,post-fix,T01152,QQQ,shortputspread,closed,1,0.07,0.01,6,193,2026-08-21 13:35:14,2026-08-21 15:50:01,2026-08-21 16:00:00,put side,True,710,708,,,-7,713.22,714.11,1,-0.28571429,2026-08-21 15:20:00,2026-08-21 13:35:14
GF-QQQ-IC-PT50,IC,QQQ,experiment,post-fix,T01153,QQQ,shortputspread,closed,1,0.07,0.03,4,193,2026-08-21 13:35:11,2026-08-21 14:50:06,2026-08-21 16:00:00,put side,True,710,708,,,-7,713.19,713.15,0.71428571,-0.28571429,2026-08-21 14:50:00,2026-08-21 13:35:11
DIR-SPX-CallVIXdrop,Directional,SPX,experiment,post-fix,T01154,SPX,longcallspread,closed,1,6.3,2.95,-335,630,2026-08-21 11:00:02,2026-08-21 14:10:00,2026-08-21 16:00:00,,False,,,7690,7675,630,7676.67,7672.26,0.86507937,-0.53174603,2026-08-21 11:54:00,2026-08-21 14:10:00
GF-QQQ-IC-Trail,IC,QQQ,experiment,post-fix,T01155,QQQ,shortputspread,closed,1,0.07,0.08,-1,193,2026-08-21 13:35:11,2026-08-21 13:41:11,2026-08-21 16:00:00,put side,True,710,708,,,-7,713.19,713.23,0.42857143,-0.28571429,2026-08-21 13:38:00,2026-08-21 13:35:11
GF-QQQ-IC-Canary,IC,QQQ,instrument,post-fix,T01156,QQQ,shortputspread,closed,1,0.07,0.06,1,193,2026-08-21 13:35:11,2026-08-21 13:40:06,2026-08-21 16:00:00,put side,True,710,708,,,-7,713.19,713.4,0.28571429,-0.28571429,2026-08-21 13:40:00,2026-08-21 13:35:11
Nigiri-Paper-v1,OA-Mirror,,mirror-watch,baseline,T01157,SPY,shortputspread,closed,10,0.07,0.01,60,4930,2026-08-14 09:45:29,2026-08-21 11:12:00,2026-08-21 16:00:00,,True,754,749,,,-70,778.48,765.98,1,-2.57142857,2026-08-21 11:12:00,2026-08-18 11:02:00
IC-SPX-FastPT25-S2,IC,SPX,live-candidate,post-fix,T01158,SPX,shortputspread,closed,10,0.1,0.1,0,4900,2026-08-21 11:01:00,2026-08-21 11:03:01,2026-08-21 16:00:00,put side,True,7620,7615,,,-100,7678.77,7676.32,0,0,2026-08-21 11:01:00,2026-08-21 11:01:00
60min-ORB-10W-Paper-v1,OA-Mirror,SPX,mirror-watch,baseline,T01159,SPX,shortcallspread,closed,1,1.9,3.3,-140,810,2026-08-21 10:45:02,2026-08-21 10:57:01,2026-08-21 16:00:00,test b,True,,,7680,7690,-190,7664.75,7673.45,-0.01052632,-0.73684211,2026-08-21 10:45:02,2026-08-21 10:57:00
IC-SPX-FastPT25-S2-130PM,IC,SPX,experiment,baseline,T01160,SPX,shortcallspread,expired,10,0.25,0,250,4750,2026-08-20 13:31:03,2026-08-20 16:15:00,2026-08-20 16:00:00,call side,False,,,7690,7695,-250,7665.62,7641.16,1,0,2026-08-20 14:14:00,2026-08-20 13:31:03
IC-SPX-FastPT25-S2-130PM,IC,SPX,experiment,baseline,T01160,SPX,shortputspread,expired,10,0.3,0,300,4700,2026-08-20 13:31:01,2026-08-20 16:15:00,2026-08-20 16:00:00,put side,False,7640,7635,,,-300,7665.37,7641.16,0.76666667,-2.4,2026-08-20 15:54:00,2026-08-20 14:17:00
GF-QQQ-IC-SL200,IC,QQQ,experiment,post-fix,T01161,QQQ,shortcallspread,closed,1,0.07,0.01,6,193,2026-08-20 13:32:14,2026-08-20 15:50:01,2026-08-20 16:00:00,call side,False,,,714,716,-7,710.94,711.29,1,-0.42857143,2026-08-20 15:45:00,2026-08-20 13:52:00
GF-QQQ-IC-Touch0,IC,QQQ,experiment,post-fix,T01162,QQQ,shortcallspread,closed,1,0.07,0.01,6,193,2026-08-20 13:32:14,2026-08-20 15:50:01,2026-08-20 16:00:00,call side,False,,,714,716,-7,710.94,711.29,1,-0.42857143,2026-08-20 15:45:00,2026-08-20 13:52:00
GF-QQQ-IC-Trail,IC,QQQ,experiment,post-fix,T01163,QQQ,shortcallspread,closed,1,0.07,0.01,6,193,2026-08-20 13:32:14,2026-08-20 15:50:01,2026-08-20 16:00:00,call side,False,,,714,716,-7,710.94,711.29,1,-0.42857143,2026-08-20 15:45:00,2026-08-20 13:52:00
GF-QQQ-IC-SL100,IC,QQQ,experiment,post-fix,T01164,QQQ,shortcallspread,closed,1,0.07,0.01,6,193,2026-08-20 13:32:14,2026-08-20 15:50:01,2026-08-20 16:00:00,call side,False,,,714,716,-7,710.94,711.29,1,-0.42857143,2026-08-20 15:45:00,2026-08-20 13:52:00
GF-QQQ-IC-Touch0,IC,QQQ,experiment,post-fix,T01162,QQQ,shortputspread,closed,1,0.07,0.01,6,193,2026-08-20 13:33:11,2026-08-20 15:50:01,2026-08-20 16:00:00,put side,False,707,705,,,-7,710.74,711.29,1,-3.57142857,2026-08-20 15:36:00,2026-08-20 14:17:00
GF-QQQ-IC-Ride,IC,QQQ,control,post-fix,T01165,QQQ,shortputspread,closed,1,0.07,0.01,6,193,2026-08-20 13:33:11,2026-08-20 15:50:01,2026-08-20 16:00:00,put side,False,707,705,,,-7,710.74,711.29,1,-3.57142857,2026-08-20 15:36:00,2026-08-20 14:17:00
GF-QQQ-IC-Ride,IC,QQQ,control,post-fix,T01165,QQQ,shortcallspread,closed,1,0.07,0.01,6,193,2026-08-20 13:32:14,2026-08-20 15:50:01,2026-08-20 16:00:00,call side,False,,,714,716,-7,710.94,711.29,1,-0.42857143,2026-08-20 15:45:00,2026-08-20 13:52:00
GF-QQQ-IC-Ride-Delta,IC,QQQ,experiment,post-fix,T01166,QQQ,shortputspread,closed,1,0.07,0.01,6,193,2026-08-20 13:33:11,2026-08-20 15:50:01,2026-08-20 16:00:00,put side,False,707,705,,,-7,710.74,711.29,1,-3.57142857,2026-08-20 15:36:00,2026-08-20 14:17:00
GF-QQQ-IC-Ride-Delta,IC,QQQ,experiment,post-fix,T01166,QQQ,shortcallspread,closed,1,0.07,0.01,6,193,2026-08-20 13:31:15,2026-08-20 15:50:01,2026-08-20 16:00:00,call side,False,,,714,716,-7,710.72,711.29,1,-0.42857143,2026-08-20 15:45:00,2026-08-20 13:52:00
GF-QQQ-IC-PT50,IC,QQQ,experiment,post-fix,T01167,QQQ,shortputspread,closed,1,0.07,0.03,4,193,2026-08-20 13:33:11,2026-08-20 15:09:06,2026-08-20 16:00:00,put side,False,707,705,,,-7,710.74,710.6,0.71428571,-3.57142857,2026-08-20 15:09:00,2026-08-20 14:17:00
GF-QQQ-IC-PT50,IC,QQQ,experiment,post-fix,T01167,QQQ,shortcallspread,closed,1,0.07,0.03,4,193,2026-08-20 13:32:14,2026-08-20 14:17:06,2026-08-20 16:00:00,call side,False,,,714,716,-7,710.94,708.73,0.71428571,-0.42857143,2026-08-20 14:17:00,2026-08-20 13:52:00
GF-QQQ-IC-SL200,IC,QQQ,experiment,post-fix,T01161,QQQ,shortputspread,closed,1,0.07,0.22,-15,193,2026-08-20 13:33:11,2026-08-20 14:07:11,2026-08-20 16:00:00,put side,False,707,705,,,-7,710.74,709.32,0.57142857,-2,2026-08-20 13:51:00,2026-08-20 14:07:00
GF-QQQ-IC-SL100,IC,QQQ,experiment,post-fix,T01164,QQQ,shortputspread,closed,1,0.07,0.15,-8,193,2026-08-20 13:33:11,2026-08-20 14:04:11,2026-08-20 16:00:00,put side,False,707,705,,,-7,710.74,709.88,0.57142857,-1,2026-08-20 13:51:00,2026-08-20 14:04:00
GF-QQQ-IC-Canary,IC,QQQ,instrument,post-fix,T01168,QQQ,shortcallspread,closed,1,0.07,0.05,2,193,2026-08-20 13:32:14,2026-08-20 14:02:06,2026-08-20 16:00:00,call side,False,,,714,716,-7,710.94,710.38,0.42857143,-0.42857143,2026-08-20 14:02:00,2026-08-20 13:52:00
GF-QQQ-IC-Trail,IC,QQQ,experiment,post-fix,T01163,QQQ,shortputspread,closed,1,0.07,0.06,1,193,2026-08-20 13:33:11,2026-08-20 13:55:11,2026-08-20 16:00:00,put side,False,707,705,,,-7,710.74,710.89,0.57142857,-0.28571429,2026-08-20 13:51:00,2026-08-20 13:35:00
GF-QQQ-IC-Canary,IC,QQQ,instrument,post-fix,T01168,QQQ,shortputspread,closed,1,0.07,0.05,2,193,2026-08-20 13:33:11,2026-08-20 13:49:06,2026-08-20 16:00:00,put side,False,707,705,,,-7,710.74,711.05,0.42857143,-0.28571429,2026-08-20 13:49:00,2026-08-20 13:35:00
IC-SPX-FastPT25-S2,IC,SPX,live-candidate,post-fix,T01169,SPX,shortcallspread,closed,10,0.1,0.05,50,4900,2026-08-20 11:07:02,2026-08-20 11:10:03,2026-08-20 16:00:00,call side,True,,,7745,7750,-100,7689.81,7684.18,0.5,0,2026-08-20 11:08:00,2026-08-20 11:07:02
IC-SPX-FastPT25-S2,IC,SPX,live-candidate,post-fix,T01170,SPX,shortputspread,closed,10,0.15,0.15,0,4850,2026-08-20 11:01:01,2026-08-20 11:03:03,2026-08-20 16:00:00,put side,True,7635,7630,,,-150,7692.43,7696.31,0.33333333,0,2026-08-20 11:02:00,2026-08-20 11:01:01
IC-SPX-FastPT25-S2-130PM,IC,SPX,experiment,baseline,T01171,SPX,shortcallspread,expired,10,0.25,0,250,4750,2026-08-19 13:31:03,2026-08-19 16:15:00,2026-08-19 16:00:00,call side,False,,,7740,7745,-250,7715.7,7707.98,1,-1.2,2026-08-19 15:23:00,2026-08-19 14:03:00
3DTE $140-$350,OA-Mirror,SPX,mirror-watch,baseline,T01172,SPX,ironcondor,expired,1,0.25,0,25,975,2026-08-14 10:00:04,2026-08-19 16:15:00,2026-08-19 16:00:00,190,False,7615,7605,8000,8010,-25,7806.12,7707.98,1,-2.12,2026-08-19 10:32:00,2026-08-18 09:34:00
IC-SPX-FastPT25-S2-130PM,IC,SPX,experiment,baseline,T01171,SPX,shortputspread,expired,10,0.3,0,300,4700,2026-08-19 13:31:02,2026-08-19 16:15:00,2026-08-19 16:00:00,put side,False,7690,7685,,,-300,7715.75,7707.98,1,-0.5,2026-08-19 15:08:00,2026-08-19 14:10:00
GF-QQQ-IC-SL100,IC,QQQ,experiment,post-fix,T01173,QQQ,shortcallspread,closed,1,0.07,0.01,6,193,2026-08-19 13:52:14,2026-08-19 15:50:01,2026-08-19 16:00:00,call side,True,,,720,722,-7,716.88,715.6,1,-0.85714286,2026-08-19 15:30:00,2026-08-19 14:03:00
GF-QQQ-IC-Ride-Delta,IC,QQQ,experiment,post-fix,T01175,QQQ,shortputspread,closed,1,0.07,0.01,6,193,2026-08-19 13:33:14,2026-08-19 15:50:01,2026-08-19 16:00:00,put side,True,712,710,,,-7,716.14,715.6,1,-0.42857143,2026-08-19 15:17:00,2026-08-19 14:10:00
GF-QQQ-IC-SL200,IC,QQQ,experiment,post-fix,T01177,QQQ,shortcallspread,closed,1,0.07,0.01,6,193,2026-08-19 13:52:14,2026-08-19 15:50:01,2026-08-19 16:00:00,call side,True,,,720,722,-7,716.88,715.6,1,-0.85714286,2026-08-19 15:30:00,2026-08-19 14:03:00
GF-QQQ-IC-Touch0,IC,QQQ,experiment,post-fix,T01180,QQQ,shortputspread,closed,1,0.07,0.01,6,193,2026-08-19 13:33:12,2026-08-19 15:50:01,2026-08-19 16:00:00,put side,True,712,710,,,-7,716.14,715.6,1,-0.42857143,2026-08-19 15:17:00,2026-08-19 14:10:00
GF-QQQ-IC-SL100,IC,QQQ,experiment,post-fix,T01174,QQQ,shortputspread,closed,1,0.07,0.01,6,193,2026-08-19 13:33:12,2026-08-19 15:50:01,2026-08-19 16:00:00,put side,True,712,710,,,-7,716.14,715.6,1,-0.42857143,2026-08-19 15:17:00,2026-08-19 14:10:00
GF-QQQ-IC-Ride-Delta,IC,QQQ,experiment,post-fix,T01176,QQQ,shortputspread,closed,1,0.07,0.01,6,193,2026-08-19 13:33:12,2026-08-19 15:50:01,2026-08-19 16:00:00,put side,True,712,710,,,-7,716.14,715.6,1,-0.42857143,2026-08-19 15:17:00,2026-08-19 14:10:00
GF-QQQ-IC-Ride,IC,QQQ,control,post-fix,T01182,QQQ,shortputspread,closed,1,0.07,0.01,6,193,2026-08-19 13:33:12,2026-08-19 15:50:01,2026-08-19 16:00:00,put side,True,712,710,,,-7,716.14,715.6,1,-0.42857143,2026-08-19 15:17:00,2026-08-19 14:10:00
GF-QQQ-IC-SL200,IC,QQQ,experiment,post-fix,T01178,QQQ,shortputspread,closed,1,0.07,0.01,6,193,2026-08-19 13:33:12,2026-08-19 15:50:01,2026-08-19 16:00:00,put side,True,712,710,,,-7,716.14,715.6,1,-0.42857143,2026-08-19 15:17:00,2026-08-19 14:10:00
GF-QQQ-IC-Ride,IC,QQQ,control,post-fix,T01181,QQQ,shortcallspread,closed,1,0.07,0.01,6,193,2026-08-19 13:52:14,2026-08-19 15:50:01,2026-08-19 16:00:00,call side,True,,,720,722,-7,716.88,715.6,1,-0.85714286,2026-08-19 15:30:00,2026-08-19 14:03:00
GF-QQQ-IC-Touch0,IC,QQQ,experiment,post-fix,T01179,QQQ,shortcallspread,closed,1,0.07,0.01,6,193,2026-08-19 13:52:14,2026-08-19 15:50:01,2026-08-19 16:00:00,call side,True,,,720,722,-7,716.88,715.6,1,-0.85714286,2026-08-19 15:30:00,2026-08-19 14:03:00
GF-QQQ-IC-Trail,IC,QQQ,experiment,post-fix,T01183,QQQ,shortcallspread,closed,1,0.07,0.05,2,193,2026-08-19 13:52:14,2026-08-19 14:12:11,2026-08-19 16:00:00,call side,True,,,720,722,-7,716.88,716.12,0.71428571,-0.85714286,2026-08-19 14:10:00,2026-08-19 14:03:00
GF-QQQ-IC-PT50,IC,QQQ,experiment,post-fix,T01185,QQQ,shortcallspread,closed,1,0.07,0.03,4,193,2026-08-19 13:52:14,2026-08-19 14:10:07,2026-08-19 16:00:00,call side,True,,,720,722,-7,716.88,715.65,0.71428571,-0.85714286,2026-08-19 14:10:00,2026-08-19 14:03:00
GF-QQQ-IC-Canary,IC,QQQ,instrument,post-fix,T01187,QQQ,shortcallspread,closed,1,0.07,0.05,2,193,2026-08-19 13:52:14,2026-08-19 14:09:06,2026-08-19 16:00:00,call side,True,,,720,722,-7,716.88,715.92,0.42857143,-0.85714286,2026-08-19 14:09:00,2026-08-19 14:03:00
GF-QQQ-IC-PT50,IC,QQQ,experiment,post-fix,T01186,QQQ,shortputspread,closed,1,0.07,0.03,4,193,2026-08-19 13:33:12,2026-08-19 14:04:06,2026-08-19 16:00:00,put side,True,712,710,,,-7,716.14,717.46,0.71428571,-0.14285714,2026-08-19 14:04:00,2026-08-19 13:33:12
GF-QQQ-IC-Trail,IC,QQQ,experiment,post-fix,T01184,QQQ,shortputspread,closed,1,0.07,0.06,1,193,2026-08-19 13:33:12,2026-08-19 14:00:12,2026-08-19 16:00:00,put side,True,712,710,,,-7,716.14,716.57,0.57142857,-0.14285714,2026-08-19 13:54:00,2026-08-19 13:33:12
GF-QQQ-IC-Canary,IC,QQQ,instrument,post-fix,T01188,QQQ,shortputspread,closed,1,0.07,0.06,1,193,2026-08-19 13:33:12,2026-08-19 13:37:06,2026-08-19 16:00:00,put side,True,712,710,,,-7,716.14,716.38,0.28571429,-0.14285714,2026-08-19 13:37:00,2026-08-19 13:33:12
DIR-SPX-CallVIXdrop,Directional,SPX,experiment,post-fix,T01189,SPX,longcallspread,closed,1,6.4,3.2,-320,640,2026-08-19 11:00:03,2026-08-19 11:28:00,2026-08-19 16:00:00,,False,,,7755,7740,640,7741.48,7730.43,0.015625,-0.5046875,2026-08-19 11:00:03,2026-08-19 11:28:00
IC-SPX-FastPT25-S2,IC,SPX,live-candidate,post-fix,T01190,SPX,shortputspread,closed,10,0.1,0.1,0,4900,2026-08-19 11:02:01,2026-08-19 11:04:03,2026-08-19 16:00:00,put side,True,7685,7680,,,-100,7741.9,7740.73,0,0,2026-08-19 11:02:01,2026-08-19 11:02:01
60min-ORB-10W-Paper-v1,OA-Mirror,SPX,mirror-watch,baseline,T01191,SPX,shortputspread,closed,1,0.85,0.35,50,915,2026-08-19 10:45:03,2026-08-19 11:00:01,2026-08-19 16:00:00,test a,True,7700,7690,,,-85,7729.52,7741.5,0.58823529,-0.08235294,2026-08-19 11:00:00,2026-08-19 10:50:00
IC-SPX-FastPT25-S2-130PM,IC,SPX,experiment,baseline,T01192,SPX,shortcallspread,expired,10,0.25,0,250,4750,2026-08-18 13:31:03,2026-08-18 16:15:00,2026-08-18 16:00:00,call side,False,,,7720,7725,-250,7701.63,7691.76,1,-0.2,2026-08-18 15:34:00,2026-08-18 13:32:00
IC-SPX-FastPT25-S2-130PM,IC,SPX,experiment,baseline,T01192,SPX,shortputspread,expired,10,0.25,0,250,4750,2026-08-18 13:31:02,2026-08-18 16:15:00,2026-08-18 16:00:00,put side,False,7680,7675,,,-250,7701.39,7691.76,1,-0.6,2026-08-18 15:25:00,2026-08-18 14:00:00
60min-ORB-10W-Paper-v1,OA-Mirror,SPX,mirror-watch,baseline,T01193,SPX,shortcallspread,closed,1,1.7,1.2,50,830,2026-08-18 11:15:07,2026-08-18 13:18:00,2026-08-18 16:00:00,test b,True,,,7715,7725,-170,7696.74,7704.01,0.29411765,-0.48235294,2026-08-18 13:18:00,2026-08-18 12:23:00
IC-SPX-FastPT25-S2,IC,SPX,live-candidate,post-fix,T01194,SPX,shortputspread,closed,10,0.15,0.15,0,4850,2026-08-18 11:01:02,2026-08-18 11:03:03,2026-08-18 16:00:00,put side,True,7640,7635,,,-150,7696.65,7696.87,0.2,0,2026-08-18 11:03:00,2026-08-18 11:01:02
IC-SPX-FastPT25-S2-130PM,IC,SPX,experiment,baseline,T01195,SPX,shortcallspread,expired,10,0.3,0,300,4700,2026-08-17 13:31:03,2026-08-17 16:15:00,2026-08-17 16:00:00,call side,False,,,7775,7780,-300,7756.54,7745.06,1,0,2026-08-17 15:02:00,2026-08-17 13:31:02
IC-SPX-FastPT25-S2-130PM,IC,SPX,experiment,baseline,T01195,SPX,shortputspread,expired,10,0.25,0,250,4750,2026-08-17 13:31:01,2026-08-17 16:15:00,2026-08-17 16:00:00,put side,False,7730,7725,,,-250,7756.31,7745.06,1,-0.28,2026-08-17 14:49:00,2026-08-17 13:40:00
GF-QQQ-IC-SL200,IC,QQQ,experiment,post-fix,T01196,QQQ,shortputspread,closed,1,0.1,0.01,9,190,2026-08-17 13:35:11,2026-08-17 15:50:01,2026-08-17 16:00:00,put side,True,727,725,,,-10,729.96,730.53,1,0,2026-08-17 14:50:00,2026-08-17 13:35:12
GF-QQQ-IC-Ride-Delta,IC,QQQ,experiment,post-fix,T01197,QQQ,shortputspread,closed,1,0.1,0.01,9,190,2026-08-17 13:35:11,2026-08-17 15:50:01,2026-08-17 16:00:00,put side,True,727,725,,,-10,729.96,730.53,1,0,2026-08-17 14:50:00,2026-08-17 13:35:12
GF-QQQ-IC-Ride-Delta,IC,QQQ,experiment,post-fix,T01198,QQQ,shortputspread,closed,1,0.09,0.01,8,191,2026-08-17 13:35:14,2026-08-17 15:50:01,2026-08-17 16:00:00,put side,True,727,725,,,-9,729.91,730.53,1,-0.11111111,2026-08-17 14:50:00,2026-08-17 13:35:15
GF-QQQ-IC-Ride,IC,QQQ,control,post-fix,T01199,QQQ,shortputspread,closed,1,0.1,0.01,9,190,2026-08-17 13:35:11,2026-08-17 15:50:01,2026-08-17 16:00:00,put side,True,727,725,,,-10,729.96,730.53,1,0,2026-08-17 14:50:00,2026-08-17 13:35:12
GF-QQQ-IC-Touch0,IC,QQQ,experiment,post-fix,T01200,QQQ,shortputspread,closed,1,0.1,0.01,9,190,2026-08-17 13:35:11,2026-08-17 15:50:01,2026-08-17 16:00:00,put side,True,727,725,,,-10,729.96,730.53,1,0,2026-08-17 14:50:00,2026-08-17 13:35:12
GF-QQQ-IC-SL100,IC,QQQ,experiment,post-fix,T01201,QQQ,shortputspread,closed,1,0.1,0.01,9,190,2026-08-17 13:35:11,2026-08-17 15:50:01,2026-08-17 16:00:00,put side,True,727,725,,,-10,729.96,730.53,1,0,2026-08-17 14:50:00,2026-08-17 13:35:12
GF-QQQ-IC-PT50,IC,QQQ,experiment,post-fix,T01202,QQQ,shortputspread,closed,1,0.1,0.05,5,190,2026-08-17 13:35:11,2026-08-17 14:13:05,2026-08-17 16:00:00,put side,True,727,725,,,-10,729.96,730.22,0.6,0,2026-08-17 14:13:00,2026-08-17 13:35:12
GF-QQQ-IC-Canary,IC,QQQ,instrument,post-fix,T01203,QQQ,shortputspread,closed,1,0.1,0.09,1,190,2026-08-17 13:35:11,2026-08-17 13:39:06,2026-08-17 16:00:00,put side,True,727,725,,,-10,729.96,730.17,0.2,0,2026-08-17 13:39:00,2026-08-17 13:35:12
GF-QQQ-IC-Trail,IC,QQQ,experiment,post-fix,T01204,QQQ,shortputspread,closed,1,0.1,0.09,1,190,2026-08-17 13:35:11,2026-08-17 13:38:11,2026-08-17 16:00:00,put side,True,727,725,,,-10,729.96,730.1,0.4,0,2026-08-17 13:37:00,2026-08-17 13:35:12
IC-SPX-FastPT25-S2-130PM,IC,SPX,experiment,baseline,T01205,SPX,shortputspread,expired,10,0.25,0,250,4750,2026-08-14 13:31:00,2026-08-14 16:15:00,2026-08-14 16:00:00,put side,False,7760,7755,,,-250,7779.61,7785.76,1,-0.4,2026-08-14 14:51:00,2026-08-14 13:42:00
IC-SPX-FastPT25-S2-130PM,IC,SPX,experiment,baseline,T01205,SPX,shortcallspread,expired,10,0.3,0,300,4700,2026-08-14 13:31:02,2026-08-14 16:15:00,2026-08-14 16:00:00,call side,False,,,7795,7800,-300,7779.79,7785.76,1,-0.56666667,2026-08-14 15:56:00,2026-08-14 14:14:00
GF-QQQ-IC-Ride-Delta,IC,QQQ,experiment,post-fix,T01206,QQQ,shortputspread,closed,1,0.07,0.01,6,193,2026-08-14 13:39:13,2026-08-14 15:50:01,2026-08-14 16:00:00,put side,True,726,724,,,-7,728.87,730.41,1,-0.14285714,2026-08-14 15:12:00,2026-08-14 13:39:13
GF-QQQ-IC-SL200,IC,QQQ,experiment,post-fix,T01208,QQQ,shortputspread,closed,1,0.07,0.01,6,193,2026-08-14 13:39:11,2026-08-14 15:50:01,2026-08-14 16:00:00,put side,True,726,724,,,-7,728.87,730.41,1,-0.14285714,2026-08-14 15:12:00,2026-08-14 13:39:11
GF-QQQ-IC-Ride,IC,QQQ,control,post-fix,T01209,QQQ,shortputspread,closed,1,0.07,0.01,6,193,2026-08-14 13:39:11,2026-08-14 15:50:01,2026-08-14 16:00:00,put side,True,726,724,,,-7,728.87,730.41,1,-0.14285714,2026-08-14 15:12:00,2026-08-14 13:39:11
GF-QQQ-IC-Ride-Delta,IC,QQQ,experiment,post-fix,T01207,QQQ,shortputspread,closed,1,0.07,0.01,6,193,2026-08-14 13:39:11,2026-08-14 15:50:01,2026-08-14 16:00:00,put side,True,726,724,,,-7,728.87,730.41,1,-0.14285714,2026-08-14 15:12:00,2026-08-14 13:39:11
GF-QQQ-IC-Touch0,IC,QQQ,experiment,post-fix,T01210,QQQ,shortputspread,closed,1,0.07,0.01,6,193,2026-08-14 13:39:11,2026-08-14 15:50:01,2026-08-14 16:00:00,put side,True,726,724,,,-7,728.87,730.41,1,-0.14285714,2026-08-14 15:12:00,2026-08-14 13:39:11
GF-QQQ-IC-Trail,IC,QQQ,experiment,post-fix,T01211,QQQ,shortputspread,closed,1,0.07,0.01,6,193,2026-08-14 13:39:11,2026-08-14 15:50:01,2026-08-14 16:00:00,put side,True,726,724,,,-7,728.87,730.41,1,-0.14285714,2026-08-14 15:12:00,2026-08-14 13:39:11
GF-QQQ-IC-SL100,IC,QQQ,experiment,post-fix,T01212,QQQ,shortputspread,closed,1,0.07,0.01,6,193,2026-08-14 13:39:11,2026-08-14 15:50:01,2026-08-14 16:00:00,put side,True,726,724,,,-7,728.87,730.41,1,-0.14285714,2026-08-14 15:12:00,2026-08-14 13:39:11
GF-QQQ-IC-PT50,IC,QQQ,experiment,post-fix,T01213,QQQ,shortputspread,closed,1,0.07,0.03,4,193,2026-08-14 13:39:11,2026-08-14 14:06:06,2026-08-14 16:00:00,put side,True,726,724,,,-7,728.87,729.73,0.71428571,-0.14285714,2026-08-14 14:06:00,2026-08-14 13:39:11
GF-QQQ-IC-Canary,IC,QQQ,instrument,post-fix,T01214,QQQ,shortputspread,closed,1,0.07,0.06,1,193,2026-08-14 13:39:11,2026-08-14 13:46:06,2026-08-14 16:00:00,put side,True,726,724,,,-7,728.87,729.05,0.28571429,-0.14285714,2026-08-14 13:46:00,2026-08-14 13:39:11
IC-SPX-FastPT25-S2,IC,SPX,live-candidate,post-fix,T01215,SPX,shortputspread,closed,10,0.1,0.1,0,4900,2026-08-14 11:27:00,2026-08-14 11:29:01,2026-08-14 16:00:00,put side,True,7725,7720,,,-100,7781.41,7781.88,0.5,0,2026-08-14 11:28:00,2026-08-14 11:27:00
60min-ORB-10W-Paper-v1,OA-Mirror,SPX,mirror-watch,baseline,T01216,SPX,shortcallspread,closed,1,0.95,0.45,50,905,2026-08-14 10:45:06,2026-08-14 11:00:01,2026-08-14 16:00:00,test b,True,,,7815,7825,-95,7793.16,7789.18,0.52631579,-0.10526316,2026-08-14 11:00:00,2026-08-14 10:47:00
Nigiri-Paper-v1,OA-Mirror,,mirror-watch,baseline,T01217,SPY,shortputspread,closed,10,0.09,0.07,20,4910,2026-08-13 09:49:30,2026-08-14 09:45:13,2026-08-21 16:00:00,,True,750,745,,,-90,776.81,778.52,0.44444444,-0.22222222,2026-08-14 09:36:00,2026-08-13 11:29:00
IC-SPX-FastPT25-S2-130PM,IC,SPX,experiment,baseline,T01218,SPX,shortcallspread,expired,10,0.3,0,300,4700,2026-08-13 13:31:04,2026-08-13 16:15:00,2026-08-13 16:00:00,call side,False,,,7810,7815,-300,7794.95,7798.99,1,-3.1,2026-08-13 15:56:00,2026-08-13 15:10:00
IC-SPX-FastPT25-S2-130PM,IC,SPX,experiment,baseline,T01218,SPX,shortputspread,expired,10,0.25,0,250,4750,2026-08-13 13:31:02,2026-08-13 16:15:00,2026-08-13 16:00:00,put side,False,7775,7770,,,-250,7795.05,7798.99,1,-0.8,2026-08-13 15:01:00,2026-08-13 13:38:00
3DTE $140-$350,OA-Mirror,SPX,mirror-watch,baseline,T01219,SPX,ironcondor,expired,1,0.45,0,45,955,2026-08-10 10:00:03,2026-08-13 16:15:00,2026-08-13 16:00:00,170,False,7590,7580,7935,7945,-45,7760.29,7798.99,1,-0.22222222,2026-08-12 13:43:00,2026-08-10 12:45:00
Trendy-Paper-v1,OA-Mirror,,mirror-watch,baseline,T01220,SPY,shortputspread,closed,1,0.71,0.31,40,929,2026-08-11 09:45:22,2026-08-13 11:30:19,2026-08-21 16:00:00,,True,756,746,,,-71,773.36,776.22,0.69014084,-0.35211268,2026-08-13 10:40:00,2026-08-11 14:30:00
IC-SPX-FastPT25-S2,IC,SPX,live-candidate,post-fix,T01221,SPX,shortputspread,closed,10,0.15,0.15,0,4850,2026-08-13 11:03:01,2026-08-13 11:05:03,2026-08-13 16:00:00,put side,True,7745,7740,,,-150,7802.03,7797.9,0.2,0,2026-08-13 11:03:01,2026-08-13 11:05:00
Nigiri-Paper-v1,OA-Mirror,,mirror-watch,baseline,T01222,SPY,shortputspread,closed,10,0.09,0.02,70,4910,2026-08-12 09:45:25,2026-08-13 09:49:07,2026-08-14 16:00:00,,True,758,753,,,-90,772.95,776.77,0.88888889,-0.33333333,2026-08-13 09:49:00,2026-08-12 10:05:00
IC-SPX-FastPT25-S2-130PM,IC,SPX,experiment,baseline,T01223,SPX,shortputspread,expired,10,0.25,0,250,4750,2026-08-12 13:31:01,2026-08-12 16:15:00,2026-08-12 16:00:00,put side,False,7730,7725,,,-250,7750.71,7748.5,1,0,2026-08-12 14:41:00,2026-08-12 13:31:00
IC-SPX-FastPT25-S2-130PM,IC,SPX,experiment,baseline,T01223,SPX,shortcallspread,expired,10,0.25,0,250,4750,2026-08-12 13:31:02,2026-08-12 16:15:00,2026-08-12 16:00:00,call side,False,,,7770,7775,-250,7750.84,7748.5,1,-0.6,2026-08-12 15:22:00,2026-08-12 14:42:00
DIR-SPX-CallVIXdrop,Directional,SPX,experiment,post-fix,T01224,SPX,longcallspread,closed,1,6.05,6.7,65,605,2026-08-12 11:00:02,2026-08-12 15:50:01,2026-08-12 16:00:00,,False,,,7760,7745,605,7744.79,7751.5,0.81322314,-0.36859504,2026-08-12 14:52:00,2026-08-12 11:41:00
IC-SPX-FastPT25-S2,IC,SPX,live-candidate,post-fix,T01225,SPX,shortputspread,closed,10,0.1,0.1,0,4900,2026-08-12 11:01:01,2026-08-12 11:03:02,2026-08-12 16:00:00,put side,True,7685,7680,,,-100,7744.07,7743.36,0.2,0,2026-08-12 11:02:00,2026-08-12 11:01:00
Nigiri-Paper-v1,OA-Mirror,,mirror-watch,baseline,T01226,SPY,shortputspread,closed,10,0.07,0.04,30,4930,2026-08-11 10:00:32,2026-08-12 09:45:14,2026-08-14 16:00:00,,True,752,747,,,-70,773.65,772.95,0.57142857,-0.85714286,2026-08-12 09:34:00,2026-08-11 14:30:00
IC-SPX-FastPT25-S2-130PM,IC,SPX,experiment,baseline,T01227,SPX,shortcallspread,expired,10,0.35,0,350,4650,2026-08-11 13:31:03,2026-08-11 16:15:00,2026-08-11 16:00:00,call side,False,,,7750,7755,-350,7730.92,7728.2,1,-0.28571429,2026-08-11 15:00:00,2026-08-11 13:45:00
IC-SPX-FastPT25-S2-130PM,IC,SPX,experiment,baseline,T01227,SPX,shortputspread,expired,10,0.25,0,250,4750,2026-08-11 13:31:01,2026-08-11 16:15:00,2026-08-11 16:00:00,put side,False,7705,7700,,,-250,7730.88,7728.2,1,-2.6,2026-08-11 15:31:00,2026-08-11 14:30:00
60min-ORB-10W-Paper-v1,OA-Mirror,SPX,mirror-watch,baseline,T01228,SPX,shortcallspread,closed,1,0.8,0.3,50,920,2026-08-11 11:15:05,2026-08-11 11:48:00,2026-08-11 16:00:00,test b,True,,,7770,7780,-80,7749.63,7742.47,0.625,-0.0625,2026-08-11 11:48:00,2026-08-11 11:22:00
IC-SPX-FastPT25-S2,IC,SPX,live-candidate,post-fix,T01229,SPX,shortputspread,closed,10,0.1,0.05,50,4900,2026-08-11 11:07:00,2026-08-11 11:09:02,2026-08-11 16:00:00,put side,True,7695,7690,,,-100,7753.28,7752.08,0.5,0.2,2026-08-11 11:07:00,2026-08-11 11:08:00
Nigiri-Paper-v1,OA-Mirror,,mirror-watch,baseline,T01230,SPY,shortputspread,closed,10,0.08,0.08,0,4920,2026-08-10 09:45:29,2026-08-11 10:00:12,2026-08-14 16:00:00,,True,751,746,,,-80,772.96,773.57,0.25,-0.375,2026-08-10 10:42:00,2026-08-10 12:46:00
IC-SPX-FastPT25-S2-130PM,IC,SPX,experiment,baseline,T01231,SPX,shortputspread,expired,10,0.2,0,200,4800,2026-08-10 13:31:00,2026-08-10 16:15:00,2026-08-10 16:00:00,put side,False,7730,7725,,,-200,7755.09,7753.11,1,-0.5,2026-08-10 15:04:00,2026-08-10 13:38:00
IC-SPX-FastPT25-S2-130PM,IC,SPX,experiment,baseline,T01231,SPX,shortcallspread,expired,10,0.4,0,400,4600,2026-08-10 13:31:02,2026-08-10 16:15:00,2026-08-10 16:00:00,call side,False,,,7770,7775,-400,7755.11,7753.11,1,0,2026-08-10 15:28:00,2026-08-10 13:31:02
60min-ORB-10W-Paper-v1,OA-Mirror,SPX,mirror-watch,baseline,T01232,SPX,shortputspread,closed,1,0.9,2.4,-150,910,2026-08-10 10:45:02,2026-08-10 12:38:00,2026-08-10 16:00:00,test a,True,7745,7735,,,-90,7769.57,7750.34,0.33333333,-1.66666667,2026-08-10 12:01:00,2026-08-10 12:38:00
IC-SPX-FastPT25-S2,IC,SPX,live-candidate,post-fix,T01233,SPX,shortputspread,closed,10,0.15,0.1,50,4850,2026-08-10 11:01:00,2026-08-10 11:03:02,2026-08-10 16:00:00,put side,True,7700,7695,,,-150,7756.88,7759.91,0.33333333,0,2026-08-10 11:02:00,2026-08-10 11:01:00
