botName,type,description,symbol,status,quantity,daysInTrade,openPrice,closePrice,premium,pnl,ror,returnPct,risk,ev,alpha,highReturnPct,lowReturnPct,highReturnPctDate,lowReturnPctDate,expiration,openDate,closeDate,tags,underlyingOpen,underlyingClose
"IC-SPX-FastPT25-S2-130PM","shortcallspread","-7,845 call, +7,850 call","SPX","expired",10,0,0.2,0,-200,200,0.041667,1,4800,"2.01993","0.004208","1","-1.1","2026-10-06 15:14:00","2026-10-06 13:35:00","2026-10-06 16:00:00","2026-10-06 13:31:01","2026-10-06 16:15:00","call side",7824.08,7818.93
"IC-SPX-FastPT25-S2-130PM","shortputspread","-7,800 put, +7,795 put","SPX","expired",10,0,0.3,0,-300,300,0.06383,1,4700,"20.02984","0.042617","1","0","2026-10-06 14:52:00","2026-10-06 13:31:01","2026-10-06 16:00:00","2026-10-06 13:31:01","2026-10-06 16:15:00","put side",7824.16,7818.93
"GF-QQQ-IC-Touch0","shortputspread","-758 put, +756 put","QQQ","closed",26,0,0.07,0.05,-182,52,0.010363,0.285714,5018,"4.73388","0.024656","0.71428571","-0.14285714","2026-10-06 15:06:00","2026-10-06 13:57:00","2026-10-06 16:00:00","2026-10-06 13:56:11","2026-10-06 15:50:06","put side",760.74,760.15
"GF-QQQ-IC-Ride","shortputspread","-758 put, +756 put","QQQ","closed",26,0,0.07,0.05,-182,52,0.010363,0.285714,5018,"4.73388","0.024656","0.71428571","-0.14285714","2026-10-06 15:06:00","2026-10-06 13:57:00","2026-10-06 16:00:00","2026-10-06 13:56:11","2026-10-06 15:50:06","put side",760.74,760.15
"GF-QQQ-IC-Ride","shortcallspread","-763 call, +765 call","QQQ","closed",26,0,0.08,0.01,-208,182,0.036458,0.875,4992,"-1.41686","-0.007418","1","-0.625","2026-10-06 15:40:00","2026-10-06 14:05:00","2026-10-06 16:00:00","2026-10-06 13:35:13","2026-10-06 15:50:00","call side",760.94,760.38
"GF-QQQ-IC-Trail","shortcallspread","-763 call, +765 call","QQQ","closed",26,0,0.08,0.01,-208,182,0.036458,0.875,4992,"-1.41686","-0.007418","1","-0.625","2026-10-06 15:40:00","2026-10-06 14:05:00","2026-10-06 16:00:00","2026-10-06 13:35:13","2026-10-06 15:50:00","call side",760.94,760.38
"GF-QQQ-IC-Touch0","shortcallspread","-763 call, +765 call","QQQ","closed",26,0,0.08,0.01,-208,182,0.036458,0.875,4992,"-1.41686","-0.007418","1","-0.625","2026-10-06 15:40:00","2026-10-06 14:05:00","2026-10-06 16:00:00","2026-10-06 13:35:13","2026-10-06 15:50:00","call side",760.94,760.38
"GF-QQQ-IC-SL100","shortcallspread","-763 call, +765 call","QQQ","closed",26,0,0.08,0.01,-208,182,0.036458,0.875,4992,"-1.41686","-0.007418","1","-0.625","2026-10-06 15:40:00","2026-10-06 14:05:00","2026-10-06 16:00:00","2026-10-06 13:35:13","2026-10-06 15:50:00","call side",760.94,760.38
"GF-QQQ-IC-SL200","shortcallspread","-763 call, +765 call","QQQ","closed",26,0,0.08,0.01,-208,182,0.036458,0.875,4992,"-1.41686","-0.007418","1","-0.625","2026-10-06 15:40:00","2026-10-06 14:05:00","2026-10-06 16:00:00","2026-10-06 13:35:13","2026-10-06 15:50:00","call side",760.94,760.38
"GF-QQQ-IC-PT50","shortcallspread","-763 call, +765 call","QQQ","closed",26,0,0.08,0.04,-208,104,0.020833,0.5,4992,"-1.41686","-0.007418","0.625","-0.625","2026-10-06 14:34:00","2026-10-06 14:05:00","2026-10-06 16:00:00","2026-10-06 13:35:13","2026-10-06 14:34:06","call side",760.94,760.71
"GF-QQQ-IC-Canary","shortputspread","-758 put, +756 put","QQQ","closed",1,0,0.07,0.06,-7,1,0.005181,0.142857,193,"4.73388","0.024656","0.28571429","-0.14285714","2026-10-06 14:03:00","2026-10-06 13:57:00","2026-10-06 16:00:00","2026-10-06 13:56:11","2026-10-06 14:03:06","put side",760.74,761.27
"GF-QQQ-IC-Canary","shortcallspread","-763 call, +765 call","QQQ","closed",1,0,0.08,0.07,-8,1,0.005208,0.125,192,"-1.41686","-0.007418","0.25","-0.375","2026-10-06 13:56:00","2026-10-06 13:38:00","2026-10-06 16:00:00","2026-10-06 13:35:13","2026-10-06 13:56:06","call side",760.94,760.82
"Nigiri-Paper-v1","shortputspread","-749 put, +744 put","SPY","closed",10,1,0.09,0.02,-90,70,0.014257,0.777778,4910,"9.465","0.019316","0.88888889","-0.33333333","2026-10-06 09:58:00","2026-10-05 10:00:00","2026-10-09 16:00:00","2026-10-05 09:45:25","2026-10-06 09:58:06","",770.79,779.86
"GF-QQQ-IC-Trail","shortcallspread","-757 call, +759 call","QQQ","closed",26,0,0.07,0.06,-182,26,0.005181,0.142857,5018,"-0.28409","-0.00148","0.28571429","-4.71428571","2026-10-05 15:50:00","2026-10-05 15:19:00","2026-10-05 16:00:00","2026-10-05 13:38:13","2026-10-05 15:50:07","call side",754.77,755.77
"GF-QQQ-IC-Touch0","shortcallspread","-757 call, +759 call","QQQ","closed",26,0,0.07,0.06,-182,26,0.005181,0.142857,5018,"-0.28409","-0.00148","0.28571429","-4.71428571","2026-10-05 15:50:00","2026-10-05 15:19:00","2026-10-05 16:00:00","2026-10-05 13:38:13","2026-10-05 15:50:07","call side",754.77,755.77
"GF-QQQ-IC-Canary","shortcallspread","-757 call, +759 call","QQQ","closed",1,0,0.07,0.06,-7,1,0.005181,0.142857,193,"-0.28409","-0.00148","0.28571429","-4.71428571","2026-10-05 15:50:00","2026-10-05 15:19:00","2026-10-05 16:00:00","2026-10-05 13:38:13","2026-10-05 15:50:07","call side",754.77,755.77
"GF-QQQ-IC-Ride","shortcallspread","-757 call, +759 call","QQQ","closed",26,0,0.07,0.06,-182,26,0.005181,0.142857,5018,"-0.28409","-0.00148","0.28571429","-4.71428571","2026-10-05 15:50:00","2026-10-05 15:19:00","2026-10-05 16:00:00","2026-10-05 13:38:13","2026-10-05 15:50:07","call side",754.77,755.77
"GF-QQQ-IC-PT50","shortcallspread","-757 call, +759 call","QQQ","closed",26,0,0.07,0.06,-182,26,0.005181,0.142857,5018,"-0.28409","-0.00148","0.28571429","-4.71428571","2026-10-05 15:50:00","2026-10-05 15:19:00","2026-10-05 16:00:00","2026-10-05 13:38:13","2026-10-05 15:50:07","call side",754.77,755.77
"IC-SPX-FastPT25-S2-130PM","shortputspread","-7,750 put, +7,745 put","SPX","closed",10,0,0.2,0.05,-200,150,0.03125,0.75,4800,"2.7902","0.005813","1","-0.15","2026-10-05 14:31:00","2026-10-05 13:31:01","2026-10-05 16:00:00","2026-10-05 13:31:01","2026-10-05 15:15:03","put side",7770.95,7790.12
"IC-SPX-FastPT25-S2-130PM","shortcallspread","-7,790 call, +7,795 call","SPX","closed",10,0,0.2,1.95,-200,-1750,-0.364583,-8.75,4800,"-4.32132","-0.009003","0.25","-8.1","2026-10-05 13:41:00","2026-10-05 15:15:00","2026-10-05 16:00:00","2026-10-05 13:31:03","2026-10-05 15:15:01","call side",7771.07,7790.35
"GF-QQQ-IC-SL200","shortcallspread","-757 call, +759 call","QQQ","closed",26,0,0.07,0.27,-182,-520,-0.103627,-2.857143,5018,"-0.28409","-0.00148","0.14285714","-2.71428571","2026-10-05 13:41:00","2026-10-05 15:03:00","2026-10-05 16:00:00","2026-10-05 13:38:13","2026-10-05 15:03:12","call side",754.77,756.27
"GF-QQQ-IC-SL100","shortcallspread","-757 call, +759 call","QQQ","closed",26,0,0.07,0.19,-182,-312,-0.062176,-1.714286,5018,"-0.28409","-0.00148","0.14285714","-1.57142857","2026-10-05 13:41:00","2026-10-05 13:45:00","2026-10-05 16:00:00","2026-10-05 13:38:13","2026-10-05 13:45:13","call side",754.77,755.58
"IC-SPX-FastPT25-S2","shortputspread","-7,700 put, +7,695 put","SPX","closed",10,0,0.1,0.15,-100,-50,-0.010204,-0.5,4900,"9.72271","0.019842","0","-0.3","2026-10-05 11:01:01","2026-10-05 11:04:00","2026-10-05 16:00:00","2026-10-05 11:01:01","2026-10-05 11:04:01","put side",7756.64,7754.42
"3DTE $140-$350","ironcondor","+7,550 put, -7,560 put, -7,910 call, +7,920 call","SPX","closed",1,3,0.55,0.15,-55,40,0.042328,0.727273,945,"13.366605","0.014145","0.78181818","-0.54545455","2026-10-05 10:12:00","2026-10-02 11:15:00","2026-10-07 16:00:00","2026-10-02 10:00:06","2026-10-05 11:00:01","170,60percent",7731.52,7756.74
"Friday 14 DTE Broken Wing IB (B-70)","ironbutterfly","+7,620 put, -7,680 put, -7,680 call, +7,720 call","SPX","closed",1,3,41.05,39.5,-4105,155,0.081794,0.037759,1895,"92.12668","0.048616","0.03775883","-0.02070646","2026-10-05 10:21:00","2026-10-02 11:46:00","2026-10-16 16:00:00","2026-10-02 10:30:05","2026-10-05 10:21:01","14 dte",7749.34,7756.58
"Nigiri-Paper-v1","shortputspread","-744 put, +739 put","SPY","closed",10,3,0.09,0.06,-90,30,0.00611,0.333333,4910,"9.43793","0.019261","0.44444444","-0.88888889","2026-10-05 09:32:00","2026-10-02 11:21:00","2026-10-09 16:00:00","2026-10-02 09:45:24","2026-10-05 09:45:13","",771.8,770.79
"IC-SPX-FastPT25-S2-130PM","shortcallspread","-7,740 call, +7,745 call","SPX","expired",10,0,0.3,0,-300,300,0.06383,1,4700,"25.16298","0.053538","1","-0.76666667","2026-10-02 15:55:00","2026-10-02 13:52:00","2026-10-02 16:00:00","2026-10-02 13:31:02","2026-10-02 16:15:00","call side",7713.33,7722.72
"IC-SPX-FastPT25-S2-130PM","shortputspread","-7,680 put, +7,675 put","SPX","expired",10,0,0.3,0,-300,300,0.06383,1,4700,"29.00637","0.061716","1","0","2026-10-02 14:52:00","2026-10-02 13:31:01","2026-10-02 16:00:00","2026-10-02 13:31:01","2026-10-02 16:15:00","put side",7713.28,7722.72
"IC-SPX-Fortress-Unstopped","shortputspread","-7,655 put, +7,650 put","SPX","expired",10,0,0.1,0,-100,100,0.020408,1,4900,"7.5","0.015244","1","0","2026-10-02 13:36:00","2026-10-02 13:37:00","2026-10-02 16:00:00","2026-10-02 13:31:01","2026-10-02 16:15:00","put side",7713.28,7722.72
"IC-SPX-FastPT25-S2","shortputspread","-7,660 put, +7,655 put","SPX","closed",10,0,0.3,0.45,-300,-150,-0.031915,-0.5,4700,"29.90221","0.063622","0","-0.5","2026-10-02 11:10:04","2026-10-02 11:13:00","2026-10-02 16:00:00","2026-10-02 11:10:04","2026-10-02 11:13:02","put side",7718.77,7710.5
"IC-SPX-FastPT25-S2","shortcallspread","-7,780 call, +7,785 call","SPX","closed",10,0,0.15,0.1,-150,50,0.010309,0.333333,4850,"14.80087","0.030517","0.33333333","0","2026-10-02 11:10:00","2026-10-02 11:08:03","2026-10-02 16:00:00","2026-10-02 11:08:02","2026-10-02 11:10:03","call side",7723.9,7718.77
"DIR-SPX-CallVIXdrop","longcallspread","+7,740 call, -7,755 call","SPX","closed",1,0,6.2,2.95,620,-325,-0.524194,-0.524194,620,"-148.74355","-0.239909","0","-0.52903226","2026-10-02 11:00:03","2026-10-02 11:10:00","2026-10-02 16:00:00","2026-10-02 11:00:03","2026-10-02 11:10:01",,7738.72,7718.9
"Trendy-Paper-v1","shortputspread","-757 put, +747 put","SPY","closed",1,10,0.61,0.03,-61,58,0.061768,0.95082,939,"20.44767","0.021776","0.96721311","-2.13114754","2026-10-02 09:36:00","2026-10-01 11:11:00","2026-10-02 16:00:00","2026-09-22 10:00:02","2026-10-02 09:45:16",,773.79,771.87
"Nigiri-Paper-v1","shortputspread","-731 put, +726 put","SPY","closed",10,1,0.1,0.03,-100,70,0.014286,0.7,4900,"10.80754","0.022101","0.8","-0.4","2026-10-02 09:37:00","2026-10-01 14:07:00","2026-10-09 16:00:00","2026-10-01 13:30:30","2026-10-02 09:45:13","",764.33,771.76
"3DTE $140-$350","ironcondor","+7,500 put, -7,510 put, -7,915 call, +7,925 call","SPX","closed",1,2,0.5,0.1,-50,40,0.042105,0.8,950,"27.373521","0.028814","0.96","-1.76","2026-10-02 09:38:00","2026-10-01 11:11:00","2026-10-05 16:00:00","2026-09-30 10:00:03","2026-10-02 09:45:02","200,60percent",7710.3,7744.86
"IC-SPX-FastPT25-S2-130PM","shortcallspread","-7,710 call, +7,715 call","SPX","expired",11,0,0.55,0,-605,605,0.123596,1,4895,"51.71403","0.115691","1","0.09090909","2026-10-01 15:03:00","2026-10-01 13:47:00","2026-10-01 16:00:00","2026-10-01 13:31:05","2026-10-01 16:15:00","call side",7676.62,7666.45
"IC-SPX-FastPT25-S2","shortcallspread","-7,690 call, +7,695 call","SPX","expired",10,0,0.25,0,-250,250,0.052632,1,4750,"24.84633","0.052308","1","-5.4","2026-10-01 15:56:00","2026-10-01 13:47:00","2026-10-01 16:00:00","2026-10-01 11:01:03","2026-10-01 16:15:00","call side",7630.68,7666.45
"IC-SPX-FastPT25-S2","shortputspread","-7,575 put, +7,570 put","SPX","expired",10,0,0.35,0,-350,350,0.075269,1,4650,"34.69848","0.07462","1","-0.65714286","2026-10-01 12:34:00","2026-10-01 11:11:00","2026-10-01 16:00:00","2026-10-01 11:01:01","2026-10-01 16:15:00","put side",7630.46,7666.45
"IC-SPX-Fortress-Unstopped","shortputspread","-7,620 put, +7,615 put","SPX","expired",10,0,0.1,0,-100,100,0.020408,1,4900,"7.3218","0.014882","1","-4","2026-10-01 14:35:00","2026-10-01 14:07:00","2026-10-01 16:00:00","2026-10-01 13:31:02","2026-10-01 16:15:00","put side",7676.34,7666.45
"IC-SPX-FastPT25-S2-130PM","shortputspread","-7,635 put, +7,630 put","SPX","expired",10,0,0.3,0,-300,300,0.06383,1,4700,"29.85071","0.063512","1","-2.66666667","2026-10-01 15:00:00","2026-10-01 14:07:00","2026-10-01 16:00:00","2026-10-01 13:31:02","2026-10-01 16:15:00","put side",7676.34,7666.45
"IC-SPX-Fortress-Unstopped","shortcallspread","-7,735 call, +7,740 call","SPX","expired",10,0,0.1,0,-100,100,0.020408,1,4900,"9.48416","0.019355","1","0","2026-10-01 13:39:00","2026-10-01 13:31:05","2026-10-01 16:00:00","2026-10-01 13:31:05","2026-10-01 16:15:00","call side",7676.62,7666.45
"QQQ-IC-0DTE-Fortress-NoPT50","shortcallspread","-749 call, +751 call","QQQ","closed",26,0,0.08,0.01,-208,182,0.036458,0.875,4992,"8.88075","0.046496","1","-0.25","2026-10-01 15:04:00","2026-10-01 13:31:04","2026-10-01 16:00:00","2026-10-01 13:31:04","2026-10-01 15:51:00","call side",743.77,743.73
"GF-QQQ-IC-Touch0","shortputspread","-739 put, +737 put","QQQ","closed",26,0,0.08,0.01,-208,182,0.036458,0.875,4992,"8.85434","0.046358","1","-4","2026-10-01 15:46:00","2026-10-01 14:09:00","2026-10-01 16:00:00","2026-10-01 13:32:11","2026-10-01 15:50:01","put side",744.01,743.38
"GF-QQQ-IC-Ride","shortcallspread","-747 call, +749 call","QQQ","closed",26,0,0.21,0.01,-546,520,0.111732,0.952381,4654,"19.13413","0.107495","0.95238095","-0.28571429","2026-10-01 15:14:00","2026-10-01 13:47:00","2026-10-01 16:00:00","2026-10-01 13:31:15","2026-10-01 15:50:01","call side",743.77,743.38
"GF-QQQ-IC-Trail","shortputspread","-739 put, +737 put","QQQ","closed",26,0,0.08,0.01,-208,182,0.036458,0.875,4992,"8.8903","0.046546","1","-4","2026-10-01 15:46:00","2026-10-01 14:09:00","2026-10-01 16:00:00","2026-10-01 13:45:14","2026-10-01 15:50:01","put side",743.91,743.38
"GF-QQQ-IC-Touch0","shortcallspread","-747 call, +749 call","QQQ","closed",26,0,0.21,0.01,-546,520,0.111732,0.952381,4654,"19.13413","0.107495","0.95238095","-0.28571429","2026-10-01 15:14:00","2026-10-01 13:47:00","2026-10-01 16:00:00","2026-10-01 13:31:14","2026-10-01 15:50:01","call side",743.77,743.38
"GF-QQQ-IC-SL200","shortcallspread","-747 call, +749 call","QQQ","closed",26,0,0.21,0.01,-546,520,0.111732,0.952381,4654,"19.13413","0.107495","0.95238095","-0.28571429","2026-10-01 15:14:00","2026-10-01 13:47:00","2026-10-01 16:00:00","2026-10-01 13:31:14","2026-10-01 15:50:01","call side",743.77,743.38
"GF-QQQ-IC-Ride","shortputspread","-739 put, +737 put","QQQ","closed",26,0,0.11,0.01,-286,260,0.05291,0.909091,4914,"11.61883","0.061802","1","-2.63636364","2026-10-01 15:46:00","2026-10-01 14:09:00","2026-10-01 16:00:00","2026-10-01 13:33:12","2026-10-01 15:50:01","put side",743.43,743.38
"QQQ-IC-0DTE-Fortress-NoPT50","shortputspread","-738 put, +736 put","QQQ","closed",25,0,0.07,0.02,-175,125,0.025907,0.714286,4825,"7.90624","0.041178","0.85714286","-2.85714286","2026-10-01 15:01:00","2026-10-01 14:09:00","2026-10-01 16:00:00","2026-10-01 13:36:01","2026-10-01 15:50:01","put side",743.17,743.38
"GF-QQQ-IC-SL100","shortcallspread","-747 call, +749 call","QQQ","closed",26,0,0.21,0.01,-546,520,0.111732,0.952381,4654,"19.13413","0.107495","0.95238095","-0.28571429","2026-10-01 15:14:00","2026-10-01 13:47:00","2026-10-01 16:00:00","2026-10-01 13:31:14","2026-10-01 15:50:01","call side",743.77,743.38
"GF-QQQ-IC-SL200","shortputspread","-739 put, +737 put","QQQ","closed",26,0,0.08,0.34,-208,-676,-0.135417,-3.25,4992,"8.85434","0.046358","0.25","-3.125","2026-10-01 13:46:00","2026-10-01 14:06:00","2026-10-01 16:00:00","2026-10-01 13:32:11","2026-10-01 14:06:11","put side",744.01,740.94
"GF-QQQ-IC-SL100","shortputspread","-739 put, +737 put","QQQ","closed",26,0,0.11,0.23,-286,-312,-0.063492,-1.090909,4914,"11.61883","0.061802","0.45454545","-1","2026-10-01 13:46:00","2026-10-01 14:05:00","2026-10-01 16:00:00","2026-10-01 13:33:12","2026-10-01 14:05:11","put side",743.43,741.74
"GF-QQQ-IC-PT50","shortcallspread","-747 call, +749 call","QQQ","closed",26,0,0.21,0.09,-546,312,0.067039,0.571429,4654,"19.13413","0.107495","0.61904762","-0.28571429","2026-10-01 13:59:00","2026-10-01 13:47:00","2026-10-01 16:00:00","2026-10-01 13:31:14","2026-10-01 13:59:06","call side",743.77,742.15
"GF-QQQ-IC-Canary","shortputspread","-739 put, +737 put","QQQ","closed",1,0,0.08,0.07,-8,1,0.005208,0.125,192,"8.85434","0.046358","0.25","-0.5","2026-10-01 13:46:00","2026-10-01 13:33:00","2026-10-01 16:00:00","2026-10-01 13:32:11","2026-10-01 13:46:06","put side",744.01,744.16
"GF-QQQ-IC-Trail","shortcallspread","-747 call, +749 call","QQQ","closed",26,0,0.21,0.17,-546,104,0.022346,0.190476,4654,"19.13413","0.107495","0.42857143","-0.0952381","2026-10-01 13:38:00","2026-10-01 13:31:15","2026-10-01 16:00:00","2026-10-01 13:31:14","2026-10-01 13:44:11","call side",743.77,743.65
"GF-QQQ-IC-Canary","shortcallspread","-747 call, +749 call","QQQ","closed",1,0,0.21,0.18,-21,3,0.01676,0.142857,179,"19.13413","0.107495","0.19047619","-0.0952381","2026-10-01 13:33:00","2026-10-01 13:31:15","2026-10-01 16:00:00","2026-10-01 13:31:14","2026-10-01 13:33:06","call side",743.77,743.65
"Nigiri-Paper-v1","shortputspread","-750 put, +745 put","SPY","closed",10,1,0.11,0.09,-110,20,0.00409,0.181818,4890,"11.76124","0.024101","0.36363636","-2.72727273","2026-09-30 10:54:00","2026-10-01 11:11:00","2026-10-02 16:00:00","2026-09-30 09:45:28","2026-10-01 13:30:12","",766.84,764.38
"IC-SPX-FastPT25-S2-130PM","shortputspread","-7,665 put, +7,660 put","SPX","expired",10,0,0.25,5,-250,-4750,-1,-19,4750,"22.04155","0.046209","0.8","-5","2026-09-30 13:54:00","2026-09-30 15:55:00","2026-09-30 16:00:00","2026-09-30 13:31:01","2026-09-30 16:15:00","put side",7699.52,7651.54
"IC-SPX-FastPT25-S2","shortcallspread","-7,770 call, +7,775 call","SPX","expired",10,0,0.1,0,-100,100,0.020408,1,4900,"9.74992","0.019898","1","0","2026-09-30 12:29:00","2026-09-30 11:02:04","2026-09-30 16:00:00","2026-09-30 11:02:04","2026-09-30 16:15:00","call side",7712.62,7651.54
"IC-SPX-FastPT25-S2-130PM","shortcallspread","-7,725 call, +7,730 call","SPX","expired",10,0,0.35,0,-350,350,0.075269,1,4650,"27.56854","0.059287","1","-0.57142857","2026-09-30 15:23:00","2026-09-30 13:50:00","2026-09-30 16:00:00","2026-09-30 13:31:02","2026-09-30 16:15:00","call side",7699.56,7651.54
"IC-SPX-FastPT25-S2","shortputspread","-7,655 put, +7,650 put","SPX","expired",10,0,0.15,3.46,-150,-3310,-0.682474,-22.066667,4850,"11.77605","0.024131","1","-2.2","2026-09-30 13:02:00","2026-09-30 15:55:00","2026-09-30 16:00:00","2026-09-30 11:01:01","2026-09-30 16:15:00","put side",7712.59,7651.54
"GF-QQQ-IC-Touch0","shortcallspread","-747 call, +749 call","QQQ","closed",26,0,0.13,0.24,-338,-286,-0.058824,-0.846154,4862,"13.60718","0.073157","-0.07692308","-1.53846154","2026-09-30 13:31:13","2026-09-30 15:36:00","2026-09-30 16:00:00","2026-09-30 13:31:13","2026-09-30 15:50:07","call side",742.52,742.49
"GF-QQQ-IC-SL100","shortputspread","-737 put, +735 put","QQQ","closed",26,0,0.09,0.11,-234,-52,-0.010471,-0.222222,4966,"9.94285","0.052331","0.55555556","-0.33333333","2026-09-30 13:51:00","2026-09-30 14:54:00","2026-09-30 16:00:00","2026-09-30 13:31:12","2026-09-30 15:50:07","put side",742.52,742.49
"GF-QQQ-IC-Ride","shortputspread","-737 put, +735 put","QQQ","closed",26,0,0.09,0.11,-234,-52,-0.010471,-0.222222,4966,"9.94285","0.052331","0.55555556","-0.33333333","2026-09-30 13:51:00","2026-09-30 14:54:00","2026-09-30 16:00:00","2026-09-30 13:31:12","2026-09-30 15:50:07","put side",742.52,742.49
"GF-QQQ-IC-SL200","shortputspread","-737 put, +735 put","QQQ","closed",26,0,0.09,0.11,-234,-52,-0.010471,-0.222222,4966,"9.94285","0.052331","0.55555556","-0.33333333","2026-09-30 13:51:00","2026-09-30 14:54:00","2026-09-30 16:00:00","2026-09-30 13:31:12","2026-09-30 15:50:07","put side",742.52,742.49
"GF-QQQ-IC-Ride","shortcallspread","-747 call, +749 call","QQQ","closed",26,0,0.13,0.24,-338,-286,-0.058824,-0.846154,4862,"13.60718","0.073157","-0.07692308","-1.53846154","2026-09-30 13:31:13","2026-09-30 15:36:00","2026-09-30 16:00:00","2026-09-30 13:31:13","2026-09-30 15:50:07","call side",742.52,742.49
"GF-QQQ-IC-Touch0","shortputspread","-737 put, +735 put","QQQ","closed",26,0,0.09,0.11,-234,-52,-0.010471,-0.222222,4966,"9.94285","0.052331","0.55555556","-0.33333333","2026-09-30 13:51:00","2026-09-30 14:54:00","2026-09-30 16:00:00","2026-09-30 13:31:12","2026-09-30 15:50:06","put side",742.52,742.49
"GF-QQQ-IC-PT50","shortputspread","-737 put, +735 put","QQQ","closed",26,0,0.09,0.11,-234,-52,-0.010471,-0.222222,4966,"9.94285","0.052331","0.55555556","-0.33333333","2026-09-30 13:51:00","2026-09-30 14:54:00","2026-09-30 16:00:00","2026-09-30 13:31:12","2026-09-30 15:50:06","put side",742.52,742.49
"GF-QQQ-IC-Canary","shortcallspread","-747 call, +749 call","QQQ","closed",1,0,0.13,0.24,-13,-11,-0.058824,-0.846154,187,"13.60718","0.073157","-0.07692308","-1.53846154","2026-09-30 13:31:13","2026-09-30 15:36:00","2026-09-30 16:00:00","2026-09-30 13:31:13","2026-09-30 15:50:06","call side",742.52,742.49
"QQQ-IC-0DTE-Fortress-NoPT50","shortputspread","-737 put, +735 put","QQQ","closed",26,0,0.09,0.11,-234,-52,-0.010471,-0.222222,4966,"9.94285","0.052331","0.55555556","-0.33333333","2026-09-30 13:51:00","2026-09-30 14:54:00","2026-09-30 16:00:00","2026-09-30 13:31:01","2026-09-30 15:50:01","put side",742.52,743.17
"QQQ-IC-0DTE-Fortress-NoPT50","shortcallspread","-748 call, +750 call","QQQ","closed",25,0,0.07,0.17,-175,-250,-0.051813,-1.428571,4825,"7.93469","0.041327","-0.14285714","-2.28571429","2026-09-30 13:31:02","2026-09-30 15:36:00","2026-09-30 16:00:00","2026-09-30 13:31:02","2026-09-30 15:50:01","call side",742.52,743.17
"GF-QQQ-IC-Trail","shortputspread","-737 put, +735 put","QQQ","closed",26,0,0.09,0.07,-234,52,0.010471,0.222222,4966,"9.94285","0.052331","0.55555556","-0.11111111","2026-09-30 13:51:00","2026-09-30 13:31:12","2026-09-30 16:00:00","2026-09-30 13:31:12","2026-09-30 14:02:10","put side",742.52,743.51
"GF-QQQ-IC-Canary","shortputspread","-737 put, +735 put","QQQ","closed",1,0,0.09,0.06,-9,3,0.015707,0.333333,191,"9.94285","0.052331","0.44444444","-0.11111111","2026-09-30 13:42:00","2026-09-30 13:31:12","2026-09-30 16:00:00","2026-09-30 13:31:12","2026-09-30 13:42:06","put side",742.52,743.27
"60min-ORB-10W-Paper-v1","shortputspread","-7,685 put, +7,675 put","SPX","closed",1,0,1.05,0.55,-105,50,0.055866,0.47619,895,"73.10628","0.08141","0.47619048","-0.35238095","2026-09-30 12:05:00","2026-09-30 11:23:00","2026-09-30 16:00:00","2026-09-30 11:00:01","2026-09-30 12:05:00","test a",7714.75,7717.33
"3DTE $140-$350","ironcondor","+7,520 put, -7,530 put, -7,895 call, +7,905 call","SPX","closed",1,2,0.55,0.1,-55,45,0.047619,0.818182,945,"42.3145","0.044636","0.85454545","-0.78181818","2026-09-30 10:00:00","2026-09-28 10:55:00","2026-10-01 16:00:00","2026-09-28 10:00:05","2026-09-30 10:00:00","180,60percent",7712.76,7709.05
"Nigiri-Paper-v1","shortputspread","-745 put, +740 put","SPY","closed",10,1,0.09,0.06,-90,30,0.00611,0.333333,4910,"9.75436","0.019907","0.55555556","-0.55555556","2026-09-30 09:32:00","2026-09-29 15:46:00","2026-10-02 16:00:00","2026-09-29 15:00:29","2026-09-30 09:45:12","",764.98,766.9
"IC-SPX-FastPT25-S2-130PM","shortputspread","-7,630 put, +7,625 put","SPX","expired",10,0,0.25,0,-250,250,0.052632,1,4750,"20.85765","0.043911","1","-0.2","2026-09-29 14:23:00","2026-09-29 13:58:00","2026-09-29 16:00:00","2026-09-29 13:31:01","2026-09-29 16:15:00","put side",7658.6,7670.84
"IC-SPX-FastPT25-S2","shortputspread","-7,615 put, +7,610 put","SPX","expired",10,0,0.15,0,-150,150,0.030928,1,4850,"14.81873","0.030554","1","-2","2026-09-29 13:45:00","2026-09-29 11:27:00","2026-09-29 16:00:00","2026-09-29 11:01:01","2026-09-29 16:15:00","put side",7674.5,7670.84
"IC-SPX-FastPT25-S2-130PM","shortcallspread","-7,685 call, +7,690 call","SPX","expired",10,0,0.3,0,-300,300,0.06383,1,4700,"23.27586","0.049523","1","-4.56666667","2026-09-29 15:56:00","2026-09-29 14:42:00","2026-09-29 16:00:00","2026-09-29 13:31:03","2026-09-29 16:15:00","call side",7658.67,7670.84
"IC-SPX-FastPT25-S2","shortcallspread","-7,730 call, +7,735 call","SPX","expired",10,0,0.15,0,-150,150,0.030928,1,4850,"14.58531","0.030073","1","0","2026-09-29 12:39:00","2026-09-29 11:01:02","2026-09-29 16:00:00","2026-09-29 11:01:03","2026-09-29 16:15:00","call side",7674.38,7670.84
"GF-QQQ-IC-Touch0","shortcallspread","-740 call, +742 call","QQQ","closed",26,0,0.08,0.02,-208,156,0.03125,0.75,4992,"5.72772","0.029988","0.875","-2.125","2026-09-29 15:45:00","2026-09-29 14:41:00","2026-09-29 16:00:00","2026-09-29 13:32:14","2026-09-29 15:50:06","call side",736.76,737.86
"GF-QQQ-IC-SL100","shortputspread","-733 put, +731 put","QQQ","closed",26,0,0.08,0.01,-208,182,0.036458,0.875,4992,"6.65956","0.034867","1","-0.75","2026-09-29 15:19:00","2026-09-29 13:58:00","2026-09-29 16:00:00","2026-09-29 13:31:12","2026-09-29 15:50:01","put side",736.55,737.94
"GF-QQQ-IC-SL200","shortputspread","-733 put, +731 put","QQQ","closed",26,0,0.08,0.01,-208,182,0.036458,0.875,4992,"6.65956","0.034867","1","-0.75","2026-09-29 15:19:00","2026-09-29 13:58:00","2026-09-29 16:00:00","2026-09-29 13:31:12","2026-09-29 15:50:01","put side",736.55,737.94
"GF-QQQ-IC-Ride","shortputspread","-733 put, +731 put","QQQ","closed",26,0,0.08,0.01,-208,182,0.036458,0.875,4992,"6.65956","0.034867","1","-0.75","2026-09-29 15:19:00","2026-09-29 13:58:00","2026-09-29 16:00:00","2026-09-29 13:31:12","2026-09-29 15:50:01","put side",736.55,737.94
"GF-QQQ-IC-Touch0","shortputspread","-733 put, +731 put","QQQ","closed",26,0,0.08,0.01,-208,182,0.036458,0.875,4992,"6.65956","0.034867","1","-0.75","2026-09-29 15:19:00","2026-09-29 13:58:00","2026-09-29 16:00:00","2026-09-29 13:31:12","2026-09-29 15:50:01","put side",736.55,737.94
"Nigiri-Paper-v1","shortputspread","-741 put, +736 put","SPY","closed",10,4,0.09,0.06,-90,30,0.00611,0.333333,4910,"9.53597","0.019461","0.44444444","-1.11111111","2026-09-29 15:00:00","2026-09-25 10:17:00","2026-10-02 16:00:00","2026-09-25 09:43:12","2026-09-29 15:00:12","",769.99,764.91
"GF-QQQ-IC-Trail","shortputspread","-733 put, +731 put","QQQ","closed",26,0,0.08,0.06,-208,52,0.010417,0.25,4992,"6.65956","0.034867","0.625","-0.75","2026-09-29 14:06:00","2026-09-29 13:58:00","2026-09-29 16:00:00","2026-09-29 13:31:12","2026-09-29 14:10:11","put side",736.55,736.76
"GF-QQQ-IC-PT50","shortputspread","-733 put, +731 put","QQQ","closed",26,0,0.08,0.04,-208,104,0.020833,0.5,4992,"6.65956","0.034867","0.625","-0.75","2026-09-29 14:06:00","2026-09-29 13:58:00","2026-09-29 16:00:00","2026-09-29 13:31:12","2026-09-29 14:06:06","put side",736.55,737.15
"GF-QQQ-IC-Canary","shortcallspread","-740 call, +742 call","QQQ","closed",1,0,0.08,0.06,-8,2,0.010417,0.25,192,"5.72772","0.029988","0.375","-0.375","2026-09-29 13:43:00","2026-09-29 13:36:00","2026-09-29 16:00:00","2026-09-29 13:32:14","2026-09-29 13:43:06","call side",736.76,736.26
"GF-QQQ-IC-Canary","shortputspread","-733 put, +731 put","QQQ","closed",1,0,0.08,0.07,-8,1,0.005208,0.125,192,"6.65956","0.034867","0.25","0","2026-09-29 13:35:00","2026-09-29 13:31:12","2026-09-29 16:00:00","2026-09-29 13:31:12","2026-09-29 13:35:06","put side",736.55,736.95
"60min-ORB-10W-Paper-v1","shortcallspread","-7,700 call, +7,710 call","SPX","closed",1,0,1.9,1.4,-190,50,0.061728,0.263158,810,"102.349","0.125891","0.27894737","0.01578947","2026-09-29 11:05:00","2026-09-29 11:00:05","2026-09-29 16:00:00","2026-09-29 11:00:05","2026-09-29 11:05:00","test b",7679.38,7672.46
"IC-SPX-FastPT25-S2-130PM","shortcallspread","-7,735 call, +7,740 call","SPX","expired",10,0,0.35,0,-350,350,0.075269,1,4650,"30.47604","0.06512","1","-0.05714286","2026-09-28 15:01:00","2026-09-28 13:32:00","2026-09-28 16:00:00","2026-09-28 13:31:03","2026-09-28 16:15:00","call side",7701.84,7683.69
"IC-SPX-FastPT25-S2-130PM","shortputspread","-7,665 put, +7,660 put","SPX","expired",10,0,0.25,0,-250,250,0.052632,1,4750,"24.3999","0.051368","1","-0.4","2026-09-28 15:47:00","2026-09-28 13:38:00","2026-09-28 16:00:00","2026-09-28 13:31:02","2026-09-28 16:15:00","put side",7701.79,7683.69
"IC-SPX-Fortress-Unstopped","shortcallspread","-7,760 call, +7,765 call","SPX","expired",10,0,0.1,0,-100,100,0.020408,1,4900,"9.35942","0.019101","1","0","2026-09-28 14:26:00","2026-09-28 13:33:04","2026-09-28 16:00:00","2026-09-28 13:33:04","2026-09-28 16:15:00","call side",7702.45,7683.69
"IC-SPX-Fortress-Unstopped","shortputspread","-7,640 put, +7,635 put","SPX","expired",10,0,0.1,0,-100,100,0.020408,1,4900,"9.5","0.019388","1","0","2026-09-28 14:10:00","2026-09-28 13:38:00","2026-09-28 16:00:00","2026-09-28 13:34:02","2026-09-28 16:15:00","put side",7700,7683.69
"IC-SPX-FastPT25-S2","shortcallspread","-7,750 call, +7,755 call","SPX","closed",10,0,0.1,0.25,-100,-150,-0.030612,-1.5,4900,"9.94471","0.020295","0","-1.5","2026-09-28 12:18:04","2026-09-28 12:21:00","2026-09-28 16:00:00","2026-09-28 12:18:03","2026-09-28 12:21:03","call side",7693.84,7703.65
"IC-SPX-FastPT25-S2","shortputspread","-7,630 put, +7,625 put","SPX","closed",10,0,0.15,0.2,-150,-50,-0.010309,-0.333333,4850,"14.84346","0.030605","0","0","2026-09-28 11:39:01","2026-09-28 11:39:01","2026-09-28 16:00:00","2026-09-28 11:39:01","2026-09-28 11:41:03","put side",7685.78,7681.23
"IC-SPX-FastPT25-S2-130PM","shortcallspread","-7,770 call, +7,775 call","SPX","expired",10,0,0.25,0,-250,250,0.052632,1,4750,"20.27915","0.042693","1","0.12","2026-09-25 14:37:00","2026-09-25 13:31:03","2026-09-25 16:00:00","2026-09-25 13:31:03","2026-09-25 16:15:00","call side",7742.36,7743.41
"IC-SPX-FastPT25-S2","shortputspread","-7,660 put, +7,655 put","SPX","expired",10,0,0.15,0,-150,150,0.030928,1,4850,"14.83166","0.030581","1","-0.86666667","2026-09-25 12:15:00","2026-09-25 11:45:00","2026-09-25 16:00:00","2026-09-25 11:01:01","2026-09-25 16:15:00","put side",7718.65,7743.41
"IC-SPX-FastPT25-S2-130PM","shortputspread","-7,715 put, +7,710 put","SPX","expired",10,0,0.3,0,-300,300,0.06383,1,4700,"25.77876","0.054848","1","-0.66666667","2026-09-25 15:39:00","2026-09-25 13:37:00","2026-09-25 16:00:00","2026-09-25 13:31:01","2026-09-25 16:15:00","put side",7743.06,7743.41
"IC-SPX-FastPT25-S2","shortcallspread","-7,775 call, +7,780 call","SPX","expired",10,0,0.1,0,-100,100,0.020408,1,4900,"9.70943","0.019815","1","-5.5","2026-09-25 11:44:00","2026-09-25 12:06:00","2026-09-25 16:00:00","2026-09-25 11:01:03","2026-09-25 16:15:00","call side",7718.66,7743.41
"GF-QQQ-IC-Touch0","shortputspread","-742 put, +740 put","QQQ","closed",26,0,0.11,0.01,-286,260,0.05291,0.909091,4914,"7.04125","0.037453","0.90909091","-0.45454545","2026-09-25 15:44:00","2026-09-25 13:38:00","2026-09-25 16:00:00","2026-09-25 13:32:12","2026-09-25 15:50:00","put side",744.83,744.86
"GF-QQQ-IC-Ride","shortputspread","-742 put, +740 put","QQQ","closed",26,0,0.11,0.01,-286,260,0.05291,0.909091,4914,"7.04125","0.037453","0.90909091","-0.45454545","2026-09-25 15:44:00","2026-09-25 13:38:00","2026-09-25 16:00:00","2026-09-25 13:32:12","2026-09-25 15:50:00","put side",744.83,744.86
"GF-QQQ-IC-SL100","shortputspread","-742 put, +740 put","QQQ","closed",26,0,0.11,0.01,-286,260,0.05291,0.909091,4914,"7.04125","0.037453","0.90909091","-0.45454545","2026-09-25 15:44:00","2026-09-25 13:38:00","2026-09-25 16:00:00","2026-09-25 13:32:12","2026-09-25 15:50:00","put side",744.83,744.86
"GF-QQQ-IC-Touch0","shortcallspread","-748 call, +750 call","QQQ","closed",26,0,0.07,0.02,-182,130,0.025907,0.714286,5018,"4.13488","0.021536","1","-0.42857143","2026-09-25 15:28:00","2026-09-25 13:42:00","2026-09-25 16:00:00","2026-09-25 13:33:14","2026-09-25 15:50:00","call side",744.94,744.86
"GF-QQQ-IC-SL200","shortputspread","-742 put, +740 put","QQQ","closed",26,0,0.11,0.01,-286,260,0.05291,0.909091,4914,"7.04125","0.037453","0.90909091","-0.45454545","2026-09-25 15:44:00","2026-09-25 13:38:00","2026-09-25 16:00:00","2026-09-25 13:32:12","2026-09-25 15:50:00","put side",744.83,744.86
"GF-QQQ-IC-Trail","shortputspread","-742 put, +740 put","QQQ","closed",26,0,0.11,0.09,-286,52,0.010582,0.181818,4914,"7.04125","0.037453","0.72727273","-0.45454545","2026-09-25 14:25:00","2026-09-25 13:38:00","2026-09-25 16:00:00","2026-09-25 13:32:12","2026-09-25 14:27:11","put side",744.83,744.49
"3DTE $140-$350","ironcondor","+7,565 put, -7,575 put, -7,900 call, +7,910 call","SPX","closed",1,2,0.5,0.15,-50,35,0.036842,0.7,950,"-14.404478","-0.015163","0.78","-1.54","2026-09-25 13:43:00","2026-09-24 11:15:00","2026-09-28 16:00:00","2026-09-23 10:00:04","2026-09-25 14:15:01","160,60percent",7737.55,7744.86
"GF-QQQ-IC-PT50","shortputspread","-742 put, +740 put","QQQ","closed",26,0,0.11,0.05,-286,156,0.031746,0.545455,4914,"7.04125","0.037453","0.63636364","-0.45454545","2026-09-25 14:14:00","2026-09-25 13:38:00","2026-09-25 16:00:00","2026-09-25 13:32:12","2026-09-25 14:14:06","put side",744.83,745.24
"GF-QQQ-IC-Canary","shortcallspread","-748 call, +750 call","QQQ","closed",1,0,0.07,0.06,-7,1,0.005181,0.142857,193,"4.13488","0.021536","0.28571429","-0.42857143","2026-09-25 13:56:00","2026-09-25 13:42:00","2026-09-25 16:00:00","2026-09-25 13:33:14","2026-09-25 13:56:06","call side",744.94,744.84
"GF-QQQ-IC-Canary","shortputspread","-742 put, +740 put","QQQ","closed",1,0,0.11,0.1,-11,1,0.005291,0.090909,189,"7.04125","0.037453","0.18181818","-0.45454545","2026-09-25 13:44:00","2026-09-25 13:38:00","2026-09-25 16:00:00","2026-09-25 13:32:12","2026-09-25 13:44:06","put side",744.83,745.06
"Friday 14 DTE Broken Wing IB (B-70)","ironbutterfly","+7,575 put, -7,635 put, -7,635 call, +7,675 call","SPX","closed",1,0,41.25,39.2,-4125,205,0.109333,0.049697,1875,"97.00405","0.051736","0.04969697","-0.01090909","2026-09-25 12:05:00","2026-09-25 10:49:00","2026-10-09 16:00:00","2026-09-25 10:30:03","2026-09-25 12:05:00","14 dte",7704.29,7742.23
"Nigiri-Paper-v1","shortputspread","-757 put, +752 put","SPY","closed",10,2,0.07,0.01,-70,60,0.01217,0.857143,4930,"7.26418","0.014765","1","-5.85714286","2026-09-25 09:43:00","2026-09-24 11:15:00","2026-09-25 16:00:00","2026-09-23 09:45:27","2026-09-25 09:43:00","",771.92,769.99
"IC-SPX-Fortress-Unstopped","shortputspread","-7,645 put, +7,640 put","SPX","expired",10,0,0.1,0,-100,100,0.020408,1,4900,"9.28121","0.018941","1","-0.5","2026-09-24 14:26:00","2026-09-24 13:45:00","2026-09-24 16:00:00","2026-09-24 13:34:01","2026-09-24 16:15:00","put side",7701.28,7704.13
"IC-SPX-Fortress-Unstopped","shortcallspread","-7,760 call, +7,765 call","SPX","expired",10,0,0.1,0,-100,100,0.020408,1,4900,"9.08123","0.018533","1","0","2026-09-24 13:45:00","2026-09-24 13:31:03","2026-09-24 16:00:00","2026-09-24 13:31:03","2026-09-24 16:15:00","call side",7704.67,7704.13
"IC-SPX-FastPT25-S2-130PM","shortputspread","-7,665 put, +7,660 put","SPX","expired",10,0,0.25,0,-250,250,0.052632,1,4750,"24.73335","0.05207","1","-1.52","2026-09-24 14:57:00","2026-09-24 14:05:00","2026-09-24 16:00:00","2026-09-24 13:31:01","2026-09-24 16:15:00","put side",7705,7704.13
"IC-SPX-FastPT25-S2-130PM","shortcallspread","-7,735 call, +7,740 call","SPX","expired",10,0,0.35,0,-350,350,0.075269,1,4650,"32.04464","0.068913","1","-0.08571429","2026-09-24 14:04:00","2026-09-24 13:32:00","2026-09-24 16:00:00","2026-09-24 13:31:03","2026-09-24 16:15:00","call side",7704.67,7704.13
"GF-QQQ-IC-Touch0","shortputspread","-736 put, +734 put","QQQ","closed",26,0,0.07,0.02,-182,130,0.025907,0.714286,5018,"7.67084","0.039952","0.85714286","-3.42857143","2026-09-24 15:17:00","2026-09-24 14:05:00","2026-09-24 16:00:00","2026-09-24 13:31:12","2026-09-24 15:50:06","put side",740.82,741.22
"GF-QQQ-IC-Ride","shortputspread","-736 put, +734 put","QQQ","closed",26,0,0.07,0.02,-182,130,0.025907,0.714286,5018,"7.67084","0.039952","0.85714286","-3.42857143","2026-09-24 15:17:00","2026-09-24 14:05:00","2026-09-24 16:00:00","2026-09-24 13:31:12","2026-09-24 15:50:06","put side",740.82,741.22
"QQQ-IC-0DTE-Fortress-NoPT50","shortputspread","-734 put, +732 put","QQQ","closed",25,0,0.07,0.01,-175,150,0.031088,0.857143,4825,"7.88148","0.041049","1","-0.71428571","2026-09-24 14:40:00","2026-09-24 14:05:00","2026-09-24 16:00:00","2026-09-24 13:44:02","2026-09-24 15:50:01","put side",739.13,740.85
"GF-QQQ-IC-PT50","shortputspread","-736 put, +734 put","QQQ","closed",26,0,0.07,0.03,-182,104,0.020725,0.571429,5018,"7.67084","0.039952","0.71428571","-3.42857143","2026-09-24 14:53:00","2026-09-24 14:05:00","2026-09-24 16:00:00","2026-09-24 13:31:12","2026-09-24 14:53:06","put side",740.82,741.26
"GF-QQQ-IC-Trail","shortputspread","-736 put, +734 put","QQQ","closed",26,0,0.07,0.06,-182,26,0.005181,0.142857,5018,"7.67084","0.039952","0.57142857","-3.42857143","2026-09-24 14:39:00","2026-09-24 14:05:00","2026-09-24 16:00:00","2026-09-24 13:31:12","2026-09-24 14:41:11","put side",740.82,740.43
"GF-QQQ-IC-SL100","shortcallspread","-743 call, +745 call","QQQ","closed",26,0,0.08,0.18,-208,-260,-0.052083,-1.25,4992,"8.31475","0.043533","0.625","-1.125","2026-09-24 14:05:00","2026-09-24 14:27:00","2026-09-24 16:00:00","2026-09-24 13:45:15","2026-09-24 14:27:12","call side",738.84,740.55
"GF-QQQ-IC-Canary","shortputspread","-736 put, +734 put","QQQ","closed",1,0,0.07,0.06,-7,1,0.005181,0.142857,193,"7.67084","0.039952","0.28571429","-3.42857143","2026-09-24 14:27:00","2026-09-24 14:05:00","2026-09-24 16:00:00","2026-09-24 13:31:12","2026-09-24 14:27:07","put side",740.82,740.68
"GF-QQQ-IC-SL200","shortputspread","-736 put, +734 put","QQQ","closed",26,0,0.07,0.24,-182,-442,-0.088083,-2.428571,5018,"7.67084","0.039952","0","-2.28571429","2026-09-24 13:32:00","2026-09-24 14:03:00","2026-09-24 16:00:00","2026-09-24 13:31:12","2026-09-24 14:03:11","put side",740.82,738.03
"GF-QQQ-IC-SL100","shortputspread","-736 put, +734 put","QQQ","closed",26,0,0.07,0.18,-182,-286,-0.056995,-1.571429,5018,"7.67084","0.039952","0","-1.42857143","2026-09-24 13:32:00","2026-09-24 13:44:00","2026-09-24 16:00:00","2026-09-24 13:31:12","2026-09-24 13:44:11","put side",740.82,739.16
"GF-QQQ-IC-Canary","shortcallspread","-745 call, +747 call","QQQ","closed",1,0,0.08,0.06,-8,2,0.010417,0.25,192,"8.17039","0.042777","0.375","0","2026-09-24 13:36:00","2026-09-24 13:31:14","2026-09-24 16:00:00","2026-09-24 13:31:14","2026-09-24 13:36:07","call side",740.76,740.07
"IC-SPX-FastPT25-S2","shortcallspread","-7,730 call, +7,735 call","SPX","closed",10,0,0.1,0.1,-100,0,0,0,4900,"9.65052","0.019695","0.5","0","2026-09-24 11:05:00","2026-09-24 11:03:04","2026-09-24 16:00:00","2026-09-24 11:03:04","2026-09-24 11:06:02","call side",7673.96,7672.69
"IC-SPX-FastPT25-S2","shortputspread","-7,615 put, +7,610 put","SPX","closed",10,0,0.2,0.15,-200,50,0.010417,0.25,4800,"19.79239","0.041234","0.4","0","2026-09-24 11:03:00","2026-09-24 11:01:01","2026-09-24 16:00:00","2026-09-24 11:01:01","2026-09-24 11:03:02","put side",7673.49,7674.1
"IC-SPX-FastPT25-S2-130PM","shortputspread","-7,675 put, +7,670 put","SPX","expired",10,0,0.2,0,-200,200,0.041667,1,4800,"18.77719","0.039119","1","0","2026-09-23 14:26:00","2026-09-23 13:42:02","2026-09-23 16:00:00","2026-09-23 13:42:02","2026-09-23 16:15:00","put side",7706.93,7706.03
"IC-SPX-FastPT25-S2-130PM","shortcallspread","-7,725 call, +7,730 call","SPX","expired",11,0,0.6,0,-660,660,0.136364,1,4840,"33.67441","0.076014","1","-1.75","2026-09-23 15:51:00","2026-09-23 14:00:00","2026-09-23 16:00:00","2026-09-23 13:42:04","2026-09-23 16:15:00","call side",7706.9,7706.03
"IC-SPX-FastPT25-S2","shortputspread","-7,670 put, +7,665 put","SPX","closed",10,0,0.1,0.1,-100,0,0,0,4900,"9.87755","0.020158","0.3","0","2026-09-23 11:02:00","2026-09-23 11:01:02","2026-09-23 16:00:00","2026-09-23 11:01:02","2026-09-23 11:03:02","put side",7730.19,7727.99
"3DTE $140-$350","ironcondor","+7,440 put, -7,450 put, -7,795 call, +7,805 call","SPX","closed",1,5,0.5,0.15,-50,35,0.036842,0.7,950,"22.193453","0.023362","0.7","-6.44","2026-09-23 09:41:00","2026-09-21 15:39:00","2026-09-23 16:00:00","2026-09-18 13:00:24","2026-09-23 09:45:22","170,60percent",7622.64,7749.72
"Nigiri-Paper-v1","shortputspread","-755 put, +750 put","SPY","closed",10,1,0.07,0.06,-70,10,0.002028,0.142857,4930,"7.57389","0.015394","0.57142857","-0.28571429","2026-09-22 15:36:00","2026-09-22 09:47:00","2026-09-25 16:00:00","2026-09-22 09:45:23","2026-09-23 09:45:12","",774.47,771.9
"IC-SPX-FastPT25-S2-130PM","shortcallspread","-7,785 call, +7,790 call","SPX","expired",10,0,0.2,0,-200,200,0.041667,1,4800,"-2.79259","-0.005818","1","-2.5","2026-09-22 15:56:00","2026-09-22 15:36:00","2026-09-22 16:00:00","2026-09-22 13:31:03","2026-09-22 16:15:00","call side",7765.69,7764.64
"IC-SPX-FastPT25-S2-130PM","shortputspread","-7,745 put, +7,740 put","SPX","expired",10,0,0.15,0,-150,150,0.030928,1,4850,"-2.50176","-0.005158","1","-0.66666667","2026-09-22 14:25:00","2026-09-22 13:40:00","2026-09-22 16:00:00","2026-09-22 13:31:01","2026-09-22 16:15:00","put side",7765.83,7764.64
"GF-QQQ-IC-Canary","shortcallspread","-747 call, +749 call","QQQ","closed",1,0,0.08,0.95,-8,-87,-0.453125,-10.875,192,"-5.66373","-0.029653","0.125","-9.625","2026-09-22 13:51:00","2026-09-22 15:36:00","2026-09-22 16:00:00","2026-09-22 13:43:12","2026-09-22 15:50:00","call side",745.23,747.88
"GF-QQQ-IC-SL200","shortputspread","-743 put, +741 put","QQQ","closed",26,0,0.07,0.01,-182,156,0.031088,0.857143,5018,"-3.00798","-0.015667","1","-0.42857143","2026-09-22 15:19:00","2026-09-22 13:41:00","2026-09-22 16:00:00","2026-09-22 13:33:11","2026-09-22 15:50:00","put side",745.15,747.88
"GF-QQQ-IC-Touch0","shortputspread","-743 put, +741 put","QQQ","closed",26,0,0.07,0.01,-182,156,0.031088,0.857143,5018,"-3.00798","-0.015667","1","-0.42857143","2026-09-22 15:19:00","2026-09-22 13:41:00","2026-09-22 16:00:00","2026-09-22 13:33:11","2026-09-22 15:50:00","put side",745.15,747.88
"GF-QQQ-IC-Ride","shortputspread","-743 put, +741 put","QQQ","closed",26,0,0.07,0.01,-182,156,0.031088,0.857143,5018,"-3.00798","-0.015667","1","-0.42857143","2026-09-22 15:19:00","2026-09-22 13:41:00","2026-09-22 16:00:00","2026-09-22 13:33:11","2026-09-22 15:50:00","put side",745.15,747.88
"GF-QQQ-IC-SL100","shortputspread","-743 put, +741 put","QQQ","closed",26,0,0.07,0.01,-182,156,0.031088,0.857143,5018,"-3.00798","-0.015667","1","-0.42857143","2026-09-22 15:19:00","2026-09-22 13:41:00","2026-09-22 16:00:00","2026-09-22 13:33:11","2026-09-22 15:50:00","put side",745.15,747.88
"GF-QQQ-IC-SL100","shortcallspread","-748 call, +750 call","QQQ","closed",26,0,0.11,0.24,-286,-338,-0.068783,-1.181818,4914,"-1.40993","-0.0075","0.63636364","-1.09090909","2026-09-22 14:58:00","2026-09-22 15:33:00","2026-09-22 16:00:00","2026-09-22 13:53:15","2026-09-22 15:33:12","call side",746.23,747.62
"GF-QQQ-IC-Touch0","shortcallspread","-747 call, +749 call","QQQ","closed",26,0,0.08,0.4,-208,-832,-0.166667,-4,4992,"-5.66373","-0.029653","0.125","-5","2026-09-22 13:51:00","2026-09-22 14:24:00","2026-09-22 16:00:00","2026-09-22 13:43:12","2026-09-22 15:17:11","call side",745.23,747.01
"GF-QQQ-IC-PT50","shortputspread","-743 put, +741 put","QQQ","closed",26,0,0.07,0.03,-182,104,0.020725,0.571429,5018,"-3.00798","-0.015667","0.71428571","-0.42857143","2026-09-22 14:45:00","2026-09-22 13:41:00","2026-09-22 16:00:00","2026-09-22 13:33:11","2026-09-22 14:45:06","put side",745.15,746.47
"GF-QQQ-IC-Trail","shortputspread","-743 put, +741 put","QQQ","closed",26,0,0.07,0.06,-182,26,0.005181,0.142857,5018,"-3.00798","-0.015667","0.57142857","-0.42857143","2026-09-22 13:55:00","2026-09-22 13:41:00","2026-09-22 16:00:00","2026-09-22 13:33:11","2026-09-22 14:01:10","put side",745.15,745.55
"GF-QQQ-IC-Canary","shortputspread","-743 put, +741 put","QQQ","closed",1,0,0.07,0.04,-7,3,0.015544,0.428571,193,"-3.00798","-0.015667","0.57142857","-0.42857143","2026-09-22 13:55:00","2026-09-22 13:41:00","2026-09-22 16:00:00","2026-09-22 13:33:11","2026-09-22 13:55:06","put side",745.15,746.16
"DIR-SPX-CallVIXdrop","longcallspread","+7,765 call, -7,780 call","SPX","closed",1,0,5.35,2.6,535,-275,-0.514019,-0.514019,535,"-19.58069","-0.036806","0.13084112","-0.51401869","2026-09-22 11:08:00","2026-09-22 12:25:00","2026-09-22 16:00:00","2026-09-22 11:00:02","2026-09-22 12:25:01",,7764.87,7758.16
"60min-ORB-10W-Paper-v1","shortcallspread","-7,785 call, +7,795 call","SPX","closed",1,0,1.05,0.55,-105,50,0.055866,0.47619,895,"19.61863","0.02192","0.47619048","-0.33333333","2026-09-22 11:32:00","2026-09-22 10:51:00","2026-09-22 16:00:00","2026-09-22 10:45:02","2026-09-22 11:32:00","test b",7764.14,7761.19
"IC-SPX-FastPT25-S2","shortputspread","-7,710 put, +7,705 put","SPX","closed",10,0,0.1,0.1,-100,0,0,0,4900,"7.67683","0.015603","0.3","0","2026-09-22 11:05:00","2026-09-22 11:03:00","2026-09-22 16:00:00","2026-09-22 11:02:01","2026-09-22 11:05:02","put side",7765.8,7765.72
"Trendy-Paper-v1","shortputspread","-743 put, +733 put","SPY","closed",1,4,0.7,0.08,-70,62,0.066667,0.885714,930,"38.68205","0.041638","0.9","-0.1","2026-09-22 09:32:00","2026-09-18 12:26:00","2026-09-28 16:00:00","2026-09-18 10:45:16","2026-09-22 09:45:14",,758.95,774.46
"Nigiri-Paper-v1","shortputspread","-744 put, +739 put","SPY","closed",10,1,0.07,0.03,-70,40,0.008114,0.571429,4930,"7.92301","0.016104","0.71428571","-0.28571429","2026-09-22 09:41:00","2026-09-21 09:48:00","2026-09-25 16:00:00","2026-09-21 09:45:23","2026-09-22 09:45:12","",766.86,774.47
"Nigiri-Paper-v1","shortputspread","-732 put, +727 put","SPY","closed",10,3,0.09,0.04,-90,50,0.010183,0.555556,4910,"9.81339","0.020027","0.66666667","-0.55555556","2026-09-21 09:32:00","2026-09-18 12:24:00","2026-09-25 16:00:00","2026-09-18 09:45:34","2026-09-21 09:45:12","",760.92,766.86
"IC-SPX-FastPT25-S2","shortcallspread","-7,685 call, +7,690 call","SPX","expired",10,0,0.1,0,-100,100,0.020408,1,4900,"7.91363","0.016085","1","0","2026-09-18 11:15:00","2026-09-18 11:31:00","2026-09-18 16:00:00","2026-09-18 11:01:01","2026-09-18 16:08:22","call side",7628.88,7650.5
"IC-SPX-FastPT25-S2","shortputspread","-7,570 put, +7,565 put","SPX","expired",10,0,0.1,0,-100,100,0.020408,1,4900,"9.95787","0.020322","1","-0.5","2026-09-18 12:36:00","2026-09-18 12:24:00","2026-09-18 16:00:00","2026-09-18 11:01:00","2026-09-18 16:08:22","put side",7628.74,7650.5
"GF-QQQ-IC-Canary","shortcallspread","-719 call, +721 call","QQQ","closed",1,0,0.08,1.06,-8,-98,-0.510417,-12.25,192,"-0.68715","-0.003598","0.125","-10.5","2026-09-18 14:12:00","2026-09-18 15:49:00","2026-09-18 16:00:00","2026-09-18 13:36:12","2026-09-18 15:50:01","call side",717.24,720.06
"GF-QQQ-IC-PT50","shortcallspread","-719 call, +721 call","QQQ","closed",26,0,0.08,1.06,-208,-2548,-0.510417,-12.25,4992,"-0.68715","-0.003598","0.125","-10.5","2026-09-18 14:12:00","2026-09-18 15:49:00","2026-09-18 16:00:00","2026-09-18 13:36:12","2026-09-18 15:50:01","call side",717.24,720.06
"GF-QQQ-IC-Trail","shortputspread","-715 put, +713 put","QQQ","closed",26,0,0.07,0.01,-182,156,0.031088,0.857143,5018,"-0.35531","-0.001851","1","-0.14285714","2026-09-18 15:45:00","2026-09-18 13:31:11","2026-09-18 16:00:00","2026-09-18 13:31:12","2026-09-18 15:50:01","put side",716.92,720.06
"GF-QQQ-IC-SL200","shortputspread","-715 put, +713 put","QQQ","closed",26,0,0.07,0.01,-182,156,0.031088,0.857143,5018,"-0.35531","-0.001851","1","-0.14285714","2026-09-18 15:45:00","2026-09-18 13:31:11","2026-09-18 16:00:00","2026-09-18 13:31:12","2026-09-18 15:50:01","put side",716.92,720.06
"GF-QQQ-IC-SL100","shortputspread","-715 put, +713 put","QQQ","closed",26,0,0.07,0.01,-182,156,0.031088,0.857143,5018,"-0.35531","-0.001851","1","-0.14285714","2026-09-18 15:45:00","2026-09-18 13:31:11","2026-09-18 16:00:00","2026-09-18 13:31:12","2026-09-18 15:50:01","put side",716.92,720.06
"GF-QQQ-IC-Trail","shortcallspread","-719 call, +721 call","QQQ","closed",26,0,0.08,1.06,-208,-2548,-0.510417,-12.25,4992,"-0.68715","-0.003598","0.125","-10.5","2026-09-18 14:12:00","2026-09-18 15:49:00","2026-09-18 16:00:00","2026-09-18 13:36:12","2026-09-18 15:50:01","call side",717.24,720.06
"GF-QQQ-IC-Touch0","shortputspread","-715 put, +713 put","QQQ","closed",26,0,0.07,0.01,-182,156,0.031088,0.857143,5018,"-0.35531","-0.001851","1","-0.14285714","2026-09-18 15:45:00","2026-09-18 13:31:11","2026-09-18 16:00:00","2026-09-18 13:31:12","2026-09-18 15:50:01","put side",716.92,720.06
"GF-QQQ-IC-Ride","shortcallspread","-719 call, +721 call","QQQ","closed",26,0,0.08,1.06,-208,-2548,-0.510417,-12.25,4992,"-0.68715","-0.003598","0.125","-10.5","2026-09-18 14:12:00","2026-09-18 15:49:00","2026-09-18 16:00:00","2026-09-18 13:36:12","2026-09-18 15:50:01","call side",717.24,720.06
"GF-QQQ-IC-Ride","shortputspread","-715 put, +713 put","QQQ","closed",26,0,0.07,0.01,-182,156,0.031088,0.857143,5018,"-0.35531","-0.001851","1","-0.14285714","2026-09-18 15:45:00","2026-09-18 13:31:11","2026-09-18 16:00:00","2026-09-18 13:31:12","2026-09-18 15:50:01","put side",716.92,720.06
"IC-SPX-FastPT25-S2-130PM","shortputspread","-7,605 put, +7,600 put","SPX","closed",10,0,0.3,0.05,-300,250,0.053191,0.833333,4700,"13.82691","0.029419","1","-0.06666667","2026-09-18 14:30:00","2026-09-18 13:32:00","2026-09-18 16:00:00","2026-09-18 13:31:01","2026-09-18 14:54:01","put side",7623.79,7646.63
"IC-SPX-FastPT25-S2-130PM","shortcallspread","-7,645 call, +7,650 call","SPX","closed",10,0,0.2,2.45,-200,-2250,-0.46875,-11.25,4800,"7.1156","0.014732","0.25","-11.25","2026-09-18 13:32:00","2026-09-18 14:54:00","2026-09-18 16:00:00","2026-09-18 13:31:03","2026-09-18 14:54:00","call side",7623.71,7646.71
"GF-QQQ-IC-Touch0","shortcallspread","-719 call, +721 call","QQQ","closed",26,0,0.08,0.55,-208,-1222,-0.244792,-5.875,4992,"-0.68715","-0.003598","0.125","-5.75","2026-09-18 14:12:00","2026-09-18 14:53:00","2026-09-18 16:00:00","2026-09-18 13:36:12","2026-09-18 14:53:11","call side",717.24,719.13
"GF-QQQ-IC-PT50","shortputspread","-715 put, +713 put","QQQ","closed",26,0,0.07,0.03,-182,104,0.020725,0.571429,5018,"-0.35531","-0.001851","0.71428571","-0.14285714","2026-09-18 14:24:00","2026-09-18 13:31:11","2026-09-18 16:00:00","2026-09-18 13:31:12","2026-09-18 14:24:06","put side",716.92,717.92
"GF-QQQ-IC-Canary","shortputspread","-715 put, +713 put","QQQ","closed",1,0,0.07,0.06,-7,1,0.005181,0.142857,193,"-0.35531","-0.001851","0.28571429","-0.14285714","2026-09-18 13:42:00","2026-09-18 13:31:11","2026-09-18 16:00:00","2026-09-18 13:31:12","2026-09-18 13:42:06","put side",716.92,717.43
"3DTE $140-$350","ironcondor","+7,410 put, -7,420 put, -7,825 call, +7,840 call","SPX","closed",1,1,0.6,0.15,-60,45,0.03125,0.75,1440,"49.043329","0.033987","0.78333333","-0.08333333","2026-09-18 12:54:00","2026-09-17 10:06:00","2026-09-22 16:00:00","2026-09-17 10:00:11","2026-09-18 13:00:02","200,60percent",7622.59,7624.04
"Friday 14 DTE Broken Wing IB (B-70)","ironbutterfly","+7,495 put, -7,555 put, -7,555 call, +7,595 call","SPX","closed",1,0,40.9,37.65,-4090,325,0.170157,0.079462,1910,"138.50416","0.072515","0.0794621","-0.00366748","2026-09-18 11:31:00","2026-09-18 10:30:07","2026-10-02 16:00:00","2026-09-18 10:30:07","2026-09-18 11:31:01","14 dte",7623.53,7627.42
"Trendy-Paper-v1","shortputspread","-740 put, +730 put","SPY","closed",1,4,0.77,0.34,-77,43,0.046587,0.558442,923,"64.44616","0.069898","0.68831169","-1.44155844","2026-09-18 09:47:00","2026-09-16 15:26:00","2026-09-24 16:00:00","2026-09-14 13:15:13","2026-09-18 10:15:18",,762.19,759.25
"Nigiri-Paper-v1","shortputspread","-715 put, +710 put","SPY","closed",10,1,0.04,0.04,-40,0,0,0,4960,"4.5","0.009091","0.25","-0.75","2026-09-18 09:31:00","2026-09-17 09:41:00","2026-09-25 16:00:00","2026-09-17 09:31:27","2026-09-18 09:45:13","",762.85,760.96
"DIR-SPX-CallVIXdrop","longcallspread","+7,620 call, -7,635 call","SPX","closed",1,0,6.15,13.8,615,765,1.243902,1.243902,615,"-149.36653","-0.242872","1.3902439","-0.17886179","2026-09-17 15:45:00","2026-09-17 11:06:00","2026-09-17 16:00:00","2026-09-17 11:00:03","2026-09-17 15:50:01",,7619.8,7639.34
"3DTE $140-$350","ironcondor","+7,375 put, -7,385 put, -7,830 call, +7,840 call","SPX","closed",1,2,0.55,0.1,-55,45,0.047619,0.818182,945,"53.944042","0.057084","0.87272727","-1.27272727","2026-09-17 09:32:00","2026-09-16 15:26:00","2026-09-18 16:00:00","2026-09-15 10:00:13","2026-09-17 09:45:03","220,60percent",7606.18,7622.16
"Nigiri-Paper-v1","shortputspread","-726 put, +721 put","SPY","closed",10,6,0.08,0.02,-80,60,0.012195,0.75,4920,"8.97265","0.018274","0.875","-1.25","2026-09-17 09:31:00","2026-09-16 15:26:00","2026-09-18 16:00:00","2026-09-11 09:34:29","2026-09-17 09:31:06","",765.41,762.87
"GF-QQQ-IC-Ride","shortputspread","-699 put, +697 put","QQQ","closed",26,0,0.11,0.02,-286,234,0.047619,0.818182,4914,"11.8","0.062766","0.90909091","-3.54545455","2026-09-16 15:49:00","2026-09-16 15:27:00","2026-09-16 16:00:00","2026-09-16 13:31:12","2026-09-16 15:50:06","put side",709.67,704.15
"GF-QQQ-IC-Touch0","shortputspread","-699 put, +697 put","QQQ","closed",26,0,0.11,0.02,-286,234,0.047619,0.818182,4914,"11.8","0.062766","0.90909091","-3.54545455","2026-09-16 15:49:00","2026-09-16 15:27:00","2026-09-16 16:00:00","2026-09-16 13:31:12","2026-09-16 15:50:06","put side",709.67,704.15
"QQQ-IC-0DTE-Fortress-NoPT50","shortputspread","-704 put, +702 put","QQQ","closed",29,0,0.3,0.53,-870,-667,-0.135294,-0.766667,4930,"30.75012","0.181953","0.53333333","-4.26666667","2026-09-16 14:44:00","2026-09-16 15:26:00","2026-09-16 16:00:00","2026-09-16 13:31:01","2026-09-16 15:50:00","put side",709.67,704.1
"GF-QQQ-IC-Ride","shortcallspread","-718 call, +720 call","QQQ","closed",26,0,0.13,0.01,-338,312,0.064171,0.923077,4862,"13.8","0.074194","1","-0.30769231","2026-09-16 14:54:00","2026-09-16 13:59:00","2026-09-16 16:00:00","2026-09-16 13:31:13","2026-09-16 15:50:00","call side",709.66,704.1
"GF-QQQ-IC-SL100","shortcallspread","-717 call, +719 call","QQQ","closed",26,0,0.16,0.01,-416,390,0.081522,0.9375,4784,"16.8","0.091803","1","-0.4375","2026-09-16 14:55:00","2026-09-16 13:59:00","2026-09-16 16:00:00","2026-09-16 13:42:13","2026-09-16 15:50:00","call side",709.08,704.1
"QQQ-IC-0DTE-Fortress-NoPT50","shortcallspread","-715 call, +717 call","QQQ","closed",29,0,0.33,0.01,-957,928,0.191617,0.969697,4843,"33.71335","0.203092","1","-0.24242424","2026-09-16 15:06:00","2026-09-16 14:06:00","2026-09-16 16:00:00","2026-09-16 13:31:02","2026-09-16 15:50:00","call side",709.66,704.1
"GF-QQQ-IC-SL200","shortcallspread","-718 call, +720 call","QQQ","closed",26,0,0.13,0.01,-338,312,0.064171,0.923077,4862,"13.8","0.074194","1","-0.30769231","2026-09-16 14:54:00","2026-09-16 13:59:00","2026-09-16 16:00:00","2026-09-16 13:31:13","2026-09-16 15:50:00","call side",709.66,704.1
"GF-QQQ-IC-Touch0","shortcallspread","-718 call, +720 call","QQQ","closed",26,0,0.13,0.01,-338,312,0.064171,0.923077,4862,"13.8","0.074194","1","-0.30769231","2026-09-16 14:54:00","2026-09-16 13:59:00","2026-09-16 16:00:00","2026-09-16 13:31:13","2026-09-16 15:50:00","call side",709.66,704.1
"GF-QQQ-IC-SL200","shortputspread","-699 put, +697 put","QQQ","closed",26,0,0.11,0.37,-286,-676,-0.137566,-2.363636,4914,"11.8","0.062766","0.81818182","-2.27272727","2026-09-16 14:43:00","2026-09-16 15:14:00","2026-09-16 16:00:00","2026-09-16 13:31:12","2026-09-16 15:14:11","put side",709.67,701.65
"GF-QQQ-IC-SL100","shortputspread","-699 put, +697 put","QQQ","closed",26,0,0.11,0.24,-286,-338,-0.068783,-1.181818,4914,"11.8","0.062766","0.81818182","-1.09090909","2026-09-16 14:43:00","2026-09-16 15:11:00","2026-09-16 16:00:00","2026-09-16 13:31:12","2026-09-16 15:11:11","put side",709.67,702.72
"GF-QQQ-IC-PT50","shortputspread","-699 put, +697 put","QQQ","closed",26,0,0.11,0.04,-286,182,0.037037,0.636364,4914,"11.8","0.062766","0.72727273","-0.54545455","2026-09-16 14:44:00","2026-09-16 14:37:00","2026-09-16 16:00:00","2026-09-16 13:31:12","2026-09-16 14:44:06","put side",709.67,710.17
"DIR-SPX-CallVIXdrop","longcallspread","+7,615 call, -7,630 call","SPX","closed",1,0,7.25,3,725,-425,-0.586207,-0.586207,725,"-300.64642","-0.414685","0.14482759","-0.5862069","2026-09-16 11:48:00","2026-09-16 14:36:00","2026-09-16 16:00:00","2026-09-16 11:00:03","2026-09-16 14:36:00",,7613.64,7580.83
"GF-QQQ-IC-PT50","shortcallspread","-718 call, +720 call","QQQ","closed",26,0,0.13,0.06,-338,182,0.037433,0.538462,4862,"13.8","0.074194","0.61538462","-0.30769231","2026-09-16 14:28:00","2026-09-16 13:59:00","2026-09-16 16:00:00","2026-09-16 13:31:13","2026-09-16 14:28:06","call side",709.66,708.6
"GF-QQQ-IC-Trail","shortcallspread","-718 call, +720 call","QQQ","closed",26,0,0.13,0.1,-338,78,0.016043,0.230769,4862,"13.8","0.074194","0.46153846","-0.30769231","2026-09-16 14:17:00","2026-09-16 13:59:00","2026-09-16 16:00:00","2026-09-16 13:31:13","2026-09-16 14:24:11","call side",709.66,709.98
"GF-QQQ-IC-Trail","shortputspread","-699 put, +697 put","QQQ","closed",26,0,0.11,0.08,-286,78,0.015873,0.272727,4914,"11.8","0.062766","0.54545455","-0.45454545","2026-09-16 14:06:00","2026-09-16 13:41:00","2026-09-16 16:00:00","2026-09-16 13:31:12","2026-09-16 14:07:11","put side",709.67,710.72
"GF-QQQ-IC-Canary","shortputspread","-699 put, +697 put","QQQ","closed",1,0,0.11,0.06,-11,5,0.026455,0.454545,189,"11.8","0.062766","0.54545455","-0.45454545","2026-09-16 14:06:00","2026-09-16 13:41:00","2026-09-16 16:00:00","2026-09-16 13:31:12","2026-09-16 14:06:06","put side",709.67,711.14
"GF-QQQ-IC-Canary","shortcallspread","-718 call, +720 call","QQQ","closed",1,0,0.13,0.12,-13,1,0.005348,0.076923,187,"13.8","0.074194","0.15384615","-0.30769231","2026-09-16 14:01:00","2026-09-16 13:59:00","2026-09-16 16:00:00","2026-09-16 13:31:13","2026-09-16 14:01:00","call side",709.66,709.84
"IC-SPX-FastPT25-S2","shortcallspread","-7,635 call, +7,640 call","SPX","expired",10,0,0.1,0,-100,100,0.020408,1,4900,"9.77405","0.019947","1","0","2026-09-15 12:20:00","2026-09-15 11:01:01","2026-09-15 16:00:00","2026-09-15 11:01:01","2026-09-15 16:15:00","call side",7579.08,7585.73
"IC-SPX-FastPT25-S2-130PM","shortcallspread","-7,600 call, +7,605 call","SPX","expired",10,0,0.3,0,-300,300,0.06383,1,4700,"12.84292","0.027325","1","-1.5","2026-09-15 15:31:00","2026-09-15 14:14:00","2026-09-15 16:00:00","2026-09-15 13:31:01","2026-09-15 16:15:00","call side",7579.86,7585.73
"IC-SPX-FastPT25-S2","shortputspread","-7,520 put, +7,515 put","SPX","expired",10,0,0.15,0,-150,150,0.030928,1,4850,"12.89385","0.026476","1","0","2026-09-15 11:56:00","2026-09-15 11:03:00","2026-09-15 16:00:00","2026-09-15 11:01:00","2026-09-15 16:15:00","put side",7579.1,7585.73
"IC-SPX-FastPT25-S2-130PM","shortputspread","-7,555 put, +7,550 put","SPX","expired",10,0,0.2,0,-200,200,0.041667,1,4800,"13.41471","0.027947","1","-0.25","2026-09-15 15:01:00","2026-09-15 13:31:01","2026-09-15 16:00:00","2026-09-15 13:31:00","2026-09-15 16:15:00","put side",7580.03,7585.73
"GF-QQQ-IC-SL100","shortputspread","-702 put, +700 put","QQQ","closed",26,0,0.07,0.02,-182,130,0.025907,0.714286,5018,"2.58071","0.013441","0.85714286","-0.14285714","2026-09-15 15:00:00","2026-09-15 13:43:00","2026-09-15 16:00:00","2026-09-15 13:31:11","2026-09-15 15:50:05","put side",704.74,704.05
"GF-QQQ-IC-SL200","shortputspread","-702 put, +700 put","QQQ","closed",26,0,0.07,0.02,-182,130,0.025907,0.714286,5018,"2.58071","0.013441","0.85714286","-0.14285714","2026-09-15 15:00:00","2026-09-15 13:43:00","2026-09-15 16:00:00","2026-09-15 13:31:11","2026-09-15 15:50:05","put side",704.74,704.05
"GF-QQQ-IC-Touch0","shortputspread","-702 put, +700 put","QQQ","closed",26,0,0.07,0.02,-182,130,0.025907,0.714286,5018,"2.58071","0.013441","0.85714286","-0.14285714","2026-09-15 15:00:00","2026-09-15 13:43:00","2026-09-15 16:00:00","2026-09-15 13:31:11","2026-09-15 15:50:05","put side",704.74,704.05
"GF-QQQ-IC-Ride","shortputspread","-702 put, +700 put","QQQ","closed",26,0,0.07,0.02,-182,130,0.025907,0.714286,5018,"2.58071","0.013441","0.85714286","-0.14285714","2026-09-15 15:00:00","2026-09-15 13:43:00","2026-09-15 16:00:00","2026-09-15 13:31:11","2026-09-15 15:50:05","put side",704.74,704.05
"GF-QQQ-IC-Ride","shortcallspread","-707 call, +709 call","QQQ","closed",26,0,0.09,0.01,-234,208,0.041885,0.888889,4966,"0.1625","0.000855","1","-0.22222222","2026-09-15 15:46:00","2026-09-15 13:33:00","2026-09-15 16:00:00","2026-09-15 13:31:12","2026-09-15 15:50:00","call side",704.76,704.2
"GF-QQQ-IC-Touch0","shortcallspread","-707 call, +709 call","QQQ","closed",26,0,0.09,0.01,-234,208,0.041885,0.888889,4966,"0.1625","0.000855","1","-0.22222222","2026-09-15 15:46:00","2026-09-15 13:33:00","2026-09-15 16:00:00","2026-09-15 13:31:12","2026-09-15 15:50:00","call side",704.76,704.2
"GF-QQQ-IC-Trail","shortputspread","-702 put, +700 put","QQQ","closed",26,0,0.07,0.05,-182,52,0.010363,0.285714,5018,"2.58071","0.013441","0.71428571","-0.14285714","2026-09-15 14:08:00","2026-09-15 13:43:00","2026-09-15 16:00:00","2026-09-15 13:31:11","2026-09-15 14:49:11","put side",704.74,704.35
"GF-QQQ-IC-PT50","shortcallspread","-707 call, +709 call","QQQ","closed",26,0,0.09,0.04,-234,130,0.026178,0.555556,4966,"0.1625","0.000855","0.66666667","-0.22222222","2026-09-15 14:41:00","2026-09-15 13:33:00","2026-09-15 16:00:00","2026-09-15 13:31:12","2026-09-15 14:41:06","call side",704.76,704.66
"GF-QQQ-IC-PT50","shortputspread","-702 put, +700 put","QQQ","closed",26,0,0.07,0.03,-182,104,0.020725,0.571429,5018,"2.58071","0.013441","0.71428571","-0.14285714","2026-09-15 14:15:00","2026-09-15 13:43:00","2026-09-15 16:00:00","2026-09-15 13:31:11","2026-09-15 14:15:06","put side",704.74,705.43
"GF-QQQ-IC-Trail","shortcallspread","-707 call, +709 call","QQQ","closed",26,0,0.09,0.08,-234,26,0.005236,0.111111,4966,"0.1625","0.000855","0.44444444","-0.22222222","2026-09-15 13:49:00","2026-09-15 13:33:00","2026-09-15 16:00:00","2026-09-15 13:31:12","2026-09-15 13:55:11","call side",704.76,705.03
"GF-QQQ-IC-Canary","shortputspread","-702 put, +700 put","QQQ","closed",1,0,0.07,0.06,-7,1,0.005181,0.142857,193,"2.58071","0.013441","0.28571429","0","2026-09-15 13:45:00","2026-09-15 13:31:11","2026-09-15 16:00:00","2026-09-15 13:31:11","2026-09-15 13:45:06","put side",704.74,704.83
"GF-QQQ-IC-Canary","shortcallspread","-707 call, +709 call","QQQ","closed",1,0,0.09,0.08,-9,1,0.005236,0.111111,191,"0.1625","0.000855","0.22222222","-0.22222222","2026-09-15 13:40:00","2026-09-15 13:33:00","2026-09-15 16:00:00","2026-09-15 13:31:12","2026-09-15 13:40:06","call side",704.76,704.77
"IC-SPX-FastPT25-S2-130PM","shortcallspread","-7,665 call, +7,670 call","SPX","expired",10,0,0.25,0,-250,250,0.052632,1,4750,"16.42675","0.034583","1","0","2026-09-14 14:32:00","2026-09-14 13:31:02","2026-09-14 16:00:00","2026-09-14 13:31:02","2026-09-14 16:15:00","call side",7640.82,7619.98
"IC-SPX-FastPT25-S2-130PM","shortputspread","-7,615 put, +7,610 put","SPX","expired",10,0,0.2,0,-200,200,0.041667,1,4800,"13.90863","0.028976","1","-0.5","2026-09-14 15:49:00","2026-09-14 14:04:00","2026-09-14 16:00:00","2026-09-14 13:31:01","2026-09-14 16:15:00","put side",7640.78,7619.98
"3DTE $140-$350","ironcondor","+7,515 put, -7,525 put, -7,810 call, +7,820 call","SPX","expired",1,3,0.35,0,-35,35,0.036269,1,965,"-13.571948","-0.014064","1","-0.37142857","2026-09-14 11:10:00","2026-09-11 10:48:00","2026-09-14 16:00:00","2026-09-11 10:10:01","2026-09-14 16:15:00","140",7667.17,7619.98
"GF-QQQ-IC-SL100","shortputspread","-709 put, +707 put","QQQ","closed",26,0,0.07,0.02,-182,130,0.025907,0.714286,5018,"5.26826","0.027439","0.85714286","-0.14285714","2026-09-14 15:46:00","2026-09-14 13:31:11","2026-09-14 16:00:00","2026-09-14 13:31:12","2026-09-14 15:50:06","put side",712.39,710.72
"GF-QQQ-IC-Ride","shortputspread","-709 put, +707 put","QQQ","closed",26,0,0.07,0.02,-182,130,0.025907,0.714286,5018,"5.26826","0.027439","0.85714286","-0.14285714","2026-09-14 15:46:00","2026-09-14 13:31:11","2026-09-14 16:00:00","2026-09-14 13:31:12","2026-09-14 15:50:06","put side",712.39,710.72
"GF-QQQ-IC-SL200","shortputspread","-709 put, +707 put","QQQ","closed",26,0,0.07,0.02,-182,130,0.025907,0.714286,5018,"5.26826","0.027439","0.85714286","-0.14285714","2026-09-14 15:46:00","2026-09-14 13:31:11","2026-09-14 16:00:00","2026-09-14 13:31:12","2026-09-14 15:50:06","put side",712.39,710.72
"GF-QQQ-IC-Touch0","shortputspread","-709 put, +707 put","QQQ","closed",26,0,0.07,0.02,-182,130,0.025907,0.714286,5018,"5.26826","0.027439","0.85714286","-0.14285714","2026-09-14 15:46:00","2026-09-14 13:31:11","2026-09-14 16:00:00","2026-09-14 13:31:12","2026-09-14 15:50:06","put side",712.39,710.72
"GF-QQQ-IC-Touch0","shortcallspread","-715 call, +717 call","QQQ","closed",26,0,0.1,0.01,-260,234,0.047368,0.9,4940,"3.28342","0.017373","1","-0.1","2026-09-14 15:01:00","2026-09-14 13:31:12","2026-09-14 16:00:00","2026-09-14 13:31:13","2026-09-14 15:50:00","call side",712.46,710.94
"GF-QQQ-IC-Ride","shortcallspread","-715 call, +717 call","QQQ","closed",26,0,0.1,0.01,-260,234,0.047368,0.9,4940,"3.28342","0.017373","1","-0.1","2026-09-14 15:01:00","2026-09-14 13:31:12","2026-09-14 16:00:00","2026-09-14 13:31:13","2026-09-14 15:50:00","call side",712.46,710.94
"GF-QQQ-IC-PT50","shortputspread","-709 put, +707 put","QQQ","closed",26,0,0.07,0.03,-182,104,0.020725,0.571429,5018,"5.26826","0.027439","0.71428571","-0.14285714","2026-09-14 14:46:00","2026-09-14 13:31:11","2026-09-14 16:00:00","2026-09-14 13:31:12","2026-09-14 14:46:06","put side",712.39,712.17
"GF-QQQ-IC-Trail","shortputspread","-709 put, +707 put","QQQ","closed",26,0,0.07,0.07,-182,0,0,0,5018,"5.26826","0.027439","0.42857143","-0.14285714","2026-09-14 13:47:00","2026-09-14 13:31:11","2026-09-14 16:00:00","2026-09-14 13:31:12","2026-09-14 14:04:11","put side",712.39,712.25
"GF-QQQ-IC-PT50","shortcallspread","-715 call, +717 call","QQQ","closed",26,0,0.1,0.05,-260,130,0.026316,0.5,4940,"3.28342","0.017373","0.6","-0.1","2026-09-14 14:04:00","2026-09-14 13:31:12","2026-09-14 16:00:00","2026-09-14 13:31:13","2026-09-14 14:04:06","call side",712.46,712.24
"GF-QQQ-IC-Trail","shortcallspread","-715 call, +717 call","QQQ","closed",26,0,0.1,0.09,-260,26,0.005263,0.1,4940,"3.28342","0.017373","0.4","-0.1","2026-09-14 13:43:00","2026-09-14 13:31:12","2026-09-14 16:00:00","2026-09-14 13:31:13","2026-09-14 13:49:11","call side",712.46,712.65
"GF-QQQ-IC-Canary","shortputspread","-709 put, +707 put","QQQ","closed",1,0,0.07,0.06,-7,1,0.005181,0.142857,193,"5.26826","0.027439","0.28571429","-0.14285714","2026-09-14 13:43:00","2026-09-14 13:31:11","2026-09-14 16:00:00","2026-09-14 13:31:12","2026-09-14 13:43:06","put side",712.39,712.29
"GF-QQQ-IC-Canary","shortcallspread","-715 call, +717 call","QQQ","closed",1,0,0.1,0.09,-10,1,0.005263,0.1,190,"3.28342","0.017373","0.2","-0.1","2026-09-14 13:38:00","2026-09-14 13:31:12","2026-09-14 16:00:00","2026-09-14 13:31:13","2026-09-14 13:38:06","call side",712.46,712.32
"IC-SPX-FastPT25-S2","shortcallspread","-7,670 call, +7,675 call","SPX","closed",10,0,0.1,0.1,-100,0,0,0,4900,"7.84017","0.015935","0.5","0.2","2026-09-14 11:35:00","2026-09-14 11:33:01","2026-09-14 16:00:00","2026-09-14 11:33:01","2026-09-14 11:36:01","call side",7615.08,7620.18
"IC-SPX-FastPT25-S2","shortputspread","-7,550 put, +7,545 put","SPX","closed",10,0,0.1,0.15,-100,-50,-0.010204,-0.5,4900,"9.77104","0.019941","0","-0.5","2026-09-14 11:07:00","2026-09-14 11:06:00","2026-09-14 16:00:00","2026-09-14 11:06:00","2026-09-14 11:08:02","put side",7605.46,7605.58
"60min-ORB-10W-Paper-v1","shortcallspread","-7,625 call, +7,635 call","SPX","closed",1,0,1.05,0.55,-105,50,0.055866,0.47619,895,"57.75777","0.064534","0.47619048","-0.14285714","2026-09-14 11:05:00","2026-09-14 10:46:00","2026-09-14 16:00:00","2026-09-14 10:45:02","2026-09-14 11:05:00","test b",7599.33,7594.92
"DIR-SPX-CallVIXdrop","longcallspread","+7,655 call, -7,670 call","SPX","closed",1,0,6.1,6.55,610,45,0.073771,0.07377,610,"-114.02196","-0.186921","1.1147541","0","2026-09-11 13:25:00","2026-09-11 11:00:02","2026-09-11 16:00:00","2026-09-11 11:00:03","2026-09-11 15:50:01",,7654,7661.33
"Friday 14 DTE Broken Wing IB (B-70)","ironbutterfly","+7,540 put, -7,600 put, -7,600 call, +7,640 call","SPX","closed",1,0,41,38.85,-4100,215,0.113158,0.052439,1900,"37.56579","0.019771","0.05243902","-0.01707317","2026-09-11 14:20:00","2026-09-11 10:53:00","2026-09-25 16:00:00","2026-09-11 10:30:03","2026-09-11 14:20:01","14 dte",7671.17,7669.47
"Trendy-Paper-v1","shortputspread","-755 put, +745 put","SPY","closed",1,7,0.63,0.44,-63,19,0.020277,0.301587,937,"-34.26385","-0.036607","0.61904762","-2.52380952","2026-09-11 10:29:00","2026-09-10 10:00:00","2026-09-14 16:00:00","2026-09-04 11:00:13","2026-09-11 10:45:21",,769.45,763.93
"3DTE $140-$350","ironcondor","+7,445 put, -7,455 put, -7,860 call, +7,870 call","SPX","closed",1,2,0.5,0.15,-50,35,0.036842,0.7,950,"-9.647234","-0.010155","0.86","-1.26","2026-09-11 09:36:00","2026-09-10 10:11:00","2026-09-14 16:00:00","2026-09-09 10:00:05","2026-09-11 09:45:03","200,60percent",7655.93,7669.16
"Nigiri-Paper-v1","shortputspread","-748 put, +743 put","SPY","closed",10,7,0.09,0.02,-90,70,0.014257,0.777778,4910,"1.68057","0.00343","0.88888889","-4.22222222","2026-09-11 09:34:00","2026-09-10 10:00:00","2026-09-11 16:00:00","2026-09-04 09:45:24","2026-09-11 09:34:06","",772.17,765.38
"IC-SPX-FastPT25-S2","shortputspread","-7,550 put, +7,545 put","SPX","expired",10,0,0.15,0,-150,150,0.030928,1,4850,"13.91021","0.028681","1","-0.86666667","2026-09-10 14:01:00","2026-09-10 12:35:00","2026-09-10 16:00:00","2026-09-10 11:01:01","2026-09-10 16:15:00","put side",7604.91,7591.7
"IC-SPX-FastPT25-S2","shortcallspread","-7,655 call, +7,660 call","SPX","expired",10,0,0.1,0,-100,100,0.020408,1,4900,"8.97835","0.018323","1","-0.3","2026-09-10 12:02:00","2026-09-10 11:06:00","2026-09-10 16:00:00","2026-09-10 11:03:03","2026-09-10 16:15:00","call side",7599.48,7591.7
"IC-SPX-FastPT25-S2-130PM","shortcallspread","-7,620 call, +7,625 call","SPX","expired",10,0,0.35,0,-350,350,0.075269,1,4650,"14.98095","0.032217","1","-0.14285714","2026-09-10 15:04:00","2026-09-10 13:32:00","2026-09-10 16:00:00","2026-09-10 13:31:01","2026-09-10 16:15:00","call side",7597.45,7591.7
"IC-SPX-FastPT25-S2-130PM","shortputspread","-7,570 put, +7,565 put","SPX","expired",10,0,0.25,0,-250,250,0.052632,1,4750,"16.31002","0.034337","1","-1.2","2026-09-10 15:43:00","2026-09-10 14:34:00","2026-09-10 16:00:00","2026-09-10 13:31:00","2026-09-10 16:15:00","put side",7597.61,7591.7
"Friday 14 DTE Broken Wing IB (B-70)","ironbutterfly","+7,600 put, -7,660 put, -7,660 call, +7,700 call","SPX","closed",1,6,40.75,38.65,-4075,210,0.109091,0.051534,1925,"-92.64445","-0.048127","0.05153374","-0.1006135","2026-09-10 13:02:00","2026-09-10 09:33:00","2026-09-18 16:00:00","2026-09-04 10:30:08","2026-09-10 13:02:01","14 dte",7728.22,7604.69
"IC-SPX-FastPT25-S2-130PM","shortcallspread","-7,665 call, +7,670 call","SPX","expired",10,0,0.25,0,-250,250,0.052632,1,4750,"-10.93638","-0.023024","1","-0.4","2026-09-09 15:28:00","2026-09-09 13:56:00","2026-09-09 16:00:00","2026-09-09 13:31:02","2026-09-09 16:15:00","call side",7644.8,7636.36
"IC-SPX-FastPT25-S2-130PM","shortputspread","-7,620 put, +7,615 put","SPX","expired",10,0,0.25,0,-250,250,0.052632,1,4750,"3.01799","0.006314","1","-0.6","2026-09-09 14:53:00","2026-09-09 13:39:00","2026-09-09 16:00:00","2026-09-09 13:31:00","2026-09-09 16:15:00","put side",7644.97,7636.36
"GF-QQQ-IC-Ride","shortputspread","-713 put, +711 put","QQQ","closed",26,0,0.07,0.01,-182,156,0.031088,0.857143,5018,"-2.45484","-0.012786","1","-0.14285714","2026-09-09 15:45:00","2026-09-09 13:39:13","2026-09-09 16:00:00","2026-09-09 13:39:13","2026-09-09 15:50:00","put side",715.82,716.19
"GF-QQQ-IC-SL200","shortputspread","-713 put, +711 put","QQQ","closed",26,0,0.07,0.01,-182,156,0.031088,0.857143,5018,"-2.45484","-0.012786","1","-0.14285714","2026-09-09 15:45:00","2026-09-09 13:39:13","2026-09-09 16:00:00","2026-09-09 13:39:13","2026-09-09 15:50:00","put side",715.82,716.19
"GF-QQQ-IC-SL100","shortputspread","-713 put, +711 put","QQQ","closed",26,0,0.07,0.01,-182,156,0.031088,0.857143,5018,"-2.45484","-0.012786","1","-0.14285714","2026-09-09 15:45:00","2026-09-09 13:39:13","2026-09-09 16:00:00","2026-09-09 13:39:13","2026-09-09 15:50:00","put side",715.82,716.19
"GF-QQQ-IC-Touch0","shortputspread","-713 put, +711 put","QQQ","closed",26,0,0.07,0.01,-182,156,0.031088,0.857143,5018,"-2.45484","-0.012786","1","-0.14285714","2026-09-09 15:45:00","2026-09-09 13:39:13","2026-09-09 16:00:00","2026-09-09 13:39:13","2026-09-09 15:50:00","put side",715.82,716.19
"GF-QQQ-IC-Touch0","shortcallspread","-718 call, +720 call","QQQ","closed",26,0,0.07,0.01,-182,156,0.031088,0.857143,5018,"-9.68104","-0.050422","0.85714286","-2.57142857","2026-09-09 15:30:00","2026-09-09 13:56:00","2026-09-09 16:00:00","2026-09-09 13:40:13","2026-09-09 15:50:00","call side",715.83,716.19
"GF-QQQ-IC-Ride","shortcallspread","-718 call, +720 call","QQQ","closed",26,0,0.07,0.01,-182,156,0.031088,0.857143,5018,"-9.68104","-0.050422","0.85714286","-2.57142857","2026-09-09 15:30:00","2026-09-09 13:56:00","2026-09-09 16:00:00","2026-09-09 13:40:13","2026-09-09 15:50:00","call side",715.83,716.19
"GF-QQQ-IC-Trail","shortcallspread","-718 call, +720 call","QQQ","closed",26,0,0.07,0.05,-182,52,0.010363,0.285714,5018,"-9.68104","-0.050422","0.71428571","-2.57142857","2026-09-09 15:03:00","2026-09-09 13:56:00","2026-09-09 16:00:00","2026-09-09 13:40:13","2026-09-09 15:16:11","call side",715.83,716.44
"GF-QQQ-IC-Canary","shortcallspread","-718 call, +720 call","QQQ","closed",1,0,0.07,0.05,-7,2,0.010363,0.285714,193,"-9.68104","-0.050422","0.42857143","-2.57142857","2026-09-09 15:01:00","2026-09-09 13:56:00","2026-09-09 16:00:00","2026-09-09 13:40:13","2026-09-09 15:01:06","call side",715.83,716.21
"GF-QQQ-IC-PT50","shortputspread","-713 put, +711 put","QQQ","closed",26,0,0.07,0.03,-182,104,0.020725,0.571429,5018,"-2.45484","-0.012786","0.71428571","-0.14285714","2026-09-09 14:27:00","2026-09-09 13:39:13","2026-09-09 16:00:00","2026-09-09 13:39:13","2026-09-09 14:27:06","put side",715.82,716.48
"GF-QQQ-IC-Trail","shortputspread","-713 put, +711 put","QQQ","closed",26,0,0.07,0.06,-182,26,0.005181,0.142857,5018,"-2.45484","-0.012786","0.57142857","-0.14285714","2026-09-09 13:47:00","2026-09-09 13:39:13","2026-09-09 16:00:00","2026-09-09 13:39:13","2026-09-09 14:16:11","put side",715.82,715.96
"GF-QQQ-IC-Canary","shortputspread","-713 put, +711 put","QQQ","closed",1,0,0.07,0.04,-7,3,0.015544,0.428571,193,"-2.45484","-0.012786","0.57142857","-0.14285714","2026-09-09 13:47:00","2026-09-09 13:39:13","2026-09-09 16:00:00","2026-09-09 13:39:13","2026-09-09 13:47:06","put side",715.82,716.7
"60min-ORB-10W-Paper-v1","shortcallspread","-7,665 call, +7,675 call","SPX","closed",1,0,0.7,0.2,-70,50,0.053763,0.714286,930,"-0.30885","-0.000332","0.71428571","-0.14285714","2026-09-09 13:38:00","2026-09-09 13:16:00","2026-09-09 16:00:00","2026-09-09 13:15:03","2026-09-09 13:38:00","test b",7645.88,7641.55
"IC-SPX-FastPT25-S2","shortputspread","-7,600 put, +7,595 put","SPX","closed",10,0,0.1,0.2,-100,-100,-0.020408,-1,4900,"8.25928","0.016856","0","-1.5","2026-09-09 11:01:00","2026-09-09 11:03:00","2026-09-09 16:00:00","2026-09-09 11:01:00","2026-09-09 11:03:01","put side",7656.51,7643.86
"3DTE $140-$350","ironcondor","+7,435 put, -7,445 put, -7,850 call, +7,860 call","SPX","expired",2,6,0.45,0,-90,90,0.04712,1,1910,"-38.540909","-0.040357","1","-0.77777778","2026-09-04 10:27:00","2026-09-03 11:31:00","2026-09-08 16:00:00","2026-09-02 10:00:05","2026-09-08 16:15:00","200",7646.23,7673.52
"IC-SPX-FastPT25-S2-130PM","shortcallspread","-7,710 call, +7,715 call","SPX","expired",10,0,0.2,0,-200,200,0.041667,1,4800,"-22.07953","-0.045999","1","-0.5","2026-09-08 15:02:00","2026-09-08 13:38:00","2026-09-08 16:00:00","2026-09-08 13:31:02","2026-09-08 16:15:00","call side",7690.94,7673.52
"IC-SPX-FastPT25-S2-130PM","shortputspread","-7,670 put, +7,665 put","SPX","closed",10,0,0.2,2.05,-200,-1850,-0.385417,-9.25,4800,"-12.98576","-0.027054","0.75","-8.75","2026-09-08 14:12:00","2026-09-08 14:49:00","2026-09-08 16:00:00","2026-09-08 13:31:00","2026-09-08 15:59:00","put side",7691.01,7668.71
"GF-QQQ-IC-PT50","shortputspread","-718 put, +716 put","QQQ","closed",26,0,0.07,0.17,-182,-260,-0.051813,-1.428571,5018,"-12.05075","-0.062764","0.42857143","-4.85714286","2026-09-08 14:17:00","2026-09-08 14:49:00","2026-09-08 16:00:00","2026-09-08 13:44:11","2026-09-08 15:50:00","put side",720.02,718.62
"GF-QQQ-IC-Ride","shortputspread","-718 put, +716 put","QQQ","closed",26,0,0.07,0.17,-182,-260,-0.051813,-1.428571,5018,"-12.05075","-0.062764","0.42857143","-4.85714286","2026-09-08 14:17:00","2026-09-08 14:49:00","2026-09-08 16:00:00","2026-09-08 13:44:11","2026-09-08 15:50:00","put side",720.02,718.62
"GF-QQQ-IC-Touch0","shortputspread","-718 put, +716 put","QQQ","closed",26,0,0.07,0.17,-182,-260,-0.051813,-1.428571,5018,"-12.05075","-0.062764","0.42857143","-4.85714286","2026-09-08 14:17:00","2026-09-08 14:49:00","2026-09-08 16:00:00","2026-09-08 13:44:11","2026-09-08 15:50:00","put side",720.02,718.62
"GF-QQQ-IC-SL200","shortputspread","-718 put, +716 put","QQQ","closed",26,0,0.07,0.42,-182,-910,-0.181347,-5,5018,"-12.05075","-0.062764","0.42857143","-4.85714286","2026-09-08 14:17:00","2026-09-08 14:49:00","2026-09-08 16:00:00","2026-09-08 13:44:11","2026-09-08 14:49:22","put side",720.02,718.56
"GF-QQQ-IC-SL100","shortputspread","-718 put, +716 put","QQQ","closed",26,0,0.07,0.42,-182,-910,-0.181347,-5,5018,"-12.05075","-0.062764","0.42857143","-4.85714286","2026-09-08 14:17:00","2026-09-08 14:49:00","2026-09-08 16:00:00","2026-09-08 13:44:11","2026-09-08 14:49:22","put side",720.02,718.56
"GF-QQQ-IC-Trail","shortputspread","-718 put, +716 put","QQQ","closed",26,0,0.07,0.07,-182,0,0,0,5018,"-12.05075","-0.062764","0.42857143","-0.57142857","2026-09-08 14:17:00","2026-09-08 13:45:00","2026-09-08 16:00:00","2026-09-08 13:44:11","2026-09-08 14:23:11","put side",720.02,719.83
"GF-QQQ-IC-Canary","shortputspread","-718 put, +716 put","QQQ","closed",1,0,0.07,0.06,-7,1,0.005181,0.142857,193,"-12.05075","-0.062764","0.28571429","-0.57142857","2026-09-08 14:12:00","2026-09-08 13:45:00","2026-09-08 16:00:00","2026-09-08 13:44:11","2026-09-08 14:12:06","put side",720.02,720.1
"IC-SPX-FastPT25-S2","shortputspread","-7,635 put, +7,630 put","SPX","closed",10,0,0.1,0.05,-100,50,0.010204,0.5,4900,"8.33413","0.017008","0.5","0","2026-09-08 11:08:00","2026-09-08 11:07:00","2026-09-08 16:00:00","2026-09-08 11:07:01","2026-09-08 11:09:01","put side",7691.49,7692
"IC-SPX-FastPT25-S2-130PM","shortputspread","-7,690 put, +7,685 put","SPX","expired",10,0,0.35,0,-350,350,0.075269,1,4650,"4.90394","0.010501","1","-0.28571429","2026-09-04 14:53:00","2026-09-04 13:46:00","2026-09-04 16:00:00","2026-09-04 13:31:00","2026-09-04 16:15:00","put side",7711.72,7718.6
"IC-SPX-FastPT25-S2-130PM","shortcallspread","-7,730 call, +7,735 call","SPX","expired",10,0,0.25,0,-250,250,0.052632,1,4750,"-18.54975","-0.039052","1","-0.28","2026-09-04 15:24:00","2026-09-04 13:36:00","2026-09-04 16:00:00","2026-09-04 13:31:01","2026-09-04 16:15:00","call side",7711.71,7718.6
"GF-QQQ-IC-SL200","shortputspread","-715 put, +713 put","QQQ","closed",26,0,0.1,0.01,-260,234,0.047368,0.9,4940,"-7.02101","-0.037148","1","-0.9","2026-09-04 15:28:00","2026-09-04 13:46:00","2026-09-04 16:00:00","2026-09-04 13:31:11","2026-09-04 15:50:01","put side",717.28,718.91
"GF-QQQ-IC-Ride","shortputspread","-715 put, +713 put","QQQ","closed",26,0,0.1,0.01,-260,234,0.047368,0.9,4940,"-7.02101","-0.037148","1","-0.9","2026-09-04 15:28:00","2026-09-04 13:46:00","2026-09-04 16:00:00","2026-09-04 13:31:11","2026-09-04 15:50:01","put side",717.28,718.91
"GF-QQQ-IC-SL100","shortputspread","-715 put, +713 put","QQQ","closed",26,0,0.1,0.01,-260,234,0.047368,0.9,4940,"-7.02101","-0.037148","1","-0.9","2026-09-04 15:28:00","2026-09-04 13:46:00","2026-09-04 16:00:00","2026-09-04 13:31:11","2026-09-04 15:50:01","put side",717.28,718.91
"GF-QQQ-IC-Trail","shortputspread","-715 put, +713 put","QQQ","closed",26,0,0.1,0.01,-260,234,0.047368,0.9,4940,"-7.02101","-0.037148","1","-0.9","2026-09-04 15:28:00","2026-09-04 13:46:00","2026-09-04 16:00:00","2026-09-04 13:31:11","2026-09-04 15:50:01","put side",717.28,718.91
"GF-QQQ-IC-Touch0","shortputspread","-715 put, +713 put","QQQ","closed",26,0,0.1,0.01,-260,234,0.047368,0.9,4940,"-7.02101","-0.037148","1","-0.9","2026-09-04 15:28:00","2026-09-04 13:46:00","2026-09-04 16:00:00","2026-09-04 13:31:11","2026-09-04 15:50:01","put side",717.28,718.91
"GF-QQQ-IC-PT50","shortputspread","-715 put, +713 put","QQQ","closed",26,0,0.1,0.04,-260,156,0.031579,0.6,4940,"-7.02101","-0.037148","0.7","-0.9","2026-09-04 14:22:00","2026-09-04 13:46:00","2026-09-04 16:00:00","2026-09-04 13:31:11","2026-09-04 14:22:06","put side",717.28,717.62
"GF-QQQ-IC-Canary","shortputspread","-715 put, +713 put","QQQ","closed",1,0,0.1,0.09,-10,1,0.005263,0.1,190,"-7.02101","-0.037148","0.2","-0.9","2026-09-04 13:59:00","2026-09-04 13:46:00","2026-09-04 16:00:00","2026-09-04 13:31:11","2026-09-04 13:59:06","put side",717.28,717.21
"IC-SPX-FastPT25-S2","shortputspread","-7,655 put, +7,650 put","SPX","closed",10,0,0.15,0.15,-150,0,0,0,4850,"13.29622","0.027415","0","0","2026-09-04 11:01:01","2026-09-04 11:01:01","2026-09-04 16:00:00","2026-09-04 11:01:01","2026-09-04 11:04:01","put side",7710.71,7709.03
"Trendy-Paper-v1","shortputspread","-750 put, +740 put","SPY","closed",1,1,0.57,0.33,-57,24,0.025451,0.421053,943,"-4.20484","-0.004459","0.57894737","-0.07017544","2026-09-04 09:56:00","2026-09-03 10:35:00","2026-09-14 16:00:00","2026-09-03 10:30:02","2026-09-04 10:45:17",,768.67,770.42
"Nigiri-Paper-v1","shortputspread","-740 put, +735 put","SPY","closed",10,1,0.09,0.05,-90,40,0.008147,0.444444,4910,"6.1993","0.012652","0.55555556","-0.33333333","2026-09-03 14:38:00","2026-09-03 10:35:00","2026-09-11 16:00:00","2026-09-03 10:30:30","2026-09-04 09:45:13","",768.82,772.17
"DIR-SPX-CallVIXdrop","longcallspread","+7,710 call, -7,725 call","SPX","closed",1,0,5.65,9.9,565,425,0.752212,0.752212,565,"-42.06805","-0.074854","1.69026549","0.00884956","2026-09-03 15:33:00","2026-09-03 11:00:01","2026-09-03 16:00:00","2026-09-03 11:00:01","2026-09-03 15:50:00",,7709.04,7749.02
"Friday 14 DTE Broken Wing IB (B-70)","ironbutterfly","+7,600 put, -7,660 put, -7,660 call, +7,700 call","SPX","closed",1,6,40.05,38.95,-4005,110,0.055138,0.027466,1995,"-168.14293","-0.084282","0.02746567","-0.07865169","2026-09-03 12:16:00","2026-09-01 14:46:00","2026-09-11 16:00:00","2026-08-28 10:30:03","2026-09-03 12:16:00","14 dte",7730.4,7743.85
"IC-SPX-FastPT25-S2","shortputspread","-7,655 put, +7,650 put","SPX","closed",10,0,0.1,0.05,-100,50,0.010204,0.5,4900,"8.73009","0.017817","0.5","0","2026-09-03 11:03:00","2026-09-03 11:01:01","2026-09-03 16:00:00","2026-09-03 11:01:00","2026-09-03 11:03:02","put side",7711.17,7714.19
"Nigiri-Paper-v1","shortputspread","-749 put, +744 put","SPY","closed",10,1,0.07,0.03,-70,40,0.008114,0.571429,4930,"5.85624","0.011903","0.85714286","-0.42857143","2026-09-03 09:31:00","2026-09-02 13:42:00","2026-09-04 16:00:00","2026-09-02 13:00:24","2026-09-03 10:30:12","",764.98,768.63
"Trendy-Paper-v1","shortputspread","-755 put, +745 put","SPY","closed",1,7,0.67,0.31,-67,36,0.038585,0.537313,933,"-35.27921","-0.037813","0.65671642","-1.8358209","2026-09-03 10:00:00","2026-09-01 14:46:00","2026-09-08 16:00:00","2026-08-27 12:45:03","2026-09-03 10:15:14",,771.75,768.43
"IC-SPX-FastPT25-S2-130PM","shortcallspread","-7,685 call, +7,690 call","SPX","expired",10,0,0.2,0,-200,200,0.041667,1,4800,"-14.73573","-0.030509","1","-2.5","2026-09-02 15:43:00","2026-09-02 14:19:00","2026-09-02 16:00:00","2026-09-02 13:31:01","2026-09-02 16:15:00","call side",7663.77,7666.6
"IC-SPX-FastPT25-S2-130PM","shortputspread","-7,640 put, +7,635 put","SPX","expired",10,0,0.25,0,-250,250,0.052632,1,4750,"2.84665","0.005993","1","-0.4","2026-09-02 15:10:00","2026-09-02 13:35:00","2026-09-02 16:00:00","2026-09-02 13:31:00","2026-09-02 16:15:00","put side",7663.89,7666.6
"GF-QQQ-IC-SL100","shortcallspread","-711 call, +713 call","QQQ","closed",1,0,0.12,0.13,-12,-1,-0.005319,-0.083333,188,"-2.67672","-0.014314","0.5","-0.58333333","2026-09-02 13:42:00","2026-09-02 14:19:00","2026-09-02 16:00:00","2026-09-02 13:31:12","2026-09-02 15:50:06","call side",708.39,709.17
"GF-QQQ-IC-Touch0","shortcallspread","-711 call, +713 call","QQQ","closed",1,0,0.12,0.13,-12,-1,-0.005319,-0.083333,188,"-2.67672","-0.014314","0.5","-0.58333333","2026-09-02 13:42:00","2026-09-02 14:19:00","2026-09-02 16:00:00","2026-09-02 13:31:12","2026-09-02 15:50:06","call side",708.39,709.17
"GF-QQQ-IC-Ride","shortcallspread","-711 call, +713 call","QQQ","closed",1,0,0.12,0.13,-12,-1,-0.005319,-0.083333,188,"-2.67672","-0.014314","0.5","-0.58333333","2026-09-02 13:42:00","2026-09-02 14:19:00","2026-09-02 16:00:00","2026-09-02 13:31:12","2026-09-02 15:50:06","call side",708.39,709.17
"GF-QQQ-IC-SL200","shortcallspread","-711 call, +713 call","QQQ","closed",1,0,0.12,0.13,-12,-1,-0.005319,-0.083333,188,"-2.67672","-0.014314","0.5","-0.58333333","2026-09-02 13:42:00","2026-09-02 14:19:00","2026-09-02 16:00:00","2026-09-02 13:31:12","2026-09-02 15:50:06","call side",708.39,709.17
"GF-QQQ-IC-PT50","shortcallspread","-711 call, +713 call","QQQ","closed",1,0,0.12,0.13,-12,-1,-0.005319,-0.083333,188,"-2.67672","-0.014314","0.5","-0.58333333","2026-09-02 13:42:00","2026-09-02 14:19:00","2026-09-02 16:00:00","2026-09-02 13:31:12","2026-09-02 15:50:06","call side",708.39,709.17
"GF-QQQ-IC-Ride","shortputspread","-704 put, +702 put","QQQ","closed",1,0,0.07,0.01,-7,6,0.031088,0.857143,193,"4.71108","0.024537","1","-0.42857143","2026-09-02 15:46:00","2026-09-02 13:37:00","2026-09-02 16:00:00","2026-09-02 13:31:11","2026-09-02 15:50:00","put side",708.38,709.12
"GF-QQQ-IC-Touch0","shortputspread","-704 put, +702 put","QQQ","closed",1,0,0.07,0.01,-7,6,0.031088,0.857143,193,"4.71108","0.024537","1","-0.42857143","2026-09-02 15:46:00","2026-09-02 13:37:00","2026-09-02 16:00:00","2026-09-02 13:31:11","2026-09-02 15:50:00","put side",708.38,709.12
"GF-QQQ-IC-SL100","shortputspread","-704 put, +702 put","QQQ","closed",1,0,0.07,0.01,-7,6,0.031088,0.857143,193,"4.71108","0.024537","1","-0.42857143","2026-09-02 15:46:00","2026-09-02 13:37:00","2026-09-02 16:00:00","2026-09-02 13:31:11","2026-09-02 15:50:00","put side",708.38,709.12
"GF-QQQ-IC-SL200","shortputspread","-704 put, +702 put","QQQ","closed",1,0,0.07,0.01,-7,6,0.031088,0.857143,193,"4.71108","0.024537","1","-0.42857143","2026-09-02 15:46:00","2026-09-02 13:37:00","2026-09-02 16:00:00","2026-09-02 13:31:11","2026-09-02 15:50:00","put side",708.38,709.12
"GF-QQQ-IC-PT50","shortputspread","-704 put, +702 put","QQQ","closed",1,0,0.07,0.03,-7,4,0.020725,0.571429,193,"4.71108","0.024537","0.71428571","-0.42857143","2026-09-02 15:16:00","2026-09-02 13:37:00","2026-09-02 16:00:00","2026-09-02 13:31:11","2026-09-02 15:16:06","put side",708.38,708.52
"GF-QQQ-IC-Trail","shortputspread","-704 put, +702 put","QQQ","closed",1,0,0.07,0.09,-7,-2,-0.010363,-0.285714,193,"4.71108","0.024537","0.42857143","-0.42857143","2026-09-02 14:00:00","2026-09-02 13:37:00","2026-09-02 16:00:00","2026-09-02 13:31:11","2026-09-02 14:01:11","put side",708.38,708.06
"GF-QQQ-IC-Canary","shortputspread","-704 put, +702 put","QQQ","closed",1,0,0.07,0.06,-7,1,0.005181,0.142857,193,"4.71108","0.024537","0.28571429","-0.42857143","2026-09-02 13:46:00","2026-09-02 13:37:00","2026-09-02 16:00:00","2026-09-02 13:31:11","2026-09-02 13:46:06","put side",708.38,708.73
"GF-QQQ-IC-Trail","shortcallspread","-711 call, +713 call","QQQ","closed",1,0,0.12,0.09,-12,3,0.015957,0.25,188,"-2.67672","-0.014314","0.5","-0.08333333","2026-09-02 13:42:00","2026-09-02 13:31:12","2026-09-02 16:00:00","2026-09-02 13:31:12","2026-09-02 13:43:11","call side",708.39,708.12
"GF-QQQ-IC-Canary","shortcallspread","-711 call, +713 call","QQQ","closed",1,0,0.12,0.11,-12,1,0.005319,0.083333,188,"-2.67672","-0.014314","0.16666667","-0.08333333","2026-09-02 13:33:00","2026-09-02 13:31:12","2026-09-02 16:00:00","2026-09-02 13:31:12","2026-09-02 13:33:06","call side",708.39,708.13
"DIR-SPX-CallVIXdrop","longcallspread","+7,670 call, -7,685 call","SPX","closed",1,0,6.1,3,610,-310,-0.508197,-0.508197,610,"-57.63712","-0.094487","0.45901639","-0.51311475","2026-09-02 11:30:00","2026-09-02 13:18:00","2026-09-02 16:00:00","2026-09-02 11:00:01","2026-09-02 13:18:00",,7669.97,7663.46
"Nigiri-Paper-v1","shortputspread","-746 put, +741 put","SPY","closed",10,5,0.1,0.05,-100,50,0.010204,0.5,4900,"5.41176","0.011067","0.9","-2.6","2026-08-28 10:00:00","2026-09-01 14:46:00","2026-09-04 16:00:00","2026-08-28 09:45:25","2026-09-02 13:00:12","",772.63,764.99
"IC-SPX-FastPT25-S2","shortputspread","-7,610 put, +7,605 put","SPX","closed",10,0,0.1,0.1,-100,0,0,0,4900,"8.82405","0.018008","0","0","2026-09-02 11:01:00","2026-09-02 11:01:00","2026-09-02 16:00:00","2026-09-02 11:01:00","2026-09-02 11:03:02","put side",7669.33,7670.27
"IC-SPX-FastPT25-S2-130PM","shortcallspread","-7,655 call, +7,660 call","SPX","expired",10,0,0.4,0,-400,400,0.086957,1,4600,"3.21856","0.006952","1","-0.25","2026-09-01 14:47:00","2026-09-01 13:36:00","2026-09-01 16:00:00","2026-09-01 13:31:02","2026-09-01 16:15:00","call side",7634.76,7631.47
"IC-SPX-FastPT25-S2-130PM","shortputspread","-7,605 put, +7,600 put","SPX","expired",10,0,0.25,0,-250,250,0.052632,1,4750,"14.64696","0.030706","1","-4.6","2026-09-01 15:48:00","2026-09-01 14:46:00","2026-09-01 16:00:00","2026-09-01 13:31:01","2026-09-01 16:15:00","put side",7634.76,7631.47
"3DTE $140-$350","ironcondor","+7,505 put, -7,515 put, -7,900 call, +7,910 call","SPX","expired",1,5,0.35,0,-35,35,0.036269,1,965,"-44.927049","-0.046557","1","-0.14285714","2026-08-31 13:00:00","2026-08-27 10:17:00","2026-09-01 16:00:00","2026-08-27 10:15:07","2026-09-01 16:15:00","190",7705.79,7631.47
"60min-ORB-10W-Paper-v1","shortputspread","-7,625 put, +7,615 put","SPX","closed",1,0,0.75,0.25,-75,50,0.054054,0.666667,925,"3.1203","0.003373","0.66666667","-0.82666667","2026-09-01 11:48:00","2026-09-01 11:08:00","2026-09-01 16:00:00","2026-09-01 11:00:03","2026-09-01 11:48:00","test a",7651.67,7662.18
"IC-SPX-FastPT25-S2","shortputspread","-7,595 put, +7,590 put","SPX","closed",10,0,0.1,0.1,-100,0,0,0,4900,"8.55203","0.017453","0","0","2026-09-01 11:01:01","2026-09-01 11:01:01","2026-09-01 16:00:00","2026-09-01 11:01:01","2026-09-01 11:03:02","put side",7651.68,7650.33
"QQQ long call","longcallspread","+727 call, -839 call","QQQ","closed",1,63,32.78,9.07,3278,-2371,-0.723307,-0.723307,3278,"-93.14535","-0.028424","0.22483221","-0.76174497","2026-06-30 12:21:00","2026-08-24 10:13:00","2026-09-30 16:00:00","2026-06-29 12:30:13","2026-08-31 18:10:06","",719.83,716.76
"QQQ long call","longcallspread","+745 call, -870 call","QQQ","closed",1,70,34.88,3.24,3488,-3164,-0.90711,-0.90711,3488,"-151.13442","-0.04333","0.0100344","-0.92259174","2026-06-22 15:59:00","2026-08-31 12:09:00","2026-09-30 16:00:00","2026-06-22 14:15:08","2026-08-31 18:09:14","",737.6,716.76
"QQQ long call","longcallspread","+745 call, -865 call","QQQ","closed",1,77,32.99,1.41,3299,-3158,-0.95726,-0.95726,3299,"-156.32397","-0.0474","0.09942407","-0.96605032","2026-06-22 10:09:00","2026-08-31 12:05:00","2026-09-18 16:00:00","2026-06-15 09:45:04","2026-08-31 18:08:27","",739.71,716.76
"IC-SPX-FastPT25-S2-130PM","shortcallspread","-7,695 call, +7,700 call","SPX","expired",10,0,0.15,0,-150,150,0.030928,1,4850,"-4.75801","-0.00981","0.33333333","-7.8","2026-08-31 14:42:00","2026-08-31 15:53:00","2026-08-31 16:00:00","2026-08-31 13:31:02","2026-08-31 16:15:00","call side",7670.32,7686.14
"QQQ long call","longcallspread","+743 call, -850 call","QQQ","expired",1,91,29.71,0,2971,-2971,-1,-1,2971,"-892.28348","-0.300331","0.19286436","-1","2026-06-03 09:33:00","2026-08-28 11:54:00","2026-08-31 16:00:00","2026-06-01 10:15:06","2026-08-31 16:15:00","",737.64,716.77
"IC-SPX-FastPT25-S2","shortcallspread","-7,735 call, +7,740 call","SPX","expired",10,0,0.1,0,-100,100,0.020408,1,4900,"8.11569","0.016563","1","0","2026-08-31 11:17:00","2026-08-31 11:02:03","2026-08-31 16:00:00","2026-08-31 11:02:03","2026-08-31 16:15:00","call side",7678.96,7686.14
"IC-SPX-FastPT25-S2-130PM","shortputspread","-7,650 put, +7,645 put","SPX","expired",10,0,0.45,0,-450,450,0.098901,1,4550,"8.31829","0.018202","1","0.04444444","2026-08-31 15:11:00","2026-08-31 13:31:01","2026-08-31 16:00:00","2026-08-31 13:31:01","2026-08-31 16:15:00","put side",7670.34,7686.14
"IC-SPX-FastPT25-S2","shortputspread","-7,625 put, +7,620 put","SPX","expired",10,0,0.1,0,-100,100,0.020408,1,4900,"8.00386","0.016334","1","-0.5","2026-08-31 13:13:00","2026-08-31 11:03:00","2026-08-31 16:00:00","2026-08-31 11:01:01","2026-08-31 16:15:00","put side",7680.29,7686.14
"GF-QQQ-IC-SL200","shortputspread","-712 put, +710 put","QQQ","closed",1,0,0.07,0.01,-7,6,0.031088,0.857143,193,"-8.89307","-0.046318","1","-0.85714286","2026-08-31 15:36:00","2026-08-31 14:44:00","2026-08-31 16:00:00","2026-08-31 13:39:12","2026-08-31 15:50:01","put side",714.42,716
"GF-QQQ-IC-Ride-Delta","shortputspread","-712 put, +710 put","QQQ","closed",1,0,0.07,0.01,-7,6,0.031088,0.857143,193,"-8.89307","-0.046318","1","-0.85714286","2026-08-31 15:36:00","2026-08-31 14:44:00","2026-08-31 16:00:00","2026-08-31 13:39:14","2026-08-31 15:50:01","put side",714.43,716
"GF-QQQ-IC-Ride","shortcallspread","-717 call, +719 call","QQQ","closed",1,0,0.09,0.09,-9,0,0,0,191,"-13.12117","-0.069059","0.77777778","-1.22222222","2026-08-31 14:56:00","2026-08-31 13:52:00","2026-08-31 16:00:00","2026-08-31 13:42:12","2026-08-31 15:50:01","call side",715.05,716
"GF-QQQ-IC-Ride","shortputspread","-712 put, +710 put","QQQ","closed",1,0,0.07,0.01,-7,6,0.031088,0.857143,193,"-8.89307","-0.046318","1","-0.85714286","2026-08-31 15:36:00","2026-08-31 14:44:00","2026-08-31 16:00:00","2026-08-31 13:39:12","2026-08-31 15:50:01","put side",714.42,716
"GF-QQQ-IC-Ride-Delta","shortputspread","-712 put, +710 put","QQQ","closed",1,0,0.07,0.01,-7,6,0.031088,0.857143,193,"-8.89307","-0.046318","1","-0.85714286","2026-08-31 15:36:00","2026-08-31 14:44:00","2026-08-31 16:00:00","2026-08-31 13:39:12","2026-08-31 15:50:01","put side",714.42,716
"GF-QQQ-IC-SL100","shortputspread","-712 put, +710 put","QQQ","closed",1,0,0.07,0.01,-7,6,0.031088,0.857143,193,"-8.89307","-0.046318","1","-0.85714286","2026-08-31 15:36:00","2026-08-31 14:44:00","2026-08-31 16:00:00","2026-08-31 13:39:12","2026-08-31 15:50:01","put side",714.42,716
"GF-QQQ-IC-Touch0","shortputspread","-712 put, +710 put","QQQ","closed",1,0,0.07,0.01,-7,6,0.031088,0.857143,193,"-8.89307","-0.046318","1","-0.85714286","2026-08-31 15:36:00","2026-08-31 14:44:00","2026-08-31 16:00:00","2026-08-31 13:39:12","2026-08-31 15:50:01","put side",714.42,716
"GF-QQQ-IC-SL200","shortcallspread","-717 call, +719 call","QQQ","closed",1,0,0.09,0.09,-9,0,0,0,191,"-13.12117","-0.069059","0.77777778","-1.22222222","2026-08-31 14:56:00","2026-08-31 13:52:00","2026-08-31 16:00:00","2026-08-31 13:42:12","2026-08-31 15:50:01","call side",715.05,716
"GF-QQQ-IC-Touch0","shortcallspread","-717 call, +719 call","QQQ","closed",1,0,0.09,0.09,-9,0,0,0,191,"-13.12117","-0.069059","0.77777778","-1.22222222","2026-08-31 14:56:00","2026-08-31 13:52:00","2026-08-31 16:00:00","2026-08-31 13:42:12","2026-08-31 15:50:01","call side",715.05,716
"GF-QQQ-IC-Trail","shortcallspread","-717 call, +719 call","QQQ","closed",1,0,0.09,0.05,-9,4,0.020942,0.444444,191,"-13.12117","-0.069059","0.77777778","-1.22222222","2026-08-31 14:56:00","2026-08-31 13:52:00","2026-08-31 16:00:00","2026-08-31 13:42:12","2026-08-31 15:01:11","call side",715.05,714.71
"GF-QQQ-IC-PT50","shortcallspread","-717 call, +719 call","QQQ","closed",1,0,0.09,0.04,-9,5,0.026178,0.555556,191,"-13.12117","-0.069059","0.66666667","-1.22222222","2026-08-31 14:39:00","2026-08-31 13:52:00","2026-08-31 16:00:00","2026-08-31 13:42:12","2026-08-31 14:39:06","call side",715.05,714.21
"GF-QQQ-IC-Canary","shortcallspread","-717 call, +719 call","QQQ","closed",1,0,0.09,0.06,-9,3,0.015707,0.333333,191,"-13.12117","-0.069059","0.44444444","-1.22222222","2026-08-31 14:35:00","2026-08-31 13:52:00","2026-08-31 16:00:00","2026-08-31 13:42:12","2026-08-31 14:35:06","call side",715.05,714.79
"GF-QQQ-IC-PT50","shortputspread","-712 put, +710 put","QQQ","closed",1,0,0.07,0.03,-7,4,0.020725,0.571429,193,"-8.89307","-0.046318","0.71428571","-0.14285714","2026-08-31 14:25:00","2026-08-31 13:39:12","2026-08-31 16:00:00","2026-08-31 13:39:12","2026-08-31 14:25:06","put side",714.42,715.53
"GF-QQQ-IC-Trail","shortputspread","-712 put, +710 put","QQQ","closed",1,0,0.07,0.06,-7,1,0.005181,0.142857,193,"-8.89307","-0.046318","0.57142857","-0.14285714","2026-08-31 13:51:00","2026-08-31 13:39:12","2026-08-31 16:00:00","2026-08-31 13:39:12","2026-08-31 14:01:11","put side",714.42,714.98
"GF-QQQ-IC-SL100","shortcallspread","-717 call, +719 call","QQQ","closed",1,0,0.09,0.2,-9,-11,-0.057592,-1.222222,191,"-13.12117","-0.069059","0","-1.11111111","2026-08-31 13:43:00","2026-08-31 13:51:00","2026-08-31 16:00:00","2026-08-31 13:42:12","2026-08-31 13:51:11","call side",715.05,715.5
"GF-QQQ-IC-Canary","shortputspread","-712 put, +710 put","QQQ","closed",1,0,0.07,0.05,-7,2,0.010363,0.285714,193,"-8.89307","-0.046318","0.42857143","-0.14285714","2026-08-31 13:44:00","2026-08-31 13:39:12","2026-08-31 16:00:00","2026-08-31 13:39:12","2026-08-31 13:44:06","put side",714.42,715.14
"IC-SPX-FastPT25-S2-130PM","shortputspread","-7,680 put, +7,675 put","SPX","expired",10,0,0.4,0,-400,400,0.086957,1,4600,"32.63151","0.070938","1","-0.5","2026-08-28 15:21:00","2026-08-28 13:40:00","2026-08-28 16:00:00","2026-08-28 13:38:01","2026-08-28 16:15:00","put side",7710.44,7711.76
"IC-SPX-Fortress-Unstopped","shortputspread","-7,655 put, +7,650 put","SPX","expired",10,0,0.1,0,-100,100,0.020408,1,4900,"9.96681","0.02034","1","-0.5","2026-08-28 13:53:00","2026-08-28 13:40:00","2026-08-28 16:00:00","2026-08-28 13:38:01","2026-08-28 16:15:00","put side",7710.44,7711.76
"IC-SPX-FastPT25-S2-130PM","shortcallspread","-7,735 call, +7,740 call","SPX","expired",10,0,0.3,0,-300,300,0.06383,1,4700,"21.17005","0.045043","1","-0.83333333","2026-08-28 15:37:00","2026-08-28 13:50:00","2026-08-28 16:00:00","2026-08-28 13:39:57","2026-08-28 16:15:00","call side",7705.76,7711.76
"GF-QQQ-IC-Trail","shortcallspread","-720 call, +722 call","QQQ","closed",1,0,0.07,0.01,-7,6,0.031088,0.857143,193,"2.98872","0.015566","1","-1","2026-08-28 14:51:00","2026-08-28 13:50:00","2026-08-28 16:00:00","2026-08-28 13:42:05","2026-08-28 15:50:01","call side",716.11,716.4
"GF-QQQ-IC-Ride","shortputspread","-712 put, +710 put","QQQ","closed",1,0,0.08,0.01,-8,7,0.036458,0.875,192,"5.79546","0.030343","1","-0.75","2026-08-28 15:22:00","2026-08-28 13:40:00","2026-08-28 16:00:00","2026-08-28 13:38:11","2026-08-28 15:50:01","put side",716.38,716.4
"GF-QQQ-IC-Ride","shortcallspread","-720 call, +722 call","QQQ","closed",1,0,0.07,0.01,-7,6,0.031088,0.857143,193,"2.98872","0.015566","1","-1","2026-08-28 14:51:00","2026-08-28 13:50:00","2026-08-28 16:00:00","2026-08-28 13:42:05","2026-08-28 15:50:01","call side",716.11,716.4
"GF-QQQ-IC-Ride-Delta","shortcallspread","-720 call, +722 call","QQQ","closed",1,0,0.09,0.01,-9,8,0.041885,0.888889,191,"1.80116","0.00948","1","-0.55555556","2026-08-28 14:51:00","2026-08-28 13:50:00","2026-08-28 16:00:00","2026-08-28 13:36:46","2026-08-28 15:50:01","call side",716.59,716.4
"GF-QQQ-IC-Ride-Delta","shortputspread","-712 put, +710 put","QQQ","closed",1,0,0.07,0.01,-7,6,0.031088,0.857143,193,"4.96556","0.025862","1","-1","2026-08-28 15:22:00","2026-08-28 13:40:00","2026-08-28 16:00:00","2026-08-28 13:35:11","2026-08-28 15:50:01","put side",716.51,716.4
"GF-QQQ-IC-SL200","shortcallspread","-720 call, +722 call","QQQ","closed",1,0,0.07,0.01,-7,6,0.031088,0.857143,193,"2.98872","0.015566","1","-1","2026-08-28 14:51:00","2026-08-28 13:50:00","2026-08-28 16:00:00","2026-08-28 13:42:05","2026-08-28 15:50:01","call side",716.11,716.4
"GF-QQQ-IC-SL200","shortputspread","-712 put, +710 put","QQQ","closed",1,0,0.08,0.01,-8,7,0.036458,0.875,192,"5.79546","0.030343","1","-0.75","2026-08-28 15:22:00","2026-08-28 13:40:00","2026-08-28 16:00:00","2026-08-28 13:38:11","2026-08-28 15:50:01","put side",716.38,716.4
"GF-QQQ-IC-Touch0","shortputspread","-712 put, +710 put","QQQ","closed",1,0,0.08,0.01,-8,7,0.036458,0.875,192,"5.79546","0.030343","1","-0.75","2026-08-28 15:22:00","2026-08-28 13:40:00","2026-08-28 16:00:00","2026-08-28 13:38:11","2026-08-28 15:50:01","put side",716.38,716.4
"GF-QQQ-IC-Touch0","shortcallspread","-720 call, +722 call","QQQ","closed",1,0,0.07,0.01,-7,6,0.031088,0.857143,193,"2.98872","0.015566","1","-1","2026-08-28 14:51:00","2026-08-28 13:50:00","2026-08-28 16:00:00","2026-08-28 13:42:05","2026-08-28 15:50:01","call side",716.11,716.4
"GF-QQQ-IC-SL100","shortputspread","-712 put, +710 put","QQQ","closed",1,0,0.08,0.01,-8,7,0.036458,0.875,192,"5.79546","0.030343","1","-0.75","2026-08-28 15:22:00","2026-08-28 13:40:00","2026-08-28 16:00:00","2026-08-28 13:38:11","2026-08-28 15:50:00","put side",716.38,716.4
"GF-QQQ-IC-PT50","shortcallspread","-720 call, +722 call","QQQ","closed",1,0,0.07,0.03,-7,4,0.020725,0.571429,193,"2.98872","0.015566","0.71428571","-1","2026-08-28 14:39:00","2026-08-28 13:50:00","2026-08-28 16:00:00","2026-08-28 13:42:05","2026-08-28 14:39:06","call side",716.11,716.32
"GF-QQQ-IC-Canary","shortcallspread","-720 call, +722 call","QQQ","closed",1,0,0.07,0.06,-7,1,0.005181,0.142857,193,"2.98872","0.015566","0.28571429","-1","2026-08-28 14:10:00","2026-08-28 13:50:00","2026-08-28 16:00:00","2026-08-28 13:42:05","2026-08-28 14:10:06","call side",716.11,716.72
"GF-QQQ-IC-Trail","shortputspread","-712 put, +710 put","QQQ","closed",1,0,0.08,0.07,-8,1,0.005208,0.125,192,"5.79546","0.030343","0.625","-0.75","2026-08-28 13:53:00","2026-08-28 13:40:00","2026-08-28 16:00:00","2026-08-28 13:38:11","2026-08-28 13:56:11","put side",716.38,716.51
"GF-QQQ-IC-PT50","shortputspread","-712 put, +710 put","QQQ","closed",1,0,0.08,0.04,-8,4,0.020833,0.5,192,"5.79546","0.030343","0.625","-0.75","2026-08-28 13:53:00","2026-08-28 13:40:00","2026-08-28 16:00:00","2026-08-28 13:38:11","2026-08-28 13:53:06","put side",716.38,717.09
"GF-QQQ-IC-SL100","shortcallspread","-720 call, +722 call","QQQ","closed",1,0,0.07,0.15,-7,-8,-0.041451,-1.142857,193,"2.98872","0.015566","-0.14285714","-1","2026-08-28 13:42:04","2026-08-28 13:50:00","2026-08-28 16:00:00","2026-08-28 13:42:05","2026-08-28 13:50:11","call side",716.11,717.12
"GF-QQQ-IC-Canary","shortputspread","-712 put, +710 put","QQQ","closed",1,0,0.08,0.06,-8,2,0.010417,0.25,192,"5.79546","0.030343","0.375","-0.75","2026-08-28 13:49:00","2026-08-28 13:40:00","2026-08-28 16:00:00","2026-08-28 13:38:11","2026-08-28 13:49:06","put side",716.38,717.17
"IC-SPX-FastPT25-S2","shortcallspread","-7,775 call, +7,780 call","SPX","closed",10,0,0.1,0.05,-100,50,0.010204,0.5,4900,"9.58152","0.019554","0.5","0","2026-08-28 12:24:00","2026-08-28 12:20:46","2026-08-28 16:00:00","2026-08-28 12:20:46","2026-08-28 12:26:45","call side",7718.08,7713.65
"60min-ORB-10W-Paper-v1","shortputspread","-7,715 put, +7,705 put","SPX","closed",1,0,0.75,0.25,-75,50,0.054054,0.666667,925,"44.85155","0.048488","0.66666667","-0.17333333","2026-08-28 11:21:00","2026-08-28 10:46:00","2026-08-28 16:00:00","2026-08-28 10:45:03","2026-08-28 11:21:00","test a",7752.69,7765.25
"IC-SPX-FastPT25-S2","shortputspread","-7,710 put, +7,705 put","SPX","closed",10,0,0.15,0.2,-150,-50,-0.010309,-0.333333,4850,"13.74454","0.028339","0","-0.33333333","2026-08-28 11:02:00","2026-08-28 11:06:00","2026-08-28 16:00:00","2026-08-28 11:02:00","2026-08-28 11:07:31","put side",7769.21,7765.93
"Nigiri-Paper-v1","shortputspread","-738 put, +733 put","SPY","closed",10,1,0.08,0.06,-80,20,0.004065,0.25,4920,"5.30443","0.010803","0.375","-0.625","2026-08-28 09:33:00","2026-08-27 09:58:00","2026-09-04 16:00:00","2026-08-27 09:54:18","2026-08-28 09:45:13","",769.27,772.61
"IC-SPX-FastPT25-S2-130PM","shortcallspread","-7,755 call, +7,760 call","SPX","closed",10,0,0.15,0.05,-150,100,0.020619,0.666667,4850,"-13.62104","-0.027912","1","0.2","2026-08-27 14:26:00","2026-08-27 13:46:02","2026-08-27 16:00:00","2026-08-27 13:46:02","2026-08-27 14:28:02","call side",7732.73,7713.31
"DIR-SPX-CallVIXdrop","longcallspread","+7,720 call, -7,735 call","SPX","closed",1,0,6.75,3.1,675,-365,-0.540741,-0.540741,675,"-83.04615","-0.123031","0.86666667","-0.54518519","2026-08-27 13:22:00","2026-08-27 14:28:00","2026-08-27 16:00:00","2026-08-27 11:00:03","2026-08-27 14:28:00",,7721.37,7713.29
"IC-SPX-FastPT25-S2-130PM","shortputspread","-7,715 put, +7,710 put","SPX","closed",10,0,0.3,2.2,-300,-1900,-0.404255,-6.333333,4700,"-13.7889","-0.029338","0","-6.33333333","2026-08-27 13:46:01","2026-08-27 14:28:00","2026-08-27 16:00:00","2026-08-27 13:46:01","2026-08-27 14:28:00","put side",7733.01,7713.29
"IC-SPX-FastPT25-S2","shortputspread","-7,665 put, +7,660 put","SPX","closed",10,0,0.1,0.15,-100,-50,-0.010204,-0.5,4900,"8.19202","0.016718","0","-0.5","2026-08-27 11:01:00","2026-08-27 11:03:00","2026-08-27 16:00:00","2026-08-27 11:01:00","2026-08-27 11:03:02","put side",7722.81,7722.77
"3DTE $140-$350","ironcondor","+7,475 put, -7,485 put, -7,890 call, +7,900 call","SPX","closed",1,1,0.5,0.15,-50,35,0.036842,0.7,950,"-20.016573","-0.021026","0.76","-0.4","2026-08-27 10:04:00","2026-08-26 12:45:00","2026-08-31 16:00:00","2026-08-26 10:00:05","2026-08-27 10:15:01","200,60percent",7687.73,7705.2
"Nigiri-Paper-v1","shortputspread","-748 put, +743 put","SPY","closed",10,1,0.1,0.02,-100,80,0.016327,0.8,4900,"9.73259","0.019903","0.9","-0.8","2026-08-27 09:54:00","2026-08-26 12:44:00","2026-08-28 16:00:00","2026-08-26 09:45:25","2026-08-27 09:54:06","",766.38,769.26
"Trendy-Paper-v1","shortputspread","-760 put, +750 put","SPY","closed",1,10,0.68,0.06,-68,62,0.066524,0.911765,932,"-35.46497","-0.038093","0.94117647","-2.36764706","2026-08-27 09:31:00","2026-08-20 15:58:00","2026-08-27 16:00:00","2026-08-17 10:00:13","2026-08-27 09:45:16",,775.31,769.23
"GF-QQQ-IC-Ride-Delta","shortputspread","-705 put, +703 put","QQQ","closed",1,0,0.1,0.06,-10,4,0.021053,0.4,190,"9.84827","0.052107","0.7","-0.2","2026-08-26 15:28:00","2026-08-26 13:31:14","2026-08-26 16:00:00","2026-08-26 13:31:14","2026-08-26 15:50:08","put side",710.69,712.14
"GF-QQQ-IC-Touch0","shortputspread","-705 put, +703 put","QQQ","closed",1,0,0.1,0.06,-10,4,0.021053,0.4,190,"9.84827","0.052107","0.7","-0.2","2026-08-26 15:28:00","2026-08-26 13:31:14","2026-08-26 16:00:00","2026-08-26 13:31:14","2026-08-26 15:50:08","put side",710.69,712.14
"GF-QQQ-IC-SL200","shortputspread","-705 put, +703 put","QQQ","closed",1,0,0.1,0.06,-10,4,0.021053,0.4,190,"9.84827","0.052107","0.7","-0.2","2026-08-26 15:28:00","2026-08-26 13:31:14","2026-08-26 16:00:00","2026-08-26 13:31:14","2026-08-26 15:50:08","put side",710.69,712.14
"GF-QQQ-IC-Ride","shortputspread","-705 put, +703 put","QQQ","closed",1,0,0.1,0.06,-10,4,0.021053,0.4,190,"9.84827","0.052107","0.7","-0.2","2026-08-26 15:28:00","2026-08-26 13:31:14","2026-08-26 16:00:00","2026-08-26 13:31:14","2026-08-26 15:50:08","put side",710.69,712.14
"GF-QQQ-IC-SL100","shortputspread","-705 put, +703 put","QQQ","closed",1,0,0.1,0.06,-10,4,0.021053,0.4,190,"9.84827","0.052107","0.7","-0.2","2026-08-26 15:28:00","2026-08-26 13:31:14","2026-08-26 16:00:00","2026-08-26 13:31:14","2026-08-26 15:50:08","put side",710.69,712.14
"GF-QQQ-IC-Ride","shortcallspread","-716 call, +718 call","QQQ","closed",1,0,0.1,0.26,-10,-16,-0.084211,-1.6,190,"9.20534","0.048706","0.1","-2.3","2026-08-26 14:15:00","2026-08-26 15:05:00","2026-08-26 16:00:00","2026-08-26 13:31:15","2026-08-26 15:50:02","call side",710.66,712.16
"GF-QQQ-IC-PT50","shortcallspread","-716 call, +718 call","QQQ","closed",1,0,0.1,0.26,-10,-16,-0.084211,-1.6,190,"9.20534","0.048706","0.1","-2.3","2026-08-26 14:15:00","2026-08-26 15:05:00","2026-08-26 16:00:00","2026-08-26 13:31:15","2026-08-26 15:50:02","call side",710.66,712.16
"GF-QQQ-IC-Trail","shortcallspread","-716 call, +718 call","QQQ","closed",1,0,0.1,0.26,-10,-16,-0.084211,-1.6,190,"9.20534","0.048706","0.1","-2.3","2026-08-26 14:15:00","2026-08-26 15:05:00","2026-08-26 16:00:00","2026-08-26 13:31:15","2026-08-26 15:50:02","call side",710.66,712.16
"QQQ-IC-0DTE-Fortress-NoPT50","shortcallspread","-716 call, +718 call","QQQ","closed",26,0,0.1,0.27,-260,-442,-0.089474,-1.7,4940,"9.20534","0.048706","0.1","-2.3","2026-08-26 14:15:00","2026-08-26 15:05:00","2026-08-26 16:00:00","2026-08-26 13:31:04","2026-08-26 15:50:02","call side",710.66,712.16
"GF-QQQ-IC-Ride-Delta","shortcallspread","-716 call, +718 call","QQQ","closed",1,0,0.1,0.26,-10,-16,-0.084211,-1.6,190,"9.20534","0.048706","0.1","-2.3","2026-08-26 14:15:00","2026-08-26 15:05:00","2026-08-26 16:00:00","2026-08-26 13:31:15","2026-08-26 15:50:02","call side",710.66,712.16
"GF-QQQ-IC-Canary","shortcallspread","-716 call, +718 call","QQQ","closed",1,0,0.1,0.26,-10,-16,-0.084211,-1.6,190,"9.20534","0.048706","0.1","-2.3","2026-08-26 14:15:00","2026-08-26 15:05:00","2026-08-26 16:00:00","2026-08-26 13:31:15","2026-08-26 15:50:02","call side",710.66,712.16
"QQQ-IC-0DTE-Fortress-NoPT50","shortputspread","-705 put, +703 put","QQQ","closed",26,0,0.1,0.06,-260,104,0.021053,0.4,4940,"9.84827","0.052107","0.7","-0.2","2026-08-26 15:28:00","2026-08-26 13:32:00","2026-08-26 16:00:00","2026-08-26 13:31:03","2026-08-26 15:50:02","put side",710.69,712.16
"GF-QQQ-IC-Touch0","shortcallspread","-716 call, +718 call","QQQ","closed",1,0,0.1,0.26,-10,-16,-0.084211,-1.6,190,"9.20534","0.048706","0.1","-2.3","2026-08-26 14:15:00","2026-08-26 15:05:00","2026-08-26 16:00:00","2026-08-26 13:31:15","2026-08-26 15:50:02","call side",710.66,712.16
"GF-QQQ-IC-Trail","shortputspread","-705 put, +703 put","QQQ","closed",1,0,0.1,0.06,-10,4,0.021053,0.4,190,"9.84827","0.052107","0.7","-0.2","2026-08-26 15:28:00","2026-08-26 13:31:14","2026-08-26 16:00:00","2026-08-26 13:31:14","2026-08-26 15:31:11","put side",710.69,712.19
"GF-QQQ-IC-SL200","shortcallspread","-716 call, +718 call","QQQ","closed",1,0,0.1,0.34,-10,-24,-0.126316,-2.4,190,"9.20534","0.048706","0.1","-2.3","2026-08-26 14:15:00","2026-08-26 15:05:00","2026-08-26 16:00:00","2026-08-26 13:31:15","2026-08-26 15:05:12","call side",710.66,712.96
"IC-SPX-FastPT25-S2-130PM","shortputspread","-7,655 put, +7,650 put","SPX","closed",10,0,0.2,0.05,-200,150,0.03125,0.75,4800,"-18.05633","-0.037617","1","-0.25","2026-08-26 14:54:00","2026-08-26 13:32:00","2026-08-26 16:00:00","2026-08-26 13:31:03","2026-08-26 15:05:04","put side",7675.36,7690.36
"IC-SPX-FastPT25-S2-130PM","shortcallspread","-7,690 call, +7,695 call","SPX","closed",10,0,0.4,2.05,-400,-1650,-0.358696,-4.125,4600,"-30.78555","-0.066925","0.75","-4.175","2026-08-26 14:15:00","2026-08-26 15:05:00","2026-08-26 16:00:00","2026-08-26 13:31:04","2026-08-26 15:05:01","call side",7675.32,7690.64
"GF-QQQ-IC-PT50","shortputspread","-705 put, +703 put","QQQ","closed",1,0,0.1,0.05,-10,5,0.026316,0.5,190,"9.84827","0.052107","0.6","-0.2","2026-08-26 15:04:00","2026-08-26 13:31:14","2026-08-26 16:00:00","2026-08-26 13:31:14","2026-08-26 15:04:06","put side",710.69,712.61
"GF-QQQ-IC-SL100","shortcallspread","-716 call, +718 call","QQQ","closed",1,0,0.1,0.21,-10,-11,-0.057895,-1.1,190,"9.20534","0.048706","0.1","-1","2026-08-26 14:15:00","2026-08-26 14:48:00","2026-08-26 16:00:00","2026-08-26 13:31:15","2026-08-26 14:48:12","call side",710.66,712.02
"GF-QQQ-IC-Canary","shortputspread","-705 put, +703 put","QQQ","closed",1,0,0.1,0.09,-10,1,0.005263,0.1,190,"9.84827","0.052107","0.2","-0.2","2026-08-26 14:33:00","2026-08-26 13:31:14","2026-08-26 16:00:00","2026-08-26 13:31:14","2026-08-26 14:33:06","put side",710.69,711.19
"Nigiri-Paper-v1","shortputspread","-744 put, +739 put","SPY","closed",10,1,0.1,0.06,-100,40,0.008163,0.4,4900,"9.70249","0.019842","0.5","-0.4","2026-08-26 09:45:00","2026-08-25 10:31:00","2026-08-28 16:00:00","2026-08-25 09:45:30","2026-08-26 09:45:13","",766.37,766.41
"IC-SPX-FastPT25-S2-130PM","shortcallspread","-7,685 call, +7,690 call","SPX","expired",10,0,0.2,0,-200,200,0.041667,1,4800,"-21.81999","-0.045458","1","-1.25","2026-08-25 15:28:00","2026-08-25 14:46:00","2026-08-25 16:00:00","2026-08-25 13:31:02","2026-08-25 16:15:00","call side",7665.39,7677.28
"3DTE $140-$350","ironcondor","+7,485 put, -7,495 put, -7,880 call, +7,890 call","SPX","expired",1,5,0.45,0,-45,45,0.04712,1,955,"-36.086272","-0.037787","1","-0.55555556","2026-08-24 11:00:00","2026-08-20 15:56:00","2026-08-25 16:00:00","2026-08-20 10:00:04","2026-08-25 16:15:00","190",7685.35,7677.28
"IC-SPX-FastPT25-S2-130PM","shortputspread","-7,645 put, +7,640 put","SPX","expired",10,0,0.25,0,-250,250,0.052632,1,4750,"-12.95476","-0.027273","1","0","2026-08-25 14:32:00","2026-08-25 13:31:01","2026-08-25 16:00:00","2026-08-25 13:31:00","2026-08-25 16:15:00","put side",7665.38,7677.28
"GF-QQQ-IC-Touch0","shortputspread","-707 put, +705 put","QQQ","closed",1,0,0.08,0.02,-8,6,0.03125,0.75,192,"-10.6075","-0.055537","0.875","-0.125","2026-08-25 14:34:00","2026-08-25 13:33:11","2026-08-25 16:00:00","2026-08-25 13:33:11","2026-08-25 15:50:01","put side",709.42,709.93
"GF-QQQ-IC-SL200","shortcallspread","-712 call, +714 call","QQQ","closed",1,0,0.07,0.01,-7,6,0.031088,0.857143,193,"-8.73504","-0.045495","1","-0.85714286","2026-08-25 15:15:00","2026-08-25 14:47:00","2026-08-25 16:00:00","2026-08-25 13:31:13","2026-08-25 15:50:01","call side",709.35,709.93
"GF-QQQ-IC-SL100","shortputspread","-707 put, +705 put","QQQ","closed",1,0,0.08,0.02,-8,6,0.03125,0.75,192,"-10.6075","-0.055537","0.875","-0.125","2026-08-25 14:34:00","2026-08-25 13:33:11","2026-08-25 16:00:00","2026-08-25 13:33:11","2026-08-25 15:50:01","put side",709.42,709.85
"GF-QQQ-IC-Ride-Delta","shortcallspread","-712 call, +714 call","QQQ","closed",1,0,0.07,0.01,-7,6,0.031088,0.857143,193,"-8.73504","-0.045495","1","-0.85714286","2026-08-25 15:15:00","2026-08-25 14:47:00","2026-08-25 16:00:00","2026-08-25 13:31:13","2026-08-25 15:50:01","call side",709.35,709.85
"GF-QQQ-IC-Ride","shortputspread","-707 put, +705 put","QQQ","closed",1,0,0.08,0.02,-8,6,0.03125,0.75,192,"-10.6075","-0.055537","0.875","-0.125","2026-08-25 14:34:00","2026-08-25 13:33:11","2026-08-25 16:00:00","2026-08-25 13:33:11","2026-08-25 15:50:01","put side",709.42,709.93
"GF-QQQ-IC-SL100","shortcallspread","-712 call, +714 call","QQQ","closed",1,0,0.07,0.01,-7,6,0.031088,0.857143,193,"-8.73504","-0.045495","1","-0.85714286","2026-08-25 15:15:00","2026-08-25 14:47:00","2026-08-25 16:00:00","2026-08-25 13:31:13","2026-08-25 15:50:01","call side",709.35,709.85
"GF-QQQ-IC-SL200","shortputspread","-707 put, +705 put","QQQ","closed",1,0,0.08,0.02,-8,6,0.03125,0.75,192,"-10.6075","-0.055537","0.875","-0.125","2026-08-25 14:34:00","2026-08-25 13:33:11","2026-08-25 16:00:00","2026-08-25 13:33:11","2026-08-25 15:50:01","put side",709.42,709.85
"GF-QQQ-IC-Touch0","shortcallspread","-712 call, +714 call","QQQ","closed",1,0,0.07,0.01,-7,6,0.031088,0.857143,193,"-8.73504","-0.045495","1","-0.85714286","2026-08-25 15:15:00","2026-08-25 14:47:00","2026-08-25 16:00:00","2026-08-25 13:31:13","2026-08-25 15:50:01","call side",709.35,709.93
"GF-QQQ-IC-Ride","shortcallspread","-712 call, +714 call","QQQ","closed",1,0,0.07,0.01,-7,6,0.031088,0.857143,193,"-8.73504","-0.045495","1","-0.85714286","2026-08-25 15:15:00","2026-08-25 14:47:00","2026-08-25 16:00:00","2026-08-25 13:31:13","2026-08-25 15:50:01","call side",709.35,709.93
"GF-QQQ-IC-Ride-Delta","shortcallspread","-712 call, +714 call","QQQ","closed",1,0,0.07,0.01,-7,6,0.031088,0.857143,193,"-8.73504","-0.045495","1","-0.85714286","2026-08-25 15:15:00","2026-08-25 14:47:00","2026-08-25 16:00:00","2026-08-25 13:31:15","2026-08-25 15:50:01","call side",709.34,709.85
"GF-QQQ-IC-Trail","shortcallspread","-712 call, +714 call","QQQ","closed",1,0,0.07,0.06,-7,1,0.005181,0.142857,193,"-8.73504","-0.045495","0.71428571","-0.14285714","2026-08-25 14:05:00","2026-08-25 13:31:13","2026-08-25 16:00:00","2026-08-25 13:31:13","2026-08-25 14:34:11","call side",709.35,709.86
"GF-QQQ-IC-PT50","shortputspread","-707 put, +705 put","QQQ","closed",1,0,0.08,0.04,-8,4,0.020833,0.5,192,"-10.6075","-0.055537","0.625","-0.125","2026-08-25 14:31:00","2026-08-25 13:33:11","2026-08-25 16:00:00","2026-08-25 13:33:11","2026-08-25 14:31:06","put side",709.42,709.6
"GF-QQQ-IC-PT50","shortcallspread","-712 call, +714 call","QQQ","closed",1,0,0.07,0.03,-7,4,0.020725,0.571429,193,"-8.73504","-0.045495","0.71428571","-0.14285714","2026-08-25 14:05:00","2026-08-25 13:31:13","2026-08-25 16:00:00","2026-08-25 13:31:13","2026-08-25 14:05:06","call side",709.35,708.98
"GF-QQQ-IC-Trail","shortputspread","-707 put, +705 put","QQQ","closed",1,0,0.08,0.09,-8,-1,-0.005208,-0.125,192,"-10.6075","-0.055537","0.625","-0.125","2026-08-25 14:00:00","2026-08-25 13:33:11","2026-08-25 16:00:00","2026-08-25 13:33:11","2026-08-25 14:02:11","put side",709.42,709.11
"GF-QQQ-IC-Canary","shortcallspread","-712 call, +714 call","QQQ","closed",1,0,0.07,0.06,-7,1,0.005181,0.142857,193,"-8.73504","-0.045495","0.28571429","-0.14285714","2026-08-25 13:47:00","2026-08-25 13:31:13","2026-08-25 16:00:00","2026-08-25 13:31:13","2026-08-25 13:47:06","call side",709.35,709.48
"GF-QQQ-IC-Canary","shortputspread","-707 put, +705 put","QQQ","closed",1,0,0.08,0.07,-8,1,0.005208,0.125,192,"-10.6075","-0.055537","0.25","-0.125","2026-08-25 13:40:00","2026-08-25 13:33:11","2026-08-25 16:00:00","2026-08-25 13:33:11","2026-08-25 13:40:06","put side",709.42,709.58
"60min-ORB-10W-Paper-v1","shortcallspread","-7,690 call, +7,700 call","SPX","closed",1,0,0.7,0.2,-70,50,0.053763,0.714286,930,"-30.62926","-0.032935","0.71428571","-0.71428571","2026-08-25 13:11:00","2026-08-25 12:04:00","2026-08-25 16:00:00","2026-08-25 10:30:05","2026-08-25 13:11:00","test b",7664.44,7667.94
"IC-SPX-FastPT25-S2","shortputspread","-7,605 put, +7,600 put","SPX","closed",10,0,0.1,0.05,-100,50,0.010204,0.5,4900,"8.24071","0.016818","0.5","0.2","2026-08-25 11:03:00","2026-08-25 11:01:01","2026-08-25 16:00:00","2026-08-25 11:01:01","2026-08-25 11:03:02","put side",7663.16,7663.46
"Nigiri-Paper-v1","shortputspread","-742 put, +737 put","SPY","closed",10,1,0.1,0.09,-100,10,0.002041,0.1,4900,"8.1898","0.016748","0.2","-0.5","2026-08-25 09:31:00","2026-08-24 15:54:00","2026-08-28 16:00:00","2026-08-24 14:30:24","2026-08-25 09:45:13","",764.9,766.32
"Friday 14 DTE Broken Wing IB (B-70)","ironbutterfly","+7,665 put, -7,725 put, -7,725 call, +7,765 call","SPX","closed",1,11,40.4,39,-4040,140,0.071429,0.034653,1960,"-164.40709","-0.083881","0.03465347","-0.1299505","2026-08-25 09:31:00","2026-08-24 11:21:00","2026-08-28 16:00:00","2026-08-14 10:30:03","2026-08-25 09:31:01","14 dte",7795.31,7681.8
"IC-SPX-FastPT25-S2-130PM","shortputspread","-7,630 put, +7,625 put","SPX","expired",10,0,0.3,0,-300,300,0.06383,1,4700,"-3.17503","-0.006755","1","-0.16666667","2026-08-24 14:19:00","2026-08-24 13:45:00","2026-08-24 16:00:00","2026-08-24 13:31:01","2026-08-24 16:15:00","put side",7651.8,7652.86
"IC-SPX-FastPT25-S2-130PM","shortcallspread","-7,675 call, +7,680 call","SPX","expired",10,0,0.1,0,-100,100,0.020408,1,4900,"-18.16159","-0.037064","1","-8.3","2026-08-24 15:36:00","2026-08-24 14:31:00","2026-08-24 16:00:00","2026-08-24 13:31:03","2026-08-24 16:15:00","call side",7651.78,7652.86
"Nigiri-Paper-v1","shortputspread","-737 put, +732 put","SPY","closed",10,3,0.09,0.07,-90,20,0.004073,0.222222,4910,"5.62707","0.011484","0.33333333","-0.33333333","2026-08-24 13:12:00","2026-08-24 09:45:00","2026-08-28 16:00:00","2026-08-21 11:12:11","2026-08-24 14:30:13","",765.98,764.9
"60min-ORB-10W-Paper-v1","shortputspread","-7,635 put, +7,625 put","SPX","closed",1,0,0.75,0.25,-75,50,0.054054,0.666667,925,"-14.80761","-0.016008","0.66666667","-0.13333333","2026-08-24 14:07:00","2026-08-24 13:45:00","2026-08-24 16:00:00","2026-08-24 13:30:02","2026-08-24 14:07:00","test a",7652.02,7655.51
"IC-SPX-FastPT25-S2","shortputspread","-7,590 put, +7,585 put","SPX","closed",10,0,0.1,0.05,-100,50,0.010204,0.5,4900,"6.17287","0.012546","0.5","0.2","2026-08-24 11:13:00","2026-08-24 11:11:01","2026-08-24 16:00:00","2026-08-24 11:11:01","2026-08-24 11:13:03","put side",7647.59,7647.64
"IC-SPX-FastPT25-S2-130PM","shortcallspread","-7,700 call, +7,705 call","SPX","expired",10,0,0.15,0,-150,150,0.030928,1,4850,"-16.35365","-0.033512","1","0","2026-08-21 14:31:00","2026-08-21 13:32:00","2026-08-21 16:00:00","2026-08-21 13:31:03","2026-08-21 16:15:00","call side",7676.72,7674.37
"IC-SPX-FastPT25-S2-130PM","shortputspread","-7,655 put, +7,650 put","SPX","expired",10,0,0.25,0,-250,250,0.052632,1,4750,"-9.2549","-0.019484","1","-0.6","2026-08-21 15:08:00","2026-08-21 13:35:00","2026-08-21 16:00:00","2026-08-21 13:31:01","2026-08-21 16:15:00","put side",7676.64,7674.37
"Tasty Condor","ironcondor","+689 put, -704 put, -784 call, +799 call","SPY","expired",1,60,4.18,0,-418,418,0.386322,1,1082,"-29.413791","-0.027185","1","-0.00239234","2026-08-21 09:31:00","2026-06-22 10:30:14","2026-08-21 16:00:00","2026-06-22 10:30:14","2026-08-21 16:15:00","",746.5,765.72
"GF-QQQ-IC-SL200","shortputspread","-710 put, +708 put","QQQ","closed",1,0,0.07,0.01,-7,6,0.031088,0.857143,193,"-3.99875","-0.020827","1","-0.28571429","2026-08-21 15:20:00","2026-08-21 13:35:11","2026-08-21 16:00:00","2026-08-21 13:35:11","2026-08-21 15:50:01","put side",713.19,714.11
"GF-QQQ-IC-Touch0","shortputspread","-710 put, +708 put","QQQ","closed",1,0,0.07,0.01,-7,6,0.031088,0.857143,193,"-3.99875","-0.020827","1","-0.28571429","2026-08-21 15:20:00","2026-08-21 13:35:11","2026-08-21 16:00:00","2026-08-21 13:35:11","2026-08-21 15:50:01","put side",713.19,714.11
"GF-QQQ-IC-SL100","shortputspread","-710 put, +708 put","QQQ","closed",1,0,0.07,0.01,-7,6,0.031088,0.857143,193,"-3.99875","-0.020827","1","-0.28571429","2026-08-21 15:20:00","2026-08-21 13:35:11","2026-08-21 16:00:00","2026-08-21 13:35:11","2026-08-21 15:50:01","put side",713.19,714.11
"GF-QQQ-IC-Ride","shortputspread","-710 put, +708 put","QQQ","closed",1,0,0.07,0.01,-7,6,0.031088,0.857143,193,"-3.99875","-0.020827","1","-0.28571429","2026-08-21 15:20:00","2026-08-21 13:35:11","2026-08-21 16:00:00","2026-08-21 13:35:11","2026-08-21 15:50:01","put side",713.19,714.11
"GF-QQQ-IC-Ride-Delta","shortputspread","-710 put, +708 put","QQQ","closed",1,0,0.07,0.01,-7,6,0.031088,0.857143,193,"-3.99875","-0.020827","1","-0.28571429","2026-08-21 15:20:00","2026-08-21 13:35:11","2026-08-21 16:00:00","2026-08-21 13:35:11","2026-08-21 15:50:01","put side",713.19,714.11
"GF-QQQ-IC-Ride-Delta","shortputspread","-710 put, +708 put","QQQ","closed",1,0,0.07,0.01,-7,6,0.031088,0.857143,193,"-3.99875","-0.020827","1","-0.28571429","2026-08-21 15:20:00","2026-08-21 13:35:14","2026-08-21 16:00:00","2026-08-21 13:35:14","2026-08-21 15:50:01","put side",713.22,714.11
"GF-QQQ-IC-PT50","shortputspread","-710 put, +708 put","QQQ","closed",1,0,0.07,0.03,-7,4,0.020725,0.571429,193,"-3.99875","-0.020827","0.71428571","-0.28571429","2026-08-21 14:50:00","2026-08-21 13:35:11","2026-08-21 16:00:00","2026-08-21 13:35:11","2026-08-21 14:50:06","put side",713.19,713.15
"DIR-SPX-CallVIXdrop","longcallspread","+7,675 call, -7,690 call","SPX","closed",1,0,6.3,2.95,630,-335,-0.531746,-0.531746,630,"-27.66646","-0.043915","0.86507937","-0.53174603","2026-08-21 11:54:00","2026-08-21 14:10:00","2026-08-21 16:00:00","2026-08-21 11:00:02","2026-08-21 14:10:00",,7676.67,7672.26
"GF-QQQ-IC-Trail","shortputspread","-710 put, +708 put","QQQ","closed",1,0,0.07,0.08,-7,-1,-0.005181,-0.142857,193,"-3.99875","-0.020827","0.42857143","-0.28571429","2026-08-21 13:38:00","2026-08-21 13:35:11","2026-08-21 16:00:00","2026-08-21 13:35:11","2026-08-21 13:41:11","put side",713.19,713.23
"GF-QQQ-IC-Canary","shortputspread","-710 put, +708 put","QQQ","closed",1,0,0.07,0.06,-7,1,0.005181,0.142857,193,"-3.99875","-0.020827","0.28571429","-0.28571429","2026-08-21 13:40:00","2026-08-21 13:35:11","2026-08-21 16:00:00","2026-08-21 13:35:11","2026-08-21 13:40:06","put side",713.19,713.4
"Nigiri-Paper-v1","shortputspread","-754 put, +749 put","SPY","closed",10,7,0.07,0.01,-70,60,0.01217,0.857143,4930,"-3.43809","-0.006988","1","-2.57142857","2026-08-21 11:12:00","2026-08-18 11:02:00","2026-08-21 16:00:00","2026-08-14 09:45:29","2026-08-21 11:12:00","",778.48,765.98
"IC-SPX-FastPT25-S2","shortputspread","-7,620 put, +7,615 put","SPX","closed",10,0,0.1,0.1,-100,0,0,0,4900,"8.13256","0.016597","0","0","2026-08-21 11:01:00","2026-08-21 11:01:00","2026-08-21 16:00:00","2026-08-21 11:01:00","2026-08-21 11:03:01","put side",7678.77,7676.32
"60min-ORB-10W-Paper-v1","shortcallspread","-7,680 call, +7,690 call","SPX","closed",1,0,1.9,3.3,-190,-140,-0.172839,-0.736842,810,"-9.59625","-0.011803","-0.01052632","-0.73684211","2026-08-21 10:45:02","2026-08-21 10:57:00","2026-08-21 16:00:00","2026-08-21 10:45:02","2026-08-21 10:57:01","test b",7664.75,7673.45
"IC-SPX-FastPT25-S2-130PM","shortcallspread","-7,690 call, +7,695 call","SPX","expired",10,0,0.25,0,-250,250,0.052632,1,4750,"2.07072","0.004359","1","0","2026-08-20 14:14:00","2026-08-20 13:31:03","2026-08-20 16:00:00","2026-08-20 13:31:03","2026-08-20 16:15:00","call side",7665.62,7641.16
"IC-SPX-FastPT25-S2-130PM","shortputspread","-7,640 put, +7,635 put","SPX","expired",10,0,0.3,0,-300,300,0.06383,1,4700,"10.16723","0.021632","0.76666667","-2.4","2026-08-20 15:54:00","2026-08-20 14:17:00","2026-08-20 16:00:00","2026-08-20 13:31:01","2026-08-20 16:15:00","put side",7665.37,7641.16
"GF-QQQ-IC-SL200","shortcallspread","-714 call, +716 call","QQQ","closed",1,0,0.07,0.01,-7,6,0.031088,0.857143,193,"-5.54739","-0.028893","1","-0.42857143","2026-08-20 15:45:00","2026-08-20 13:52:00","2026-08-20 16:00:00","2026-08-20 13:32:14","2026-08-20 15:50:01","call side",710.94,711.29
"GF-QQQ-IC-Touch0","shortcallspread","-714 call, +716 call","QQQ","closed",1,0,0.07,0.01,-7,6,0.031088,0.857143,193,"-5.54739","-0.028893","1","-0.42857143","2026-08-20 15:45:00","2026-08-20 13:52:00","2026-08-20 16:00:00","2026-08-20 13:32:14","2026-08-20 15:50:01","call side",710.94,711.29
"GF-QQQ-IC-Trail","shortcallspread","-714 call, +716 call","QQQ","closed",1,0,0.07,0.01,-7,6,0.031088,0.857143,193,"-5.54739","-0.028893","1","-0.42857143","2026-08-20 15:45:00","2026-08-20 13:52:00","2026-08-20 16:00:00","2026-08-20 13:32:14","2026-08-20 15:50:01","call side",710.94,711.29
"GF-QQQ-IC-SL100","shortcallspread","-714 call, +716 call","QQQ","closed",1,0,0.07,0.01,-7,6,0.031088,0.857143,193,"-5.54739","-0.028893","1","-0.42857143","2026-08-20 15:45:00","2026-08-20 13:52:00","2026-08-20 16:00:00","2026-08-20 13:32:14","2026-08-20 15:50:01","call side",710.94,711.29
"GF-QQQ-IC-Touch0","shortputspread","-707 put, +705 put","QQQ","closed",1,0,0.07,0.01,-7,6,0.031088,0.857143,193,"0.07308","0.000381","1","-3.57142857","2026-08-20 15:36:00","2026-08-20 14:17:00","2026-08-20 16:00:00","2026-08-20 13:33:11","2026-08-20 15:50:01","put side",710.74,711.29
"GF-QQQ-IC-Ride","shortputspread","-707 put, +705 put","QQQ","closed",1,0,0.07,0.01,-7,6,0.031088,0.857143,193,"0.07308","0.000381","1","-3.57142857","2026-08-20 15:36:00","2026-08-20 14:17:00","2026-08-20 16:00:00","2026-08-20 13:33:11","2026-08-20 15:50:01","put side",710.74,711.29
"GF-QQQ-IC-Ride","shortcallspread","-714 call, +716 call","QQQ","closed",1,0,0.07,0.01,-7,6,0.031088,0.857143,193,"-5.54739","-0.028893","1","-0.42857143","2026-08-20 15:45:00","2026-08-20 13:52:00","2026-08-20 16:00:00","2026-08-20 13:32:14","2026-08-20 15:50:01","call side",710.94,711.29
"GF-QQQ-IC-Ride-Delta","shortputspread","-707 put, +705 put","QQQ","closed",1,0,0.07,0.01,-7,6,0.031088,0.857143,193,"0.07308","0.000381","1","-3.57142857","2026-08-20 15:36:00","2026-08-20 14:17:00","2026-08-20 16:00:00","2026-08-20 13:33:11","2026-08-20 15:50:01","put side",710.74,711.29
"GF-QQQ-IC-Ride-Delta","shortcallspread","-714 call, +716 call","QQQ","closed",1,0,0.07,0.01,-7,6,0.031088,0.857143,193,"-3.74627","-0.019512","1","-0.42857143","2026-08-20 15:45:00","2026-08-20 13:52:00","2026-08-20 16:00:00","2026-08-20 13:31:15","2026-08-20 15:50:01","call side",710.72,711.29
"GF-QQQ-IC-PT50","shortputspread","-707 put, +705 put","QQQ","closed",1,0,0.07,0.03,-7,4,0.020725,0.571429,193,"0.07308","0.000381","0.71428571","-3.57142857","2026-08-20 15:09:00","2026-08-20 14:17:00","2026-08-20 16:00:00","2026-08-20 13:33:11","2026-08-20 15:09:06","put side",710.74,710.6
"GF-QQQ-IC-PT50","shortcallspread","-714 call, +716 call","QQQ","closed",1,0,0.07,0.03,-7,4,0.020725,0.571429,193,"-5.54739","-0.028893","0.71428571","-0.42857143","2026-08-20 14:17:00","2026-08-20 13:52:00","2026-08-20 16:00:00","2026-08-20 13:32:14","2026-08-20 14:17:06","call side",710.94,708.73
"GF-QQQ-IC-SL200","shortputspread","-707 put, +705 put","QQQ","closed",1,0,0.07,0.22,-7,-15,-0.07772,-2.142857,193,"0.07308","0.000381","0.57142857","-2","2026-08-20 13:51:00","2026-08-20 14:07:00","2026-08-20 16:00:00","2026-08-20 13:33:11","2026-08-20 14:07:11","put side",710.74,709.32
"GF-QQQ-IC-SL100","shortputspread","-707 put, +705 put","QQQ","closed",1,0,0.07,0.15,-7,-8,-0.041451,-1.142857,193,"0.07308","0.000381","0.57142857","-1","2026-08-20 13:51:00","2026-08-20 14:04:00","2026-08-20 16:00:00","2026-08-20 13:33:11","2026-08-20 14:04:11","put side",710.74,709.88
"GF-QQQ-IC-Canary","shortcallspread","-714 call, +716 call","QQQ","closed",1,0,0.07,0.05,-7,2,0.010363,0.285714,193,"-5.54739","-0.028893","0.42857143","-0.42857143","2026-08-20 14:02:00","2026-08-20 13:52:00","2026-08-20 16:00:00","2026-08-20 13:32:14","2026-08-20 14:02:06","call side",710.94,710.38
"GF-QQQ-IC-Trail","shortputspread","-707 put, +705 put","QQQ","closed",1,0,0.07,0.06,-7,1,0.005181,0.142857,193,"0.07308","0.000381","0.57142857","-0.28571429","2026-08-20 13:51:00","2026-08-20 13:35:00","2026-08-20 16:00:00","2026-08-20 13:33:11","2026-08-20 13:55:11","put side",710.74,710.89
"GF-QQQ-IC-Canary","shortputspread","-707 put, +705 put","QQQ","closed",1,0,0.07,0.05,-7,2,0.010363,0.285714,193,"0.07308","0.000381","0.42857143","-0.28571429","2026-08-20 13:49:00","2026-08-20 13:35:00","2026-08-20 16:00:00","2026-08-20 13:33:11","2026-08-20 13:49:06","put side",710.74,711.05
"IC-SPX-FastPT25-S2","shortcallspread","-7,745 call, +7,750 call","SPX","closed",10,0,0.1,0.05,-100,50,0.010204,0.5,4900,"7.47776","0.015261","0.5","0","2026-08-20 11:08:00","2026-08-20 11:07:02","2026-08-20 16:00:00","2026-08-20 11:07:02","2026-08-20 11:10:03","call side",7689.81,7684.18
"IC-SPX-FastPT25-S2","shortputspread","-7,635 put, +7,630 put","SPX","closed",10,0,0.15,0.15,-150,0,0,0,4850,"13.07518","0.026959","0.33333333","0","2026-08-20 11:02:00","2026-08-20 11:01:01","2026-08-20 16:00:00","2026-08-20 11:01:01","2026-08-20 11:03:03","put side",7692.43,7696.31
"IC-SPX-FastPT25-S2-130PM","shortcallspread","-7,740 call, +7,745 call","SPX","expired",10,0,0.25,0,-250,250,0.052632,1,4750,"0.09405","0.000198","1","-1.2","2026-08-19 15:23:00","2026-08-19 14:03:00","2026-08-19 16:00:00","2026-08-19 13:31:03","2026-08-19 16:15:00","call side",7715.7,7707.98
"3DTE $140-$350","ironcondor","+7,605 put, -7,615 put, -8,000 call, +8,010 call","SPX","expired",1,5,0.25,0,-25,25,0.025641,1,975,"-64.740983","-0.066265","1","-2.12","2026-08-19 10:32:00","2026-08-18 09:34:00","2026-08-19 16:00:00","2026-08-14 10:00:04","2026-08-19 16:15:00","190",7806.12,7707.98
"IC-SPX-FastPT25-S2-130PM","shortputspread","-7,690 put, +7,685 put","SPX","expired",10,0,0.3,0,-300,300,0.06383,1,4700,"7.61361","0.016131","1","-0.5","2026-08-19 15:08:00","2026-08-19 14:10:00","2026-08-19 16:00:00","2026-08-19 13:31:02","2026-08-19 16:15:00","put side",7715.75,7707.98
"GF-QQQ-IC-SL100","shortcallspread","-720 call, +722 call","QQQ","closed",1,0,0.07,0.01,-7,6,0.031088,0.857143,193,"-3.78127","-0.019694","1","-0.85714286","2026-08-19 15:30:00","2026-08-19 14:03:00","2026-08-19 16:00:00","2026-08-19 13:52:14","2026-08-19 15:50:01","call side",716.88,715.6
"GF-QQQ-IC-Ride-Delta","shortputspread","-712 put, +710 put","QQQ","closed",1,0,0.07,0.01,-7,6,0.031088,0.857143,193,"1.54891","0.008067","1","-0.42857143","2026-08-19 15:17:00","2026-08-19 14:10:00","2026-08-19 16:00:00","2026-08-19 13:33:14","2026-08-19 15:50:01","put side",716.14,715.6
"GF-QQQ-IC-SL200","shortcallspread","-720 call, +722 call","QQQ","closed",1,0,0.07,0.01,-7,6,0.031088,0.857143,193,"-3.78127","-0.019694","1","-0.85714286","2026-08-19 15:30:00","2026-08-19 14:03:00","2026-08-19 16:00:00","2026-08-19 13:52:14","2026-08-19 15:50:01","call side",716.88,715.6
"GF-QQQ-IC-Touch0","shortputspread","-712 put, +710 put","QQQ","closed",1,0,0.07,0.01,-7,6,0.031088,0.857143,193,"1.54891","0.008067","1","-0.42857143","2026-08-19 15:17:00","2026-08-19 14:10:00","2026-08-19 16:00:00","2026-08-19 13:33:12","2026-08-19 15:50:01","put side",716.14,715.6
"GF-QQQ-IC-SL100","shortputspread","-712 put, +710 put","QQQ","closed",1,0,0.07,0.01,-7,6,0.031088,0.857143,193,"1.54891","0.008067","1","-0.42857143","2026-08-19 15:17:00","2026-08-19 14:10:00","2026-08-19 16:00:00","2026-08-19 13:33:12","2026-08-19 15:50:01","put side",716.14,715.6
"GF-QQQ-IC-Ride-Delta","shortputspread","-712 put, +710 put","QQQ","closed",1,0,0.07,0.01,-7,6,0.031088,0.857143,193,"1.54891","0.008067","1","-0.42857143","2026-08-19 15:17:00","2026-08-19 14:10:00","2026-08-19 16:00:00","2026-08-19 13:33:12","2026-08-19 15:50:01","put side",716.14,715.6
"GF-QQQ-IC-Ride","shortputspread","-712 put, +710 put","QQQ","closed",1,0,0.07,0.01,-7,6,0.031088,0.857143,193,"1.54891","0.008067","1","-0.42857143","2026-08-19 15:17:00","2026-08-19 14:10:00","2026-08-19 16:00:00","2026-08-19 13:33:12","2026-08-19 15:50:01","put side",716.14,715.6
"GF-QQQ-IC-SL200","shortputspread","-712 put, +710 put","QQQ","closed",1,0,0.07,0.01,-7,6,0.031088,0.857143,193,"1.54891","0.008067","1","-0.42857143","2026-08-19 15:17:00","2026-08-19 14:10:00","2026-08-19 16:00:00","2026-08-19 13:33:12","2026-08-19 15:50:01","put side",716.14,715.6
"GF-QQQ-IC-Ride","shortcallspread","-720 call, +722 call","QQQ","closed",1,0,0.07,0.01,-7,6,0.031088,0.857143,193,"-3.78127","-0.019694","1","-0.85714286","2026-08-19 15:30:00","2026-08-19 14:03:00","2026-08-19 16:00:00","2026-08-19 13:52:14","2026-08-19 15:50:01","call side",716.88,715.6
"GF-QQQ-IC-Touch0","shortcallspread","-720 call, +722 call","QQQ","closed",1,0,0.07,0.01,-7,6,0.031088,0.857143,193,"-3.78127","-0.019694","1","-0.85714286","2026-08-19 15:30:00","2026-08-19 14:03:00","2026-08-19 16:00:00","2026-08-19 13:52:14","2026-08-19 15:50:01","call side",716.88,715.6
"GF-QQQ-IC-Trail","shortcallspread","-720 call, +722 call","QQQ","closed",1,0,0.07,0.05,-7,2,0.010363,0.285714,193,"-3.78127","-0.019694","0.71428571","-0.85714286","2026-08-19 14:10:00","2026-08-19 14:03:00","2026-08-19 16:00:00","2026-08-19 13:52:14","2026-08-19 14:12:11","call side",716.88,716.12
"GF-QQQ-IC-PT50","shortcallspread","-720 call, +722 call","QQQ","closed",1,0,0.07,0.03,-7,4,0.020725,0.571429,193,"-3.78127","-0.019694","0.71428571","-0.85714286","2026-08-19 14:10:00","2026-08-19 14:03:00","2026-08-19 16:00:00","2026-08-19 13:52:14","2026-08-19 14:10:07","call side",716.88,715.65
"GF-QQQ-IC-Canary","shortcallspread","-720 call, +722 call","QQQ","closed",1,0,0.07,0.05,-7,2,0.010363,0.285714,193,"-3.78127","-0.019694","0.42857143","-0.85714286","2026-08-19 14:09:00","2026-08-19 14:03:00","2026-08-19 16:00:00","2026-08-19 13:52:14","2026-08-19 14:09:06","call side",716.88,715.92
"GF-QQQ-IC-PT50","shortputspread","-712 put, +710 put","QQQ","closed",1,0,0.07,0.03,-7,4,0.020725,0.571429,193,"1.54891","0.008067","0.71428571","-0.14285714","2026-08-19 14:04:00","2026-08-19 13:33:12","2026-08-19 16:00:00","2026-08-19 13:33:12","2026-08-19 14:04:06","put side",716.14,717.46
"GF-QQQ-IC-Trail","shortputspread","-712 put, +710 put","QQQ","closed",1,0,0.07,0.06,-7,1,0.005181,0.142857,193,"1.54891","0.008067","0.57142857","-0.14285714","2026-08-19 13:54:00","2026-08-19 13:33:12","2026-08-19 16:00:00","2026-08-19 13:33:12","2026-08-19 14:00:12","put side",716.14,716.57
"GF-QQQ-IC-Canary","shortputspread","-712 put, +710 put","QQQ","closed",1,0,0.07,0.06,-7,1,0.005181,0.142857,193,"1.54891","0.008067","0.28571429","-0.14285714","2026-08-19 13:37:00","2026-08-19 13:33:12","2026-08-19 16:00:00","2026-08-19 13:33:12","2026-08-19 13:37:06","put side",716.14,716.38
"DIR-SPX-CallVIXdrop","longcallspread","+7,740 call, -7,755 call","SPX","closed",1,0,6.4,3.2,640,-320,-0.5,-0.5,640,"-42.01019","-0.065641","0.015625","-0.5046875","2026-08-19 11:00:03","2026-08-19 11:28:00","2026-08-19 16:00:00","2026-08-19 11:00:03","2026-08-19 11:28:00",,7741.48,7730.43
"IC-SPX-FastPT25-S2","shortputspread","-7,685 put, +7,680 put","SPX","closed",10,0,0.1,0.1,-100,0,0,0,4900,"7.6076","0.015526","0","0","2026-08-19 11:02:01","2026-08-19 11:02:01","2026-08-19 16:00:00","2026-08-19 11:02:01","2026-08-19 11:04:03","put side",7741.9,7740.73
"60min-ORB-10W-Paper-v1","shortputspread","-7,700 put, +7,690 put","SPX","closed",1,0,0.85,0.35,-85,50,0.054645,0.588235,915,"9.39908","0.010239","0.58823529","-0.08235294","2026-08-19 11:00:00","2026-08-19 10:50:00","2026-08-19 16:00:00","2026-08-19 10:45:03","2026-08-19 11:00:01","test a",7729.52,7741.5
"IC-SPX-FastPT25-S2-130PM","shortcallspread","-7,720 call, +7,725 call","SPX","expired",10,0,0.25,0,-250,250,0.052632,1,4750,"-23.18466","-0.04881","1","-0.2","2026-08-18 15:34:00","2026-08-18 13:32:00","2026-08-18 16:00:00","2026-08-18 13:31:03","2026-08-18 16:15:00","call side",7701.63,7691.76
"IC-SPX-FastPT25-S2-130PM","shortputspread","-7,680 put, +7,675 put","SPX","expired",10,0,0.25,0,-250,250,0.052632,1,4750,"-8.71054","-0.018338","1","-0.6","2026-08-18 15:25:00","2026-08-18 14:00:00","2026-08-18 16:00:00","2026-08-18 13:31:02","2026-08-18 16:15:00","put side",7701.39,7691.76
"60min-ORB-10W-Paper-v1","shortcallspread","-7,715 call, +7,725 call","SPX","closed",1,0,1.7,1.2,-170,50,0.060241,0.294118,830,"19.14468","0.022983","0.29411765","-0.48235294","2026-08-18 13:18:00","2026-08-18 12:23:00","2026-08-18 16:00:00","2026-08-18 11:15:07","2026-08-18 13:18:00","test b",7696.74,7704.01
"IC-SPX-FastPT25-S2","shortputspread","-7,640 put, +7,635 put","SPX","closed",10,0,0.15,0.15,-150,0,0,0,4850,"12.84216","0.026479","0.2","0","2026-08-18 11:03:00","2026-08-18 11:01:02","2026-08-18 16:00:00","2026-08-18 11:01:02","2026-08-18 11:03:03","put side",7696.65,7696.87
"IC-SPX-FastPT25-S2-130PM","shortcallspread","-7,775 call, +7,780 call","SPX","expired",10,0,0.3,0,-300,300,0.06383,1,4700,"-19.08616","-0.040609","1","0","2026-08-17 15:02:00","2026-08-17 13:31:02","2026-08-17 16:00:00","2026-08-17 13:31:03","2026-08-17 16:15:00","call side",7756.54,7745.06
"IC-SPX-FastPT25-S2-130PM","shortputspread","-7,730 put, +7,725 put","SPX","expired",10,0,0.25,0,-250,250,0.052632,1,4750,"3.29193","0.006887","1","-0.28","2026-08-17 14:49:00","2026-08-17 13:40:00","2026-08-17 16:00:00","2026-08-17 13:31:01","2026-08-17 16:15:00","put side",7756.31,7745.06
"GF-QQQ-IC-SL200","shortputspread","-727 put, +725 put","QQQ","closed",1,0,0.1,0.01,-10,9,0.047368,0.9,190,"-4.48366","-0.023723","1","0","2026-08-17 14:50:00","2026-08-17 13:35:12","2026-08-17 16:00:00","2026-08-17 13:35:11","2026-08-17 15:50:01","put side",729.96,730.53
"GF-QQQ-IC-Ride-Delta","shortputspread","-727 put, +725 put","QQQ","closed",1,0,0.1,0.01,-10,9,0.047368,0.9,190,"-4.48366","-0.023723","1","0","2026-08-17 14:50:00","2026-08-17 13:35:12","2026-08-17 16:00:00","2026-08-17 13:35:11","2026-08-17 15:50:01","put side",729.96,730.53
"GF-QQQ-IC-Ride-Delta","shortputspread","-727 put, +725 put","QQQ","closed",1,0,0.09,0.01,-9,8,0.041885,0.888889,191,"-4.48366","-0.023723","1","-0.11111111","2026-08-17 14:50:00","2026-08-17 13:35:15","2026-08-17 16:00:00","2026-08-17 13:35:14","2026-08-17 15:50:01","put side",729.91,730.53
"GF-QQQ-IC-Ride","shortputspread","-727 put, +725 put","QQQ","closed",1,0,0.1,0.01,-10,9,0.047368,0.9,190,"-4.48366","-0.023723","1","0","2026-08-17 14:50:00","2026-08-17 13:35:12","2026-08-17 16:00:00","2026-08-17 13:35:11","2026-08-17 15:50:01","put side",729.96,730.53
"GF-QQQ-IC-Touch0","shortputspread","-727 put, +725 put","QQQ","closed",1,0,0.1,0.01,-10,9,0.047368,0.9,190,"-4.48366","-0.023723","1","0","2026-08-17 14:50:00","2026-08-17 13:35:12","2026-08-17 16:00:00","2026-08-17 13:35:11","2026-08-17 15:50:01","put side",729.96,730.53
"GF-QQQ-IC-SL100","shortputspread","-727 put, +725 put","QQQ","closed",1,0,0.1,0.01,-10,9,0.047368,0.9,190,"-4.48366","-0.023723","1","0","2026-08-17 14:50:00","2026-08-17 13:35:12","2026-08-17 16:00:00","2026-08-17 13:35:11","2026-08-17 15:50:01","put side",729.96,730.53
"GF-QQQ-IC-PT50","shortputspread","-727 put, +725 put","QQQ","closed",1,0,0.1,0.05,-10,5,0.026316,0.5,190,"-4.48366","-0.023723","0.6","0","2026-08-17 14:13:00","2026-08-17 13:35:12","2026-08-17 16:00:00","2026-08-17 13:35:11","2026-08-17 14:13:05","put side",729.96,730.22
"GF-QQQ-IC-Canary","shortputspread","-727 put, +725 put","QQQ","closed",1,0,0.1,0.09,-10,1,0.005263,0.1,190,"-4.48366","-0.023723","0.2","0","2026-08-17 13:39:00","2026-08-17 13:35:12","2026-08-17 16:00:00","2026-08-17 13:35:11","2026-08-17 13:39:06","put side",729.96,730.17
"GF-QQQ-IC-Trail","shortputspread","-727 put, +725 put","QQQ","closed",1,0,0.1,0.09,-10,1,0.005263,0.1,190,"-4.48366","-0.023723","0.4","0","2026-08-17 13:37:00","2026-08-17 13:35:12","2026-08-17 16:00:00","2026-08-17 13:35:11","2026-08-17 13:38:11","put side",729.96,730.1
"IC-SPX-FastPT25-S2-130PM","shortputspread","-7,760 put, +7,755 put","SPX","expired",10,0,0.25,0,-250,250,0.052632,1,4750,"-18.20882","-0.038334","1","-0.4","2026-08-14 14:51:00","2026-08-14 13:42:00","2026-08-14 16:00:00","2026-08-14 13:31:00","2026-08-14 16:15:00","put side",7779.61,7785.76
"IC-SPX-FastPT25-S2-130PM","shortcallspread","-7,795 call, +7,800 call","SPX","expired",10,0,0.3,0,-300,300,0.06383,1,4700,"-39.02173","-0.083025","1","-0.56666667","2026-08-14 15:56:00","2026-08-14 14:14:00","2026-08-14 16:00:00","2026-08-14 13:31:02","2026-08-14 16:15:00","call side",7779.79,7785.76
"GF-QQQ-IC-Ride-Delta","shortputspread","-726 put, +724 put","QQQ","closed",1,0,0.07,0.01,-7,6,0.031088,0.857143,193,"-9.1754","-0.047789","1","-0.14285714","2026-08-14 15:12:00","2026-08-14 13:39:13","2026-08-14 16:00:00","2026-08-14 13:39:13","2026-08-14 15:50:01","put side",728.87,730.41
"GF-QQQ-IC-SL200","shortputspread","-726 put, +724 put","QQQ","closed",1,0,0.07,0.01,-7,6,0.031088,0.857143,193,"-9.1754","-0.047789","1","-0.14285714","2026-08-14 15:12:00","2026-08-14 13:39:11","2026-08-14 16:00:00","2026-08-14 13:39:11","2026-08-14 15:50:01","put side",728.87,730.41
"GF-QQQ-IC-Ride","shortputspread","-726 put, +724 put","QQQ","closed",1,0,0.07,0.01,-7,6,0.031088,0.857143,193,"-9.1754","-0.047789","1","-0.14285714","2026-08-14 15:12:00","2026-08-14 13:39:11","2026-08-14 16:00:00","2026-08-14 13:39:11","2026-08-14 15:50:01","put side",728.87,730.41
"GF-QQQ-IC-Ride-Delta","shortputspread","-726 put, +724 put","QQQ","closed",1,0,0.07,0.01,-7,6,0.031088,0.857143,193,"-9.1754","-0.047789","1","-0.14285714","2026-08-14 15:12:00","2026-08-14 13:39:11","2026-08-14 16:00:00","2026-08-14 13:39:11","2026-08-14 15:50:01","put side",728.87,730.41
"GF-QQQ-IC-Touch0","shortputspread","-726 put, +724 put","QQQ","closed",1,0,0.07,0.01,-7,6,0.031088,0.857143,193,"-9.1754","-0.047789","1","-0.14285714","2026-08-14 15:12:00","2026-08-14 13:39:11","2026-08-14 16:00:00","2026-08-14 13:39:11","2026-08-14 15:50:01","put side",728.87,730.41
"GF-QQQ-IC-Trail","shortputspread","-726 put, +724 put","QQQ","closed",1,0,0.07,0.01,-7,6,0.031088,0.857143,193,"-9.1754","-0.047789","1","-0.14285714","2026-08-14 15:12:00","2026-08-14 13:39:11","2026-08-14 16:00:00","2026-08-14 13:39:11","2026-08-14 15:50:01","put side",728.87,730.41
"GF-QQQ-IC-SL100","shortputspread","-726 put, +724 put","QQQ","closed",1,0,0.07,0.01,-7,6,0.031088,0.857143,193,"-9.1754","-0.047789","1","-0.14285714","2026-08-14 15:12:00","2026-08-14 13:39:11","2026-08-14 16:00:00","2026-08-14 13:39:11","2026-08-14 15:50:01","put side",728.87,730.41
"GF-QQQ-IC-PT50","shortputspread","-726 put, +724 put","QQQ","closed",1,0,0.07,0.03,-7,4,0.020725,0.571429,193,"-9.1754","-0.047789","0.71428571","-0.14285714","2026-08-14 14:06:00","2026-08-14 13:39:11","2026-08-14 16:00:00","2026-08-14 13:39:11","2026-08-14 14:06:06","put side",728.87,729.73
"GF-QQQ-IC-Canary","shortputspread","-726 put, +724 put","QQQ","closed",1,0,0.07,0.06,-7,1,0.005181,0.142857,193,"-9.1754","-0.047789","0.28571429","-0.14285714","2026-08-14 13:46:00","2026-08-14 13:39:11","2026-08-14 16:00:00","2026-08-14 13:39:11","2026-08-14 13:46:06","put side",728.87,729.05
"IC-SPX-FastPT25-S2","shortputspread","-7,725 put, +7,720 put","SPX","closed",10,0,0.1,0.1,-100,0,0,0,4900,"8.23348","0.016803","0.5","0","2026-08-14 11:28:00","2026-08-14 11:27:00","2026-08-14 16:00:00","2026-08-14 11:27:00","2026-08-14 11:29:01","put side",7781.41,7781.88
"60min-ORB-10W-Paper-v1","shortcallspread","-7,815 call, +7,825 call","SPX","closed",1,0,0.95,0.45,-95,50,0.055249,0.526316,905,"-36.15683","-0.039733","0.52631579","-0.10526316","2026-08-14 11:00:00","2026-08-14 10:47:00","2026-08-14 16:00:00","2026-08-14 10:45:06","2026-08-14 11:00:01","test b",7793.16,7789.18
"Nigiri-Paper-v1","shortputspread","-750 put, +745 put","SPY","closed",10,1,0.09,0.07,-90,20,0.004073,0.222222,4910,"0.0486","0.000099","0.44444444","-0.22222222","2026-08-14 09:36:00","2026-08-13 11:29:00","2026-08-21 16:00:00","2026-08-13 09:49:30","2026-08-14 09:45:13","",776.81,778.52
"IC-SPX-FastPT25-S2-130PM","shortcallspread","-7,810 call, +7,815 call","SPX","expired",10,0,0.3,0,-300,300,0.06383,1,4700,"-39.48096","-0.084002","1","-3.1","2026-08-13 15:56:00","2026-08-13 15:10:00","2026-08-13 16:00:00","2026-08-13 13:31:04","2026-08-13 16:15:00","call side",7794.95,7798.99
"IC-SPX-FastPT25-S2-130PM","shortputspread","-7,775 put, +7,770 put","SPX","expired",10,0,0.25,0,-250,250,0.052632,1,4750,"-15.56051","-0.032759","1","-0.8","2026-08-13 15:01:00","2026-08-13 13:38:00","2026-08-13 16:00:00","2026-08-13 13:31:02","2026-08-13 16:15:00","put side",7795.05,7798.99
"3DTE $140-$350","ironcondor","+7,580 put, -7,590 put, -7,935 call, +7,945 call","SPX","expired",1,3,0.45,0,-45,45,0.04712,1,955,"-9.185371","-0.009618","1","-0.22222222","2026-08-12 13:43:00","2026-08-10 12:45:00","2026-08-13 16:00:00","2026-08-10 10:00:03","2026-08-13 16:15:00","170",7760.29,7798.99
"Trendy-Paper-v1","shortputspread","-756 put, +746 put","SPY","closed",1,2,0.71,0.31,-71,40,0.043057,0.56338,929,"-12.6613","-0.013629","0.69014084","-0.35211268","2026-08-13 10:40:00","2026-08-11 14:30:00","2026-08-21 16:00:00","2026-08-11 09:45:22","2026-08-13 11:30:19",,773.36,776.22
"IC-SPX-FastPT25-S2","shortputspread","-7,745 put, +7,740 put","SPX","closed",10,0,0.15,0.15,-150,0,0,0,4850,"9.81588","0.020115","0.2","0","2026-08-13 11:03:01","2026-08-13 11:05:00","2026-08-13 16:00:00","2026-08-13 11:03:01","2026-08-13 11:05:03","put side",7802.03,7797.9
"Nigiri-Paper-v1","shortputspread","-758 put, +753 put","SPY","closed",10,1,0.09,0.02,-90,70,0.014257,0.777778,4910,"4.61619","0.009421","0.88888889","-0.33333333","2026-08-13 09:49:00","2026-08-12 10:05:00","2026-08-14 16:00:00","2026-08-12 09:45:25","2026-08-13 09:49:07","",772.95,776.77
"IC-SPX-FastPT25-S2-130PM","shortputspread","-7,730 put, +7,725 put","SPX","expired",10,0,0.25,0,-250,250,0.052632,1,4750,"-12.2535","-0.025797","1","0","2026-08-12 14:41:00","2026-08-12 13:31:00","2026-08-12 16:00:00","2026-08-12 13:31:01","2026-08-12 16:15:00","put side",7750.71,7748.5
"IC-SPX-FastPT25-S2-130PM","shortcallspread","-7,770 call, +7,775 call","SPX","expired",10,0,0.25,0,-250,250,0.052632,1,4750,"-21.82767","-0.04576","1","-0.6","2026-08-12 15:22:00","2026-08-12 14:42:00","2026-08-12 16:00:00","2026-08-12 13:31:02","2026-08-12 16:15:00","call side",7750.84,7748.5
"DIR-SPX-CallVIXdrop","longcallspread","+7,745 call, -7,760 call","SPX","closed",1,0,6.05,6.7,605,65,0.107438,0.107438,605,"-50.60852","-0.08365","0.81322314","-0.36859504","2026-08-12 14:52:00","2026-08-12 11:41:00","2026-08-12 16:00:00","2026-08-12 11:00:02","2026-08-12 15:50:01",,7744.79,7751.5
"IC-SPX-FastPT25-S2","shortputspread","-7,685 put, +7,680 put","SPX","closed",10,0,0.1,0.1,-100,0,0,0,4900,"8.35145","0.017044","0.2","0","2026-08-12 11:02:00","2026-08-12 11:01:00","2026-08-12 16:00:00","2026-08-12 11:01:01","2026-08-12 11:03:02","put side",7744.07,7743.36
"Nigiri-Paper-v1","shortputspread","-752 put, +747 put","SPY","closed",10,1,0.07,0.04,-70,30,0.006085,0.428571,4930,"6.06709","0.012331","0.57142857","-0.85714286","2026-08-12 09:34:00","2026-08-11 14:30:00","2026-08-14 16:00:00","2026-08-11 10:00:32","2026-08-12 09:45:14","",773.65,772.95
"IC-SPX-FastPT25-S2-130PM","shortcallspread","-7,750 call, +7,755 call","SPX","expired",10,0,0.35,0,-350,350,0.075269,1,4650,"-13.69984","-0.029273","1","-0.28571429","2026-08-11 15:00:00","2026-08-11 13:45:00","2026-08-11 16:00:00","2026-08-11 13:31:03","2026-08-11 16:15:00","call side",7730.92,7728.2
"IC-SPX-FastPT25-S2-130PM","shortputspread","-7,705 put, +7,700 put","SPX","expired",10,0,0.25,0,-250,250,0.052632,1,4750,"5.2887","0.011134","1","-2.6","2026-08-11 15:31:00","2026-08-11 14:30:00","2026-08-11 16:00:00","2026-08-11 13:31:01","2026-08-11 16:15:00","put side",7730.88,7728.2
"60min-ORB-10W-Paper-v1","shortcallspread","-7,770 call, +7,780 call","SPX","closed",1,0,0.8,0.3,-80,50,0.054348,0.625,920,"-50.37399","-0.054754","0.625","-0.0625","2026-08-11 11:48:00","2026-08-11 11:22:00","2026-08-11 16:00:00","2026-08-11 11:15:05","2026-08-11 11:48:00","test b",7749.63,7742.47
"IC-SPX-FastPT25-S2","shortputspread","-7,695 put, +7,690 put","SPX","closed",10,0,0.1,0.05,-100,50,0.010204,0.5,4900,"8.19749","0.01673","0.5","0.2","2026-08-11 11:07:00","2026-08-11 11:08:00","2026-08-11 16:00:00","2026-08-11 11:07:00","2026-08-11 11:09:02","put side",7753.28,7752.08
"Nigiri-Paper-v1","shortputspread","-751 put, +746 put","SPY","closed",10,1,0.08,0.08,-80,0,0,0,4920,"3.99427","0.008135","0.25","-0.375","2026-08-10 10:42:00","2026-08-10 12:46:00","2026-08-14 16:00:00","2026-08-10 09:45:29","2026-08-11 10:00:12","",772.96,773.57
"IC-SPX-FastPT25-S2-130PM","shortputspread","-7,730 put, +7,725 put","SPX","expired",10,0,0.2,0,-200,200,0.041667,1,4800,"-3.44969","-0.007187","1","-0.5","2026-08-10 15:04:00","2026-08-10 13:38:00","2026-08-10 16:00:00","2026-08-10 13:31:00","2026-08-10 16:15:00","put side",7755.09,7753.11
"IC-SPX-FastPT25-S2-130PM","shortcallspread","-7,770 call, +7,775 call","SPX","expired",10,0,0.4,0,-400,400,0.086957,1,4600,"-33.05923","-0.071868","1","0","2026-08-10 15:28:00","2026-08-10 13:31:02","2026-08-10 16:00:00","2026-08-10 13:31:02","2026-08-10 16:15:00","call side",7755.11,7753.11
"60min-ORB-10W-Paper-v1","shortputspread","-7,745 put, +7,735 put","SPX","closed",1,0,0.9,2.4,-90,-150,-0.164835,-1.666667,910,"-19.54287","-0.021476","0.33333333","-1.66666667","2026-08-10 12:01:00","2026-08-10 12:38:00","2026-08-10 16:00:00","2026-08-10 10:45:02","2026-08-10 12:38:00","test a",7769.57,7750.34
"IC-SPX-FastPT25-S2","shortputspread","-7,700 put, +7,695 put","SPX","closed",10,0,0.15,0.1,-150,50,0.010309,0.333333,4850,"12.34917","0.025462","0.33333333","0","2026-08-10 11:02:00","2026-08-10 11:01:00","2026-08-10 16:00:00","2026-08-10 11:01:00","2026-08-10 11:03:02","put side",7756.88,7759.91