Opened,Closed,Symbol,Exp,Type,Legs,Quantity,Status,P/L,Risk,ROR,Premium,Reward/Risk,Open Price,Open Bid Price,Open Ask Price,Close Price,Close Bid Price,Close Ask Price,Max Loss,Max Profit,Price at Open,Price at Close,Test
"Sep 15, 2026 3:00pm","Sep 15, 2026 3:01pm","QQQ","Sep 15, 2026","shortputspread","long put 702 / short put 704","1","profits","2","183","1.09","17","9.29","0.17","0.16","0.18","0.15","0.14","0.16","183","17","704.74","704.85","B"
"Sep 15, 2026 9:35am","Sep 15, 2026 9:36am","QQQ","Sep 15, 2026","shortputspread","long put 704 / short put 706","1","profits","9","154","5.84","46","29.87","0.46","0.45","0.47","0.37","0.36","0.38","154","46","707.89","708.5","A"
"Sep 14, 2026 3:00pm","Sep 14, 2026 4:00pm","QQQ","Sep 14, 2026","shortputspread","long put 709 / short put 711","1","expired","-166","183","-90.71","17","9.29","0.17","0.16","0.18","1.83","","","183","17","711.83","709.17","B"
"Sep 14, 2026 9:35am","Sep 14, 2026 9:42am","QQQ","Sep 14, 2026","shortputspread","long put 699 / short put 701","1","profits","4","155","2.58","45","29.03","0.45","0.44","0.46","0.41","0.4","0.42","155","45","703.33","703.46","A"
"Sep 11, 2026 3:00pm","Sep 11, 2026 3:01pm","QQQ","Sep 11, 2026","shortputspread","long put 713 / short put 715","1","profits","3","186","1.61","14","7.53","0.14","0.13","0.15","0.11","0.1","0.12","186","14","715.96","716.02","B"
"Sep 11, 2026 9:35am","Sep 11, 2026 9:42am","QQQ","Sep 11, 2026","shortputspread","long put 711 / short put 713","1","profits","2","159","1.26","41","25.79","0.41","0.4","0.42","0.39","0.38","0.4","159","41","715.67","715.72","A"
"Sep 10, 2026 3:00pm","Sep 10, 2026 3:43pm","QQQ","Sep 10, 2026","shortputspread","long put 707 / short put 709","1","profits","5","163","3.07","37","22.7","0.37","0.36","0.38","0.32","0.31","0.33","163","37","709.58","709.33","B"
"Sep 10, 2026 9:35am","Sep 10, 2026 9:36am","QQQ","Sep 10, 2026","shortputspread","long put 703 / short put 705","1","profits","6","155","3.87","45","29.03","0.45","0.44","0.46","0.39","0.38","0.4","155","45","707.78","708.15","A"
"Sep 9, 2026 3:00pm","Sep 9, 2026 3:08pm","QQQ","Sep 9, 2026","shortputspread","long put 713 / short put 715","1","profits","1","189","0.53","11","5.82","0.11","0.1","0.12","0.1","0.09","0.11","189","11","716.17","716.28","B"
"Sep 9, 2026 9:35am","Sep 9, 2026 9:36am","QQQ","Sep 9, 2026","shortputspread","long put 712 / short put 714","1","profits","3","163","1.84","37","22.7","0.37","0.36","0.38","0.34","0.33","0.36","163","37","716.92","717.14","A"
"Sep 8, 2026 3:00pm","Sep 8, 2026 3:01pm","QQQ","Sep 8, 2026","shortputspread","long put 716 / short put 718","1","profits","1","184","0.54","16","8.7","0.16","0.15","0.17","0.15","0.14","0.16","184","16","719.3","719.35","B"
"Sep 8, 2026 9:35am","Sep 8, 2026 9:39am","QQQ","Sep 8, 2026","shortputspread","long put 716 / short put 718","1","profits","4","156","2.56","44","28.21","0.44","0.43","0.46","0.4","0.39","0.41","156","44","719.83","719.97","A"
"Sep 4, 2026 3:00pm","Sep 4, 2026 3:34pm","QQQ","Sep 4, 2026","shortputspread","long put 715 / short put 717.50","1","profits","5","235","2.13","15","6.38","0.15","0.14","0.16","0.1","0.09","0.11","235","15","718.24","718.23","B"
"Sep 4, 2026 9:35am","Sep 4, 2026 9:38am","QQQ","Sep 4, 2026","shortputspread","long put 716 / short put 718","1","profits","3","158","1.9","42","26.58","0.42","0.41","0.44","0.39","0.38","0.4","158","42","720.46","720.55","A"
"Sep 3, 2026 3:00pm","Sep 3, 2026 4:00pm","QQQ","Sep 3, 2026","shortputspread","long put 716 / short put 718","1","expired","-7","174","-4.02","26","14.94","0.26","0.25","0.27","0.33","","","174","26","718.53","717.67","B"
"Sep 3, 2026 9:35am","Sep 3, 2026 9:36am","QQQ","Sep 3, 2026","shortputspread","long put 706 / short put 708","1","profits","1","164","0.61","36","21.95","0.36","0.35","0.37","0.35","0.34","0.36","164","36","710.95","710.87","A"
"Sep 2, 2026 3:00pm","Sep 2, 2026 3:03pm","QQQ","Sep 2, 2026","shortputspread","long put 705 / short put 707","1","profits","1","166","0.6","34","20.48","0.34","0.33","0.35","0.33","0.32","0.34","166","34","708.22","708.23","B"
"Sep 2, 2026 9:35am","Sep 2, 2026 9:40am","QQQ","Sep 2, 2026","shortputspread","long put 702 / short put 704","1","profits","3","158","1.9","42","26.58","0.42","0.41","0.43","0.39","0.38","0.4","158","42","706.72","706.79","A"
"Sep 1, 2026 3:00pm","Sep 1, 2026 3:01pm","QQQ","Sep 1, 2026","shortputspread","long put 703 / short put 705","1","profits","2","179","1.12","21","11.73","0.21","0.2","0.22","0.19","0.18","0.2","179","21","706.44","706.63","B"
"Sep 1, 2026 9:35am","Sep 1, 2026 9:36am","QQQ","Sep 1, 2026","shortputspread","long put 702 / short put 704","1","profits","5","162","3.09","38","23.46","0.38","0.37","0.39","0.33","0.32","0.34","162","38","707.06","707.49","A"
"Aug 31, 2026 3:00pm","Aug 31, 2026 3:01pm","QQQ","Aug 31, 2026","shortputspread","long put 711 / short put 713","1","profits","6","186","3.23","14","7.53","0.14","0.13","0.15","0.08","0.07","0.09","186","14","714.35","714.7","B"
"Aug 31, 2026 9:35am","Aug 31, 2026 9:48am","QQQ","Aug 31, 2026","shortputspread","long put 711 / short put 713","1","profits","2","163","1.23","37","22.7","0.37","0.36","0.38","0.35","0.34","0.36","163","37","715.78","715.9","A"
"Aug 28, 2026 3:00pm","Aug 28, 2026 3:02pm","QQQ","Aug 28, 2026","shortputspread","long put 712 / short put 714","1","profits","7","180","3.89","20","11.11","0.2","0.19","0.21","0.13","0.12","0.14","180","20","715.52","715.87","B"
"Aug 28, 2026 9:35am","Aug 28, 2026 9:37am","QQQ","Aug 28, 2026","shortputspread","long put 714 / short put 716","1","profits","6","156","3.85","44","28.21","0.44","0.43","0.46","0.38","0.36","0.4","156","44","719.22","719.77","A"
"Aug 27, 2026 3:00pm","Aug 27, 2026 3:01pm","QQQ","Aug 27, 2026","shortputspread","long put 715 / short put 717","1","profits","4","172","2.33","28","16.28","0.28","0.27","0.29","0.24","0.23","0.25","172","28","718.11","718.28","B"
"Aug 27, 2026 9:35am","Aug 27, 2026 9:36am","QQQ","Aug 27, 2026","shortputspread","long put 710 / short put 712","1","profits","3","160","1.88","40","25","0.4","0.39","0.41","0.37","0.36","0.39","160","40","715.49","715.7","A"
"Aug 26, 2026 3:00pm","Aug 26, 2026 3:01pm","QQQ","Aug 26, 2026","shortputspread","long put 708 / short put 710","1","profits","7","151","4.64","49","32.45","0.49","0.48","0.5","0.42","0.41","0.43","151","49","711.88","712.4","B"
"Aug 26, 2026 9:35am","Aug 26, 2026 9:37am","QQQ","Aug 26, 2026","shortputspread","long put 705 / short put 707","1","profits","3","155","1.94","45","29.03","0.45","0.42","0.47","0.42","0.4","0.43","155","45","710.33","710.63","A"
"Aug 25, 2026 3:00pm","Aug 25, 2026 3:01pm","QQQ","Aug 25, 2026","shortputspread","long put 707 / short put 709","1","profits","2","189","1.06","11","5.82","0.11","0.1","0.12","0.09","0.08","0.1","189","11","710.26","710.46","B"
"Aug 25, 2026 9:35am","Aug 25, 2026 9:47am","QQQ","Aug 25, 2026","shortputspread","long put 709 / short put 711","1","profits","7","154","4.55","46","29.87","0.46","0.45","0.47","0.39","0.38","0.4","154","46","713.11","713.3","A"
"Aug 24, 2026 3:00pm","Aug 24, 2026 3:01pm","QQQ","Aug 24, 2026","shortputspread","long put 705 / short put 707","1","profits","1","172","0.58","28","16.28","0.28","0.27","0.29","0.27","0.26","0.28","172","28","707.63","707.63","B"
"Aug 24, 2026 9:35am","Aug 24, 2026 9:36am","QQQ","Aug 24, 2026","shortputspread","long put 702 / short put 704","1","profits","6","159","3.77","41","25.79","0.41","0.4","0.42","0.35","0.34","0.36","159","41","706.67","707.27","A"
"Aug 21, 2026 3:00pm","Aug 21, 2026 3:01pm","QQQ","Aug 21, 2026","shortputspread","long put 711 / short put 713","1","profits","3","174","1.72","26","14.94","0.26","0.25","0.27","0.23","0.22","0.24","174","26","713.55","713.68","B"
"Aug 21, 2026 9:35am","Aug 21, 2026 9:36am","QQQ","Aug 21, 2026","shortputspread","long put 708 / short put 710","1","profits","3","154","1.95","46","29.87","0.46","0.45","0.47","0.43","0.42","0.44","154","46","712.63","712.75","A"
"Aug 20, 2026 3:00pm","Aug 20, 2026 3:01pm","QQQ","Aug 20, 2026","shortputspread","long put 706 / short put 708","1","profits","4","180","2.22","20","11.11","0.2","0.19","0.21","0.16","0.15","0.17","180","20","709.48","709.69","B"
"Aug 20, 2026 9:35am","Aug 20, 2026 9:36am","QQQ","Aug 20, 2026","shortputspread","long put 708 / short put 710","1","profits","8","160","5","40","25","0.4","0.39","0.41","0.32","0.31","0.33","160","40","713.35","714.43","A"
"Aug 19, 2026 3:00pm","Aug 19, 2026 3:01pm","QQQ","Aug 19, 2026","shortputspread","long put 713 / short put 715","1","profits","5","184","2.72","16","8.7","0.16","0.15","0.17","0.11","0.1","0.12","184","16","716.41","716.73","B"
"Aug 19, 2026 9:35am","Aug 19, 2026 11:18am","QQQ","Aug 19, 2026","shortputspread","long put 715 / short put 717","1","profits","2","156","1.28","44","28.21","0.44","0.43","0.46","0.42","0.41","0.43","156","44","719.81","718.55","A"
"Aug 18, 2026 3:00pm","Aug 18, 2026 3:02pm","QQQ","Aug 18, 2026","shortputspread","long put 714 / short put 716","1","profits","2","184","1.09","16","8.7","0.16","0.15","0.17","0.14","0.13","0.15","184","16","717.25","717.3","B"
"Aug 18, 2026 9:35am","Aug 18, 2026 9:36am","QQQ","Aug 18, 2026","shortputspread","long put 715 / short put 717","1","profits","3","160","1.88","40","25","0.4","0.39","0.42","0.37","0.36","0.38","160","40","720.09","720.47","A"
"Aug 17, 2026 3:00pm","Aug 17, 2026 3:01pm","QQQ","Aug 17, 2026","shortputspread","long put 728 / short put 730","1","profits","1","182","0.55","18","9.89","0.18","0.17","0.19","0.17","0.16","0.18","182","18","730.66","730.7","B"
"Aug 17, 2026 9:35am","Aug 17, 2026 9:36am","QQQ","Aug 17, 2026","shortputspread","long put 728 / short put 730","1","profits","9","161","5.59","39","24.22","0.39","0.38","0.4","0.3","0.29","0.32","161","39","732.39","733.09","A"
"Aug 14, 2026 3:00pm","Aug 14, 2026 3:10pm","QQQ","Aug 14, 2026","shortputspread","long put 727 / short put 729","1","profits","5","181","2.76","19","10.5","0.19","0.18","0.2","0.14","0.13","0.15","181","19","729.7","729.78","B"
"Aug 14, 2026 9:35am","Aug 14, 2026 9:40am","QQQ","Aug 14, 2026","shortputspread","long put 728 / short put 730","1","profits","6","160","3.75","40","25","0.4","0.39","0.41","0.34","0.33","0.35","160","40","732.59","732.96","A"
"Aug 13, 2026 3:00pm","Aug 13, 2026 3:01pm","QQQ","Aug 13, 2026","shortputspread","long put 730 / short put 732","1","profits","4","180","2.22","20","11.11","0.2","0.19","0.21","0.16","0.15","0.17","180","20","733.29","733.52","B"
"Aug 13, 2026 9:35am","Aug 13, 2026 9:36am","QQQ","Aug 13, 2026","shortputspread","long put 721 / short put 723","1","profits","7","163","4.29","37","22.7","0.37","0.36","0.38","0.3","0.29","0.32","163","37","726","726.83","A"
"Aug 12, 2026 3:00pm","Aug 12, 2026 3:01pm","QQQ","Aug 12, 2026","shortputspread","long put 722 / short put 724","1","profits","7","168","4.17","32","19.05","0.32","0.31","0.33","0.25","0.24","0.26","168","32","724.64","724.89","B"
"Aug 12, 2026 9:35am","Aug 12, 2026 9:36am","QQQ","Aug 12, 2026","shortputspread","long put 719 / short put 721","1","profits","6","161","3.73","39","24.22","0.39","0.38","0.4","0.33","0.32","0.35","161","39","724.28","724.79","A"
"Aug 11, 2026 3:00pm","Aug 11, 2026 3:03pm","QQQ","Aug 11, 2026","shortputspread","long put 714 / short put 716","1","profits","2","177","1.13","23","12.99","0.23","0.22","0.24","0.21","0.2","0.22","177","23","717.1","717.12","B"
"Aug 11, 2026 9:35am","Aug 11, 2026 9:42am","QQQ","Aug 11, 2026","shortputspread","long put 716 / short put 718","1","profits","3","159","1.89","41","25.79","0.41","0.4","0.43","0.38","0.37","0.4","159","41","720.81","720.99","A"
"Aug 10, 2026 3:00pm","Aug 10, 2026 3:02pm","QQQ","Aug 10, 2026","shortputspread","long put 719 / short put 721","1","profits","2","179","1.12","21","11.73","0.21","0.2","0.22","0.19","0.18","0.2","179","21","721.83","721.9","B"
"Aug 10, 2026 9:35am","Aug 10, 2026 9:36am","QQQ","Aug 10, 2026","shortputspread","long put 716 / short put 718","1","profits","12","155","7.74","45","29.03","0.45","0.44","0.46","0.33","0.32","0.35","155","45","720.84","721.86","A"
"Aug 7, 2026 3:00pm","Aug 7, 2026 3:01pm","QQQ","Aug 7, 2026","shortputspread","long put 717 / short put 719","1","profits","1","183","0.55","17","9.29","0.17","0.16","0.19","0.16","0.15","0.17","183","17","720.37","720.71","B"
"Aug 7, 2026 9:35am","Aug 7, 2026 10:29am","QQQ","Aug 7, 2026","shortputspread","long put 717 / short put 719","1","profits","2","152","1.32","48","31.58","0.48","0.47","0.5","0.46","0.45","0.47","152","48","722.38","721.5","A"
"Aug 6, 2026 3:00pm","Aug 6, 2026 3:01pm","QQQ","Aug 6, 2026","shortputspread","long put 712 / short put 714","1","profits","3","167","1.8","33","19.76","0.33","0.32","0.34","0.3","0.29","0.32","167","33","715.1","715.21","B"
"Aug 6, 2026 9:35am","Aug 6, 2026 9:36am","QQQ","Aug 6, 2026","shortputspread","long put 705 / short put 707","1","profits","6","155","3.87","45","29.03","0.45","0.43","0.46","0.39","0.38","0.41","155","45","710.92","711.61","A"
"Aug 5, 2026 3:00pm","Aug 5, 2026 3:01pm","QQQ","Aug 5, 2026","shortputspread","long put 717 / short put 719","1","profits","7","164","4.27","36","21.95","0.36","0.35","0.37","0.29","0.28","0.3","164","36","720.09","720.41","B"
"Aug 5, 2026 9:35am","Aug 5, 2026 9:43am","QQQ","Aug 5, 2026","shortputspread","long put 720 / short put 722","1","profits","5","153","3.27","47","30.72","0.47","0.45","0.49","0.42","0.4","0.44","153","47","727.09","727.59","A"
"Aug 4, 2026 3:00pm","Aug 4, 2026 3:01pm","QQQ","Aug 4, 2026","shortputspread","long put 720 / short put 722","1","profits","7","163","4.29","37","22.7","0.37","0.36","0.39","0.3","0.29","0.31","163","37","723.85","724.34","B"
"Aug 4, 2026 9:35am","Aug 4, 2026 9:36am","QQQ","Aug 4, 2026","shortputspread","long put 706 / short put 708","1","profits","4","158","2.53","42","26.58","0.42","0.41","0.43","0.38","0.36","0.39","158","42","711.77","712.28","A"
"Aug 3, 2026 3:00pm","Aug 3, 2026 3:01pm","QQQ","Aug 3, 2026","shortputspread","long put 697 / short put 699","1","profits","8","172","4.65","28","16.28","0.28","0.27","0.29","0.2","0.19","0.21","172","28","700.22","700.64","B"
"Aug 3, 2026 9:35am","Aug 3, 2026 9:36am","QQQ","Aug 3, 2026","shortputspread","long put 682 / short put 684","1","profits","13","155","8.39","45","29.03","0.45","0.43","0.47","0.32","0.31","0.34","155","45","687.44","689.08","A"
"Jul 31, 2026 3:00pm","Jul 31, 2026 3:01pm","QQQ","Jul 31, 2026","shortputspread","long put 685 / short put 687","1","profits","4","176","2.27","24","13.64","0.24","0.23","0.25","0.2","0.19","0.21","176","24","688.71","689.05","B"
"Jul 31, 2026 9:35am","Jul 31, 2026 9:36am","QQQ","Jul 31, 2026","shortputspread","long put 689 / short put 691","1","profits","2","158","1.27","42","26.58","0.42","0.41","0.43","0.4","0.38","0.41","158","42","694.69","695.33","A"
"Jul 30, 2026 3:00pm","Jul 30, 2026 3:01pm","QQQ","Jul 30, 2026","shortputspread","long put 679 / short put 681","1","profits","6","159","3.77","41","25.79","0.41","0.4","0.42","0.35","0.34","0.37","159","41","682.32","682.63","B"
"Jul 30, 2026 9:35am","Jul 30, 2026 9:36am","QQQ","Jul 30, 2026","shortputspread","long put 668 / short put 670","1","profits","2","154","1.3","46","29.87","0.46","0.43","0.48","0.44","0.42","0.45","154","46","674.66","675.14","A"
"Jul 29, 2026 3:00pm","Jul 29, 2026 3:02pm","QQQ","Jul 29, 2026","shortputspread","long put 675 / short put 677","1","profits","9","152","5.92","48","31.58","0.48","0.47","0.5","0.39","0.38","0.4","152","48","679.04","679.82","B"
"Jul 29, 2026 9:35am","Jul 29, 2026 2:40pm","QQQ","Jul 29, 2026","shortputspread","long put 669 / short put 671","1","profits","3","152","1.97","48","31.58","0.48","0.46","0.5","0.45","0.44","0.47","152","48","676.54","674.44","A"
"Jul 28, 2026 3:00pm","Jul 28, 2026 3:01pm","QQQ","Jul 28, 2026","shortputspread","long put 674 / short put 676","1","profits","9","159","5.66","41","25.79","0.41","0.4","0.42","0.32","0.31","0.33","159","41","676.81","677.2","B"
"Jul 28, 2026 9:35am","Jul 28, 2026 9:36am","QQQ","Jul 28, 2026","shortputspread","long put 668 / short put 670","1","profits","8","154","5.19","46","29.87","0.46","0.45","0.47","0.38","0.37","0.4","154","46","674.48","675.33","A"
"Jul 27, 2026 3:00pm","Jul 27, 2026 3:03pm","QQQ","Jul 27, 2026","shortputspread","long put 678 / short put 680","1","profits","2","166","1.2","34","20.48","0.34","0.33","0.35","0.32","0.31","0.34","166","34","681.95","681.87","B"
"Jul 27, 2026 9:35am","Jul 27, 2026 9:36am","QQQ","Jul 27, 2026","shortputspread","long put 685 / short put 687","1","profits","13","157","8.28","43","27.39","0.43","0.42","0.45","0.3","0.29","0.31","157","43","690.41","691.99","A"
"Jul 24, 2026 3:00pm","Jul 24, 2026 3:01pm","QQQ","Jul 24, 2026","shortputspread","long put 681 / short put 683","1","profits","2","168","1.19","32","19.05","0.32","0.31","0.33","0.3","0.29","0.32","168","32","684.64","684.71","B"
"Jul 24, 2026 9:35am","Jul 24, 2026 11:32am","QQQ","Jul 24, 2026","shortputspread","long put 686 / short put 688","1","profits","2","157","1.27","43","27.39","0.43","0.42","0.44","0.41","0.4","0.43","157","43","692","690.28","A"
"Jul 23, 2026 3:00pm","Jul 23, 2026 3:01pm","QQQ","Jul 23, 2026","shortputspread","long put 687 / short put 689","1","profits","3","157","1.91","43","27.39","0.43","0.42","0.43","0.4","0.39","0.42","157","43","690.57","690.65","B"
"Jul 23, 2026 9:35am","Jul 23, 2026 9:37am","QQQ","Jul 23, 2026","shortputspread","long put 689 / short put 691","1","profits","5","154","3.25","46","29.87","0.46","0.45","0.48","0.41","0.39","0.43","154","46","695.72","696.41","A"
"Jul 22, 2026 3:00pm","Jul 22, 2026 3:01pm","QQQ","Jul 22, 2026","shortputspread","long put 703 / short put 705","1","profits","2","169","1.18","31","18.34","0.31","0.3","0.32","0.29","0.28","0.3","169","31","707.34","707.4","B"
"Jul 22, 2026 9:35am","Jul 22, 2026 9:38am","QQQ","Jul 22, 2026","shortputspread","long put 699 / short put 701","1","profits","2","158","1.27","42","26.58","0.42","0.41","0.44","0.4","0.39","0.41","158","42","705.08","705.29","A"
"Jul 21, 2026 3:00pm","Jul 21, 2026 3:01pm","QQQ","Jul 21, 2026","shortputspread","long put 706 / short put 708","1","profits","1","180","0.56","20","11.11","0.2","0.19","0.21","0.19","0.18","0.2","180","20","709.22","709.26","B"
"Jul 21, 2026 9:35am","Jul 21, 2026 9:36am","QQQ","Jul 21, 2026","shortputspread","long put 699 / short put 701","1","profits","9","158","5.7","42","26.58","0.42","0.4","0.43","0.33","0.32","0.34","158","42","704.77","705.76","A"
"Jul 20, 2026 3:00pm","Jul 20, 2026 3:01pm","QQQ","Jul 20, 2026","shortputspread","long put 695 / short put 697","1","profits","11","161","6.83","39","24.22","0.39","0.38","0.4","0.28","0.27","0.29","161","39","698.07","698.62","B"
"Jul 20, 2026 9:35am","Jul 20, 2026 9:37am","QQQ","Jul 20, 2026","shortputspread","long put 699 / short put 701","1","profits","5","160","3.13","40","25","0.4","0.38","0.42","0.35","0.34","0.37","160","40","704.42","704.75","A"
"Jul 17, 2026 3:00pm","Jul 17, 2026 3:06pm","QQQ","Jul 17, 2026","shortputspread","long put 694 / short put 696","1","profits","1","165","0.61","35","21.21","0.35","0.34","0.36","0.34","0.33","0.35","165","35","697.7","697.47","B"
"Jul 17, 2026 9:35am","Jul 17, 2026 9:52am","QQQ","Jul 17, 2026","shortputspread","long put 683 / short put 685","1","profits","3","151","1.99","49","32.45","0.49","0.46","0.51","0.46","0.45","0.48","151","49","690.28","689.6","A"
"Jul 16, 2026 3:00pm","Jul 16, 2026 3:01pm","QQQ","Jul 16, 2026","shortputspread","long put 702 / short put 704","1","profits","9","168","5.36","32","19.05","0.32","0.31","0.33","0.23","0.22","0.24","168","32","705.77","706.21","B"
"Jul 16, 2026 9:35am","Jul 16, 2026 9:38am","QQQ","Jul 16, 2026","shortputspread","long put 705 / short put 707","1","profits","2","158","1.27","42","26.58","0.42","0.4","0.44","0.4","0.39","0.42","158","42","711.3","711.39","A"
"Jul 15, 2026 9:35am","Jul 15, 2026 4:00pm","QQQ","Jul 15, 2026","shortputspread","long put 719 / short put 721","1","expired","-156","156","-100","44","28.21","0.44","0.43","0.45","2","","","156","44","723.78","717.74","A"
"Jul 15, 2026 3:00pm","Jul 15, 2026 3:02pm","QQQ","Jul 15, 2026","shortputspread","long put 712 / short put 714","1","profits","7","172","4.07","28","16.28","0.28","0.27","0.29","0.21","0.2","0.22","172","28","715.47","715.75","B"
"Jul 14, 2026 3:00pm","Jul 14, 2026 3:01pm","QQQ","Jul 14, 2026","shortputspread","long put 718 / short put 720","1","profits","1","169","0.59","31","18.34","0.31","0.3","0.32","0.3","0.29","0.31","169","31","720.6","720.62","B"
"Jul 14, 2026 9:35am","Jul 14, 2026 9:36am","QQQ","Jul 14, 2026","shortputspread","long put 711 / short put 713","1","profits","2","159","1.26","41","25.79","0.41","0.4","0.43","0.39","0.38","0.4","159","41","717.36","717.71","A"
"Jul 13, 2026 3:00pm","Jul 13, 2026 3:02pm","QQQ","Jul 13, 2026","shortputspread","long put 709 / short put 711","1","profits","6","176","3.41","24","13.64","0.24","0.23","0.25","0.18","0.17","0.19","176","24","712.44","712.77","B"
"Jul 13, 2026 9:35am","Jul 13, 2026 9:36am","QQQ","Jul 13, 2026","shortputspread","long put 711 / short put 713","1","profits","5","156","3.21","44","28.21","0.44","0.42","0.46","0.39","0.38","0.4","156","44","716.22","716.62","A"
"Jul 10, 2026 3:00pm","Jul 10, 2026 3:01pm","QQQ","Jul 10, 2026","shortputspread","long put 723 / short put 725","1","profits","1","169","0.59","31","18.34","0.31","0.3","0.33","0.3","0.29","0.31","169","31","725.48","725.52","B"
"Jul 10, 2026 9:35am","Jul 10, 2026 9:37am","QQQ","Jul 10, 2026","shortputspread","long put 717 / short put 719","1","profits","6","154","3.9","46","29.87","0.46","0.45","0.48","0.4","0.39","0.41","154","46","722.4","722.85","A"
"Jul 9, 2026 3:00pm","Jul 9, 2026 3:19pm","QQQ","Jul 9, 2026","shortputspread","long put 720 / short put 722","1","profits","4","178","2.25","22","12.36","0.22","0.21","0.23","0.18","0.17","0.19","178","22","722.98","723.02","B"
"Jul 9, 2026 9:35am","Jul 9, 2026 9:36am","QQQ","Jul 9, 2026","shortputspread","long put 713 / short put 715","1","profits","6","155","3.87","45","29.03","0.45","0.44","0.46","0.39","0.38","0.41","155","45","719.07","719.81","A"
"Jul 8, 2026 3:00pm","Jul 8, 2026 3:01pm","QQQ","Jul 8, 2026","shortputspread","long put 706 / short put 708","1","profits","6","173","3.47","27","15.61","0.27","0.26","0.28","0.21","0.2","0.22","173","27","709.91","710.28","B"
"Jul 8, 2026 9:35am","Jul 8, 2026 9:40am","QQQ","Jul 8, 2026","shortputspread","long put 700 / short put 702","1","profits","4","158","2.53","42","26.58","0.42","0.4","0.44","0.38","0.37","0.4","158","42","707.4","707.82","A"
"Jul 7, 2026 3:00pm","Jul 7, 2026 3:06pm","QQQ","Jul 7, 2026","shortputspread","long put 706 / short put 708","1","profits","2","166","1.2","34","20.48","0.34","0.33","0.35","0.32","0.31","0.33","166","34","709.3","709.38","B"
"Jul 7, 2026 9:35am","Jul 7, 2026 9:37am","QQQ","Jul 7, 2026","shortputspread","long put 706 / short put 708","1","profits","5","157","3.18","43","27.39","0.43","0.4","0.46","0.38","0.35","0.41","157","43","712.65","713.12","A"
"Jul 6, 2026 3:00pm","Jul 6, 2026 3:01pm","QQQ","Jul 6, 2026","shortputspread","long put 721 / short put 723","1","profits","2","167","1.2","33","19.76","0.33","0.32","0.35","0.31","0.3","0.32","167","33","723.69","723.83","B"
"Jul 6, 2026 9:35am","Jul 6, 2026 9:46am","QQQ","Jul 6, 2026","shortputspread","long put 716 / short put 718","1","profits","5","162","3.09","38","23.46","0.38","0.37","0.4","0.33","0.31","0.35","162","38","722.04","722.68","A"
"Jul 2, 2026 3:00pm","Jul 2, 2026 3:51pm","QQQ","Jul 2, 2026","shortputspread","long put 708 / short put 710","1","profits","22","162","13.58","38","23.46","0.38","0.37","0.4","0.16","0.15","0.17","162","38","711.48","711.74","B"
"Jul 2, 2026 9:35am","Jul 2, 2026 9:37am","QQQ","Jul 2, 2026","shortputspread","long put 721 / short put 723","1","profits","4","158","2.53","42","26.58","0.42","0.41","0.44","0.38","0.36","0.4","158","42","726.95","727.29","A"
"Jul 1, 2026 3:00pm","Jul 1, 2026 3:01pm","QQQ","Jul 1, 2026","shortputspread","long put 723 / short put 725","1","profits","4","173","2.31","27","15.61","0.27","0.26","0.28","0.23","0.22","0.24","173","27","726.48","726.59","B"
"Jul 1, 2026 9:35am","Jul 1, 2026 9:39am","QQQ","Jul 1, 2026","shortputspread","long put 719 / short put 721","1","profits","2","158","1.27","42","26.58","0.42","0.39","0.45","0.4","0.38","0.42","158","42","726.22","726.33","A"
"Jun 30, 2026 3:00pm","Jun 30, 2026 3:01pm","QQQ","Jun 30, 2026","shortputspread","long put 733 / short put 735","1","profits","6","163","3.68","37","22.7","0.37","0.36","0.38","0.31","0.3","0.32","163","37","736.49","736.74","B"
"Jun 30, 2026 9:35am","Jun 30, 2026 9:36am","QQQ","Jun 30, 2026","shortputspread","long put 721 / short put 723","1","profits","11","154","7.14","46","29.87","0.46","0.44","0.48","0.35","0.34","0.37","154","46","727.39","729.03","A"
"Jun 29, 2026 3:00pm","Jun 29, 2026 3:02pm","QQQ","Jun 29, 2026","shortputspread","long put 720 / short put 722","1","profits","1","172","0.58","28","16.28","0.28","0.27","0.29","0.27","0.26","0.28","172","28","723.54","723.53","B"
"Jun 29, 2026 9:35am","Jun 29, 2026 9:43am","QQQ","Jun 29, 2026","shortputspread","long put 710 / short put 712","1","profits","3","159","1.89","41","25.79","0.41","0.39","0.43","0.38","0.35","0.4","159","41","716.79","716.63","A"
"Jun 26, 2026 3:00pm","Jun 26, 2026 3:01pm","QQQ","Jun 26, 2026","shortputspread","long put 704 / short put 706","1","profits","3","164","1.83","36","21.95","0.36","0.34","0.37","0.33","0.32","0.34","164","36","708.37","708.48","B"
"Jun 26, 2026 9:35am","Jun 26, 2026 9:36am","QQQ","Jun 26, 2026","shortputspread","long put 696 / short put 698","1","profits","11","151","7.28","49","32.45","0.49","0.48","0.51","0.38","0.35","0.41","151","49","704.04","706.18","A"
"Jun 25, 2026 3:00pm","Jun 25, 2026 4:00pm","QQQ","Jun 25, 2026","shortputspread","long put 713 / short put 715","1","expired","40","160","25","40","25","0.4","0.38","0.41","0","","","160","40","716.75","716.38","B"
"Jun 25, 2026 9:35am","Jun 25, 2026 9:36am","QQQ","Jun 25, 2026","shortputspread","long put 716 / short put 718","1","profits","5","154","3.25","46","29.87","0.46","0.45","0.48","0.41","0.39","0.42","154","46","723.58","724.29","A"
"Jun 24, 2026 3:00pm","Jun 24, 2026 3:03pm","QQQ","Jun 24, 2026","shortputspread","long put 701 / short put 703","1","profits","2","160","1.25","40","25","0.4","0.39","0.42","0.38","0.37","0.39","160","40","706.41","706.63","B"
"Jun 24, 2026 9:35am","Jun 24, 2026 9:36am","QQQ","Jun 24, 2026","shortputspread","long put 710 / short put 712","1","profits","3","151","1.99","49","32.45","0.49","0.46","0.51","0.46","0.44","0.48","151","49","717.74","717.93","A"
"Jun 23, 2026 3:00pm","Jun 23, 2026 3:01pm","QQQ","Jun 23, 2026","shortputspread","long put 709 / short put 711","1","profits","2","169","1.18","31","18.34","0.31","0.3","0.33","0.29","0.28","0.3","169","31","713.38","713.62","B"
"Jun 23, 2026 9:35am","Jun 23, 2026 9:40am","QQQ","Jun 23, 2026","shortputspread","long put 709 / short put 711","1","profits","4","155","2.58","45","29.03","0.45","0.42","0.48","0.41","0.39","0.43","155","45","716.91","717.21","A"
"Jun 22, 2026 3:00pm","Jun 22, 2026 3:02pm","QQQ","Jun 22, 2026","shortputspread","long put 732 / short put 734","1","profits","4","176","2.27","24","13.64","0.24","0.23","0.25","0.2","0.19","0.21","176","24","735.73","735.95","B"
"Jun 22, 2026 9:35am","Jun 22, 2026 9:36am","QQQ","Jun 22, 2026","shortputspread","long put 735 / short put 737","1","profits","11","158","6.96","42","26.58","0.42","0.4","0.44","0.31","0.29","0.32","158","42","741.14","742.64","A"
"Jun 18, 2026 3:00pm","Jun 18, 2026 3:01pm","QQQ","Jun 18, 2026","shortputspread","long put 736 / short put 738","1","profits","1","179","0.56","21","11.73","0.21","0.2","0.22","0.2","0.19","0.21","179","21","739.48","739.52","B"
"Jun 18, 2026 9:35am","Jun 18, 2026 9:50am","QQQ","Jun 18, 2026","shortputspread","long put 729 / short put 731","1","profits","8","151","5.3","49","32.45","0.49","0.48","0.5","0.41","0.4","0.42","151","49","734.62","734.97","A"
"Jun 17, 2026 3:00pm","Jun 17, 2026 3:01pm","QQQ","Jun 17, 2026","shortputspread","long put 725 / short put 727","1","profits","13","152","8.55","48","31.58","0.48","0.47","0.5","0.35","0.32","0.37","152","48","729.42","730.37","B"
"Jun 17, 2026 9:35am","Jun 17, 2026 9:36am","QQQ","Jun 17, 2026","shortputspread","long put 726 / short put 728","1","profits","3","154","1.95","46","29.87","0.46","0.44","0.48","0.43","0.41","0.44","154","46","733.15","733.51","A"
"Jun 16, 2026 3:00pm","Jun 16, 2026 3:02pm","QQQ","Jun 16, 2026","shortputspread","long put 730 / short put 732","1","profits","2","174","1.15","26","14.94","0.26","0.25","0.27","0.24","0.23","0.25","174","26","733.16","733.21","B"
"Jun 16, 2026 9:35am","Jun 16, 2026 9:36am","QQQ","Jun 16, 2026","shortputspread","long put 736 / short put 738","1","profits","9","159","5.66","41","25.79","0.41","0.39","0.43","0.32","0.31","0.33","159","41","741.8","742.82","A"
"Jun 15, 2026 3:00pm","Jun 15, 2026 3:02pm","QQQ","Jun 15, 2026","shortputspread","long put 740 / short put 742","1","profits","4","184","2.17","16","8.7","0.16","0.15","0.17","0.12","0.11","0.13","184","16","743.54","743.7","B"
"Jun 15, 2026 9:35am","Jun 15, 2026 9:36am","QQQ","Jun 15, 2026","shortputspread","long put 733 / short put 735","1","profits","8","158","5.06","42","26.58","0.42","0.41","0.44","0.34","0.33","0.35","158","42","738.64","739.67","A"
"Jun 12, 2026 3:00pm","Jun 12, 2026 3:01pm","QQQ","Jun 12, 2026","shortputspread","long put 718 / short put 720","1","profits","7","156","4.49","44","28.21","0.44","0.43","0.45","0.37","0.36","0.38","156","44","721.17","721.54","B"
"Jun 12, 2026 9:35am","Jun 12, 2026 9:36am","QQQ","Jun 12, 2026","shortputspread","long put 705 / short put 707","1","profits","9","151","5.96","49","32.45","0.49","0.48","0.5","0.4","0.38","0.42","151","49","713.88","715.69","A"
"Jun 11, 2026 3:00pm","Jun 11, 2026 3:01pm","QQQ","Jun 11, 2026","shortputspread","long put 708 / short put 710","1","profits","7","156","4.49","44","28.21","0.44","0.43","0.45","0.37","0.36","0.38","156","44","711.76","712.43","B"
"Jun 11, 2026 9:35am","Jun 11, 2026 9:36am","QQQ","Jun 11, 2026","shortputspread","long put 689 / short put 691","1","profits","3","155","1.94","45","29.03","0.45","0.43","0.48","0.42","0.4","0.44","155","45","697.71","698.32","A"
"Jun 10, 2026 3:00pm","Jun 10, 2026 3:03pm","QQQ","Jun 10, 2026","shortputspread","long put 691 / short put 693","1","profits","4","161","2.48","39","24.22","0.39","0.38","0.41","0.35","0.34","0.36","161","39","695.65","695.91","B"
"Jun 10, 2026 9:35am","Jun 10, 2026 9:36am","QQQ","Jun 10, 2026","shortputspread","long put 691 / short put 693","1","profits","12","151","7.95","49","32.45","0.49","0.46","0.51","0.37","0.36","0.38","151","49","699.84","702.45","A"
"Jun 9, 2026 3:00pm","Jun 9, 2026 3:04pm","QQQ","Jun 9, 2026","shortputspread","long put 702 / short put 704","1","profits","7","163","4.29","37","22.7","0.37","0.36","0.39","0.3","0.29","0.31","163","37","706.73","707.3","B"
"Jun 9, 2026 9:35am","Jun 9, 2026 9:36am","QQQ","Jun 9, 2026","shortputspread","long put 715 / short put 717","1","profits","12","158","7.6","42","26.58","0.42","0.41","0.44","0.3","0.29","0.31","158","42","720.88","722.31","A"
"Jun 8, 2026 3:00pm","Jun 8, 2026 4:00pm","QQQ","Jun 8, 2026","shortputspread","long put 715 / short put 717","1","expired","-59","166","-35.54","34","20.48","0.34","0.33","0.35","0.93","","","166","34","718.2","716.07","B"
"Jun 8, 2026 9:35am","Jun 8, 2026 9:36am","QQQ","Jun 8, 2026","shortputspread","long put 708 / short put 710","1","profits","5","156","3.21","44","28.21","0.44","0.43","0.46","0.39","0.38","0.41","156","44","715.17","716.03","A"
"Jun 5, 2026 9:35am","Jun 5, 2026 4:00pm","QQQ","Jun 5, 2026","shortputspread","long put 725 / short put 727","1","expired","-154","154","-100","46","29.87","0.46","0.44","0.48","2","","","154","46","730.3","705.06","A"
"Jun 5, 2026 3:00pm","Jun 5, 2026 3:04pm","QQQ","Jun 5, 2026","shortputspread","long put 705 / short put 707","1","profits","7","162","4.32","38","23.46","0.38","0.37","0.39","0.31","0.3","0.33","162","38","709.65","710.04","B"
"Jun 4, 2026 3:00pm","Jun 4, 2026 3:01pm","QQQ","Jun 4, 2026","shortputspread","long put 739 / short put 741","1","profits","5","183","2.73","17","9.29","0.17","0.16","0.18","0.12","0.11","0.13","183","17","742.41","742.73","B"
"Jun 4, 2026 9:35am","Jun 4, 2026 9:38am","QQQ","Jun 4, 2026","shortputspread","long put 732 / short put 734","1","profits","3","153","1.96","47","30.72","0.47","0.46","0.49","0.44","0.43","0.46","153","47","737.33","737.52","A"
"Jun 3, 2026 3:00pm","Jun 3, 2026 3:37pm","QQQ","Jun 3, 2026","shortputspread","long put 741 / short put 743","1","profits","2","170","1.18","30","17.65","0.3","0.29","0.31","0.28","0.27","0.29","170","30","744.79","745.15","B"
"Jun 3, 2026 9:35am","Jun 3, 2026 9:39am","QQQ","Jun 3, 2026","shortputspread","long put 741 / short put 743","1","profits","1","160","0.63","40","25","0.4","0.39","0.42","0.39","0.38","0.4","160","40","746.38","746.56","A"
"Jun 2, 2026 3:00pm","Jun 2, 2026 3:01pm","QQQ","Jun 2, 2026","shortputspread","long put 742 / short put 744","1","profits","8","168","4.76","32","19.05","0.32","0.31","0.33","0.24","0.23","0.25","168","32","744.46","744.66","B"
"Jun 2, 2026 9:35am","Jun 2, 2026 9:44am","QQQ","Jun 2, 2026","shortputspread","long put 736 / short put 738","1","profits","2","153","1.31","47","30.72","0.47","0.46","0.49","0.45","0.44","0.46","153","47","740.53","740.7","A"
"Jun 1, 2026 3:00pm","Jun 1, 2026 3:03pm","QQQ","Jun 1, 2026","shortputspread","long put 741 / short put 743","1","profits","3","178","1.69","22","12.36","0.22","0.21","0.23","0.19","0.18","0.2","178","22","743.97","744.14","B"
"Jun 1, 2026 9:35am","Jun 1, 2026 9:36am","QQQ","Jun 1, 2026","shortputspread","long put 733 / short put 735","1","profits","13","154","8.44","46","29.87","0.46","0.45","0.48","0.33","0.32","0.35","154","46","738","739.34","A"
"May 29, 2026 3:00pm","May 29, 2026 3:02pm","QQQ","May 29, 2026","shortputspread","long put 733 / short put 735","1","profits","3","175","1.71","25","14.29","0.25","0.24","0.27","0.22","0.21","0.23","175","25","736.53","736.7","B"
"May 29, 2026 9:35am","May 29, 2026 9:36am","QQQ","May 29, 2026","shortputspread","long put 733 / short put 735","1","profits","12","151","7.95","49","32.45","0.49","0.47","0.51","0.37","0.36","0.38","151","49","737.66","738.74","A"
"May 28, 2026 3:00pm","May 28, 2026 3:04pm","QQQ","May 28, 2026","shortputspread","long put 732 / short put 734","1","profits","1","184","0.54","16","8.7","0.16","0.15","0.17","0.15","0.14","0.16","184","16","735.39","735.5","B"
"May 28, 2026 9:35am","May 28, 2026 9:36am","QQQ","May 28, 2026","shortputspread","long put 723 / short put 725","1","profits","2","160","1.25","40","25","0.4","0.39","0.41","0.38","0.37","0.4","160","40","728.67","728.73","A"
"May 27, 2026 3:00pm","May 27, 2026 3:02pm","QQQ","May 27, 2026","shortputspread","long put 726 / short put 728","1","profits","2","176","1.14","24","13.64","0.24","0.23","0.25","0.22","0.21","0.23","176","24","729.32","729.38","B"
"May 27, 2026 9:35am","May 27, 2026 2:30pm","QQQ","May 27, 2026","shortputspread","long put 727 / short put 729","1","profits","5","153","3.27","47","30.72","0.47","0.45","0.48","0.42","0.41","0.43","153","47","731.84","729.67","A"
"May 26, 2026 3:00pm","May 26, 2026 3:03pm","QQQ","May 26, 2026","shortputspread","long put 726 / short put 728","1","profits","3","166","1.81","34","20.48","0.34","0.33","0.35","0.31","0.3","0.32","166","34","728.63","728.66","B"
"May 26, 2026 9:35am","May 26, 2026 9:38am","QQQ","May 26, 2026","shortputspread","long put 720 / short put 722","1","profits","4","152","2.63","48","31.58","0.48","0.47","0.49","0.44","0.43","0.46","152","48","724.77","724.89","A"
"May 22, 2026 3:00pm","May 22, 2026 4:00pm","QQQ","May 22, 2026","shortputspread","long put 717 / short put 719","1","expired","-118","172","-68.6","28","16.28","0.28","0.27","0.29","1.46","","","172","28","719.81","717.54","B"
"May 22, 2026 9:35am","May 22, 2026 9:37am","QQQ","May 22, 2026","shortputspread","long put 714 / short put 716","1","profits","2","158","1.27","42","26.58","0.42","0.41","0.44","0.4","0.39","0.41","158","42","719.74","719.83","A"
"May 21, 2026 3:00pm","May 21, 2026 3:01pm","QQQ","May 21, 2026","shortputspread","long put 708 / short put 710","1","profits","3","175","1.71","25","14.29","0.25","0.24","0.26","0.22","0.21","0.23","175","25","711.9","712.12","B"
"May 21, 2026 9:35am","May 21, 2026 9:41am","QQQ","May 21, 2026","shortputspread","long put 704 / short put 706","1","profits","3","151","1.99","49","32.45","0.49","0.46","0.51","0.46","0.45","0.48","151","49","710.16","710.03","A"
"May 20, 2026 3:00pm","May 20, 2026 3:01pm","QQQ","May 20, 2026","shortputspread","long put 706 / short put 708","1","profits","4","154","2.6","46","29.87","0.46","0.45","0.47","0.42","0.41","0.43","154","46","710.84","711.36","B"
"May 20, 2026 9:35am","May 20, 2026 9:45am","QQQ","May 20, 2026","shortputspread","long put 701 / short put 703","1","profits","4","148","2.7","52","35.14","0.52","0.51","0.54","0.48","0.46","0.5","148","52","706.8","706.98","A"
"May 19, 2026 3:00pm","May 19, 2026 3:01pm","QQQ","May 19, 2026","shortputspread","long put 699 / short put 701","1","profits","12","169","7.1","31","18.34","0.31","0.3","0.33","0.19","0.18","0.2","169","31","702.45","703.25","B"
"May 19, 2026 9:35am","May 19, 2026 9:36am","QQQ","May 19, 2026","shortputspread","long put 697 / short put 699","1","profits","6","148","4.05","52","35.14","0.52","0.5","0.54","0.46","0.45","0.47","148","52","702.4","703.12","A"
"May 18, 2026 3:00pm","May 18, 2026 3:01pm","QQQ","May 18, 2026","shortputspread","long put 696 / short put 698","1","profits","11","175","6.29","25","14.29","0.25","0.24","0.26","0.14","0.13","0.15","175","25","699.57","700.39","B"
"May 18, 2026 9:35am","May 18, 2026 9:36am","QQQ","May 18, 2026","shortputspread","long put 705 / short put 707","1","profits","2","153","1.31","47","30.72","0.47","0.46","0.49","0.45","0.44","0.47","153","47","710.4","710.59","A"
"May 15, 2026 3:00pm","May 15, 2026 4:00pm","QQQ","May 15, 2026","shortputspread","long put 710 / short put 712","1","expired","-160","160","-100","40","25","0.4","0.39","0.41","2","","","160","40","712.79","708.93","B"
"May 15, 2026 9:35am","May 15, 2026 9:55am","QQQ","May 15, 2026","shortputspread","long put 704 / short put 706","1","profits","5","149","3.36","51","34.23","0.51","0.49","0.53","0.46","0.45","0.47","149","51","709.53","709.7","A"
"May 14, 2026 3:00pm","May 14, 2026 3:01pm","QQQ","May 14, 2026","shortputspread","long put 717 / short put 719","1","profits","4","179","2.23","21","11.73","0.21","0.2","0.22","0.17","0.16","0.18","179","21","720.26","720.66","B"
"May 14, 2026 9:35am","May 14, 2026 9:36am","QQQ","May 14, 2026","shortputspread","long put 711 / short put 713","1","profits","3","152","1.97","48","31.58","0.48","0.47","0.5","0.45","0.44","0.46","152","48","716.44","716.81","A"
"May 13, 2026 3:00pm","May 13, 2026 3:01pm","QQQ","May 13, 2026","shortputspread","long put 711 / short put 713","1","profits","9","175","5.14","25","14.29","0.25","0.24","0.26","0.16","0.15","0.17","175","25","714.39","714.88","B"
"May 13, 2026 9:35am","May 13, 2026 10:25am","QQQ","May 13, 2026","shortputspread","long put 704 / short put 706","1","profits","2","157","1.27","43","27.39","0.43","0.42","0.44","0.41","0.4","0.42","157","43","709.29","708.85","A"
"May 12, 2026 3:00pm","May 12, 2026 3:01pm","QQQ","May 12, 2026","shortputspread","long put 699 / short put 701","1","profits","12","162","7.41","38","23.46","0.38","0.37","0.39","0.26","0.25","0.27","162","38","701.88","702.34","B"
"May 12, 2026 9:35am","May 12, 2026 9:40am","QQQ","May 12, 2026","shortputspread","long put 703 / short put 705","1","profits","6","156","3.85","44","28.21","0.44","0.43","0.46","0.38","0.37","0.39","156","44","707.84","708.53","A"
"May 11, 2026 3:00pm","May 11, 2026 3:02pm","QQQ","May 11, 2026","shortputspread","long put 709 / short put 711","1","profits","6","177","3.39","23","12.99","0.23","0.22","0.24","0.17","0.16","0.18","177","23","712.33","712.64","B"
"May 11, 2026 9:35am","May 11, 2026 9:49am","QQQ","May 11, 2026","shortputspread","long put 708 / short put 710","1","profits","2","160","1.25","40","25","0.4","0.39","0.41","0.38","0.37","0.39","160","40","713.29","712.95","A"
"May 8, 2026 3:00pm","May 8, 2026 3:01pm","QQQ","May 8, 2026","shortputspread","long put 705 / short put 707","1","profits","7","176","3.98","24","13.64","0.24","0.23","0.25","0.17","0.16","0.18","176","24","708.59","708.97","B"
"May 8, 2026 9:35am","May 8, 2026 9:36am","QQQ","May 8, 2026","shortputspread","long put 697 / short put 699","1","profits","2","161","1.24","39","24.22","0.39","0.37","0.4","0.37","0.36","0.39","161","39","701.93","702","A"
"May 7, 2026 3:00pm","May 7, 2026 3:12pm","QQQ","May 7, 2026","shortputspread","long put 691 / short put 693","1","profits","1","170","0.59","30","17.65","0.3","0.29","0.31","0.29","0.28","0.3","170","30","693.95","693.83","B"
"May 7, 2026 9:35am","May 7, 2026 9:36am","QQQ","May 7, 2026","shortputspread","long put 692 / short put 694","1","profits","1","164","0.61","36","21.95","0.36","0.35","0.37","0.35","0.34","0.36","164","36","696.81","696.87","A"
"May 6, 2026 3:00pm","May 6, 2026 3:01pm","QQQ","May 6, 2026","shortputspread","long put 691 / short put 693","1","profits","3","176","1.7","24","13.64","0.24","0.23","0.25","0.21","0.2","0.22","176","24","693.76","693.87","B"
"May 6, 2026 9:35am","May 6, 2026 9:42am","QQQ","May 6, 2026","shortputspread","long put 684 / short put 686","1","profits","3","164","1.83","36","21.95","0.36","0.35","0.37","0.33","0.32","0.35","164","36","689.09","689.2","A"
"May 5, 2026 3:00pm","May 5, 2026 3:01pm","QQQ","May 5, 2026","shortputspread","long put 679 / short put 681","1","profits","2","175","1.14","25","14.29","0.25","0.24","0.26","0.23","0.22","0.24","175","25","682.3","682.37","B"
"May 5, 2026 9:35am","May 5, 2026 9:36am","QQQ","May 5, 2026","shortputspread","long put 674 / short put 676","1","profits","5","165","3.03","35","21.21","0.35","0.34","0.36","0.3","0.29","0.31","165","35","678.83","679.11","A"
"May 4, 2026 3:00pm","May 4, 2026 3:06pm","QQQ","May 4, 2026","shortputspread","long put 669 / short put 671","1","profits","2","183","1.09","17","9.29","0.17","0.16","0.18","0.15","0.14","0.16","183","17","672.38","672.57","B"
"May 4, 2026 9:35am","May 4, 2026 9:36am","QQQ","May 4, 2026","shortputspread","long put 669 / short put 671","1","profits","1","164","0.61","36","21.95","0.36","0.35","0.37","0.35","0.34","0.36","164","36","673.99","673.93","A"
"May 1, 2026 3:00pm","May 1, 2026 3:01pm","QQQ","May 1, 2026","shortputspread","long put 671 / short put 673","1","profits","1","171","0.58","29","16.96","0.29","0.28","0.3","0.28","0.27","0.3","171","29","673.76","673.74","B"
"May 1, 2026 9:35am","May 1, 2026 9:37am","QQQ","May 1, 2026","shortputspread","long put 667 / short put 669","1","profits","1","165","0.61","35","21.21","0.35","0.34","0.37","0.34","0.33","0.35","165","35","671.61","671.71","A"
"Apr 30, 2026 3:00pm","Apr 30, 2026 3:01pm","QQQ","Apr 30, 2026","shortputspread","long put 663 / short put 665","1","profits","5","175","2.86","25","14.29","0.25","0.24","0.26","0.2","0.19","0.21","175","25","666.9","667.08","B"
"Apr 30, 2026 9:35am","Apr 30, 2026 9:37am","QQQ","Apr 30, 2026","shortputspread","long put 656 / short put 658","1","profits","3","155","1.94","45","29.03","0.45","0.44","0.46","0.42","0.41","0.43","155","45","661.97","662.15","A"
"Apr 29, 2026 3:00pm","Apr 29, 2026 3:12pm","QQQ","Apr 29, 2026","shortputspread","long put 655 / short put 657","1","profits","2","156","1.28","44","28.21","0.44","0.43","0.45","0.42","0.41","0.44","156","44","660.69","660.67","B"
"Apr 29, 2026 9:35am","Apr 29, 2026 9:37am","QQQ","Apr 29, 2026","shortputspread","long put 651 / short put 653","1","profits","4","149","2.68","51","34.23","0.51","0.5","0.52","0.47","0.45","0.49","149","51","657.16","657.74","A"
"Apr 28, 2026 3:00pm","Apr 28, 2026 3:02pm","QQQ","Apr 28, 2026","shortputspread","long put 655 / short put 657","1","profits","3","182","1.65","18","9.89","0.18","0.17","0.19","0.15","0.14","0.16","182","18","658.25","658.41","B"
"Apr 28, 2026 9:35am","Apr 28, 2026 9:36am","QQQ","Apr 28, 2026","shortputspread","long put 652 / short put 654","1","profits","8","157","5.1","43","27.39","0.43","0.42","0.44","0.35","0.34","0.36","157","43","656.97","657.69","A"
"Apr 27, 2026 3:00pm","Apr 27, 2026 3:01pm","QQQ","Apr 27, 2026","shortputspread","long put 660 / short put 662","1","profits","1","182","0.55","18","9.89","0.18","0.17","0.19","0.17","0.15","0.17","182","18","663.17","663.28","B"
"Apr 27, 2026 9:35am","Apr 27, 2026 9:36am","QQQ","Apr 27, 2026","shortputspread","long put 658 / short put 660","1","profits","3","160","1.88","40","25","0.4","0.39","0.41","0.37","0.36","0.38","160","40","0","0","A"
"Apr 24, 2026 3:00pm","Apr 24, 2026 3:01pm","QQQ","Apr 24, 2026","shortputspread","long put 660 / short put 662","1","profits","5","184","2.72","16","8.7","0.16","0.14","0.16","0.11","0.1","0.12","184","16","663.28","663.54","B"
"Apr 24, 2026 9:35am","Apr 24, 2026 9:39am","QQQ","Apr 24, 2026","shortputspread","long put 654 / short put 656","1","profits","8","155","5.16","45","29.03","0.45","0.43","0.46","0.37","0.35","0.38","155","45","658.77","659.11","A"
"Apr 23, 2026 3:00pm","Apr 23, 2026 3:01pm","QQQ","Apr 23, 2026","shortputspread","long put 646 / short put 648","1","profits","2","168","1.19","32","19.05","0.32","0.31","0.34","0.3","0.28","0.32","168","32","649.81","650.03","B"
"Apr 23, 2026 9:35am","Apr 23, 2026 9:36am","QQQ","Apr 23, 2026","shortputspread","long put 648 / short put 650","1","profits","5","164","3.05","36","21.95","0.36","0.34","0.37","0.31","0.29","0.31","164","36","653.29","653.7","A"
"Apr 22, 2026 3:00pm","Apr 22, 2026 3:10pm","QQQ","Apr 22, 2026","shortputspread","long put 650 / short put 652","1","profits","4","180","2.22","20","11.11","0.2","0.2","0.22","0.16","0.16","0.18","180","20","653.39","653.68","B"
"Apr 22, 2026 9:35am","Apr 22, 2026 9:37am","QQQ","Apr 22, 2026","shortputspread","long put 644 / short put 646","1","profits","1","162","0.62","38","23.46","0.38","0.37","0.39","0.37","0.36","0.38","162","38","648.8","649.01","A"
"Apr 21, 2026 3:00pm","Apr 21, 2026 3:01pm","QQQ","Apr 21, 2026","shortputspread","long put 643 / short put 645","1","profits","2","177","1.13","23","12.99","0.23","0.22","0.24","0.21","0.2","0.22","177","23","646.33","646.47","B"
"Apr 21, 2026 9:35am","Apr 21, 2026 9:43am","QQQ","Apr 21, 2026","shortputspread","long put 643 / short put 645","1","profits","4","155","2.58","45","29.03","0.45","0.43","0.45","0.41","0.41","0.43","155","45","647.22","647.21","A"
"Apr 20, 2026 3:00pm","Apr 20, 2026 3:01pm","QQQ","Apr 20, 2026","shortputspread","long put 644 / short put 646","1","profits","5","173","2.89","27","15.61","0.27","0.27","0.29","0.22","0.21","0.23","173","27","646.44","646.62","B"
"Apr 20, 2026 9:35am","Apr 20, 2026 9:57am","QQQ","Apr 20, 2026","shortputspread","long put 644 / short put 646","1","profits","3","157","1.91","43","27.39","0.43","0.42","0.44","0.4","0.38","0.4","157","43","648.37","648.18","A"
"Apr 17, 2026 3:00pm","Apr 17, 2026 3:01pm","QQQ","Apr 17, 2026","shortputspread","long put 645 / short put 647","1","profits","3","172","1.74","28","16.28","0.28","0.27","0.29","0.25","0.25","0.27","172","28","647.65","647.69","B"
"Apr 17, 2026 9:35am","Apr 17, 2026 9:36am","QQQ","Apr 17, 2026","shortputspread","long put 640 / short put 642","1","profits","5","164","3.05","36","21.95","0.36","0.35","0.37","0.31","0.31","0.33","164","36","645.09","645.43","A"
"Apr 16, 2026 3:00pm","Apr 16, 2026 3:01pm","QQQ","Apr 16, 2026","shortputspread","long put 636 / short put 638","1","profits","5","176","2.84","24","13.64","0.24","0.23","0.25","0.19","0.17","0.19","176","24","639.15","639.44","B"
"Apr 16, 2026 9:35am","Apr 16, 2026 9:41am","QQQ","Apr 16, 2026","shortputspread","long put 633 / short put 635","1","profits","2","166","1.2","34","20.48","0.34","0.33","0.35","0.32","0.32","0.34","166","34","638.15","638.29","A"
"Apr 15, 2026 3:00pm","Apr 15, 2026 3:03pm","QQQ","Apr 15, 2026","shortputspread","long put 633 / short put 635","1","profits","2","172","1.16","28","16.28","0.28","0.27","0.29","0.26","0.25","0.27","172","28","635.81","635.81","B"
"Apr 15, 2026 9:35am","Apr 15, 2026 9:36am","QQQ","Apr 15, 2026","shortputspread","long put 625 / short put 627","1","profits","2","160","1.25","40","25","0.4","0.38","0.4","0.38","0.37","0.39","160","40","629.06","629.08","A"
"Apr 14, 2026 3:00pm","Apr 14, 2026 3:01pm","QQQ","Apr 14, 2026","shortputspread","long put 624 / short put 626","1","profits","5","171","2.92","29","16.96","0.29","0.28","0.3","0.24","0.23","0.25","171","29","626.45","626.58","B"
"Apr 14, 2026 9:35am","Apr 14, 2026 9:36am","QQQ","Apr 14, 2026","shortputspread","long put 618 / short put 620","1","profits","8","161","4.97","39","24.22","0.39","0.39","0.41","0.31","0.31","0.33","161","39","621.72","622.32","A"
"Apr 13, 2026 3:00pm","Apr 13, 2026 3:01pm","QQQ","Apr 13, 2026","shortputspread","long put 612 / short put 614","1","profits","4","183","2.19","17","9.29","0.17","0.15","0.17","0.13","0.11","0.13","183","17","614.97","615.1","B"
"Apr 13, 2026 9:35am","Apr 13, 2026 9:44am","QQQ","Apr 13, 2026","shortputspread","long put 605 / short put 607","1","profits","1","161","0.62","39","24.22","0.39","0.38","0.4","0.38","0.37","0.39","161","39","609.58","609.13","A"
"Apr 10, 2026 3:00pm","Apr 10, 2026 3:01pm","QQQ","Apr 10, 2026","shortputspread","long put 608 / short put 610","1","profits","6","173","3.47","27","15.61","0.27","0.26","0.28","0.21","0.21","0.23","173","27","610.52","610.71","B"
"Apr 10, 2026 9:35am","Apr 10, 2026 9:38am","QQQ","Apr 10, 2026","shortputspread","long put 608 / short put 610","1","profits","4","164","2.44","36","21.95","0.36","0.35","0.37","0.32","0.31","0.34","164","36","612.31","612.64","A"
"Apr 9, 2026 3:00pm","Apr 9, 2026 3:01pm","QQQ","Apr 9, 2026","shortputspread","long put 605 / short put 607","1","profits","3","181","1.66","19","10.5","0.19","0.17","0.19","0.16","0.15","0.17","181","19","608.36","608.45","B"
"Apr 9, 2026 9:35am","Apr 9, 2026 9:36am","QQQ","Apr 9, 2026","shortputspread","long put 600 / short put 602","1","profits","1","163","0.61","37","22.7","0.37","0.36","0.38","0.36","0.35","0.37","163","37","604.63","604.68","A"
"Apr 8, 2026 3:00pm","Apr 8, 2026 3:02pm","QQQ","Apr 8, 2026","shortputspread","long put 599 / short put 601","1","profits","6","175","3.43","25","14.29","0.25","0.24","0.27","0.19","0.18","0.2","175","25","602.79","603.09","B"
"Apr 8, 2026 9:35am","Apr 8, 2026 9:36am","QQQ","Apr 8, 2026","shortputspread","long put 602 / short put 604","1","profits","4","163","2.45","37","22.7","0.37","0.35","0.38","0.33","0.33","0.35","163","37","607.76","607.99","A"
"Apr 7, 2026 3:00pm","Apr 7, 2026 3:03pm","QQQ","Apr 7, 2026","shortputspread","long put 579 / short put 581","1","profits","10","162","6.17","38","23.46","0.38","0.37","0.39","0.28","0.27","0.29","162","38","582.27","582.72","B"
"Apr 7, 2026 9:35am","Apr 7, 2026 9:37am","QQQ","Apr 7, 2026","shortputspread","long put 580 / short put 582","1","profits","4","154","2.6","46","29.87","0.46","0.45","0.48","0.42","0.4","0.43","154","46","585.16","585.63","A"
"Apr 6, 2026 3:00pm","Apr 6, 2026 3:02pm","QQQ","Apr 6, 2026","shortputspread","long put 585 / short put 587","1","profits","1","186","0.54","14","7.53","0.14","0.13","0.15","0.13","0.12","0.14","186","14","588.2","588.26","B"
"Apr 6, 2026 9:35am","Apr 6, 2026 9:46am","QQQ","Apr 6, 2026","shortputspread","long put 583 / short put 585","1","profits","5","159","3.14","41","25.79","0.41","0.4","0.43","0.36","0.35","0.37","159","41","588.34","588.51","A"
"Apr 2, 2026 3:00pm","Apr 2, 2026 3:01pm","QQQ","Apr 2, 2026","shortputspread","long put 580 / short put 582","1","profits","5","171","2.92","29","16.96","0.29","0.27","0.29","0.24","0.24","0.26","171","29","582.98","583.13","B"
"Apr 2, 2026 9:35am","Apr 2, 2026 9:51am","QQQ","Apr 2, 2026","shortputspread","long put 569 / short put 571","1","profits","3","156","1.92","44","28.21","0.44","0.42","0.44","0.41","0.41","0.43","156","44","574.55","574.45","A"
"Apr 1, 2026 3:00pm","Apr 1, 2026 3:01pm","QQQ","Apr 1, 2026","shortputspread","long put 580 / short put 582","1","profits","5","172","2.91","28","16.28","0.28","0.28","0.3","0.23","0.22","0.24","172","28","583.17","583.45","B"
"Apr 1, 2026 9:35am","Apr 1, 2026 9:37am","QQQ","Apr 1, 2026","shortputspread","long put 578 / short put 580","1","profits","3","160","1.88","40","25","0.4","0.39","0.41","0.37","0.35","0.39","160","40","583.16","583.35","A"
"Mar 31, 2026 3:00pm","Mar 31, 2026 3:01pm","QQQ","Mar 31, 2026","shortputspread","long put 572 / short put 574","1","profits","6","174","3.45","26","14.94","0.26","0.24","0.26","0.2","0.2","0.22","174","26","575.78","576.06","B"
"Mar 31, 2026 9:35am","Mar 31, 2026 9:43am","QQQ","Mar 31, 2026","shortputspread","long put 561 / short put 563","1","profits","2","153","1.31","47","30.72","0.47","0.46","0.48","0.45","0.44","0.47","153","47","566.11","565.93","A"
"Mar 30, 2026 3:00pm","Mar 30, 2026 3:02pm","QQQ","Mar 30, 2026","shortputspread","long put 555 / short put 557","1","profits","1","170","0.59","30","17.65","0.3","0.29","0.31","0.29","0.29","0.31","170","30","557.92","557.9","B"
"Mar 30, 2026 9:35am","Mar 30, 2026 11:51am","QQQ","Mar 30, 2026","shortputspread","long put 561 / short put 563","1","profits","3","159","1.89","41","25.79","0.41","0.39","0.41","0.38","0.38","0.4","159","41","566.27","565.16","A"
"Mar 27, 2026 3:00pm","Mar 27, 2026 3:01pm","QQQ","Mar 27, 2026","shortputspread","long put 560 / short put 562","1","profits","4","165","2.42","35","21.21","0.35","0.33","0.35","0.31","0.31","0.33","165","35","563.23","563.23","B"
"Mar 27, 2026 9:35am","Mar 27, 2026 9:38am","QQQ","Mar 27, 2026","shortputspread","long put 563 / short put 565","1","profits","6","155","3.87","45","29.03","0.45","0.45","0.47","0.39","0.38","0.4","155","45","568.63","569.19","A"
"Mar 26, 2026 3:00pm","Mar 26, 2026 4:00pm","QQQ","Mar 26, 2026","shortputspread","long put 573 / short put 575","1","expired","-91","170","-53.53","30","17.65","0.3","0.28","0.3","1.21","","","170","30","576.08","573.79","B"
"Mar 26, 2026 9:35am","Mar 26, 2026 9:38am","QQQ","Mar 26, 2026","shortputspread","long put 577 / short put 579","1","profits","2","152","1.32","48","31.58","0.48","0.46","0.48","0.46","0.44","0.46","152","48","581.81","581.77","A"
"Mar 25, 2026 3:00pm","Mar 25, 2026 3:16pm","QQQ","Mar 25, 2026","shortputspread","long put 584 / short put 586","1","profits","7","177","3.95","23","12.99","0.23","0.22","0.24","0.16","0.15","0.17","177","23","587.26","587.6","B"
"Mar 25, 2026 9:35am","Mar 25, 2026 9:36am","QQQ","Mar 25, 2026","shortputspread","long put 585 / short put 587","1","profits","6","159","3.77","41","25.79","0.41","0.39","0.42","0.35","0.35","0.37","159","41","589.94","590.28","A"
"Mar 24, 2026 3:00pm","Mar 24, 2026 3:01pm","QQQ","Mar 24, 2026","shortputspread","long put 582 / short put 584","1","profits","8","177","4.52","23","12.99","0.23","0.22","0.24","0.15","0.14","0.16","177","23","585.32","585.93","B"
"Mar 24, 2026 9:35am","Mar 24, 2026 10:10am","QQQ","Mar 24, 2026","shortputspread","long put 581 / short put 583","1","profits","3","151","1.99","49","32.45","0.49","0.47","0.49","0.46","0.46","0.48","151","49","585.98","585.32","A"
"Mar 23, 2026 3:00pm","Mar 23, 2026 3:09pm","QQQ","Mar 23, 2026","shortputspread","long put 588 / short put 590","1","profits","1","165","0.61","35","21.21","0.35","0.34","0.36","0.34","0.32","0.35","165","35","590.97","590.81","B"
"Mar 23, 2026 9:35am","Mar 23, 2026 9:37am","QQQ","Mar 23, 2026","shortputspread","long put 585 / short put 587","1","profits","6","151","3.97","49","32.45","0.49","0.48","0.5","0.43","0.41","0.46","151","49","590.12","590.51","A"
"Mar 20, 2026 3:00pm","Mar 20, 2026 3:01pm","QQQ","Mar 20, 2026","shortputspread","long put 578 / short put 580","1","profits","6","170","3.53","30","17.65","0.3","0.29","0.31","0.24","0.22","0.25","170","30","581.58","581.92","B"
"Mar 20, 2026 9:35am","Mar 20, 2026 9:37am","QQQ","Mar 20, 2026","shortputspread","long put 584 / short put 586","1","profits","4","153","2.61","47","30.72","0.47","0.46","0.48","0.43","0.42","0.44","153","47","589.08","589.36","A"
"Mar 19, 2026 3:00pm","Mar 19, 2026 3:01pm","QQQ","Mar 19, 2026","shortputspread","long put 588 / short put 590","1","profits","6","175","3.43","25","14.29","0.25","0.24","0.26","0.19","0.17","0.19","175","25","591.47","592.1","B"
"Mar 19, 2026 9:35am","Mar 19, 2026 9:38am","QQQ","Mar 19, 2026","shortputspread","long put 582 / short put 584","1","profits","5","150","3.33","50","33.33","0.5","0.49","0.51","0.45","0.44","0.46","150","50","587.81","588.15","A"
"Mar 18, 2026 3:00pm","Mar 18, 2026 3:01pm","QQQ","Mar 18, 2026","shortputspread","long put 593 / short put 595","1","profits","4","172","2.33","28","16.28","0.28","0.28","0.3","0.24","0.22","0.25","172","28","597.05","597.23","B"
"Mar 18, 2026 9:35am","Mar 18, 2026 9:36am","QQQ","Mar 18, 2026","shortputspread","long put 596 / short put 598","1","profits","5","157","3.18","43","27.39","0.43","0.41","0.43","0.38","0.38","0.4","157","43","601.87","602.17","A"
"Mar 17, 2026 3:00pm","Mar 17, 2026 3:02pm","QQQ","Mar 17, 2026","shortputspread","long put 600 / short put 602","1","profits","2","189","1.06","11","5.82","0.11","0.11","0.13","0.09","0.08","0.1","189","11","603.22","603.38","B"
"Mar 17, 2026 9:35am","Mar 17, 2026 9:36am","QQQ","Mar 17, 2026","shortputspread","long put 600 / short put 602","1","profits","3","159","1.89","41","25.79","0.41","0.39","0.41","0.38","0.37","0.39","159","41","604.53","604.64","A"
"Mar 16, 2026 3:00pm","Mar 16, 2026 3:01pm","QQQ","Mar 16, 2026","shortputspread","long put 598 / short put 600","1","profits","8","180","4.44","20","11.11","0.2","0.18","0.2","0.12","0.12","0.14","180","20","601.15","601.43","B"
"Mar 16, 2026 9:35am","Mar 16, 2026 9:36am","QQQ","Mar 16, 2026","shortputspread","long put 596 / short put 598","1","profits","6","158","3.8","42","26.58","0.42","0.4","0.43","0.36","0.35","0.38","158","42","600.88","601.3","A"
"Mar 13, 2026 3:00pm","Mar 13, 2026 4:00pm","QQQ","Mar 13, 2026","shortputspread","long put 592 / short put 594","1","expired","7","165","4.24","35","21.21","0.35","0.34","0.36","0.28","","","165","35","594.93","593.72","B"
"Mar 13, 2026 9:35am","Mar 13, 2026 9:39am","QQQ","Mar 13, 2026","shortputspread","long put 595 / short put 597","1","profits","6","154","3.9","46","29.87","0.46","0.44","0.46","0.4","0.39","0.41","154","46","600.12","600.52","A"
"Mar 12, 2026 3:00pm","Mar 12, 2026 3:01pm","QQQ","Mar 12, 2026","shortputspread","long put 595 / short put 597","1","profits","6","170","3.53","30","17.65","0.3","0.3","0.32","0.24","0.23","0.26","170","30","598.45","598.78","B"
"Mar 12, 2026 9:35am","Mar 12, 2026 9:40am","QQQ","Mar 12, 2026","shortputspread","long put 598 / short put 600","1","profits","3","158","1.9","42","26.58","0.42","0.42","0.44","0.39","0.38","0.41","158","42","603.64","603.73","A"
"Mar 11, 2026 3:00pm","Mar 11, 2026 3:01pm","QQQ","Mar 11, 2026","shortputspread","long put 604 / short put 606","1","profits","3","166","1.81","34","20.48","0.34","0.33","0.35","0.31","0.31","0.33","166","34","607.1","607.17","B"
"Mar 11, 2026 9:35am","Mar 11, 2026 9:36am","QQQ","Mar 11, 2026","shortputspread","long put 605 / short put 607","1","profits","3","152","1.97","48","31.58","0.48","0.46","0.49","0.45","0.44","0.46","152","48","609.93","610","A"
"Mar 10, 2026 3:00pm","Mar 10, 2026 3:02pm","QQQ","Mar 10, 2026","shortputspread","long put 605 / short put 607","1","profits","1","168","0.6","32","19.05","0.32","0.3","0.33","0.31","0.3","0.32","168","32","608.74","608.71","B"
"Mar 10, 2026 9:35am","Mar 10, 2026 9:39am","QQQ","Mar 10, 2026","shortputspread","long put 603 / short put 605","1","profits","3","156","1.92","44","28.21","0.44","0.43","0.45","0.41","0.4","0.42","156","44","608.63","608.48","A"
"Mar 9, 2026 3:00pm","Mar 9, 2026 3:01pm","QQQ","Mar 9, 2026","shortputspread","long put 596 / short put 598","1","profits","3","178","1.69","22","12.36","0.22","0.2","0.22","0.19","0.19","0.21","178","22","599.59","599.68","B"
"Mar 9, 2026 9:35am","Mar 9, 2026 9:36am","QQQ","Mar 9, 2026","shortputspread","long put 589 / short put 591","1","profits","4","152","2.63","48","31.58","0.48","0.45","0.49","0.44","0.42","0.46","152","48","595.33","595.52","A"
"Mar 6, 2026 3:00pm","Mar 6, 2026 3:01pm","QQQ","Mar 6, 2026","shortputspread","long put 600 / short put 602","1","profits","3","166","1.81","34","20.48","0.34","0.33","0.35","0.31","0.3","0.32","166","34","603.27","603.4","B"
"Mar 6, 2026 9:35am","Mar 6, 2026 9:52am","QQQ","Mar 6, 2026","shortputspread","long put 594 / short put 596","1","profits","7","156","4.49","44","28.21","0.44","0.43","0.46","0.37","0.35","0.38","156","44","600.85","601.26","A"
"Mar 5, 2026 3:00pm","Mar 5, 2026 3:02pm","QQQ","Mar 5, 2026","shortputspread","long put 601 / short put 603","1","profits","1","171","0.58","29","16.96","0.29","0.28","0.3","0.28","0.26","0.28","171","29","604.3","604.31","B"
"Mar 5, 2026 9:35am","Mar 5, 2026 9:37am","QQQ","Mar 5, 2026","shortputspread","long put 605 / short put 607","1","profits","4","154","2.6","46","29.87","0.46","0.45","0.47","0.42","0.41","0.44","154","46","609.99","610.4","A"
"Mar 4, 2026 3:00pm","Mar 4, 2026 3:04pm","QQQ","Mar 4, 2026","shortputspread","long put 609 / short put 611","1","profits","1","179","0.56","21","11.73","0.21","0.21","0.23","0.2","0.19","0.21","179","21","612.22","612.32","B"
"Mar 4, 2026 9:35am","Mar 4, 2026 10:01am","QQQ","Mar 4, 2026","shortputspread","long put 601 / short put 603","1","profits","7","156","4.49","44","28.21","0.44","0.42","0.44","0.37","0.35","0.39","156","44","606.82","606.82","A"
"Mar 3, 2026 3:00pm","Mar 3, 2026 3:02pm","QQQ","Mar 3, 2026","shortputspread","long put 599 / short put 601","1","profits","12","169","7.1","31","18.34","0.31","0.29","0.31","0.19","0.18","0.2","169","31","602.42","603.18","B"
"Mar 3, 2026 9:35am","Mar 3, 2026 9:36am","QQQ","Mar 3, 2026","shortputspread","long put 590 / short put 592","1","profits","6","150","4","50","33.33","0.5","0.47","0.51","0.44","0.42","0.46","150","50","596.19","596.74","A"
"Mar 2, 2026 3:00pm","Mar 2, 2026 3:06pm","QQQ","Mar 2, 2026","shortputspread","long put 607 / short put 609","1","profits","2","171","1.17","29","16.96","0.29","0.29","0.31","0.27","0.26","0.28","171","29","609.51","609.57","B"
"Mar 2, 2026 9:35am","Mar 2, 2026 9:36am","QQQ","Mar 2, 2026","shortputspread","long put 597 / short put 599","1","profits","2","160","1.25","40","25","0.4","0.4","0.42","0.38","0.37","0.39","160","40","603.5","603.7","A"
"Feb 27, 2026 3:00pm","Feb 27, 2026 3:01pm","QQQ","Feb 27, 2026","shortputspread","long put 602 / short put 604","1","profits","4","168","2.38","32","19.05","0.32","0.31","0.33","0.28","0.27","0.29","168","32","604.91","605.08","B"
"Feb 27, 2026 9:35am","Feb 27, 2026 9:39am","QQQ","Feb 27, 2026","shortputspread","long put 599 / short put 601","1","profits","2","151","1.32","49","32.45","0.49","0.46","0.51","0.47","0.45","0.49","151","49","604.58","604.41","A"
"Feb 26, 2026 3:00pm","Feb 26, 2026 3:01pm","QQQ","Feb 26, 2026","shortputspread","long put 606 / short put 608","1","profits","1","167","0.6","33","19.76","0.33","0.32","0.34","0.32","0.31","0.33","167","33","608.79","608.81","B"
"Feb 26, 2026 9:35am","Feb 26, 2026 9:40am","QQQ","Feb 26, 2026","shortputspread","long put 608 / short put 610","1","profits","3","159","1.89","41","25.79","0.41","0.39","0.42","0.38","0.37","0.39","159","41","613.87","613.97","A"
"Feb 25, 2026 3:00pm","Feb 25, 2026 3:08pm","QQQ","Feb 25, 2026","shortputspread","long put 612 / short put 614","1","profits","2","158","1.27","42","26.58","0.42","0.41","0.43","0.4","0.39","0.41","158","42","616.13","616.26","B"
"Feb 25, 2026 9:35am","Feb 25, 2026 9:36am","QQQ","Feb 25, 2026","shortputspread","long put 607 / short put 609","1","profits","2","160","1.25","40","25","0.4","0.38","0.41","0.38","0.37","0.39","160","40","612.55","612.69","A"
"Feb 24, 2026 3:00pm","Feb 24, 2026 3:01pm","QQQ","Feb 24, 2026","shortputspread","long put 605 / short put 607","1","profits","5","175","2.86","25","14.29","0.25","0.24","0.26","0.2","0.19","0.21","175","25","607.61","607.77","B"
"Feb 24, 2026 9:35am","Feb 24, 2026 9:39am","QQQ","Feb 24, 2026","shortputspread","long put 595 / short put 597","1","profits","13","152","8.55","48","31.58","0.48","0.47","0.5","0.35","0.34","0.37","152","48","600.79","602.22","A"
"Feb 23, 2026 3:00pm","Feb 23, 2026 3:01pm","QQQ","Feb 23, 2026","shortputspread","long put 596 / short put 598","1","profits","4","179","2.23","21","11.73","0.21","0.2","0.22","0.17","0.16","0.18","179","21","599.61","599.91","B"
"Feb 23, 2026 9:35am","Feb 23, 2026 9:38am","QQQ","Feb 23, 2026","shortputspread","long put 602 / short put 604","1","profits","2","160","1.25","40","25","0.4","0.39","0.42","0.38","0.37","0.39","160","40","607.15","607.16","A"
"Feb 20, 2026 3:00pm","Feb 20, 2026 3:01pm","QQQ","Feb 20, 2026","shortputspread","long put 604 / short put 606","1","profits","3","180","1.67","20","11.11","0.2","0.19","0.21","0.17","0.16","0.18","180","20","607.52","607.62","B"
"Feb 20, 2026 9:35am","Feb 20, 2026 9:36am","QQQ","Feb 20, 2026","shortputspread","long put 596 / short put 598","1","profits","8","158","5.06","42","26.58","0.42","0.41","0.44","0.34","0.33","0.36","158","42","602.28","603.4","A"
"Feb 19, 2026 3:00pm","Feb 19, 2026 3:01pm","QQQ","Feb 19, 2026","shortputspread","long put 598 / short put 600","1","profits","5","178","2.81","22","12.36","0.22","0.21","0.23","0.17","0.16","0.18","178","22","601.55","601.91","B"
"Feb 19, 2026 9:35am","Feb 19, 2026 9:45am","QQQ","Feb 19, 2026","shortputspread","long put 597 / short put 599","1","profits","5","155","3.23","45","29.03","0.45","0.44","0.47","0.4","0.39","0.42","155","45","602.82","603.09","A"
"Feb 18, 2026 3:00pm","Feb 18, 2026 3:01pm","QQQ","Feb 18, 2026","shortputspread","long put 601 / short put 603","1","profits","8","164","4.88","36","21.95","0.36","0.35","0.37","0.28","0.27","0.29","164","36","603.91","604.22","B"
"Feb 18, 2026 9:35am","Feb 18, 2026 9:36am","QQQ","Feb 18, 2026","shortputspread","long put 595 / short put 597","1","profits","4","156","2.56","44","28.21","0.44","0.42","0.46","0.4","0.38","0.42","156","44","601.14","601.48","A"
"Feb 17, 2026 3:00pm","Feb 17, 2026 3:01pm","QQQ","Feb 17, 2026","shortputspread","long put 599 / short put 601","1","profits","11","171","6.43","29","16.96","0.29","0.28","0.3","0.18","0.17","0.19","171","29","602.17","602.73","B"
"Feb 17, 2026 9:35am","Feb 17, 2026 9:36am","QQQ","Feb 17, 2026","shortputspread","long put 595 / short put 597","1","profits","3","155","1.94","45","29.03","0.45","0.43","0.47","0.42","0.41","0.43","155","45","600.79","601.07","A"
"Feb 13, 2026 3:00pm","Feb 13, 2026 3:01pm","QQQ","Feb 13, 2026","shortputspread","long put 599 / short put 601","1","profits","8","172","4.65","28","16.28","0.28","0.27","0.29","0.2","0.19","0.21","172","28","603.02","603.4","B"
"Feb 13, 2026 9:35am","Feb 13, 2026 9:36am","QQQ","Feb 13, 2026","shortputspread","long put 593 / short put 595","1","profits","2","156","1.28","44","28.21","0.44","0.42","0.45","0.42","0.41","0.43","156","44","599.84","600.1","A"
"Feb 12, 2026 3:00pm","Feb 12, 2026 3:01pm","QQQ","Feb 12, 2026","shortputspread","long put 601 / short put 603","1","profits","5","159","3.14","41","25.79","0.41","0.4","0.42","0.36","0.35","0.37","159","41","603.89","604.09","B"
"Feb 12, 2026 9:35am","Feb 12, 2026 9:37am","QQQ","Feb 12, 2026","shortputspread","long put 610 / short put 612","1","profits","3","164","1.83","36","21.95","0.36","0.35","0.37","0.33","0.32","0.34","164","36","614.98","615.16","A"
"Feb 11, 2026 3:00pm","Feb 11, 2026 3:05pm","QQQ","Feb 11, 2026","shortputspread","long put 611 / short put 613","1","profits","3","172","1.74","28","16.28","0.28","0.27","0.29","0.25","0.24","0.26","172","28","613.75","613.91","B"
"Feb 11, 2026 9:35am","Feb 11, 2026 9:36am","QQQ","Feb 11, 2026","shortputspread","long put 611 / short put 613","1","profits","1","160","0.63","40","25","0.4","0.38","0.41","0.39","0.38","0.41","160","40","615.63","615.71","A"
"Feb 10, 2026 3:00pm","Feb 10, 2026 3:02pm","QQQ","Feb 10, 2026","shortputspread","long put 611 / short put 613","1","profits","1","167","0.6","33","19.76","0.33","0.32","0.34","0.32","0.31","0.33","167","33","613.34","613.36","B"
"Feb 10, 2026 9:35am","Feb 10, 2026 9:36am","QQQ","Feb 10, 2026","shortputspread","long put 610 / short put 612","1","profits","2","162","1.23","38","23.46","0.38","0.37","0.39","0.36","0.35","0.37","162","38","615.02","615.25","A"
"Feb 9, 2026 3:00pm","Feb 9, 2026 3:01pm","QQQ","Feb 9, 2026","shortputspread","long put 613 / short put 615","1","profits","3","183","1.64","17","9.29","0.17","0.16","0.18","0.14","0.13","0.15","183","17","615.78","615.82","B"
"Feb 9, 2026 9:35am","Feb 9, 2026 9:36am","QQQ","Feb 9, 2026","shortputspread","long put 602 / short put 604","1","profits","2","157","1.27","43","27.39","0.43","0.42","0.45","0.41","0.4","0.42","157","43","607.19","607.42","A"
"Feb 6, 2026 3:00pm","Feb 6, 2026 3:02pm","QQQ","Feb 6, 2026","shortputspread","long put 605 / short put 607","1","profits","5","171","2.92","29","16.96","0.29","0.28","0.3","0.24","0.23","0.25","171","29","607.72","607.8","B"
"Feb 6, 2026 9:35am","Feb 6, 2026 9:38am","QQQ","Feb 6, 2026","shortputspread","long put 596 / short put 598","1","profits","4","154","2.6","46","29.87","0.46","0.45","0.48","0.42","0.4","0.44","154","46","602.53","602.99","A"
"Feb 5, 2026 3:00pm","Feb 5, 2026 3:02pm","QQQ","Feb 5, 2026","shortputspread","long put 595 / short put 597","1","profits","7","152","4.61","48","31.58","0.48","0.47","0.49","0.41","0.4","0.43","152","48","598.8","599.22","B"
"Feb 5, 2026 9:35am","Feb 5, 2026 9:38am","QQQ","Feb 5, 2026","shortputspread","long put 593 / short put 595","1","profits","6","152","3.95","48","31.58","0.48","0.46","0.51","0.42","0.39","0.44","152","48","601.22","602.14","A"
"Feb 4, 2026 3:00pm","Feb 4, 2026 3:41pm","QQQ","Feb 4, 2026","shortputspread","long put 604 / short put 606","1","profits","1","160","0.63","40","25","0.4","0.39","0.41","0.39","0.38","0.4","160","40","608.32","608","B"
"Feb 4, 2026 9:35am","Feb 4, 2026 9:36am","QQQ","Feb 4, 2026","shortputspread","long put 606 / short put 608","1","profits","9","156","5.77","44","28.21","0.44","0.42","0.46","0.35","0.33","0.37","156","44","612.63","614.05","A"
"Feb 3, 2026 9:35am","Feb 3, 2026 4:00pm","QQQ","Feb 3, 2026","shortputspread","long put 622 / short put 624","1","expired","-166","166","-100","34","20.48","0.34","0.33","0.36","2","","","166","34","626.84","616.52","A"
"Feb 3, 2026 3:00pm","Feb 3, 2026 3:18pm","QQQ","Feb 3, 2026","shortputspread","long put 610 / short put 612","1","profits","2","160","1.25","40","25","0.4","0.39","0.41","0.38","0.37","0.39","160","40","613.35","613.18","B"
"Feb 2, 2026 3:00pm","Feb 2, 2026 3:01pm","QQQ","Feb 2, 2026","shortputspread","long put 623 / short put 625","1","profits","6","176","3.41","24","13.64","0.24","0.23","0.25","0.18","0.17","0.2","176","24","626.04","626.43","B"
"Feb 2, 2026 9:35am","Feb 2, 2026 9:36am","QQQ","Feb 2, 2026","shortputspread","long put 616 / short put 618","1","profits","6","156","3.85","44","28.21","0.44","0.41","0.46","0.38","0.36","0.39","156","44","621.03","621.83","A"
"Jan 30, 2026 3:00pm","Jan 30, 2026 3:01pm","QQQ","Jan 30, 2026","shortputspread","long put 618 / short put 620","1","profits","5","167","2.99","33","19.76","0.33","0.32","0.34","0.28","0.27","0.29","167","33","621.41","621.68","B"
"Jan 30, 2026 9:35am","Jan 30, 2026 9:36am","QQQ","Jan 30, 2026","shortputspread","long put 622 / short put 624","1","profits","3","154","1.95","46","29.87","0.46","0.45","0.47","0.43","0.43","0.45","154","46","627.07","627.22","A"
"Jan 29, 2026 9:35am","Jan 29, 2026 3:56pm","QQQ","Jan 29, 2026","shortputspread","long put 627 / short put 629","1","profits","8","154","5.19","46","29.87","0.46","0.45","0.48","0.38","0.37","0.41","154","46","631.82","629.5","A"
"Jan 29, 2026 3:00pm","Jan 29, 2026 3:01pm","QQQ","Jan 29, 2026","shortputspread","long put 622 / short put 624","1","profits","3","175","1.71","25","14.29","0.25","0.23","0.25","0.22","0.22","0.24","175","25","625.86","625.88","B"
"Jan 28, 2026 3:00pm","Jan 28, 2026 3:01pm","QQQ","Jan 28, 2026","shortputspread","long put 629 / short put 631","1","profits","8","158","5.06","42","26.58","0.42","0.4","0.42","0.34","0.34","0.36","158","42","633.26","633.67","B"
"Jan 28, 2026 9:35am","Jan 28, 2026 9:41am","QQQ","Jan 28, 2026","shortputspread","long put 630 / short put 632","1","profits","2","157","1.27","43","27.39","0.43","0.41","0.43","0.41","0.4","0.42","157","43","635.36","635.68","A"
"Jan 27, 2026 3:00pm","Jan 27, 2026 3:10pm","QQQ","Jan 27, 2026","shortputspread","long put 629 / short put 631","1","profits","3","181","1.66","19","10.5","0.19","0.18","0.2","0.16","0.15","0.17","181","19","631.52","631.58","B"
"Jan 27, 2026 9:35am","Jan 27, 2026 9:42am","QQQ","Jan 27, 2026","shortputspread","long put 624 / short put 626","1","profits","2","171","1.17","29","16.96","0.29","0.28","0.3","0.27","0.27","0.29","171","29","628.41","628.52","A"
"Jan 26, 2026 3:00pm","Jan 26, 2026 3:01pm","QQQ","Jan 26, 2026","shortputspread","long put 624 / short put 626","1","profits","2","172","1.16","28","16.28","0.28","0.26","0.28","0.26","0.25","0.27","172","28","626.32","626.35","B"
"Jan 26, 2026 9:35am","Jan 26, 2026 9:36am","QQQ","Jan 26, 2026","shortputspread","long put 619 / short put 621","1","profits","2","171","1.17","29","16.96","0.29","0.29","0.31","0.27","0.26","0.28","171","29","623.71","624.08","A"
"Jan 23, 2026 3:00pm","Jan 23, 2026 3:45pm","QQQ","Jan 23, 2026","shortputspread","long put 620 / short put 622","1","profits","4","185","2.16","15","8.11","0.15","0.14","0.16","0.11","0.1","0.12","185","15","623.11","622.7","B"
"Jan 23, 2026 9:35am","Jan 23, 2026 9:37am","QQQ","Jan 23, 2026","shortputspread","long put 615 / short put 617","1","profits","7","158","4.43","42","26.58","0.42","0.41","0.43","0.35","0.34","0.36","158","42","619.35","619.81","A"
"Jan 22, 2026 3:00pm","Jan 22, 2026 3:03pm","QQQ","Jan 22, 2026","shortputspread","long put 617 / short put 619","1","profits","7","174","4.02","26","14.94","0.26","0.24","0.26","0.19","0.17","0.19","174","26","620.24","620.46","B"
"Jan 22, 2026 9:35am","Jan 22, 2026 9:38am","QQQ","Jan 22, 2026","shortputspread","long put 617 / short put 619","1","profits","5","154","3.25","46","29.87","0.46","0.45","0.47","0.41","0.41","0.43","154","46","620.86","621.11","A"
"Jan 21, 2026 3:00pm","Jan 21, 2026 4:00pm","QQQ","Jan 21, 2026","shortputspread","long put 617 / short put 619","1","expired","-161","161","-100","39","24.22","0.39","0.38","0.4","2","","","161","39","620.09","616.28","B"
"Jan 21, 2026 9:35am","Jan 21, 2026 9:37am","QQQ","Jan 21, 2026","shortputspread","long put 603 / short put 605","1","profits","1","160","0.63","40","25","0.4","0.39","0.41","0.39","0.38","0.41","160","40","608.71","608.61","A"
"Jan 20, 2026 3:00pm","Jan 20, 2026 3:57pm","QQQ","Jan 20, 2026","shortputspread","long put 606 / short put 608","1","profits","4","160","2.5","40","25","0.4","0.39","0.41","0.36","0.34","0.37","160","40","608.78","608.1","B"
"Jan 20, 2026 9:35am","Jan 20, 2026 9:51am","QQQ","Jan 20, 2026","shortputspread","long put 607 / short put 609","1","profits","2","157","1.27","43","27.39","0.43","0.42","0.45","0.41","0.41","0.43","157","43","613.05","612.81","A"
"Jan 16, 2026 3:00pm","Jan 16, 2026 3:02pm","QQQ","Jan 16, 2026","shortputspread","long put 619 / short put 621","1","profits","3","186","1.61","14","7.53","0.14","0.13","0.15","0.11","0.1","0.12","186","14","621.81","621.99","B"
"Jan 16, 2026 9:35am","Jan 16, 2026 9:36am","QQQ","Jan 16, 2026","shortputspread","long put 621 / short put 623","1","profits","1","168","0.6","32","19.05","0.32","0.3","0.32","0.31","0.31","0.33","168","32","625.46","625.33","A"
"Jan 15, 2026 3:00pm","Jan 15, 2026 3:04pm","QQQ","Jan 15, 2026","shortputspread","long put 620 / short put 622","1","profits","6","164","3.66","36","21.95","0.36","0.35","0.37","0.3","0.29","0.31","164","36","622.62","622.82","B"
"Jan 15, 2026 9:35am","Jan 15, 2026 9:43am","QQQ","Jan 15, 2026","shortputspread","long put 621 / short put 623","1","profits","1","169","0.59","31","18.34","0.31","0.31","0.33","0.3","0.29","0.31","169","31","625.76","625.77","A"
"Jan 14, 2026 9:35am","Jan 14, 2026 4:00pm","QQQ","Jan 14, 2026","shortputspread","long put 618 / short put 620","1","expired","-3","158","-1.9","42","26.58","0.42","0.4","0.43","0.45","","","158","42","623.19","619.55","A"
"Jan 14, 2026 3:00pm","Jan 14, 2026 3:04pm","QQQ","Jan 14, 2026","shortputspread","long put 613 / short put 615","1","profits","5","184","2.72","16","8.7","0.16","0.15","0.17","0.11","0.09","0.11","184","16","616.44","617.23","B"
"Jan 13, 2026 3:00pm","Jan 13, 2026 3:08pm","QQQ","Jan 13, 2026","shortputspread","long put 622 / short put 624","1","profits","2","187","1.07","13","6.95","0.13","0.12","0.14","0.11","0.11","0.13","187","13","625.24","625.17","B"
"Jan 13, 2026 9:35am","Jan 13, 2026 9:36am","QQQ","Jan 13, 2026","shortputspread","long put 624 / short put 626","1","profits","1","164","0.61","36","21.95","0.36","0.35","0.37","0.35","0.34","0.36","164","36","628.06","628.22","A"
"Jan 12, 2026 3:00pm","Jan 12, 2026 4:00pm","QQQ","Jan 12, 2026","shortputspread","long put 626 / short put 628","1","expired","-72","189","-38.1","11","5.82","0.11","0.11","0.13","0.83","","","189","11","628.71","627.17","B"
"Jan 12, 2026 9:35am","Jan 12, 2026 9:37am","QQQ","Jan 12, 2026","shortputspread","long put 621 / short put 623","1","profits","4","159","2.52","41","25.79","0.41","0.4","0.42","0.37","0.36","0.38","159","41","624.94","625.23","A"
"Jan 9, 2026 3:00pm","Jan 9, 2026 3:02pm","QQQ","Jan 9, 2026","shortputspread","long put 624 / short put 626","1","profits","3","193","1.55","7","3.63","0.07","0.07","0.09","0.04","0.04","0.06","193","7","627.14","627.38","B"
"Jan 9, 2026 9:35am","Jan 9, 2026 9:36am","QQQ","Jan 9, 2026","shortputspread","long put 615 / short put 617","1","profits","5","162","3.09","38","23.46","0.38","0.37","0.39","0.33","0.31","0.33","162","38","620.49","621.17","A"
"Jan 8, 2026 3:00pm","Jan 8, 2026 3:03pm","QQQ","Jan 8, 2026","shortputspread","long put 616 / short put 618","1","profits","1","185","0.54","15","8.11","0.15","0.14","0.16","0.14","0.13","0.15","185","15","619.28","619.3","B"
"Jan 8, 2026 9:35am","Jan 8, 2026 9:38am","QQQ","Jan 8, 2026","shortputspread","long put 617 / short put 619","1","profits","3","160","1.88","40","25","0.4","0.39","0.41","0.37","0.35","0.37","160","40","621.09","621.27","A"
"Jan 7, 2026 3:00pm","Jan 7, 2026 3:02pm","QQQ","Jan 7, 2026","shortputspread","long put 623 / short put 625","1","profits","1","183","0.55","17","9.29","0.17","0.16","0.18","0.16","0.14","0.16","183","17","625.73","625.82","B"
"Jan 7, 2026 9:35am","Jan 7, 2026 9:36am","QQQ","Jan 7, 2026","shortputspread","long put 620 / short put 622","1","profits","3","162","1.85","38","23.46","0.38","0.36","0.38","0.35","0.33","0.35","162","38","623.78","623.89","A"
"Jan 6, 2026 3:00pm","Jan 6, 2026 3:01pm","QQQ","Jan 6, 2026","shortputspread","long put 621 / short put 623","1","profits","5","178","2.81","22","12.36","0.22","0.2","0.22","0.17","0.15","0.17","178","22","623.29","623.45","B"
"Jan 6, 2026 9:35am","Jan 6, 2026 9:36am","QQQ","Jan 6, 2026","shortputspread","long put 616 / short put 618","1","profits","1","161","0.62","39","24.22","0.39","0.38","0.4","0.38","0.37","0.39","161","39","619.5","619.58","A"
"Jan 5, 2026 3:00pm","Jan 5, 2026 3:04pm","QQQ","Jan 5, 2026","shortputspread","long put 615 / short put 617","1","profits","1","179","0.56","21","11.73","0.21","0.2","0.22","0.2","0.19","0.21","179","21","617.71","617.7","B"
"Jan 5, 2026 9:35am","Jan 5, 2026 9:44am","QQQ","Jan 5, 2026","shortputspread","long put 614 / short put 616","1","profits","4","159","2.52","41","25.79","0.41","0.39","0.43","0.37","0.36","0.38","159","41","617.99","618.16","A"
"Jan 2, 2026 3:00pm","Jan 2, 2026 3:01pm","QQQ","Jan 2, 2026","shortputspread","long put 610 / short put 612","1","profits","3","185","1.62","15","8.11","0.15","0.15","0.17","0.12","0.12","0.14","185","15","613.37","613.51","B"
"Jan 2, 2026 9:35am","Jan 2, 2026 9:37am","QQQ","Jan 2, 2026","shortputspread","long put 616 / short put 618","1","profits","7","164","4.27","36","21.95","0.36","0.35","0.37","0.29","0.29","0.31","164","36","619.91","620.33","A"
"Dec 31, 2025 3:00pm","Dec 31, 2025 3:56pm","QQQ","Dec 31, 2025","shortputspread","long put 613 / short put 615","1","profits","2","183","1.09","17","9.29","0.17","0.17","0.19","0.15","0.14","0.17","183","17","616.3","615.31","B"
"Dec 31, 2025 9:35am","Dec 31, 2025 1:41pm","QQQ","Dec 31, 2025","shortputspread","long put 616 / short put 618","1","profits","2","157","1.27","43","27.39","0.43","0.42","0.44","0.41","0.4","0.42","157","43","619.33","618.23","A"
"Dec 30, 2025 3:00pm","Dec 30, 2025 3:05pm","QQQ","Dec 30, 2025","shortputspread","long put 618 / short put 620","1","profits","1","185","0.54","15","8.11","0.15","0.15","0.17","0.14","0.14","0.16","185","15","620.31","620.29","B"
"Dec 30, 2025 9:35am","Dec 30, 2025 9:49am","QQQ","Dec 30, 2025","shortputspread","long put 617 / short put 619","1","profits","10","159","6.29","41","25.79","0.41","0.39","0.41","0.31","0.31","0.33","159","41","620.53","620.43","A"
"Dec 29, 2025 3:00pm","Dec 29, 2025 3:15pm","QQQ","Dec 29, 2025","shortputspread","long put 619 / short put 621","1","profits","2","183","1.09","17","9.29","0.17","0.16","0.18","0.15","0.15","0.17","183","17","621.5","621.3","B"
"Dec 29, 2025 9:35am","Dec 29, 2025 9:36am","QQQ","Dec 29, 2025","shortputspread","long put 617 / short put 619","1","profits","6","159","3.77","41","25.79","0.41","0.4","0.42","0.35","0.34","0.36","159","41","620.45","620.75","A"
"Dec 26, 2025 3:00pm","Dec 26, 2025 3:03pm","QQQ","Dec 26, 2025","shortputspread","long put 622 / short put 624","1","profits","1","192","0.52","8","4.17","0.08","0.07","0.09","0.07","0.06","0.08","192","8","624.49","624.47","B"
"Dec 26, 2025 9:35am","Dec 26, 2025 9:36am","QQQ","Dec 26, 2025","shortputspread","long put 621 / short put 623","1","profits","8","172","4.65","28","16.28","0.28","0.26","0.28","0.2","0.2","0.22","172","28","624.71","625.18","A"
"Dec 23, 2025 3:00pm","Dec 23, 2025 3:52pm","QQQ","Dec 23, 2025","shortputspread","long put 619 / short put 621","1","profits","1","197","0.51","3","1.52","0.03","0.02","0.04","0.02","0.01","0.03","197","3","621.81","622.02","B"
"Dec 23, 2025 9:35am","Dec 23, 2025 9:36am","QQQ","Dec 23, 2025","shortputspread","long put 616 / short put 618","1","profits","3","164","1.83","36","21.95","0.36","0.35","0.37","0.33","0.33","0.34","164","36","619.66","619.69","A"
"Dec 22, 2025 3:00pm","Dec 22, 2025 3:01pm","QQQ","Dec 22, 2025","shortputspread","long put 617 / short put 619","1","profits","2","181","1.11","19","10.5","0.19","0.18","0.2","0.17","0.16","0.18","181","19","619.19","619.22","B"
"Dec 22, 2025 9:35am","Dec 22, 2025 9:37am","QQQ","Dec 22, 2025","shortputspread","long put 615 / short put 617","1","profits","2","167","1.2","33","19.76","0.33","0.31","0.34","0.31","0.31","0.33","167","33","619.59","619.54","A"
"Dec 19, 2025 3:00pm","Dec 19, 2025 3:01pm","QQQ","Dec 19, 2025","shortputspread","long put 614 / short put 616","1","profits","3","186","1.61","14","7.53","0.14","0.14","0.16","0.11","0.11","0.13","186","14","616.9","617.04","B"
"Dec 19, 2025 9:35am","Dec 19, 2025 9:36am","QQQ","Dec 19, 2025","shortputspread","long put 609 / short put 611","1","profits","2","159","1.26","41","25.79","0.41","0.39","0.42","0.39","0.38","0.41","159","41","614.16","614.17","A"
"Dec 18, 2025 3:00pm","Dec 18, 2025 3:01pm","QQQ","Dec 18, 2025","shortputspread","long put 605 / short put 607","1","profits","8","163","4.91","37","22.7","0.37","0.37","0.39","0.29","0.28","0.3","163","37","608.1","608.39","B"
"Dec 18, 2025 9:35am","Dec 18, 2025 9:58am","QQQ","Dec 18, 2025","shortputspread","long put 604 / short put 606","1","profits","2","164","1.22","36","21.95","0.36","0.35","0.38","0.34","0.32","0.34","164","36","609.53","609.61","A"
"Dec 17, 2025 9:35am","Dec 17, 2025 4:00pm","QQQ","Dec 17, 2025","shortputspread","long put 608 / short put 610","1","expired","-155","155","-100","45","29.03","0.45","0.45","0.47","2","","","155","45","612.53","600.41","A"
"Dec 17, 2025 3:00pm","Dec 17, 2025 3:17pm","QQQ","Dec 17, 2025","shortputspread","long put 600 / short put 602","1","profits","3","158","1.9","42","26.58","0.42","0.4","0.42","0.39","0.39","0.41","158","42","602.6","602.52","B"
"Dec 16, 2025 3:00pm","Dec 16, 2025 3:01pm","QQQ","Dec 16, 2025","shortputspread","long put 607 / short put 609","1","profits","4","182","2.2","18","9.89","0.18","0.17","0.19","0.14","0.13","0.15","182","18","610.46","610.89","B"
"Dec 16, 2025 9:35am","Dec 16, 2025 9:37am","QQQ","Dec 16, 2025","shortputspread","long put 604 / short put 606","1","profits","10","161","6.21","39","24.22","0.39","0.37","0.39","0.29","0.29","0.31","161","39","609.5","610.59","A"
"Dec 15, 2025 3:00pm","Dec 15, 2025 3:08pm","QQQ","Dec 15, 2025","shortputspread","long put 609 / short put 611","1","profits","3","183","1.64","17","9.29","0.17","0.16","0.18","0.14","0.13","0.15","183","17","612.11","612","B"
"Dec 15, 2025 9:35am","Dec 15, 2025 9:36am","QQQ","Dec 15, 2025","shortputspread","long put 611 / short put 613","1","profits","7","164","4.27","36","21.95","0.36","0.35","0.37","0.29","0.28","0.3","164","36","616.2","616.74","A"
"Dec 12, 2025 3:00pm","Dec 12, 2025 3:06pm","QQQ","Dec 12, 2025","shortputspread","long put 611 / short put 613","1","profits","4","181","2.21","19","10.5","0.19","0.18","0.2","0.15","0.15","0.17","181","19","614.41","614.46","B"
"Dec 12, 2025 9:35am","Dec 12, 2025 9:36am","QQQ","Dec 12, 2025","shortputspread","long put 618 / short put 620","1","profits","3","162","1.85","38","23.46","0.38","0.37","0.39","0.35","0.34","0.36","162","38","622.44","622.61","A"
"Dec 11, 2025 3:00pm","Dec 11, 2025 3:01pm","QQQ","Dec 11, 2025","shortputspread","long put 621 / short put 623","1","profits","5","174","2.87","26","14.94","0.26","0.26","0.28","0.21","0.2","0.22","174","26","624.98","625.33","B"
"Dec 11, 2025 9:35am","Dec 11, 2025 9:36am","QQQ","Dec 11, 2025","shortputspread","long put 617 / short put 619","1","profits","11","155","7.1","45","29.03","0.45","0.43","0.45","0.34","0.33","0.35","155","45","622.16","622.96","A"
"Dec 10, 2025 3:00pm","Dec 10, 2025 3:03pm","QQQ","Dec 10, 2025","shortputspread","long put 624 / short put 626","1","profits","1","167","0.6","33","19.76","0.33","0.32","0.34","0.32","0.31","0.33","167","33","628.14","627.98","B"
"Dec 10, 2025 9:35am","Dec 10, 2025 9:39am","QQQ","Dec 10, 2025","shortputspread","long put 618 / short put 620","1","profits","5","150","3.33","50","33.33","0.5","0.49","0.51","0.45","0.45","0.47","150","50","623.1","623.53","A"
"Dec 9, 2025 3:00pm","Dec 9, 2025 3:04pm","QQQ","Dec 9, 2025","shortputspread","long put 622 / short put 624","1","profits","1","192","0.52","8","4.17","0.08","0.08","0.1","0.07","0.06","0.08","192","8","625.1","625.11","B"
"Dec 9, 2025 9:35am","Dec 9, 2025 9:36am","QQQ","Dec 9, 2025","shortputspread","long put 618 / short put 620","1","profits","7","157","4.46","43","27.39","0.43","0.43","0.45","0.36","0.34","0.36","157","43","622.12","622.63","A"
"Dec 8, 2025 9:35am","Dec 8, 2025 4:00pm","QQQ","Dec 8, 2025","shortputspread","long put 624 / short put 626","1","expired","-136","164","-82.93","36","21.95","0.36","0.35","0.38","1.72","","","164","36","628.1","624.28","A"
"Dec 8, 2025 3:00pm","Dec 8, 2025 3:01pm","QQQ","Dec 8, 2025","shortputspread","long put 620 / short put 622","1","profits","7","166","4.22","34","20.48","0.34","0.33","0.35","0.27","0.26","0.28","166","34","622.34","622.45","B"
"Dec 5, 2025 3:00pm","Dec 5, 2025 3:17pm","QQQ","Dec 5, 2025","shortputspread","long put 623 / short put 625","1","profits","1","184","0.54","16","8.7","0.16","0.16","0.18","0.15","0.15","0.17","184","16","625.79","625.62","B"
"Dec 5, 2025 9:35am","Dec 5, 2025 9:39am","QQQ","Dec 5, 2025","shortputspread","long put 622 / short put 624","1","profits","1","162","0.62","38","23.46","0.38","0.37","0.4","0.37","0.36","0.38","162","38","626.27","626.43","A"
"Dec 4, 2025 3:00pm","Dec 4, 2025 3:40pm","QQQ","Dec 4, 2025","shortputspread","long put 619 / short put 621","1","profits","2","181","1.11","19","10.5","0.19","0.18","0.2","0.17","0.16","0.18","181","19","621.96","621.69","B"
"Dec 4, 2025 9:35am","Dec 4, 2025 9:36am","QQQ","Dec 4, 2025","shortputspread","long put 617 / short put 619","1","profits","14","155","9.03","45","29.03","0.45","0.43","0.45","0.31","0.31","0.33","155","45","621.44","622.46","A"
"Dec 3, 2025 3:00pm","Dec 3, 2025 3:01pm","QQQ","Dec 3, 2025","shortputspread","long put 621 / short put 623","1","profits","3","186","1.61","14","7.53","0.14","0.13","0.15","0.11","0.1","0.12","186","14","623.85","623.98","B"
"Dec 3, 2025 9:35am","Dec 3, 2025 9:36am","QQQ","Dec 3, 2025","shortputspread","long put 614 / short put 616","1","profits","5","154","3.25","46","29.87","0.46","0.45","0.48","0.41","0.4","0.42","154","46","619.07","619.49","A"
"Dec 2, 2025 3:00pm","Dec 2, 2025 3:10pm","QQQ","Dec 2, 2025","shortputspread","long put 620 / short put 622","1","profits","2","176","1.14","24","13.64","0.24","0.23","0.25","0.22","0.21","0.23","176","24","622.88","622.74","B"
"Dec 2, 2025 9:35am","Dec 2, 2025 9:36am","QQQ","Dec 2, 2025","shortputspread","long put 616 / short put 618","1","profits","2","161","1.24","39","24.22","0.39","0.38","0.4","0.37","0.35","0.38","161","39","620.29","620.68","A"
"Dec 1, 2025 3:00pm","Dec 1, 2025 3:01pm","QQQ","Dec 1, 2025","shortputspread","long put 613 / short put 615","1","profits","1","184","0.54","16","8.7","0.16","0.16","0.18","0.15","0.14","0.16","184","16","616.51","616.69","B"
"Dec 1, 2025 9:35am","Dec 1, 2025 9:38am","QQQ","Dec 1, 2025","shortputspread","long put 610 / short put 612","1","profits","5","156","3.21","44","28.21","0.44","0.43","0.45","0.39","0.38","0.4","156","44","614.69","615.08","A"
"Nov 26, 2025 3:00pm","Nov 26, 2025 3:01pm","QQQ","Nov 26, 2025","shortputspread","long put 612 / short put 614","1","profits","1","190","0.53","10","5.26","0.1","0.1","0.12","0.09","0.09","0.11","190","10","615.17","615.2","B"
"Nov 26, 2025 9:35am","Nov 26, 2025 9:36am","QQQ","Nov 26, 2025","shortputspread","long put 608 / short put 610","1","profits","3","168","1.79","32","19.05","0.32","0.31","0.33","0.29","0.28","0.3","168","32","612.94","613.23","A"
"Nov 25, 2025 3:00pm","Nov 25, 2025 3:01pm","QQQ","Nov 25, 2025","shortputspread","long put 604 / short put 606","1","profits","5","189","2.65","11","5.82","0.11","0.1","0.12","0.06","0.06","0.08","189","11","607.31","607.72","B"
"Nov 25, 2025 9:35am","Nov 25, 2025 9:36am","QQQ","Nov 25, 2025","shortputspread","long put 598 / short put 600","1","profits","5","162","3.09","38","23.46","0.38","0.36","0.39","0.33","0.33","0.35","162","38","603.41","603.76","A"
"Nov 24, 2025 3:00pm","Nov 24, 2025 3:01pm","QQQ","Nov 24, 2025","shortputspread","long put 602 / short put 604","1","profits","1","173","0.58","27","15.61","0.27","0.27","0.29","0.26","0.24","0.26","173","27","604.73","604.88","B"
"Nov 24, 2025 9:35am","Nov 24, 2025 9:36am","QQQ","Nov 24, 2025","shortputspread","long put 593 / short put 595","1","profits","3","162","1.85","38","23.46","0.38","0.36","0.4","0.35","0.34","0.36","162","38","599.13","599.66","A"
"Nov 21, 2025 3:00pm","Nov 21, 2025 3:01pm","QQQ","Nov 21, 2025","shortputspread","long put 590 / short put 592","1","profits","5","160","3.13","40","25","0.4","0.39","0.41","0.35","0.34","0.36","160","40","593.63","593.89","B"
"Nov 21, 2025 9:35am","Nov 21, 2025 9:37am","QQQ","Nov 21, 2025","shortputspread","long put 580 / short put 582","1","profits","3","155","1.94","45","29.03","0.45","0.43","0.48","0.42","0.4","0.43","155","45","588.11","588.7","A"
"Nov 20, 2025 3:00pm","Nov 20, 2025 4:00pm","QQQ","Nov 20, 2025","shortputspread","long put 587 / short put 589","1","expired","-155","155","-100","45","29.03","0.45","0.43","0.45","2","","","155","45","591.97","585.67","B"
"Nov 20, 2025 9:35am","Nov 20, 2025 9:38am","QQQ","Nov 20, 2025","shortputspread","long put 605 / short put 607","1","profits","4","158","2.53","42","26.58","0.42","0.42","0.44","0.38","0.36","0.39","158","42","611.14","611.61","A"
"Nov 19, 2025 3:00pm","Nov 19, 2025 3:01pm","QQQ","Nov 19, 2025","shortputspread","long put 593 / short put 595","1","profits","3","154","1.95","46","29.87","0.46","0.45","0.47","0.43","0.41","0.44","154","46","598.21","598.48","B"
"Nov 19, 2025 9:35am","Nov 19, 2025 9:36am","QQQ","Nov 19, 2025","shortputspread","long put 590 / short put 592","1","profits","6","155","3.87","45","29.03","0.45","0.43","0.47","0.39","0.37","0.41","155","45","597.56","598.54","A"
"Nov 18, 2025 3:00pm","Nov 18, 2025 3:01pm","QQQ","Nov 18, 2025","shortputspread","long put 597 / short put 599","1","profits","3","168","1.79","32","19.05","0.32","0.31","0.34","0.29","0.27","0.29","168","32","600.96","601.36","B"
"Nov 18, 2025 9:35am","Nov 18, 2025 9:37am","QQQ","Nov 18, 2025","shortputspread","long put 594 / short put 596","1","profits","5","150","3.33","50","33.33","0.5","0.48","0.51","0.45","0.44","0.47","150","50","600.19","600.7","A"
"Nov 17, 2025 3:00pm","Nov 17, 2025 3:06pm","QQQ","Nov 17, 2025","shortputspread","long put 597 / short put 599","1","profits","6","160","3.75","40","25","0.4","0.39","0.41","0.34","0.33","0.35","160","40","600.45","600.75","B"
"Nov 17, 2025 9:35am","Nov 17, 2025 9:36am","QQQ","Nov 17, 2025","shortputspread","long put 602 / short put 604","1","profits","1","160","0.63","40","25","0.4","0.39","0.41","0.39","0.37","0.39","160","40","608.61","608.93","A"
"Nov 14, 2025 3:00pm","Nov 14, 2025 3:01pm","QQQ","Nov 14, 2025","shortputspread","long put 608 / short put 610","1","profits","1","175","0.57","25","14.29","0.25","0.25","0.27","0.24","0.24","0.26","175","25","611.79","611.83","B"
"Nov 14, 2025 9:35am","Nov 14, 2025 9:36am","QQQ","Nov 14, 2025","shortputspread","long put 591 / short put 593","1","profits","12","148","8.11","52","35.14","0.52","0.51","0.53","0.4","0.38","0.41","148","52","597.61","599.34","A"
"Nov 13, 2025 3:00pm","Nov 13, 2025 3:01pm","QQQ","Nov 13, 2025","shortputspread","long put 604 / short put 606","1","profits","4","160","2.5","40","25","0.4","0.4","0.42","0.36","0.35","0.37","160","40","607.33","607.6","B"
"Nov 13, 2025 9:35am","Nov 13, 2025 10:09am","QQQ","Nov 13, 2025","shortputspread","long put 611 / short put 613","1","profits","2","160","1.25","40","25","0.4","0.39","0.42","0.38","0.37","0.39","160","40","616.51","616.34","A"
"Nov 12, 2025 3:00pm","Nov 12, 2025 3:19pm","QQQ","Nov 12, 2025","shortputspread","long put 617 / short put 619","1","profits","3","177","1.7","23","12.99","0.23","0.23","0.25","0.2","0.19","0.21","177","23","620.04","619.96","B"
"Nov 12, 2025 9:35am","Nov 12, 2025 9:36am","QQQ","Nov 12, 2025","shortputspread","long put 618 / short put 620","1","profits","3","162","1.85","38","23.46","0.38","0.38","0.4","0.35","0.33","0.36","162","38","622.43","622.75","A"
"Nov 11, 2025 3:00pm","Nov 11, 2025 3:01pm","QQQ","Nov 11, 2025","shortputspread","long put 619 / short put 621","1","profits","2","184","1.09","16","8.7","0.16","0.15","0.17","0.14","0.13","0.15","184","16","621.95","622.01","B"
"Nov 11, 2025 9:35am","Nov 11, 2025 9:37am","QQQ","Nov 11, 2025","shortputspread","long put 617 / short put 619","1","profits","5","157","3.18","43","27.39","0.43","0.43","0.45","0.38","0.36","0.38","157","43","620.87","621.2","A"
"Nov 10, 2025 3:00pm","Nov 10, 2025 3:01pm","QQQ","Nov 10, 2025","shortputspread","long put 620 / short put 622","1","profits","5","185","2.7","15","8.11","0.15","0.15","0.17","0.1","0.1","0.12","185","15","622.91","623.11","B"
"Nov 10, 2025 9:35am","Nov 10, 2025 9:36am","QQQ","Nov 10, 2025","shortputspread","long put 615 / short put 617","1","profits","7","161","4.35","39","24.22","0.39","0.38","0.4","0.32","0.3","0.33","161","39","619.67","620.39","A"
"Nov 7, 2025 3:00pm","Nov 7, 2025 3:03pm","QQQ","Nov 7, 2025","shortputspread","long put 605 / short put 607","1","profits","3","169","1.78","31","18.34","0.31","0.29","0.32","0.28","0.28","0.3","169","31","608.52","608.52","B"
"Nov 7, 2025 9:35am","Nov 7, 2025 10:23am","QQQ","Nov 7, 2025","shortputspread","long put 601 / short put 603","1","profits","2","155","1.29","45","29.03","0.45","0.44","0.47","0.43","0.43","0.45","155","45","607.13","606.31","A"
"Nov 6, 2025 3:00pm","Nov 6, 2025 3:01pm","QQQ","Nov 6, 2025","shortputspread","long put 612 / short put 614","1","profits","1","165","0.61","35","21.21","0.35","0.33","0.35","0.34","0.32","0.34","165","35","615.29","615.32","B"
"Nov 6, 2025 9:35am","Nov 6, 2025 9:39am","QQQ","Nov 6, 2025","shortputspread","long put 616 / short put 618","1","profits","2","161","1.24","39","24.22","0.39","0.39","0.41","0.37","0.35","0.38","161","39","621.13","621.49","A"
"Nov 5, 2025 3:00pm","Nov 5, 2025 3:01pm","QQQ","Nov 5, 2025","shortputspread","long put 623 / short put 625","1","profits","1","189","0.53","11","5.82","0.11","0.09","0.11","0.1","0.08","0.1","189","11","626.26","626.33","B"
"Nov 5, 2025 9:35am","Nov 5, 2025 9:36am","QQQ","Nov 5, 2025","shortputspread","long put 612 / short put 614","1","profits","3","159","1.89","41","25.79","0.41","0.39","0.41","0.38","0.36","0.4","159","41","617.53","617.82","A"
"Nov 4, 2025 3:00pm","Nov 4, 2025 3:01pm","QQQ","Nov 4, 2025","shortputspread","long put 617 / short put 619","1","profits","2","161","1.24","39","24.22","0.39","0.39","0.41","0.37","0.37","0.39","161","39","619.98","620.04","B"
"Nov 4, 2025 9:35am","Nov 4, 2025 9:37am","QQQ","Nov 4, 2025","shortputspread","long put 616 / short put 618","1","profits","7","158","4.43","42","26.58","0.42","0.41","0.44","0.35","0.33","0.36","158","42","621.7","622.65","A"
"Nov 3, 2025 9:35am","Nov 3, 2025 4:00pm","QQQ","Nov 3, 2025","shortputspread","long put 631 / short put 633","1","expired","-48","156","-30.77","44","28.21","0.44","0.42","0.44","0.92","","","156","44","635.08","632.08","A"
"Oct 31, 2025 3:00pm","Oct 31, 2025 3:06pm","QQQ","Oct 31, 2025","shortputspread","long put 627 / short put 629","1","profits","1","161","0.62","39","24.22","0.39","0.38","0.4","0.38","0.36","0.38","161","39","629.71","629.79","B"
"Oct 31, 2025 9:35am","Oct 31, 2025 9:37am","QQQ","Oct 31, 2025","shortputspread","long put 628 / short put 630","1","profits","1","164","0.61","36","21.95","0.36","0.35","0.37","0.35","0.34","0.36","164","36","633.23","633.3","A"
"Oct 30, 2025 3:00pm","Oct 30, 2025 4:00pm","QQQ","Oct 30, 2025","shortputspread","long put 625 / short put 627","1","expired","-47","152","-30.92","48","31.58","0.48","0.47","0.5","0.95","","","152","48","628.89","626.05","B"
"Oct 30, 2025 9:35am","Oct 30, 2025 9:49am","QQQ","Oct 30, 2025","shortputspread","long put 624 / short put 626","1","profits","4","157","2.55","43","27.39","0.43","0.42","0.45","0.39","0.37","0.4","157","43","630.18","630.56","A"
"Oct 29, 2025 3:00pm","Oct 29, 2025 3:01pm","QQQ","Oct 29, 2025","shortputspread","long put 628 / short put 630","1","profits","4","154","2.6","46","29.87","0.46","0.44","0.48","0.42","0.4","0.44","154","46","633.56","634.01","B"
"Oct 29, 2025 9:35am","Oct 29, 2025 9:53am","QQQ","Oct 29, 2025","shortputspread","long put 630 / short put 632","1","profits","4","157","2.55","43","27.39","0.43","0.42","0.45","0.39","0.39","0.41","157","43","635.87","636.3","A"
"Oct 28, 2025 3:00pm","Oct 28, 2025 3:06pm","QQQ","Oct 28, 2025","shortputspread","long put 631 / short put 633","1","profits","1","184","0.54","16","8.7","0.16","0.15","0.17","0.15","0.14","0.16","184","16","633.78","633.82","B"
"Oct 28, 2025 9:35am","Oct 28, 2025 9:43am","QQQ","Oct 28, 2025","shortputspread","long put 627 / short put 629","1","profits","1","166","0.6","34","20.48","0.34","0.33","0.36","0.33","0.32","0.34","166","34","630.79","631.03","A"
"Oct 27, 2025 3:00pm","Oct 27, 2025 3:10pm","QQQ","Oct 27, 2025","shortputspread","long put 625 / short put 627","1","profits","1","189","0.53","11","5.82","0.11","0.1","0.12","0.1","0.09","0.11","189","11","627.58","627.53","B"
"Oct 27, 2025 9:35am","Oct 27, 2025 9:39am","QQQ","Oct 27, 2025","shortputspread","long put 621 / short put 623","1","profits","3","168","1.79","32","19.05","0.32","0.32","0.34","0.29","0.27","0.3","168","32","624.68","625.05","A"
"Oct 24, 2025 3:00pm","Oct 24, 2025 3:01pm","QQQ","Oct 24, 2025","shortputspread","long put 615 / short put 617","1","profits","1","191","0.52","9","4.71","0.09","0.09","0.11","0.08","0.07","0.09","191","9","617.86","617.9","B"
"Oct 24, 2025 9:35am","Oct 24, 2025 9:36am","QQQ","Oct 24, 2025","shortputspread","long put 612 / short put 614","1","profits","1","168","0.6","32","19.05","0.32","0.32","0.34","0.31","0.29","0.31","168","32","616.57","616.87","A"
"Oct 23, 2025 3:00pm","Oct 23, 2025 3:01pm","QQQ","Oct 23, 2025","shortputspread","long put 608 / short put 610","1","profits","2","190","1.05","10","5.26","0.1","0.1","0.12","0.08","0.08","0.1","190","10","611.1","611.17","B"
"Oct 23, 2025 9:35am","Oct 23, 2025 9:36am","QQQ","Oct 23, 2025","shortputspread","long put 600 / short put 602","1","profits","5","165","3.03","35","21.21","0.35","0.33","0.36","0.3","0.3","0.32","165","35","605.31","605.61","A"
"Oct 22, 2025 3:00pm","Oct 22, 2025 3:01pm","QQQ","Oct 22, 2025","shortputspread","long put 599 / short put 601","1","profits","20","135","14.81","65","48.15","0.65","0.65","0.32","0.45","0.69","0.45","135","65","603.46","603.57","B"
"Oct 22, 2025 9:35am","Oct 22, 2025 9:36am","QQQ","Oct 22, 2025","shortputspread","long put 604 / short put 606","1","profits","2","165","1.21","35","21.21","0.35","0.34","0.37","0.33","0.32","0.34","165","35","608.91","609","A"
"Oct 21, 2025 3:00pm","Oct 21, 2025 3:06pm","QQQ","Oct 21, 2025","shortputspread","long put 609 / short put 611","1","profits","1","180","0.56","20","11.11","0.2","0.18","0.2","0.19","0.19","0.21","180","20","611.83","611.75","B"
"Oct 21, 2025 9:35am","Oct 21, 2025 9:36am","QQQ","Oct 21, 2025","shortputspread","long put 607 / short put 609","1","profits","2","166","1.2","34","20.48","0.34","0.33","0.35","0.32","0.32","0.34","166","34","611.13","611.29","A"
"Oct 20, 2025 3:00pm","Oct 20, 2025 3:01pm","QQQ","Oct 20, 2025","shortputspread","long put 609 / short put 611","1","profits","2","192","1.04","8","4.17","0.08","0.07","0.09","0.06","0.06","0.08","192","8","612.18","612.24","B"
"Oct 20, 2025 9:35am","Oct 20, 2025 9:36am","QQQ","Oct 20, 2025","shortputspread","long put 604 / short put 606","1","profits","5","168","2.98","32","19.05","0.32","0.3","0.32","0.27","0.25","0.27","168","32","608.77","609.3","A"
"Oct 17, 2025 3:00pm","Oct 17, 2025 3:01pm","QQQ","Oct 17, 2025","shortputspread","long put 601 / short put 603","1","profits","2","172","1.16","28","16.28","0.28","0.26","0.29","0.26","0.25","0.27","172","28","604.15","604.22","B"
"Oct 17, 2025 9:35am","Oct 17, 2025 9:38am","QQQ","Oct 17, 2025","shortputspread","long put 592 / short put 594","1","profits","4","158","2.53","42","26.58","0.42","0.39","0.44","0.38","0.36","0.39","158","42","598.99","599.57","A"
"Oct 16, 2025 3:00pm","Oct 16, 2025 3:02pm","QQQ","Oct 16, 2025","shortputspread","long put 595 / short put 597","1","profits","3","165","1.82","35","21.21","0.35","0.33","0.37","0.32","0.3","0.34","165","35","599.23","599.27","B"
"Oct 16, 2025 9:35am","Oct 16, 2025 9:45am","QQQ","Oct 16, 2025","shortputspread","long put 601 / short put 603","1","profits","2","162","1.23","38","23.46","0.38","0.37","0.4","0.36","0.36","0.38","162","38","606.18","606.23","A"
"Oct 15, 2025 3:00pm","Oct 15, 2025 3:22pm","QQQ","Oct 15, 2025","shortputspread","long put 600 / short put 602","1","profits","2","165","1.21","35","21.21","0.35","0.35","0.37","0.33","0.31","0.34","165","35","602.85","602.74","B"
"Oct 15, 2025 9:35am","Oct 15, 2025 9:36am","QQQ","Oct 15, 2025","shortputspread","long put 598 / short put 600","1","profits","3","163","1.84","37","22.7","0.37","0.36","0.38","0.34","0.33","0.36","163","37","603.05","603.32","A"
"Oct 14, 2025 3:00pm","Oct 14, 2025 3:01pm","QQQ","Oct 14, 2025","shortputspread","long put 598 / short put 600","1","profits","8","182","4.4","18","9.89","0.18","0.16","0.18","0.1","0.1","0.12","182","18","601.49","601.93","B"
"Oct 14, 2025 9:35am","Oct 14, 2025 9:56am","QQQ","Oct 14, 2025","shortputspread","long put 587 / short put 589","1","profits","3","161","1.86","39","24.22","0.39","0.38","0.41","0.36","0.34","0.37","161","39","593.42","593.54","A"
"Oct 13, 2025 3:00pm","Oct 13, 2025 3:06pm","QQQ","Oct 13, 2025","shortputspread","long put 598 / short put 600","1","profits","1","177","0.57","23","12.99","0.23","0.21","0.23","0.22","0.2","0.22","177","23","601.48","601.36","B"
"Oct 13, 2025 9:35am","Oct 13, 2025 9:43am","QQQ","Oct 13, 2025","shortputspread","long put 593 / short put 595","1","profits","5","159","3.14","41","25.79","0.41","0.4","0.43","0.36","0.34","0.38","159","41","598.08","598.57","A"
"Oct 10, 2025 3:00pm","Oct 10, 2025 3:01pm","QQQ","Oct 10, 2025","shortputspread","long put 590 / short put 592","1","profits","10","168","5.95","32","19.05","0.32","0.31","0.34","0.22","0.2","0.23","168","32","594","594.84","B"
"Oct 10, 2025 9:35am","Oct 10, 2025 9:37am","QQQ","Oct 10, 2025","shortputspread","long put 608 / short put 610","1","profits","2","167","1.2","33","19.76","0.33","0.33","0.35","0.31","0.3","0.32","167","33","611.78","612.23","A"
"Oct 9, 2025 3:00pm","Oct 9, 2025 3:01pm","QQQ","Oct 9, 2025","shortputspread","long put 607 / short put 609","1","profits","3","168","1.79","32","19.05","0.32","0.31","0.33","0.29","0.28","0.31","168","32","609.26","609.3","B"
"Oct 9, 2025 9:35am","Oct 9, 2025 9:36am","QQQ","Oct 9, 2025","shortputspread","long put 607 / short put 609","1","profits","1","171","0.58","29","16.96","0.29","0.29","0.31","0.28","0.28","0.3","171","29","610.96","611.01","A"
"Oct 8, 2025 3:00pm","Oct 8, 2025 3:04pm","QQQ","Oct 8, 2025","shortputspread","long put 607 / short put 609","1","profits","4","189","2.12","11","5.82","0.11","0.11","0.13","0.07","0.07","0.09","189","11","609.96","610.18","B"
"Oct 8, 2025 9:35am","Oct 8, 2025 9:40am","QQQ","Oct 8, 2025","shortputspread","long put 602 / short put 604","1","profits","6","171","3.51","29","16.96","0.29","0.27","0.31","0.23","0.22","0.24","171","29","606.42","607","A"
"Oct 7, 2025 3:00pm","Oct 7, 2025 3:02pm","QQQ","Oct 7, 2025","shortputspread","long put 602 / short put 604","1","profits","3","180","1.67","20","11.11","0.2","0.19","0.21","0.17","0.17","0.19","180","20","604.7","604.77","B"
"Oct 7, 2025 9:35am","Oct 7, 2025 9:36am","QQQ","Oct 7, 2025","shortputspread","long put 605 / short put 607","1","profits","1","174","0.57","26","14.94","0.26","0.25","0.27","0.25","0.24","0.26","174","26","609.1","609.26","A"
"Oct 6, 2025 3:00pm","Oct 6, 2025 3:13pm","QQQ","Oct 6, 2025","shortputspread","long put 606 / short put 608","1","profits","1","193","0.52","7","3.63","0.07","0.06","0.08","0.06","0.05","0.07","193","7","609.02","608.96","B"
"Oct 6, 2025 9:35am","Oct 6, 2025 9:37am","QQQ","Oct 6, 2025","shortputspread","long put 603 / short put 605","1","profits","5","172","2.91","28","16.28","0.28","0.27","0.29","0.23","0.23","0.25","172","28","607.19","607.52","A"
"Oct 3, 2025 3:00pm","Oct 3, 2025 3:01pm","QQQ","Oct 3, 2025","shortputspread","long put 601 / short put 603","1","profits","4","168","2.38","32","19.05","0.32","0.31","0.33","0.28","0.28","0.3","168","32","603.47","603.54","B"
"Oct 3, 2025 9:35am","Oct 3, 2025 9:37am","QQQ","Oct 3, 2025","shortputspread","long put 603 / short put 605","1","profits","1","166","0.6","34","20.48","0.34","0.32","0.34","0.33","0.32","0.35","166","34","606.82","606.77","A"
"Oct 2, 2025 3:00pm","Oct 2, 2025 3:01pm","QQQ","Oct 2, 2025","shortputspread","long put 603 / short put 605","1","profits","1","189","0.53","11","5.82","0.11","0.1","0.12","0.1","0.09","0.11","189","11","605.82","605.83","B"
"Oct 2, 2025 9:35am","Oct 2, 2025 9:36am","QQQ","Oct 2, 2025","shortputspread","long put 602 / short put 604","1","profits","1","170","0.59","30","17.65","0.3","0.29","0.31","0.29","0.27","0.29","170","30","605.92","606.13","A"
"Oct 1, 2025 3:00pm","Oct 1, 2025 3:01pm","QQQ","Oct 1, 2025","shortputspread","long put 601 / short put 603","1","profits","2","181","1.11","19","10.5","0.19","0.18","0.2","0.17","0.17","0.19","181","19","603.51","603.58","B"
"Oct 1, 2025 9:35am","Oct 1, 2025 9:36am","QQQ","Oct 1, 2025","shortputspread","long put 594 / short put 596","1","profits","6","163","3.68","37","22.7","0.37","0.35","0.37","0.31","0.31","0.33","163","37","598.43","598.75","A"
"Sep 30, 2025 3:00pm","Sep 30, 2025 3:01pm","QQQ","Sep 30, 2025","shortputspread","long put 596 / short put 598","1","profits","1","173","0.58","27","15.61","0.27","0.26","0.28","0.26","0.24","0.26","173","27","598.86","598.94","B"
"Sep 30, 2025 9:35am","Sep 30, 2025 9:36am","QQQ","Sep 30, 2025","shortputspread","long put 593 / short put 595","1","profits","2","162","1.23","38","23.46","0.38","0.37","0.4","0.36","0.35","0.37","162","38","597.05","597.14","A"
"Sep 29, 2025 3:00pm","Sep 29, 2025 3:47pm","QQQ","Sep 29, 2025","shortputspread","long put 596 / short put 598","1","profits","1","192","0.52","8","4.17","0.08","0.08","0.1","0.07","0.06","0.08","192","8","598.92","598.61","B"
"Sep 29, 2025 9:35am","Sep 29, 2025 9:36am","QQQ","Sep 29, 2025","shortputspread","long put 596 / short put 598","1","profits","2","164","1.22","36","21.95","0.36","0.35","0.37","0.34","0.33","0.36","164","36","599.62","599.7","A"
"Sep 26, 2025 3:00pm","Sep 26, 2025 3:06pm","QQQ","Sep 26, 2025","shortputspread","long put 593 / short put 595","1","profits","1","191","0.52","9","4.71","0.09","0.09","0.11","0.08","0.07","0.09","191","9","596.04","596.09","B"
"Sep 26, 2025 9:35am","Sep 26, 2025 9:43am","QQQ","Sep 26, 2025","shortputspread","long put 591 / short put 593","1","profits","2","160","1.25","40","25","0.4","0.39","0.41","0.38","0.37","0.39","160","40","595.27","595.35","A"
"Sep 25, 2025 3:00pm","Sep 25, 2025 3:01pm","QQQ","Sep 25, 2025","shortputspread","long put 590 / short put 592","1","profits","4","175","2.29","25","14.29","0.25","0.23","0.25","0.21","0.2","0.22","175","25","593.45","593.55","B"
"Sep 25, 2025 9:35am","Sep 25, 2025 10:04am","QQQ","Sep 25, 2025","shortputspread","long put 586 / short put 588","1","profits","1","163","0.61","37","22.7","0.37","0.36","0.39","0.36","0.35","0.37","163","37","590.82","590.51","A"
"Sep 24, 2025 3:00pm","Sep 24, 2025 3:49pm","QQQ","Sep 24, 2025","shortputspread","long put 593 / short put 595","1","profits","1","185","0.54","15","8.11","0.15","0.14","0.16","0.14","0.14","0.16","185","15","596.05","595.66","B"
"Sep 24, 2025 9:35am","Sep 24, 2025 9:36am","QQQ","Sep 24, 2025","shortputspread","long put 595 / short put 597","1","profits","5","159","3.14","41","25.79","0.41","0.39","0.41","0.36","0.34","0.37","159","41","598.5","598.72","A"
"Sep 23, 2025 9:35am","Sep 23, 2025 4:00pm","QQQ","Sep 23, 2025","shortputspread","long put 599 / short put 601","1","expired","-162","162","-100","38","23.46","0.38","0.36","0.4","2","","","162","38","602.14","598.2","A"
"Sep 23, 2025 3:00pm","Sep 23, 2025 3:01pm","QQQ","Sep 23, 2025","shortputspread","long put 594 / short put 596","1","profits","7","180","3.89","20","11.11","0.2","0.19","0.21","0.13","0.12","0.14","180","20","597.27","597.6","B"
"Sep 22, 2025 3:00pm","Sep 22, 2025 3:01pm","QQQ","Sep 22, 2025","shortputspread","long put 600 / short put 602","1","profits","1","186","0.54","14","7.53","0.14","0.14","0.16","0.13","0.13","0.15","186","14","602.52","602.56","B"
"Sep 22, 2025 9:35am","Sep 22, 2025 9:38am","QQQ","Sep 22, 2025","shortputspread","long put 595 / short put 597","1","profits","1","167","0.6","33","19.76","0.33","0.32","0.34","0.32","0.3","0.33","167","33","598.61","598.76","A"
"Sep 19, 2025 3:00pm","Sep 19, 2025 3:02pm","QQQ","Sep 19, 2025","shortputspread","long put 596 / short put 598","1","profits","2","185","1.08","15","8.11","0.15","0.14","0.16","0.13","0.12","0.14","185","15","598.55","598.72","B"
"Sep 19, 2025 9:35am","Sep 19, 2025 9:37am","QQQ","Sep 19, 2025","shortputspread","long put 593 / short put 595","1","profits","1","163","0.61","37","22.7","0.37","0.37","0.39","0.36","0.34","0.36","163","37","596.91","596.9","A"
"Sep 18, 2025 3:00pm","Sep 18, 2025 3:09pm","QQQ","Sep 18, 2025","shortputspread","long put 594 / short put 596","1","profits","1","183","0.55","17","9.29","0.17","0.16","0.18","0.16","0.15","0.17","183","17","596.72","596.66","B"
"Sep 18, 2025 9:35am","Sep 18, 2025 9:36am","QQQ","Sep 18, 2025","shortputspread","long put 591 / short put 593","1","profits","1","166","0.6","34","20.48","0.34","0.32","0.36","0.33","0.33","0.35","166","34","595.37","595.36","A"
"Sep 17, 2025 3:00pm","Sep 17, 2025 3:01pm","QQQ","Sep 17, 2025","shortputspread","long put 584 / short put 586","1","profits","5","157","3.18","43","27.39","0.43","0.41","0.45","0.38","0.36","0.4","157","43","587.99","588.36","B"
"Sep 17, 2025 9:35am","Sep 17, 2025 9:51am","QQQ","Sep 17, 2025","shortputspread","long put 585 / short put 587","1","profits","2","164","1.22","36","21.95","0.36","0.35","0.37","0.34","0.34","0.36","164","36","590.61","590.64","A"
"Sep 16, 2025 3:00pm","Sep 16, 2025 3:02pm","QQQ","Sep 16, 2025","shortputspread","long put 589 / short put 591","1","profits","3","188","1.6","12","6.38","0.12","0.12","0.14","0.09","0.09","0.11","188","12","591.7","591.8","B"
"Sep 16, 2025 9:35am","Sep 16, 2025 9:36am","QQQ","Sep 16, 2025","shortputspread","long put 589 / short put 591","1","profits","5","163","3.07","37","22.7","0.37","0.35","0.37","0.32","0.32","0.34","163","37","592.12","592.22","A"